Price,Close,High,Low,Open,Volume
Ticker,AIZ,AIZ,AIZ,AIZ,AIZ
Date,,,,,
2018-01-02,84.82505798339844,86.7484317010847,84.28650916845817,86.71423760792528,449900
2018-01-03,85.06440734863281,86.02181583855013,84.53440870467416,84.84214901124935,374800
2018-01-04,85.5260009765625,86.24405720268352,85.19261679702703,85.4747065876575,419300
2018-01-05,86.60307312011719,86.70565536162644,85.18405464943602,86.11581888619267,333600
2018-01-08,85.22679901123047,86.45775991801088,85.18406129865613,86.36372781975102,333200
2018-01-09,84.72245025634766,86.73130534261654,84.61986800768142,85.48325066552245,516500
2018-01-10,82.48280334472656,84.91053154369031,82.44860925495459,84.61134141050528,460300
2018-01-11,81.88440704345703,82.70504547171664,81.28602037240944,82.54262520756946,461000
2018-01-12,81.54247283935547,82.61956363114189,80.87570452315346,82.33746733679351,430900
2018-01-16,80.26021575927734,81.7989167310591,80.14908989203626,81.73052857190127,465200
2018-01-17,81.04667663574219,81.3971611318726,80.46539020746516,80.78168061700808,301300
2018-01-18,80.58504486083984,81.32020122270896,80.39698721730534,81.20052521234453,247300
2018-01-19,80.42264556884766,80.71328549704394,79.94393491967938,80.71328549704394,317300
2018-01-22,80.37989807128906,81.0381227414833,79.44813378675079,80.53376818051655,520900
2018-01-23,81.0124740600586,81.4911847002654,80.37989982911381,80.37989982911381,402400
2018-01-24,81.70491027832031,81.90151814526922,81.14926772406947,81.39716998740772,433400
2018-01-25,81.2347412109375,82.06392987925598,81.1236153204272,81.88441581526773,265400
2018-01-26,81.6279525756836,82.07246912235009,81.02102229091392,81.4484385355563,201900
2018-01-29,80.65345764160156,82.28619110157608,80.61071992305293,81.68780434519647,253600
2018-01-30,78.73863220214844,80.54232953038523,78.73863220214844,80.26023320393563,369300
2018-01-31,78.20008850097656,79.2771728727476,78.0547620035126,78.77282477321506,409000
2018-02-01,79.55073547363281,79.86702594633923,77.97784630763184,78.13171646707598,319400
2018-02-02,78.60186004638672,79.8157273735275,78.11460569373811,79.67895101818831,547800
2018-02-05,75.37913513183594,78.63604508678347,75.35349119862451,77.7299246634207,472900
2018-02-06,75.64411163330078,76.09717172816445,73.43864916166528,74.1225111177763,540800
2018-02-07,75.64411163330078,76.6955582768464,74.54992728604063,75.25943969060415,455900
2018-02-08,72.79755401611328,75.66124218410985,72.78900386321048,75.60994778854881,504000
2018-02-09,75.23381042480469,75.60993229131195,72.64366898387897,73.94301151898978,648000
2018-02-12,74.81494903564453,75.97752193617673,73.57544432877165,75.49881774955361,526400
2018-02-13,75.49881744384766,75.7039754484475,73.8660905157376,74.45592059419408,576000
2018-02-14,76.62718200683594,76.70412032041756,74.96880492982193,75.14832548756098,318400
2018-02-15,76.99475860595703,77.46491906278077,76.45621650965768,77.20846671872162,423600
2018-02-16,76.86653900146484,77.65298335838804,76.48186697436348,76.66138102180109,447700
2018-02-20,75.7210693359375,76.79815366019606,75.37058485767135,76.6870277758422,302200
2018-02-21,75.44752502441406,76.72977388910296,75.42188109061708,75.66977679855788,274400
2018-02-22,75.08848571777344,76.56734885272981,74.89187788964884,75.78090449652224,319600
2018-02-23,76.18968963623047,76.22410311210231,75.14010159508702,75.55305674184977,272700
2018-02-26,76.08647155761719,76.62846914672083,75.18313567874368,76.24992739729564,419500
2018-02-27,75.14872741699219,76.77472686097674,75.14872741699219,75.99184140009957,311200
2018-02-28,73.53129577636719,75.6734832899788,73.52269076844566,75.48421249789223,580900
2018-03-01,73.7206039428711,74.34003355329891,73.04095237385731,73.74641241602205,773600
2018-03-02,74.36582946777344,74.49487181173593,72.55915788789714,73.46249367783528,823800
2018-03-05,76.27572631835938,76.31873824026145,73.62594775957533,74.21956216593911,1081900
2018-03-06,77.22210693359375,77.62645724175185,75.76816813967262,76.60267723290067,461300
2018-03-07,76.6370620727539,78.36629501639962,76.361760815778,76.60264859516946,1272600
2018-03-08,76.01764678955078,76.80913723059685,74.83041112798168,76.51663246209323,1494300
2018-03-09,78.12541198730469,78.33189286536616,75.96602028810436,76.46499933416932,897300
2018-03-12,76.56822967529297,78.11680323802578,76.04343566590569,78.0049578029011,664800
2018-03-13,76.65425109863281,77.31669893094545,76.46498028940063,76.92955230378004,461300
2018-03-14,75.73372650146484,77.23928168964387,75.67350455648568,76.80051805411006,697700
2018-03-15,76.46501159667969,76.6973009808255,75.24336240888685,76.02625442876187,793700
2018-03-16,77.36833953857422,77.60062233501756,76.19830741762145,76.46500369570464,1387900
2018-03-19,77.54037475585938,78.03075522067981,77.32529548946974,77.35111051494307,821000
2018-03-20,78.22865295410156,78.8394774541624,77.6522419339498,77.8845247187109,668900
2018-03-21,78.2974624633789,79.0029222350354,77.48876227500489,78.3576843988728,596000
2018-03-22,76.98119354248047,78.87388894381982,76.94678006343976,77.42855564260978,567200
2018-03-23,75.2691650390625,77.73827825965503,75.07129571917324,77.34253305617585,562300
2018-03-26,78.1512451171875,78.3749295238222,76.02626622711546,76.02626622711546,662700
2018-03-27,77.16189575195312,78.26310134546681,76.75754538727477,78.15125584494544,520200
2018-03-28,78.22865295410156,78.93411288298734,77.11023783000697,77.50598300341117,536900
2018-03-29,78.64160919189453,79.0287493595289,78.2630674715763,78.47814680108434,440900
2018-04-02,75.86277770996094,78.78785776301851,74.91643001848054,78.13401479499389,660800
2018-04-03,77.40276336669922,77.92755754538062,76.03485518439317,76.03485518439317,526800
2018-04-04,78.4437026977539,78.58135000177997,76.3101136939196,76.37894062778149,422000
2018-04-05,78.97712707519531,79.40728570509573,77.80709507677021,78.7104242613412,408700
2018-04-06,77.0328140258789,78.95131798390413,76.56824188298977,78.31468500158951,509700
2018-04-09,77.18768310546875,78.37491883032364,77.02422068864985,77.33393549751656,417900
2018-04-10,78.05659484863281,78.54697546801519,77.48878225582143,77.87592243186528,420900
2018-04-11,77.93614196777344,78.39211565561347,76.99839925038395,77.51458832368002,644200
2018-04-12,78.97712707519531,79.09757096647145,78.34048757707885,78.529758424427,681000
2018-04-13,78.72763061523438,79.57073781489706,78.14261464327069,79.4588989392641,478200
2018-04-16,79.57936096191406,79.83745881213581,78.46094569588786,79.32126311169233,709200
2018-04-17,79.91486358642578,81.05048201940164,79.36426110763138,80.00089399304379,643400
2018-04-18,79.760009765625,80.3020072586802,79.32985114976226,80.03531101722918,460600
2018-04-19,79.66537475585938,80.31061268298086,79.15779073709962,79.8030286642211,594800
2018-04-20,80.36223602294922,80.5687103213875,79.80302850780011,79.86325045166542,645400
2018-04-23,80.31062316894531,80.74078184319109,79.85465602443688,80.49989403580553,355100
2018-04-24,80.3192138671875,81.29997494459782,79.58794556402357,80.37083079851459,440600
2018-04-25,80.34502410888672,80.75797925972968,79.74280468442767,80.48267801373419,351600
2018-04-26,80.36223602294922,80.74937615298343,79.94067585219243,80.28480405872261,286000
2018-04-27,80.86122131347656,81.05049216995955,80.15576138894002,80.22458834833385,278600
2018-04-30,79.85465240478516,81.26557226726106,79.78582544473751,81.15373337995877,418900
2018-05-01,79.01155090332031,79.47612311070645,78.46094826427776,79.45031463757964,574500
2018-05-02,77.11882019042969,78.74481889728769,76.89513591856878,78.72761544423602,522700
2018-05-03,76.24134826660156,76.66290205382467,73.47972955130322,76.66290205382467,1019500
2018-05-04,75.64768981933594,76.37895810881683,73.02371979765242,75.47562900899896,1110700
2018-05-07,75.09708404541016,76.13806699865181,74.18514997609243,76.13806699865181,625000
2018-05-08,74.4260482788086,75.3637909451401,73.961476169027,75.24334705338559,644900
2018-05-09,74.32283020019531,74.69276699720194,73.24743329769949,74.60673655774265,618400
2018-05-10,75.32937622070312,75.40680818623558,73.81522258835412,74.41744203716341,540600
2018-05-11,75.33797454833984,76.0520393769454,74.87340248745306,75.4326099624297,373300
2018-05-14,75.07989501953125,75.68212112499462,74.83900720282618,75.44123330828957,362100
2018-05-15,77.1790542602539,77.27368967616769,74.87340393050756,75.07987821809252,838700
2018-05-16,80.81820678710938,81.20534693477212,77.49738158572256,77.50598003259513,1869400
2018-05-17,81.11930847167969,82.134483016412,80.51708250165586,81.02467305587165,1195000
2018-05-18,82.52161407470703,83.50237503669406,80.84399836701829,81.38599577326421,878800
2018-05-21,84.26807403564453,84.52617184232241,82.5990629938805,82.92598119379926,1058600
2018-05-22,82.66788482666016,85.58436646358687,82.5302374740816,84.31109399281031,888700
2018-05-23,82.03125,83.16686852856702,81.66131331307363,82.50442712177787,614900
2018-05-24,83.57123565673828,84.07882635982874,81.7301568589074,81.79037881720276,861000
2018-05-25,83.50200653076172,84.54037081064787,83.06069874101851,83.14722799738252,586700
2018-05-29,82.48094940185547,84.22886423024511,81.8579281634562,82.81841813902852,659500
2018-05-30,82.54149627685547,83.1818205383927,81.88386220725218,82.90492302515302,787300
2018-05-31,80.77627563476562,82.82705226296379,80.4820749025409,82.43766078578913,846100
2018-06-01,81.39066314697266,82.1175234671724,80.94936193295942,81.78870303113177,778500
2018-06-04,81.52047729492188,81.67623263866201,80.63786808156826,81.54643541858509,599600
2018-06-05,81.58100891113281,81.85790643227223,80.81954237843883,81.43390854716198,601400
2018-06-06,82.63668060302734,82.93088132324165,81.40794829785439,81.96174332558748,617400
2018-06-07,84.36730194091797,84.54036043240116,82.21269269368838,82.63669061905298,1068300
2018-06-08,85.05091094970703,85.11148209382695,83.99523677925168,84.30674740665685,589200
2018-06-11,82.30789184570312,85.36242032922203,82.29058203234501,85.15474878124101,762100
2018-06-12,83.02606964111328,83.50199036159754,82.23864497838949,82.31651931350991,658600
2018-06-13,84.09907531738281,84.79131601692856,83.2251145848808,83.49335727830082,1086000
2018-06-14,82.86168670654297,84.76535685915279,82.75784763209246,84.30674583340875,608700
2018-06-15,82.62804412841797,82.99147756035633,81.07914604540504,82.27327220422158,1065700
2018-06-18,82.40306091308594,82.80974902784114,81.84061091368983,82.04828242361393,488900
2018-06-19,86.18445587158203,86.39212741391336,81.92715294411354,81.92715294411354,1999600
2018-06-20,87.6468276977539,88.37368142100782,85.94217416833663,86.39213029200437,1665100
2018-06-21,88.43425750732422,89.62838383621062,87.49973218258864,87.70740374344544,1131200
2018-06-22,88.58134460449219,90.27734294060593,88.37366648857413,88.82362913797152,1391300
2018-06-25,88.77171325683594,89.99179752676423,87.77661693097598,88.69383890858975,1087900
2018-06-26,87.69007873535156,88.9793890149377,86.5219173305142,88.90150806701054,1022400
2018-06-27,88.55536651611328,89.6716114640169,87.43912816996706,87.44777647217222,1462100
2018-06-28,90.79651641845703,91.71373823731216,88.14868340824792,88.39096791875623,1588400
2018-06-29,89.55048370361328,91.27244677409544,89.49856747495339,90.85709713954095,877800
2018-07-02,89.8273696899414,90.19945135151751,88.76304752894399,89.32549747343218,1185500
2018-07-03,91.29840850830078,91.56665116935699,89.51587423312053,90.32060881804787,624600
2018-07-05,90.89169311523438,91.66181450414912,88.60728705795242,91.63585639468684,1173400
2018-07-06,90.61479949951172,91.72238956247551,90.19080162266786,90.55422837424831,915000
2018-07-09,92.04255676269531,92.11177619164026,90.40712974745284,91.20320929525981,1001900
2018-07-10,92.82998657226562,93.69529219892992,92.06851999743391,93.4530076797452,1244300
2018-07-11,93.57415008544922,93.95488667433858,91.81758071685915,92.95978388176921,1164400
2018-07-12,92.99442291259766,94.32699474471511,92.70021548385907,94.1712394240323,714500
2018-07-13,93.47032165527344,93.88567130869406,92.15505985599924,92.84730707778067,757400
2018-07-16,93.43570709228516,94.16256067022313,92.85594728882526,94.00680538898524,794700
2018-07-17,93.1501693725586,93.77319059602621,92.61367740751497,93.52225112536513,767400
2018-07-18,94.18850708007812,94.29234612192026,93.06361383469655,93.40973077065557,789400
2018-07-19,92.70884704589844,93.78182420610325,92.32811044637877,93.74721118780526,604500
2018-07-20,92.99442291259766,93.40111772781167,91.72242222731464,92.25025933619753,964600
2018-07-23,92.97708892822266,93.25398647059306,91.75701140150744,92.47521667138503,943400
2018-07-24,93.02901458740234,93.46166742313349,92.49252269446272,93.2626442139235,846000
2018-07-25,93.50492858886719,93.58280953208255,92.53579046357979,92.75211688108263,504300
2018-07-26,95.31342315673828,95.43456542530295,93.89432235204488,94.00680971520964,596300
2018-07-27,94.47408294677734,96.42102090277744,94.35294066876695,95.20093661483972,464100
2018-07-30,94.93268585205078,95.9191338042169,94.48272980089509,94.50868791514813,769100
2018-07-31,95.44319915771484,95.96238113664002,94.62980987628595,95.30474710906438,761400
2018-08-01,94.57791137695312,96.15276741571878,94.57791137695312,95.44321703785202,576200
2018-08-02,94.32698822021484,94.7596411253232,92.87327419498041,94.05873892985126,618900
2018-08-03,93.57415008544922,94.89806664003156,92.73480256999295,93.7731732846663,596600
2018-08-06,91.74835968017578,93.45301291650826,90.83979268232032,93.35782876410076,1379100
2018-08-07,92.12043762207031,93.09823061842384,91.15994783373944,92.34541893691345,768600
2018-08-08,93.23668670654297,95.65089033783755,91.40223629447726,91.40223629447726,1485800
2018-08-09,91.67913818359375,93.17611998054346,91.03881380075084,93.11554884435236,737000
2018-08-10,91.96467590332031,92.74345224497068,90.12157739621246,90.78785978743922,796700
2018-08-13,92.43195343017578,93.13284892566718,91.1686079165115,91.86950341200289,727100
2018-08-14,94.24044036865234,95.13170412107367,92.47521607182647,92.47521607182647,1035900
2018-08-15,93.20207214355469,94.51734044793292,93.10688799251054,93.9895034655093,537900
2018-08-16,91.76567840576172,93.77318750307688,91.65318443193762,93.42706387903792,924000
2018-08-17,91.09073638916016,92.69155736063853,90.90902296790372,91.74837062924946,516400
2018-08-20,91.01284790039062,91.34166166847913,90.59749828649521,91.02150280532294,723100
2018-08-21,91.23783874511719,92.30216110141411,90.86575701526536,91.07342854302301,675000
2018-08-22,90.86575317382812,91.42820319774586,90.22542220419449,90.91766940313302,588000
2018-08-23,90.44174194335938,91.71374228137388,90.34656439725526,91.1166858832252,454300
2018-08-24,91.02462768554688,91.17252709206973,89.71967743119848,90.58094937793898,545200
2018-08-27,91.56401062011719,92.33828058273636,91.03333031261592,91.52921114976887,716800
2018-08-28,90.71144104003906,92.21648661943763,90.51135238031138,91.94679901836105,663500
2018-08-29,89.98065185546875,90.76362317646418,89.64136538925722,90.76362317646418,591800
2018-08-30,88.7279052734375,90.04155689920873,88.32772137258601,90.04155689920873,668600
2018-08-31,89.4499740600586,89.60656832845545,88.35381418128058,88.43211463413853,556500
2018-09-04,88.87581634521484,89.65878119827335,87.77095473175798,89.2672987717441,848200
2018-09-05,89.3455810546875,90.04155709781092,88.70180752905597,88.7366069949441,685400
2018-09-06,89.91107177734375,90.71143967888541,89.59788318329348,89.67618365046619,837400
2018-09-07,90.44174194335938,90.8419258492697,89.67617359779001,90.16335285066874,686100
2018-09-10,88.44951629638672,90.77232588435409,88.21462819851159,90.467838854768,556700
2018-09-11,88.21463012695312,88.58871609642796,87.29246085492237,87.7796467502298,421600
2018-09-12,87.52735900878906,88.17983409932035,87.12717508307492,88.08413722172351,363700
2018-09-13,89.22379302978516,89.7544733096375,87.91014793850997,87.91014793850997,751800
2018-09-14,90.34603881835938,90.56353048938928,87.94492891173988,89.14548718370915,511500
2018-09-17,90.43304443359375,91.34651221062796,89.9110656912827,90.58094383105973,683100
2018-09-18,91.46832275390625,91.58141606569798,89.29340542261245,90.57225787538455,714000
2018-09-19,91.4248275756836,92.10340740161921,91.24213530469679,91.61622137499968,685700
2018-09-20,91.87718963623047,92.52966470325948,91.37260732477134,91.77279123607077,884600
2018-09-21,91.52920532226562,92.38177569821691,91.47700943872653,92.08598353774896,1289200
2018-09-24,90.38955688476562,91.60751180010477,89.68487922411721,91.54661438620383,640800
2018-09-25,90.38085174560547,90.9115320329557,89.59788028580022,90.71143674538101,477000
2018-09-26,93.17343139648438,94.33048868993444,90.60703230971598,90.83322550811143,1782300
2018-09-27,92.46875762939453,94.33918728681193,92.22516802513904,93.20822796726125,897200
2018-09-28,93.91291046142578,93.98250939620102,91.64229665361127,91.84239193176018,822800
2018-10-01,93.03424072265625,94.73937465269262,92.25997089313256,94.03469711458249,834300
2018-10-02,93.39091491699219,93.45181231463043,91.92937073635565,92.92113214778917,616200
2018-10-03,93.62581634521484,94.29568776735117,93.24302888266894,94.02600022091329,824200
2018-10-04,93.70410919189453,94.3739872444263,93.32132173330496,93.58231438912857,601100
2018-10-05,94.06948852539062,94.22608278297315,93.62581032667228,93.6780062000936,340700
2018-10-08,94.33917999267578,94.69586284638069,93.19951923614138,94.0346863735804,631700
2018-10-09,94.30438995361328,94.48708216093104,93.67801287862721,94.24349255117403,406100
2018-10-10,91.781494140625,94.01730847173322,91.70320031731897,94.01730847173322,626400
2018-10-11,89.7370834350586,91.89459754294668,89.51959171885018,91.61620841169272,722300
2018-10-12,89.05850982666016,90.70274666068727,87.3533755779402,90.44175394782057,558100
2018-10-15,88.99760437011719,89.91976703423057,88.7888075637626,89.42388623444812,354100
2018-10-16,90.64183807373047,90.67663754031143,88.86710510201873,89.60657551423539,409200
2018-10-17,92.12078857421875,92.29477928807938,90.24166364270678,90.41565435656742,596000
2018-10-18,92.61666870117188,93.0951531166082,91.84239874697143,92.01638945950087,424000
2018-10-19,92.36438751220703,93.88682964213108,92.17299372533094,92.17299372533094,388300
2018-10-22,90.67664337158203,92.5383718108112,90.65053879197787,92.31217858214858,386200
2018-10-23,86.83137512207031,89.40647578484655,85.87441306940578,89.10198876408774,1146800
2018-10-24,83.79519653320312,87.04887029795883,83.55160690680594,86.29200347841325,812500
2018-10-25,83.7168960571289,85.34372949152309,83.37760294753951,84.08228046767871,510200
2018-10-26,83.38631439208984,84.30848369068093,81.70727824408543,83.11662681469612,450400
2018-10-29,82.85562896728516,84.6738628725529,82.11615857906367,84.11708469996358,481300
2018-10-30,84.18669128417969,84.30849275259622,82.5772538984216,83.34282899367727,402400
2018-10-31,84.56949615478516,86.32683331311685,84.40420029130158,84.91748430233496,553500
2018-11-01,84.4737777709961,85.46553942510054,84.19538865120046,85.00445806768779,487300
2018-11-02,84.08229064941406,86.15280919723958,83.07312599828109,85.03925278034788,352600
2018-11-05,84.3606948852539,85.83094113172264,83.73431762907029,84.32589541131915,495400
2018-11-06,85.3785400390625,85.88312236903401,84.13448726679195,84.45637736777098,485900
2018-11-07,89.05850982666016,89.43259584186487,84.82176883002265,84.82176883002265,960600
2018-11-08,89.86756134033203,90.54613429360411,88.66700306547921,88.66700306547921,554200
2018-11-09,91.1551284790039,91.51181808514873,89.15420864058842,89.56308749818685,471200
2018-11-12,90.24165344238281,91.66839837419506,89.88496389076998,91.34650828888492,589300
2018-11-13,89.7892837524414,90.91154185991792,89.66748891634201,90.09377084268989,535000
2018-11-14,86.93576049804688,90.5635195392319,86.72697037755259,90.11983472552808,480400
2018-11-15,86.97929382324219,87.37077627439781,85.78743677750683,86.34421506406272,460200
2018-11-16,86.90968322753906,87.20546874879297,85.95272109063784,86.41380242513354,479900
2018-11-19,86.4486083984375,87.55346337910775,85.84832914713049,86.6573985842885,379400
2018-11-20,84.41287994384766,86.26591352845722,83.8387052909169,85.84832653215474,553800
2018-11-21,85.36981964111328,86.29198874587244,83.9952774643577,84.57815349048278,415500
2018-11-23,85.20352935791016,85.86877352025435,84.88842073169712,84.95844116077085,156000
2018-11-26,86.83162689208984,86.97168111302796,85.2297984785653,85.79875038620612,548400
2018-11-27,85.76374816894531,86.98044089730251,85.04598694302125,86.27142805204781,535800
2018-11-28,85.94756317138672,86.91041260607706,84.97595867799241,85.90379455601997,539600
2018-11-29,85.60618591308594,86.28017848692984,84.76587394314016,85.64994784854692,487900
2018-11-30,85.11601257324219,85.88629752095392,85.0547405140518,85.43112792855088,450000
2018-12-03,85.16853332519531,85.96507006730458,84.48577896004733,85.96507006730458,505200
2018-12-04,83.5141830444336,85.32609297819378,83.27784319150854,85.04599118527952,700600
2018-12-06,80.73065185546875,82.3149766678249,78.40230075751901,82.06113342704565,984800
2018-12-07,79.68028259277344,82.15743681292474,79.05880694243807,80.86196183434502,456900
2018-12-10,79.34767150878906,79.75031746173657,77.78084964166369,79.75031746173657,403700
2018-12-11,78.7874526977539,81.35213723246876,78.37605176380005,80.26673703450238,348300
2018-12-12,79.12006378173828,80.09166815923362,78.69115945054962,79.75029437018415,325200
2018-12-13,78.75244140625,79.76780784348905,78.36729895859736,79.12007373638036,444200
2018-12-14,79.00627899169922,79.10256459667379,77.98215089134723,78.2272457719251,529600
2018-12-17,78.77870178222656,79.8903538578772,78.31478382912465,78.77870178222656,634800
2018-12-18,77.75457763671875,79.90786127802356,77.66704708443541,78.81371267909918,457700
2018-12-19,77.37818908691406,79.4439421448431,77.071828819457,77.82460357843892,342400
2018-12-20,75.89891052246094,77.06308640800775,75.06736013458698,76.18776739839133,585600
2018-12-21,74.65594482421875,77.57950655054135,74.4546185522021,75.7063247631981,652100
2018-12-24,72.3450927734375,74.24453277285943,72.1875351383888,74.13949212344303,299000
2018-12-26,76.2139892578125,76.30151978106016,72.0474709053449,72.73897339185797,362800
2018-12-27,76.95802307128906,77.05430866825898,74.26203971243542,75.0935965337073,405700
2018-12-28,77.16809844970703,78.1134375538006,76.66041200981779,77.34315951538876,347600
2018-12-31,78.28852844238281,78.37605900110069,77.23814170330766,77.57951555701486,287500
2019-01-02,78.86620330810547,79.2425905674269,77.29938223689066,77.29938223689066,496200
2019-01-03,77.60576629638672,79.03253350468279,77.44820864874679,78.39354785643407,349200
2019-01-04,79.17257690429688,79.30387605016865,78.28850979027428,78.31476828381824,309800
2019-01-07,79.48770141601562,80.3455168142857,78.78745035361513,78.85747078514825,277200
2019-01-08,79.583984375,80.37177263737908,78.98876731877498,80.0303988367069,364100
2019-01-09,80.07416534423828,80.7131443171563,79.60149239923123,80.05665522878301,312300
2019-01-10,80.96699523925781,81.08953934644877,79.8553432159818,79.98663570357714,222200
2019-01-11,81.03702545166016,81.63224257142458,80.44180833189571,80.44180833189571,210100
2019-01-14,81.92984008789062,82.06989430438426,80.28424311300613,80.53808637178638,386500
2019-01-15,82.7176284790039,82.76139709125914,81.72852061667034,81.72852061667034,284100
2019-01-16,82.63884735107422,83.59294159412237,82.59507874180596,82.99772457009573,390100
2019-01-17,83.54917907714844,83.58419263148575,82.21869740309367,82.21869740309367,723100
2019-01-18,84.36323547363281,84.73087449703378,83.53168516726521,83.89056245339162,598400
2019-01-22,83.16403198242188,84.7483567005201,82.82265822192724,84.1531397143484,218100
2019-01-23,83.66297912597656,84.04811488730392,82.48129998811535,83.4966664038095,166600
2019-01-24,84.33698272705078,84.49454041121153,83.52293580524592,83.689248549125,347200
2019-01-25,83.3653564453125,85.36108214033867,83.15528181377084,84.84464727985038,419700
2019-01-28,82.67384338378906,83.05898572475958,81.8510483982856,82.69135349646115,536100
2019-01-29,83.10279083251953,83.24283840465796,82.40253293736478,82.81393394990663,256700
2019-01-30,83.66297912597656,84.17066567290013,83.00648997403667,83.20780957419922,410600
2019-01-31,84.37197875976562,84.59956351808535,82.72638181674051,83.23406164631952,653200
2019-02-01,85.05474090576172,85.33484270308679,84.0568778354065,84.83591116790919,486700
2019-02-04,85.78123474121094,85.89502377091665,84.67833128179856,85.1597592500763,522200
2019-02-05,85.85128021240234,85.92130732789131,85.0197232418158,85.81626665465787,608100
2019-02-06,85.70246887207031,86.04384267761952,85.01096620288912,85.45737399282109,499300
2019-02-07,85.1772689819336,85.59742493786347,83.98683489797673,85.33482663063825,458300
2019-02-08,85.01971435546875,85.4661288223596,83.9343208914494,84.94093886739233,279300
2019-02-11,85.35234832763672,85.45738232225703,84.30196163436075,85.10726010265164,296200
2019-02-12,86.42898559570312,86.85789666139833,85.79875492445179,85.99132614935115,434000
2019-02-13,85.70246887207031,89.99152574756609,84.5733067928873,86.04384267761952,1478300
2019-02-14,85.01971435546875,85.64118991463114,84.1006336038142,85.4223602102154,546900
2019-02-15,85.96507263183594,86.72660251674606,85.60619533767385,85.7462428959811,543400
2019-02-19,85.99134063720703,86.15765339185023,85.35236147764347,85.9475786920907,419200
2019-02-20,86.5077896118164,87.1380204422004,85.79002820569127,86.10514362088327,550300
2019-02-21,85.93006896972656,86.83164651678322,85.52742301075729,86.67408882169488,567500
2019-02-22,86.6081771850586,86.86358141132604,85.99168885904673,86.3880018230231,240700
2019-02-25,87.24230194091797,88.03493475742467,86.41444697187342,87.01332435332067,444100
2019-02-26,87.56814575195312,88.32554953916919,87.03091732801572,87.05733729653413,564300
2019-02-27,88.83634948730469,88.84515166315533,87.27750430180983,87.4272219218893,503200
2019-02-28,90.70343780517578,90.95884202452311,88.95084385224057,88.95084385224057,602600
2019-03-01,91.71626281738281,91.86598047469838,90.35998156584331,91.36398083841335,461500
2019-03-04,91.3991928100586,92.41200079263719,90.90600216221593,92.18301654075938,470100
2019-03-05,90.8971939086914,91.70743761279046,90.210247867424,91.1966358892959,665200
2019-03-06,89.10055541992188,90.89718700952716,89.01248662732928,90.53610294413205,557400
2019-03-07,88.3783950805664,89.11818784208913,87.7354867417864,88.95966130170706,428000
2019-03-08,88.0349349975586,88.36079702279471,87.48889756264893,87.75311074194528,374800
2019-03-11,88.79232788085938,89.12699204294474,88.07896179255296,88.44004592543196,337300
2019-03-12,88.95965576171875,89.26789992681586,88.44003840979603,89.09176232368003,420800
2019-03-13,89.19745635986328,89.86679145264448,89.0477387015051,89.20626525718433,508700
2019-03-14,86.48490905761719,87.82357947876048,85.09340540090972,85.64824508381845,1114900
2019-03-15,86.9516830444336,87.32157615112526,85.95648580886017,86.37922558737982,1838000
2019-03-18,87.8059310913086,88.64260149285035,86.92522964919229,87.01330516877893,778900
2019-03-19,85.42807006835938,87.13663361987733,85.34881013579015,86.79316047363503,6017000
2019-03-20,83.29676818847656,85.76272891072314,83.16466158996569,85.3399958585532,1833900
2019-03-21,84.44165802001953,85.01411534305936,83.15583462690104,83.15583462690104,1693200
2019-03-22,83.27912902832031,84.40642583721781,83.2615179553396,84.06295280073245,776200
2019-03-25,83.27912902832031,84.42404362941751,83.00611372219579,83.19106022497876,1149100
2019-03-26,83.99250030517578,84.54733980371888,83.07656998432923,83.64902727476068,672000
2019-03-27,83.65784454345703,84.86440817515685,83.6402334676105,83.99251545752185,624100
2019-03-28,83.46408081054688,84.1774536169409,82.78594359078106,83.70187398575135,694700
2019-03-29,83.58739471435547,84.02774552822719,83.12942610516558,83.74591455689792,709100
2019-04-01,84.67945098876953,84.86439749838037,83.95727602395704,83.95727602395704,537100
2019-04-02,84.0629653930664,84.8027582342356,83.62261459117666,84.8027582342356,471900
2019-04-03,84.0629653930664,84.92605592122713,83.46408803372755,84.76752936377802,444700
2019-04-04,84.46809387207031,84.58258266140979,83.91324756251592,84.0365452492569,465200
2019-04-05,84.432861328125,84.89963208179584,83.93086170560092,84.45047240294177,428100
2019-04-08,84.04534912109375,84.62660864965572,83.6490361115842,84.53853983856689,335700
2019-04-09,83.05896759033203,83.70188272906597,82.68907452273064,83.51693619526527,507000
2019-04-10,83.19988250732422,83.42005791071219,82.521738502126,83.2527224539869,524800
2019-04-11,84.05416870117188,84.26553521849347,83.07658931963137,83.42006242998663,360000
2019-04-12,84.40642547607422,85.41923350821617,84.00130360706125,84.86439400224123,460900
2019-04-15,83.61380004882812,84.94365443604842,83.50811345308348,84.39762382274861,340200
2019-04-16,83.86038970947266,84.57375570460587,83.55214555844093,84.0453362000917,499100
2019-04-17,82.83878326416016,84.09818671326558,82.81236329349393,84.09818671326558,584200
2019-04-18,82.10781860351562,83.40244439776129,82.05497193491958,82.78595592431097,383400
2019-04-22,81.01573181152344,82.019731017544,80.883625238264,81.79075345772839,646400
2019-04-23,81.95809173583984,82.07258724831765,80.88363466956638,81.08619900141309,993900
2019-04-24,81.77313232421875,82.43365844431618,81.49130811507928,81.87001002603724,965500
2019-04-25,81.29754638671875,81.82597261706192,80.93646229648412,81.51772174295553,368800
2019-04-26,82.35440826416016,82.3896371343668,81.29756231562108,81.29756231562108,300900
2019-04-29,83.0942153930664,83.46410854494185,82.45130682707648,82.59221562431499,415500
2019-04-30,83.66665649414062,83.73711423853804,82.95329030997267,83.19107679828853,559600
2019-05-01,82.9004135131836,84.00129017222032,82.82115361895754,83.71066384084023,384200
2019-05-02,83.15582275390625,83.70186002886425,82.23109033569305,83.09417392602536,393100
2019-05-03,83.29676818847656,83.66666128893044,82.73311963943617,83.42887478698744,330500
2019-05-06,82.75071716308594,82.97089255146768,81.82598456341441,82.02854215796263,474200
2019-05-07,84.70587158203125,87.17183850009052,84.33597856008815,85.14622233745474,1331000
2019-05-08,84.7322998046875,85.98289445927782,84.33598677389561,84.46809335723289,522900
2019-05-09,84.21268463134766,84.55615769831591,83.34078525899476,84.12460910097049,604500
2019-05-10,85.60420989990234,85.66585875542496,83.39365328100452,83.99253075717627,450600
2019-05-13,83.37601470947266,84.79394475243494,83.0589616117159,84.68826486599578,798100
2019-05-14,84.34477233886719,84.9964962298375,83.30554439077838,83.34077325401073,451600
2019-05-15,84.23909759521484,84.52973069515572,83.68425136456062,83.98369336065035,344100
2019-05-16,84.7322998046875,85.39282600215392,84.54735327570329,84.54735327570329,321300
2019-05-17,83.43767547607422,84.74992582016817,83.42887329709255,83.96609514146036,462400
2019-05-20,84.61779022216797,84.6794390500132,83.18224267214329,83.38480694604519,771500
2019-05-21,87.76190185546875,88.91561861821613,85.2871261831619,85.4280416420233,1004500
2019-05-22,88.29911041259766,88.35195033816996,87.18061604705669,87.36556250577709,697700
2019-05-23,88.25509643554688,88.26390533192095,87.05734185900205,87.77071464247986,1167000
2019-05-24,89.35372924804688,89.64611293381348,88.43228193391927,88.55632226854306,915700
2019-05-28,89.19426727294922,89.93851620243298,89.1765501182987,89.27401136810839,818100
2019-05-29,89.38917541503906,89.51321575674775,88.3436877065717,89.17653579492296,1032200
2019-05-30,89.30945587158203,90.37266094351084,88.99934819588421,89.68157697078782,404900
2019-05-31,88.56520080566406,88.99048686092193,88.02473634945984,88.67152400940167,697000
2019-06-03,89.9916763305664,90.0802756250795,88.60064645166301,88.61836360668848,484800
2019-06-04,91.88772583007812,91.91430494136539,90.31949742689618,90.77135583816485,822600
2019-06-05,92.16239166259766,92.51679560879452,90.62074227028823,91.57763089711189,596600
2019-06-06,92.48133850097656,93.03066486030745,92.30413993845272,92.38387726368089,445800
2019-06-07,92.44588470458984,93.03065204782784,92.23324510690827,92.32184437596801,298400
2019-06-10,91.67507934570312,92.61424392619884,91.64850023639733,92.3573012700894,471700
2019-06-11,92.14466094970703,92.56108501824201,91.51559724861727,92.14466094970703,679900
2019-06-12,92.13578796386719,92.32184846504083,91.75480500631414,92.14464991907296,432700
2019-06-13,93.07498168945312,93.24331832091777,92.13581024160344,92.59653738802619,643300
2019-06-14,94.02299499511719,94.58117655440822,92.64968246773378,93.30532526495226,975600
2019-06-17,94.59891510009766,95.21026177449777,94.02301625807873,94.20021486182402,573200
2019-06-18,95.14823913574219,95.68870365084184,94.29767369223123,94.59891266277555,540200
2019-06-19,95.34315490722656,96.04310081595959,95.07735026756342,95.56465652038159,534600
2019-06-20,95.43175506591797,95.77729704479775,94.48372842340552,95.55579542963414,387900
2019-06-21,94.7052230834961,95.5469264554266,94.42170130729602,95.48490627812322,874600
2019-06-24,93.81922912597656,94.90902011129178,93.70405071276977,94.76725582455119,393600
2019-06-25,93.92554473876953,94.35082404518302,93.25217795064003,93.66860205961889,662300
2019-06-26,91.03715515136719,94.09387444527343,91.01057604163286,94.09387444527343,781700
2019-06-27,92.46363830566406,92.62311974505984,91.1169046486124,91.1612076772141,856000
2019-06-28,94.25334930419922,94.30651427966026,92.83574055291984,92.83574055291984,639200
2019-07-01,96.56583404541016,96.61899902512125,94.5634644815219,94.77610412128948,628300
2019-07-02,96.41522216796875,97.13288523345618,95.95450178560847,96.6721648510959,678900
2019-07-03,97.40753936767578,97.46069758507531,96.592408395962,96.7607517639831,283700
2019-07-05,97.56703186035156,97.56703186035156,96.93796809747663,97.33666829263775,410000
2019-07-08,97.88600158691406,97.97460088542134,97.07973242320348,97.31009600707696,436700
2019-07-09,98.06318664550781,98.13406877840505,97.31893776947128,97.48728114517915,411600
2019-07-10,97.46955108642578,98.34669539589177,97.34551075012519,98.30239237877385,308400
2019-07-11,97.54930114746094,98.01002825077857,97.08858080383553,97.75308558925379,247200
2019-07-12,98.86946105957031,98.89604693243538,97.51387221025409,97.9125791869132,329500
2019-07-15,99.42765045166016,99.47194672081758,98.50620288105202,99.20614882679358,283800
2019-07-16,99.28588104248047,99.90608961591089,99.05552423148809,99.41878336247933,367200
2019-07-17,98.96691131591797,99.30359807119466,98.21380723440231,99.23271593748458,375500
2019-07-18,99.21498107910156,99.60481922555616,98.64793087030276,98.81627421790043,340000
2019-07-19,98.48848724365234,99.67573272658738,98.33786099905419,99.51625128383711,274300
2019-07-22,98.82514190673828,99.0909397366027,98.32011859433521,98.51504105871736,256300
2019-07-23,99.67572021484375,99.8352016375752,98.73655559192102,98.95805719239844,544200
2019-07-24,100.8275375366211,100.93385398528525,99.41878375458555,99.61370625672693,422200
2019-07-25,100.43768310546875,101.2971103698684,100.34022186354555,100.83638326992384,333700
2019-07-26,101.3768539428711,101.65152053234104,99.9592450089827,100.3402280436864,389100
2019-07-29,100.4908676147461,101.63381694747368,99.9592650031666,101.39459813815579,395700
2019-07-30,101.54519653320312,101.81985636083228,99.9592442271753,100.0832845854396,446300
2019-07-31,100.43768310546875,102.20083389715631,99.82633654425823,101.50088805047712,519700
2019-08-01,99.01121520996094,100.6414637414726,98.61251503379778,100.35794196383178,506400
2019-08-02,98.41759490966797,99.37448346708896,98.34671277363104,98.65681366917696,374900
2019-08-05,95.81270599365234,97.46067799877044,95.07731925551771,97.21259735450587,534200
2019-08-06,97.13289642333984,97.53160342985902,95.83932766111101,96.14057340557174,562300
2019-08-07,104.45128631591797,104.8854275274521,97.98343736508336,98.26696588165149,1041100
2019-08-08,105.84233093261719,106.10813557457513,102.93623082448447,104.86772517825943,694900
2019-08-09,106.17901611328125,106.84352099077167,105.09809385737246,105.266430496412,807400
2019-08-12,106.99415588378906,108.4294822090056,105.49680260902,105.6740012201327,511000
2019-08-13,108.56237030029297,108.89905708079411,106.4270982499187,106.4270982499187,714100
2019-08-14,106.6928939819336,108.45605166615594,106.05496826298808,107.33968165800131,675300
2019-08-15,107.22450256347656,107.86242831852914,105.88663762908399,107.27766754952633,722500
2019-08-16,110.33438110351562,110.83054254776671,107.43714301341707,107.43714301341707,2189400
2019-08-19,109.67874908447266,111.5216442879323,105.8866422202302,111.3355837279234,574000
2019-08-20,108.73072052001953,109.68760917782136,107.87129311956937,109.04968340595347,529400
2019-08-21,109.5724105834961,109.70531289630523,108.16366364291956,108.88132666851949,388700
2019-08-22,109.65215301513672,110.22805852212993,108.86360786668331,109.73189034579967,442900
2019-08-23,106.33124542236328,109.8391192019108,105.84156519687495,109.296021785505,584500
2019-08-26,108.5036392211914,108.53034781766755,106.77641086108146,106.97228295873809,464700
2019-08-27,107.60442352294922,109.38506927803013,107.4085514030704,108.87758550953704,466400
2019-08-28,107.77357482910156,108.60157528308002,106.99008643838077,107.45305808610192,529400
2019-08-29,108.56595611572266,109.05562954275766,108.18311706925066,108.72621447919055,387500
2019-08-30,109.50971984863281,109.7055919790845,108.05849592525198,109.34946145032006,507100
2019-09-03,109.6966552734375,109.86581875425016,108.55704334351059,108.96659095628914,406300
2019-09-04,110.22196960449219,110.69383961985605,110.02609749412436,110.65822589136879,421500
2019-09-05,110.26647186279297,111.35266671085624,109.78569675991463,111.04105510508978,447800
2019-09-06,110.76507568359375,111.57526599360439,110.27539536962462,110.35552117047882,472400
2019-09-09,110.96984100341797,111.80674666754251,110.61371050000596,111.29035777722633,629500
2019-09-10,110.17743682861328,111.34375742059389,110.04388706181152,111.12117674013204,689100
2019-09-11,110.7917709350586,111.18350834641046,108.82415837053078,110.07950998103432,890000
2019-09-12,111.82454681396484,112.60803525672036,110.8273895851839,110.8273895851839,433900
2019-09-13,111.29036712646484,112.0026281931242,110.94314172444027,111.85126813143724,433100
2019-09-16,111.82454681396484,111.94029312989419,110.63151747449501,110.63151747449501,580200
2019-09-17,113.09770202636719,113.16002434946601,111.73550925533313,111.96699508082465,529400
2019-09-18,113.51615905761719,113.74764489174784,112.0026129872319,112.34093321201975,491400
2019-09-19,112.38544464111328,113.64079619672393,112.2964069312857,113.34698805658951,580600
2019-09-20,112.75049591064453,113.23127111051308,111.98481764336778,112.55462377818421,641400
2019-09-23,112.03821563720703,113.30247915016281,112.01150704056425,112.51009241751642,361200
2019-09-24,112.72377014160156,113.33809504664278,112.25190014488105,112.25190014488105,491700
2019-09-25,112.80387878417969,113.50723450368251,112.20736422967497,112.58129811823409,451600
2019-09-26,112.89293670654297,113.33809811817346,112.04712594887057,112.91074017425359,316600
2019-09-27,111.70880126953125,113.29357474495919,111.61086521946558,113.29357474495919,312400
2019-09-30,112.0204086303711,112.6258283747625,111.41498888597968,112.17176186831306,377100
2019-10-01,110.2308578491211,112.55460077730932,110.16853552813083,112.55460077730932,393700
2019-10-02,108.64608001708984,109.91924177350009,107.95162938497938,109.4829855443118,333000
2019-10-03,110.13294982910156,110.15966522428742,108.40572786813901,108.64611208380961,412600
2019-10-04,112.88402557373047,112.88402557373047,110.13292466398019,110.13292466398019,370300
2019-10-07,111.61087036132812,112.46557946185779,111.37047939368358,112.34983993945893,282100
2019-10-08,109.79459381103516,110.99652808348442,109.72336636563679,110.8184662626116,358900
2019-10-09,111.1122817993164,111.76221360225857,110.56918437898197,110.7472462117439,415400
2019-10-10,111.77113342285156,112.77719581617767,111.39719944932764,111.39719944932764,292300
2019-10-11,111.98481750488281,112.91965930224195,111.86907796885617,112.4655927041568,328300
2019-10-14,111.9224853515625,112.06494026890444,111.40609646513448,111.51293765314094,265100
2019-10-15,111.69989776611328,112.5991256967985,111.39719127432011,112.22519175071614,351700
2019-10-16,111.69097900390625,111.97588199366571,110.8095614406853,111.62865668716584,301900
2019-10-17,112.12727355957031,112.53682129803265,111.31707642138127,112.26972169821482,255500
2019-10-18,111.88687133789062,112.54571513998627,111.5485510989998,111.71771461475737,291000
2019-10-21,113.569580078125,113.59628867668889,112.50119537982414,112.77719328848328,345500
2019-10-22,112.39434051513672,113.45382674673182,112.08272891543918,113.45382674673182,330500
2019-10-23,112.6525650024414,113.24907976579236,111.9135953025513,112.05605023909045,338500
2019-10-24,112.5011978149414,113.8990044419093,111.67319727841746,113.07100390538535,435200
2019-10-25,111.7978515625,112.2163044320872,111.21024195290681,112.14507696649257,260000
2019-10-28,111.56633758544922,112.58130494025468,110.8896972106611,112.26969334757287,470500
2019-10-29,112.51899719238281,112.79500188960506,111.22803180154591,111.22803180154591,264300
2019-10-30,112.06493377685547,112.5991261006927,111.50402606309605,112.29641281518978,246500
2019-10-31,112.24300384521484,112.32313643560532,110.67603369353162,111.56635656270684,397100
2019-11-01,113.6942138671875,113.8633773654238,111.65538072192491,113.0887941179784,279400
2019-11-04,112.7415771484375,114.74481030200302,112.26970713690227,114.01473906287411,364200
2019-11-05,112.3409423828125,113.85448857675397,110.96984431891718,112.95526734973707,680800
2019-11-06,113.56066131591797,113.90788662004681,110.84517440657906,111.65537131129504,630200
2019-11-07,113.49835205078125,114.28183365920655,113.11551298007511,113.57847784127556,413900
2019-11-08,115.80430603027344,116.6679067441457,113.35591126462869,113.35591126462869,659700
2019-11-11,114.92285919189453,115.60841149531801,114.1215605867219,114.83382148512646,411500
2019-11-12,116.28507232666016,116.68571490707961,114.54003349795103,114.78932281844533,485300
2019-11-13,116.89938354492188,117.01511626816931,115.39473587547798,115.93783331382316,422900
2019-11-14,117.54041290283203,117.72737307202738,116.57886270551498,116.95279662915267,346800
2019-11-15,117.60272216796875,118.09240236995733,117.01510592558245,117.99446632955961,586100
2019-11-18,118.119140625,118.3417213558646,117.28223490330913,117.28223490330913,366200
2019-11-19,117.77191925048828,119.03617621474706,117.55823685087054,118.07462579434247,419400
2019-11-20,117.9321517944336,118.42181841528456,117.10414461226054,117.53149570792442,372800
2019-11-21,117.78079223632812,119.27654154118315,117.60273040093394,118.4040290380786,500500
2019-11-22,117.9239273071289,118.15651395271271,116.24210704601671,117.77183619819675,506800
2019-11-25,118.3086166381836,119.19425883372568,117.86132508189556,118.70223539175785,251200
2019-11-26,119.47157287597656,119.57891847732613,117.6824067187931,118.43385322874907,593400
2019-11-27,119.2479248046875,120.09777598289551,118.8811424734832,119.793621018106,377100
2019-11-29,118.8632583618164,119.55209120700846,118.78274915465586,119.20320432572389,202900
2019-12-02,117.82555389404297,119.49842003351887,117.7360901180285,119.37317893725205,407800
2019-12-03,114.95392608642578,116.98463350551019,114.57820282985479,116.82360145254859,538600
2019-12-04,115.49068450927734,116.1168899537765,114.45296482967593,114.45296482967593,350900
2019-12-05,116.66258239746094,116.96673736770977,115.26703498078557,115.49068075013109,341100
2019-12-06,117.7092514038086,117.78081969316364,116.8236091795774,117.39614184416224,391800
2019-12-09,117.12775421142578,117.85237796067975,117.0919768949184,117.65556859425338,242300
2019-12-10,116.33157348632812,116.97567437252376,116.19739148930988,116.81465597610186,276900
2019-12-11,116.537353515625,116.77888114362605,115.75905687463168,116.24213943114559,287500
2019-12-12,116.68941497802734,117.61083442554862,116.49260561542532,116.63574217918207,385800
2019-12-13,116.43000030517578,116.92202380488445,115.8574675919484,116.09006796467793,399500
2019-12-16,116.67152404785156,117.0472473046843,115.87534564998477,116.76098781625417,441900
2019-12-17,117.79869842529297,118.39808112657325,116.73415598109469,116.73415598109469,418900
2019-12-18,117.78975677490234,118.52332147921283,117.4229744227471,117.9597297503038,375500
2019-12-19,117.72711944580078,117.86130142565318,116.73413184413623,117.36033716720121,445100
2019-12-20,117.42298126220703,118.85431978555847,117.19039455352114,118.18338241216046,715400
2019-12-23,114.45297241210938,117.34247221546107,114.39035186351089,117.15461739479353,531500
2019-12-24,115.42804718017578,115.49961546055124,114.61397334744048,114.78394630705047,96800
2019-12-26,115.46382904052734,115.98267514439142,115.10598766686786,115.72325209245939,199800
2019-12-27,115.99164581298828,116.02742313019478,114.56926198713889,115.73220907478658,248300
2019-12-30,117.011474609375,117.10092473105628,115.80378193950929,116.28686446755762,222400
2019-12-31,117.26194763183594,117.68240275663845,116.27790081841432,116.68941502682355,264500
2020-01-02,118.40699768066406,118.4338340766617,117.32454632450069,117.65555129222544,332800
2020-01-03,118.9706039428711,119.02427674147371,117.19931968746074,117.19931968746074,280300
2020-01-06,119.07794189453125,119.07794189453125,118.00444504064208,118.34437729338424,234700
2020-01-07,118.2728500366211,119.14058317621148,118.24599998257628,118.97956475348013,254700
2020-01-08,118.72015380859375,119.7310236388954,118.46071701168991,118.46071701168991,265100
2020-01-09,120.44666290283203,120.52717210233841,118.85430614474141,119.03322002706258,281600
2020-01-10,118.47857666015625,120.67030231629163,118.38911289857786,120.33035640259796,324000
2020-01-13,118.50543975830078,118.96167228453304,117.72715672818207,118.74698104877979,326500
2020-01-14,116.29581451416016,118.26389479896393,116.03639139558743,118.21916290948418,496300
2020-01-15,116.94886016845703,117.78082965862896,116.23319086460916,116.23319086460916,484200
2020-01-16,117.70030975341797,118.34439705309086,117.16355441172597,117.58400957765845,466500
2020-01-17,119.66839599609375,119.69523239951485,117.5750609774556,117.89711146876485,458000
2020-01-21,117.66449737548828,119.48945428499687,117.57503361806522,119.25685397579805,376200
2020-01-22,117.44981384277344,118.2996787416238,117.15461342031058,118.10286935981163,260600
2020-01-23,116.59098815917969,116.7699020047776,114.97179533360371,116.7699020047776,410100
2020-01-24,115.5622329711914,116.67152087807521,114.76605459495549,116.59995259534843,338000
2020-01-27,114.50662994384766,114.81973947020197,113.50469447479327,114.10407030300212,433900
2020-01-28,115.83956909179688,116.31369703687731,114.96286783652147,115.01655428806754,296300
2020-01-29,116.4478759765625,117.22615887532214,116.07215272715251,116.53733974319766,278500
2020-01-30,117.64661407470703,117.72713692482601,115.31175172685087,115.52645657674435,282700
2020-01-31,116.79676055908203,118.80063150062901,116.34052811870815,117.14564740178065,383500
2020-02-03,118.75589752197266,119.39999839716299,117.41402297370178,117.74501432752739,487700
2020-02-04,120.160400390625,120.84921950270164,119.56997230862741,119.78466350189643,319900
2020-02-05,122.40579223632812,122.44156954983913,120.95657215970225,120.95657215970225,335900
2020-02-06,121.92271423339844,123.30037973335415,121.82430955483017,122.85308822172634,276500
2020-02-07,121.98532104492188,122.43261248118952,121.13547004606363,121.43068403203044,234200
2020-02-10,122.65629577636719,122.68313217874476,121.37703477859598,121.57384416286848,318000
2020-02-11,124.89273834228516,125.26846157979682,122.96939027282585,122.96939027282585,507700
2020-02-12,122.28057098388672,124.87485661691176,118.57699734867401,122.55788957186981,748500
2020-02-13,125.54578399658203,125.97519369572755,122.2805612712402,122.2805612712402,384700
2020-02-14,127.49595642089844,127.53173373013968,125.50998132684774,125.63522238456933,298200
2020-02-18,126.85187530517578,127.57648536927238,126.31512003163938,126.97711638230047,361800
2020-02-19,125.84993743896484,127.18287110303301,125.68891904142521,127.12919830385313,372400
2020-02-20,126.64612579345703,127.32600398047055,125.67997448543547,125.72469271662096,499000
2020-02-21,125.89134979248047,127.22124737784767,125.24436962418855,126.33164621862782,431100
2020-02-24,123.32137298583984,125.01069747107714,122.60250479298954,123.3393347499901,508000
2020-02-25,120.28414916992188,123.87847603743931,120.13139192340465,123.12367068596518,639500
2020-02-26,119.07105255126953,121.83868574941746,118.63075630671823,120.79632771804977,520500
2020-02-27,114.02104949951172,119.08905054512275,113.97611766511162,117.7411777807446,956000
2020-02-28,108.3599853515625,112.85289474049473,105.9697611215811,111.46908468166299,1207400
2020-03-02,114.91963958740234,114.97355230804214,108.37796439851934,108.54869715472654,553200
2020-03-03,110.75021362304688,116.50113201024234,110.41773586868523,114.45237333348501,553100
2020-03-04,113.98511505126953,114.08395961080802,110.30093055458572,112.55637309079931,533400
2020-03-05,108.54869842529297,111.35226962155251,106.74254685072394,110.66036456124476,445500
2020-03-06,107.55123901367188,108.09937436419561,104.15460150100604,104.37924691169171,468300
2020-03-09,97.99034118652344,103.78619064936395,96.81319444892857,101.53973630630412,723300
2020-03-10,102.3394775390625,102.44730981980948,97.828600056821,101.24320667952358,499000
2020-03-11,97.38831329345703,100.57828208990314,96.22914170742656,99.46404234548208,449500
2020-03-12,86.81201171875,93.70413434289506,85.69777190505879,89.9929929735024,716500
2020-03-13,93.92876434326172,94.09949709703486,87.67463517968012,91.96985553885781,573700
2020-03-16,75.39100646972656,89.99295918548634,74.87881517176837,83.56809861942517,968800
2020-03-17,83.11882781982422,85.23948170508359,75.23826737706234,77.70936766359766,1063700
2020-03-18,72.25497436523438,81.14194886873094,71.07782740632906,77.56558986572428,868600
2020-03-19,74.97767639160156,76.80179656293484,68.53483891863598,71.58103788558292,883900
2020-03-20,81.81588745117188,84.3409004801257,72.12018760587918,74.93274657814577,1082600
2020-03-23,83.7298583984375,88.0789913313983,79.48855090159718,82.3100974073428,793500
2020-03-24,88.16885375976562,90.37037655424966,85.07772999601144,87.36911646017685,695700
2020-03-25,89.53467559814453,93.0750895143238,86.56037251248904,87.06357604572445,597400
2020-03-26,94.66559600830078,95.29460741323969,88.84278949132285,89.1123599314663,477500
2020-03-27,94.0815200805664,97.32540121536285,90.8466266841467,91.76318404077428,409400
2020-03-30,96.44480895996094,97.63992468086046,89.40891016308123,93.94675206436666,358700
2020-03-31,93.53339385986328,95.64506697146274,91.9429067912582,95.57317876859204,754200
2020-04-01,91.76319885253906,92.81453817633897,90.0469038942422,90.3074935041445,578600
2020-04-02,89.91209411621094,94.31514637599547,88.78886684869626,90.74777547746726,609500
2020-04-03,88.73493957519531,90.6399351763822,87.66562519815714,88.85175272382301,288300
2020-04-06,93.38959503173828,94.05454356073724,89.74135557524293,92.38318107397251,527200
2020-04-07,93.53339385986328,99.4101207596337,93.31773610688755,96.23812750605508,420800
2020-04-08,95.89665222167969,96.61551355900906,93.30873221151545,94.44993495367403,310900
2020-04-09,100.99162292480469,103.10328909671645,96.14826685326405,97.28048200868433,353700
2020-04-13,97.55902099609375,100.64115669407519,97.48713281024564,100.47042396659462,320900
2020-04-14,96.76827239990234,101.18929303530037,95.38445566008072,99.65271904088647,377900
2020-04-15,91.12518310546875,95.01603706684502,90.63994811357873,94.44094526659796,365200
2020-04-16,90.3793716430664,92.18551637588305,89.38194515807285,90.77474302815173,471900
2020-04-17,95.07892608642578,95.33951559827366,92.86841595957573,93.52438360741823,468200
2020-04-20,92.57188415527344,94.14440213770955,90.9184971101594,93.22785181585446,468800
2020-04-21,90.89155578613281,93.37164361955568,90.30747621065818,90.53212167386877,405600
2020-04-22,92.5539321899414,94.26123910631988,90.17268887412163,93.52440225048944,684800
2020-04-23,90.98139953613281,93.623231997948,90.56805276585467,93.00320841471354,416800
2020-04-24,94.03660583496094,94.75546730754243,91.0533139274384,92.55394419278419,445000
2020-04-27,97.37932586669922,98.64632281844399,94.43197138832264,94.43197138832264,528900
2020-04-28,98.46660614013672,101.14437636006495,98.36776158279348,99.41011302072788,429700
2020-04-29,98.60139465332031,100.90176211768063,98.53849419470534,100.64117254466548,300200
2020-04-30,95.46533203125,98.24195346052579,95.33054338515471,96.22912521827621,375600
2020-05-01,91.9428939819336,94.72849632654237,91.22402576465082,93.75802628990125,440500
2020-05-04,89.85819244384766,91.91594587348808,88.68105231663678,91.77216947487264,450800
2020-05-05,91.73622131347656,93.14700145379139,90.77473897112372,90.8017021863973,721400
2020-05-06,87.9891357421875,94.80038801455756,87.47694434657124,94.27920888059415,850900
2020-05-07,88.59119415283203,92.1316093492479,88.29466730959744,88.67207009599524,520900
2020-05-08,88.77989959716797,91.13417992372953,87.96218673016732,90.69387668684101,521900
2020-05-11,88.42044830322266,89.07640916183571,85.78760342014523,87.79143694540608,477900
2020-05-12,83.65797424316406,88.82482021289741,83.64898650450822,88.46538607865834,536700
2020-05-13,78.85955047607422,83.04693861890644,77.97893718628805,82.90316907799118,1018700
2020-05-14,80.01870727539062,80.24335271203614,75.38202217232231,77.62847653877758,669700
2020-05-15,81.86978149414062,81.93268194065061,77.95196462560197,79.08417951841605,1931200
2020-05-18,88.32160949707031,89.10337816254255,85.09569714039027,85.26642988306055,719200
2020-05-19,88.04302978515625,90.22658338707997,87.41401854034031,87.92620978742691,781200
2020-05-20,90.69385528564453,91.50258022271099,88.57320183095231,89.57062811072852,560500
2020-05-21,90.82865142822266,92.18550503166013,90.0828268770552,90.49617368892706,559900
2020-05-22,91.6605453491211,92.121691382021,89.79785230544954,91.19939241758803,453500
2020-05-26,92.98069763183594,95.53963510013588,92.63709052808949,94.88859732317718,397800
2020-05-27,94.3731918334961,96.85074608487183,93.37854697105264,96.82362066110204,370500
2020-05-28,93.57748413085938,95.96461821231433,93.54131459645754,95.20507868577562,398900
2020-05-29,92.754638671875,93.46897136988832,91.95892280642599,92.52858428257835,451500
2020-06-01,93.18865203857422,93.77639478507714,92.6822924532213,93.29716062056355,324400
2020-06-02,94.16522216796875,95.01518893628285,93.16154006029701,93.93916776351355,370100
2020-06-03,97.96293640136719,98.47834708198603,95.96461623266364,96.11833847535866,539000
2020-06-04,99.81655883789062,99.8436842562737,96.06405522546582,97.61931026665442,473600
2020-06-05,103.87651062011719,105.13337247433765,101.64309904583588,105.13337247433765,608400
2020-06-08,106.1641845703125,106.20939130808522,104.11160689345212,104.88923452891919,491100
2020-06-09,105.52217102050781,106.15512735888099,103.2164207197647,103.77703110964119,408400
2020-06-10,103.47865295410156,106.53490562196856,103.47865295410156,104.90731136178374,638900
2020-06-11,94.77103424072266,100.27772241889059,94.34605091071603,99.44584397216344,527900
2020-06-12,96.7784194946289,99.23789274666476,94.4545802775544,98.78578389588267,331600
2020-06-15,96.85977172851562,97.51984657652977,93.35140375223926,93.35140375223926,499000
2020-06-16,98.12570190429688,101.01015857884846,96.40769379082795,101.01015857884846,360100
2020-06-17,95.88323211669922,97.99909792282011,95.8108930553021,97.64645362179996,341400
2020-06-18,96.7784194946289,97.25765377267652,94.39128531439026,94.97902820013367,332600
2020-06-19,96.10022735595703,99.12031715942462,95.37685755114093,99.12031715942462,891600
2020-06-22,95.10560607910156,95.92844049600414,94.26468344722417,95.55771487261343,695200
2020-06-23,94.81624603271484,97.11295927254089,94.33701186942713,96.55234194831138,395100
2020-06-24,91.03662872314453,93.89395276689588,90.90099470270403,93.89395276689588,672400
2020-06-25,90.69303131103516,91.18130276185177,88.62237210450405,90.43984457905036,648200
2020-06-26,89.70742797851562,90.26804537846272,88.31493203565316,89.41807862016972,868000
2020-06-29,90.96427917480469,91.6153168789761,89.8430514057495,90.90098422571202,313000
2020-06-30,93.39663696289062,93.93012203686666,90.4398415403414,90.4398415403414,365900
2020-07-01,91.38924407958984,93.57744833408367,90.85575917316501,93.08917015439295,360400
2020-07-02,90.87386322021484,94.01149920334076,90.76535463136962,93.22482745613571,375400
2020-07-06,92.46527099609375,94.19232260060248,91.18127707651023,93.23385438758605,593600
2020-07-07,89.89730072021484,92.23922759410118,89.51753103211391,91.52489495297878,435100
2020-07-08,91.09088134765625,91.46161388417877,89.3638292761861,89.93348389478207,434800
2020-07-09,88.2154541015625,91.1360795629391,87.45591473865747,90.68397082826749,463300
2020-07-10,90.75630187988281,91.06373248101137,88.58617876506341,88.90265347170491,301400
2020-07-13,90.5754623413086,91.99508349368776,90.06005865919977,91.59723249783845,518500
2020-07-14,91.80522155761719,92.23020497845614,90.6116544750178,90.94621750599674,278600
2020-07-15,93.90299224853516,94.21946701488369,92.2934860951348,93.77640234199575,265100
2020-07-16,95.0061264038086,96.20873725795808,93.5232103500572,93.67692565960459,345400
2020-07-17,94.19234466552734,95.40399982304203,93.99341569200756,95.33166076019252,397300
2020-07-20,93.32430267333984,94.54499511908155,92.81794299774522,93.93917095026181,237000
2020-07-21,94.67156982421875,95.09655315449774,93.44183346799396,93.44183346799396,263600
2020-07-22,95.78376770019531,95.9194017157534,94.38222770381613,94.38222770381613,216900
2020-07-23,97.06775665283203,97.92676750026439,95.46729455811744,95.46729455811744,352700
2020-07-24,96.5614013671875,97.61029022886964,96.12737387014566,97.40232403756673,296200
2020-07-27,95.54866790771484,96.24491929213583,94.65349445494894,95.97365126468799,327400
2020-07-28,95.82898712158203,96.35342810215356,95.0151898777531,95.05135941066027,317400
2020-07-29,97.27574157714844,97.56509096447574,95.56677068033498,95.8199505319172,353600
2020-07-30,95.19600677490234,96.02788512728924,94.21945032716226,95.35876618285901,383900
2020-07-31,97.1762466430664,97.23954158613809,95.06941841154547,95.12366924885508,408500
2020-08-03,97.01349639892578,97.99909016254269,96.52521812110962,97.51081188472651,352700
2020-08-04,96.88690948486328,97.89962870088893,96.29012260516338,96.42575661406174,427400
2020-08-05,110.59485626220703,112.85540034015996,101.64310723241982,103.80418681905219,1147300
2020-08-06,107.4843521118164,110.414015300042,106.65246664964066,109.91669284431917,501300
2020-08-07,110.50442504882812,110.59484542335798,107.06840252626692,107.10456515717296,428400
2020-08-10,112.30380249023438,112.62932131821096,109.85337407308907,111.31820879898365,341500
2020-08-11,112.99102020263672,115.65846601947203,112.55699965730298,114.32022105765662,493400
2020-08-12,112.54796600341797,116.18292462600432,111.72512467440995,114.26598082661934,292000
2020-08-13,112.52082061767578,113.02718017730801,111.21874529447108,112.05062368490448,322400
2020-08-14,113.09049987792969,113.8138767488653,111.43577994224181,111.43577994224181,216100
2020-08-17,112.63839721679688,113.70537436551605,111.8788576695562,113.13571970508553,320300
2020-08-18,111.77033233642578,113.30749941787329,111.55332205520986,112.55700409145312,315700
2020-08-19,111.70702362060547,113.25323461870165,111.40863020905228,112.30380354508026,251400
2020-08-20,110.3416748046875,111.56236720908312,110.24221031483135,110.52252246744094,264300
2020-08-21,109.0848159790039,110.91133948242752,108.94014474330788,110.27838299268707,251900
2020-08-24,111.83362579345703,111.9963852268502,109.09384774686579,109.13905448475522,217400
2020-08-25,111.08311462402344,113.135692140725,110.92939931005212,113.135692140725,213400
2020-08-26,110.05232238769531,111.06504857510085,109.24756928202433,111.06504857510085,576800
2020-08-27,111.8155517578125,113.24421032324086,110.23317095738132,110.36879807851203,277800
2020-08-28,111.49744415283203,113.07883732334955,111.23387746875275,113.01521825712062,317600
2020-08-31,110.47952270507812,111.56105367237738,109.70700355727477,111.42472513242207,314600
2020-09-01,111.92459869384766,111.97912733846813,109.52524125513652,109.81607224970885,354700
2020-09-02,112.71527099609375,113.76044707369373,111.33382576005276,111.97001627652757,315000
2020-09-03,110.87940979003906,115.03284314170111,109.9342074318852,113.51506927839698,374300
2020-09-04,111.48834991455078,113.08792386860088,110.0069306037056,113.08792386860088,278500
2020-09-08,109.34346771240234,111.26113696926325,109.11625578086867,110.81580352496545,344600
2020-09-09,110.2886734008789,111.90642129121531,109.64339232855134,110.29776381991395,455000
2020-09-10,107.57121276855469,111.39746069805682,107.38944600477063,110.37954879257644,348200
2020-09-11,107.88023376464844,108.97085531209925,107.3258360381683,107.33492645790234,313400
2020-09-14,108.56185150146484,110.29775388096024,108.3619108384168,108.9253919565696,194200
2020-09-15,106.57150268554688,108.95267965621653,106.4987931921325,108.480081816941,209300
2020-09-16,106.99864196777344,108.68000881334528,106.72598488623957,107.20767305418613,378700
2020-09-17,108.58003234863281,108.82541816882724,105.52630361978287,105.96254661878575,468400
2020-09-18,108.99812316894531,110.17053773011358,108.5436992429402,108.60731831522257,563800
2020-09-21,109.12535095214844,110.17052726951334,107.0168244130459,107.0168244130459,686500
2020-09-22,109.8887939453125,111.32476824026186,108.64366992774667,108.64366992774667,501000
2020-09-23,107.90748596191406,112.09726730455978,107.58030024887228,110.35228145764185,627200
2020-09-24,107.09859466552734,108.60728496488692,105.7898588756017,107.54393496871084,270000
2020-09-25,107.08043670654297,107.42579633944636,105.84440326863074,106.24429847911934,303300
2020-09-28,109.15261840820312,110.30685898680386,108.21650629208406,108.30738968447223,228800
2020-09-29,109.59794616699219,109.9524031665434,107.6166647408343,109.07990323005151,265300
2020-09-30,110.25230407714844,112.2063278737695,109.75244203965934,110.15233028285918,479800
2020-10-01,111.30657958984375,111.52470109763173,109.15260803181957,110.28866766357031,322200
2020-10-02,112.17906951904297,113.0788267815312,109.77971219643601,110.15233613990789,275400
2020-10-05,113.93315124511719,114.42392984819416,112.81526549355996,113.58779160619243,281300
2020-10-06,111.69738006591797,114.51480645703772,111.13389201411104,114.31485886013986,365900
2020-10-07,112.52442169189453,113.39691457562883,111.17933109637139,112.4608026358084,393900
2020-10-08,114.17853546142578,114.28759968299418,112.67894228511732,113.39692587507994,522800
2020-10-09,114.12401580810547,115.85082798220606,113.98768725389468,114.97833494279864,425600
2020-10-12,114.83292388916016,115.37823120965429,113.62415459052635,113.87863781178514,238700
2020-10-13,111.3520278930664,115.13283801802878,111.06119687837379,114.17854506740325,247100
2020-10-14,111.27934265136719,113.48784339630949,111.05213066910547,111.05213066910547,334000
2020-10-15,111.89733123779297,112.35175508745822,108.5800357484452,109.7160953726083,273300
2020-10-16,112.21543884277344,113.66959393426266,111.37930053191194,112.1972580037782,291400
2020-10-19,110.68856048583984,112.97885360311831,110.38863908537554,112.15180581469687,221900
2020-10-20,111.42472076416016,112.46080653287004,111.20659926915737,111.60649445496023,184100
2020-10-21,111.73375701904297,112.57898579781798,111.18844276128452,111.18844276128452,298300
2020-10-22,113.23334503173828,113.65142112515895,111.03393500127966,111.26114695320204,236400
2020-10-23,114.50572204589844,115.42366018255926,113.0243027618274,114.24215537561135,258500
2020-10-26,111.93368530273438,113.45145928731226,110.48861386385661,112.98794502194117,195300
2020-10-27,109.68883514404297,112.15181166905832,109.55250659726484,111.98821879971615,186900
2020-10-28,111.07028198242188,112.52443698629548,107.77116716732507,107.77116716732507,402300
2020-10-29,113.78772735595703,114.4784535378681,109.03445784777922,110.41590327764382,360700
2020-10-30,113.03340148925781,114.34213758424872,111.71556804095248,112.9425111636132,286300
2020-11-02,118.08655548095703,118.39557418748213,113.8695103388423,114.06036749221266,881800
2020-11-03,114.79656982421875,119.33172559249839,113.21517650521761,118.59556105216247,961400
2020-11-04,114.41483306884766,118.19564271912697,112.4971639229346,112.4971639229346,438500
2020-11-05,115.7508544921875,116.41430949244938,113.85135901522489,115.30552101889243,324700
2020-11-06,115.50545501708984,117.60489106069754,115.17827621256892,116.7505858410344,259400
2020-11-09,119.78614807128906,124.3939994082221,118.71370040889995,124.00320149366912,716100
2020-11-10,121.93099975585938,121.94916672332073,119.58617123733353,121.32207351596564,719000
2020-11-11,119.59528350830078,122.65811014829804,118.75914516265019,121.97647427074313,638800
2020-11-12,118.89546203613281,119.84065753641119,117.59580262184537,118.93180984202552,344900
2020-11-13,121.34025573730469,121.70380315094538,119.71342439849961,119.87701033370105,428300
2020-11-16,124.61212921142578,125.25741728651545,122.91258817043396,124.07591230847038,466100
2020-11-17,125.95723724365234,126.12992057738109,122.28549753479524,123.38519581603691,558900
2020-11-18,123.25790405273438,126.94782299941382,123.1670276157104,126.09351792540379,342500
2020-11-19,122.62174987792969,122.77625234780088,121.04944698531811,122.35819010413003,284700
2020-11-20,121.68563079833984,122.93074784058022,121.3584450372067,122.24911199387927,423800
2020-11-23,122.99435424804688,123.4942232295744,122.35816366606393,123.22156616074896,379100
2020-11-24,123.6760025024414,124.41216695523134,122.85803121318459,124.20313585740709,517200
2020-11-25,123.22159576416016,123.68510318497866,121.95829778075168,122.94893862983012,377500
2020-11-27,122.1895523071289,123.27637398929197,121.92470327818202,122.87452255026476,158300
2020-11-30,117.92449188232422,122.17131644567787,117.85142670548451,121.35848551500276,504500
2020-12-01,119.97025299072266,121.166665428234,119.39487353864271,119.99765068503552,455700
2020-12-02,120.17118835449219,120.65523290722226,118.91998042789815,119.09349452722567,619000
2020-12-03,120.71912384033203,121.23057988814429,119.81497222642342,119.81497222642342,604900
2020-12-04,121.08448028564453,121.76032263977629,120.29904714707473,121.3767270227313,338700
2020-12-07,119.94285583496094,120.5638888231808,119.31268099142575,120.13463969601206,476900
2020-12-08,120.49081420898438,121.35845425058565,119.05695054820063,119.05695054820063,395900
2020-12-09,119.80587005615234,121.07536177474425,119.59581639107006,120.82876855483904,376000
2020-12-10,121.02967071533203,121.45891981843762,119.25787891710966,119.45880462221247,379500
2020-12-11,120.75569152832031,121.78771784653696,120.07984918800283,120.54563788385559,257000
2020-12-14,120.23509979248047,122.71925955981064,120.18944625997267,122.1530219734686,244600
2020-12-15,120.91092681884766,122.32653454166734,120.29902184152623,120.84700351995738,470600
2020-12-16,122.5731430053711,123.12111081651481,121.26712588075685,121.59591214174498,310900
2020-12-17,120.89266204833984,123.47728445204238,120.71000612655683,122.97497021532395,434200
2020-12-18,119.90631866455078,122.02516664800366,118.9564993884978,120.78308671116189,915100
2020-12-21,119.47706604003906,120.207689713946,117.79659535709455,119.56838703140077,370300
2020-12-22,120.08899688720703,121.02968830886219,119.7145431154688,119.78760828574136,334200
2020-12-23,120.95658111572266,121.87900244040199,120.16202031065978,120.16202031065978,260600
2020-12-24,121.12100219726562,121.33106977535463,120.41777610428912,121.05707888688389,86700
2020-12-28,121.81511688232422,122.41788012680061,121.01141397534798,121.45893290050626,188300
2020-12-29,121.03881072998047,122.28089069666885,120.56389411266429,122.28089069666885,204500
2020-12-30,122.40873718261719,122.86538397175946,120.94746188306029,120.94746188306029,210900
2020-12-31,124.40885925292969,124.57324541698166,122.26261365055211,122.80146748281712,233100
2021-01-04,120.65522003173828,124.74677152481365,119.68713102958583,124.39972942743641,395700
2021-01-05,120.69175720214844,121.87904180246184,119.64147501865348,120.88355501139188,258700
2021-01-06,125.9888687133789,126.8473670591601,121.65072344605365,122.06170284212263,371300
2021-01-07,127.25836181640625,128.54610949052025,126.23547716302912,126.47292854734646,381000
2021-01-08,126.59162139892578,127.30398926362226,124.69196911448387,127.30398926362226,188700
2021-01-11,125.86097717285156,126.8564637604151,125.37693272437559,125.42260018731265,183200
2021-01-12,128.92965698242188,129.06665938508877,126.82907889665343,127.16700700796149,353400
2021-01-13,128.18072509765625,129.2127370895426,127.63274352254375,128.50951125557367,333800
2021-01-14,127.06655883789062,128.92054396171517,126.5733724285027,128.13511081055628,328100
2021-01-15,128.01634216308594,128.03461193423195,125.60524799464463,126.04362495188336,306100
2021-01-19,130.58270263671875,130.93888654949498,128.02547801218918,129.13056929507357,321400
2021-01-20,129.6968231201172,131.21289388746717,129.65116958731235,130.08954662682453,277200
2021-01-21,125.76966857910156,130.23567375377246,125.23995661547798,129.3771755346499,262100
2021-01-22,123.20330047607422,125.55047170600328,123.03891431802305,125.01163182916311,305300
2021-01-25,121.22146606445312,123.18505583499183,120.97488680496318,122.09823412768417,340100
2021-01-26,119.15742492675781,122.2260921815742,118.05233346650247,121.8973059065669,455900
2021-01-27,119.44966125488281,120.00677089638542,116.90157829716851,118.40850713060381,626100
2021-01-28,121.92472076416016,123.2763916691216,120.13465880697562,120.51825446161017,452900
2021-01-29,123.7238998413086,124.24447000871173,120.93835124242293,121.41326787299263,632600
2021-02-01,122.82887268066406,124.32667376624535,118.96563036037196,124.05268287366528,673100
2021-02-02,121.93382263183594,124.47277770650003,121.81510394101284,124.2535961629778,697200
2021-02-03,121.69637298583984,122.8379899932117,120.18030225546894,121.92469638731421,409300
2021-02-04,120.44517517089844,124.26273607025475,119.70540951863359,122.45441848296784,783300
2021-02-05,122.71012115478516,122.94757245940326,120.16203829822689,121.22144821831449,558600
2021-02-08,123.69650268554688,123.98874942703598,122.4726924550338,123.12112318706792,392200
2021-02-09,124.3266830444336,124.33581096509037,121.98865326667962,123.12112860141605,695800
2021-02-10,117.29429626464844,123.34943759696841,117.15730779205278,123.34943759696841,1373500
2021-02-11,119.1665267944336,119.83324105417464,115.77820889296524,116.91069083269866,984900
2021-02-12,117.02032470703125,118.93823309044582,115.77823776599911,118.20759535286876,605900
2021-02-16,115.0293197631836,117.88793303233135,114.50874271872526,117.88793303233135,690900
2021-02-17,114.81926727294922,115.54989793891791,114.09776452569288,114.56354619146634,901000
2021-02-18,112.12504577636719,114.90145899730013,111.86932469789177,114.56354484411908,607300
2021-02-19,113.2269287109375,113.75031948288566,111.61084910261164,112.48316472067914,817200
2021-02-22,116.51419830322266,116.64274993634024,112.24442761599275,112.68518107635201,857000
2021-02-23,117.23042297363281,117.9007269537042,115.71534206535271,116.98250395489632,572100
2021-02-24,117.6528091430664,119.44335476109654,117.5885263206123,117.5885263206123,420700
2021-02-25,114.93486022949219,118.22212567722535,114.7512170112386,117.99256815163851,326400
2021-02-26,113.14431762695312,115.43989294966995,112.45564503013809,114.76040461569696,746400
2021-03-01,115.97244262695312,117.27632744246579,114.2553501408084,114.2553501408084,519800
2021-03-02,116.28463745117188,116.49583341692107,114.84301674530501,115.67860934193824,378300
2021-03-03,117.57017517089844,119.1036317589327,115.94491098557333,116.52340042883081,470000
2021-03-04,117.60690307617188,119.33318000367619,116.67030452921973,118.14865542730884,695200
2021-03-05,121.13288879394531,121.41753782603095,118.08437275967852,118.44248186634701,375600
2021-03-08,122.85916137695312,124.9894474237301,121.36244218132488,121.75728831751151,371200
2021-03-09,123.88758850097656,127.00038760491248,123.70394530529364,124.4109863203045,677900
2021-03-10,127.3952407836914,127.51460116134876,123.13465395886554,123.8784180494352,569100
2021-03-11,125.31083679199219,127.33093978941368,125.19146242028735,126.28415825368131,495100
2021-03-12,125.1363525390625,127.54211006453734,124.8700720693492,126.11886512302326,457100
2021-03-15,126.8626708984375,126.9912225488731,124.02534332098678,125.15476239346229,374400
2021-03-16,126.1556167602539,126.70656035429423,124.90682342336311,126.21070831744241,473300
2021-03-17,127.30342864990234,128.09310714687828,125.8067090075795,127.18405424571797,654400
2021-03-18,130.94879150390625,132.80362017776775,128.06554963000067,128.4420273232593,673900
2021-03-19,131.95883178710938,132.75768735708462,129.66325692067286,131.45380251427792,1450100
2021-03-22,129.24087524414062,131.8578364041371,128.36855952783452,131.53645029288202,560500
2021-03-23,129.12152099609375,130.85697544316383,128.28594219645288,128.28594219645288,332800
2021-03-24,130.3886260986328,131.92206811860473,129.12146454455305,129.72749954964112,402500
2021-03-25,131.80271911621094,132.08738216625358,129.2500410098335,130.71921451484764,319800
2021-03-26,132.82196044921875,133.00561765331568,131.18751221251424,132.33529968273243,327600
2021-03-29,132.013916015625,132.88623161424368,131.0956861200103,131.38033514587866,287900
2021-03-30,132.87709045410156,133.07908819581743,131.1232675144095,131.76602581372384,371900
2021-03-31,130.177490234375,132.95972642408432,130.1132073995709,131.89457610423338,434400
2021-04-01,130.66409301757812,130.719184559453,128.451156011779,129.60812042437263,263400
2021-04-05,131.11402893066406,131.83026107552442,130.2049903822077,130.84774844956954,267100
2021-04-06,131.67417907714844,132.38122011464932,130.18665093039945,131.169163775726,228400
2021-04-07,133.6759033203125,133.9238293030546,131.29769137011883,131.9863637580103,339100
2021-04-08,133.4371795654297,134.30949519287375,132.92295903758915,133.07905644367267,390800
2021-04-09,134.94309997558594,135.11755192310054,133.24436870736943,134.15342153900497,242400
2021-04-12,135.81541442871094,136.017426167098,134.65843556138893,135.26447077655007,313800
2021-04-13,136.16433715820312,136.5775519175111,134.34624545935048,134.9339121706503,329000
2021-04-14,137.275390625,137.87223454502515,136.27452324664714,136.38470636761707,416300
2021-04-15,137.7987518310547,138.45986439216287,137.39472848015683,137.41308298805237,408300
2021-04-16,140.0300750732422,140.4708215503709,139.28631101462562,139.37812560802692,378000
2021-04-19,140.7095489501953,141.58186451597086,140.2045197244066,140.96665219040125,253400
2021-04-20,141.4349365234375,142.2705290132547,139.6811142235552,140.66362684564083,258700
2021-04-21,143.005126953125,143.2714074541925,141.3614876171487,141.82060255842626,291700
2021-04-22,141.26966857910156,142.7480192038229,140.66363351307464,142.52763899497432,227800
2021-04-23,143.051025390625,143.47341729601789,141.57267473836382,141.76550917608304,166400
2021-04-26,142.4817352294922,144.52938403121595,142.39909789922044,143.3356963421971,189200
2021-04-27,143.55606079101562,143.65706664157577,141.67368667298203,142.90412540100823,243200
2021-04-28,141.9491424560547,143.68459623028642,141.74713077769331,143.55604461779055,246400
2021-04-29,143.69384765625,143.9050366771107,142.02266198304756,142.02266198304756,229500
2021-04-30,142.8765869140625,143.9600915380087,142.4174719355611,143.39997070379394,285200
2021-05-03,144.8875274658203,146.09042071719995,143.7030167514028,143.7030167514028,203400
2021-05-04,144.7222442626953,145.61292856606488,144.04274895578143,144.66715269936591,336900
2021-05-05,146.36587524414062,147.06373910109934,141.16870342328315,143.6203761576731,530100
2021-05-06,148.64305114746094,149.8918442916878,145.75981000710894,146.5862112595945,425700
2021-05-07,147.56874084472656,148.0278558179076,145.93427865001112,146.9351599399644,254500
2021-05-10,146.88003540039062,149.31333860737718,146.81575259326416,148.6522120735782,322600
2021-05-11,143.39996337890625,147.0453372428873,142.89493412613623,147.0453372428873,412200
2021-05-12,143.546875,145.63126069520752,143.24385746633828,144.5477421798951,239700
2021-05-13,146.27401733398438,146.86168387523836,142.45417781029573,142.47254633032492,225200
2021-05-14,148.04623413085938,148.39516605012085,146.8158091675722,147.34838430341574,405200
2021-05-17,148.44105529785156,149.52455990052874,147.4769110597092,147.60546269072307,165400
2021-05-18,145.7506866455078,148.0646308460183,145.51195181960608,147.06376321567234,291300
2021-05-19,144.23556518554688,144.91506040647084,142.38073672540344,144.91506040647084,261500
2021-05-20,144.11619567871094,144.88750551595015,143.4275231788021,144.29983887647106,310200
2021-05-21,145.9159698486328,149.19404449827366,145.47520924833105,145.86087827636544,605000
2021-05-24,146.12709045410156,146.8433085803649,145.8516187106753,146.71475696824263,304800
2021-05-25,144.4742889404297,146.76068643283898,144.2171856896057,145.87000230995724,309500
2021-05-26,144.749755859375,145.383336710191,143.78561169557133,145.11704220221645,530400
2021-05-27,148.11048889160156,148.18394896652748,144.95177572517034,145.81491409170405,564200
2021-05-28,148.58071899414062,149.1339262025659,146.37713325936468,148.61760697797897,287900
2021-06-01,149.04171752929688,150.59068924278515,148.8020019133976,149.5119478682732,307300
2021-06-02,147.55726623535156,149.428944156156,147.48351841959186,148.94026991342162,348400
2021-06-03,149.6226043701172,150.1297086937217,146.7551752697121,147.43746236589323,368700
2021-06-04,150.3786163330078,150.8303885629563,149.06014541640084,149.36440793561783,254400
2021-06-07,149.87155151367188,150.78432524251593,149.28147030977382,150.78432524251593,353900
2021-06-08,150.70127868652344,151.03320008952653,148.41471683730177,149.23529835185948,318000
2021-06-09,150.0651092529297,150.70129317557087,149.88071158211903,150.70129317557087,238000
2021-06-10,149.43817138671875,151.06089077085585,149.36440949626132,150.74741328789338,307300
2021-06-11,150.1481170654297,150.56301538861922,149.57646593233278,149.61335391183172,263700
2021-06-14,148.2856903076172,150.54459402325153,147.9353247929335,149.74245620662748,292100
2021-06-15,148.35020446777344,149.44738975177876,147.6033846542619,148.6360370755482,642900
2021-06-16,147.40052795410156,148.83884953267716,146.74591408960057,148.1657916798598,472600
2021-06-17,142.54161071777344,147.91687361341206,141.98840351816733,147.91687361341206,552400
2021-06-18,139.10252380371094,141.0663937878208,138.29117110546463,140.07062931990492,1214200
2021-06-21,142.6614532470703,142.85507997633545,140.16283416903863,140.43020872325533,392900
2021-06-22,142.753662109375,143.6019028004406,141.39831718217155,142.56926440586386,284900
2021-06-23,142.90118408203125,143.82318665650263,142.3295329191819,142.6798983994467,263200
2021-06-24,143.35293579101562,143.99833468690392,142.45859229648443,143.3345058715908,375500
2021-06-25,146.16506958007812,146.65372982766402,143.05792535134455,143.58345951235597,412900
2021-06-28,144.34872436523438,146.0452057675914,143.64800745608076,146.0452057675914,219800
2021-06-29,143.66647338867188,145.79629746247696,143.29766385228325,145.46437591404984,269000
2021-06-30,143.9983673095703,144.45936863516422,142.87353701827357,143.58346893026456,253600
2021-07-01,144.61611938476562,145.29839233289232,143.50970496435002,144.4593665559132,384000
2021-07-02,144.29339599609375,144.71752335024647,143.77707683009365,144.58844355874643,301500
2021-07-06,144.57919311523438,145.2153770179143,142.5507906626804,143.92457929409997,389900
2021-07-07,144.72674560546875,145.04022310510578,143.27919480694737,143.4082746049534,414400
2021-07-08,142.31112670898438,144.7728723047617,141.69337250075273,143.38986821261858,428100
2021-07-09,144.74517822265625,145.169291496218,143.6111050128834,144.08133529403273,314900
2021-07-12,144.87423706054688,145.55650981117327,143.56499538193336,143.56499538193336,358100
2021-07-13,143.0948028564453,145.2338556735359,142.96572305325145,144.94803711422406,207700
2021-07-14,142.95645141601562,144.0905102422328,142.32026761369156,142.58764207550425,198300
2021-07-15,143.87850952148438,143.97070134092496,141.7671156746958,141.7671156746958,344300
2021-07-16,143.61114501953125,144.67145663609665,143.41753231812118,144.36719403666376,223200
2021-07-19,139.65573120117188,141.89619070612196,138.198965444013,141.7210220344812,274500
2021-07-20,142.10824584960938,143.74018009951246,139.3883272958217,139.79401063545004,360200
2021-07-21,141.9515380859375,144.26575973633524,141.76712629595352,142.97496161831347,294300
2021-07-22,140.52244567871094,141.42600445490373,139.9231354364838,141.38913053427467,309200
2021-07-23,142.92880249023438,143.9706555371753,141.97914123340354,142.17275384068193,276400
2021-07-26,143.62954711914062,144.05367445578358,142.4586000147478,142.845839373261,258900
2021-07-27,144.49620056152344,144.9203137380921,141.94225026933242,142.64298101631482,222500
2021-07-28,144.40406799316406,145.5658004764988,142.3756647317477,145.12322902158763,235300
2021-07-29,145.6302947998047,145.93455731876327,144.43168871353694,145.71327164989106,287600
2021-07-30,145.501220703125,146.90266852353267,144.84660676864155,145.3168230061709,273500
2021-08-02,144.99411010742188,147.06861576135358,144.7175206084778,145.9622155596517,323700
2021-08-03,145.7133026123047,147.05943276385787,143.6664695320363,145.61188175110107,408900
2021-08-04,143.4820556640625,146.18353089060767,141.2876988048628,144.64378806993057,454500
2021-08-05,146.40476989746094,146.4416578756767,144.17352554922115,144.17352554922115,261200
2021-08-06,147.54808044433594,148.70979869886423,146.69062474736967,147.1977149413293,349800
2021-08-09,147.2345733642578,148.47005326971643,146.22959407110002,147.2161293760543,512600
2021-08-10,149.6226043701172,150.58149510359578,147.60341610708448,147.70483697180538,300200
2021-08-11,151.21762084960938,151.73395405323242,149.5487986209571,150.06511775593887,441700
2021-08-12,152.9971160888672,153.6333001438042,151.7616359620105,152.1304313803236,431200
2021-08-13,152.13043212890625,153.467333112674,151.93680538872087,153.467333112674,368200
2021-08-16,153.64248657226562,153.7254634156799,151.143853760989,152.05664124446866,298100
2021-08-17,154.41697692871094,154.9701840639343,152.3793592535432,153.21837084815482,212100
2021-08-18,152.1580810546875,154.59216724559673,152.07510420092348,153.4581080382274,309100
2021-08-19,150.78431701660156,153.31982446932696,150.50772745849287,150.96872881353386,320100
2021-08-20,152.2502899169922,153.2921432614698,149.99137235028226,150.5077056106384,251400
2021-08-23,153.68862915039062,154.16807448374203,152.25030721898082,153.2645017269174,360500
2021-08-24,153.7346954345703,154.5460480336943,153.4119889457162,153.79922829115648,288400
2021-08-25,155.6432342529297,156.62055461727883,154.1864686663681,154.25101559202645,306900
2021-08-26,154.17727661132812,155.8276550827663,153.83614014971448,155.6893603195833,441900
2021-08-27,156.76910400390625,157.03753803478926,154.14949577418864,154.2513185012939,285900
2021-08-30,156.0748748779297,157.15789081508956,155.79717522431125,157.0375510028303,277300
2021-08-31,157.4633331298828,158.0279838204512,155.76938105817771,155.76938105817771,646200
2021-09-01,156.96348571777344,158.31493549078112,156.45437212202856,158.0094673333342,357300
2021-09-02,157.8891143798828,158.32415960536926,157.16708987153433,157.34296673097907,335500
2021-09-03,157.7040252685547,158.21313894853415,156.70431498542897,157.59295105633777,269800
2021-09-07,155.9822998046875,157.50964080004846,155.90824562390722,157.4170695429754,212900
2021-09-08,158.4075164794922,158.6666990306531,155.46392304217932,155.46392304217932,276900
2021-09-09,157.21343994140625,159.41650613766254,157.17641990947578,158.63895834759285,249800
2021-09-10,155.44537353515625,157.87985283747705,155.38058497307836,157.87985283747705,285900
2021-09-13,155.12144470214844,156.25999770458654,154.35314847508172,156.25999770458654,330600
2021-09-14,153.48304748535156,155.56577387053233,152.7147511683356,155.41766549328756,347000
2021-09-15,151.7242431640625,153.8347372246747,151.58538632163047,152.96461852655827,369500
2021-09-16,150.80787658691406,152.01123223382982,149.49344673776883,152.01123223382982,443200
2021-09-17,149.43792724609375,151.84462469913532,148.752936628051,150.40060340243207,918700
2021-09-20,147.0126953125,147.62361754882153,144.67077259643955,146.91087258571477,509000
2021-09-21,147.0497283935547,148.18828144004175,145.97596392928844,147.55884207268016,310300
2021-09-22,148.18824768066406,149.5489629656133,147.85501099609715,148.37337603333725,340900
2021-09-23,148.0309295654297,150.22473011745421,147.66067275580588,149.01212282288552,254700
2021-09-24,149.17872619628906,149.6600571526861,147.81801072949585,148.29009021055867,220700
2021-09-27,149.70635986328125,151.52065206752377,149.6693398333296,150.18770499900134,284600
2021-09-28,147.54959106445312,150.70608206281082,147.36446265129624,150.0211055216911,262900
2021-09-29,148.66961669921875,149.75263256781264,147.86430046666203,147.97537467132085,210800
2021-09-30,146.02224731445312,149.75264020464286,145.98522728580903,148.98434395966208,286300
2021-10-01,147.1792755126953,148.40114797590263,145.28167825510707,146.7719846916262,239900
2021-10-04,145.60569763183594,148.62333123154804,145.3002294443071,146.85532480875548,255200
2021-10-05,148.05868530273438,148.82698153436596,145.07807163279617,146.71648682855007,291500
2021-10-06,149.1232147216797,149.27130897442592,145.66125555912697,147.05899129184175,261300
2021-10-07,150.594970703125,152.28892280834796,149.93774875543735,149.93774875543735,219400
2021-10-08,150.1506805419922,151.49287904733114,149.81744378468676,150.43763166992915,214600
2021-10-11,149.2620391845703,151.61319935451326,149.18798500508677,150.46539488349455,152900
2021-10-12,149.33609008789062,150.42835743143192,148.63259658481607,148.91954769627554,239600
2021-10-13,148.27159118652344,149.39164131147635,146.37400743153066,149.27130149553165,246600
2021-10-14,151.14109802246094,151.57615743635145,149.0583721950912,149.909973949578,372800
2021-10-15,150.4005889892578,153.0849999721259,150.30803186015973,152.2148810371407,361600
2021-10-18,150.37281799316406,150.6505176247236,149.79891577916038,149.79891577916038,222600
2021-10-19,151.2614288330078,152.11303053694124,151.01149779373125,151.15960612251644,223800
2021-10-20,152.63143920898438,153.39973549431943,151.2614720869418,151.45585196521705,251800
2021-10-21,152.76101684570312,154.08471234226874,151.95570060177528,152.3722429995176,297900
2021-10-22,153.27935791015625,154.28831945669424,152.3074163850853,153.21456934149188,266500
2021-10-25,152.34446716308594,153.7236996968124,151.63170808363364,153.36268029505663,372400
2021-10-26,150.1969451904297,152.6777107425425,150.0395853572733,152.48331675782558,306000
2021-10-27,149.03062438964844,152.3352232753872,149.0028558380364,150.7430937358074,320400
2021-10-28,151.3817901611328,151.45584434297467,149.6137977705758,149.6137977705758,232800
2021-10-29,149.31756591796875,151.97419409713186,149.2250087933353,151.68724299930597,334600
2021-11-01,149.44715881347656,150.39133189107508,148.8269709865842,149.87296678945697,296300
2021-11-02,149.67855834960938,150.2432090216748,148.55852260421966,149.62302125471578,295800
2021-11-03,153.1868133544922,155.86195857415296,149.14168711362342,149.37310110883416,595100
2021-11-04,152.02052307128906,152.95544493009587,150.5394815353194,152.61294251055563,304600
2021-11-05,150.4561004638672,154.71412316002042,148.86398534530295,153.03868827775278,478100
2021-11-08,149.2712860107422,151.65022878273203,148.95656635103313,151.0578094897073,343000
2021-11-09,148.5030059814453,148.94733109288444,146.92939338717534,148.91956253896845,376800
2021-11-10,147.79949951171875,149.59527450501443,146.51283816977863,148.50299302352525,496300
2021-11-11,148.4937286376953,149.5304588016742,146.1888401934324,147.44773287443073,402300
2021-11-12,148.30857849121094,148.84546056854614,146.57760660566242,148.49370683268137,344100
2021-11-15,148.20680236816406,149.47494673643803,147.70695427664612,148.9936157222034,394300
2021-11-16,148.62332153320312,149.80816005481637,148.09570497054833,148.34562191498986,303700
2021-11-17,149.05838012695312,149.51195663827417,147.10524545993405,148.62332068991174,232600
2021-11-18,148.32713317871094,149.76188878225378,147.62362552857053,149.24352364492336,351000
2021-11-19,147.6236114501953,147.99388231611314,146.12405328529874,147.8920595935344,274100
2021-11-22,151.19667053222656,151.75206986603646,147.44776033998914,148.2530907864527,318800
2021-11-23,152.45553588867188,153.0664722205468,151.26144589854292,151.73352535987033,298100
2021-11-24,149.88223266601562,152.5666438064527,149.52122735524543,152.27967855355087,304900
2021-11-26,146.2290496826172,147.15860948143512,144.09105930854454,145.5690701684723,268400
2021-11-29,145.04852294921875,148.1904400019457,144.89049946568542,147.66988871878686,266000
2021-11-30,141.3860626220703,144.22120889287157,140.86549717768918,143.44038200223696,519900
2021-12-01,138.7554168701172,144.82544217224586,138.7368216997209,143.51475924651038,503700
2021-12-02,142.17617797851562,143.28235648312517,139.23876541204882,139.23876541204882,531900
2021-12-03,141.5068817138672,143.384596445964,140.67028358322705,143.02206869815905,339100
2021-12-06,143.7750244140625,145.0949977367817,142.88265487552803,143.13362582976444,394200
2021-12-07,144.9927215576172,145.7084865155168,143.91444305922258,144.31414693163626,363800
2021-12-08,144.76036071777344,146.03386743872937,144.3792519347321,145.13219319190452,379900
2021-12-09,144.7510528564453,145.234427922837,143.87726437703003,144.19331130415054,262200
2021-12-10,144.081787109375,145.97808309877593,142.8826610576001,145.652745638259,363600
2021-12-13,143.25442504882812,144.10961814607208,142.31557499493007,143.51470059216527,283600
2021-12-14,142.69671630859375,145.38314349766063,142.19476026978737,143.14291521415115,313600
2021-12-15,142.6688232421875,143.13360310670956,140.8190084591214,142.98488432986895,530000
2021-12-16,142.95701599121094,145.16008267961016,142.5944881843542,143.84939976868236,874700
2021-12-17,139.97311401367188,142.8919311688426,138.79256911617298,142.79896951683546,1499700
2021-12-20,137.15658569335938,139.0807675858334,134.99070911459282,138.72754441841892,504000
2021-12-21,140.614501953125,142.19475063063777,138.07679372064777,138.07679372064777,467700
2021-12-22,141.01422119140625,141.71139105311454,140.26128001019444,140.6145172789929,308900
2021-12-23,141.5533905029297,142.84547828844975,141.469733510131,141.7857804944546,187100
2021-12-27,142.5572967529297,142.73391539087655,141.02352869994644,141.40463745219463,178300
2021-12-28,143.0034637451172,143.96090912082548,142.17615616269092,142.17615616269092,221100
2021-12-29,143.7936248779297,144.3141761585691,143.2730735972903,143.2730735972903,242000
2021-12-30,143.88656616210938,145.41104378288338,143.8493900082184,144.5279647424032,194500
2021-12-31,144.88121032714844,145.76428941818807,143.21730430407115,143.75643657812657,294500
2022-01-03,145.26231384277344,146.4056684246773,144.30486838398258,145.37385647984985,297100
2022-01-04,146.62876892089844,147.74423785143054,145.73638526609855,146.35918863411268,434700
2022-01-05,145.2995147705078,148.1904468073449,145.19726260776596,146.84258770499073,330300
2022-01-06,144.85330200195312,147.19579661554332,143.9609183735523,146.8053690266478,633900
2022-01-07,147.55833435058594,147.7442434821003,144.84402131539528,145.3273822205411,1323400
2022-01-10,145.33668518066406,148.8597106975216,143.7750172896759,148.33915946184464,533600
2022-01-11,146.37779235839844,146.5729919860747,144.34205399459887,145.94089808927444,673000
2022-01-12,146.0152587890625,147.93014975619158,145.4854028813259,146.5265195288196,440100
2022-01-13,144.96485900878906,147.14933037866666,144.69529288720912,146.71243610469114,407600
2022-01-14,143.97952270507812,144.18402700410445,142.19476951863163,143.1986958454998,365900
2022-01-18,141.88800048828125,144.00739559574805,141.7392675232768,143.44036357763022,799200
2022-01-19,140.856201171875,142.75251118514424,140.81902501928192,142.5480068859886,598700
2022-01-20,138.60665893554688,142.68742578979916,138.4951163011571,141.18154348971103,1011600
2022-01-21,136.6360321044922,138.95993214868338,136.41293259402414,138.2999382951906,537800
2022-01-24,139.0621337890625,139.536204119596,134.0239078420356,134.99994834273875,1045100
2022-01-25,138.60665893554688,139.89874645840243,135.51122317562172,137.56555652402486,528300
2022-01-26,140.22413635253906,141.83227123469,138.80191063979947,139.4711808128883,609700
2022-01-27,138.22557067871094,143.10576073221728,137.81656200479298,141.2466407118339,405600
2022-01-28,140.41000366210938,140.54014146029596,137.29597281299021,137.9931426284089,408400
2022-01-31,141.7671356201172,141.92515905687603,138.69029548050008,139.23873226406684,349200
2022-02-01,140.59593200683594,141.76717235071754,139.49905815551227,141.03282628563994,490700
2022-02-02,142.21334838867188,142.52010480205587,140.19620547395522,140.19620547395522,372100
2022-02-03,141.107177734375,142.63165520938853,140.8654831133399,142.5851743835005,322700
2022-02-04,142.2877197265625,143.7842973283508,140.1311342681663,140.54014283330739,477600
2022-02-07,141.9810028076172,143.47759500977486,141.757903296204,142.28775931682517,450300
2022-02-08,145.04852294921875,145.17866077000846,141.90662008045047,143.0406843118859,715800
2022-02-09,154.82749938964844,156.4914196043378,150.746731871732,150.746731871732,836200
2022-02-10,151.11854553222656,155.15283171448175,149.94729109069905,154.17679107452787,561400
2022-02-11,150.52362060546875,153.07991020830863,149.70561757765125,150.8489722285042,508500
2022-02-14,150.57940673828125,152.04811301828474,148.98985313768293,151.1092484825088,626400
2022-02-15,154.0001983642578,155.2086291607662,152.29910191888945,152.41994925372813,551000
2022-02-16,155.42239379882812,155.99873051278286,152.5221717976038,152.97766120018858,462900
2022-02-17,154.32553100585938,155.1714196935931,153.35878081422405,153.9815842146248,539800
2022-02-18,153.87930297851562,156.21250684989693,153.80495068609648,154.23254019530435,1474800
2022-02-22,153.4889373779297,155.8593181331314,152.42923958176368,153.85146519809282,558900
2022-02-23,152.07598876953125,154.8925538254059,151.5740185351229,154.2697504622345,403700
2022-02-24,151.9830322265625,152.6987972672721,146.70313919971295,148.09747894491076,823600
2022-02-25,157.20098876953125,157.27566584732767,152.9724971612833,152.9724971612833,563300
2022-02-28,158.41445922851562,160.24399770100064,153.84058456091188,153.84058456091188,590800
2022-03-01,154.12994384765625,158.3211037011064,153.00048696452725,157.89171409915315,532500
2022-03-02,157.6396942138672,158.61046765578064,155.27808702297108,155.39009550848553,340100
2022-03-03,159.24522399902344,159.90795989736043,156.92094810024585,158.4891239525326,376700
2022-03-04,158.11573791503906,158.1624128631185,155.44609325731062,156.78092270777205,351400
2022-03-07,157.05157470703125,158.00368928175868,155.16601838070187,156.60352665435573,413300
2022-03-08,155.12872314453125,159.46922260415315,154.84868770512472,157.95705117182962,316300
2022-03-09,157.53700256347656,160.51468467562495,156.66889413980235,158.1904090826328,359100
2022-03-10,158.12509155273438,158.4144705781028,155.81948834593786,155.81948834593786,311700
2022-03-11,158.63848876953125,161.0934461543962,158.61981593864496,159.12388267019736,249100
2022-03-14,159.2825469970703,161.06542468789718,157.99439244134484,160.17865761044348,388000
2022-03-15,161.9615478515625,162.3442625645033,159.91732143751702,159.91732143751702,332500
2022-03-16,162.7549591064453,163.73507612383617,160.17866413327687,163.01632174532347,391700
2022-03-17,164.3884735107422,164.4631505809799,161.32678484696953,161.55081605768268,334600
2022-03-18,164.67784118652344,164.78984967227595,162.24155691904144,164.56583270077095,832800
2022-03-21,166.32070922851562,166.871450901243,164.32314367196872,165.6766461333942,401300
2022-03-22,167.65554809570312,169.30774471851228,166.91813505117085,167.59954384462435,339500
2022-03-23,167.05812072753906,167.8048771978491,166.16201011452802,167.13279779888956,379000
2022-03-24,170.69854736328125,170.88524717247236,166.40472237260394,167.55285213451165,437500
2022-03-25,172.2013702392578,172.5280806252799,170.64252386214622,171.14659050096918,391800
2022-03-28,171.44528198242188,171.96800719775214,169.86776280124693,171.96800719775214,269000
2022-03-29,169.24237060546875,172.65877182184352,168.5796347465252,172.03336737674675,368700
2022-03-30,170.04510498046875,171.14657380150757,168.7476213414979,169.59705686771716,433400
2022-03-31,169.72775268554688,171.88400132648076,169.72775268554688,169.7837569240344,457500
2022-04-01,173.07882690429688,173.22818105385872,170.2971735238868,170.2971735238868,426500
2022-04-04,169.69973754882812,172.9014363777812,169.25168943210312,172.9014363777812,410900
2022-04-05,169.76512145996094,171.58534507057774,169.3450753356636,169.3450753356636,323600
2022-04-06,172.27601623535156,172.56538091428348,169.13032192888448,169.43835943189984,458800
2022-04-07,173.37753295898438,174.12427521073548,170.4838568822648,172.32273887575255,367700
2022-04-08,173.8069305419922,175.38445010033539,173.46156149425929,174.64703704737119,329100
2022-04-11,174.4136505126953,176.6259035851246,173.86290888539924,174.71234455841972,285500
2022-04-12,173.60157775878906,176.02853319551272,173.12552736052612,174.19898020184752,299300
2022-04-13,175.27243041992188,175.34710749851774,172.5841125632565,172.63078751777846,241800
2022-04-14,176.70059204101562,177.53135493870045,175.6738000356991,175.68314357232674,310400
2022-04-18,176.71923828125,178.21273686776144,176.103163170757,176.17784023656168,215700
2022-04-19,176.9059295654297,178.24074477162372,176.1498438340113,176.6258941203725,525400
2022-04-20,180.26634216308594,180.69573181602675,177.55003635080982,177.7087198059932,326100
2022-04-21,177.66200256347656,181.19974117766608,177.34463572864874,181.08773270494882,332000
2022-04-22,174.15225219726562,177.8393446435519,174.03090019935797,176.84989856483728,364800
2022-04-25,174.70301818847656,175.15106638615688,170.29717055556657,172.92014044754657,383700
2022-04-26,172.58409118652344,175.27240871020652,172.26672432419824,173.63888520664526,506200
2022-04-27,173.6388702392578,175.68311032641543,171.75331356958452,172.53740136534014,445600
2022-04-28,173.8255615234375,174.273609672516,171.51062946947252,174.20827614230575,388600
2022-04-29,169.77444458007812,174.30162997581442,169.1957008238135,173.1535002426238,480500
2022-05-02,168.80364990234375,171.31461119161054,166.09667376689626,170.37183988776317,496000
2022-05-03,170.89459228515625,173.0415121008305,169.58776471582553,169.69978746034914,439500
2022-05-04,174.4323272705078,174.6563585105368,166.56341690644578,170.17583341233365,587200
2022-05-05,176.82192993164062,177.90472618457093,173.5268804624685,173.5268804624685,498300
2022-05-06,176.0284881591797,178.0260534023854,174.7776793395412,176.39252995722953,565200
2022-05-09,168.9250030517578,175.4497678818387,168.10356951850954,174.4509780863487,510200
2022-05-10,169.69973754882812,171.52927566731765,166.3580138912034,169.52238131175974,603500
2022-05-11,168.5049591064453,173.14416713122222,168.29960072055698,170.34384104350312,504700
2022-05-12,167.412841796875,169.08369684360335,164.60317203634662,168.23426113724847,437900
2022-05-13,169.53173828125,169.886450813298,167.7115291568894,167.9635624950917,310200
2022-05-16,168.4676055908203,169.88644139717687,167.31947593650523,169.54107242029053,327400
2022-05-17,172.16404724121094,172.1733765337954,168.64496686237754,170.47451947576207,483800
2022-05-18,174.4136505126953,175.56178023144017,171.1559326722427,171.7160035923693,481800
2022-05-19,168.43028259277344,173.9562577149914,167.25413651639113,172.95746790366326,588600
2022-05-20,164.4445037841797,169.8397983349756,162.35358821611598,169.41042291713208,607100
2022-05-23,166.61009216308594,167.97290970693547,165.7699856938558,166.80610703566862,539800
2022-05-24,168.7196807861328,169.5224416627823,165.51798081735504,166.43275020226326,578100
2022-05-25,169.20504760742188,170.81989839651825,167.49684691427322,168.43028898201376,560500
2022-05-26,168.06622314453125,170.89455106642848,167.50615228658992,170.89455106642848,461000
2022-05-27,169.97767639160156,169.97767639160156,167.6914411399196,168.13182322350707,476200
2022-05-31,165.55508422851562,169.30300616956413,165.31146015214742,168.23484898825282,1555900
2022-06-01,166.998046875,167.6070928379897,163.48436965571426,165.86430836533643,577500
2022-06-02,168.5909423828125,168.60968600134834,165.57387746936746,167.11052535389373,420600
2022-06-03,169.02194213867188,169.77152953255447,166.7263423613736,167.96314940866807,413800
2022-06-06,171.63612365722656,171.83289590174758,169.0594266437444,170.02452995130102,347600
2022-06-07,173.88487243652344,174.25029432169552,171.24258011513288,171.46746062031195,410400
2022-06-08,170.9896240234375,173.4164007602851,170.71789159663547,172.73240880876259,309100
2022-06-09,167.4946746826172,171.50495117181742,167.48531002205252,171.09269164909648,302900
2022-06-10,162.94093322753906,165.51763007689294,162.90346029140315,164.5150681918652,442000
2022-06-13,161.8072052001953,163.98099306797403,160.29866564695752,160.76715601383646,601800
2022-06-14,164.91798400878906,165.920560318613,161.72289037479038,163.55936472019116,664800
2022-06-15,162.32254028320312,166.97933546777142,159.98945321235638,166.0236111583993,497700
2022-06-16,158.4247283935547,161.19818378295406,157.75010101836162,160.67347677940248,533500
2022-06-17,159.1461944580078,160.29867683777383,157.92811655964752,158.18110537863745,1167100
2022-06-21,160.86087036132812,161.79785123984618,160.49544839059382,161.35748338036078,513000
2022-06-22,160.4110870361328,161.10445787542696,157.95620226820571,158.23729932722713,492500
2022-06-23,158.6402130126953,161.29187032637202,156.54138522312766,160.8233799380304,842200
2022-06-24,161.96649169921875,162.3225489564234,158.04054010110744,158.18109579077893,804800
2022-06-27,162.10702514648438,163.09085773719903,161.24500462140978,162.5005553233321,427700
2022-06-28,162.09767150878906,165.24592743483586,162.0695632297594,163.4656697093964,376800
2022-06-29,160.1018829345703,162.36937444635174,159.98944982897152,162.36937444635174,342600
2022-06-30,161.95716857910156,162.33195525330473,157.79697072834875,158.79953294529955,458600
2022-07-01,163.97166442871094,164.08409756635982,161.28253370718232,162.3038395000116,275700
2022-07-05,161.69476318359375,162.20072646119814,158.91192941379313,162.20072646119814,316500
2022-07-06,163.67178344726562,165.12410640620217,161.14193839144863,161.68538891853674,481300
2022-07-07,164.08409118652344,166.4452870657045,163.63434435622028,165.1335195201561,381800
2022-07-08,164.05593872070312,165.3489765939352,162.85660463142906,164.9835547120031,395100
2022-07-11,166.30470275878906,166.37966292737286,163.40942164885175,163.40942164885175,533500
2022-07-12,162.219482421875,167.4946743417724,161.95712895468114,165.48953610125264,384400
2022-07-13,163.53125,164.67436766469098,160.87959274811467,160.87959274811467,373800
2022-07-14,156.9349365234375,160.83276621238545,155.7074795313888,160.3174381537107,333900
2022-07-15,156.3633575439453,158.75264710134115,155.96044837296844,158.75264710134115,338800
2022-07-18,153.9178466796875,157.36592931024376,153.17762380922818,156.9817637342936,368000
2022-07-19,157.68447875976562,158.26541652708306,154.7892117721353,154.7892117721353,255200
2022-07-20,157.79693603515625,158.32164298255682,155.85737896473776,157.2722290877557,295400
2022-07-21,158.1436309814453,158.23733478784803,155.78243517259327,157.2347583886743,231400
2022-07-22,159.04310607910156,159.83016642050455,157.8062847164478,158.9681459088931,226200
2022-07-25,161.12322998046875,161.46990831281755,159.1555645166022,159.63341959339593,169800
2022-07-26,161.10447692871094,162.44435257586952,160.70156776045178,161.19816642800487,307200
2022-07-27,161.29183959960938,161.87276299538325,159.09930843118283,161.01074256071612,758500
2022-07-28,161.30123901367188,161.38557815154465,157.32844957156593,161.11384571309577,321800
2022-07-29,164.70248413085938,165.19908281183967,161.3106182047994,161.86343344631447,446000
2022-08-01,163.60621643066406,164.5150889413887,162.22885352460472,163.47503969185803,415300
2022-08-02,160.7577667236328,164.44009358047643,160.16746437670494,163.9997115593063,483700
2022-08-03,144.38873291015625,158.18109008414334,144.08889222076084,156.48514299198365,1091400
2022-08-04,146.3938751220703,146.3938751220703,140.0786198238266,143.43301256938457,844400
2022-08-05,145.5037078857422,147.846159334266,144.11698063142902,145.84102146621717,522500
2022-08-08,148.10858154296875,148.65201789744452,146.15965950507442,146.15965950507442,443800
2022-08-09,148.1553955078125,149.91692393919953,147.15283351350894,148.97057850382245,506600
2022-08-10,151.70657348632812,151.76279005001123,149.21420098362688,149.3453777312852,301600
2022-08-11,153.14010620117188,153.62734009936202,152.0063534240194,152.80279262506932,402100
2022-08-12,155.80113220214844,155.81049686111086,153.2525438398208,153.5430055367379,374000
2022-08-15,156.7194061279297,157.3003439559064,153.9553155803312,154.611199292054,343700
2022-08-16,159.5022430419922,159.98947707788847,156.20408080704473,156.32587859312414,398000
2022-08-17,160.7296600341797,162.08829346197047,158.53712866778847,158.53712866778847,447800
2022-08-18,160.95455932617188,161.41368506129868,160.25182373208372,161.24502108417755,287100
2022-08-19,161.0201416015625,161.76971473585587,160.27055417007801,160.95454608885672,518700
2022-08-22,154.45193481445312,159.49289684989446,154.26454148577534,159.3242328460483,423800
2022-08-23,153.63673400878906,155.04220512727122,153.40248882237537,154.58307941491142,340600
2022-08-24,154.13336181640625,154.5268920883593,152.6341866208948,153.26197642076613,329400
2022-08-25,155.3233184814453,155.37953504452298,153.7772915108445,154.20830898976163,275200
2022-08-26,151.9927215576172,155.4550062468034,151.97390073584882,155.4550062468034,343500
2022-08-29,151.52230834960938,152.43492443950564,149.574762356919,150.89194717466435,196500
2022-08-30,148.81268310546875,151.4658591891267,148.4269352029089,151.38117266597075,349400
2022-08-31,149.1137237548828,149.76289123912287,147.7494943890772,149.15135103492423,564400
2022-09-01,150.5343780517578,150.60964696351292,147.53309659237857,148.61507104827177,368300
2022-09-02,149.49949645996094,153.40399175793925,148.87855286174988,151.8986417516688,222600
2022-09-06,149.27369689941406,151.00483927492576,148.66214220770505,150.21453701950705,283100
2022-09-07,152.57603454589844,152.73597563728774,149.20782532584076,149.58416997271,289700
2022-09-08,154.69290161132812,154.81521539778885,150.99540752850254,152.22790555611107,446200
2022-09-09,154.01553344726562,156.02893084322122,153.90263722045296,155.02223932328428,314500
2022-09-12,153.81796264648438,155.37034316522485,153.12173576116285,154.54239923198645,348000
2022-09-13,149.1137237548828,152.91471070649203,148.69033430696916,151.94564673954955,347600
2022-09-14,146.69577026367188,149.03846701886738,145.23746540054404,149.03846701886738,457800
2022-09-15,146.54525756835938,148.2105486646139,145.66087988059857,146.56407839118708,403600
2022-09-16,145.67027282714844,146.49821670012207,144.578894877516,146.10305122905342,635700
2022-09-19,145.83961486816406,146.3288557269021,144.42835475556146,144.9081923817377,318800
2022-09-20,141.86929321289062,144.80472451844653,139.73359620838474,144.30608034064713,386200
2022-09-21,139.23492431640625,143.62864563186963,139.2255067280051,142.80070179303974,351400
2022-09-22,139.8747100830078,140.55211617196744,137.35326525105523,138.89624259677836,361500
2022-09-23,139.1502685546875,139.5924646248756,137.15569179968278,138.773938193545,331500
2022-09-26,137.5226287841797,140.11934291679717,136.06432340707445,138.37879692664532,524700
2022-09-27,138.7362823486328,139.71474969988947,136.9298567898696,138.62337177866004,376300
2022-09-28,140.6179656982422,141.51176090953973,139.30078096299488,139.67712561138572,464600
2022-09-29,139.00912475585938,140.51447465808434,137.72017841298265,139.8935167467105,462800
2022-09-30,136.67584228515625,140.51447152990042,136.44063226542497,139.36664548512533,537000
2022-10-03,140.82493591308594,141.1824597364913,136.66642449315324,138.07768460944135,286100
2022-10-04,143.89208984375,143.9203138987839,141.60584089343908,141.60584089343908,341900
2022-10-05,142.9418487548828,143.63807569084648,141.9257539433762,142.1797704682116,290600
2022-10-06,141.0601348876953,143.77917628068445,140.37332570458025,142.5466638165224,438700
2022-10-07,138.9527130126953,140.0252704330076,137.7672449887135,140.0252704330076,331700
2022-10-10,140.72145080566406,141.3141702650736,139.25372829321088,139.80883482400725,240800
2022-10-11,141.2294921875,143.61921945751283,139.93112840078746,140.50504137183353,305000
2022-10-12,137.88954162597656,140.8343761358539,137.767227802295,140.7873312532008,313100
2022-10-13,142.83834838867188,143.2617235550924,135.25516525545098,136.38418484067955,433300
2022-10-14,138.63279724121094,144.32486847482338,138.43521449959644,143.54398380960663,436700
2022-10-17,142.5561065673828,142.93243689292183,140.2510510222725,140.70265028413567,340900
2022-10-18,145.29393005371094,145.9148879664594,144.13670074801112,145.1245857262781,329500
2022-10-19,142.99827575683594,146.2535740944086,142.31145222531654,144.96462789746997,365300
2022-10-20,136.7040557861328,141.25771797115004,136.28068065451512,141.25771797115004,392600
2022-10-21,138.2188262939453,138.8962323328471,136.47826631919585,137.1086274806026,407500
2022-10-24,141.69993591308594,141.8034289040829,139.42310446723462,139.54541828098047,304500
2022-10-25,143.7039031982422,143.72270966139803,140.25102220674944,140.9096073191728,385700
2022-10-26,128.65988159179688,142.6031385389526,125.79973405078258,141.65288086544714,1666600
2022-10-27,124.3696517944336,130.8896666223849,123.45703577332037,128.4811183276829,1333000
2022-10-28,126.72175598144531,126.85347302184181,122.31861682689787,124.89652388160746,890700
2022-10-31,127.8225326538086,127.86957752858696,125.67741843985272,126.59003445744835,678800
2022-11-01,126.73114776611328,128.5563797010698,125.5645153297258,128.5563797010698,714400
2022-11-02,123.26887512207031,128.2647338047461,122.41270717727377,125.21640668287306,860900
2022-11-03,116.10908508300781,120.94500282670475,115.93032315949618,120.55925492397766,739400
2022-11-04,114.04865264892578,117.45448965233619,112.75969896306884,117.45448965233619,1085100
2022-11-07,113.58763885498047,114.246224114201,111.96939258599176,114.04864853643484,1168600
2022-11-08,115.72334289550781,116.71122796217365,113.54059395077921,114.08628298147161,945100
2022-11-09,115.36581420898438,117.19103909918016,114.65077373204034,115.2340971708684,532600
2022-11-10,119.16681671142578,120.29582201894912,117.47330157210008,118.53644835631857,534500
2022-11-11,120.56864929199219,120.79445607710076,118.57407293648033,119.98533304222858,493400
2022-11-14,117.37921905517578,120.58748023221754,117.36980864382988,120.54985294291536,664200
2022-11-15,117.24751281738281,119.48670999540657,116.8429512287019,118.81871428908067,404000
2022-11-16,118.32005310058594,118.95041424546751,115.53516726325027,117.34157853427227,436200
2022-11-17,116.15612030029297,117.91549390797655,115.82682769405285,117.26631192850284,538700
2022-11-18,117.55797576904297,118.19774736849254,115.3752268729281,117.78378257687751,1533200
2022-11-21,119.01628112792969,119.27030481468691,117.72732751501867,117.99076879133835,643000
2022-11-22,119.65605163574219,120.00416507845449,118.6399425419123,119.61841716804025,368600
2022-11-23,119.52433776855469,120.54043971138404,118.75284910523635,119.38321030542699,520700
2022-11-25,121.55835723876953,121.73809518590969,120.38524630194968,120.73528851632827,225400
2022-11-28,118.4647445678711,120.75419083958559,116.89429329893272,118.96615144695286,567300
2022-11-29,119.57164001464844,120.55553601660162,118.09579962062452,118.10525495395217,472400
2022-11-30,121.30291748046875,121.3596783510805,117.3389530790178,119.12699268140427,1627500
2022-12-01,121.10423278808594,122.31517940779037,120.44199861100108,122.20165767332507,567500
2022-12-02,121.54886627197266,121.63402199964678,119.93111676266744,120.20547295563412,546800
2022-12-05,122.5611572265625,122.60846275912856,120.12980153957169,120.6690514088946,802200
2022-12-06,122.33412170410156,123.92349838813138,120.82043821670675,122.98690064027679,583800
2022-12-07,122.08814239501953,123.59236319871913,121.066403423934,122.35303607986135,870300
2022-12-08,123.01527404785156,123.8761857676843,121.83270776312206,122.6936194829548,557500
2022-12-09,123.32746124267578,125.4655356799686,122.90174030884775,122.90174030884775,569600
2022-12-12,124.97359466552734,125.15333259175758,122.18272704413614,123.37476294457684,566400
2022-12-13,123.34638977050781,127.6793140675323,122.60846961520372,127.62253876390518,635200
2022-12-14,118.86210632324219,123.31802260409654,118.86210632324219,122.83552630290184,569700
2022-12-15,118.28500366210938,119.22159409708306,116.48750154549084,117.5187030532956,542200
2022-12-16,116.95108032226562,118.01065511599262,115.91041619583811,116.80917092158805,982800
2022-12-19,116.31720733642578,117.18758153611981,114.61431635680432,116.34559498789233,350600
2022-12-20,115.46575927734375,116.77130968031246,114.86974133122759,116.17529895200711,314400
2022-12-21,116.86592102050781,117.04567339264827,115.67389226964977,116.11853831580062,355800
2022-12-22,116.33614349365234,117.30111441869808,114.7846170853439,116.23207708181845,319800
2022-12-23,118.28500366210938,118.37960751712899,115.85364777726681,116.35505470490108,203600
2022-12-27,117.8498306274414,118.81480158289152,117.3105806663168,118.81480158289152,204800
2022-12-28,117.2727279663086,118.56882316314322,117.05513982022671,118.38907078504917,330600
2022-12-29,119.79869079589844,119.808153347044,117.5943927545559,117.93497241767894,289600
2022-12-30,118.3133773803711,120.23386367771101,117.32948146483609,119.45810056209068,277700
2023-01-03,120.45146942138672,121.54888716406961,118.47422208720786,118.74857110951983,335300
2023-01-04,122.1259765625,122.40979534557405,120.64067366241032,121.15154314125672,320700
2023-01-05,119.35403442382812,121.775927479187,119.35403442382812,121.775927479187,354300
2023-01-06,121.65296173095703,121.70972260588837,118.18094866995479,120.2055016777105,460100
2023-01-09,118.36067962646484,121.44480690266373,118.33229919413954,121.32182984112794,371300
2023-01-10,119.69461059570312,121.29344953574828,118.03901800875882,118.71072192427836,404900
2023-01-11,119.76084899902344,120.05413034495604,117.4997828461542,119.69462557596997,611100
2023-01-12,119.20268249511719,120.21495895457754,117.41464283511537,120.21495895457754,607300
2023-01-13,121.8043212890625,122.00299876672261,117.5754633096526,118.4458303197929,389400
2023-01-17,121.09479522705078,122.19222027334581,118.53099222549054,121.50159112566689,521500
2023-01-18,120.32848358154297,121.52997493553288,119.33512504275204,121.40698342592715,378100
2023-01-19,119.07022094726562,120.13925814718452,118.24715230943082,119.79867851896398,360400
2023-01-20,121.95569610595703,122.0124569764488,118.42691522821589,119.53379550967507,390000
2023-01-23,122.83551025390625,123.44098355802643,121.35021464476458,122.03137391635256,200200
2023-01-24,121.88946533203125,123.64912449344905,121.8610848968167,122.46655824076566,204000
2023-01-25,123.63018035888672,123.64910545799067,121.0947656325532,121.14207116250262,375200
2023-01-26,123.72482299804688,124.67087609601978,123.01528317456719,124.36814661119327,208600
2023-01-27,123.31802368164062,123.90457196674859,122.73146096090841,123.7532000107129,246100
2023-01-30,123.5072250366211,125.65476944075085,123.16664537092485,123.16664537092485,306300
2023-01-31,125.4371566772461,125.5317677461189,123.18556048142106,123.96131639081322,535800
2023-02-01,125.11548614501953,126.23182154976762,124.00860607170101,125.04925551815117,427300
2023-02-02,126.37377166748047,127.52795757544428,123.3936958156889,125.31419684139867,464300
2023-02-03,126.42106628417969,126.46835738540986,123.82887588222555,125.73990697323732,298500
2023-02-06,125.94804382324219,126.45890610500939,124.94522992655668,126.45890610500939,271100
2023-02-07,128.3320770263672,128.85240903653138,124.44379882040906,125.38985177139038,491700
2023-02-08,124.28300476074219,125.8250761022986,122.40982345923972,123.93296969474522,827900
2023-02-09,125.01142883300781,127.24411424022396,123.91400401144259,124.44379132237158,581800
2023-02-10,126.21293640136719,126.82786508786987,124.55734362241935,124.80331220989574,497200
2023-02-13,126.36431121826172,127.49957197676844,125.21958069057554,125.63584633700688,483800
2023-02-14,123.22339630126953,126.91299701895879,123.20447120036225,126.39267944679872,295300
2023-02-15,124.83169555664062,124.85062065938735,121.89893979834324,122.67469578347396,491700
2023-02-16,125.76829528808594,126.38322399883673,123.81942830686148,123.81942830686148,259700
2023-02-17,125.26689147949219,126.11833347514991,124.68979852468549,125.77775378976196,243900
2023-02-21,124.45328521728516,124.80332023651827,123.18557755813742,124.4438154477117,323800
2023-02-22,123.42207336425781,124.86006344477138,123.08149372716305,124.64247530973434,406700
2023-02-23,121.29346466064453,124.3019063503934,120.30010609748504,123.19502604365805,468400
2023-02-24,121.74054718017578,122.14958352231233,119.89512639135941,120.77027155118407,293700
2023-02-27,121.1507568359375,123.40520643368197,120.79879301240604,122.28274251214724,390600
2023-02-28,121.17931365966797,122.14006757853767,120.64661784267597,121.13174842282103,372600
2023-03-01,120.28514099121094,121.22688043922417,119.40048127962767,120.51344542205818,270600
2023-03-02,119.67633056640625,120.83685256158623,118.95338838697897,119.91414221271575,339300
2023-03-03,120.27561950683594,120.42781518527507,119.19119898975377,119.8095034587967,259500
2023-03-06,118.04019927978516,120.7797944149825,117.3933584922373,120.75125817523026,420100
2023-03-07,115.614501953125,118.21140086703035,114.95813953738775,117.91651677065445,288700
2023-03-08,116.1091537475586,116.85112490928023,115.14839993939873,115.96647256833164,412400
2023-03-09,114.03543853759766,116.75600436418671,113.6644529482842,116.75600436418671,462700
2023-03-10,111.05804443359375,113.26493633246923,109.65971072150566,113.0461464135467,491000
2023-03-13,107.49085235595703,109.0794322374864,105.09371441704235,109.06992499802912,570400
2023-03-14,107.90941619873047,112.13294615093625,106.9010898716703,110.59193130980213,465000
2023-03-15,105.7976303100586,106.1781303378766,104.41831861639763,105.00809402238725,474400
2023-03-16,105.55984497070312,106.33986695600991,101.66924228559084,105.11275787105725,866700
2023-03-17,99.80480194091797,105.00812254686936,99.3957655699537,105.00812254686936,1276300
2023-03-20,105.76910400390625,106.19716203947604,100.89871915713107,100.89871915713107,677400
2023-03-21,110.76315307617188,112.95101583553513,109.50750789244829,110.53484867372367,638000
2023-03-22,107.96648406982422,111.23877454374708,107.96648406982422,110.648999066548,313900
2023-03-23,106.82501220703125,108.34700554527224,105.45521457389601,107.66210672870461,480900
2023-03-24,107.2720718383789,107.5859849463108,105.05567285971615,105.42665843911374,387200
2023-03-27,108.7845687866211,110.05923582942529,108.1757715038734,109.02238045198929,440200
2023-03-28,110.48729705810547,110.6585217410778,108.39455012650613,108.39455012650613,509400
2023-03-29,112.43733978271484,112.81783985581167,110.77265831317207,112.09489044267121,469000
2023-03-30,112.86541748046875,113.7786134017199,112.14246798793975,113.06517840785781,490900
2023-03-31,114.21619415283203,114.71083925730649,113.04615748604408,113.65496206780455,476200
2023-04-03,113.00809478759766,115.18644303418408,112.58954397675677,114.18763849572564,462800
2023-04-04,111.80951690673828,113.52175628942653,110.1828862273387,113.18882145869007,432700
2023-04-05,112.97954559326172,113.34102391435994,110.84875542797184,110.92485689109093,524900
2023-04-06,112.56101989746094,113.71202749414545,111.87612113572956,113.40762885086885,420100
2023-04-10,113.57884216308594,113.83567554428784,112.06635633954247,112.56100862121075,295800
2023-04-11,113.71202850341797,115.02474630343029,113.55031831030614,113.7881299792716,431500
2023-04-12,111.45755767822266,114.67277569534298,111.31486924275505,113.95934077544023,475300
2023-04-13,112.40880584716797,113.5217625963632,110.63948663988742,111.19121139429434,420800
2023-04-14,110.44922637939453,113.03661789604642,109.89750169416607,112.68465409531078,365200
2023-04-17,113.22688293457031,113.29346990703608,109.86898355927315,110.55388228031288,370500
2023-04-18,111.53365325927734,113.22687088530748,111.30535612903735,113.04613172609025,301700
2023-04-19,113.11273193359375,113.13175367152228,109.78336897358125,110.70607204053906,484800
2023-04-20,111.22926330566406,113.21736518172999,110.86779221658902,113.00809702959317,335700
2023-04-21,111.53365325927734,111.83805185207562,109.80238490196804,111.0294937703397,289700
2023-04-24,111.486083984375,112.10439564470815,110.53483750922697,111.54316370793944,222500
2023-04-25,110.89633178710938,111.57171601084895,110.3921722438556,110.77266508277005,286900
2023-04-26,110.86779022216797,111.77147155731681,110.12581180409498,110.23996400474513,387700
2023-04-27,114.11151885986328,114.25420727333423,110.78215641356749,111.46705499228067,440000
2023-04-28,117.12699127197266,118.01165090047137,114.22569349577391,114.44447614965975,477700
2023-05-01,117.05089569091797,117.85945384016026,116.50868542543215,116.50868542543215,364100
2023-05-02,114.92961120605469,116.67990868256379,113.40761813350467,116.66087968684948,548700
2023-05-03,125.59308624267578,127.9807099606207,118.43020057396994,120.0853676101507,835500
2023-05-04,124.00448608398438,126.73455871288952,123.76667447478026,124.89866005697081,586500
2023-05-05,124.55622863769531,128.24706998707765,124.31841699435616,126.0877362013943,403000
2023-05-08,125.23160552978516,125.8118665199113,124.50866335965702,125.42186645628223,238700
2023-05-09,124.20428466796875,126.04018377391425,124.1757339141865,125.0318646261025,344900
2023-05-10,122.91058349609375,124.8701492322676,122.10201805433424,124.8701492322676,292800
2023-05-11,123.01521301269531,123.1483869514817,121.66443737189218,122.09250268150728,286100
2023-05-12,123.26252746582031,123.65254202784922,121.08417203474873,123.65254202784922,297300
2023-05-15,124.28988647460938,124.43256766122666,122.83448031162726,123.8713356407034,372900
2023-05-16,123.15789031982422,124.42304995595471,123.09129609508933,124.0330353921739,232500
2023-05-17,123.73815155029297,125.10794888900257,123.10081811086815,123.58594862046517,338600
2023-05-18,125.3647689819336,125.6311313537726,122.66323242417539,123.59544992356838,442900
2023-05-19,122.6917724609375,126.25894692185493,121.75004043533711,126.25894692185493,329400
2023-05-22,122.87252044677734,123.4432742074609,121.51223753102785,122.69178127206519,265700
2023-05-23,123.0532455444336,123.56691225838945,121.80711497486288,122.5205498366662,331900
2023-05-24,119.8665771484375,122.64420801383002,119.62876551619331,122.64420801383002,398600
2023-05-25,119.04850769042969,120.49439925930913,117.87847123568075,119.9712180090446,430500
2023-05-26,119.36419677734375,119.67987560315113,118.35020608648568,118.70414237761148,292000
2023-05-30,118.41716766357422,119.52681661485592,116.53267002140491,119.12504754447413,340000
2023-05-31,114.7820816040039,117.8049318804494,113.30892122477806,116.62831426062877,956300
2023-06-01,115.65260314941406,115.93001721370811,114.50468212837758,115.59520235449489,282600
2023-06-02,118.07278442382812,118.96242004949141,116.43700420210988,116.5709272168758,267300
2023-06-05,117.7762451171875,119.81379444322059,116.98226772179042,118.26410441466624,444100
2023-06-06,119.51724243164062,119.74682368909795,117.32663422576904,117.95798450834083,348000
2023-06-07,120.8277816772461,121.4782680203887,118.60847661798141,119.651171289283,295900
2023-06-08,120.27296447753906,121.04780584388399,118.98155246928795,120.7895205229309,289800
2023-06-09,120.07207489013672,121.03824008599408,119.05808421420674,120.1581724314791,325500
2023-06-12,120.17728424072266,120.34947200090298,117.96754740028868,119.3354814677612,344800
2023-06-13,124.66374969482422,125.93601108082851,121.6504598636439,122.90359981581618,515700
2023-06-14,123.50626373291016,125.38120064698951,123.14275212997805,124.7594037158417,465300
2023-06-15,123.161865234375,123.75495071063922,122.167003466594,123.03750295199237,405700
2023-06-16,125.7351303100586,125.90731078878538,123.71670976251544,123.73584579232308,1246700
2023-06-20,123.79322052001953,125.8690342458091,123.66885823989236,125.59161294345027,397900
2023-06-21,125.63945770263672,126.17514973505855,122.76010573011285,123.19057149927231,349800
2023-06-22,125.58206939697266,125.8020826486895,124.60633624249003,125.67773494807412,477500
2023-06-23,118.436279296875,123.84106142706752,117.81449704840307,122.91316111401616,762900
2023-06-26,120.8756103515625,121.2295539065548,117.61361073168621,118.79979639250851,605000
2023-06-27,119.55550384521484,121.65044644511791,119.4694063146674,121.29651020357942,406900
2023-06-28,118.76153564453125,119.08677516692458,116.23611979465775,119.08677516692458,509900
2023-06-29,119.11547088623047,120.01467451987068,118.46498454879526,118.79023136664131,379400
2023-06-30,120.26338195800781,121.37303073781698,119.31635292466319,119.7085539189751,350800
2023-07-03,120.37818145751953,121.74611566945757,119.1728743072228,119.62247613396745,137600
2023-07-05,118.82850646972656,119.85206519142648,117.6136239272721,119.4502961152282,440800
2023-07-06,119.25897216796875,119.36419844470775,117.10662845000141,117.92930263272952,324200
2023-07-07,120.3973159790039,122.05222493531069,118.87632273946187,118.87632273946187,528600
2023-07-10,120.56950378417969,121.66959194919959,119.89032069404736,119.89032069404736,297100
2023-07-11,121.03823852539062,121.43044686751855,120.19643564474188,120.6364694663258,216500
2023-07-12,121.51653289794922,122.75055137621423,121.2582548827182,122.15745122685247,387800
2023-07-13,122.0617904663086,122.7792456011208,120.51210781023327,120.77038582016023,340100
2023-07-14,120.49297332763672,122.14788956976788,119.43114993204384,122.14788956976788,269400
2023-07-17,119.23983764648438,120.80865640756087,118.82850057508888,119.38332868036785,392900
2023-07-18,120.99040222167969,121.72697876406828,118.91458100570783,119.15373027636414,338400
2023-07-19,122.45399475097656,123.15232117331857,120.42601348316774,120.74169229124412,271100
2023-07-20,123.85061645507812,123.94628199499395,121.69827317558052,123.27665240860729,369900
2023-07-21,123.9175796508789,124.35762073131701,122.84619558930866,124.33848470264238,309800
2023-07-24,124.84547424316406,125.58205804985185,123.50624422783392,124.13760177642345,259900
2023-07-25,123.99411010742188,125.40988430979746,123.91758058865726,124.5680741998999,239600
2023-07-26,126.81607055664062,126.86388872915224,124.21412556409614,124.21412556409614,211900
2023-07-27,128.89190673828125,129.18844952277288,126.87348614454788,127.12219615168279,454600
2023-07-28,127.4857177734375,132.25912864098106,127.06481265400747,130.9294590663355,540800
2023-07-31,128.671875,129.3032326104277,127.35178088316754,128.15531897106797,324700
2023-08-01,129.17884826660156,129.58063183849697,127.55263633866292,128.4996725926826,460900
2023-08-02,136.56381225585938,137.9508898856518,129.13106245393664,133.92360921465865,950400
2023-08-03,135.54025268554688,137.07079936951973,133.1774565544214,136.2863972957429,568900
2023-08-04,135.62631225585938,138.87873599575815,135.21498258019741,136.39159272304462,313500
2023-08-07,135.93246459960938,137.84565895233285,135.65504324441633,136.27684016696017,261600
2023-08-08,136.8794708251953,137.08992334767376,134.3157976917493,134.93757994674564,273100
2023-08-09,134.66973876953125,136.5733722560926,134.42102877790808,136.45857067829365,297200
2023-08-10,134.96632385253906,136.16207060421976,133.9523329425567,135.13851897497042,239000
2023-08-11,136.9368896484375,137.03255521144962,134.75584909970425,134.75584909970425,170300
2023-08-14,137.0229949951172,137.68303483485988,135.71244684033053,136.80296711868735,297300
2023-08-15,134.8419189453125,135.77937991413762,134.1722893710685,135.7124111181085,186200
2023-08-16,135.61676025390625,136.06636200989294,134.24881895899668,134.51666495024256,205000
2023-08-17,135.82723999023438,136.48727978893726,135.5402579145074,136.02811722568293,314200
2023-08-18,134.60279846191406,136.286404279512,134.4879968722605,135.17674802412216,271800
2023-08-21,135.38717651367188,136.53509003058556,134.70800079629086,134.70800079629086,409100
2023-08-22,132.91917419433594,135.92288873200704,132.23999837593578,135.09065386284945,220900
2023-08-23,133.129638671875,134.31582452678657,132.55568907486548,133.3305305185636,373700
2023-08-24,134.28709411621094,134.77495334085904,132.8713200194656,132.95742484447229,231200
2023-08-25,133.37379455566406,135.32541748132127,132.9123308958646,134.73896827358362,226600
2023-08-28,133.11419677734375,134.3639932708467,131.7874725781747,133.59489225012538,388400
2023-08-29,134.00831604003906,134.09483772554952,130.8934033346758,133.35457707885092,243600
2023-08-30,133.62374877929688,134.88316872139936,133.3160965985,134.00829933562957,228200
2023-08-31,133.95062255859375,134.21981089067992,132.68157927618998,134.21981089067992,419500
2023-09-01,134.61399841308594,135.79650546824112,134.55631728888306,134.73896929230372,232700
2023-09-05,132.9796142578125,135.84455541856016,132.94115040161665,134.2198022313644,324900
2023-09-06,132.6527557373047,133.25843689704368,131.77790088060652,132.97963989934846,336100
2023-09-07,132.27781677246094,133.89296167877833,131.77790389140188,133.00848350113603,438900
2023-09-08,133.01808166503906,133.72951640548462,131.59522685381285,132.6719802601824,255100
2023-09-11,134.1044464111328,135.1331272337584,133.35456254576806,133.35456254576806,217100
2023-09-12,135.59457397460938,136.48867519188067,134.04673394871975,134.24863250412352,233100
2023-09-13,133.47952270507812,135.9791451689318,132.9411460930881,135.9791451689318,234900
2023-09-14,135.34466552734375,135.7292161780191,134.24868003628524,134.84473794573216,285400
2023-09-15,133.29685974121094,135.12351149041035,132.39316450027638,134.53706237840538,1119300
2023-09-18,134.86395263671875,135.18121348431407,132.1912863481262,133.32572089134723,232500
2023-09-19,135.29656982421875,135.85417844083088,134.76780176797755,134.93125116963213,206700
2023-09-20,136.22911071777344,137.19050178094707,135.7388065566337,135.7388065566337,190100
2023-09-21,137.51736450195312,137.89230641148285,135.8445535223571,135.96952437909187,360500
2023-09-22,139.42091369628906,140.21886991092154,137.97882733314484,138.0845809198952,374900
2023-09-25,141.97821044921875,142.6608044879597,139.25748693179753,139.25748693179753,419700
2023-09-26,140.5938262939453,142.80501387666158,140.5938262939453,141.69942008530344,444300
2023-09-27,140.1323699951172,141.12260171489254,138.22881960861355,140.69960192763108,411100
2023-09-28,138.71910095214844,141.11296982351683,138.38262290390517,140.65150625096643,273100
2023-09-29,138.0365447998047,139.8920227010186,137.95963174648517,138.91141427794102,272500
2023-10-02,138.83448791503906,139.09405294173573,136.35409719451502,137.89231410444677,512400
2023-10-03,137.70001220703125,139.15172183044584,136.7578532482216,139.15172183044584,249700
2023-10-04,138.88255310058594,139.91123386299643,136.52713336760706,137.5269882426748,320500
2023-10-05,140.35348510742188,141.40139783446426,138.95945634485244,139.0363693894514,351400
2023-10-06,139.92083740234375,141.15143135835436,139.05559138432645,140.01698236864,307900
2023-10-09,139.9689178466797,140.60343945313605,139.29594705331525,139.565135370661,257500
2023-10-10,140.305419921875,140.91110101107006,139.76704325133008,140.3534924109588,220700
2023-10-11,141.13221740722656,141.67059407986943,140.16120300080757,140.53614494565986,234500
2023-10-12,141.37255859375,141.59367443049285,139.40170398281884,141.28603691889367,193800
2023-10-13,142.4108428955078,143.14149471989737,141.52636500188,142.22817627199507,196700
2023-10-16,144.06446838378906,145.21813481935303,143.28572923686036,143.28572923686036,285400
2023-10-17,147.75621032714844,147.95809425655534,143.91064567154294,143.91064567154294,298500
2023-10-18,146.3429412841797,147.21781062739677,145.98723130339013,147.14089758593852,228400
2023-10-19,143.3145751953125,146.4967773198194,143.1222852437717,145.8141831990424,235700
2023-10-20,140.34385681152344,144.0644500295071,139.02675581011016,144.0644500295071,299500
2023-10-23,139.8054962158203,141.10338010780825,139.15175728955327,140.4015540214949,293800
2023-10-24,141.18028259277344,141.87248532740836,139.96892047233064,140.7476448813791,288800
2023-10-25,143.24725341796875,144.52590515850198,141.5071381229232,141.5071381229232,404000
2023-10-26,142.96847534179688,145.17005448160086,142.82425787660625,143.80488089517988,326500
2023-10-27,140.40155029296875,142.74734693252938,139.86317362218384,142.5166224562867,365500
2023-10-30,140.7764892578125,142.24743111105573,140.73804006914028,140.88224286374074,458700
2023-10-31,143.15113830566406,143.33380497378408,140.77650095943392,141.03608068095525,431200
2023-11-01,160.05238342285156,161.331035323861,151.82287809784577,152.61122582750454,1064400
2023-11-02,157.46620178222656,159.73508478820236,154.99543491158687,158.6006506200446,695800
2023-11-03,157.1874237060547,158.6679593462494,156.1395110687332,158.37955379077525,665200
2023-11-06,155.3607940673828,157.87963383523638,154.23595366925886,157.17782250099907,371200
2023-11-07,153.0246124267578,155.57230752368594,152.69774298885653,154.8704814915491,586000
2023-11-08,153.37069702148438,155.47614554832793,152.17856696286043,154.8416240008509,432700
2023-11-09,155.00509643554688,155.65885006866816,152.55354598325627,153.7456763320861,456800
2023-11-10,156.76441955566406,157.81233226132827,155.27426051999373,157.18743395749698,258900
2023-11-13,156.02413940429688,157.7834866999443,155.76457439567372,156.83171899566764,208600
2023-11-14,156.77406311035156,157.18745426667797,155.0627733537419,156.21645447858705,383900
2023-11-15,153.64955139160156,156.0914786289109,153.58224696495043,155.39927577887588,481800
2023-11-16,153.76487731933594,154.58205085920645,153.16881959970544,154.2263408871253,376900
2023-11-17,155.05316162109375,155.11084274224902,153.96678494045452,154.14945160388922,287100
2023-11-20,155.77420043945312,156.25489599463742,154.36095433363815,154.7839687693466,449100
2023-11-21,158.42762756347656,159.67743888519715,156.14913542772481,156.21643984389033,578400
2023-11-22,157.61044311523438,158.27380525334036,156.80287819478468,158.04306613192796,303800
2023-11-24,160.1017608642578,160.1017608642578,157.62974572918503,158.90437208691898,158800
2023-11-27,162.59310913085938,162.65104468917465,159.52239193078304,159.81208445673346,377100
2023-11-28,158.37327575683594,163.15316524235865,158.2670556630605,162.39995883734997,403500
2023-11-29,158.1705322265625,159.12649852297773,157.7456517684332,157.7456517684332,398400
2023-11-30,162.2454833984375,162.27445117801506,157.96772622353734,157.96772622353734,1135200
2023-12-01,162.51588439941406,163.22079170254892,161.5502523052219,161.63715565744886,412900
2023-12-04,165.5382537841797,165.6831073960128,161.97508478929032,161.97508478929032,365200
2023-12-05,165.4803466796875,166.35907531233215,164.6981871381987,165.49001242942785,389500
2023-12-06,164.0415496826172,167.0060319139064,163.52976596124438,165.28720833375377,345100
2023-12-07,161.9171600341797,164.36022244941708,161.4246930387906,164.36022244941708,322700
2023-12-08,161.9171600341797,162.5158618689535,161.25088635843247,162.16823377386285,265000
2023-12-11,162.6606903076172,163.75185906760083,161.47296719843604,162.3999655694743,446700
2023-12-12,164.2250213623047,164.92992851104697,161.91714701766725,162.51584880431142,292100
2023-12-13,163.5780487060547,164.40849278395288,162.7476046281565,164.01259487708384,367600
2023-12-14,158.65335083007812,165.22930281880204,158.61471729632407,164.74648678750805,621400
2023-12-15,157.67803955078125,158.5471171735147,155.86266144752918,157.36904497901747,1519500
2023-12-18,159.94728088378906,160.22730767539986,158.01601692009473,158.67265432962566,376500
2023-12-19,161.64678955078125,161.9751156261531,159.83141142537886,159.83141142537886,382500
2023-12-20,158.4312286376953,162.18753603813337,158.37327834838266,160.61355136853368,427800
2023-12-21,159.5030975341797,160.0341981171711,157.8132414192645,158.3636587691945,286900
2023-12-22,160.23696899414062,161.15431640465283,159.65758392730433,159.87002413618603,236800
2023-12-26,160.59425354003906,161.1253540802256,159.39687930511832,160.912913864151,250700
2023-12-27,160.65219116210938,161.68542447484805,159.66725713063187,159.66725713063187,374800
2023-12-28,162.2841033935547,162.43860804202734,160.45905959479748,160.45905959479748,228500
2023-12-29,162.6993408203125,162.95039983568435,161.2508928217731,161.68542427445993,300900
2024-01-02,164.0222625732422,164.437477287231,162.38069101539247,162.69935136384652,262400
2024-01-03,164.1477813720703,167.64336433496368,163.8967076337138,164.4374591711366,386200
2024-01-04,163.26904296875,166.24319098065249,162.98900146727507,164.79474313465687,246500
2024-01-05,162.30343627929688,164.66923184832115,162.14893161547778,163.35597167461012,541200
2024-01-08,160.2948760986328,163.2400559858736,159.53203347261226,162.80552463007092,452500
2024-01-09,158.4988250732422,160.09211187075198,157.33040394986074,159.37755366951984,286800
2024-01-10,157.68768310546875,158.51812708085953,157.18555042085808,157.72630189611297,314100
2024-01-11,160.87428283691406,160.99980496641516,156.98278740053217,157.06969073658072,462800
2024-01-12,158.98165893554688,161.4536746075888,158.18018257190622,160.3625204186117,289800
2024-01-16,158.83680725097656,159.93762710186618,157.78425721084457,158.9719951367218,353900
2024-01-17,160.4204559326172,162.2744676860585,159.2616856941377,159.2810024606125,278000
2024-01-18,160.85496520996094,161.27017985843645,158.63400887182542,159.73482865898842,248400
2024-01-19,162.0523681640625,162.21652383477416,160.63288795537213,162.21652383477416,246000
2024-01-22,162.99867248535156,163.16282814507943,161.0674086282606,162.11994389412544,456700
2024-01-23,163.33663940429688,164.17674922508613,162.80555361618931,162.80555361618931,264300
2024-01-24,163.7615203857422,164.34090545487487,162.85382398680898,164.08018070032773,347400
2024-01-25,165.4416961669922,165.58653504158428,164.012565244987,164.64022001404845,311200
2024-01-26,164.81405639648438,166.07904664507421,164.22503504396755,165.51897833832723,287100
2024-01-29,163.5104522705078,164.4760841756775,162.71862703576937,164.15742387884669,445200
2024-01-30,164.2443389892578,165.1810031831747,163.14351912781805,163.53943177357152,429800
2024-01-31,162.17788696289062,164.8913104502638,162.1296024173525,164.76578831311414,407300
2024-02-01,163.4814910888672,163.63599573617853,158.08361205740442,161.07706224359728,531500
2024-02-02,161.81349182128906,164.5288116658168,161.2607237812665,163.60754639641524,456900
2024-02-05,163.31663513183594,163.62694940211952,161.14437605063333,161.74562012245454,563500
2024-02-06,163.78213500976562,164.4706684687548,162.56024744285256,162.88026878599067,662700
2024-02-07,170.0467529296875,173.9839606725476,167.2926341188051,168.5630271506748,855800
2024-02-08,169.2903594970703,171.47231110895848,168.2721124520612,169.96918592797422,430600
2024-02-09,169.2127685546875,169.76552190679476,166.65261271972994,167.767826456443,282400
2024-02-12,166.69137573242188,169.43578727596037,166.52651897080625,169.41638801068095,388100
2024-02-13,166.04165649414062,168.2139156927696,163.98577810080056,167.3023425040833,488800
2024-02-14,166.58468627929688,168.0102287983397,165.76038775155288,166.17739053061354,301600
2024-02-15,167.29263305664062,168.3884622736839,166.4586421510857,166.8950442693346,355200
2024-02-16,168.46603393554688,169.54246381798967,167.31202178801854,167.5932593486166,321200
2024-02-20,169.3485107421875,171.08436763257998,167.8453858431349,167.8453858431349,310000
2024-02-21,168.93153381347656,170.09523834039612,168.1557258630949,170.09523834039612,340400
2024-02-22,172.0929412841797,172.4226548399094,168.99941664721473,169.32913020294444,359200
2024-02-23,172.9754180908203,173.78031755638628,171.74383830372486,172.61661301239317,360500
2024-02-26,173.5281982421875,174.4979545620412,172.7620824630111,173.227576150602,354100
2024-02-27,176.25315856933594,176.75743584851497,172.55839046015515,172.55839046015515,405900
2024-02-28,176.73806762695312,177.60115005392504,175.39010709949574,176.04953421344942,276800
2024-02-29,175.9622344970703,176.8932068274388,174.34274364914566,176.8932068274388,374900
2024-03-01,175.00221252441406,175.96226170399703,174.0712400501005,175.96226170399703,227600
2024-03-04,172.6456756591797,175.91374894999763,172.39354440260414,174.06152606254358,361400
2024-03-05,173.2081298828125,174.4300171872517,171.71471206627567,172.4905050738099,326400
2024-03-06,174.4009246826172,175.52584525327265,172.66506786192025,174.37183318486774,407900
2024-03-07,173.49908447265625,174.97310323562394,172.8687340672548,174.3427676275277,208300
2024-03-08,173.1111602783203,173.99364190205506,172.06382188926767,172.95601054451203,195400
2024-03-11,172.9560089111328,173.21783240794525,171.12317044692585,172.64567985183868,299400
2024-03-12,175.64222717285156,175.65193420451703,172.71357428692545,173.2566353572348,290100
2024-03-13,176.0204315185547,176.51501661987598,175.03129091052088,176.21439458425957,302900
2024-03-14,174.3815460205078,175.35130210391233,173.4117899371033,174.87611629601486,366900
2024-03-15,175.68101501464844,175.84587177258186,173.3535915441273,173.3535915441273,715100
2024-03-18,172.99481201171875,175.9719707187367,172.61660767667894,175.3707117983692,290100
2024-03-19,173.83848571777344,174.38156160274264,172.66508903849257,173.73181194717475,315800
2024-03-20,175.14767456054688,175.70042792105073,173.0142137985583,173.41181740709098,367200
2024-03-21,174.11000061035156,175.9525460462151,172.7038572496291,175.08946372433962,376600
2024-03-22,174.2457733154297,174.85672440888973,173.4796724880293,174.27487961267917,227700
2024-03-25,176.0010528564453,177.20354103858344,174.77915061033096,174.77915061033096,462500
2024-03-26,177.7272186279297,179.82188072342453,175.83619704302916,175.83619704302916,352700
2024-03-27,181.7420196533203,181.77111115660193,178.92971769187983,179.29822979652172,320200
2024-03-28,182.5469207763672,183.74940904917028,181.71292981427504,181.88747883556348,339600
2024-04-01,181.5577392578125,182.94448338598937,180.5782909182744,181.58683075719358,323000
2024-04-02,180.97589111328125,183.264516258824,180.58799456548272,182.13961035128636,338600
2024-04-03,179.37579345703125,181.62561999541097,179.34670195676847,180.76253762723834,271300
2024-04-04,173.9160614013672,180.70435433472863,173.59604010168934,180.70435433472863,559800
2024-04-05,174.41065979003906,175.57436427925933,173.12088225874058,174.9828124009541,355500
2024-04-08,175.76829528808594,177.3683869538559,173.169356010808,174.33306038566832,306700
2024-04-09,173.39239501953125,176.95139815918174,172.10261762058917,176.10771508060387,290100
2024-04-10,172.12200927734375,174.3524363886573,171.60803974675724,172.85901855960097,229600
2024-04-11,168.36904907226562,171.6274301548436,168.36904907226562,171.6274301548436,237300
2024-04-12,168.9217987060547,169.14483844109157,167.2732164782172,167.95204271352648,252500
2024-04-15,167.37020874023438,171.54016310391233,167.1083852363543,170.66738849637005,259300
2024-04-16,165.92527770996094,168.5436162691197,165.72162241436564,167.84539068037014,325000
2024-04-17,164.9361114501953,166.1967972799339,164.64518167451672,166.012541262094,270900
2024-04-18,165.7216033935547,166.8853076421376,165.30461541337758,165.8476764095628,238500
2024-04-19,168.5727081298828,168.62119889534782,166.26468382894552,166.68168665517976,259500
2024-04-22,169.31944274902344,170.13403442640595,168.39816249772758,169.4455009960647,323600
2024-04-23,170.9777069091797,171.23954521670794,169.3000328886863,169.68792943536872,264200
2024-04-24,171.69534301757812,172.01536434829111,169.7461235302631,169.7461235302631,297200
2024-04-25,168.38845825195312,172.4323396447794,167.68054040167152,171.43349198838203,315500
2024-04-26,167.65145874023438,168.38846813465207,166.01256837365688,167.69024247791722,289200
2024-04-29,170.0176544189453,170.52191696021148,167.36051725500894,167.36051725500894,375700
2024-04-30,169.12547302246094,170.48314056207067,168.53392115674853,170.01766173575268,344700
2024-05-01,169.36788940429688,171.7244043169616,169.2127396811564,169.41638016659837,309000
2024-05-02,169.3388214111328,171.05529401319683,168.22360770991853,170.62859892140193,249900
2024-05-03,170.754638671875,171.6177209220866,167.02107214385387,169.20302314917217,300800
2024-05-06,175.0312957763672,175.06038727757078,171.12317961009987,171.94746347304303,392300
2024-05-07,173.17904663085938,175.89436667842918,172.60689408150358,175.18643406925628,457800
2024-05-08,171.2007293701172,178.19267711635325,165.94465326840236,176.6992592856201,685800
2024-05-09,173.8675537109375,174.4688125172469,170.6479713562505,171.95714792774214,299300
2024-05-10,171.16195678710938,174.55610323897838,169.8430878596338,174.55610323897838,428500
2024-05-13,171.01649475097656,174.37184258220069,170.56070819860102,171.0455862502938,327600
2024-05-14,171.9668731689453,172.9172301262772,170.87104389946816,170.97771767611908,339000
2024-05-15,170.16311645507812,172.43234234314383,168.73757370037677,171.7632082177977,375600
2024-05-16,170.1728057861328,171.6371470491668,170.04674754826107,171.31712574262238,307300
2024-05-17,170.28916931152344,171.22012683856957,169.87216651294622,171.19103534068083,372800
2024-05-20,166.98231506347656,170.43464461528427,166.04165040727784,170.19220557600224,292600
2024-05-21,166.1968231201172,167.77751567183398,165.7313294877355,167.05019851820617,247800
2024-05-22,164.38333129882812,166.13860205723148,163.6366298462139,165.68281556158283,244400
2024-05-23,161.66806030273438,165.54708504730687,161.2122737114627,164.38336578609105,317600
2024-05-24,163.87908935546875,163.90818085480683,161.79410485331496,162.2692906713434,353800
2024-05-28,163.47181701660156,163.81122282333317,162.74449983421192,163.75303981631095,387900
2024-05-29,163.937255859375,166.1579906034617,162.91900909308276,163.18084735808415,624200
2024-05-30,165.4113006591797,166.0416361884128,162.9966027076818,164.1699992708333,336100
2024-05-31,168.2235870361328,168.2526785345159,165.4403918439266,165.82828835390328,810100
2024-06-03,167.2732391357422,169.70732167966096,167.03080010477123,167.80659316603496,346200
2024-06-04,166.60409545898438,167.4186870048353,165.33371737734234,165.8379798786958,344600
2024-06-05,167.2344512939453,168.17511597802434,165.16888068020813,166.51684118667623,395600
2024-06-06,167.30233764648438,168.51453285213617,166.39076448426545,167.33142914763562,212100
2024-06-07,168.09754943847656,169.30974478425532,167.23446694417436,167.86481740236317,326000
2024-06-10,168.05856323242188,169.02263148487347,167.38663822547284,167.6690339520776,297200
2024-06-11,165.15667724609375,167.41588813627382,163.93942583614032,167.17243785428315,256700
2024-06-12,164.53343200683594,165.75068331978625,163.6375219645627,165.35142132297258,210900
2024-06-13,163.71542358398438,164.4457743528052,162.6831968748282,163.96862136028457,349200
2024-06-14,161.20301818847656,163.0240362437941,160.72586518698043,162.22551225586426,360500
2024-06-17,163.58883666992188,163.91019278561873,160.87192353676835,161.53411594884727,237000
2024-06-18,163.95887756347656,165.10797052587455,163.19931393537652,163.19931393537652,239900
2024-06-20,165.15667724609375,165.54619175366847,163.0435157224717,163.74465372332696,262700
2024-06-21,164.31918334960938,165.57538008069463,162.69293748980613,165.53643457931454,459100
2024-06-24,164.80609130859375,165.85779820179306,164.2120720872226,164.31919079465098,312300
2024-06-25,162.20603942871094,165.51695687951624,162.08917320477173,165.05926922156635,279000
2024-06-26,160.49212646484375,161.2809028287523,159.67413726219957,161.2809028287523,224500
2024-06-27,162.87796020507812,163.54988531498944,160.20975480621573,160.20975480621573,287300
2024-06-28,161.89442443847656,164.4555259529025,161.31013786531423,162.94613135475385,584400
2024-07-01,162.51763916015625,163.773835841572,160.6576757885432,162.19628306513752,462400
2024-07-02,161.5048828125,162.02099609312106,160.17076549515784,161.1153535428656,326000
2024-07-03,159.63519287109375,162.38131885909343,159.53782168524347,161.08616172918835,204200
2024-07-05,157.05465698242188,159.2554423540723,156.25614772188672,158.83671496871196,815000
2024-07-08,157.17147827148438,158.93407059463433,155.92501415788092,155.92501415788092,521100
2024-07-09,157.3759765625,159.15803413434404,156.12951250006654,156.9669819350475,335700
2024-07-10,160.482421875,160.55058022429725,157.87262723895873,157.87262723895873,282700
2024-07-11,162.1768035888672,162.29366980694093,160.61873098510895,160.69663684415036,246000
2024-07-12,163.74464416503906,164.73792541810744,161.32962166919114,162.92665483146519,300500
2024-07-15,166.62710571289062,167.41588222122766,163.35513344417825,164.30945435533692,315000
2024-07-16,165.77989196777344,167.31849937149352,165.14691238564095,165.99412938215372,322500
2024-07-17,167.39637756347656,169.56796438309493,165.75066643756938,165.99411667536327,395200
2024-07-18,167.80538940429688,172.05114734660836,167.27952856219648,167.27952856219648,292600
2024-07-19,165.3416748046875,168.28255815512452,164.23154219491025,168.28255815512452,386700
2024-07-22,164.9716339111328,166.41285525624647,164.23153562819053,164.80608952127054,299800
2024-07-23,167.93199157714844,168.1657091832357,164.6892322304353,165.23455845228042,319800
2024-07-24,165.4293212890625,169.09080775855932,165.20533635697154,168.67208045417274,218800
2024-07-25,165.1468963623047,168.3020167287606,164.94240648779783,166.0622716151111,278400
2024-07-26,168.51625061035156,169.35371998812275,164.82553683682792,166.35441139933806,233000
2024-07-29,168.12673950195312,170.41517783361425,167.95146245137022,169.6069212070919,214200
2024-07-30,171.233154296875,171.9342921647449,168.59416206169027,168.9057706368418,240200
2024-07-31,170.28857421875,171.85639440565143,169.86984692574455,170.9507666180682,262300
2024-08-01,169.96722412109375,171.87588066531958,167.9611963899226,171.2915941075501,248200
2024-08-02,168.7110137939453,171.6129364507692,166.96791663961443,169.35372598408782,387500
2024-08-05,164.85475158691406,169.42188028963216,162.42024928133068,169.42188028963216,279400
2024-08-06,165.71170043945312,167.1042434789394,163.89069747760925,165.13716146397616,370900
2024-08-07,165.73118591308594,170.58071047932066,160.31685501326206,168.60389574127038,547200
2024-08-08,165.80911254882812,166.95819068047794,164.94243018984687,165.8578055741917,317000
2024-08-09,172.74256896972656,172.93732620939247,165.92596156824615,166.227837518582,389200
2024-08-12,173.78453063964844,174.18377775137225,172.7815019529578,173.23918960546874,380100
2024-08-13,179.49099731445312,179.82208606958704,174.14482477716305,174.58303223060773,502500
2024-08-14,181.10751342773438,181.42886955431732,179.15017868475613,179.54944067769475,391000
2024-08-15,179.23780822753906,182.67532454091204,178.28348741581277,182.1007855217418,547900
2024-08-16,182.3637237548828,182.53900080862985,178.55615814667104,179.76367677779632,282400
2024-08-19,183.80491638183594,184.7981974414852,181.90600763472872,181.90600763472872,345400
2024-08-20,184.81768798828125,185.82071670343336,183.37646664747052,183.83415431296856,443400
2024-08-21,184.85665893554688,185.82072734427513,182.73376487585918,185.76228679848316,369900
2024-08-22,184.77874755859375,185.25591541800713,182.24685890798867,183.07459573657775,236900
2024-08-23,187.9533233642578,188.61551576285936,184.80795033321604,185.81096416223886,291000
2024-08-26,187.70986938476562,189.64773866180352,187.35930044165886,188.49866065102353,227400
2024-08-27,189.01478576660156,189.4140328958317,186.9405848189112,187.8267473219082,236800
2024-08-28,188.9174041748047,190.37810575347586,187.00874757403676,189.18033461949247,407700
2024-08-29,190.2417449951172,192.10170828592143,188.08963846162274,189.41400828399873,249400
2024-08-30,191.20582580566406,191.60507290925864,189.5016741134889,190.4462622401593,508100
2024-09-03,192.33958435058594,193.20945638939614,191.48926418728587,191.9388678417514,339700
2024-09-04,192.72076416015625,194.98830448366044,192.30049577523906,193.06285487034896,340300
2024-09-05,190.45323181152344,193.41470701471815,189.2999098162539,193.41470701471815,501700
2024-09-06,188.22479248046875,191.93885821440585,187.7263315327968,190.17956234951873,365500
2024-09-09,188.88941955566406,191.50881910836173,188.27367714755968,189.37811205521027,551200
2024-09-10,187.43310546875,189.7788232510002,186.9248611475688,189.33900303104204,256500
2024-09-11,185.0385284423828,187.3158222831981,182.4191289851583,186.08432259816408,362300
2024-09-12,186.98350524902344,187.56994216208545,184.38365780213758,184.7550688413242,243500
2024-09-13,187.89251708984375,188.58645215952234,186.77829867181762,187.56997821703183,350300
2024-09-16,188.55711364746094,190.46301142722305,188.25412668166692,189.11423025969768,256400
2024-09-17,191.3133544921875,191.36221181357368,188.3127752389475,188.86010847914068,249700
2024-09-18,189.436767578125,192.53507623389265,189.38789534545504,191.73361337649766,197200
2024-09-19,189.63223266601562,191.1373989308815,188.01953854611202,190.68781020439502,322400
2024-09-20,189.8765869140625,191.02989404812064,188.81122593644076,189.71043325476828,771200
2024-09-23,193.61996459960938,194.12819403584032,190.2186542350503,190.59006528851282,382100
2024-09-24,192.84780883789062,193.99134736111444,191.42083526068885,193.0823865786967,317500
2024-09-25,192.09524536132812,193.49291369573174,191.7531695523904,193.42448958571708,236500
2024-09-26,194.49961853027344,195.4770035480135,191.95841151866452,192.02683562848802,287000
2024-09-27,195.42811584472656,196.9919377148067,194.01091066392866,194.98829560430107,367000
2024-09-30,194.36277770996094,196.52280507768955,191.64564865878907,195.73111071641037,409100
2024-10-01,194.71463012695312,195.50630954698582,192.93578236672747,194.0304636475243,322000
2024-10-02,195.14468383789062,196.09274843803368,193.25832311822577,194.2357080739435,298900
2024-10-03,192.02684020996094,195.14470087713312,191.6945328752918,195.14470087713312,388700
2024-10-04,193.0628662109375,193.82522535082867,192.02684045230143,192.56440520830472,262300
2024-10-07,182.38003540039062,192.7012179597093,182.02817622615427,191.75315337673112,544800
2024-10-08,185.29263305664062,186.05499209346394,182.72210597054834,183.00555594617072,333500
2024-10-09,186.26028442382812,187.27675835901778,184.52052523681067,185.24379557492549,303500
2024-10-10,186.0256805419922,189.29014271709048,185.5565399387574,188.19547633830564,271300
2024-10-11,187.55038452148438,190.5900521028526,186.80757737966005,189.14352665247483,379100
2024-10-14,188.50823974609375,188.82101010395934,185.8986235917129,187.51131778624816,207900
2024-10-15,190.3848114013672,192.92601828427468,188.5375544079427,189.2021839414754,286200
2024-10-16,192.40802001953125,193.21925139426804,190.1893517977192,190.267544390747,283200
2024-10-17,193.67860412597656,194.27480953849934,191.82156378373165,192.4666414262076,359800
2024-10-18,193.03353881835938,194.3041423097795,192.5350778338912,194.21618123846955,294800
2024-10-21,189.9743194580078,192.61327091370867,189.86680651045177,192.43733385692985,208400
2024-10-22,189.35858154296875,189.72997771395038,186.0354634846367,189.1728760006219,224600
2024-10-23,189.32925415039062,190.247983519177,187.82407290476726,189.30970227463004,188300
2024-10-24,190.32618713378906,190.85398341391866,188.63531516848101,190.58031679226343,243400
2024-10-25,187.43310546875,191.14717105207112,186.74893902506952,190.5998229834168,209300
2024-10-28,189.8374786376953,190.58030076002427,188.36163270122825,188.8405567056924,223000
2024-10-29,189.17286682128906,190.36527769603427,188.4984687954745,189.50517413688394,327100
2024-10-30,190.6584930419922,192.2907241504106,189.12399148223716,189.75928574653804,304100
2024-10-31,187.3647003173828,192.30049751851652,187.3060596039522,190.15025351502888,314900
2024-11-01,187.42335510253906,190.24799734997558,187.2181125901223,187.52109957473638,244400
2024-11-04,186.86622619628906,188.22479064548588,185.7617764586556,187.1985334914974,243800
2024-11-05,188.72325134277344,188.9675975737047,185.11669858803447,186.41662232623398,390000
2024-11-06,201.7029266357422,202.55326168051596,190.47278314529194,192.38844928874371,692500
2024-11-07,201.18492126464844,203.95092255540314,200.17821592553946,202.61190990145866,310600
2024-11-08,204.65463256835938,204.98693986960785,200.6571317317539,203.0028496288981,303600
2024-11-11,205.96434020996094,209.96185625912554,205.52451993557992,207.4597380910835,339100
2024-11-12,207.48904418945312,207.99728853859645,204.56667273772823,205.9056853450079,290300
2024-11-13,208.41757202148438,209.64907168904358,206.21845588488603,206.9417112028146,552300
2024-11-14,210.60691833496094,210.98809789331878,207.27404677648306,208.15368732232062,876700
2024-11-15,213.8713836669922,214.10594651213594,210.65577880351137,211.16402315750767,488400
2024-11-18,216.58851623535156,216.92082354726915,212.86466695635318,213.25562989423668,502200
2024-11-19,214.21348571777344,215.47432081984985,212.28803592135657,214.49693574202252,360100
2024-11-20,215.85546875,217.63430157566208,214.04730065568918,216.17799265432,529900
2024-11-21,220.12664794921875,220.37099419595097,215.7284155080388,216.36370978405805,295800
2024-11-22,221.03561401367188,222.0227824184029,219.39361435569376,220.02890864661612,352400
2024-11-25,222.2964630126953,225.33613118112396,221.13337239160182,222.2866796172058,1260500
2024-11-26,223.50839233398438,223.8993552781751,220.99652066504618,222.6483036841875,330800
2024-11-27,221.91526794433594,224.25121750527794,221.04539588809504,222.9512936614642,487600
2024-11-29,221.96414184570312,223.4497563237617,220.9672049591733,222.27689729392694,231200
2024-12-02,220.6251220703125,222.69718850739653,219.42294264059322,222.69718850739653,298400
2024-12-03,222.19869995117188,224.05574037959522,219.21767275021938,221.57317415439095,371200
2024-12-04,219.3056640625,222.38442102937913,218.2794067689695,221.6904859899538,303500
2024-12-05,220.2732391357422,221.27017595029213,219.1590209007901,219.5890726605454,248900
2024-12-06,219.14926147460938,220.60557046418342,218.2793894386962,219.6868261965133,247500
2024-12-09,214.45082092285156,218.8844088700492,214.00941084615653,218.619580784567,254400
2024-12-10,212.17518615722656,214.80396517270538,208.49686820119186,213.58766264708214,314300
2024-12-11,212.7833251953125,213.74460304272614,211.4591397409135,213.74460304272614,274800
2024-12-12,213.4601287841797,216.39297949623173,213.3130020624685,214.22521767130402,249000
2024-12-13,213.66612243652344,215.4611432876753,212.95008077473494,214.68623596973802,258400
2024-12-16,213.17567443847656,214.5979542653343,212.32230953578448,213.88191262246752,441100
2024-12-17,209.04615783691406,212.14575730880458,208.68323526071967,210.98832046196094,367700
2024-12-18,203.67091369628906,210.66462691826,203.42569250300383,208.72246429111908,335700
2024-12-19,204.4556121826172,206.7803041653406,204.0828712018179,204.68121147604745,316600
2024-12-20,208.21238708496094,208.72243632232565,203.80820965555688,203.80820965555688,923800
2024-12-23,207.35902404785156,208.84997301467322,206.12311468746108,206.544902900421,376000
2024-12-24,211.3119659423828,212.16534573715708,207.07455217811048,208.04563333749715,191900
2024-12-26,213.03836059570312,213.58765365928505,210.60577061393448,210.811748029221,224900
2024-12-27,210.93927001953125,213.57785241101544,210.39978040967347,211.87110754540544,251700
2024-12-30,208.21238708496094,209.4482963453457,206.5056424202385,208.7616800895764,217600
2024-12-31,209.14425659179688,209.94857433850746,208.69304300185132,208.76171212152062,234100
2025-01-02,207.3688507080078,210.3605522194926,206.90783367342917,209.90933864435323,219300
2025-01-03,207.80044555664062,209.3698522162669,206.9176402789316,208.55571605701792,250900
2025-01-06,203.69052124023438,208.06525863882382,203.3864493767093,206.61355346758504,337100
2025-01-07,203.0431365966797,206.1721612413859,202.17014979647027,205.0343313765631,379800
2025-01-08,201.4933319091797,203.03332806193242,199.42366460755466,202.32708988536098,306400
2025-01-10,195.11756896972656,200.10046469042385,193.72471458999368,198.61933428602256,374000
2025-01-13,196.0494384765625,196.56930621865902,193.50895045882828,193.81302234943786,333400
2025-01-14,200.82635498046875,201.51297133214032,195.50014284919484,196.6085474386093,231100
2025-01-15,205.02452087402344,205.25012016058886,203.01370427807186,204.09268341749345,264300
2025-01-16,207.63368225097656,207.97699790950728,205.02454012117582,205.53458942850037,210400
2025-01-17,207.54541015625,209.5660304389616,206.7606993269243,207.49636292308324,345500
2025-01-21,205.61305236816406,210.65479928302915,205.13242842928784,208.98729823500543,316000
2025-01-22,203.25892639160156,206.0544537412666,202.69001147609697,206.0544537412666,387200
2025-01-23,203.43548583984375,204.68121363053848,202.76849141151152,202.96466536295554,420200
2025-01-24,206.8685760498047,207.17266287742524,202.78810709634914,202.78810709634914,317500
2025-01-27,211.478759765625,211.58665768766605,207.2315269683556,208.1045138041011,316900
2025-01-28,211.58665466308594,212.78332028073496,210.46844665387832,210.92944871370355,321400
2025-01-29,212.76373291015625,215.28459915034165,210.26247359032592,210.26247359032592,311500
2025-01-30,214.4900665283203,217.15807424621025,213.06778663396534,214.12714396022577,430400
2025-01-31,211.0765838623047,215.8633060529692,210.91963871606026,213.71516613597652,1279500
2025-02-03,209.15673828125,210.9879925478261,203.11163269553555,208.74323119176043,429100
2025-02-04,208.92042541503906,211.44085796308156,208.07371619752826,208.21155188303172,292600
2025-02-05,211.49993896484375,212.9472061216443,209.481618950218,210.9190460664557,224400
2025-02-06,211.48023986816406,213.3114939167839,209.0090226439357,213.23272852487995,387500
2025-02-07,211.83468627929688,211.99221707028767,209.05826242419542,210.74184082911313,291800
2025-02-10,209.24533081054688,212.1005050716101,209.00903462129403,212.1005050716101,459400
2025-02-11,209.51116943359375,210.6926203750292,207.80791086783296,208.92043645139412,462900
2025-02-12,204.1453857421875,215.21166051716568,203.80078902691832,207.738968525023,553400
2025-02-13,204.80503845214844,204.98224932671508,200.78809337604156,203.90909896949273,433900
2025-02-14,199.8232421875,204.70657654397394,199.34080977177896,203.95832781822992,400400
2025-02-18,198.42518615722656,202.15661999723824,197.56863684277502,200.39427609239905,770600
2025-02-19,197.0468292236328,201.24098537753522,195.88507337283394,198.87808346437183,317100
2025-02-20,197.87384033203125,199.70509454446108,196.65301420572052,199.41958311836177,412500
2025-02-21,196.93850708007812,198.87806165548594,195.7767513566769,198.0313524752421,1094800
2025-02-24,199.6657257080078,200.807801494663,196.4462594047328,197.68678067598395,453900
2025-02-25,203.60389709472656,203.96817391606945,198.88791840772893,201.3296006814365,593400
2025-02-26,203.09193420410156,205.15948464004916,202.84579796282037,202.98363365701928,477700
2025-02-27,207.77835083007812,208.34938867962722,202.77687591630098,204.27337336032988,561700
2025-02-28,204.6770477294922,210.14127517120926,201.4379014750666,208.57585231635517,860000
2025-03-03,206.67564392089844,209.4028372405828,204.15521162062527,205.4055877309657,621400
2025-03-04,202.95408630371094,206.0652518119029,202.52088414143572,205.32684313246915,666600
2025-03-05,201.418212890625,204.7065895032849,200.7388744538555,202.39291782463746,498600
2025-03-06,198.1593475341797,201.1622123520063,197.66707510578064,200.44348379001084,437000
2025-03-07,201.418212890625,203.0131709435871,197.9526103704337,198.2086016787608,489400
2025-03-10,202.12709045410156,203.94848968085674,200.32537131070967,200.32537131070967,442700
2025-03-11,200.90621948242188,202.74731354269625,198.5137827103838,202.15659564707605,448000
2025-03-12,198.46456909179688,202.04831204148905,196.2198078498448,201.48711421951933,431100
2025-03-13,200.88653564453125,201.42803834643834,198.76977010966888,199.55740903762802,434300
2025-03-14,207.93589782714844,208.46756053190776,201.51666031852645,202.21569386797984,428000
2025-03-17,211.37196350097656,212.08083708620396,206.52800401723206,207.1384170955807,354600
2025-03-18,209.31427001953125,214.52250638503716,208.41833047681655,210.8403027293632,349400
2025-03-19,210.39724731445312,211.15535111257995,208.5856882592856,209.55053807865215,323600
2025-03-20,208.77276611328125,212.51404004366054,208.52662986816372,209.59978029136474,364800
2025-03-21,203.6432647705078,208.7235200914524,202.72764521886472,206.8627308198575,1361800
2025-03-24,206.20309448242188,206.8725778300966,201.52650602093385,205.11024899892402,358900
2025-03-25,207.5716094970703,208.34939338205015,205.04132181469944,206.29169808284612,305400
2025-03-26,209.0287322998047,210.98798212453764,207.75867594647076,209.32409878426662,251000
2025-03-27,208.25094604492188,210.64338299363632,207.12856543509966,210.64338299363632,336400
2025-03-28,203.1214599609375,208.9105888955889,201.27051070472362,208.9105888955889,384900
2025-03-31,206.50830078125,208.438015470168,202.963932994651,202.9836280998442,530400
2025-04-01,208.29034423828125,208.80231186054533,205.09057288931947,206.99075261002932,328300
2025-04-02,207.5125274658203,208.06387019202845,205.58281290112927,205.92740961649065,301800
2025-04-03,200.27610778808594,204.49981352738598,199.5376991645822,201.51662886730594,577400
2025-04-04,184.1197509765625,197.27327248706519,184.05084064002548,195.73738472465027,867100
2025-04-07,178.60630798339844,184.88769472457088,172.26583592428295,180.1028055327448,775700
2025-04-08,176.95225524902344,187.8905499719588,174.6779588748525,185.55718330593353,727200
2025-04-09,190.25347900390625,191.60230083092958,173.90018614246415,174.2939981287155,932300
2025-04-10,187.3785858154297,191.2675350254621,185.06489937475902,189.26891015244124,551600
2025-04-11,186.63034057617188,187.06354276308693,180.56554000528888,185.29135882705438,493000
2025-04-14,191.966552734375,193.47290516942093,187.4278003255936,189.51504564590851,516000
2025-04-15,190.8048095703125,194.7232941674512,190.22393166976707,192.18316645685476,329600
2025-04-16,187.3785858154297,192.19300960173035,185.9805188876867,192.1634594346711,435200
2025-04-17,186.04945373535156,188.7569522508152,185.6851769242556,188.63881166839775,432700
2025-04-21,181.02825927734375,185.54733161908263,178.94102897369183,185.54733161908263,381300
2025-04-22,186.01991271972656,186.71893117425603,183.45024997249232,184.10005320120962,460900
2025-04-23,188.1170196533203,191.1198698736519,186.74848768642286,188.1957700328153,351900
2025-04-24,190.20423889160156,190.62758600373147,186.53189048091883,187.3884397692509,277200
2025-04-25,187.88070678710938,189.04246256870636,186.4432646098665,188.7569511552003,305000
2025-04-28,189.31814575195312,190.04671443833095,187.01431412668174,188.76680297219218,347300
2025-04-29,191.14938354492188,191.49398026409375,187.00445798908262,189.8793272525027,291400
2025-04-30,189.7611846923828,190.22392198565666,185.71470465358055,189.49535336959596,498400
2025-05-01,188.66835021972656,189.90887142639264,187.03400202628782,188.16622268946185,281700
2025-05-02,193.97503662109375,194.70359021818757,189.37721383052633,190.62757501260566,307100
2025-05-05,193.44337463378906,193.74858114420536,189.48551501598956,192.3406891708753,316000
2025-05-06,194.76268005371094,195.80629524792002,191.9173308600793,192.5375989567354,650600
2025-05-07,194.01443481445312,202.58982835325884,192.95112441433832,199.92170479978128,751300
2025-05-08,191.85826110839844,195.53062442591062,189.76119067332033,194.73313043241447,580200
2025-05-09,192.68528747558594,192.70496755689803,190.63743229691602,191.8582583486303,329300
2025-05-12,198.94700622558594,199.20298250556456,192.45884355606253,195.8358405629359,475300
2025-05-13,199.32110595703125,201.34926598586378,198.3956313754174,199.94137403257298,527400
2025-05-14,193.25631713867188,198.9666807206903,193.00034086588167,198.92730553370848,634800
2025-05-15,196.39703369140625,196.46595905288467,192.9708212751951,193.7584602849929,434800
2025-05-16,199.20297241210938,199.67554976003393,195.3337031238934,195.93427611680374,1065400
2025-05-19,200.2958221435547,201.14253138080971,196.91882523552746,198.4744080213199,429600
2025-05-20,197.54893493652344,200.35489400673683,196.77115104900906,199.9807621245848,499400
2025-05-21,189.65289306640625,196.32810643341315,189.1113903549015,196.32810643341315,822100
2025-05-22,190.03684997558594,191.15923049671096,187.54595272236145,189.81039384495674,465200
2025-05-23,193.48277282714844,193.6993739124404,187.23090654551467,188.2942168670489,625300
2025-05-27,197.89353942871094,198.47441735684603,192.0748750370121,193.48278215931688,721200
2025-05-28,194.8808135986328,198.09042446042577,194.33931091657632,197.0172741596899,892600
2025-05-29,196.86961364746094,196.86961364746094,194.25072049044252,195.64877250841627,903400
2025-05-30,199.84292602539062,201.09330229505034,194.83159592866537,195.8259809013924,5103900
2025-06-02,201.0736083984375,201.11299860880084,196.56439078150035,197.79507195349314,547200
2025-06-03,202.63905334472656,203.54483291619596,197.7163284848076,201.01454512717487,658200
2025-06-04,200.817626953125,203.29868433842043,200.817626953125,202.61934594529498,592400
2025-06-05,198.29718017578125,203.13129895412382,197.70644726156607,200.5320861499467,506500
2025-06-06,200.3253631591797,201.15237731571767,199.13405715374273,200.29582801237217,390300
2025-06-09,196.3815155029297,200.90853248373085,194.0092865117675,200.6515457857386,355900
2025-06-10,193.66331481933594,196.51000145819216,192.78361166805925,196.4506980002598,320700
2025-06-11,194.26626586914062,195.4820471322656,192.9219988030066,193.9598546032723,353000
2025-06-12,196.89549255371094,196.97456885979545,192.86269143698058,193.5447113799791,334200
2025-06-13,195.8773956298828,197.65657468403802,193.57434928231834,194.81978216135803,461200
2025-06-16,197.6961212158203,199.90033367706644,197.18214784498332,197.24145130452118,352600
2025-06-17,195.97625732421875,197.1030682836223,194.7308243654348,196.7670052969479,303400
2025-06-18,193.09991455078125,196.62860599543572,193.09003566866633,196.37161932008334,711600
2025-06-20,193.88076782226562,196.44081601323236,193.03071641339037,193.91041955076315,598300
2025-06-23,197.36993408203125,197.41935865831,192.43767206403476,194.1773055402988,390400
2025-06-24,195.72914123535156,197.86414106435117,195.14595539227827,197.86414106435117,290000
2025-06-25,192.34872436523438,195.7093845313521,192.14114716968692,195.44250387486642,324800
2025-06-26,193.94009399414062,194.53314366969354,191.69635092852735,193.04061797494924,360100
2025-06-27,194.5627899169922,196.01578495866264,192.398123218901,193.7918148029135,484400
2025-06-30,195.20529174804688,195.80823540999478,193.85113068823762,194.72095500901858,419300
2025-07-01,195.37332153320312,197.79497504254203,194.30581398951313,194.83956022022628,417600
2025-07-02,189.56134033203125,196.6483904505768,188.43452933164042,195.1163190256099,553200
2025-07-03,191.23178100585938,191.86437635579952,190.23347094678184,191.05385555123658,264300
2025-07-07,189.3240966796875,193.23829068735054,187.97982970639805,190.36195240827155,462600
2025-07-08,188.0589141845703,190.49046156632951,187.29783302181448,188.31591594853842,397600
2025-07-09,188.296142578125,188.96826855099107,187.14955877260428,188.51359864752592,295100
2025-07-10,187.73272705078125,188.3159129103487,186.09194275211618,186.981524782504,248200
2025-07-11,185.39016723632812,187.13969481338003,184.99480075985127,186.764086103142,256900
2025-07-14,188.85955810546875,189.00781675372687,185.33085145429263,185.33085145429263,377500
2025-07-15,183.19583129882812,189.2054946836695,183.12664895899826,187.4757401185055,327200
2025-07-16,183.59121704101562,184.886059503545,181.8318107065808,183.52201961733203,493200
2025-07-17,185.90414428710938,186.47743620032423,182.77081915284634,183.06735153309725,440200
2025-07-18,185.89427185058594,187.82170976565675,185.7163463833604,186.83327851872158,366000
2025-07-21,183.94705200195312,187.2879391956401,183.69994420242458,185.58783632830267,442400
2025-07-22,186.0425262451172,186.43789270193344,183.41329556872475,184.7180320242928,215800
2025-07-23,185.43959045410156,186.93211623644063,183.62088054404649,186.46755233474795,425800
2025-07-24,182.57313537597656,184.94536424630047,182.52371079903995,184.78721163300867,335100
2025-07-25,184.12496948242188,185.3703874104843,183.34411544197891,183.34411544197891,271700
2025-07-28,182.71151733398438,184.04589043370095,182.19752887575146,183.51214421026702,315000
2025-07-29,183.03768920898438,184.41162310724354,182.57314040332574,183.848210062726,350700
2025-07-30,182.4248504638672,183.70981397414357,181.26838782929718,183.09699148802844,301000
2025-07-31,185.1331787109375,186.98154034776667,182.01961118086558,182.01961118086558,573400
2025-08-01,184.3226318359375,185.36048753290214,182.8992886037874,184.27320726327022,421700
2025-08-04,186.6949005126953,186.87281089933919,184.81687207640283,185.58784724972097,348300
2025-08-05,186.6454620361328,187.8019247100018,185.82506234463335,187.15945047416224,432600
2025-08-06,207.61007690429688,209.25087627093203,193.30749170917815,193.30749170917815,1072700
2025-08-07,199.4752960205078,207.10598601311497,198.299060491365,207.10598601311497,591800
2025-08-08,200.9184112548828,204.11103976030333,199.62356881532818,201.10621559324807,402900
2025-08-11,203.33018493652344,203.38948839423796,200.80968240781655,201.63008209814734,429100
2025-08-12,206.9972686767578,207.12576956441,204.417462534502,205.76172962552923,404200
2025-08-13,211.1190185546875,211.78126565561166,206.17686250397279,206.91818591158,472900
2025-08-14,210.46664428710938,211.2178616378754,207.34321321535012,210.7928283869531,537400
2025-08-15,210.0416259765625,212.5028250470319,209.8340487923429,212.5028250470319,578300
2025-08-18,206.72048950195312,209.30029539918397,206.6809588922644,209.30029539918397,471000
2025-08-19,211.26727294921875,211.3463492486643,205.71227980070003,206.58210401233896,372200
2025-08-20,212.90806579589844,213.29355334494423,211.28703929705694,212.30512218510762,436600
2025-08-21,212.3150177001953,214.02499939616956,211.65277062813897,211.8998784199031,305300
2025-08-22,213.42205810546875,215.0826303269865,212.04813937158661,213.0563433959987,393000
2025-08-25,211.44520568847656,212.90807967737973,211.17832503488668,212.22607480172672,260900
2025-08-26,211.76150512695312,212.38420652527728,210.65445193010203,210.66434589472289,438100
2025-08-27,213.63951110839844,214.07442323356725,210.50618612949393,211.72195223775205,382700
2025-08-28,216.1600341796875,216.21933764199278,212.4435229977407,213.92616988442865,631000
2025-08-29,213.11566162109375,217.98862042593606,212.651097728745,217.09903833715885,625400
2025-09-02,212.87754821777344,213.23469412083128,210.91315492035935,212.42116988870066,508700
2025-09-03,213.1950225830078,213.56209930872066,210.65521738561839,210.65521738561839,358400
2025-09-04,214.80223083496094,215.6356166807508,213.6414612486205,214.8716859631236,351700
2025-09-05,209.50436401367188,215.79435270589187,208.96863000333013,214.66334522767428,417200
2025-09-08,210.0797882080078,210.645299508829,205.9029885914623,209.1075223525832,370400
2025-09-09,209.43492126464844,210.67506169104158,209.23648668567918,209.87143797845516,269600
2025-09-10,207.74830627441406,209.60356654016536,206.88517343138227,208.2642089010045,205100
2025-09-11,211.6274871826172,211.78622879501125,207.5300582509917,208.3535133345483,256200
2025-09-12,211.329833984375,212.28226844612476,210.43693897646077,210.43693897646077,246500
2025-09-15,206.8455047607422,212.5104576773648,206.57763019336122,212.05409448390523,273700
2025-09-16,203.81954956054688,206.97445934968803,203.39293340746065,206.96454367670725,331700
2025-09-17,207.8475341796875,209.68294805478578,203.67073458848355,203.93860915769113,439500
2025-09-18,207.42092895507812,209.45474708999953,206.4288166401184,206.60738959036354,352000
2025-09-19,207.94674682617188,208.57176728912557,206.18078812039522,207.43084418473512,561700
2025-09-22,209.5242156982422,210.06988053426193,205.9724515655716,207.59951526124544,382800
2025-09-23,210.82386779785156,211.93502875088768,208.8495588331089,209.13727988315526,371500
2025-09-24,213.49266052246094,213.56210051546486,210.32781968151897,210.32781968151897,441300
2025-09-25,214.2962646484375,214.86177594659642,210.42703259210273,213.6910755177356,480400
2025-09-26,213.91925048828125,216.97495820612838,213.57202026438213,215.7943421403201,362800
2025-09-29,212.75848388671875,214.14745021706284,211.52827429914933,213.96886212756988,224000
2025-09-30,214.89154052734375,215.3082258966885,212.5005461366062,212.5005461366062,254700
2025-10-01,215.76458740234375,217.29244888302648,213.44304816063575,213.44304816063575,360700
2025-10-02,216.6376495361328,217.6892861864622,214.06808222811176,214.6335783856671,244800
2025-10-03,218.26470947265625,220.0306681836786,215.8141908415932,216.28048484108666,260800
2025-10-06,219.94137573242188,220.19931947768157,217.8976268395854,218.86989264387583,261300
2025-10-07,214.58396911621094,221.88591646787432,214.46492048095303,219.95130045276932,365100
2025-10-08,217.53054809570312,217.97701076330213,214.90145642738906,216.05231038494404,226500
2025-10-09,216.7269287109375,218.2647058022306,214.80222842853232,218.2647058022306,198200
2025-10-10,215.65545654296875,219.1873740846538,215.63562519565272,218.35400334438876,298900
2025-10-13,215.70506286621094,217.61984755191074,213.7208381887864,216.0919860727714,262100
2025-10-14,220.0604248046875,221.3402581373676,215.83403189562887,215.89355621092895,206400
2025-10-15,213.15533447265625,219.16753261000784,212.47077456105896,219.16753261000784,355100
2025-10-16,206.0617218017578,211.86558481549497,205.7938472418415,210.92308115763512,319300
2025-10-17,207.46060180664062,208.01618226753206,205.3672442667897,206.29983224261412,277600
2025-10-20,207.5002899169922,208.24437417221225,206.2105559853571,207.95666825443763,279800
2025-10-21,209.17697143554688,210.24845462701316,206.9943272181601,207.51022989666615,172400
2025-10-22,208.51223754882812,210.6254415645038,207.38123014714935,208.9983780193092,269400
2025-10-23,209.91111755371094,210.6750482463785,207.5002768466703,210.06985915138273,252000
2025-10-24,210.1889190673828,211.46873731356095,210.0797861054271,210.58575794444027,196300
2025-10-27,210.51632690429688,211.68701223829623,208.33368271081045,210.35758529135117,246600
2025-10-28,206.25022888183594,210.0202587124087,206.12124943638617,209.83175495011517,213800
2025-10-29,206.46849060058594,207.6391758438408,204.40489520754957,205.22835023013852,277600
2025-10-30,210.75440979003906,211.35959890192885,206.96454865502972,207.36138752185508,319100
2025-10-31,210.05001831054688,211.7167597155858,207.99633857387494,209.3257805670549,728900
2025-11-03,210.43695068359375,210.88339821238785,206.14110240128952,209.18689457528362,297400
2025-11-04,212.9073028564453,213.56208546069035,210.2781962127018,211.31000146875647,369100
2025-11-05,216.58804321289062,223.22527721077358,216.1515113597514,218.88975111546733,433500
2025-11-06,215.09986877441406,218.4631289195633,214.56413478477256,216.61779940656967,305600
2025-11-07,222.55064392089844,224.04872808120987,214.44507290708916,216.56819267619755,452000
2025-11-10,224.32652282714844,226.33059400185968,219.20721949615125,221.4494030833855,308000
2025-11-11,223.74118041992188,226.3603564067855,222.510955661534,225.40792189409282,217600
2025-11-12,224.69358825683594,226.55876421510334,223.19550414172826,223.19550414172826,261300
2025-11-13,225.2591094970703,226.83656448215217,224.55470307578432,224.97138844136634,228400
2025-11-14,226.78695678710938,230.18990999459362,225.54681635872046,226.5091665422249,368000
2025-11-17,223.05662536621094,227.1441234753631,222.07442867270592,226.37027703991066,261800
2025-11-18,224.16778564453125,225.48729690541876,222.5506527851553,222.99710032132126,213800
2025-11-19,222.8482666015625,224.53486967241005,221.45931539567567,223.5526730163976,185000
2025-11-20,224.26699829101562,228.18583902041883,222.52087087774052,226.4496424191765,260100
2025-11-21,225.0309295654297,228.09655308106326,224.46541826181397,225.10036955765813,293800
2025-11-24,224.2372283935547,225.1499699015265,222.91771720553373,224.8622488542986,291600
2025-11-25,226.37026977539062,227.917962596628,224.21738782395838,226.23137465395735,260600
2025-11-26,226.71751403808594,228.62236789631515,225.87421250166335,226.80680051462025,265700
2025-11-28,226.3603515625,228.54299564843726,225.25910627690703,226.35042075065934,127700
2025-12-01,224.51783752441406,227.76465634474414,224.30869575568522,226.24084838438645,269600
2025-12-02,220.47425842285156,224.0696517689641,220.3049481230902,224.0696517689641,339300
2025-12-03,221.43038940429688,222.10763063017845,218.6417159865047,220.50414455472648,344700
2025-12-04,223.36253356933594,223.98001998097115,219.6874620997326,220.84277200289597,368900
2025-12-05,221.9681854248047,223.55176328028858,219.75716710292954,222.6553958757992,264300
2025-12-08,220.86268615722656,221.73913027277442,219.87670172428255,221.2411534247672,233500
2025-12-09,221.50009155273438,225.67313988838154,218.74131081097786,221.50009155273438,288600
2025-12-10,222.05784606933594,223.33266560352627,220.5240688442007,220.85273539244398,368800
2025-12-11,227.0973663330078,227.4359869428275,221.62957506342454,221.62957506342454,386700
2025-12-12,228.37217712402344,229.17889715655411,226.70893633658616,229.06934164614583,345100
2025-12-15,232.31614685058594,232.43567162459578,229.0095885792209,230.35411691119447,420300
2025-12-16,232.37591552734375,235.78207522502524,231.16085084490774,233.1726662986717,387300
2025-12-17,236.0808563232422,236.99714709273368,231.20068931419104,232.1568115446378,443600
2025-12-18,237.0668487548828,239.60653363030087,233.71048977976162,235.48328608089804,434000
2025-12-19,238.0528564453125,239.11851899654818,236.7581136023419,236.7581136023419,596700
2025-12-22,240.5327606201172,241.06061483902803,237.88353545999644,237.90344359112942,289000
2025-12-23,240.27381896972656,242.23584888339852,239.5866085171043,241.1004623259934,290600
2025-12-24,240.91123962402344,241.35941574912823,238.38152391546598,238.54086495753722,191700
2025-12-26,239.15835571289062,242.77365714163113,238.48109932594755,241.1701711513804,168600
2025-12-29,240.4630584716797,240.76184761451873,238.3217489455392,239.54678291147454,267000
2025-12-30,241.1502685546875,242.03666671889314,238.34167189236692,240.35350257407583,341900
2025-12-31,239.8754425048828,242.56451431849558,239.71608627370884,240.86142689154772,293200
2026-01-02,236.7581024169922,239.87544219826958,234.2980956906823,238.66037753195266,348900
2026-01-05,239.4471893310547,240.80168698564813,234.37778859028595,234.54709889747917,305700
2026-01-06,234.66659545898438,238.3914676016996,232.0173702849617,237.70425714783866,468600
2026-01-07,235.5430450439453,236.34976509227232,233.212517082768,234.09891524904725,271800
2026-01-08,237.05690002441406,239.21811769416917,232.43567554041593,235.72231053864112,445800
2026-01-09,237.03697204589844,238.91932386308693,235.72230591475886,236.21032868108435,209800
2026-01-12,237.2660369873047,238.16240440263323,235.51316401057855,235.99121751385897,259400
2026-01-13,234.05906677246094,238.1424829027581,232.5452281342745,237.53495055550994,364700
2026-01-14,237.03697204589844,238.16240454933944,234.56701121420673,234.56701121420673,281700
2026-01-15,236.48919677734375,239.0288816846526,235.89163369136034,237.18636130951458,340100
2026-01-16,233.05316162109375,237.2162407178623,232.32611968830372,237.2162407178623,406800
2026-01-20,231.80821228027344,235.27412673073022,230.26448108174733,231.78828895207948,367500
2026-01-21,237.2660369873047,237.96320151230674,231.9675714002422,232.21655981610343,334600
2026-01-22,236.45932006835938,237.1963312599605,232.0372833128469,235.88166511230128,266700
2026-01-23,232.4456329345703,235.92151681102243,230.4636796049012,235.1347048793702,259200
2026-01-26,232.92367553710938,236.30992706933046,232.50537682726173,233.7104874318833,282500
2026-01-27,236.0908203125,236.19040656118727,231.69866098423708,233.10295930503628,330100
2026-01-28,236.32984924316406,237.14653858023706,233.94952048330026,235.20443188445657,300200
2026-01-29,237.5747833251953,239.47705849475844,234.07899139132905,237.96320465118043,256000
2026-01-30,237.1664581298828,238.36159952385088,235.0052404365041,237.65446571406835,331200
2026-02-02,239.41729736328125,241.82750337311546,237.624577753515,238.55082255066367,367900
2026-02-03,240.25390625,243.83934564067332,238.05285708834708,238.1823207350607,335800
2026-02-04,240.3335723876953,242.4449892585791,238.96912075287474,240.17421615671063,382000
2026-02-05,241.47894287109375,244.02858193355297,238.18232333014552,240.4331884376662,525100
2026-02-06,242.3254852294922,245.3133462421224,241.55859664774394,243.99869529902952,353000
2026-02-09,234.36782836914062,243.44095184724213,233.23242657946116,241.24985678039613,382900
2026-02-10,235.5032196044922,236.61868289024832,233.02328940985848,234.22838488170984,574700
2026-02-11,215.13595581054688,233.3021569843416,214.35911313112268,233.3021569843416,1204000
2026-02-12,213.6121368408203,221.16146741077156,209.01083579253861,217.53619669456998,1097800
2026-02-13,216.60000610351562,217.52625094562336,210.60437578017314,212.82534827274623,723400
2026-02-17,221.0399932861328,222.25999450683594,218.07000732421875,218.9499969482422,614200
2026-02-18,219.6999969482422,221.2899932861328,217.0800018310547,220.50999450683594,527500
2026-02-19,222.9199981689453,223.0800018310547,217.86000061035156,219.75999450683594,462200
2026-02-20,224.30999755859375,224.49000549316406,220.5,224.22999572753906,391700
2026-02-23,218.4199981689453,225.47000122070312,217.69000244140625,223.22000122070312,442500
2026-02-24,222.85000610351562,223.86000061035156,216.27000427246094,218.11000061035156,557400
2026-02-25,224.1300048828125,224.75999450683594,220.9199981689453,223.10000610351562,509100
2026-02-26,229.44000244140625,230.27000427246094,224.52000427246094,225.75999450683594,316000
2026-02-27,229.58999633789062,230.2899932861328,224.32000732421875,229.72999572753906,431600
2026-03-02,233.5500030517578,235.5,228.9600067138672,229.58999633789062,345800
2026-03-03,232.88999938964844,233.64999389648438,226.6699981689453,230.99000549316406,344300
2026-03-04,231.9499969482422,233.22000122070312,229.47000122070312,231.9199981689453,403500
2026-03-05,227.17999267578125,231.3300018310547,226.5500030517578,229.77000427246094,375500
2026-03-06,222.91000366210938,225.19000244140625,220.82000732421875,225.19000244140625,304100
2026-03-09,219.6699981689453,221.11000061035156,216.5399932861328,221.27999877929688,377469
