Price,Close,High,Low,Open,Volume
Ticker,AVGO,AVGO,AVGO,AVGO,AVGO
Date,,,,,
2018-01-02,21.13089942932129,21.169677360848414,20.383827257470106,20.55793247179993,33135000
2018-01-03,21.36197853088379,21.42528963564239,21.05333708386757,21.15305173423482,31161000
2018-01-04,21.369102478027344,21.506804098458513,21.243271218491866,21.49335031836399,19067000
2018-01-05,21.4957275390625,21.704654371447255,21.32399521348924,21.52342605779108,28633000
2018-01-08,21.547164916992188,21.569323730056354,21.293129521661992,21.440327135665978,20971000
2018-01-09,21.24881362915039,21.67220699554786,21.224280439905495,21.609686835249185,26027000
2018-01-10,20.80009651184082,21.062046010940907,20.633903887702044,21.049383183864858,31607000
2018-01-11,20.853124618530273,20.880823144873656,20.69880382620101,20.85866432379895,17726000
2018-01-12,20.915637969970703,20.997150102553434,20.7352006205758,20.844412779917768,19881000
2018-01-16,20.83333396911621,21.13010509967652,20.707502695791785,20.986071296122265,33528000
2018-01-17,21.03592872619629,21.092909182024364,20.61253536539097,21.009813627351775,37365000
2018-01-18,21.351694107055664,21.37227101244731,20.93067510553402,21.00823095933557,30319000
2018-01-19,21.081825256347656,21.32319930010233,21.056501117892594,21.300249535479885,29963000
2018-01-22,20.743114471435547,21.11190173445923,20.62519728072448,21.0232664800582,27230000
2018-01-23,20.805633544921875,20.925132639265097,20.426557849761128,20.71383145668099,35398000
2018-01-24,20.327638626098633,20.834918559448788,20.25957875454042,20.65289927155776,45405000
2018-01-25,19.570276260375977,20.405192648043577,19.547326490056665,20.3972785697889,59520000
2018-01-26,19.847261428833008,19.859922745497904,19.40803993108014,19.73884022551803,49014000
2018-01-29,19.426240921020508,19.744378364124227,19.269545818791208,19.648619994519233,50401000
2018-01-30,19.070907592773438,19.391420946867733,18.7567264065087,19.09227545160425,46002000
2018-01-31,19.62883949279785,20.033239399853148,19.3779693898432,19.784743671425105,80482000
2018-02-01,18.89759635925293,19.46027484398167,18.842990271129867,19.12947449501147,66851000
2018-02-02,18.635643005371094,18.831906990784216,18.525639896682886,18.737732036738205,58352000
2018-02-05,18.051597595214844,19.309907266536925,18.012028716275044,18.572332736529013,70776000
2018-02-06,19.023427963256836,19.025011382855162,17.798356295800797,17.85533675949686,77744000
2018-02-07,18.7860050201416,19.23867871235882,18.755932134002446,18.89521565032049,40475000
2018-02-08,18.16793441772461,18.876227071343546,18.163185668823125,18.786800853950204,43200000
2018-02-09,18.637226104736328,18.76543175039174,17.905191264553558,18.42275957685015,43282000
2018-02-12,19.341569900512695,19.427039854151538,18.795510437777864,18.82399991917199,35063000
2018-02-13,19.457103729248047,19.470557508514208,18.99809785292037,19.073279316390536,23719000
2018-02-14,19.59955596923828,19.677902768971176,19.268754177432974,19.38904573808945,25491000
2018-02-15,19.9295711517334,19.930362106864433,19.34394284056576,19.72776589354985,25540000
2018-02-16,19.6968994140625,19.97230270858939,19.62963200993815,19.885250862631764,32639000
2018-02-20,19.754671096801758,20.239001243310017,19.588479971806247,19.68582027223845,41693000
2018-02-21,19.675533294677734,20.059357839940606,19.662079510770514,19.981801975792397,28156000
2018-02-22,19.73330307006836,20.03007422746834,19.647833133720606,19.715102047648475,19342000
2018-02-23,20.078344345092773,20.18280774072259,19.807688360348738,19.9540965127592,18280000
2018-02-26,20.018203735351562,20.13612094063166,19.86388297600984,19.939855413687646,28878000
2018-02-27,19.927980422973633,20.233456541167236,19.917691972218314,19.950139234166134,21176000
2018-02-28,19.50459098815918,20.140076535523043,19.466604015893047,20.10763077660782,28834000
2018-03-01,19.255300521850586,19.71509890954964,19.09702350210429,19.457105722056216,26044000
2018-03-02,19.853593826293945,19.87812701630119,19.011555816079138,19.027382463296632,27402000
2018-03-05,19.54574203491211,19.890788583143216,19.264006599907557,19.77682767366182,25900000
2018-03-06,19.860719680786133,19.88762573948392,19.572653529428802,19.73013963445636,30030000
2018-03-07,19.551284790039062,19.73726187455658,19.33602727336234,19.681072365992488,31549000
2018-03-08,19.54336166381836,19.650199417628453,19.46184804563708,19.647034089356794,33554000
2018-03-09,20.08388900756836,20.123457890747606,19.59718449907414,19.672365980897165,30782000
2018-03-12,20.80088996887207,20.916432808060847,20.546062052917108,20.627575710088905,53881000
2018-03-13,20.672679901123047,21.672205399495173,20.594333099868535,21.084993829719583,66855000
2018-03-14,20.622817993164062,20.761310545170243,20.192301630926046,20.73440449896305,39619000
2018-03-15,21.190250396728516,21.280469078357218,20.853119414663496,20.871320436314836,57990000
2018-03-16,20.17014503479004,20.86102898002881,20.133741489906612,20.813544520313968,113955000
2018-03-19,19.385095596313477,20.298358978097877,19.21257227801904,20.03007725576756,71267000
2018-03-20,19.18012046813965,19.630421392447865,19.0946505390799,19.39696137482206,61918000
2018-03-21,19.753450393676758,20.122020570756824,19.27647695306011,19.318232250165153,54912000
2018-03-22,19.55832862854004,19.811269625973807,19.392109952483025,19.434667802545647,43078000
2018-03-23,19.470796585083008,19.690814801445327,19.3045794887957,19.5430654205379,59070000
2018-03-26,19.892366409301758,19.98069379965969,19.312610604191203,19.887548078250344,48713000
2018-03-27,19.622562408447266,20.41591147262541,19.400135019254176,19.92047034561735,63917000
2018-03-28,19.00507354736328,19.828135487042037,18.918351211859424,19.59928458165629,41744000
2018-03-29,18.922359466552734,19.33910834435319,18.850893171791796,19.11828757129723,46874000
2018-04-02,18.282386779785156,18.960106920740984,18.102518682108432,18.785859701116657,53088000
2018-04-03,19.013103485107422,19.029163573852127,18.24464677072308,18.53773649822931,45569000
2018-04-04,19.02996063232422,19.104638645039888,18.428525338505036,18.472688272458896,37720000
2018-04-05,18.97536277770996,19.406565259431265,18.87017119404009,19.332691306332457,35798000
2018-04-06,18.377939224243164,18.99382962343013,18.288807732430627,18.768190455252206,30248000
2018-04-09,18.84929656982422,19.244364667375223,18.409259914875452,18.467073787177167,37494000
2018-04-10,19.251585006713867,19.396925241570106,19.08376126730855,19.23632746772763,33244000
2018-04-11,19.297353744506836,19.329473910546632,19.037186832194507,19.1206974260094,19922000
2018-04-12,19.22589111328125,19.48364888860054,19.038794035317395,19.386487366588845,41036000
2018-04-13,19.828933715820312,20.235244991767328,19.665124214825504,20.074647201525508,48312000
2018-04-16,20.024059295654297,20.065814598558987,19.72775791977683,20.0015757888267,25172000
2018-04-17,20.2143611907959,20.30349264964255,20.04573493436906,20.146108143644167,25084000
2018-04-18,20.04172134399414,20.208742529557046,19.870685903512847,20.15494293683735,20511000
2018-04-19,19.501317977905273,19.775939969500897,19.324661604330267,19.55592166456763,50141000
2018-04-20,19.0403995513916,19.40013715960041,18.870969189173714,19.369623612875284,41530000
2018-04-23,18.745704650878906,19.13675991045965,18.638907995385154,19.110260616994097,31337000
2018-04-24,18.33939552307129,18.96010266770869,18.202887858887586,18.92958911775826,44889000
2018-04-25,18.38837242126465,18.55700021649483,18.136235570395318,18.38837242126465,34023000
2018-04-26,18.502397537231445,18.619633383423494,18.332164643698142,18.54897116415975,32751000
2018-04-27,18.69190788269043,18.805932053197665,18.524886648796688,18.755344156088853,27211000
2018-04-30,18.422103881835938,18.799508272275123,18.3337764655926,18.675847439015715,39682000
2018-05-01,18.499191284179688,18.53693080470591,18.176390573811226,18.53693080470591,44947000
2018-05-02,18.367496490478516,18.74489924169179,18.21171705890412,18.73365749019977,52950000
2018-05-03,18.08725357055664,18.29843921323296,17.88088625893059,18.186824243868845,58011000
2018-05-04,18.510433197021484,18.636501667440445,17.82468308364538,17.95878159780478,51303000
2018-05-07,18.948057174682617,19.02273518945096,18.548973416069824,18.573062011329704,36953000
2018-05-08,19.1793212890625,19.188153877986114,18.855718020726744,18.929591974973587,40149000
2018-05-09,19.115079879760742,19.20180219897099,18.793885821283137,18.93440774325019,35031000
2018-05-10,19.553508758544922,19.57117393305162,19.16004586657804,19.2499798918107,25747000
2018-05-11,19.543071746826172,19.633007313741672,19.400140650433823,19.518983148259274,24052000
2018-05-14,19.653881072998047,19.94777326238481,19.57679389407578,19.77593526243366,27580000
2018-05-15,19.398534774780273,19.628188186172352,19.1512146560375,19.45715271066525,24984000
2018-05-16,19.312618255615234,19.449125947422463,19.19056403111477,19.44350506949348,29330000
2018-05-17,19.22749900817871,19.404959448523318,19.11106567373022,19.120702338647614,22825000
2018-05-18,18.94966697692871,19.32144896052389,18.940832856838174,19.260421854225786,25262000
2018-05-21,19.195371627807617,19.311803377682654,19.004260353539234,19.228292800425233,25720000
2018-05-22,19.150407791137695,19.381666240027613,19.077334875293445,19.290929683965555,19218000
2018-05-23,19.316631317138672,19.322252194719958,18.952879364192917,18.96893792044354,23454000
2018-05-24,19.555116653442383,19.621764631932585,19.271662108652063,19.340719253199925,22799000
2018-05-25,20.077056884765625,20.1292513976751,19.59606757801634,19.59606757801634,32214000
2018-05-29,20.049758911132812,20.163783091444206,19.951794819670766,19.96544574203528,28281000
2018-05-30,20.026466369628906,20.23765049647424,20.020845493509167,20.169397438327096,26844000
2018-05-31,20.240863800048828,20.499424102343507,19.99434626316668,20.01522467828859,34698000
2018-06-01,20.583744049072266,20.69294988936043,20.27860850694064,20.425555400429666,26360000
2018-06-04,20.746747970581055,20.8262443272929,20.574908413113455,20.717036963474744,25886000
2018-06-05,20.818208694458008,20.986032419421957,20.72024464284206,20.8342672452013,42374000
2018-06-06,21.1602783203125,21.181156732411605,20.85434188750493,20.93704839658385,37465000
2018-06-07,21.25343132019043,21.397969028521963,21.112105322688073,21.118528744346428,46077000
2018-06-08,20.714630126953125,20.872014693573522,20.37496678637633,20.6158619687961,73694000
2018-06-11,20.944278717041016,21.02216843747063,20.58213195059333,20.705791224375908,31859000
2018-06-12,20.992456436157227,21.016546560317238,20.749152155278924,20.904129044051444,27594000
2018-06-13,21.165102005004883,21.365045933423037,20.93464452688949,21.0189592096372,34868000
2018-06-14,21.556957244873047,21.60593850855495,21.206854775749306,21.279123620003528,37042000
2018-06-15,21.69908332824707,21.825954297993825,21.385917861160767,21.683825791148706,60969000
2018-06-18,21.238977432250977,21.600320164302,21.217296470118665,21.600320164302,30191000
2018-06-19,21.234905242919922,21.249554078112983,20.681553952513596,20.832097973691894,36221000
2018-06-20,21.256881713867188,21.484733391951934,21.217821248811223,21.279666726464406,24951000
2018-06-21,21.12912368774414,21.366739717465144,21.030659213379245,21.286178862511008,18186000
2018-06-22,21.134002685546875,21.279663774139806,21.072970523350413,21.253623985086097,52412000
2018-06-25,20.540775299072266,20.86627653095596,20.378837213921685,20.86627653095596,29705000
2018-06-26,20.469165802001953,20.71898916486172,20.38860495764058,20.587973801240658,24233000
2018-06-27,20.108671188354492,20.763743267729357,20.08751279416127,20.513919936291664,24720000
2018-06-28,19.928834915161133,20.125763851459958,19.714817219671197,20.041133362481336,33238000
2018-06-29,19.744922637939453,20.095650335673582,19.7392263860335,20.095650335673582,42794000
2018-07-02,19.696916580200195,19.710750560373015,19.32014899161599,19.537421482863845,33369000
2018-07-03,19.472318649291992,19.805957639215425,19.448718779355605,19.803516166317696,11591000
2018-07-05,19.969520568847656,19.986609325491354,19.58542864567997,19.675755374257324,25299000
2018-07-06,20.15505599975586,20.229922139669544,19.88977205859764,19.928832518368917,23112000
2018-07-09,20.134708404541016,20.28118432310274,19.980094762491195,20.2624674038689,17955000
2018-07-10,20.389415740966797,20.490321662772182,20.10378828357069,20.208762291591725,16413000
2018-07-11,19.810028076171875,20.143667105677235,19.742486342400834,19.93290572988972,35761000
2018-07-12,17.08720588684082,17.111619065676983,16.06838676970134,16.851218033208266,435083000
2018-07-13,16.47525978088379,17.414331126019448,16.429689766449442,17.29226836562571,161678000
2018-07-16,16.539548873901367,16.794253624724693,16.318206779346387,16.405278733475146,102277000
2018-07-17,16.951303482055664,17.014777105083194,16.438639313829317,16.454914760976074,110827000
2018-07-18,16.989553451538086,17.07906687361156,16.814596245910295,16.862607736494958,80834000
2018-07-19,17.118942260742188,17.20926899823013,16.929337753133602,16.94968129131929,63247000
2018-07-20,17.115684509277344,17.18729431001864,16.98792394534343,17.096967588213136,62893000
2018-07-23,17.635677337646484,17.79191764559628,17.121384836537192,17.12219814352552,82211000
2018-07-24,17.686124801635742,17.93431996347648,17.57708270930791,17.723558644303246,81158000
2018-07-25,18.38839340209961,18.6064791193052,17.716232637561482,17.716232637561482,92271000
2018-07-26,18.161361694335938,18.697624329704144,18.030346324618954,18.43152705547426,85069000
2018-07-27,17.988033294677734,18.658567714341288,17.908285743713385,18.228904113802038,79443000
2018-07-30,18.324920654296875,18.555213744073942,17.988026949189774,17.992909894048296,75275000
2018-07-31,18.04661750793457,18.62194202295062,18.0279005875128,18.44616997825336,63860000
2018-08-01,17.64218521118164,18.223204528377142,17.593360410636098,18.16787016832217,42669000
2018-08-02,17.605566024780273,17.76099300913521,17.353302747333693,17.436305062539045,40312000
2018-08-03,17.7243709564209,17.739831545436783,17.44688124399866,17.55673818908001,24832000
2018-08-06,17.654390335083008,17.7650606029912,17.565691769803156,17.62835054594797,22638000
2018-08-07,17.927810668945312,18.052314905103323,17.669851165289867,17.839112110257247,29798000
2018-08-08,17.8586368560791,18.002671288964628,17.817136487901713,17.946523640718052,15801000
2018-08-09,17.624284744262695,17.92293137932203,17.572203607128426,17.914793653141285,27563000
2018-08-10,17.270301818847656,17.45339679013186,17.126267315052438,17.317500013072905,37017000
2018-08-13,17.176715850830078,17.412705208860473,17.125449582541002,17.223100726028957,29842000
2018-08-14,16.86911964416504,17.217407490192596,16.831687345983937,17.217407490192596,36327000
2018-08-15,16.810527801513672,16.891901944815928,16.500487162519264,16.69253312076819,41132000
2018-08-16,16.982229232788086,16.996063210113387,16.819479388695267,16.907364645970105,29239000
2018-08-17,17.02942657470703,17.185666851899168,16.723455579173024,16.92363925888509,39093000
2018-08-20,16.821922302246094,17.088832876518186,16.751939102756925,17.046517634049444,54489000
2018-08-21,17.130334854125977,17.206012754480263,16.853658387467085,16.887022597361167,29952000
2018-08-22,16.88864517211914,17.227980338484635,16.87969414158129,17.125447812503953,26890000
2018-08-23,16.729961395263672,17.013962178114472,16.704734920222144,16.904105248503665,35578000
2018-08-24,17.0074520111084,17.029423708670546,16.65591105856205,16.791807777391625,20541000
2018-08-27,17.330514907836914,17.444439939933712,16.97734575622468,17.10917284990465,28213000
2018-08-28,17.449325561523438,17.573829809160415,17.29796666528001,17.465599459953598,24340000
2018-08-29,17.49489402770996,17.5608075788077,17.36957493219621,17.48024674436738,18125000
2018-08-30,17.629976272583008,17.65357458570408,17.463970117632694,17.493264682342453,26529000
2018-08-31,17.823654174804688,17.847252495006728,17.56487975114216,17.579528590004756,27623000
2018-09-04,17.856204986572266,17.926186639799607,17.66904038362414,17.787848395244524,36663000
2018-09-05,18.018138885498047,18.04906162039371,17.868408156559134,17.898517584569024,37194000
2018-09-06,17.574642181396484,18.132063139878706,17.40782270248813,18.024647655390275,62509000
2018-09-07,18.926286697387695,19.156579808317694,18.228086050861755,18.244361500476998,104703000
2018-09-10,19.579740524291992,19.607406937885756,18.883166194801984,19.095555780763117,60880000
2018-09-11,18.923843383789062,19.50567745797754,18.748887749838264,19.342927633994623,60755000
2018-09-12,18.70738983154297,18.785509205033534,18.132880051498606,18.561727179035714,53077000
2018-09-13,19.157392501831055,19.46661982617137,18.80747810686755,19.016612816179716,43757000
2018-09-14,19.232261657714844,19.29329227323731,19.01661580362048,19.136238665931504,28095000
2018-09-17,19.1093807220459,19.55450478009829,19.06706548631374,19.53009160682935,36739000
2018-09-18,19.65458869934082,19.79150576322204,19.256134960645692,19.266793587209428,50511000
2018-09-19,19.823482513427734,19.880872714728604,19.657868779117898,19.715260544184467,31160000
2018-09-20,20.080921173095703,20.17192609176955,19.817745631939374,19.921867418745673,39986000
2018-09-21,20.340816497802734,20.395748462647465,20.10141646472345,20.1957005957979,135321000
2018-09-24,20.451496124267578,20.504787693183914,20.276046311840393,20.33671572700067,45326000
2018-09-25,20.303922653198242,20.44329953529713,20.152248316838385,20.41296560628464,47037000
2018-09-26,20.12191390991211,20.336719047025568,20.070262722709803,20.139130972312877,33428000
2018-09-27,20.205541610717773,20.322781834109378,20.079281585417178,20.14323179330001,29572000
2018-09-28,20.22849464416504,20.248171507948943,19.992373842523907,20.130931302237226,26739000
2018-10-01,20.4564151763916,20.67203968578251,20.305560273887888,20.322777333011192,27709000
2018-10-02,20.340816497802734,20.636787322279847,20.326059239995868,20.42608239153775,24888000
2018-10-03,20.44904136657715,20.605635331672076,20.253914643077362,20.39903056561348,19607000
2018-10-04,20.346553802490234,20.474452632307333,20.185041829745376,20.222755166241715,25660000
2018-10-05,20.023534774780273,20.500694564837023,19.87349922967075,20.36459843136027,33860000
2018-10-08,19.78904914855957,20.121094505564383,19.707883443995705,19.948102904389565,33397000
2018-10-09,20.062061309814453,20.146507784275087,19.707061479323826,19.725097952721644,24675000
2018-10-10,19.006898880004883,20.09239783153887,18.99132064546258,19.916946440334563,56327000
2018-10-11,18.766677856445312,19.315986547178106,18.626481564529147,19.01837690229933,37424000
2018-10-12,19.098722457885742,19.321724829714434,18.783894200216675,19.24711756802876,32589000
2018-10-15,19.059371948242188,19.29385396368649,18.86014503652248,18.941312309036345,30099000
2018-10-16,19.538991928100586,19.57506487936535,19.19956716176953,19.34878326557719,30355000
2018-10-17,19.444704055786133,19.655410537891765,19.178249326372175,19.655410537891765,20262000
2018-10-18,18.69452476501465,19.416003848915913,18.572364984196778,19.302042889522127,37442000
2018-10-19,18.715848922729492,18.946230748619094,18.60516869281051,18.856866213040522,32231000
2018-10-22,18.74371910095215,19.05608752253407,18.696168118426325,18.902772821508133,25619000
2018-10-23,18.778974533081055,18.819147670514564,17.940253562156574,18.267379245023566,35990000
2018-10-24,17.93124008178711,18.562535536417585,17.859912024031487,18.56171455927682,37810000
2018-10-25,18.220651626586914,18.31493576440742,17.967313730850904,18.027163743403012,35193000
2018-10-26,17.47539710998535,17.818918986914177,17.151550537848667,17.673803058651107,53324000
2018-10-29,17.34011459350586,17.92959640136864,17.07201947514249,17.724630504131536,28636000
2018-10-30,18.119802474975586,18.164895216182646,17.299119589056637,17.52704153441699,29697000
2018-10-31,18.32313346862793,18.501862518254185,18.177196588062717,18.446932116603868,28146000
2018-11-01,18.847028732299805,19.203669028235204,18.34199173295362,18.460052939462862,36830000
2018-11-02,18.100133895874023,18.526463472109665,17.85253497626404,18.473992861388137,40241000
2018-11-05,18.044382095336914,18.127188197317913,17.52130861719145,17.956656385461514,27609000
2018-11-06,18.71338653564453,18.787993794951817,18.014042387816296,18.061594937560066,29464000
2018-11-07,19.21760368347168,19.29057055732445,18.792093639182397,19.020015625376203,29004000
2018-11-08,19.697223663330078,19.89153094593347,19.079046715675265,19.079046715675265,29796000
2018-11-09,19.59391975402832,19.596379557430158,19.065107371837705,19.266794049366002,33611000
2018-11-12,18.334613800048828,19.010181043838514,18.05995862995559,18.93885298498154,50306000
2018-11-13,18.43299102783203,18.842103367359044,18.227205738357235,18.487102006674068,26697000
2018-11-14,18.545316696166992,18.90031656041783,18.49776414096382,18.591228861011782,25411000
2018-11-15,19.376657485961914,19.620156143587806,18.51744013463493,18.546954649569656,36694000
2018-11-16,19.48077964782715,19.611138291586112,18.992141932698168,19.170051566589596,36005000
2018-11-19,18.78553581237793,19.765272619354487,18.73716384474348,19.39223472289551,35326000
2018-11-20,18.669118881225586,18.781441074719297,18.248528343245013,18.360029559521145,32123000
2018-11-21,18.856863021850586,19.128237363728143,18.65271653268428,18.874899495837504,19926000
2018-11-23,18.848665237426758,19.077406646685276,18.65845658176787,18.65845658176787,8066000
2018-11-26,19.292211532592773,19.525053132909413,18.983943252605,19.202847008332576,28714000
2018-11-27,19.334842681884766,19.543087790546448,19.05526953034985,19.15037306625894,30406000
2018-11-28,19.284832000732422,19.512753992406868,18.989682153906237,19.38977475924881,31080000
2018-11-29,19.33074378967285,19.564406361039413,19.083144937840643,19.20694514563963,17920000
2018-11-30,19.464378356933594,19.535706392548803,19.134794449486854,19.29958718509297,40083000
2018-12-03,19.846439361572266,20.25391137033441,19.79724641818394,20.10305645089489,35241000
2018-12-04,19.02411460876465,19.769370916912074,18.986401272472182,19.716898760371304,36455000
2018-12-06,18.630582809448242,18.631402222754087,17.841053069015825,18.548596129654364,57859000
2018-12-07,18.738801956176758,19.535707859659325,18.405937243719507,19.188906868046104,78396000
2018-12-10,19.615236282348633,19.702961976524183,18.570729903541544,18.688791089282212,43344000
2018-12-11,20.23752212524414,20.52447482575698,19.95712786106653,19.96040864300056,57730000
2018-12-12,20.904884338378906,21.33203325875847,20.660566239894745,20.69663919249773,68703000
2018-12-13,21.177080154418945,21.439436298696847,20.872091058507582,21.19019858713923,54355000
2018-12-14,20.892581939697266,21.446810167700207,20.87618429397613,20.936034293469262,42727000
2018-12-17,20.835195541381836,21.424677407749893,20.74911023130217,20.82371750003788,56238000
2018-12-18,20.68523597717285,21.175710605574,20.61398592467139,21.133456454717084,51849000
2018-12-19,20.206363677978516,21.203881882383524,20.092859464755087,20.62972853059526,59728000
2018-12-20,20.040658950805664,20.588300447999597,19.755654024527264,20.248614334817525,75365000
2018-12-21,20.290868759155273,20.85673684369987,20.0406607852539,20.0406607852539,102138000
2018-12-24,19.37039566040039,20.19061486077326,19.34636963434014,20.04976931507975,28494000
2018-12-26,20.558475494384766,20.588302605067142,19.345547939734043,19.7001468537246,36741000
2018-12-27,20.78299903869629,20.81448224428361,20.06137419483376,20.298325494587647,37507000
2018-12-28,21.010009765625,21.380351073307185,20.808683484432947,20.961128069449792,28702000
2018-12-31,21.067174911499023,21.416803928069747,20.79128324711462,21.361294692069386,26590000
2019-01-02,21.003379821777344,21.101971250865386,20.421770982606752,20.617297744971257,30346000
2019-01-03,19.135112762451172,20.425919790644237,19.0829172821353,20.26187617526094,68580000
2019-01-04,19.323177337646484,19.589955747153315,19.193930743116454,19.41099941018688,54248000
2019-01-07,19.716716766357422,19.90395832518403,19.118537435685475,19.35797446150094,53433000
2019-01-08,19.558467864990234,20.041485197859117,19.334771707147357,19.893182473737287,36795000
2019-01-09,20.404376983642578,20.437516289849086,19.705948446108753,19.753172471032475,52971000
2019-01-10,20.672807693481445,20.759800133917402,20.245301083199518,20.345548611562393,29594000
2019-01-11,20.759801864624023,20.95450060204068,20.656238975401422,20.665353824416254,20158000
2019-01-14,20.784656524658203,20.843481115194873,20.372890711878327,20.55599044744053,25498000
2019-01-15,21.25027847290039,21.725010763146763,20.879109081469956,20.941245872612857,39247000
2019-01-16,20.853422164916992,21.321526838114984,20.8252527320761,21.309098217600365,24484000
2019-01-17,21.154170989990234,21.321528342449238,20.606529427836723,20.71754949088327,35154000
2019-01-18,21.609012603759766,21.701804521265426,21.292524530629688,21.468995099492247,34634000
2019-01-22,21.39940643310547,21.496340193560616,21.118543307614605,21.37537881980082,37156000
2019-01-23,21.335609436035156,21.61647094787071,21.014977922745928,21.502966760068713,31771000
2019-01-24,21.8351993560791,22.100320101733967,21.541081127633507,21.631387348289746,35999000
2019-01-25,22.198915481567383,22.229569063634194,21.616476879119954,21.969419738892935,30333000
2019-01-28,22.17239761352539,22.27430439756323,21.429230918356986,21.67032560616069,31320000
2019-01-29,22.064693450927734,22.170742057435834,21.85839573404298,22.15002979700129,27870000
2019-01-30,22.43752098083496,22.680271776044233,22.151686407369613,22.36958312157787,28727000
2019-01-31,22.22459602355957,22.4524340572834,22.067179993975518,22.415979402999664,21063000
2019-02-01,22.10529327392578,22.336445106265593,21.94622113017819,22.299163979979937,22878000
2019-02-04,22.54522132873535,22.546879004595695,21.951185519997992,22.16245306889887,20761000
2019-02-05,22.369585037231445,22.75318145185843,22.362127864146007,22.531970946589286,22619000
2019-02-06,22.884084701538086,23.198087140854668,22.59742206848011,22.640504268238992,27064000
2019-02-07,22.29418182373047,22.748201629122363,22.063028522163137,22.606526464204315,28646000
2019-02-08,22.705951690673828,22.725007852468288,22.125999000493078,22.148368933850932,23903000
2019-02-11,22.84348487854004,22.866682861145822,22.64132899837586,22.734122509043043,18012000
2019-02-12,23.147544860839844,23.230395477699375,22.954503824296268,23.08623613127607,19809000
2019-02-13,23.307443618774414,23.3770375591505,23.029895905062002,23.198081260970884,19190000
2019-02-14,23.32236099243164,23.433381048018035,23.111093405903826,23.24779559007025,16015000
2019-02-15,23.357990264892578,23.536946618896827,23.09783937487741,23.536946618896827,17352000
2019-02-19,23.335617065429688,23.43255240207459,23.210512296568165,23.293362917104755,15152000
2019-02-20,23.481428146362305,23.74737844659363,23.386980131577573,23.467345013117733,16150000
2019-02-21,23.27596664428711,23.475635252366317,23.109437339430063,23.46652198348633,13254000
2019-02-22,22.908113479614258,23.198089919658887,22.755668876071688,23.19394809890937,27225000
2019-02-25,23.08209800720215,23.2668538536165,23.072155109860134,23.26271045297588,19245000
2019-02-26,22.783832550048828,23.033212446632785,22.73826463210968,23.026583322768353,27211000
2019-02-27,22.493026733398438,22.792116348979896,22.33478268255671,22.636358021901877,29146000
2019-02-28,22.81365966796875,22.842657148635666,22.256078410970527,22.36709688545409,31460000
2019-03-01,22.59741973876953,23.04564017965236,22.46320328507491,23.010015156315514,19035000
2019-03-04,22.774717330932617,22.914734844562073,22.440830750945707,22.783830597690713,17382000
2019-03-05,22.95036506652832,23.234541977555775,22.744895382884042,22.82526028652809,21699000
2019-03-06,22.481428146362305,22.94373326861451,22.40934847689629,22.921363334583404,19973000
2019-03-07,21.99758529663086,22.39692406336026,21.879109649505917,22.38449544286171,25411000
2019-03-08,21.888219833374023,21.935443843881483,21.474796408499127,21.67032315418608,22167000
2019-03-11,22.29170036315918,22.415147441087736,21.876620842615676,21.946214786623838,27161000
2019-03-12,22.33892822265625,22.37206910470018,21.894851148928346,22.34969916734495,23324000
2019-03-13,22.469823837280273,22.624754082631696,22.288381844654612,22.411828896291745,32089000
2019-03-14,22.22045135498047,22.556823704133688,22.194767646876176,22.542738988060748,43094000
2019-03-15,24.050609588623047,24.81780374985812,23.48805700443048,23.73329346543163,144066000
2019-03-18,24.344736099243164,24.604885393868475,24.04398874885376,24.045646425102117,56746000
2019-03-19,24.797924041748047,24.936283896350822,24.367102085967122,24.3712454860627,51556000
2019-03-20,24.32731056213379,24.993525083671404,24.265452579602407,24.909934378837704,41263000
2019-03-21,24.809629440307617,25.02445672950806,24.324805214074555,24.398364213064035,27379000
2019-03-22,24.462730407714844,24.779537786007225,24.358242406186097,24.73607073910662,23307000
2019-03-25,24.421764373779297,24.590616655825702,24.15761879347187,24.425107746538643,23878000
2019-03-26,24.828855514526367,25.03281724910385,24.594803417346142,24.606506022205153,28009000
2019-03-27,24.740251541137695,24.966781455485705,24.446849368533897,24.873996057649265,21862000
2019-03-28,24.99937629699707,25.352963908975134,24.71516885818104,24.835539855363397,33030000
2019-03-29,25.13646697998047,25.300305034357304,24.93334229450916,25.17909857889428,24493000
2019-04-01,25.561107635498047,25.641353382660945,25.056221566195337,25.33708566716617,27040000
2019-04-02,25.33206558227539,25.69150448085382,25.295285291155174,25.592030765335966,22857000
2019-04-03,25.428194046020508,25.695683010985984,25.229248211570436,25.597046335577964,22266000
2019-04-04,25.244295120239258,25.57865631769171,25.216709504339956,25.474168343840322,15228000
2019-04-05,25.434885025024414,25.448260113242732,25.22758152098216,25.41147981641255,18875000
2019-04-08,25.451595306396484,25.520140020649226,25.244291868982923,25.423174249542434,13899000
2019-04-09,25.365497589111328,25.420667221397256,25.101352028640516,25.292774055387138,11621000
2019-04-10,25.704879760742188,25.726614077939676,25.327886932205303,25.37804231295637,14992000
2019-04-11,25.863698959350586,25.928898714697798,25.597880892873633,25.758375541777426,16669000
2019-04-12,26.50066375732422,26.53493612742215,25.96066985015698,26.025871216697485,30087000
2019-04-15,26.447998046875,26.541620466909258,26.17800113400394,26.500659761316708,16216000
2019-04-16,26.62354278564453,26.749763511913244,26.422926016464622,26.74892806708693,21116000
2019-04-17,26.793230056762695,26.827502424284905,26.56837105596594,26.768986215092493,18138000
2019-04-18,26.633567810058594,26.95371849691216,26.59511662872152,26.83585702454155,26548000
2019-04-22,26.330970764160156,26.572546602231878,26.26409852123193,26.52490074696003,13504000
2019-04-23,26.384471893310547,26.589269064940847,26.26326703087657,26.478094322994263,19777000
2019-04-24,26.27496337890625,26.498985293385136,26.179670082345257,26.2958606540493,23335000
2019-04-25,26.065155029296875,26.159612898049772,25.62630579590834,26.159612898049772,26732000
2019-04-26,25.947290420532227,25.99242834609541,25.504260828146986,25.841966999858144,16404000
2019-04-29,26.140382766723633,26.303383750560982,25.949797761393167,26.016670000771565,13404000
2019-04-30,26.615177154541016,26.616848043791872,26.124501712580063,26.190538508268155,18953000
2019-05-01,26.656978607177734,27.01641758979093,26.639424699339994,26.79072312242538,18158000
2019-05-02,26.39951515197754,26.93198675459583,26.26660611248481,26.747249854125794,20428000
2019-05-03,26.39031410217285,26.468890526870155,25.97069137737509,26.326786838921816,19214000
2019-05-06,26.044260025024414,26.074353576014712,25.524327965008855,25.64469898024942,14371000
2019-05-07,25.686491012573242,25.881256455406284,25.38890847171699,25.800173675089507,21734000
2019-05-08,25.36049461364746,25.717425696096036,25.337089401313815,25.52015228107789,15099000
2019-05-09,25.416494369506836,25.566120289117237,24.81380708995857,25.077117267690163,22282000
2019-05-10,25.408132553100586,25.528503545556532,24.797923144339247,25.347111612224452,21025000
2019-05-13,24.523744583129883,24.716003664509586,24.090746717852685,24.560524872450856,37864000
2019-05-14,25.244295120239258,25.461628702813385,24.69928549149379,24.716839394571547,34277000
2019-05-15,25.44240951538086,25.726616994415362,24.960928647236766,25.09968901319695,18166000
2019-05-16,24.8505859375,25.336245557347297,24.634086187199834,25.05621852946091,34233000
2019-05-17,24.232019424438477,24.539632097836186,24.10830504265627,24.47359529161108,39094000
2019-05-20,22.78590202331543,23.401127262727517,22.455719644181183,23.23812468469267,65162000
2019-05-21,23.01494026184082,23.38691720009709,22.958098139827378,23.16205823465212,25060000
2019-05-22,22.504199981689453,22.992367432695676,22.48330111385903,22.60952338792058,31809000
2019-05-23,21.74102783203125,22.192415163909207,21.580533141265438,22.116348231376854,46607000
2019-05-24,21.394126892089844,22.213312430625905,21.377408429419226,21.95919849434599,27963000
2019-05-28,21.272079467773438,21.54374883545542,20.90511839517452,21.446783052601077,61965000
2019-05-29,21.24199104309082,21.43006815030736,21.029671688958036,21.12663589354239,28132000
2019-05-30,21.45096778869629,21.51115169985851,21.241991800462362,21.287129733834025,17310000
2019-05-31,21.034685134887695,21.377405602512923,20.9811879746485,21.151712763746165,22192000
2019-06-03,21.163414001464844,21.59390396718316,20.997905080057876,21.110750694978954,28911000
2019-06-04,22.209964752197266,22.2350424413426,21.379076769707716,21.479384337568966,36805000
2019-06-05,22.21163558959961,22.695622677660012,21.934114923323374,22.48664673335126,23651000
2019-06-06,22.8026180267334,22.987353318251113,22.174854764381532,22.32030183953598,32687000
2019-06-07,22.976490020751953,23.227262146599774,22.843580969432228,22.968967829536215,25963000
2019-06-10,23.422861099243164,23.80403272204634,23.131131479441706,23.131966924094424,23280000
2019-06-11,23.696197509765625,24.38748958261986,23.355985051415953,24.28216617657642,37105000
2019-06-12,23.382736206054688,23.669451548512242,23.188806234693658,23.544901744321407,27057000
2019-06-13,23.53989028930664,23.64688621055823,23.188810570408723,23.53236809770097,37735000
2019-06-14,22.22919464111328,22.40974956718927,21.522019320561984,21.575518080292834,100797000
2019-06-17,22.23253631591797,22.460738682002237,21.845513355447316,22.13807844740128,35785000
2019-06-18,23.2423038482666,23.657747792045242,22.27349107770852,22.414759333341365,54920000
2019-06-19,23.195497512817383,23.32756952393699,22.87952562542775,23.303328872331278,28920000
2019-06-20,23.32590103149414,23.860879066104992,23.16791427438442,23.615122774134488,57291000
2019-06-21,23.122514724731445,23.714101558639356,23.119982751239128,23.343620557423804,45399000
2019-06-24,23.56219482421875,23.58329245605012,23.207749136654904,23.25163291910845,20506000
2019-06-25,23.335174560546875,23.872751172892166,23.2938227610812,23.55881391291599,24436000
2019-06-26,23.75122833251953,23.96980375953997,23.469360018887528,23.509868367720635,24774000
2019-06-27,24.111583709716797,24.342817414560837,23.81790056665735,23.876974577083555,21813000
2019-06-28,24.29302215576172,24.41454719365331,24.03647198073357,24.29302215576172,49265000
2019-07-01,25.34708023071289,25.802796781405974,25.00782479092751,25.459320849681188,44832000
2019-07-02,24.92343521118164,25.374086222815823,24.80275360376703,25.223025764376377,19011000
2019-07-03,24.042387008666992,24.370671152503107,23.884574066005236,23.94196117593544,49411000
2019-07-05,23.85419464111328,24.088803819027657,23.795964073983974,23.937741726370895,24565000
2019-07-08,23.20437240600586,23.7301327017133,23.15626813409898,23.629706885274604,34291000
2019-07-09,23.25247573852539,23.29045211864296,22.98917305099639,23.076940613506057,26131000
2019-07-10,23.16555404663086,23.528437501930366,23.1233571730057,23.44910931109044,30134000
2019-07-11,23.29720687866211,23.414511458412157,23.034747619831165,23.22800496729741,20712000
2019-07-12,24.084579467773438,24.130151768537683,23.324210007759476,23.324210007759476,21971000
2019-07-15,24.33353614807129,24.85254562825532,24.243236607916643,24.566458386587808,30334000
2019-07-16,23.97824478149414,24.287118145700937,23.83140321411337,24.21960476288626,14617000
2019-07-17,24.05841636657715,24.244922830645393,23.898916543290973,24.098924718104243,15453000
2019-07-18,24.455059051513672,24.498942831002203,23.95039478257253,24.15124802280136,19357000
2019-07-19,24.4736270904541,24.74030522104533,24.433962189328227,24.62806459303189,22047000
2019-07-22,24.99263572692871,25.316700952069297,24.66266471016037,24.7268010599581,33905000
2019-07-23,25.38336944580078,25.516709312289624,25.250874643532548,25.27534931300746,19692000
2019-07-24,25.635705947875977,25.729380927272793,25.359743347478553,25.418818978429865,19006000
2019-07-25,25.3504581451416,25.49729972997434,25.266911068440237,25.49729972997434,15741000
2019-07-26,25.395183563232422,25.572407207504124,25.362271129608537,25.45172721111915,14996000
2019-07-29,25.464384078979492,25.532740915799856,25.060990694102966,25.421343754498373,12068000
2019-07-30,25.280412673950195,25.396030341180793,25.0728085553465,25.24074938194389,11164000
2019-07-31,24.4727840423584,25.387591050779267,24.192602585323428,25.32007766000106,20819000
2019-08-01,24.08035659790039,25.133565581645268,23.825493322728118,24.400201275912874,21911000
2019-08-02,23.50565528869629,23.953775990204978,23.284547834082773,23.804402423035416,20080000
2019-08-05,22.58831214904785,22.974826787444243,22.286189641285983,22.950352119869088,27765000
2019-08-06,22.4853572845459,22.96976747160379,22.326700883985165,22.79676429326778,22199000
2019-08-07,22.790006637573242,23.015332928336292,22.195044466121225,22.28196856765915,22244000
2019-08-08,22.868494033813477,23.001833902030103,22.15285179173087,22.81785939470473,29163000
2019-08-09,23.269357681274414,23.6761265706744,22.750348154860575,22.750348154860575,30735000
2019-08-12,23.261760711669922,23.478647664641766,23.000146518771192,23.071035338952576,20040000
2019-08-13,23.941957473754883,24.093861381355826,22.957103584889666,23.23306613303294,22340000
2019-08-14,22.91744041442871,23.642365443207392,22.817858051245185,23.52759285015022,27108000
2019-08-15,22.671018600463867,23.02040035882456,22.35117385007774,22.95457548666588,20010000
2019-08-16,23.10478973388672,23.271042022901135,22.952884219834644,22.967230994796985,17458000
2019-08-19,23.526750564575195,23.63561576199918,23.259228985661515,23.58751309673491,17489000
2019-08-20,23.66093635559082,24.04829452045033,23.377379452230663,23.47442985711196,17920000
2019-08-21,24.262643814086914,24.32678176584102,23.971492667790407,24.02128384536431,19381000
2019-08-22,24.272775650024414,24.423837735889023,24.01369342032933,24.337758680759645,12294000
2019-08-23,22.965547561645508,24.092179300583894,22.874404554960638,23.96643533542459,25742000
2019-08-26,23.39510154724121,23.456707540116383,23.207751594984337,23.372315394205362,14249000
2019-08-27,23.2558536529541,23.648275752912568,23.200155063469282,23.557977817100078,14298000
2019-08-28,23.29720687866211,23.326743887257717,22.82545658611856,23.151208744948836,17202000
2019-08-29,23.914104461669922,24.09301498891987,23.718315187973822,23.75544810822618,16429000
2019-08-30,23.852506637573242,24.127624182014433,23.621272883102094,24.08205187296437,16720000
2019-09-03,23.12757682800293,23.7014398017167,22.864274140839274,23.62970753361976,22210000
2019-09-04,23.884571075439453,23.996811697968234,23.477802238534537,23.527593421335094,19865000
2019-09-05,24.55970573425293,24.784188596225274,24.335224481926737,24.335224481926737,20938000
2019-09-06,24.634815216064453,24.752119789845175,24.414552844754553,24.6297512692354,13748000
2019-09-09,24.69388771057129,25.081245816586236,24.507382850071163,24.89558441062366,21686000
2019-09-10,24.848325729370117,24.84916918392556,24.374043506543366,24.58755501323556,20850000
2019-09-11,25.14960289001465,25.21458429806493,24.857606671388105,25.006980208313006,19260000
2019-09-12,25.36649513244629,25.51418018174095,25.019643715801482,25.43822741077618,33109000
2019-09-13,24.50063133239746,25.147916719510707,23.95799225924567,25.11922316766371,62557000
2019-09-16,24.36054229736328,24.4964141459356,24.11074290737751,24.20357442519939,22176000
2019-09-17,24.37489128112793,24.414556187309035,23.946181282651203,24.306534428161733,21912000
2019-09-18,24.282901763916016,24.53776509197286,23.957149618051208,24.34619627104237,16510000
2019-09-19,24.52763557434082,24.638189286019895,24.239859829874895,24.34703811373604,19421000
2019-09-20,24.2099552154541,24.56255180084589,24.002143262818063,24.50037894552028,35524000
2019-09-23,24.312156677246094,24.456942936564012,24.0242882143724,24.15544690096519,14850000
2019-09-24,24.043882369995117,24.6051406199817,23.82585090938905,24.470575419321396,20292000
2019-09-25,23.486879348754883,23.609522650076983,22.99545817658935,23.144502163136046,55588000
2019-09-26,23.583972930908203,23.73301692614275,23.22371044590389,23.443444343009023,27477000
2019-09-27,23.348051071166992,23.956153687421423,23.24755239226589,23.560120730320342,28660000
2019-09-30,23.51243019104004,23.56779008164682,23.208378837280787,23.488583153447752,19826000
2019-10-01,23.408527374267578,23.81733516668375,23.283328789802525,23.69980239841533,19429000
2019-10-02,23.001419067382812,23.319096362906826,22.85237508646489,23.290140406941028,19543000
2019-10-03,23.37275505065918,23.378716810209678,22.758690568042525,22.995458518452413,17096000
2019-10-04,23.968931198120117,23.991927019143173,23.43833300536918,23.718537311959192,25884000
2019-10-07,23.51327896118164,23.934010187334213,23.4809148957501,23.84799029290083,18658000
2019-10-08,23.023563385009766,23.41278178650907,22.902624145809177,23.341240676562744,22757000
2019-10-09,23.26373863220215,23.413633832320677,23.16749764198798,23.308877435393658,16329000
2019-10-10,23.374460220336914,23.74323976431902,23.30632558542745,23.383828468662568,17340000
2019-10-11,23.924650192260742,24.194635110684512,23.769644410576046,23.80371091914563,23697000
2019-10-14,23.988523483276367,24.07283933812528,23.836924213045457,23.882914236292752,13312000
2019-10-15,24.726078033447266,24.751629126364755,24.034510713273104,24.071985324660577,21230000
2019-10-16,24.569366455078125,24.70733974769178,24.404139640004004,24.613654038247912,20046000
2019-10-17,24.65028190612793,24.844464710310113,24.555744963823987,24.71075072082863,13125000
2019-10-18,24.420324325561523,24.693714035384485,24.1878140902816,24.656241048348573,16981000
2019-10-21,24.662202835083008,24.860644946597716,24.448429093082815,24.56596184672612,13031000
2019-10-22,24.48249626159668,24.77206880667159,24.4637597687891,24.663904304019184,13046000
2019-10-23,23.8743953704834,24.14863793055739,23.741532606100463,24.09923979875335,20957000
2019-10-24,24.043882369995117,24.14523228451636,23.736424514223245,24.09327887906327,16896000
2019-10-25,24.683494567871094,24.815504487147606,24.121383517870456,24.12479000537689,20869000
2019-10-28,24.830835342407227,24.910040641717362,24.55574158524584,24.797618435226997,12999000
2019-10-29,24.5421142578125,25.01394769330225,24.534448442742143,24.893008454867594,13272000
2019-10-30,24.71926498413086,24.781437848031352,24.40243890541133,24.69967565050726,17281000
2019-10-31,24.94155502319336,25.04631304557507,24.511455503966637,24.68179125562398,27881000
2019-11-01,25.26008415222168,25.26008415222168,24.876825883623106,24.95347753734282,21234000
2019-11-04,25.976354598999023,26.01553164897131,25.4738610522093,25.509631614069804,34075000
2019-11-05,26.74626922607422,26.979630658181357,25.93120908177202,25.976347880379524,38711000
2019-11-06,26.671323776245117,26.766711924197846,26.292324831719313,26.577638059815794,18076000
2019-11-07,26.550382614135742,27.21128987588792,26.457549744643078,26.87742975775395,23981000
2019-11-08,26.692615509033203,26.708798355231256,25.9874222383008,26.391119435085603,17830000
2019-11-11,26.636404037475586,26.6781363515797,26.473732484261426,26.504394120256563,9154000
2019-11-12,26.873170852661133,26.94726723117119,26.679839295964207,26.74286337236906,16875000
2019-11-13,26.714763641357422,26.888505898009655,26.572532616585626,26.613412096442886,12625000
2019-11-14,26.31446647644043,26.558900217614163,26.07088557544265,26.46606734611829,17268000
2019-11-15,26.650026321411133,26.662801052939614,26.408999106786652,26.595517659605665,18120000
2019-11-18,26.49332046508789,26.692613778822572,26.234407938362196,26.55719575660637,15850000
2019-11-19,27.057987213134766,27.736779767265226,26.968560828801134,26.968560828801134,31743000
2019-11-20,26.544418334960938,26.98388763864937,26.31701868139991,26.904680725708825,19927000
2019-11-21,26.849323272705078,26.887649096982084,26.3851556784424,26.499281935577194,19317000
2019-11-22,26.82122230529785,27.209589521301695,26.718168335555855,26.967711024057984,13216000
2019-11-25,27.221511840820312,27.269207540188837,26.936198607133086,26.965154563716446,19636000
2019-11-26,26.93619728088379,27.269206197543284,26.917459163478814,27.16870588462664,30793000
2019-11-27,27.12101173400879,27.248763945784965,26.953229640328463,27.07842820490257,20182000
2019-11-29,26.931089401245117,27.06565460150532,26.828035430926217,26.98559645400573,9229000
2019-12-02,26.46350860595703,27.07757132119265,26.449881033960157,27.05968604670396,23158000
2019-12-03,26.10580825805664,26.31702511978104,25.817086895669025,26.046190660975466,18736000
2019-12-04,26.37834358215332,26.51887052620919,26.157756875178272,26.380898853784515,14439000
2019-12-05,26.503543853759766,26.611708369309056,26.322135789707264,26.452443288082303,15494000
2019-12-06,26.917461395263672,26.942161273786894,26.577639475622004,26.797374988163984,16937000
2019-12-09,26.775224685668945,27.0111413706469,26.737750080181325,26.91319796656934,24694000
2019-12-10,26.833141326904297,26.905533646105567,26.67898681826675,26.83654781405458,14563000
2019-12-11,27.23002815246582,27.368851045723346,26.84336339535228,26.84336339535228,20829000
2019-12-12,27.918190002441406,28.119187402988246,27.20533247741014,27.23088194816791,38935000
2019-12-13,26.86380386352539,27.234285773412264,26.45499612679108,27.088648281175015,70952000
2019-12-16,27.520456314086914,27.901157748293162,27.04351387700662,27.080988494194592,37921000
2019-12-17,27.577516555786133,27.67545835280192,27.402919854013813,27.572406012208017,20248000
2019-12-18,27.887527465820312,28.207760032831317,27.55622259610479,27.628614922648822,35155000
2019-12-19,27.60306739807129,28.042535180671386,27.569850487618528,28.03827910157386,31787000
2019-12-20,27.443906784057617,27.742436297008474,27.26410219044636,27.742436297008474,50540000
2019-12-23,27.4895076751709,27.73039690841532,27.324328502638622,27.57640055440432,20254000
2019-12-24,27.57295799255371,27.588444924539246,27.444771550534412,27.529943112804943,7024000
2019-12-26,27.356155395507812,27.679631692537097,27.256358399420282,27.639196334952352,15848000
2019-12-27,27.231409072875977,27.474016287647764,27.118707947234572,27.469715457003545,14487000
2019-12-30,26.967296600341797,27.30023605373198,26.906213642059846,27.230551433467113,13104000
2019-12-31,27.187530517578125,27.21678141450376,26.910511757397163,26.938041337657534,12487000
2020-01-02,27.73555564880371,27.745020431864596,27.299379785460523,27.47144094312616,20329000
2020-01-03,27.030101776123047,27.529941742669116,27.02063863432229,27.315723910901202,22870000
2020-01-06,26.989660263061523,27.006866866549046,26.637792934028177,26.74275058984283,20789000
2020-01-07,26.896751403808594,27.235714657422072,26.863199670030045,27.121292201897447,18565000
2020-01-08,26.561235427856445,26.969883375516677,26.532844358294824,26.926007013881712,31979000
2020-01-09,26.347875595092773,26.926864997507476,26.07171658955272,26.869224665071737,42397000
2020-01-10,25.742216110229492,26.286792254524936,25.706081579433075,26.27818895108887,40705000
2020-01-13,25.91083526611328,26.13623590018157,25.78092752241288,25.811039903736724,22054000
2020-01-14,26.513050079345703,26.5965003041474,25.946105109817335,25.98137815591489,28911000
2020-01-15,26.079456329345703,26.487244378118984,25.86954097712119,26.43820735369957,22733000
2020-01-16,26.415834426879883,26.485519040717186,26.171505898112926,26.23947083607716,21508000
2020-01-17,26.565532684326172,26.578436819165113,26.15946594681555,26.55434822564583,26896000
2020-01-21,26.50358772277832,26.627473314417013,26.35389386356574,26.48036061014427,21967000
2020-01-22,26.92514419555664,27.350997064545997,26.712646039199484,26.738455950406756,29264000
2020-01-23,27.499828338623047,27.512732472474042,26.74017458102082,27.11526906892337,30266000
2020-01-24,27.87406349182129,28.52617839828496,27.596181579061177,28.433263387430678,55782000
2020-01-27,26.586179733276367,27.51961763552822,26.552627998843494,27.221089736965894,38843000
2020-01-28,27.384546279907227,27.46369568244356,26.907935111384546,26.973318901028225,23166000
2020-01-29,27.315719604492188,27.997085397676198,27.28388919080892,27.60048349719213,23668000
2020-01-30,27.116992950439453,27.144522537684225,26.548326555517143,27.041284534375837,21128000
2020-01-31,26.253236770629883,27.063648803991978,26.120747885729553,27.027515919267916,22123000
2020-02-03,26.259258270263672,26.377120061682746,26.122468558090294,26.293669837332452,21288000
2020-02-04,26.807275772094727,27.062788758872685,26.63951548261381,26.82362253843739,22559000
2020-02-05,27.30453872680664,27.51359423005373,27.17377114729637,27.31486170580954,24825000
2020-02-06,27.503265380859375,27.519612146240583,27.03353626975817,27.430139778324925,22683000
2020-02-07,27.119569778442383,27.4026107122308,27.08859756193559,27.385405748518288,15883000
2020-02-10,27.030961990356445,27.065373564739172,26.69544134579085,26.873524648114742,19218000
2020-02-11,27.543704986572266,27.597904321651686,27.186676917324746,27.241737731390444,15527000
2020-02-12,27.934289932250977,27.967840028491,27.670171943861938,27.70544499818922,15310000
2020-02-13,27.871482849121094,27.999670917937383,27.611670641133912,27.657265030280474,13857000
2020-02-14,27.33808708190918,28.02031267719705,27.28044512330019,27.94632723453701,19137000
2020-02-18,26.734153747558594,27.100644950609258,26.50186948134632,27.099785112553512,26693000
2020-02-19,27.159149169921875,27.257224867098127,26.815885050261222,26.92772472120171,20525000
2020-02-20,26.604248046875,27.1591488451945,26.335830870732195,27.010314804489123,25521000
2020-02-21,26.196455001831055,26.622307774250555,26.0063258064846,26.540578868662983,24522000
2020-02-24,25.086658477783203,25.706081556414173,24.954171214993586,25.310339444183583,36849000
2020-02-25,24.319255828857422,25.44196124389643,24.180746448382465,25.302590384630463,31892000
2020-02-26,24.59455680847168,24.794149152883183,24.432818665509007,24.46292940271418,23074000
2020-02-27,23.568208694458008,24.54552123606988,23.532935645680425,24.11450610877597,34837000
2020-02-28,23.453786849975586,23.583694590839148,22.603800869069644,22.65455920764246,44586000
2020-03-02,24.51627540588379,24.553269779217025,23.327325966603624,23.809961009895357,31976000
2020-03-03,23.594017028808594,24.818239274436923,23.36345409501624,24.4887408207338,29930000
2020-03-04,24.55756950378418,24.5807982607278,23.63875697460857,23.877063410989457,23477000
2020-03-05,23.575950622558594,24.354532290361306,23.43916253955906,23.85297106329304,24374000
2020-03-06,23.181068420410156,23.30839500380909,22.583152827151526,22.96857192935302,30169000
2020-03-09,21.311614990234375,22.391305780963638,21.013087087988126,21.600679750950714,43934000
2020-03-10,22.617563247680664,22.684666703561977,20.9399571597037,22.074706889892457,55071000
2020-03-11,21.16105842590332,22.066105152018185,20.861670725993232,21.841564377085618,36030000
2020-03-12,18.821876525878906,20.884900429909667,18.610239857661995,19.52819083072316,64281000
2020-03-13,20.150192260742188,20.171699693958647,17.306004462482395,19.40086160418747,84714000
2020-03-16,16.13770866394043,18.82359862129623,15.50538137403318,17.909950002947433,76935000
2020-03-17,17.164058685302734,17.20707356325064,15.612918951181594,16.502478901169074,70662000
2020-03-18,14.442032814025879,16.12910043099443,13.392453782579388,15.972524603849232,98993000
2020-03-19,16.72873878479004,17.848863187228318,14.195124416613208,14.422246354769829,74438000
2020-03-20,16.81798553466797,18.258127167928418,16.440889102795317,17.673671754966552,74044000
2020-03-23,16.927350997924805,17.146084534017238,15.551954082411203,16.875729870056553,46921000
2020-03-24,18.615095138549805,19.135681941308636,17.61154639216111,17.99214221834973,62970000
2020-03-25,19.034191131591797,21.34839228987157,18.305372514966148,18.56522705529104,64442000
2020-03-26,21.275768280029297,21.41838260674141,19.77613255062711,19.77613255062711,60213000
2020-03-27,20.183853149414062,21.1812773996015,20.1234824883421,20.385962027190093,39448000
2020-03-30,21.008041381835938,21.117408139062807,19.98699349657109,20.31596822169388,52343000
2020-03-31,20.74468994140625,22.11046300517831,20.6536983695341,20.823434156176706,50191000
2020-04-01,19.56614875793457,20.509326785233714,19.220549445880245,19.94761901367924,41858000
2020-04-02,20.741188049316406,20.819057801422804,19.375416812964463,19.458534954989307,45049000
2020-04-03,20.4962100982666,21.221529330810792,20.17160924043817,20.70444354028187,28960000
2020-04-06,22.086835861206055,22.171704575305,21.309895625699863,21.39913827600404,38868000
2020-04-07,22.159456253051758,23.229500312322415,22.09471164857717,22.90927510398094,45892000
2020-04-08,22.84453010559082,22.940771722733107,22.191829007030456,22.465683142666805,27565000
2020-04-09,22.249576568603516,23.404489424603252,21.987971434464523,23.25487609298613,34828000
2020-04-13,22.741289138793945,22.88127847054953,22.118336111840257,22.179581235882768,25729000
2020-04-14,23.415861129760742,23.481480184252582,22.951271014723883,23.283745229707083,23094000
2020-04-15,22.52430534362793,22.95127398951582,22.412313540299884,22.83578270308448,25926000
2020-04-16,22.598670959472656,22.90227316776385,22.23294751528793,22.90227316776385,26896000
2020-04-17,23.262744903564453,23.398360275999114,22.65554048650192,23.030013471339778,34089000
2020-04-20,22.597793579101562,23.208497444063884,22.56542211726756,22.748282994776723,23801000
2020-04-21,21.667739868164062,22.29244335517547,21.59337127956012,22.272319245805242,29138000
2020-04-22,22.74565887451172,22.942519357437092,21.93809450222943,22.290692795929562,35438000
2020-04-23,22.654664993286133,23.2032493004156,22.618792380081775,22.77015625070243,21659000
2020-04-24,23.16913414001465,23.19188161562557,22.650297780990226,22.731667024869093,23373000
2020-04-27,23.487607955932617,23.729965102708388,23.12888506808299,23.12888506808299,16588000
2020-04-28,23.162128448486328,24.184052434368155,23.108758419970048,23.994190906763457,18988000
2020-04-29,24.149930953979492,24.234799670427225,23.555851607649753,23.717713952592632,28871000
2020-04-30,23.76496124267578,23.977570261441727,23.518228511442796,23.93207364695674,23379000
2020-05-01,22.722036361694336,23.43510806979156,22.590796589780574,23.273245740058066,26836000
2020-05-04,22.946022033691406,22.96089608725428,22.338817542142742,22.67916686067086,17046000
2020-05-05,23.17437744140625,23.53047523447375,23.072885773852363,23.321367387799757,26462000
2020-05-06,23.1140079498291,23.66521735631461,23.065011854817826,23.47710639507956,22727000
2020-05-07,23.426359176635742,23.664342349589308,23.273246383305192,23.62321967434951,18238000
2020-05-08,24.063312530517578,24.10880914329859,23.625845485039626,23.815705355050106,16757000
2020-05-11,24.095685958862305,24.212926140543413,23.776333543233484,23.918073441760047,20851000
2020-05-12,23.487607955932617,24.29867199792332,23.467485510702897,24.198930887748325,18764000
2020-05-13,23.023889541625977,23.652092537671617,22.692289796835322,23.629343398389835,21927000
2020-05-14,23.32574462890625,23.356367191076476,22.288948114046352,22.83228248238794,19912000
2020-05-15,22.784156799316406,23.103507511651614,22.465680540372695,22.69753751823701,21650000
2020-05-18,23.932071685791016,24.21205031543072,23.448231926780583,23.502478078314024,26531000
2020-05-19,23.79383087158203,24.150804786440574,23.76408276720978,23.932071277168735,18702000
2020-05-20,24.382665634155273,24.612773749569328,24.155182548225625,24.23305230397994,18605000
2020-05-21,24.043190002441406,24.454410120308445,24.030066524230143,24.40366344572474,14847000
2020-05-22,24.205047607421875,24.257543175160684,23.667837902189238,23.95044151724244,17452000
2020-05-26,24.674894332885742,25.11848595130521,24.61977371788279,24.9356250215576,23573000
2020-05-27,25.162229537963867,25.18060307328596,24.49815389959901,24.762384028138847,22812000
2020-05-28,24.772886276245117,25.311846732647282,24.710766695523194,24.93562475875212,18543000
2020-05-29,25.48420524597168,25.548075392733406,24.66526623933596,24.751885526239715,27300000
2020-06-01,25.372217178344727,25.469334927303144,25.142983511633545,25.409838707874567,18444000
2020-06-02,26.078285217285156,26.101034358004433,25.380963643522282,25.46320732765287,31847000
2020-06-03,27.081838607788086,27.197329900133475,26.292649222631006,26.3398947501516,31926000
2020-06-04,27.025836944580078,27.385434213401325,26.431755996184332,26.751108382672513,34997000
2020-06-05,27.742408752441406,28.7074615610856,27.568297398822505,27.97164071037565,50958000
2020-06-08,27.78090476989746,27.896396029925835,27.416931909491883,27.779154194343754,23916000
2020-06-09,27.58841896057129,27.89989625713586,27.260318705421366,27.297941895995272,22335000
2020-06-10,27.56391716003418,27.92876443385356,27.534169060508482,27.70478257173976,25914000
2020-06-11,25.701189041137695,26.99609110125048,25.67056648131643,26.91472186995212,45115000
2020-06-12,26.269893646240234,26.593619968277633,25.611944223692582,26.494751662931883,39439000
2020-06-15,26.605873107910156,26.838604578869216,25.583948985296296,25.810557612666166,29824000
2020-06-16,27.185949325561523,27.521048535770614,26.59799291108713,27.12295363783838,30387000
2020-06-17,27.423933029174805,27.710036172800326,27.279569777196805,27.422182453483533,20279000
2020-06-18,27.885028839111328,27.92090146261878,27.255951253735443,27.3084468397828,33625000
2020-06-19,26.763294219970703,28.11838566669936,26.763294219970703,28.0812600122134,58465000
2020-06-22,27.715303421020508,27.771875360073253,26.83047203048144,27.004608531438805,27195000
2020-06-23,27.51729965209961,28.060043990659597,27.51641618969391,27.849665290310387,22419000
2020-06-24,27.134553909301758,27.48813279436117,26.917102431341014,27.331673948047705,19096000
2020-06-25,27.30072784423828,27.35641631252619,26.78361750757112,27.05410700296422,15029000
2020-06-26,27.173442840576172,27.913307169351636,26.796882179419583,27.717955767821138,31425000
2020-06-29,27.38294219970703,27.43863068191837,26.911797071035235,27.231785821136782,14516000
2020-06-30,27.898277282714844,28.027333580765404,27.115098128083048,27.397962840711223,25125000
2020-07-01,27.643709182739258,28.007894688885997,27.573876865678194,27.85408791044585,15661000
2020-07-02,27.885910034179688,28.231532698112492,27.8143091088353,28.087449070934237,16638000
2020-07-06,28.179378509521484,28.37384646583224,28.05120564272717,28.286336475591362,17561000
2020-07-07,27.678178787231445,28.123688303136767,27.62779276885114,28.051203922939138,16150000
2020-07-08,28.24833106994629,28.272196361149547,27.766579271108732,27.945136496836202,18023000
2020-07-09,28.418930053710938,28.669084806415885,27.86646085789832,28.287219965006123,25225000
2020-07-10,28.23682975769043,28.55063083337205,27.88325096213391,28.455166328868312,13280000
2020-07-13,27.518186569213867,28.598371169333827,27.453658403514314,28.434839569933136,21549000
2020-07-14,27.85142707824707,27.952197411810303,26.977202411119624,27.313103522997064,18363000
2020-07-15,27.736520767211914,28.089216170045475,27.417415483029025,27.928336648298455,15253000
2020-07-16,27.52083396911621,27.745356474244854,27.34050818356527,27.45630581437458,12929000
2020-07-17,27.641939163208008,27.862926173889917,27.40238932455668,27.76922857156725,13354000
2020-07-20,28.032644271850586,28.0786096114756,27.425371711304262,27.565919803657277,14323000
2020-07-21,27.786022186279297,28.21827305305085,27.6384030281994,28.21827305305085,14312000
2020-07-22,27.73828887939453,27.90447255488312,27.435096022118643,27.84524684899207,14404000
2020-07-23,27.373218536376953,27.940713362065516,27.259189493747442,27.70028005800945,19417000
2020-07-24,27.03024673461914,27.48282734891198,26.887930038834043,27.100962508289804,15631000
2020-07-27,27.639286041259766,27.664036477613394,27.180517820278588,27.252117056016292,20646000
2020-07-28,27.168142318725586,27.58890141834556,27.062951279322835,27.50669389017261,13974000
2020-07-29,27.30072784423828,27.511106502214826,27.176090544262994,27.272441878980448,16562000
2020-07-30,27.5880126953125,27.661380531659734,27.04880563167175,27.04880563167175,21259000
2020-07-31,27.999053955078125,28.144906193365852,27.526141880746522,27.817844671324867,24719000
2020-08-03,28.395061492919922,28.594831898941372,28.045901641588088,28.109544654268678,20796000
2020-08-04,29.027969360351562,29.045648725214917,28.320811625787748,28.330533084666452,25258000
2020-08-05,29.12962532043457,29.309952842536145,28.799031607237364,29.01559795427677,22299000
2020-08-06,29.09602928161621,29.248069102099546,28.764548820466185,28.9731605779685,14193000
2020-08-07,28.810522079467773,29.14642333634652,28.417165404068147,29.02797527681352,14192000
2020-08-10,28.936920166015625,29.105752525102464,28.645215723748265,28.659361237866168,11989000
2020-08-11,28.642566680908203,29.463755120918567,28.530306257042653,28.95548435104815,19316000
2020-08-12,29.492040634155273,29.690047501397107,28.760132448511705,28.80344571309714,18471000
2020-08-13,29.1190185546875,29.471712297542908,28.98023738565743,29.36563947313445,15095000
2020-08-14,28.977582931518555,29.15702358252599,28.816701734483587,28.995258923110793,10140000
2020-08-17,29.198572158813477,29.328511950548002,29.081891047787405,29.12697123659495,10594000
2020-08-18,29.050073623657227,29.451388229668293,29.005876885954205,29.33470708869495,8857000
2020-08-19,29.100454330444336,29.44342322531587,29.014711263727918,29.123434470434596,11273000
2020-08-20,29.066862106323242,29.169401074320316,28.822008128154295,28.966093435218482,8910000
2020-08-21,29.17205047607422,29.21094642647986,28.72830955803514,29.0200140121046,11508000
2020-08-24,29.52385902404785,29.717441792434244,29.271047191808982,29.34795224499905,11996000
2020-08-25,29.713024139404297,29.79700027129243,29.435465219387112,29.61225547873352,11140000
2020-08-26,30.025062561035156,30.187710701627818,29.48055293642847,29.589276145656815,14844000
2020-08-27,29.97820472717285,30.169137086911444,29.71301770954253,30.097536187512098,12552000
2020-08-28,30.48029327392578,30.48029327392578,29.85092408425027,29.96583826732921,14589000
2020-08-31,30.686254501342773,30.989447339039987,30.365382299267576,30.365382299267576,22229000
2020-09-01,31.781465530395508,32.00510629254693,30.710122321113275,30.93818039548547,29205000
2020-09-02,33.14892578125,33.49808556498289,32.13768861336483,32.34011273938749,37053000
2020-09-03,31.1229248046875,32.608841176707955,30.952322139332484,32.35338228188583,41795000
2020-09-04,32.082881927490234,32.92970403278475,31.24755157454643,31.90786199967,58514000
2020-09-08,30.985916137695312,32.06521731546116,30.93818218699438,31.17331134652928,26685000
2020-09-09,31.82477569580078,31.985656888813935,31.03541219477961,31.48269030354341,26273000
2020-09-10,31.564014434814453,32.514259181786066,31.326231539471227,32.01040910608836,22851000
2020-09-11,31.795610427856445,32.199571936602226,31.351866133943986,31.866324513949884,17362000
2020-09-14,32.016597747802734,32.34277410231961,31.764672701826672,32.211950849937324,16447000
2020-09-15,32.43294143676758,32.80508148305469,32.295043725663106,32.379019874271634,16618000
2020-09-16,32.444427490234375,32.88286765896388,32.3834348598586,32.54519953572199,18498000
2020-09-17,32.345428466796875,32.71668842714483,31.3801579650833,31.3801579650833,22862000
2020-09-18,31.798261642456055,32.515144212696995,31.38457529226217,32.451501196357654,35295000
2020-09-21,31.37991714477539,31.39507974037836,30.638658134151175,31.221138635792975,24198000
2020-09-22,32.25408172607422,32.27281379155907,31.483385684682794,31.78845463999226,19500000
2020-09-23,31.36206817626953,32.2201769415048,31.224699724704596,32.1283030700098,15542000
2020-09-24,31.44502830505371,31.895492771633222,31.1390712523166,31.238084079103505,13611000
2020-09-25,31.826810836791992,31.90887463898785,31.066819791925788,31.40310886217559,18183000
2020-09-28,32.763404846191406,32.86420067517393,32.02571562356603,32.26209684859331,22192000
2020-09-29,32.49223709106445,33.075612316350934,32.46815252742186,32.78035693527321,13722000
2020-09-30,32.49758529663086,33.093445080584424,32.264773550101104,32.37537946104616,22403000
2020-10-01,32.879371643066406,33.06758377379536,32.54219113529118,32.913266295839605,16016000
2020-10-02,31.82948112487793,32.55111642444959,31.76882735043556,32.112248510917794,17100000
2020-10-05,32.6563720703125,32.72327326614082,32.10332876342164,32.187175585374014,18923000
2020-10-06,32.46726989746094,33.18266125747656,32.292437286741745,32.65726850557163,16672000
2020-10-07,32.71345901489258,32.99176539699213,32.65280184134471,32.857071491588854,12747000
2020-10-08,33.30128479003906,33.38691802825201,32.85349842685573,32.99443292023188,17045000
2020-10-09,33.601898193359375,33.896262102828935,33.361059325457724,33.533213961697065,17253000
2020-10-12,34.11302185058594,34.35118618205096,33.87753206999146,34.05593414071926,18839000
2020-10-13,34.029170989990234,34.592027828388844,33.77227459896547,34.289640254249385,16731000
2020-10-14,33.92301940917969,34.22987134438189,33.70447868374375,34.21203079905747,17298000
2020-10-15,33.89002227783203,33.9399744524985,33.45204582974998,33.45472378352808,14361000
2020-10-16,33.77584457397461,34.18884150414661,33.73124150439765,34.18884150414661,10295000
2020-10-19,33.518943786621094,34.21827756689609,33.46363911249626,34.00687236207067,14803000
2020-10-20,33.62776565551758,33.99794589288891,33.50020729430147,33.62954868913663,13297000
2020-10-21,33.18712615966797,33.61618068123992,33.031913710349755,33.51895087182135,11896000
2020-10-22,33.304866790771484,33.38871362446577,32.7464674989516,33.10059710717497,13547000
2020-10-23,33.24687576293945,33.35570205887165,33.07204319821565,33.29504489073685,8868000
2020-10-26,32.38341522216797,33.000681715032535,31.899056189184428,32.96857009673977,15509000
2020-10-27,32.07655715942383,32.57429905712852,32.042662514038454,32.57429905712852,9620000
2020-10-28,30.971364974975586,31.653749550428234,30.82150850393273,31.577038281509292,22331000
2020-10-29,31.667139053344727,32.062298850088865,30.807243705408613,30.975835691023743,15697000
2020-10-30,31.187240600585938,31.486953633859834,30.72250505397548,31.165830582359785,18530000
2020-11-02,31.331737518310547,31.70102962446515,31.073054740648697,31.66980952390153,11757000
2020-11-03,31.555631637573242,32.04445165676487,30.922307634844593,31.750982702985453,15457000
2020-11-04,32.52525329589844,32.91327417434671,31.85713954362009,32.15506956355675,21277000
2020-11-05,33.9738655090332,34.13264057316322,33.183546047494914,33.21476615022295,21783000
2020-11-06,33.95157241821289,34.22363483936859,33.64382889857257,33.90072872437758,13545000
2020-11-09,33.49842834472656,35.13526021204259,33.45115072617052,34.70798881941074,24088000
2020-11-10,32.39144515991211,33.28969604896658,32.14435887631455,33.03279967701675,26784000
2020-11-11,33.53232955932617,33.64115589388588,32.87492077197903,33.08097351068403,15133000
2020-11-12,33.022098541259766,33.7713845345184,32.85083200471954,33.649178653700915,12160000
2020-11-13,33.31645584106445,33.65809736402592,33.14519272387382,33.45025823509934,10997000
2020-11-16,33.9685173034668,34.01846947415227,33.361060797283514,33.433311099747044,12100000
2020-11-17,33.94977951049805,34.11390707141512,33.631331073379314,33.77672997618618,11950000
2020-11-18,33.95157241821289,34.33691875418356,33.862373074738194,33.88645424334163,13517000
2020-11-19,34.28250503540039,34.32799962619097,33.39228444093207,33.69288901382823,14555000
2020-11-20,34.19329833984375,34.68568445468316,34.1371021539556,34.28071462900309,16140000
2020-11-23,34.52067184448242,34.71245348705819,34.163867680659735,34.37527290572579,12212000
2020-11-24,34.9871826171875,35.038917814241294,34.447518907167705,34.66516810534923,13455000
2020-11-25,34.862308502197266,35.27887491247643,34.699072424776624,35.041602093362336,11787000
2020-11-27,35.22980880737305,35.60623647916706,35.05586774769606,35.06924730571183,6846000
2020-11-30,35.82121276855469,35.87294796930819,35.03267629908515,35.1468551113243,15454000
2020-12-01,36.08792495727539,36.27613711252573,35.690982146337916,35.988912133774626,18181000
2020-12-02,36.01300048828125,36.16285701468961,35.779293722913884,36.10309134643719,10031000
2020-12-03,35.662437438964844,36.27257190750952,35.510797890836635,36.08168179417938,16120000
2020-12-04,36.722137451171875,36.78636409508245,35.89346232296895,35.89435724256357,20083000
2020-12-07,37.54368209838867,37.71762318583844,36.870215881264166,37.14406131410157,19707000
2020-12-08,37.76846694946289,38.061935964613696,37.30016532954139,37.40006967512465,18121000
2020-12-09,37.127113342285156,38.008415250094274,36.89965062584983,37.4170128679097,20908000
2020-12-10,36.57584762573242,37.04058307868115,36.394767635220695,36.700728031095096,26244000
2020-12-11,36.19942855834961,36.30468541108017,35.52685384072878,36.037083992876646,26664000
2020-12-14,36.732845306396484,36.95584703681281,36.21547965851715,36.26275727757239,26116000
2020-12-15,37.2912483215332,37.40988474771592,36.839000752490705,37.04327045850461,21207000
2020-12-16,37.90137481689453,38.10207500903443,37.19311907628596,37.28588787589109,23160000
2020-12-17,38.0084114074707,38.357185042070775,37.87015143829013,38.04409249717408,17152000
2020-12-18,39.09333801269531,39.19139282500536,37.96343071848328,38.21531967741505,45243000
2020-12-21,38.58235549926758,38.86303320341984,38.11635755181083,38.51668249648772,19096000
2020-12-22,38.961997985839844,39.00247867187591,38.50319628705164,38.58236286438005,17929000
2020-12-23,38.27470016479492,39.222883761671895,38.24051326946744,39.13292438864292,10533000
2020-12-24,38.814453125,38.86303268370404,38.46450597048701,38.54726898385698,4123000
2020-12-28,38.85224533081055,39.337135052005195,38.78657574565045,39.073547302916474,10625000
2020-12-29,38.59675598144531,39.20759018576505,38.394345685488176,39.20759018576505,9593000
2020-12-30,39.11763000488281,39.40280332614375,38.69211265846769,38.83335236512043,10553000
2020-12-31,39.38931655883789,39.44778981434211,38.957505345337076,39.25077759970265,10211000
2021-01-04,38.25309753417969,39.784228716699744,37.89505493223768,39.52244268690529,24171000
2021-01-05,38.51219177246094,38.628239143583706,37.99941585904996,38.23781125700229,15069000
2021-01-06,38.27470016479492,39.095141040163135,37.832092774224535,38.08038531093745,17226000
2021-01-07,39.8876953125,39.99564724549518,38.7370979892178,38.86844059440979,21267000
2021-01-08,40.0900993347168,40.481429749141476,39.46127607760395,40.21244735621117,15271000
2021-01-11,40.10089874267578,40.372578496613556,39.62050804510004,39.637601491288024,11660000
2021-01-12,40.42747116088867,40.91056281949984,40.08652180685281,40.28173583379067,13846000
2021-01-13,40.59117889404297,40.79628993176884,40.312302831707065,40.5093149879219,13118000
2021-01-14,40.66854476928711,41.24699018750064,40.601972653647834,40.79808911658681,19692000
2021-01-15,40.10899353027344,40.482331410227346,39.64209983376192,40.31860358365688,18165000
2021-01-19,41.31626510620117,41.33605932310863,40.32759750665676,40.32759750665676,18819000
2021-01-20,41.551063537597656,41.902808963993536,40.932133935287084,41.33875615063003,14710000
2021-01-21,41.99547576904297,42.23387120274223,41.417929302902444,41.57176004095454,15749000
2021-01-22,41.83354568481445,42.06114832450873,41.59604936705618,41.71659918427164,16248000
2021-01-25,41.81284713745117,42.28154245119762,41.02929064622801,42.24196088366611,14692000
2021-01-26,41.73008728027344,42.01436147466041,41.55106423624015,41.6203337005339,10742000
2021-01-27,40.00554656982422,41.1084634964927,39.71857155807603,40.980720769078154,21857000
2021-01-28,40.63886642456055,41.24520164876656,40.215150715062194,40.97981910039913,16946000
2021-01-29,40.527313232421875,41.21101678744843,40.26912703073326,40.473338983998154,22069000
2021-02-01,41.98828125,42.220379468833805,40.80529859511006,41.00860802802875,17027000
2021-02-02,42.900482177734375,42.90857762943558,42.10163027912801,42.25996345021322,16141000
2021-02-03,41.84884262084961,43.04801959517574,41.79486493488193,42.90498164433214,17857000
2021-02-04,42.338218688964844,42.38589913939015,41.155236308789135,41.381936363136035,15243000
2021-02-05,41.922607421875,42.90407877137609,41.864130742601645,42.67107803100383,12488000
2021-02-08,42.524436950683594,42.589207412596636,41.88391494132235,42.16909165982262,17610000
2021-02-09,42.69806671142578,42.74844450567548,42.157401104733296,42.461469528404585,12758000
2021-02-10,42.28605270385742,42.95536023622244,41.87583051910161,42.930171335319734,14587000
2021-02-11,43.03633117675781,43.12269411549757,42.20869035085444,42.61351448136528,17123000
2021-02-12,43.74970626831055,43.812678510647956,42.72145362832149,43.0354191585235,13551000
2021-02-16,44.002498626708984,44.510779044333,43.812682768037035,44.15993267958059,15163000
2021-02-17,43.40425491333008,43.73171054983058,42.73674576104179,43.56168550780147,14084000
2021-02-18,43.47442626953125,43.66784199275068,42.74304571951094,43.20184397157132,16715000
2021-02-19,44.07716751098633,44.54316559503318,43.790192499532445,43.833373961422865,17992000
2021-02-22,42.85369873046875,43.77579423914101,42.76013948026152,43.54099871627381,16967000
2021-02-23,42.45246505737305,42.6971610855246,41.02748749727068,42.38409471392999,21303000
2021-02-24,43.260318756103516,43.30799577612112,41.62123201890143,42.07283734555922,15125000
2021-02-25,41.1264533996582,43.125381242588276,40.9510302232707,42.70886187196187,23148000
2021-02-26,42.269859313964844,42.79972878986342,41.44851924445105,42.05935010500795,22640000
2021-03-01,44.042972564697266,44.080755905035716,42.62879120955906,43.154161521919995,24677000
2021-03-02,43.22703552246094,44.15812907705206,43.14517160307169,44.11404850507323,18546000
2021-03-03,41.6572151184082,43.30619545232366,41.55915688015863,43.00122794835066,23991000
2021-03-04,39.90568542480469,42.01166597678977,39.711370584643866,41.532174384825545,34575000
2021-03-05,40.49493408203125,41.022102787000705,38.95300611441492,40.864672152558505,42414000
2021-03-08,37.895973205566406,40.29882658924009,37.716950098216365,40.197168423943445,45243000
2021-03-09,39.90658950805664,40.203458200483475,38.73710043681312,39.194999641492565,37884000
2021-03-10,39.36591720581055,40.844872602436304,39.14191448039352,40.243935548582904,19914000
2021-03-11,40.81428527832031,41.15253714678064,39.770740892583895,40.39416949814478,26170000
2021-03-12,40.58759307861328,40.79630062350402,39.98935325306084,40.06491995543837,18906000
2021-03-15,42.35081481933594,42.392198047673844,40.769305623192324,40.948328665957355,31241000
2021-03-16,43.01742935180664,43.541001541656186,42.04855243929528,42.39579890758684,31190000
2021-03-17,43.50411605834961,43.835171614775476,42.28244765043456,42.308535661504955,23754000
2021-03-18,41.75527572631836,43.48252018084811,41.71929060891657,42.69176730156241,28728000
2021-03-19,43.01641082763672,43.21768487870001,41.17049370440217,41.43795411733223,108602000
2021-03-22,43.09075164794922,43.63473383326955,42.76345481208586,42.875878580991056,31805000
2021-03-23,42.07350540161133,43.09891500924618,41.94567030062005,42.954758988348566,24712000
2021-03-24,41.45790481567383,42.61114965972373,41.42163840621533,42.562190352810276,20882000
2021-03-25,41.85954666137695,42.06988908593911,40.736221689689444,41.24847179400603,17537000
2021-03-26,43.70364761352539,43.79068561115604,41.40078599338788,41.40078599338788,28925000
2021-03-29,42.8495979309082,43.62386816392019,42.455208494665655,43.55496336672762,28410000
2021-03-30,41.35725784301758,42.06806338830702,40.94564145750429,42.05718277637207,27935000
2021-03-31,42.0372428894043,42.34640656103484,41.01636743650778,41.614749294269274,28684000
2021-04-01,43.1515007019043,43.20861873158351,42.53951637761259,42.79972419359475,23528000
2021-04-05,44.28751754760742,44.39268873348451,43.230375758163774,43.545885857240485,22966000
2021-04-06,43.869564056396484,44.26395000410746,43.31379155510374,43.80156540586027,18063000
2021-04-07,43.741722106933594,43.873185232198054,43.33736171774572,43.51959642699594,12074000
2021-04-08,44.01552963256836,44.242189481214105,43.529571553445955,44.242189481214105,18121000
2021-04-09,43.98017120361328,44.00011669008933,43.2049949039193,43.51869275624289,16614000
2021-04-12,43.8514289855957,44.01009019105597,43.39176283117373,43.69367392151594,23247000
2021-04-13,43.968379974365234,44.26394459293909,43.54498026022827,43.97200799815306,15281000
2021-04-14,43.27389144897461,44.35188478167331,43.0825918932693,43.74262585534545,18220000
2021-04-15,43.51868438720703,43.72811714276213,43.2267478188575,43.667374553614835,18370000
2021-04-16,43.40899658203125,43.68008161443384,43.22676183837749,43.56221750426367,16263000
2021-04-19,41.88674545288086,43.22857149340686,41.70995102765124,43.20409183962981,26319000
2021-04-20,41.45698928833008,41.88945384534155,41.21038052668883,41.706313015161065,19128000
2021-04-21,41.686370849609375,41.73623629065494,41.03449555073644,41.27203600169298,25947000
2021-04-22,41.2620735168457,41.80877428159184,40.70811670292933,41.2611639167829,27057000
2021-04-23,42.26118469238281,42.417127483674015,41.47875577016655,41.56851219234467,22890000
2021-04-26,42.779788970947266,42.959301833413065,42.02908875756531,42.34188051314113,18271000
2021-04-27,42.281131744384766,42.99828392402103,42.16417724050458,42.94751233314804,13267000
2021-04-28,41.63288116455078,42.24667783237563,41.347290987815086,42.192278221235746,15940000
2021-04-29,42.275691986083984,42.58394953455043,41.617470174423495,42.58394953455043,14650000
2021-04-30,41.36089324951172,41.77160360144523,41.146926270995834,41.67912529286642,19367000
2021-05-03,40.81147003173828,41.69091144559068,40.64283433920238,41.68274925534099,15098000
2021-05-04,40.30374526977539,40.590245026253776,39.64824539235985,40.54672603212346,23497000
2021-05-05,40.239376068115234,40.92933009205067,40.10700679837971,40.83594565257299,16388000
2021-05-06,40.6700325012207,40.71626992172663,39.8776291530425,40.23665827902795,13495000
2021-05-07,41.03269577026367,41.55854841476343,40.72625044150423,41.21493052922382,11712000
2021-05-10,39.53854751586914,40.66550039550704,39.5086275558828,40.65190135693736,25239000
2021-05-11,39.89847183227539,40.05169269724987,38.35537219558186,38.53216656549214,17887000
2021-05-12,38.29463577270508,39.06346563140474,38.00088686259883,38.921125341952546,29940000
2021-05-13,39.039894104003906,39.42249327752411,38.59019896607913,38.97552002227904,21841000
2021-05-14,40.03901290893555,40.35633881259027,39.171361692319216,39.56484152424255,16964000
2021-05-17,39.88669204711914,40.08615381562522,39.24297892328282,40.08615381562522,15725000
2021-05-18,39.324581146240234,40.29468510927508,39.28287442991034,40.24753808572345,17824000
2021-05-19,40.04808044433594,40.11879752232948,38.59564289903459,38.62284097705783,21369000
2021-05-20,41.25209426879883,41.64194950230924,40.37537479337917,40.41345348361666,21886000
2021-05-21,40.91119384765625,41.52317470702672,40.73893016054359,41.52317470702672,13216000
2021-05-24,41.6319694519043,41.92662792034255,41.375393127156244,41.42616470733716,14420000
2021-05-25,41.663700103759766,41.97377333783956,41.388084446934045,41.87766702882257,9600000
2021-05-26,41.749839782714844,41.895808097592635,41.300148082552425,41.77522557660663,9873000
2021-05-27,42.40170669555664,42.47061147360148,41.673674090627955,41.705406326664765,19098000
2021-05-28,42.82329177856445,43.030912242711565,42.401704403405944,42.61204329111454,19946000
2021-06-01,42.45883560180664,43.33736742383621,42.35819856193365,43.105267241389434,16277000
2021-06-02,42.950225830078125,43.310161061826804,42.56399520799991,42.777962144489074,13286000
2021-06-03,42.14059829711914,42.590293425245505,42.000976440212256,42.503255435378804,20389000
2021-06-04,43.06538009643555,43.37363769231015,42.568541301706944,42.65739159328452,23865000
2021-06-07,42.048118591308594,43.01822588485646,41.92935182377108,42.88404088057806,24142000
2021-06-08,42.02546310424805,42.828743715469436,42.0236508212352,42.43526387124959,16615000
2021-06-09,42.06173324584961,42.357297955255916,41.86136528139011,42.357297955255916,12126000
2021-06-10,42.49147033691406,42.57034614054882,41.724452776829246,42.20406442259115,15413000
2021-06-11,42.67551803588867,42.80516888650955,42.35366145068235,42.470619404518246,14508000
2021-06-14,43.140625,43.14697144846459,42.25483718064948,42.65647917530491,14675000
2021-06-15,42.679141998291016,43.20771290592936,42.48058637565464,43.20680330605559,11131000
2021-06-16,42.226741790771484,42.713606141500904,41.8396048949389,42.63654260239873,20437000
2021-06-17,42.71813201904297,43.08713217694973,42.06263207595381,42.14785433152105,20881000
2021-06-18,42.022735595703125,42.59029483128399,41.751650603691616,42.364541118412774,28537000
2021-06-21,42.45309829711914,42.52345568117712,41.88932599034159,42.13877489745622,18591000
2021-06-22,42.438480377197266,42.81585529352506,42.15248117837573,42.63310734413975,13722000
2021-06-23,42.64042663574219,42.751900505747685,42.30965447827239,42.38458153839053,17674000
2021-06-24,42.95109176635742,43.27912417887806,42.817686341594886,42.93555632418757,12502000
2021-06-25,42.23289489746094,43.16947255785014,42.03187178655919,43.06896100239927,19100000
2021-06-28,43.20145797729492,43.5203545897085,42.53534402564968,42.58011691623163,13987000
2021-06-29,43.59892654418945,43.61354526497323,43.013222650965616,43.16216001872191,14184000
2021-06-30,43.57061767578125,43.73052438165308,43.176797393798886,43.68849118420543,15381000
2021-07-01,42.912715911865234,43.66197946322152,42.84784140978649,43.66197946322152,11153000
2021-07-02,42.77840042114258,43.72960039608932,41.63988280165647,43.56421083680855,37054000
2021-07-06,43.24531555175781,43.56238219425351,42.79027730610145,42.98216111364496,13870000
2021-07-07,42.90358352661133,43.43537885392697,42.61393130658745,43.40248498035009,12581000
2021-07-08,42.99129104614258,43.04429000878462,42.17440989600113,42.43574131495045,16011000
2021-07-09,43.875797271728516,43.939758542911015,42.765607371021076,42.90632216762257,16782000
2021-07-12,44.3847541809082,45.14041401068527,43.24349671343486,43.97996815907165,33142000
2021-07-13,44.22574996948242,44.54738273748648,44.04208878454516,44.34636312889076,11806000
2021-07-14,44.00463104248047,44.95583095636637,43.92787752056056,44.69998239767231,14020000
2021-07-15,43.61628723144531,44.26595236692769,43.230689725153255,44.159044695827276,12624000
2021-07-16,42.769264221191406,43.88493711657093,42.6952538781263,43.77345975623992,13980000
2021-07-19,42.54996109008789,42.57737206470565,41.81165987356798,42.34985121562122,14938000
2021-07-20,42.8167724609375,43.151197509411254,42.33066335890717,42.75281119562134,20727000
2021-07-21,43.76980209350586,43.79356013259041,42.80854960134329,42.911804353661594,13660000
2021-07-22,43.52401351928711,43.76706638733355,43.357714188518486,43.54868479707332,12583000
2021-07-23,44.14717102050781,44.18646450041223,43.56968966832431,43.86208502495183,13489000
2021-07-26,44.06401824951172,44.19011430453011,43.83010128367167,44.05670888895849,11160000
2021-07-27,43.43537139892578,44.02473177525355,42.74458622986081,43.92878987477614,14715000
2021-07-28,43.644615173339844,43.775280890452066,43.34034080863757,43.557809106731085,8359000
2021-07-29,44.23488998413086,44.39205344565601,43.62542800343331,43.719543433463706,9162000
2021-07-30,44.35276412963867,44.438653479915615,43.820055659900234,44.038437201783715,11548000
2021-08-02,44.28697204589844,45.19339903492333,44.180067848759485,44.68627508181781,15619000
2021-08-03,44.47977828979492,44.56841083869762,43.8556940236991,44.36099157302383,11135000
2021-08-04,44.572059631347656,44.77125628203182,44.225755550036446,44.638764088269035,12123000
2021-08-05,44.560184478759766,44.81237663458102,44.30616585387545,44.81237663458102,8372000
2021-08-06,44.35550308227539,44.60129908125983,44.22758055064856,44.32260921494671,9964000
2021-08-09,44.28697204589844,44.4834255005756,43.95071704120989,44.45235810217001,5952000
2021-08-10,44.065853118896484,44.448707498483245,43.66106716957649,44.39845171774359,9319000
2021-08-11,44.183719635009766,44.40484435576496,43.84015527828982,44.29884991018031,9816000
2021-08-12,44.24859619140625,44.31621388174564,43.56055421156946,44.06767817504583,8702000
2021-08-13,44.42220687866211,44.67896517253268,44.05214129122294,44.09783089666476,8582000
2021-08-16,44.60313415527344,44.67349156124207,44.261396191638234,44.300689678756605,9188000
2021-08-17,43.73965072631836,44.427696269920226,43.35862278461115,44.3701276374922,16499000
2021-08-18,42.85150146484375,43.59254254362166,42.79484954901452,43.553252542069515,15616000
2021-08-19,43.26816177368164,43.47832073439521,42.27492862863507,42.61209689740233,14044000
2021-08-20,43.41801834106445,43.514876981358604,42.98582134075377,43.203293178474816,10007000
2021-08-23,44.08320999145508,44.42494789419008,43.46643864167386,43.5240037817533,15707000
2021-08-24,43.99000930786133,44.13712021480161,43.87396231284266,44.07864184290877,9429000
2021-08-25,44.17092514038086,44.43225307505459,44.002799393764704,44.002799393764704,10017000
2021-08-26,44.38382339477539,44.60037842809769,43.91416304356638,44.133457779698865,10836000
2021-08-27,45.31584548950195,45.36153161323392,44.4660703427016,44.59124969431419,16459000
2021-08-30,45.585391998291016,46.40409967146489,45.526913625698775,45.68681678732893,19614000
2021-08-31,45.43189239501953,45.80469774542444,45.01979704499082,45.80469774542444,17378000
2021-09-01,45.06181716918945,45.61736686706576,45.03714590085112,45.34598640097116,12586000
2021-09-02,44.946693420410156,45.319498745660994,44.78770347790474,45.30213683340748,16991000
2021-09-03,45.474830627441406,46.235056429821796,45.23360429456411,45.31309751404796,25191000
2021-09-07,45.37523651123047,45.46752199198006,44.86445610393464,45.46752199198006,12398000
2021-09-08,45.173301696777344,45.67676927423347,44.60038995495197,45.652101485685506,13987000
2021-09-09,45.091976165771484,45.56803274075724,45.03349778977453,45.03349778977453,13174000
2021-09-10,45.51777648925781,46.23414617327993,45.36792587016879,45.41726841544162,16110000
2021-09-13,45.591793060302734,45.91251613831585,45.070963571394906,45.869569717221005,14927000
2021-09-14,45.85768508911133,46.18206106547094,45.53696205032197,45.86956410746954,14134000
2021-09-15,46.57679748535156,46.66451679157239,45.633823657546884,45.880532899182576,23346000
2021-09-16,46.35841751098633,46.52289034431752,45.70600907018968,46.16196404259785,17569000
2021-09-17,46.23506546020508,46.383093115401365,45.778197210655115,46.049577759553515,34470000
2021-09-20,45.2135009765625,45.96093804129527,44.63054022050068,45.59544559002036,30105000
2021-09-21,45.192325592041016,45.44636592371009,44.825074534835586,45.42243377393322,16935000
2021-09-22,46.07595443725586,46.29777983260483,45.305553859591534,45.4924009465614,20610000
2021-09-23,46.417423248291016,46.69263244026842,46.07594068013095,46.252665001721724,18370000
2021-09-24,46.47450256347656,46.52788644038776,46.09804510946524,46.230588385545275,10605000
2021-09-27,46.46805953979492,46.557341651179236,45.780494587163986,46.00140004719797,9831000
2021-09-28,45.195091247558594,46.15510195846119,45.15091016534216,45.74550965417164,20124000
2021-09-29,45.05335235595703,45.49423629845976,44.88491085607901,45.435329349895916,15783000
2021-09-30,44.634552001953125,45.517246803208444,44.59313420741539,45.517246803208444,15735000
2021-10-01,44.8572998046875,44.977876997110485,43.95067279877842,44.903320749362614,16052000
2021-10-04,43.80800247192383,44.78457896972855,43.516224023522796,44.634550072956856,20093000
2021-10-05,44.679649353027344,45.08187874432881,43.75093368582752,43.80708084572436,16557000
2021-10-06,44.98891830444336,45.04138576121629,44.15316786170546,44.46887497378052,12042000
2021-10-07,45.46202087402344,46.01244287401745,45.3432870506608,45.3432870506608,13261000
2021-10-08,45.36353302001953,45.83755537753068,45.21902368571769,45.728944272786435,10279000
2021-10-11,45.316593170166016,45.98390559911503,45.17944676190969,45.21534499227356,11186000
2021-10-12,44.66676330566406,45.71789600201627,44.36670201288206,45.6387401286211,20991000
2021-10-13,44.64191436767578,44.67596923238833,44.13936020886484,44.28846918295988,16424000
2021-10-14,45.80073547363281,45.943404948004165,45.17668424215978,45.272409339489194,19233000
2021-10-15,46.32078170776367,46.56101261983094,46.12104865944454,46.42662951429665,25103000
2021-10-18,46.330909729003906,46.387976822375585,45.89830864778536,46.057543850609406,16042000
2021-10-19,46.97797393798828,47.02215502410868,46.184557753490154,46.41926911515988,16383000
2021-10-20,46.885929107666016,47.25778336839562,46.798490372797836,47.0341181533678,13458000
2021-10-21,47.32405471801758,47.38296166062582,46.81321421732777,46.888690383406725,11787000
2021-10-22,47.440032958984375,47.989531518699955,47.220047442934145,47.37836271807163,15367000
2021-10-25,48.05304718017578,48.27671243133804,47.418869590041034,47.63148868996302,12416000
2021-10-26,49.139156341552734,49.24224438563765,48.23068944188127,48.343900198197,24043000
2021-10-27,48.148765563964844,49.34164439587528,48.03371145296153,48.950461120698606,23500000
2021-10-28,48.74336242675781,48.778337217292915,48.178214614273216,48.243568070375005,11872000
2021-10-29,48.93666076660156,48.98084185924547,48.18466577544434,48.18466577544434,15564000
2021-11-01,48.60346603393555,49.020421378535225,48.316290678111486,48.814245280355905,16896000
2021-11-02,49.433685302734375,49.778847604403076,48.477354270620715,48.548227287580175,16262000
2021-11-03,49.92151641845703,50.05221982232563,49.12994359960535,49.61593203577086,14038000
2021-11-04,50.496788024902344,50.5382093301578,49.788054288603426,50.053140810954545,15956000
2021-11-05,51.4448356628418,51.51386883470869,50.606321911097275,50.62381106368713,18674000
2021-11-08,51.44760513305664,51.902298576774875,51.369369167428104,51.72557419736479,17231000
2021-11-09,51.34175109863281,51.71912848437996,51.09691699049868,51.46969122816374,15838000
2021-11-10,50.510597229003906,51.62708353228753,50.44432734970868,51.01959793483795,18450000
2021-11-11,51.1208381652832,51.279153420269296,50.5142725895416,50.87140096265136,14157000
2021-11-12,51.840614318847656,52.08176866492508,51.046281775923816,51.397887073699756,13592000
2021-11-15,52.075340270996094,52.252064652224156,51.5286049222286,52.252064652224156,13972000
2021-11-16,52.35147476196289,52.42142787732136,51.79645298792992,51.920713428251965,13194000
2021-11-17,52.43153762817383,52.589852893312276,51.921617041655466,52.29347129590268,12532000
2021-11-18,52.90740966796875,53.08413404431728,52.4315473680847,52.56593050517418,12712000
2021-11-19,52.34686279296875,53.128309446919076,52.09005911385627,53.04270705015726,19612000
2021-11-22,50.92570877075195,52.65244032092145,50.8520759673175,52.619305383817306,25898000
2021-11-23,51.095069885253906,51.16317961357247,50.48850426528196,50.84655259168451,17109000
2021-11-24,51.42735290527344,51.45956791912809,50.38357943403647,50.921115468483315,12084000
2021-11-26,50.30994415283203,51.295727039587014,50.00896289210911,50.78672633448606,14219000
2021-11-29,51.9437141418457,52.23917585929651,50.96253433420638,51.19448243881607,18703000
2021-11-30,50.96253204345703,52.00354219640968,50.8078999806679,51.8452269130514,22574000
2021-12-01,51.06193161010742,52.32476341726779,50.93030828715881,51.86454701730192,21980000
2021-12-02,50.84931182861328,51.46232044394851,50.07154845775434,50.26207522072737,22619000
2021-12-03,51.37119674682617,52.37262880556265,50.660623200435246,51.9989311990602,20305000
2021-12-06,52.002620697021484,52.314648106387295,51.171469873482515,51.97224553955669,22482000
2021-12-07,54.34235382080078,54.588107807503455,52.648757313827126,52.648757313827126,29562000
2021-12-08,54.17300033569336,54.392065932137726,53.608775896991766,54.392065932137726,17998000
2021-12-09,53.69989013671875,54.32762458289049,53.61060804178047,53.61060804178047,29080000
2021-12-10,58.14191436767578,59.34491963658645,56.93706924387865,57.43318049613546,57087000
2021-12-13,57.21963882446289,58.39411224383141,57.18006087918665,58.35545422595602,26898000
2021-12-14,56.59833526611328,56.93981435173896,55.74509224889335,56.86802140676144,35956000
2021-12-15,58.894813537597656,58.98685541366098,56.17769620526635,56.659081466964636,29092000
2021-12-16,57.12942886352539,58.968454773404886,56.28447215179896,58.66471023691163,42748000
2021-12-17,58.44380187988281,58.90678159084748,56.61582221097129,56.83948741826211,50661000
2021-12-20,59.37068557739258,59.468254055171116,57.53534273652579,57.64671714688764,32770000
2021-12-21,59.8625602722168,60.161760103309085,58.66390225653113,60.03485318326647,36534000
2021-12-22,60.69253921508789,60.87410437811728,59.21598566855464,59.59207382912412,28383000
2021-12-23,61.58181381225586,62.131117162792165,60.77868955680466,60.77868955680466,23596000
2021-12-27,62.4599609375,62.64707389670786,61.550311809288715,61.58181061799054,19442000
2021-12-28,61.97086715698242,62.78232372424279,61.788383247322614,62.76286753729056,17247000
2021-12-29,62.305274963378906,62.71192556402233,61.98198985604779,62.04498041571993,14797000
2021-12-30,61.60775375366211,62.59150327567809,61.49288945258504,62.350657861514215,11473000
2021-12-31,61.63831329345703,62.184839178501605,61.440083523767704,61.78281770006111,12046000
2022-01-03,61.44471740722656,62.22097193153786,61.25019087012949,61.72261649866094,22591000
2022-01-04,62.148719787597656,62.26636151532867,60.88058351818778,61.40395704869647,21103000
2022-01-05,59.56243133544922,62.17558156759491,59.47071941194723,62.17558156759491,34961000
2022-01-06,59.00941467285156,60.08579831206262,58.768572813241406,59.299352836545275,28581000
2022-01-07,57.35316467285156,59.276207236886115,57.289248298691064,58.90011902269573,27832000
2022-01-10,57.53936004638672,57.62087392511748,55.90995881310699,56.39998556588087,29793000
2022-01-11,57.62179183959961,58.17295035844488,56.928902806041314,57.01875604417048,19037000
2022-01-12,57.61716079711914,58.449921676477665,57.40781066198102,58.127562398427024,18806000
2022-01-13,55.31896209716797,58.16183776696779,55.03735973864357,58.12386180266696,30048000
2022-01-14,55.24300003051758,55.614452079409055,54.838197546048924,55.18834531690535,25661000
2022-01-18,53.52189254760742,54.749268398411125,53.35515450949495,54.49730971720201,35825000
2022-01-19,52.24171447753906,54.1647566898522,52.182430708567146,53.872966904857485,22692000
2022-01-20,50.7364501953125,52.81326229068191,50.64844857479297,52.615028958304585,25225000
2022-01-21,49.39421081542969,51.44786336359169,49.21913339588123,50.636406768301086,38010000
2022-01-24,50.167686462402344,50.34646712498244,47.55731352050229,49.17744922802387,54256000
2022-01-25,49.4785041809082,50.52154096902485,48.55959334309942,48.90974110453667,38158000
2022-01-26,51.6071891784668,53.1865643998795,50.95413127908157,51.13291193921996,49715000
2022-01-27,50.23530960083008,52.82437844688895,50.11674204789773,52.774356324956834,34183000
2022-01-28,51.88322448730469,51.92027816597271,49.316389732571295,50.33256372474393,30254000
2022-01-31,54.27129364013672,54.3166831693573,51.50344403526326,51.81839330345329,40288000
2022-02-01,54.904884338378906,55.01419021801083,53.33940350198492,54.270356869535085,25719000
2022-02-02,55.8969841003418,56.02389103254766,54.98918998688694,55.48662671519577,24443000
2022-02-03,53.80535125732422,55.488477658699836,53.73773163754087,55.178160990110065,30602000
2022-02-04,54.66775131225586,55.25781866675836,53.36904905858856,53.39128268173379,20548000
2022-02-07,54.43339157104492,55.72560955733342,54.111958128863556,54.66774921530367,18671000
2022-02-08,55.59963607788086,55.7506282601479,54.374115256791995,54.50287381371796,14570000
2022-02-09,56.62969970703125,56.66490176627652,55.72375729153989,56.2600992867583,22004000
2022-02-10,54.778907775878906,56.935381757890525,54.52046136343206,55.14387556684077,24920000
2022-02-11,53.117088317871094,55.55701987913488,52.715066829119685,54.77891023824054,27281000
2022-02-14,53.59507369995117,53.986904199587805,52.80677303971058,53.26344925024698,19291000
2022-02-15,55.835838317871094,56.13874490341463,54.490820849862146,54.56307305124347,34284000
2022-02-16,55.3208122253418,55.654288321562156,54.395417118420475,55.02901887433205,22931000
2022-02-17,53.63397979736328,54.799290914947996,53.62378879779959,54.6251428457742,21424000
2022-02-18,53.72567367553711,54.443570082990355,53.104111170063035,53.81367527097726,19708000
2022-02-22,53.49132537841797,54.67238594346235,52.78269045284487,53.72568657403373,20204000
2022-02-23,52.3547248840332,54.19624962600945,52.31303861161399,53.74790929609464,22416000
2022-02-24,53.726600646972656,54.25367735188599,50.85685951163057,51.093998091611994,35316000
2022-02-25,54.468589782714844,54.59549669727832,53.17081693192327,53.71086214417301,22380000
2022-02-28,54.41579055786133,54.865982539441674,53.39128064897786,53.81923900825947,25005000
2022-03-01,52.81140899658203,54.43247059873612,52.36492022339177,54.17032090330372,24898000
2022-03-02,54.26202392578125,54.70202846588284,53.131914850117376,53.21898711918991,21771000
2022-03-03,53.596927642822266,54.995670641893696,53.201386810752346,54.993819017787025,26454000
2022-03-04,55.20780563354492,56.12671662361543,54.09807485945537,54.91138318947498,44757000
2022-03-07,52.86513137817383,55.466239118103964,52.800289200442926,55.30876626750996,26494000
2022-03-08,53.35145568847656,55.21335922372024,52.208374573897316,53.001304365931624,26993000
2022-03-09,55.3032112121582,55.73117314474279,54.37503866872178,54.54085090480768,22560000
2022-03-10,54.442657470703125,54.654785042847415,53.39035898580851,54.24164671057206,19323000
2022-03-11,53.52745056152344,55.06329141822897,53.45983094820671,54.838195421788285,19813000
2022-03-14,52.59650421142578,53.72476531561301,52.31397602930977,53.445014569912225,25234000
2022-03-15,54.908599853515625,55.27912610197626,53.26715977408662,53.47372894383697,28260000
2022-03-16,56.238792419433594,56.293443596227256,54.10269325819888,55.2689336816427,29454000
2022-03-17,55.82658386230469,56.227683128850444,55.3597201325914,56.016481355756035,18174000
2022-03-18,56.54355239868164,56.802921110756415,55.20779646422921,55.94700082727599,41538000
2022-03-21,56.07539367675781,56.477337503102575,54.916190726824105,56.477337503102575,25789000
2022-03-22,57.01264572143555,57.2140836951448,55.89261102788782,56.115500902440665,19262000
2022-03-23,55.89726638793945,57.01543676495853,55.876750120407394,56.70115401438029,13839000
2022-03-24,58.419921875,58.49359475018539,56.141616047559175,56.57340049910199,26016000
2022-03-25,58.64746856689453,58.791086017800964,57.82679284489172,58.48053507008171,14538000
2022-03-28,59.021427154541016,59.0605991042432,57.42670794600407,58.36862061831804,14427000
2022-03-29,59.82252883911133,60.18063684391555,58.75285095784,59.685435893678736,23001000
2022-03-30,58.85449981689453,60.085511564343676,58.50384841701859,59.58005073406576,18626000
2022-03-31,58.72300338745117,59.59217531403501,58.5709937310143,58.797611885538984,21731000
2022-04-01,58.47120666503906,59.17903751320488,57.69809160444259,58.9104511980128,16267000
2022-04-04,59.20515441894531,59.37954805572696,58.241793311006155,58.41898316570482,16484000
2022-04-05,57.27190017700195,58.96361189982739,57.16745112818872,58.710881488494266,19778000
2022-04-06,56.141605377197266,57.03595385418611,55.374086354746794,56.1490655148138,23742000
2022-04-07,56.239532470703125,56.667588596694145,55.324667626380894,55.939241443186575,16583000
2022-04-08,54.742733001708984,55.823599244338425,54.646676161695034,55.71075442506349,20464000
2022-04-11,54.14680480957031,54.95535634157681,54.03675977883911,54.33052269910643,23512000
2022-04-12,54.562740325927734,55.82359611923311,54.29228987288018,54.93950396908964,17350000
2022-04-13,55.2593879699707,55.648275708118035,54.65413842584568,54.882620733532825,20266000
2022-04-14,53.516380310058594,55.68091251799102,53.42405532019068,55.48786677006437,27385000
2022-04-18,54.696102142333984,55.13628229947448,53.42312227383502,53.42312227383502,21375000
2022-04-19,55.733131408691406,55.83384859904081,54.03023143728438,54.03023143728438,16581000
2022-04-20,55.742462158203125,57.207552189622014,55.500923730308024,56.3467760429975,13920000
2022-04-21,55.277095794677734,57.43509973501772,55.084053622356066,56.471738788261256,20352000
2022-04-22,54.738067626953125,55.83758596481794,54.67371904445575,55.032766204845515,21064000
2022-04-25,54.824790954589844,54.90685957998423,53.261780127380234,54.22886935244787,26959000
2022-04-26,52.23128890991211,54.59912362923656,52.197716503955434,54.44431417521404,35809000
2022-04-27,52.181846618652344,53.164791758140204,51.75845447284753,51.83212733167364,19313000
2022-04-28,53.99106979370117,54.55807943500864,52.035439193317345,52.77871016543312,22334000
2022-04-29,51.701568603515625,53.92951366157864,51.609243617891636,53.401672451190684,26108000
2022-05-02,53.74952697753906,53.8698319331774,51.88715702805717,51.95803367681911,26725000
2022-05-03,54.19903564453125,54.719416751795706,53.32240358645147,53.717822931200054,17064000
2022-05-04,56.29641342163086,56.33464973882058,53.52849965427334,54.25685026832594,23896000
2022-05-05,54.088985443115234,55.756445359098294,53.557412400408886,55.41698597738048,32806000
2022-05-06,54.099246978759766,55.02064342420961,53.10418122341924,53.618034265234925,20745000
2022-05-09,52.49706268310547,53.903400001801735,52.24992828364177,53.425915622991084,30074000
2022-05-10,54.21955490112305,55.12975941021457,53.32520629951363,54.13562211556651,29271000
2022-05-11,52.887813568115234,54.52730061188426,52.77124047177104,53.5844559287205,26660000
2022-05-12,53.30375671386719,53.49400269651444,52.06248501221257,52.54183359560088,25518000
2022-05-13,54.85837936401367,55.17079447438749,53.48374647481607,53.81481726897682,19449000
2022-05-16,54.33892059326172,54.942305959204894,53.87076401682277,54.4983939423911,14189000
2022-05-17,56.715145111083984,56.79441752529346,55.359168106962464,55.530761951013076,24676000
2022-05-18,53.21048355102539,56.02222580281284,52.801079643360126,55.95508101476552,35024000
2022-05-19,50.938716888427734,52.29469751496385,50.26259427786809,52.03823525163214,34884000
2022-05-20,50.657081604003906,51.75753211825075,47.789382200839704,51.655879278260805,40281000
2022-05-23,49.08754348754883,49.9464520167389,47.95911298100689,48.86745337983047,58586000
2022-05-24,48.88608932495117,49.32160906454307,48.13909018786561,49.11550721525522,25060000
2022-05-25,49.57900619506836,50.12177125527089,48.85811922332947,48.85811922332947,17842000
2022-05-26,51.35371780395508,51.718357389509755,49.214365850457675,49.57061322560509,39743000
2022-05-27,54.39580535888672,54.59911100815141,52.225680843552745,52.41965865260655,37301000
2022-05-31,54.10205078125,54.74553311153807,53.71689132121889,54.50959065769122,30009000
2022-06-01,53.49492645263672,55.11016536014154,53.01091402386981,54.79681468990114,18345000
2022-06-02,53.78589630126953,53.88195313466537,52.98294072042282,53.880088989607806,29488000
2022-06-03,52.53437423706055,53.120036028190654,52.31614828495393,53.05195915069217,20562000
2022-06-06,52.33946990966797,53.41100847147633,51.99534652237672,53.29909926559589,14557000
2022-06-07,53.436180114746094,53.58072963077522,51.99440257220074,52.2751129510104,15895000
2022-06-08,52.7246208190918,53.7420706052532,52.42432978153612,53.32707059701935,24004000
2022-06-09,51.87223815917969,53.49679801672707,51.845190266033164,52.3329346098678,18787000
2022-06-10,50.4780158996582,51.38915234936307,50.333466395629124,51.300555655911104,24018000
2022-06-13,48.27245330810547,49.70676698963404,48.1232398888272,49.12670128967031,31619000
2022-06-14,48.5102653503418,48.957909216364826,47.989884247692316,48.957909216364826,24380000
2022-06-15,49.12017822265625,49.78417676086959,48.076612696475664,49.347728443393585,19141000
2022-06-16,46.366249084472656,47.97495997791651,45.90928453067474,47.743677925977934,37244000
2022-06-17,46.50334167480469,46.66281145247473,45.4980125485982,46.16294666439103,43504000
2022-06-21,47.37031936645508,48.041705951894606,47.28757393178348,47.39947109818632,21901000
2022-06-22,46.64908981323242,47.37031077118415,46.47042742974428,46.66883636842641,24721000
2022-06-23,46.6942253112793,47.18036720636806,46.1704699052415,47.18036720636806,16707000
2022-06-24,47.870567321777344,48.12539297658148,47.152165659457516,47.485977546420365,21201000
2022-06-27,47.55274200439453,48.33602577307891,47.28099276215096,48.31345981414394,13207000
2022-06-28,46.87007522583008,48.34637178514037,46.83810409305154,48.201563681216925,15667000
2022-06-29,46.114051818847656,46.63310466379945,45.762373007594505,46.59079215224785,14444000
2022-06-30,45.6815071105957,46.42717724346274,45.201943791644744,45.890257442769695,18890000
2022-07-01,44.932071685791016,45.53669290594757,44.14126609923106,45.07970274191403,21315000
2022-07-05,44.78726577758789,44.846505445434275,43.622211802565054,44.38292948700477,20711000
2022-07-06,45.38060760498047,45.79810828240786,44.71204048900768,45.18502163741048,22975000
2022-07-07,46.87853240966797,47.14652243171482,45.897783124181736,45.897783124181736,21319000
2022-07-08,46.892635345458984,46.98102674631345,46.075500929062265,46.356655315490855,12713000
2022-07-11,45.40411376953125,46.22783036024192,45.22733455729289,46.027545391905136,21449000
2022-07-12,45.26401138305664,46.31998414304429,45.141769247066875,45.87051588963129,21159000
2022-07-13,45.29786682128906,45.66552948031418,44.41020782059645,44.66315390468076,17665000
2022-07-14,45.57149124145508,45.76331442390458,44.51739457022556,45.36556030096803,19957000
2022-07-15,46.49488830566406,46.52121705256798,45.71160449824999,46.153554395870835,18714000
2022-07-18,46.175174713134766,47.2424358016991,45.905305091517945,47.03086246625915,18042000
2022-07-19,47.86210250854492,48.08307383242724,46.629347028292976,46.714915441052305,27257000
2022-07-20,48.12257385253906,48.67172190932629,47.436143265333335,47.91288368314094,27412000
2022-07-21,48.67829895019531,48.69051993503264,47.581889726427626,48.195916196769026,13912000
2022-07-22,48.193092346191406,48.8767034490838,47.64394794432131,48.784552848895395,17867000
2022-07-25,48.248573303222656,48.26831986060428,47.6298442515764,47.999390042880016,15061000
2022-07-26,48.05862045288086,48.59647998466988,47.85456914557456,48.391492464741724,17958000
2022-07-27,49.62894821166992,49.854625678519604,48.607766193351516,48.7271853179857,25699000
2022-07-28,50.17621612548828,50.44984850214717,48.950982715797075,49.70417839491826,14867000
2022-07-29,50.35206604003906,50.57304098173047,49.86216125120412,50.02295671434289,18482000
2022-08-01,50.43574523925781,50.757332517138146,49.87813550482558,49.97122948520357,11485000
2022-08-02,49.9505500793457,50.701862743979376,49.57630524045953,50.13955389219256,13072000
2022-08-03,51.41086196899414,51.529341326505445,50.22418161997701,50.33419919110111,19228000
2022-08-04,51.98067855834961,52.0135894819765,51.24817286746703,51.56788051999469,16293000
2022-08-05,51.852806091308594,51.90546357768439,51.08550616551534,51.23783982569293,14357000
2022-08-08,51.29708480834961,51.998559361770404,50.658609132923324,51.656285664894206,13722000
2022-08-09,50.10005187988281,50.71596150248805,49.625194725695536,50.691512360135306,20072000
2022-08-10,51.75595474243164,51.81331481699197,50.70562079005953,51.34691582164258,19519000
2022-08-11,51.28767776489258,52.4480293166668,51.17672039872825,52.088828473220346,14268000
2022-08-12,52.49127960205078,52.50820317226798,51.308358631493846,51.511466583254865,18399000
2022-08-15,52.5599250793457,52.6379715122343,51.76441677860875,52.11515582667597,14329000
2022-08-16,51.87255096435547,52.46400786705304,51.342213331496,52.424514753553574,14782000
2022-08-17,50.64449691772461,51.21997003674894,49.93455710369638,51.187998909356246,19022000
2022-08-18,52.511962890625,52.71036824483589,50.93034809426715,51.097725709218494,23459000
2022-08-19,51.56976318359375,52.24208945222533,51.51710570266184,51.79826006321527,16923000
2022-08-22,49.71921920776367,51.06763086300156,49.55936717510721,51.01873617093756,18555000
2022-08-23,49.81608200073242,50.55329041893583,49.7342727822391,50.198788588161236,9003000
2022-08-24,49.915748596191406,49.959004493386985,49.21991656423338,49.79538966307087,11883000
2022-08-25,51.7296257019043,51.76253663186962,50.04928149992215,50.16117866180425,17345000
2022-08-26,48.97731018066406,51.810483464064575,48.89644436163618,51.60831532947309,25682000
2022-08-29,48.34919357299805,49.15410355776039,48.14420598014075,48.89645846996643,16580000
2022-08-30,47.61668395996094,48.699928896314994,47.1465257418153,48.59931291411449,18282000
2022-08-31,46.93212890625,47.97117804745927,46.690467631856094,47.97117804745927,32445000
2022-09-01,46.26450729370117,46.38486624303805,45.21417333202514,46.21372940472183,31930000
2022-09-02,47.036502838134766,48.878582183525914,46.85596442723613,48.70838515743229,40426000
2022-09-06,46.84656524658203,47.39195050928935,46.11029657673618,46.87759657901002,24738000
2022-09-07,47.498199462890625,47.90253577368019,46.92930851097093,47.28944912185064,20440000
2022-09-08,48.137611389160156,48.2137746249833,46.89357121780062,47.26029398790449,22535000
2022-09-09,49.12213134765625,49.457822846012945,48.46766833595914,48.46766833595914,23019000
2022-09-12,49.74837112426758,49.95524185237963,49.325231670615715,49.53115901196308,18157000
2022-09-13,47.35903549194336,48.73377612915337,47.17379090029543,48.317215231682766,35136000
2022-09-14,48.02665328979492,48.23822301169275,47.27628060501771,47.68625926569916,20605000
2022-09-15,47.02897644042969,48.10281598113283,46.76004665539877,47.855515937525304,36574000
2022-09-16,47.25089645385742,47.36279361135592,46.062336648211456,46.80142463720896,59012000
2022-09-19,47.1888313293457,47.334582794740555,46.491119677881294,46.491119677881294,17948000
2022-09-20,46.363243103027344,46.90580538427254,46.049177750040684,46.63969493676441,17132000
2022-09-21,45.7165641784668,47.398671121426716,45.681478310392855,46.5557204811009,20669000
2022-09-22,45.28702926635742,45.81801950907612,44.84990637914821,45.74406067056884,23540000
2022-09-23,44.44028854370117,45.32306352359291,43.80689091250669,45.03480958311395,29649000
2022-09-26,43.83154296875,44.87835700477869,43.741462712386955,44.468731290341445,19361000
2022-09-27,44.0676383972168,44.55501363530544,43.28632317495072,44.52277804341987,17850000
2022-09-28,44.18238067626953,44.44692815604466,43.27115715836597,43.74431004509223,27605000
2022-09-29,42.681373596191406,43.74715207901411,42.18356660662088,43.70258579125962,39997000
2022-09-30,42.101078033447266,43.41054424653717,42.06599216200066,42.57991698539002,27202000
2022-10-03,43.31192398071289,43.70732360009731,42.38173619397582,42.59697893644896,21479000
2022-10-04,45.50037384033203,45.52881871323299,44.17289097609033,44.42321598549821,27277000
2022-10-05,45.968788146972656,46.280744943773826,44.70388824736841,44.807243265187374,18493000
2022-10-06,45.46623992919922,46.43340540996434,45.39228108832362,45.87301897966482,17250000
2022-10-07,43.66276168823242,44.88214755677497,43.52432442358327,44.79111962057554,28425000
2022-10-10,41.50275421142578,43.62672222152106,40.94710625074648,43.61724180395698,33454000
2022-10-11,40.84470748901367,41.597577886293394,40.353537883085934,41.2657089749232,28046000
2022-10-12,40.826698303222656,41.315021342333225,40.58395830417321,40.985995410289334,15046000
2022-10-13,41.52836227416992,42.078317002915625,39.35698099904818,39.57980882479255,27980000
2022-10-14,40.4976692199707,42.096337099566725,40.43224311078776,42.03185867064726,22816000
2022-10-17,41.28182601928711,41.83842171718098,41.09408407202021,41.67817696248349,24120000
2022-10-18,41.230628967285156,42.53155878775434,40.787816345173,42.499319575023904,20341000
2022-10-19,41.27519226074219,41.55965548121906,40.85608972314245,41.07891755786929,12702000
2022-10-20,40.801090240478516,41.92850413071583,40.59627918877038,41.2590729705189,23402000
2022-10-21,42.643455505371094,42.73164042308117,40.69395391684109,40.97082851532489,26980000
2022-10-24,43.28727722167969,43.50252000090626,42.7743000769755,42.92790746947411,25287000
2022-10-25,43.62388610839844,44.02118113691885,43.31666772088791,43.42666011443365,18246000
2022-10-26,43.72913360595703,44.73232898750368,43.17538457098386,43.42665725643781,29291000
2022-10-27,43.18107986450195,44.63846379924951,43.134618212188606,44.19091275494939,18512000
2022-10-28,44.840431213378906,44.9769695105867,43.20478213371726,43.328996970646706,23094000
2022-10-31,44.576820373535156,44.83188374589074,44.09228822328181,44.26675900672914,19259000
2022-11-01,44.3663330078125,45.21307449976029,43.91783426562956,45.1154127900087,16324000
2022-11-02,43.24081802368164,45.556322908050795,43.21142184901259,44.592003950653265,21070000
2022-11-03,42.11149215698242,42.94022016550845,41.84979143094706,42.75816795832284,23887000
2022-11-04,44.119789123535156,44.46019436478143,42.9800518979377,43.31950945909465,28891000
2022-11-07,45.06040573120117,45.29935133308147,43.76611343724995,44.25917475687923,17687000
2022-11-08,45.713722229003906,46.34807117201295,44.89732101713904,45.632178322682044,20743000
2022-11-09,44.515193939208984,45.41883232948331,44.47347430781478,45.3714193826899,23695000
2022-11-10,48.03302764892578,48.08991740366315,46.195414058640985,46.55667557594449,33970000
2022-11-11,49.12535095214844,49.2116404966065,47.599697838993706,47.865193000094536,26728000
2022-11-14,48.663570404052734,49.78244787372296,48.64271058971986,48.86933274116734,21608000
2022-11-15,49.72555923461914,50.49834176485977,48.9186385160566,50.25085979357506,23315000
2022-11-16,48.52228546142578,49.16801004931792,48.38479589549273,48.995438236141055,25405000
2022-11-17,48.55831527709961,48.61805167383122,47.707779670883475,47.884145820943196,20375000
2022-11-18,48.847530364990234,49.091218036697875,48.45307833110233,49.009674125059675,14536000
2022-11-21,49.063716888427734,49.38705308512155,48.46350614606238,48.63702567294759,18622000
2022-11-22,50.2593994140625,50.28120691043491,49.21258533168551,49.588072873719646,18920000
2022-11-23,50.599796295166016,51.34318624999489,50.140869531969926,50.287839528440394,13964000
2022-11-25,50.246124267578125,50.68893327284073,50.2053523158107,50.320083112307415,7455000
2022-11-28,49.51600646972656,50.137076984966576,48.94993034083579,49.803309094912926,23505000
2022-11-29,49.438255310058594,49.861152175159475,48.81623708925102,49.59091501610039,12694000
2022-11-30,52.248722076416016,52.30845848100362,49.100694939396554,49.6961636249333,47349000
2022-12-01,52.2221794128418,52.380528832341874,51.3887090627046,52.24872892947413,23006000
2022-12-02,51.27871322631836,51.45887011911657,50.831162226263984,50.92313784154041,19320000
2022-12-05,50.315338134765625,51.1535503827303,49.82701518829109,50.99140664831047,18548000
2022-12-06,49.85830307006836,50.59315663639297,49.47238386533974,50.31628213248777,19655000
2022-12-07,49.16422653198242,49.780558705654414,48.93191827081076,49.26852923372078,16524000
2022-12-08,50.357059478759766,50.48411733995432,49.342481098147495,49.383256663076075,27514000
2022-12-09,51.65040588378906,52.40138091519634,51.29767354308269,52.24018847860783,37028000
2022-12-12,52.77971267700195,52.80247146961892,51.415252164456376,51.653250104159405,23416000
2022-12-13,54.14607620239258,55.170131518979275,53.57620568662013,54.59931694006065,40414000
2022-12-14,54.46845626831055,55.53138801258787,53.832212063063075,53.90996523639549,35218000
2022-12-15,52.90961456298828,53.71463627819643,52.88116969073632,53.45767389650115,36876000
2022-12-16,52.711448669433594,53.08029885132439,52.23355738311147,52.85747100692091,49549000
2022-12-19,52.55081558227539,53.20575034850906,52.176973034582126,52.97054820631162,25092000
2022-12-20,52.01443862915039,52.49058375945175,51.71804240696437,52.12438953684767,29831000
2022-12-21,53.659908294677734,53.72492470986296,52.294578164908415,52.363416929645645,25619000
2022-12-22,52.88163375854492,53.05851591518996,52.31848637313331,52.9064936216229,27553000
2022-12-23,52.81852340698242,52.93230029961625,52.34237832669516,52.58618803792753,13761000
2022-12-27,52.92466354370117,53.361607756633376,52.29362929494937,52.73439585792459,16677000
2022-12-28,52.09761428833008,53.32908915647875,51.864323326330705,52.74299316586656,15410000
2022-12-29,53.33292007446289,53.790898138840944,52.63400266349843,52.76307991865575,18176000
2022-12-30,53.45912551879883,53.508845244602384,52.39592870610516,52.76020812615224,14376000
2023-01-03,52.91893005371094,54.26609334806119,52.66173475147899,54.02037239131786,20173000
2023-01-04,53.565250396728516,54.322495044710834,53.162729269853685,53.828182819450156,17074000
2023-01-05,53.066165924072266,53.52701440378597,52.69328255534622,53.132137933672766,16277000
2023-01-06,56.26053237915039,56.5062532885525,53.7622111435435,53.84061307714264,35261000
2023-01-09,55.15717697143555,57.526424520118134,53.595845707263074,56.630546784158305,37739000
2023-01-10,54.969783782958984,54.98890647334296,52.585239366009624,54.6896434810303,44635000
2023-01-11,55.276695251464844,55.29581794189361,54.199157359129536,54.78525341401428,22502000
2023-01-12,55.6400146484375,55.94310361433591,54.85791381434051,55.032881129287304,19514000
2023-01-13,55.35892105102539,55.639061342811324,55.13614518103418,55.18203890683803,19647000
2023-01-17,55.381866455078125,55.96700690383132,54.932492362565505,54.96691539260523,15835000
2023-01-18,54.908592224121094,56.17735334419654,54.85409456366038,55.76144304334545,15703000
2023-01-19,53.85016632080078,54.50414910220456,53.57193723606562,54.414272835804745,22692000
2023-01-20,54.572998046875,54.6284549450861,53.45721473779676,53.83201291715029,22950000
2023-01-23,55.61037826538086,55.91251167142413,54.477387110919366,54.689644235645865,23429000
2023-01-24,55.93545150756836,56.09416654262613,55.036707014421914,55.30537659865439,13825000
2023-01-25,55.99760818481445,56.12094461966556,55.075914890459195,55.231759535738135,13766000
2023-01-26,57.230995178222656,57.42030362391873,56.05306218194309,56.449849824654166,24525000
2023-01-27,56.50529861450195,57.295047840337446,56.428811501732895,56.72807448822919,19344000
2023-01-30,55.593162536621094,56.373348509428986,55.43158074732127,55.74135880908803,16984000
2023-01-31,55.93354415893555,56.14580127843274,55.525285847867465,55.65244827262638,23719000
2023-02-01,57.62968444824219,58.16032719641741,55.71267779625132,55.79585766094913,26553000
2023-02-02,57.918434143066406,58.623088680588936,57.34285320506968,58.09627187906569,24188000
2023-02-03,57.13920211791992,58.13547127073686,57.008213699832446,57.1755326751558,19093000
2023-02-06,57.491050720214844,57.67462197297898,56.6267255858535,56.72998373166832,18709000
2023-02-07,58.74833679199219,58.99310210685938,57.33998337960058,57.42985965385526,24025000
2023-02-08,57.53025436401367,58.340081877392194,57.426036978692025,58.00544026891432,15290000
2023-02-09,57.31034469604492,58.794229607428946,56.934590972346534,58.57145374724727,18837000
2023-02-10,56.72138214111328,57.21951673061983,56.37526983812074,57.01395237059451,21035000
2023-02-13,57.473838806152344,57.508258187851396,56.74241326774735,56.88869837542835,19847000
2023-02-14,57.58761978149414,57.90026829557541,56.72807617644997,56.8093448759607,17571000
2023-02-15,58.10200881958008,58.158417655159504,57.05123833568467,57.25776192975228,12683000
2023-02-16,57.41838836669922,58.22152311714225,57.323734150580776,57.43846664427829,17449000
2023-02-17,56.94511413574219,57.44803034651514,56.64489553762376,57.36676164286839,14215000
2023-02-21,55.601776123046875,56.70608510076596,55.439238718222605,56.410648091844514,22737000
2023-02-22,55.08834457397461,55.74997218192651,54.69920528534536,55.66965906733028,23475000
2023-02-23,55.81786346435547,56.02247226431478,54.85027636759429,56.00430515915074,18939000
2023-02-24,55.239410400390625,55.477479330701655,54.84357835852347,55.21837288732958,15353000
2023-02-27,55.975608825683594,56.39151910788579,55.86183192554682,56.01576902595306,18321000
2023-02-28,56.82081604003906,57.23098915894786,55.662961444543534,55.98612869690805,27822000
2023-03-01,56.75197982788086,57.1956167900769,56.43933129714212,56.79309562082562,15484000
2023-03-02,57.2376823425293,57.45663221522963,56.04062677174732,56.352319683261335,27525000
2023-03-03,60.49898147583008,60.78294776262444,58.87263374800067,59.05907541218442,46088000
2023-03-06,60.514278411865234,61.578430741982544,60.4005015086688,60.71315000743146,24983000
2023-03-07,59.771385192871094,60.78773273607913,59.614584955914616,60.70072685920729,19334000
2023-03-08,60.45117950439453,60.4961139974113,59.629877636983736,60.02283926134406,20912000
2023-03-09,59.519920349121094,61.42450084436677,59.45872993071419,60.24274196861791,21775000
2023-03-10,58.78466796875,60.250385725828046,58.592489147107464,60.06203290072957,26098000
2023-03-13,58.941471099853516,59.698712081634795,58.02455949365421,58.0446377701269,22364000
2023-03-14,60.470298767089844,60.55730828570175,59.135565602913836,59.60310681608208,25893000
2023-03-15,59.856475830078125,60.241789107465294,58.915659883105086,60.0123204689547,22963000
2023-03-16,60.8565673828125,60.911065041423534,59.06958981346717,59.455862302459174,31716000
2023-03-17,60.32783889770508,61.15009634533086,59.95591114196888,60.85657052574805,79303000
2023-03-20,61.54592514038086,61.644401701827654,60.38807055640988,60.49706587353122,25857000
2023-03-21,61.318660736083984,62.266244561516494,61.085615559317986,61.92919802912663,25000000
2023-03-22,60.75722885131836,62.45017208806964,60.73315620055763,61.333098968601035,25799000
2023-03-23,61.5574836730957,62.419363994370876,60.81597763679977,61.52570395082534,27162000
2023-03-24,61.26280975341797,61.56422670881849,60.529007087891955,61.44192748907474,17228000
2023-03-27,60.36433029174805,61.54496292807337,60.28247666140413,61.53533460184003,14707000
2023-03-28,60.15825271606445,60.33544183818134,59.59586441977724,60.2092890902729,12439000
2023-03-29,60.235286712646484,61.054796455205995,60.15247062175619,60.93634711016223,26395000
2023-03-30,61.02976608276367,61.25125433936053,60.60123389685403,60.931539514287344,21523000
2023-03-31,61.77993392944336,61.84541830408704,60.27477414558111,60.72064169879703,22097000
2023-04-03,61.86949157714844,62.00719757662979,61.28880544216428,61.535332463430734,15682000
2023-04-04,61.093318939208984,62.039943915701635,60.86123624176138,61.93497642758305,13429000
2023-04-05,60.573299407958984,60.83234214529437,60.25454709190885,60.77841470493922,16908000
2023-04-06,59.959869384765625,60.51455423649841,59.60644996338971,60.10624491112176,14493000
2023-04-10,60.417293548583984,60.46351759495658,59.36377982856786,59.51785875863267,15400000
2023-04-11,59.85683822631836,60.75338568572847,59.784612919014045,60.74375368553764,16518000
2023-04-12,59.387847900390625,60.42980828360885,59.34547739178803,60.412476563512875,14112000
2023-04-13,60.113948822021484,60.3315871830461,59.4273327629321,59.61608247392554,17265000
2023-04-14,59.66134262084961,60.47892744805553,59.2443674160002,59.75186578219418,17465000
2023-04-17,60.41440200805664,60.50877502481276,59.49474081697598,59.5717821134886,13201000
2023-04-18,60.89205551147461,61.1982884701743,60.39226416173481,60.824646202771135,16806000
2023-04-19,61.10198974609375,61.32251553139969,60.24010939722909,60.35952122073952,19060000
2023-04-20,60.95945739746094,61.894529090975894,60.39321927329962,60.46255350422878,20239000
2023-04-21,60.947906494140625,61.03457612291353,59.89728015753993,60.72641825917244,14807000
2023-04-24,61.105831146240234,61.520881401557965,60.841009951596746,61.01916152334043,12338000
2023-04-25,59.90016555786133,61.245467852767824,59.87320183752051,61.0528682759628,23670000
2023-04-26,59.3387451171875,60.00706339474879,59.080664820192034,59.70275904820321,17179000
2023-04-27,59.55252456665039,59.71430688863434,58.09070153040244,59.33873973444835,18250000
2023-04-28,60.33159255981445,60.358556281854916,59.18177716490093,59.6160877869279,16183000
2023-05-01,61.434207916259766,61.53435939256894,60.30269056375731,60.331582885261604,17030000
2023-05-02,58.967994689941406,60.33159498543669,58.263080680354584,60.26033214280823,28357000
2023-05-03,59.050804138183594,59.89342406444025,58.973766512305,59.4071109641262,19816000
2023-05-04,58.758052825927734,59.123991649491906,57.903879647250186,58.7426460355244,17684000
2023-05-05,60.68019104003906,60.81019363963643,59.06717650275897,59.315628445977715,24876000
2023-05-08,60.57810974121094,60.738933265301,59.76149109395603,60.64744764333753,13934000
2023-05-09,59.56216049194336,60.097585072962346,59.30696392367117,59.96854125413286,16990000
2023-05-10,60.30944061279297,60.47603894345741,59.539045937586366,59.90402232061,19174000
2023-05-11,60.44425964355469,60.5222634136593,59.51208263107952,60.339295824999574,14430000
2023-05-12,60.779380798339844,60.92864372442128,60.11106258569604,60.51263099241158,11942000
2023-05-15,61.61237716674805,61.63356242498336,60.52130514260881,60.84872336373849,14614000
2023-05-16,61.770294189453125,62.29705651644963,61.509326535926256,61.675921173981486,14967000
2023-05-17,63.31399154663086,63.64429349736882,62.07269041041003,62.33944025860816,24133000
2023-05-18,65.28138732910156,65.42198074134397,63.1724273689554,63.1724273689554,26389000
2023-05-19,65.70028686523438,65.96029944936438,65.33050180245257,65.48361460983516,22968000
2023-05-22,65.32662963867188,65.93428309649883,64.91736154929309,65.61841820647868,17796000
2023-05-23,66.10955047607422,67.31233070949564,65.67813097374689,66.5082314684838,36088000
2023-05-24,65.4383544921875,65.89866271123032,65.10419535251908,65.62228087850427,23021000
2023-05-25,70.18303680419922,70.5287529478774,66.52077470081632,67.3528004240546,49263000
2023-05-26,78.26543426513672,78.48210650213328,71.93759986660909,71.97707563648406,82500000
2023-05-30,77.3611831665039,88.76688927514746,76.92494393058544,80.42158038093608,116912000
2023-05-31,77.80607604980469,79.12634319629244,76.0890601766754,76.54840587653939,89998000
2023-06-01,76.07173919677734,77.59712185187962,75.61046115432467,77.09924808552503,80792000
2023-06-02,78.19513702392578,79.32858323650018,75.8069151886802,76.13818694427269,62815000
2023-06-05,77.26103973388672,77.9255008376691,76.50797304057309,77.9255008376691,26222000
2023-06-06,76.07655334472656,77.23214362126397,74.76495551550171,77.23214362126397,37823000
2023-06-07,76.3298110961914,77.56436744894152,75.83675705786162,76.05921142571913,28957000
2023-06-08,77.44400024414062,77.52200401715163,75.95906320217289,76.5493777119322,21909000
2023-06-09,77.48445129394531,78.74886631462176,77.41319212018652,77.59808833286966,19241000
2023-06-12,82.37066650390625,82.62489688805046,78.11037712896744,78.11037712896744,51065000
2023-06-13,81.96236419677734,83.1314361910185,80.98781303963204,82.92632088923416,38990000
2023-06-14,85.33863067626953,85.56589740434141,81.58680840586973,82.42268386743953,43524000
2023-06-15,85.07380676269531,85.51100111540981,83.87872608836173,85.16817979164395,33814000
2023-06-16,83.59848022460938,85.70166492160101,83.34232490374731,85.63714302205102,68299000
2023-06-20,83.59078979492188,84.46133593538687,82.91476449280432,83.07365942296525,27535000
2023-06-21,82.06405639648438,83.8395967244158,81.76781047753455,83.25872338732665,23229000
2023-06-22,81.55772399902344,82.1850713344052,80.86842117474804,81.81525142818009,23464000
2023-06-23,79.5943603515625,80.93715017473323,79.27488484744745,80.74256061664684,37413000
2023-06-26,79.54402160644531,81.03202417753623,79.40751716372884,79.87027763908581,21372000
2023-06-27,82.13568878173828,82.29059226549862,79.48302940508187,80.22654692299943,24923000
2023-06-28,82.09115600585938,83.11639812441086,81.03783892392319,81.19951555468558,19445000
2023-06-29,83.50752258300781,83.53365497315909,81.9430285312522,82.72140149307282,23386000
2023-06-30,83.97802734375,84.66927267114845,83.67791108551849,84.08355404638225,23145000
2023-07-03,84.85031127929688,84.87838624322539,83.7350313060301,84.0932400736285,9038000
2023-07-05,83.43878936767578,84.89485412081352,83.42814584624978,83.97513125860395,14440000
2023-07-06,82.09697723388672,82.66816725955593,81.74167121574686,81.80653687039728,23939000
2023-07-07,81.97598266601562,83.06415563591835,81.77364490706422,82.33224898218931,19409000
2023-07-10,84.97521209716797,85.11461933627625,82.12408514228473,82.12408514228473,30622000
2023-07-11,85.39344024658203,85.48541327413214,83.70696277834718,85.30243481191734,25498000
2023-07-12,86.15825653076172,86.89790370980906,85.3885918147343,86.06628350653043,28197000
2023-07-13,86.19794464111328,87.0285898137318,85.02748235775522,87.0285898137318,25912000
2023-07-14,86.0256118774414,87.4555292796342,85.79132148472289,85.79132148472289,18510000
2023-07-17,88.13323974609375,88.41011905065454,86.1418005266928,86.26088093399497,26819000
2023-07-18,87.46328735351562,88.08965968747034,86.96276117861093,87.7101564798174,24513000
2023-07-19,87.26384735107422,87.70918377703664,85.74002166598588,86.86691272298769,24118000
2023-07-20,86.00237274169922,87.80889048529035,85.77583048266871,86.40898326498278,28268000
2023-07-21,86.81658935546875,88.21068396393251,86.53389710754574,87.56591253001848,74287000
2023-07-24,87.28514099121094,87.65787102389511,86.57260123885752,87.2086642308437,19992000
2023-07-25,88.87288665771484,89.37534068057931,87.19124706774008,87.19124706774008,20042000
2023-07-26,86.46224975585938,88.15937081362209,85.93559114315856,88.00253951166458,19877000
2023-07-27,86.50483703613281,88.08482009666139,85.77584078478884,87.95412120340697,21922000
2023-07-28,87.11087799072266,87.47586728002125,86.54549359046666,87.0653789717592,18791000
2023-07-31,87.00051879882812,87.22802868036867,86.25990403932971,86.889186533246,14952000
2023-08-01,89.06746673583984,89.12748703622366,86.90854554220404,87.03247128670804,19683000
2023-08-02,86.38575744628906,88.38977498325671,86.191160510472,88.32200655973429,26877000
2023-08-03,85.6771011352539,86.67910636326653,85.2995330915152,85.83587500489293,18281000
2023-08-04,85.35470581054688,86.51354959178208,84.55309580952775,85.67709147797355,21156000
2023-08-07,86.84658813476562,86.87659828429358,85.70516838405086,85.93848381680726,11146000
2023-08-08,85.50090026855469,86.22118082835306,84.55600521258164,86.17181143366605,14081000
2023-08-09,82.36127471923828,85.53672270793602,82.16668513136008,85.45831074874395,24672000
2023-08-10,81.60322570800781,83.40393810538531,81.03880887311605,82.59264476340172,20186000
2023-08-11,80.33111572265625,80.97395196260982,79.7231349866132,80.74257168808107,20331000
2023-08-14,82.68753051757812,82.69527126038173,80.10069688361408,80.46374363006736,17688000
2023-08-15,81.5664291381836,82.73785896617434,80.97975032453972,82.21410322613623,14035000
2023-08-16,80.64381408691406,82.72624364900027,80.54409294013297,82.07663435055943,16003000
2023-08-17,80.07360076904297,81.26633270072855,80.06488504595859,80.98460803133493,19228000
2023-08-18,79.95159912109375,80.17717380037614,78.61171211649187,79.38621472684525,17759000
2023-08-21,83.75633239746094,83.96932099331893,80.52570252589285,80.74739945697475,30012000
2023-08-22,82.85114288330078,84.68670346358503,82.3757888872549,84.5569795449351,17079000
2023-08-23,84.86387634277344,85.01974744069952,82.29060354102164,82.36515251469211,19692000
2023-08-24,82.72238159179688,88.08579327094101,82.52875960791074,87.35873215917515,30934000
2023-08-25,82.46678924560547,84.1726258022913,81.09689204466999,82.97021817593465,24181000
2023-08-28,83.36328887939453,83.65856722802701,82.01081551067259,82.90923665122621,14306000
2023-08-29,86.15631866455078,86.43804330973487,82.91213476997149,83.10382157170756,27822000
2023-08-30,86.38381958007812,87.00632890384782,85.10880555565423,86.39447048711273,23234000
2023-08-31,89.34725952148438,89.42276869620859,86.5280779869948,86.93856633535616,55203000
2023-09-01,84.47080993652344,87.31225338833927,83.70986834291973,87.31225338833927,65017000
2023-09-05,84.43692779541016,85.48540693658184,83.93640163496396,84.17940038287983,24808000
2023-09-06,84.44660186767578,84.94034748137062,83.9112349914984,84.46887127431019,20142000
2023-09-07,82.97119903564453,83.4223410960375,81.37282411351028,83.21032006027103,27789000
2023-09-08,83.02153015136719,83.33907788606439,82.30221717008645,82.77466101439323,16810000
2023-09-11,83.17546844482422,84.1300394759126,81.8694691456071,84.10777006654274,15710000
2023-09-12,81.76007080078125,83.0912422676491,81.48318412210097,82.3138367719365,16680000
2023-09-13,82.57425689697266,83.17256166660556,81.7329607528057,82.01855575820828,17413000
2023-09-14,84.38562774658203,84.87259290398616,82.77466673260533,83.16482089153995,19648000
2023-09-15,82.45323944091797,84.04871140417512,81.60322759406303,84.04871140417512,50190000
2023-09-18,82.29058837890625,82.90341436293743,81.32246380974264,81.57224308033747,16541000
2023-09-19,82.21315002441406,82.39031554944036,81.17725686222097,81.90238281437668,13126000
2023-09-20,80.84746551513672,82.7378045364128,80.82605510978775,82.7378045364128,13681000
2023-09-21,78.68553924560547,80.06192439295931,77.39384512546934,77.39579085057728,53654000
2023-09-22,80.70242309570312,80.84843418058439,78.88217484033785,78.96588558489722,27764000
2023-09-25,81.17062377929688,81.62520309051271,80.11157005929157,80.59729582508646,15648000
2023-09-26,79.44772338867188,80.81826409740623,78.96297042755084,80.71118979227029,17641000
2023-09-27,79.50807189941406,80.17679245984401,78.29814262830409,79.74655693325329,15352000
2023-09-28,80.98666381835938,81.65441897566444,79.30074468504866,79.83513595700646,16180000
2023-09-29,80.84844970703125,82.15864341920266,80.10185547457847,81.41983208926462,16481000
2023-10-02,81.27381134033203,81.6252078298138,80.15926725789983,80.70047592640107,14676000
2023-10-03,79.31535339355469,81.35169641258061,78.73909925769384,80.49997356531456,18761000
2023-10-04,80.18946075439453,80.84845280016644,79.45843972543719,79.85071882120175,16417000
2023-10-05,80.1943130493164,80.65862101567953,79.37860116503177,79.82928905477569,11474000
2023-10-06,82.27739715576172,82.58206658943539,79.01261817333919,79.76019267355434,21103000
2023-10-09,83.3111343383789,83.38219787398349,81.5541517308954,81.81015572288632,15760000
2023-10-10,83.55740356445312,84.93378138905749,83.29555498907489,83.43474860909572,14718000
2023-10-11,85.12945556640625,85.20537599900514,83.37636418034278,83.6839596413438,14334000
2023-10-12,88.15086364746094,89.35106427087022,85.31146369106885,85.31146369106885,43871000
2023-10-13,85.96851348876953,90.12784318897371,85.86241204194079,88.48182632192943,28312000
2023-10-16,87.8559341430664,89.14276415885047,86.72678957731404,86.72678957731404,21150000
2023-10-17,86.0872802734375,86.92244959460001,84.29622494933957,86.1602821179055,33008000
2023-10-18,86.34327697753906,87.18039937980201,85.19174167322853,85.65411140375932,20404000
2023-10-19,84.47433471679688,86.58271361566202,84.2640850003251,86.34229030595705,26620000
2023-10-20,83.09212493896484,85.16254023137141,82.91788596486089,85.16254023137141,26953000
2023-10-23,83.92827606201172,85.03600284872454,82.03988260984401,83.51360630745498,16456000
2023-10-24,85.76702117919922,85.95099620498503,84.01587569398276,84.10153959913916,14972000
2023-10-25,82.70276641845703,85.53535660954685,82.35721447678799,85.37377227370256,21432000
2023-10-26,80.47563171386719,83.16902061258025,79.65700118666676,82.53533796484676,27917000
2023-10-27,81.60574340820312,81.78582697807708,80.64986495840374,80.79198460361293,18236000
2023-10-30,81.88705444335938,82.68329427109818,80.51456057537142,81.87245407680058,20889000
2023-10-31,81.89874267578125,82.30075778524738,81.04507417721047,82.14403776501824,14747000
2023-11-01,83.02494812011719,83.11158487632919,81.33415748405523,81.96004975019541,18684000
2023-11-02,84.8121109008789,85.7076421330366,83.71217453687525,83.90685104196935,18759000
2023-11-03,85.91983032226562,86.38901001714599,84.78874759550185,85.41561272117815,18041000
2023-11-06,85.7397689819336,86.23230489039608,84.80336258233852,85.81082509562391,12870000
2023-11-07,87.39356994628906,87.778066108172,85.28519065647392,85.88480831411269,19365000
2023-11-08,88.68915557861328,88.862421680875,87.50842703724808,87.60576529117395,15280000
2023-11-09,88.71349334716797,90.50649416305339,88.43899753605211,88.8225133814513,24486000
2023-11-10,93.20475006103516,93.34394369591789,89.37832498439238,89.72193861574216,36272000
2023-11-13,92.1739273071289,92.70637287093747,91.54608178080242,92.47762387160094,16893000
2023-11-14,94.70767211914062,95.07854075069305,92.98378910776673,93.67392751522716,23886000
2023-11-15,94.94518280029297,95.56329222552449,94.11876936251421,95.34524473319324,16099000
2023-11-16,93.4023666381836,94.29302631569401,92.5233887416366,93.83552826453666,26198000
2023-11-17,95.17198944091797,95.7715996434594,92.57009407156445,93.2719142718465,19789000
2023-11-20,96.92214965820312,97.32708332460977,94.71156801133249,94.71156801133249,18674000
2023-11-21,95.50975799560547,96.46368331311412,94.57821594712735,94.90624891870908,43344000
2023-11-22,94.6142349243164,96.17070401738802,94.51689665868246,95.7521427913718,33743000
2023-11-24,95.28295135498047,95.37931674603747,94.10319567850657,94.90235410418819,23158000
2023-11-27,92.4961166381836,95.49125640061388,92.40753414766452,95.01818520439022,96962000
2023-11-28,92.11746978759766,92.556468532402,90.93089657276163,91.4935231507796,39025000
2023-11-29,91.58015441894531,93.39067430865772,91.43803476411613,92.31117538477648,34843000
2023-11-30,90.11032104492188,91.73492015588481,89.39390045589246,91.59669938026761,49571000
2023-12-01,90.52595520019531,90.90557957950088,88.38448396173146,89.79201572372888,29612000
2023-12-04,89.93901062011719,90.62038588987092,89.20603649069861,89.61486907898431,25009000
2023-12-05,88.88286590576172,89.28682674503392,88.17520850318046,88.7349165015889,37066000
2023-12-06,87.96006774902344,89.64696685052849,87.90750346564673,89.58759252930827,24813000
2023-12-07,89.77255249023438,89.95360893380045,87.96008688765178,88.14503478226088,43517000
2023-12-08,91.91792297363281,92.54381534578914,88.63076080170917,90.31570712115634,69668000
2023-12-11,100.18595886230469,101.18563099511672,93.06555440822906,93.15510233615008,101184000
2023-12-12,104.37545776367188,105.06754934510919,99.73235523552957,100.06428709011008,90242000
2023-12-13,106.07014465332031,107.05229783286802,103.42736680947017,103.95884690752244,71654000
2023-12-14,107.70543670654297,109.16261402598425,106.12755759074118,106.31250544877123,66964000
2023-12-15,109.96859741210938,111.92901972512398,106.55002471792366,106.60843361216092,118544000
2023-12-18,111.64867401123047,112.11785373609118,108.88812052934269,109.0983776857486,54741000
2023-12-19,111.43648529052734,112.50040893025835,110.74512815375475,111.6731274649704,36020000
2023-12-20,108.58110046386719,111.61055161342328,108.47157912870945,110.76370847769992,34523000
2023-12-21,110.23468017578125,111.02969466342806,109.0328774809035,110.75882333027936,24106000
2023-12-22,109.71543884277344,110.69526692435426,108.88913461840225,110.30216139610891,19089000
2023-12-26,110.68450927734375,111.03752161554804,109.8171346032949,109.93643676319991,16793000
2023-12-27,110.12515258789062,111.43550666946332,109.81125609894985,111.08640369834089,20055000
2023-12-28,109.75747680664062,110.71872795244497,109.4289128031851,110.66494462136161,21247000
2023-12-29,109.15509796142578,109.95011234938502,109.000596798157,109.66457354877726,20558000
2024-01-02,106.13642120361328,107.76164178155416,105.32576185675718,106.79550391208622,28831000
2024-01-03,103.51571655273438,105.12138288809673,103.19594857206359,104.65200040742894,34735000
2024-01-04,102.57987976074219,104.58353805235475,102.41950711998906,103.45507301130547,25658000
2024-01-05,102.6063003540039,103.21062240807665,101.84649231280827,102.83316918862896,22475000
2024-01-08,105.1067123413086,105.41474481846996,102.8722682677321,103.31231572947421,33110000
2024-01-09,105.85381317138672,106.4464071690525,104.11515446837751,104.20413682529757,23225000
2024-01-10,105.66606140136719,105.89977158374693,103.90882582973363,105.6445525443219,17643000
2024-01-11,107.5641098022461,107.69318531948258,105.0734618772855,106.03275834322972,25757000
2024-01-12,108.31707763671875,109.10035667049233,107.56705041650211,108.74929898888553,26882000
2024-01-16,109.02897644042969,110.13201604119489,107.43210599025832,108.7727725910301,26145000
2024-01-17,107.92494201660156,108.8480546734526,106.60873132618217,108.18114584219981,18314000
2024-01-18,111.85990142822266,112.11805991489594,109.70565118444628,110.00096336483492,32228000
2024-01-19,118.44002532958984,119.00718621447996,113.04216014610208,113.17026579525755,53077000
2024-01-22,119.34944915771484,120.40848620859086,118.14861628864135,118.93384998647899,31222000
2024-01-23,119.91758728027344,119.98310610981795,117.68901450303264,119.39833824617321,16952000
2024-01-24,122.61260223388672,125.61271833705916,120.37718079422517,121.48120507763562,34805000
2024-01-25,120.2784194946289,125.26557944213964,120.16107200931263,125.26557944213964,36356000
2024-01-26,117.82199096679688,119.41886114510277,117.36728348726078,119.27120132960466,25818000
2024-01-29,119.08247375488281,119.6594154037643,117.83275183376169,118.80279895542566,21526000
2024-01-30,118.14274597167969,120.08284779050604,117.76430797870162,118.98469496766891,20683000
2024-01-31,115.38904571533203,117.07294360353015,114.83263558666104,116.31313565590023,27400000
2024-02-01,117.34577178955078,117.64695544891897,115.30202020056589,116.10778534207547,19411000
2024-02-02,119.72492980957031,120.73703218892312,117.8483923248919,118.20042728635542,26689000
2024-02-05,121.55941772460938,122.01413265191178,119.51077213276163,119.98113189759299,22045000
2024-02-06,119.55968475341797,124.3962455155297,118.51238322929154,123.56114531390915,25354000
2024-02-07,122.9245376586914,123.16411183336754,119.95571138814613,120.66956215283027,25768000
2024-02-08,124.65538024902344,126.72945175827431,123.7019552316686,123.89654957986427,29326000
2024-02-09,125.5041732788086,125.73006477134943,122.13540729938866,122.43268163758083,26293000
2024-02-12,123.70097351074219,126.15250559531248,123.11425101782726,126.14664157843328,24778000
2024-02-13,122.39551544189453,122.80817511958452,119.99385730578997,120.7790909573764,31907000
2024-02-14,123.42911529541016,124.4832655051082,121.385363820176,124.11558570678024,27306000
2024-02-15,123.70782470703125,125.16778588412188,121.73056173579114,125.1628992032951,21873000
2024-02-16,121.79216003417969,124.74534157005019,121.48999903552799,123.11815897085683,21268000
2024-02-20,119.94105529785156,121.03334413390209,118.57300844339974,120.85145515363521,26329000
2024-02-21,120.02906799316406,120.08773800724799,117.60296144688346,119.10497796843404,20579000
2024-02-22,127.60269165039062,128.19724028498706,124.82259560437909,125.33500324029427,40819000
2024-02-23,126.7685317993164,129.04209875078652,126.0302477366816,127.94199148568539,23115000
2024-02-26,128.01632690429688,128.96095589186626,127.26629972464877,128.1014073757558,16282000
2024-02-27,126.7548828125,128.2911210641962,126.36275463030184,128.01633291338337,12126000
2024-02-28,126.08893585205078,126.97880410430334,125.45820341818366,126.43901615210024,10967000
2024-02-29,127.17142486572266,127.9449229068937,125.87965523439684,127.44718283364028,27536000
2024-03-01,136.82110595703125,137.661092796137,129.07927575038434,129.6591568859766,44488000
2024-03-04,137.12327575683594,140.63482253997898,135.45404511763218,137.21031090762236,34854000
2024-03-05,131.30393981933594,136.4133341083469,130.28891275975442,136.4133341083469,36040000
2024-03-06,132.01290893554688,136.3967170567769,131.72540794888306,136.07891118616487,43196000
2024-03-07,137.58775329589844,138.3015966174961,134.25124713383795,135.1411154061032,62832000
2024-03-08,127.9762191772461,138.17349002670147,127.27802819732523,136.3399777251825,74025000
2024-03-11,126.45075225830078,127.02769394042083,122.4844982808772,124.96536541938883,31105000
2024-03-12,126.32950592041016,127.88530576406501,123.14163670744692,127.80804398105926,42789000
2024-03-13,123.00374603271484,125.44939905366583,122.46493542039032,125.44939905366583,37838000
2024-03-14,123.43401336669922,124.49598982354797,122.01023601572084,123.46041636421081,38029000
2024-03-15,120.81625366210938,123.93273252262047,120.28526915681093,122.57251184608312,88823000
2024-03-18,120.98639678955078,123.49366688794456,120.44465413871191,122.62336023645922,25737000
2024-03-19,121.06170654296875,121.28270390081717,117.73791284624063,119.00230242893993,24491000
2024-03-20,125.30802154541016,126.4854824078994,120.45577092664955,121.67644768589574,40946000
2024-03-21,132.37869262695312,137.8397941637135,129.2361748018171,130.44604004370004,72468000
2024-03-22,132.91587829589844,135.150008432483,132.19703185732791,132.5751110387582,38624000
2024-03-25,132.73025512695312,133.40392255469746,131.34458939351063,132.0870216370994,21237000
2024-03-26,130.7573699951172,135.51534495075745,130.66112320547717,134.01772812108405,23522000
2024-03-27,129.5042724609375,132.5751035964542,127.274068443189,132.5751035964542,25583000
2024-03-28,130.1602783203125,130.6198743092594,128.79720931250174,129.42276094611577,19856000
2024-04-01,132.60064697265625,133.84980226557025,130.1602822556618,130.18679020548504,17252000
2024-04-02,131.47129821777344,131.82580642779342,127.99979103139529,129.21554530494134,24694000
2024-04-03,133.87237548828125,135.20893650028765,130.14651780265632,130.41462419457088,28650000
2024-04-04,129.3834686279297,137.87612585104344,129.1379591997932,136.043646116741,27014000
2024-04-05,131.53707885742188,133.67792899691477,129.059402468459,130.21821483389454,19438000
2024-04-08,131.2100830078125,131.83858665766738,129.21163230646667,130.96948852000594,17139000
2024-04-09,131.01173400878906,133.50610400842842,128.51342303012214,133.29889542290383,17986000
2024-04-10,129.86175537109375,131.1757196657355,129.18513576088637,129.92362724004326,17467000
2024-04-11,135.76280212402344,136.68689407500696,129.9874409624638,130.8742209907966,31713000
2024-04-12,131.9927520751953,134.19644813122332,131.2611387105862,132.77249632066477,27823000
2024-04-15,128.71473693847656,134.53920398969095,128.2541668774874,134.53920398969095,24370000
2024-04-16,130.5187530517578,131.23171062843747,128.745192597342,129.17531374913193,18923000
2024-04-17,125.95912170410156,132.28049589168864,125.84029296601011,131.89849071890615,24718000
2024-04-18,123.63758087158203,126.94311751857362,123.29091714745614,126.48647353106524,24888000
2024-04-19,118.30708312988281,123.73676977272547,117.60492216729115,123.63758598725657,44797000
2024-04-22,120.24659729003906,121.1048988500601,117.8975645962357,120.25052328336511,25162000
2024-04-23,122.67518615722656,123.5305432909633,120.59621518465963,120.6109451531692,22025000
2024-04-24,123.42447662353516,126.25274285039691,122.25978270498462,124.1197595805285,20108000
2024-04-25,127.11692810058594,128.4534740075066,123.44213863011039,124.95939260444041,30410000
2024-04-26,131.9927520751953,133.14762349110603,127.97229508318145,128.64695157414482,24100000
2024-04-29,131.45755004882812,132.86776095518795,130.18876482023077,131.99374786906267,13372000
2024-04-30,127.69143676757812,132.41308872402243,127.57163401607932,130.50105479175267,22113000
2024-05-01,122.0535659790039,126.91563210474207,121.90527729649604,125.53685154701618,30958000
2024-05-02,121.63227081298828,124.17378238942757,120.13368001345442,123.37145610373601,29480000
2024-05-03,125.5152359008789,126.08187515319258,122.4738645791413,123.63856601709058,24898000
2024-05-06,128.67738342285156,128.7225473256102,125.21668064308741,126.31164305263638,16287000
2024-05-07,127.9703369140625,129.52981047912365,127.34673329841947,129.2793860360098,12413000
2024-05-08,130.1563262939453,131.38779934696245,126.53456797101468,127.02657578565493,13918000
2024-05-09,128.2217254638672,129.78708789838973,127.86131329053343,129.41588673599892,12170000
2024-05-10,130.885986328125,131.98586378114416,129.16840930605466,129.16840930605466,16300000
2024-05-13,131.34854125976562,133.39903361439355,130.6218279125299,132.37869492870215,18507000
2024-05-14,135.524169921875,135.7166484937107,130.19857479633558,130.8408193731264,19420000
2024-05-15,141.03733825683594,141.31034466707425,134.53722630489574,135.52122717986794,32757000
2024-05-16,138.676513671875,141.94374964731713,137.98221216623776,140.03860873297313,28395000
2024-05-17,137.02276611328125,139.4032219075876,135.6960200301013,138.70499443422128,18174000
2024-05-20,138.86309814453125,139.14887151884528,136.8135796348344,137.0924900126912,27170000
2024-05-21,137.40673828125,138.4074321231268,136.8430435036378,137.35567039348078,15333000
2024-05-22,136.7232208251953,137.97630193560323,135.9356246427233,137.0934479728425,21002000
2024-05-23,136.8263397216797,140.33319587249287,135.3248120745245,140.27722798935324,31039000
2024-05-24,138.25521850585938,138.81891328777408,136.70163384959503,137.46468519960462,16730000
2024-05-28,138.7079315185547,139.1724424950247,136.75269679382933,138.4673370400811,22919000
2024-05-29,136.56906127929688,137.39692147831138,135.81583991408857,137.39692147831138,26861000
2024-05-30,133.95782470703125,135.79423070498262,133.12897552493155,135.42301452093628,21717000
2024-05-31,130.46864318847656,133.80758109508457,128.37788662224511,133.69071534633494,73091000
2024-06-03,129.81558227539062,132.8697205056139,127.91337848787911,132.84026056968796,26278000
2024-06-04,130.6915740966797,130.80647685147267,128.3533449938298,129.66828324873256,23048000
2024-06-05,138.77078247070312,138.89451119934265,131.6460935723304,132.18229135565463,32947000
2024-06-06,137.61001586914062,139.71353925242389,136.33042667233838,139.6330114299605,20172000
2024-06-07,138.1373748779297,139.9403949490571,137.1926489429184,138.24932563547924,17859000
2024-06-10,141.4595947265625,142.30218482907176,138.38188565392548,138.44768350454112,31042000
2024-06-11,143.4786834716797,143.86954463455262,139.07915777467556,141.2367012041317,34844000
2024-06-12,146.86474609375,147.87526993376062,144.98807608768374,147.3056861491521,56697000
2024-06-13,164.8831787109375,170.4670506065517,162.28372134690113,167.9284761141277,89061000
2024-06-14,170.38746643066406,171.585553619838,165.188567613565,165.6560155194394,69705000
2024-06-17,179.60195922851562,180.98958825375075,174.66329877327126,176.76682228011722,87528000
2024-06-18,177.0142822265625,181.8360915783338,175.29474201441946,180.65469718929512,86797000
2024-06-20,170.34036254882812,177.23329890975737,169.12853411382468,177.1066031916637,68157000
2024-06-21,162.8837432861328,168.3212741572264,162.17568587547308,166.52021717848638,99289000
2024-06-24,156.85752868652344,163.63443019943074,156.70483069736113,161.76755522679298,58575000
2024-06-25,155.7324981689453,158.22002653582064,154.07842010557096,157.63779586784577,53329000
2024-06-26,156.8368377685547,159.41597254022676,155.02316214085232,157.39049197274448,46479000
2024-06-27,156.310791015625,158.17864328701629,154.76804208792237,156.8368610491816,31649000
2024-06-28,158.1697540283203,161.4897401569505,156.2457563982271,157.2190820426154,69377000
2024-07-01,161.64439392089844,162.4275911158845,156.9846103757121,158.432790859207,47623000
2024-07-02,163.2876434326172,163.45708738429374,159.79230573462783,161.6444038891847,32539000
2024-07-03,170.35513305664062,170.35513305664062,163.97526521538475,164.52104244951033,39954000
2024-07-05,167.8026123046875,173.92634580300182,167.08247548386956,172.95005878332074,45240000
2024-07-08,171.9944610595703,173.08207723988443,167.9691146867747,167.9691146867747,36398000
2024-07-09,170.75808715820312,174.46918356692657,168.02428497052406,173.0485871358842,37802000
2024-07-10,171.87918090820312,174.02682886142807,170.07339724850752,172.0082481329082,41074000
2024-07-11,168.06271362304688,173.8672519410798,164.37330867333603,173.84656751031767,51026000
2024-07-12,167.54254150390625,170.02907751089467,166.62043083702588,168.56315876007403,30453000
2024-07-15,168.87545776367188,170.93443041596313,166.747516968512,167.47653789804528,22999200
2024-07-16,166.86573791503906,170.24481597849407,163.9299620389396,169.84089838696323,22244900
2024-07-17,153.66464233398438,160.42281369617575,153.30013939190678,159.90068217233366,43343400
2024-07-18,158.13726806640625,159.1125630259725,151.6155241867383,156.531458745187,37973500
2024-07-19,155.01429748535156,161.51631785090515,154.78770078959985,159.43763815837224,26309500
2024-07-22,158.6692352294922,160.57059427337094,155.55613842091387,157.8515538823618,28813300
2024-07-23,161.33901977539062,162.8758608964105,157.52645542116446,158.01903347442925,21570200
2024-07-24,149.09352111816406,159.01405029738658,148.8570932739539,157.9697872326872,37162600
2024-07-25,147.04440307617188,151.27073142198208,143.35992865727997,149.01471539679088,30872100
2024-07-26,149.3792266845703,151.30027810437878,147.69460311194482,151.22146381122133,20839900
2024-07-29,147.9901580810547,152.699203276282,146.9360337848741,149.76344215781788,16625800
2024-07-30,141.38958740234375,151.19188618499845,141.2221126932384,151.00470414767864,31102300
2024-07-31,158.2948760986328,158.93523658772372,148.75857219587925,149.2215967688734,45827500
2024-08-01,144.837646484375,156.55115130175932,144.0002578300909,155.16207766538665,40320000
2024-08-02,141.68516540527344,143.19245311960273,137.52780522924533,139.82320584161846,33745800
2024-08-05,139.97096252441406,143.26137986828817,126.59254259986865,127.68606633178935,41309300
2024-08-06,141.78366088867188,146.69959512767082,138.1681398876435,139.62616667349542,24751300
2024-08-07,134.2472381591797,147.87195006454726,133.81376703061068,146.0494051009614,29749800
2024-08-08,143.57664489746094,144.09877638959105,136.34558822915886,139.1040281133463,27583200
2024-08-09,146.05923461914062,147.33009437702867,141.97084291097377,142.0595033501877,18438700
2024-08-12,146.41387939453125,148.88663056649528,144.19727840233006,145.8819017706095,17778500
2024-08-13,153.8419647216797,154.05870024447955,147.58621810250528,149.30039495584398,22053600
2024-08-14,155.34927368164062,157.8712709877291,152.42335875154697,155.67437701079433,20184200
2024-08-15,163.6639862060547,164.19596388098068,157.9599240211563,158.80715886069697,27945000
2024-08-16,163.2600555419922,163.62455845616878,160.2651728468666,162.0286105267601,19296900
2024-08-19,165.22055053710938,165.33876446907414,158.03875352444112,162.4128493946227,20441700
2024-08-20,163.4866485595703,165.8707244706085,161.71336460813606,164.5703262610826,19417500
2024-08-21,163.3191680908203,163.9989281676745,160.46222157055388,162.6689614927608,16097700
2024-08-22,159.93023681640625,169.86061205551246,159.0928631552294,168.30406362190902,30044500
2024-08-23,163.8905792236328,165.78207724516614,161.0336323752553,162.58031972819927,18848000
2024-08-26,157.2506103515625,163.24036118553568,156.30486892278668,162.51135529924784,18521200
2024-08-27,158.99435424804688,159.6248535978277,153.51688832827173,155.26061896449764,16683100
2024-08-28,155.83197021484375,159.87111586275947,153.93062633386594,157.7037756504362,18063600
2024-08-29,154.60055541992188,160.77748900973236,153.10312881753018,156.13741172073023,23519300
2024-08-30,160.4031219482422,160.8168857025775,156.3541298130385,158.7283445677515,25158500
2024-09-03,150.52198791503906,158.3539906242098,149.1329292938539,157.99933384103116,37179100
2024-09-04,151.83226013183594,155.44778137712908,146.93603289264115,148.0689714778306,20324100
2024-09-05,150.55154418945312,154.03898974700303,147.88176486748975,148.33494323282835,31548500
2024-09-06,134.9663848876953,141.3698994991553,134.5723284629826,141.1236104756376,76634600
2024-09-09,138.7296905517578,139.48824993280522,132.8975531552517,137.0450669903484,39516700
2024-09-10,146.00999450683594,147.63549608465522,138.94641192959094,139.12374784718887,36067500
2024-09-11,155.92063903808594,156.51172359865572,142.88701477711717,146.18729327804175,39700800
2024-09-12,162.11727905273438,163.85116334139798,154.50202690743893,155.75317931441077,43530700
2024-09-13,165.20082092285156,165.58503118220705,161.6049923102437,164.26492567901525,29850000
2024-09-16,161.58531188964844,163.0433387461317,158.02889767582795,162.7379427524382,26126900
2024-09-17,160.0583038330078,163.55561079919963,158.314573424325,163.03347929793506,19844300
2024-09-18,159.27017211914062,164.98408004768325,158.96477615778144,161.339005776259,26557600
2024-09-19,165.47731018066406,168.02737449755227,163.73773808587725,165.73428779459013,32453100
2024-09-20,169.1146240234375,170.023946869103,164.5383440289774,165.24009700210559,91758500
2024-09-23,170.9332733154297,171.3088687680607,166.39653752576007,170.0041783000153,29431100
2024-09-24,172.8112030029297,173.94786778072526,169.6878671199465,170.80475974914003,34223400
2024-09-25,173.4833221435547,175.08451931735237,171.74373500981832,172.62340711022614,16613800
2024-09-26,176.02349853515625,178.15843822447977,172.96935749949492,176.42874464948483,24340000
2024-09-27,170.68617248535156,176.39910232877392,169.76695601370506,176.10258039979982,20580900
2024-09-30,170.49835205078125,170.91347666335818,167.6616596573073,169.87565759105095,16902000
2024-10-01,165.52674865722656,170.25128230955397,163.87612845567332,170.16233025191076,23770400
2024-10-02,168.67970275878906,170.8343992821477,165.0819411162678,165.60578990705608,14317800
2024-10-03,169.8954620361328,172.91007416906655,167.2267946869759,167.65179791336143,13072300
2024-10-04,174.59033203125,174.84730965484394,170.59721738186622,174.25428088922757,17921400
2024-10-07,173.0484161376953,176.24093178160945,171.84257151397608,172.7914385437844,15588300
2024-10-08,178.6328582763672,179.49277330909413,172.8606275298251,173.38447635994135,20774200
2024-10-09,183.79229736328125,184.2568448520377,174.3728814005923,177.16016633313092,25504100
2024-10-10,183.53530883789062,184.14810970931555,180.41197295319688,181.4300199216682,16318000
2024-10-11,179.3741455078125,180.47126593806578,175.34148703665798,179.03809440564874,23070000
2024-10-14,180.19451904296875,182.803884555897,178.03982244382397,181.1730367659656,17195800
2024-10-15,173.93797302246094,179.5916009470547,171.35825813000915,178.69215671320333,27657500
2024-10-16,174.76824951171875,177.17004539839056,173.29553352361427,176.4386266713672,15285100
2024-10-17,179.42359924316406,183.35741273520114,178.59334987772087,179.26545219782278,25232400
2024-10-18,177.8026123046875,180.58989714912394,176.60664612890366,180.20442318997112,17835200
2024-10-21,177.9014434814453,179.61136474236568,176.18162860588387,177.29852117579415,13695100
2024-10-22,177.2985382080078,178.5933349850871,175.35139623459312,176.5868916450476,12062600
2024-10-23,171.49664306640625,176.9031722383196,170.5675631779394,175.52930193265448,19513700
2024-10-24,169.36170959472656,172.27747562132183,167.53317043341016,172.23793132412308,20485200
2024-10-25,170.9925537109375,174.7484625313388,170.71580396349287,172.16874767844214,19977700
2024-10-28,170.02394104003906,171.95131086867278,169.3617173082383,170.99256522129812,13195800
2024-10-29,177.16015625,178.13865892369324,169.22333525675472,170.43905846920444,23702300
2024-10-30,174.59033203125,177.11074575988133,173.5821635234512,175.41070281799762,17911500
2024-10-31,167.800048828125,172.42573640395284,165.43778220746466,172.42573640395284,26086600
2024-11-01,166.9599151611328,169.34195406313046,165.55639410746244,166.3075699289146,17847000
2024-11-04,166.59420776367188,170.44894749493406,166.46571141205268,167.31573287609143,13621300
2024-11-05,171.8821258544922,172.3763240485324,168.07680880942178,168.07680880942178,13441800
2024-11-06,177.46653747558594,178.11888257525155,173.91819880219796,177.545610979945,24300800
2024-11-07,181.67710876464844,182.72480635618726,179.68054415560994,179.8782354671475,18970600
2024-11-08,181.50909423828125,182.9027366279172,179.72009936501962,180.86664268195688,13503200
2024-11-11,176.833984375,181.4992160838324,174.76823974254023,181.27187407762887,17036700
2024-11-12,174.17518615722656,177.47642597045277,171.19022529746175,176.82408083416837,15862000
2024-11-13,171.5658416748047,173.5525129254634,170.59721746660475,172.68273438578103,17472500
2024-11-14,168.40296936035156,173.53274865999083,167.89887758624286,172.74202858983926,20638900
2024-11-15,162.92724609375,167.17735329456278,161.53360366015832,166.51512956865128,20836200
2024-11-18,163.74761962890625,164.4197369817483,160.33765527660663,163.73774109494212,17856900
2024-11-19,163.43133544921875,164.8645070784968,162.4033948438294,164.72613219874026,18003400
2024-11-20,161.35569763183594,163.61911854611574,158.9934310538489,163.61911854611574,17196700
2024-11-21,162.03768920898438,164.40983425784754,158.73644924010188,164.3208822119045,24835300
2024-11-22,162.32431030273438,162.99642758855978,160.51554337338786,162.3935052787776,17332500
2024-11-25,162.90748596191406,165.28950959093856,160.9998732538955,163.48074254595002,26850600
2024-11-26,162.8284149169922,164.43949066035128,160.80219944799626,162.69004003569023,16308800
2024-11-27,157.81724548339844,161.30628343853724,155.71195640388095,161.30628343853724,19722700
2024-11-29,160.19927978515625,160.80220215277004,157.23409078018312,157.71841041375197,11024000
2024-12-02,164.57786560058594,166.42617697216872,160.86150087162318,161.05917711902094,21472400
2024-12-03,166.19883728027344,166.31745509575282,162.12664921645168,162.5714245497387,17024400
2024-12-04,168.58087158203125,173.3548275510578,166.60407896951824,171.4274577702038,32748200
2024-12-05,168.49191284179688,170.3995103978738,167.23664535982417,168.7686625900181,18490000
2024-12-06,177.44679260253906,178.58344235372917,167.36515301401374,168.12622241393288,27830800
2024-12-09,176.86363220214844,178.69215626538133,173.97751688339852,176.87351073549456,20886300
2024-12-10,169.81637573242188,176.4287497757497,167.7605094994569,175.74675387614454,27762600
2024-12-11,181.07420349121094,182.72482354203433,174.38275615666598,177.92121680543144,41295200
2024-12-12,178.5636749267578,179.88812231761287,173.94786612544868,178.830531062559,46967200
2024-12-13,222.19149780273438,226.04623745361363,208.66034964399168,211.41796876627743,121336600
2024-12-16,247.0990753173828,248.95726518992336,228.1317478829436,229.10037203530317,111623200
2024-12-17,237.4424591064453,239.65647243603823,231.0870775965296,237.85758377791925,70382100
2024-12-18,221.0251922607422,237.0668762647475,216.6762542491529,236.6319794472422,53960100
2024-12-19,215.7866973876953,225.40378960647672,215.05527866260576,225.26541472137666,40845200
2024-12-20,218.22801208496094,227.61777691963988,216.36983729956972,217.80300891588513,131910400
2024-12-23,230.2692108154297,231.3097955113691,223.1138678435984,224.65989494605236,40643800
2024-12-24,237.53355407714844,238.07863161231856,232.69726688307333,237.96961610528453,22827200
2024-12-26,243.16268920898438,245.06549291323807,235.47218901402488,237.8506898638071,28459000
2024-12-27,239.58502197265625,243.5789303328946,234.2333874066111,243.44018469961608,29282200
2024-12-30,233.47027587890625,236.6317103990724,229.54573282439043,232.59815183964946,27316800
2024-12-31,229.76377868652344,235.33345967616555,229.23852625314686,233.7676073781623,17927700
2025-01-02,229.9025115966797,237.35517088324633,228.17810374943434,234.0450856994073,31525800
2025-01-03,230.46742248535156,234.37214059044996,226.94921116556216,231.49810220546215,24973200
2025-01-06,234.29286193847656,239.5850365730726,231.2107125694037,234.38205232484663,34028400
2025-01-07,226.59243774414062,237.35518275276323,225.56175800931098,237.35518275276323,25928600
2025-01-08,227.25643920898438,230.38814383496705,224.03554419658755,227.64294600558634,18756500
2025-01-10,222.3011932373047,225.78967417210598,219.2685994341643,225.26442178775233,23864000
2025-01-13,223.2724151611328,227.20686314885705,217.54417899645338,218.01989125805056,23772100
2025-01-14,222.68771362304688,228.19791905646377,221.10205137173838,224.5409772667198,18143100
2025-01-15,225.9581756591797,228.27721646426272,223.55984946903303,226.50325323015414,21745600
2025-01-16,227.3555450439453,236.46324732661697,227.15733914861,233.11351174353018,23471900
2025-01-17,235.31362915039062,235.96772220710642,230.57643723443132,234.95685249419475,31196600
2025-01-21,238.15792846679688,240.5760797414127,235.27398501442437,239.33727397549399,30903200
2025-01-22,238.75254821777344,244.7781009481159,238.53451720513203,244.54024481010532,29610500
2025-01-23,238.12818908691406,238.24710959673718,234.0054400287915,236.27494057218334,17653900
2025-01-24,242.5085906982422,247.35479778973527,239.74358314484718,242.5085906982422,25387800
2025-01-27,200.31983947753906,216.47385352442137,194.4726675666414,211.4889006539896,90569400
2025-01-28,205.5030059814453,208.0698078301664,197.10885712729012,206.14717891356318,50316000
2025-01-29,204.50204467773438,209.55636270407408,200.9541034480479,206.96973587761653,32533700
2025-01-30,213.7286834716797,219.97226751719148,211.78622938915623,216.61262690597016,42449500
2025-01-31,219.28843688964844,224.7689121682608,214.36294415234264,217.69285452232205,41104700
2025-02-03,215.78013610839844,218.96139592201595,211.59792669467845,213.53047575867046,24507300
2025-02-04,220.4380340576172,221.03266684202924,213.37189663314714,217.3856301225789,23768500
2025-02-05,229.92233276367188,235.7992196140474,225.46263234368686,231.84496158649665,29196000
2025-02-06,229.28807067871094,232.69726639464838,226.51314287814745,232.39995000134874,21169500
2025-02-07,222.85618591308594,233.53964508623997,222.10299748961444,232.89547216952067,22117500
2025-02-10,232.93508911132812,233.70811772203118,225.08601860442525,225.39323997524713,23901600
2025-02-11,232.93508911132812,235.75957194256299,227.91050143566014,230.39801764915413,18476200
2025-02-12,234.23338317871094,234.3622086859115,227.94024429814544,228.29702093758465,16397300
2025-02-13,233.6883087158203,234.8280039033728,228.66370557146226,233.94597485573362,20962000
2025-02-14,230.95301818847656,233.6288506049063,226.85009430466158,232.42968003055415,16988800
2025-02-18,226.48341369628906,230.12054544267565,222.2912994119015,228.03936092517188,26080500
2025-02-19,226.68162536621094,227.01859202042505,222.39040046682635,225.80951640802843,16375500
2025-02-20,224.70945739746094,226.92938761686455,220.75518401093754,226.60234108515445,16104000
2025-02-21,216.7018280029297,225.7104202921933,213.69896390650848,223.6292204667677,24883600
2025-02-24,206.06788635253906,217.51445394777917,205.68137958230633,216.642345025439,33050400
2025-02-25,200.72616577148438,206.77154385447642,199.12067836543815,205.14623132231566,33100800
2025-02-26,211.0330352783203,211.6276529530181,204.1551834737872,205.0570376708734,21368300
2025-02-27,196.0286102294922,217.28651228367212,195.63218334588487,215.33415335805682,27572900
2025-02-28,197.6439971923828,199.388245188928,191.42023894794775,194.00686569542538,39747200
2025-03-03,185.6920166015625,202.23255292644944,182.87745364662337,202.17309267167667,37435600
2025-03-04,185.801025390625,192.2130847488526,178.86371363804463,187.5254483273795,37910500
2025-03-05,189.86431884765625,192.3419302506341,185.42444344771909,190.1418101150186,25644500
2025-03-06,177.84295654296875,185.15687078081336,176.0194380457626,179.41871388168033,56864100
2025-03-07,193.2140655517578,193.72939786563717,179.93405858540086,186.0488020692706,74528900
2025-03-10,182.79815673828125,190.2607206844505,178.81415357620975,187.90204503508303,44217100
2025-03-11,188.38766479492188,193.868140235085,183.69012305886238,186.36594046026116,42153200
2025-03-12,192.49058532714844,198.1890916854749,190.72652717729858,194.4627694933919,30409700
2025-03-13,189.6462860107422,194.56187364072244,187.7732124129884,191.42024910447395,27236100
2025-03-14,193.78884887695312,195.73130289103105,191.46980820872236,194.44294192352282,25900900
2025-03-17,192.75816345214844,194.95828354553797,185.82085165695545,186.3659291795771,26830600
2025-03-18,186.98036193847656,191.1625708921297,185.22620895862102,188.7345149183321,24951000
2025-03-19,193.81858825683594,196.49440549469347,185.22621877379206,187.64436987480715,37962700
2025-03-20,189.405029296875,192.68537566363145,187.81456890274092,190.37920278337236,31430000
2025-03-21,190.51837158203125,190.92593303750039,186.25391668046277,187.0889247074457,43086500
2025-03-24,190.11080932617188,195.51840810720242,189.53426230649885,193.14264487449591,33180300
2025-03-25,187.13861083984375,190.45872742663622,186.56206382977678,189.7529499168252,23417300
2025-03-26,178.20216369628906,186.93979846581837,176.52222793161485,185.548143779762,30578500
2025-03-27,170.96554565429688,177.3174829616382,169.44466032492642,176.60177043394623,32151700
2025-03-28,168.1126251220703,172.26773467268714,165.47841601990734,170.90588481814865,30391500
2025-03-31,166.43267822265625,166.93965006119086,159.66324513451602,163.51020338452625,35656400
2025-04-01,167.51620483398438,167.70507551453636,162.44657722045892,165.37900233624754,20472400
2025-04-02,171.06492614746094,172.39694067158848,164.5141837403319,165.09073073612564,19523700
2025-04-03,153.09262084960938,162.45650799667598,152.78446981789182,159.58372313468178,44354900
2025-04-04,145.41860961914062,151.88984218576314,138.34102510923265,147.28741615877223,72302200
2025-04-07,153.22186279296875,159.474389665116,137.27741190274102,143.62934919095161,68503500
2025-04-08,155.10060119628906,168.7686988898971,152.17811097166458,166.62156135736896,58888200
2025-04-09,184.04713439941406,186.2141569570814,156.57177469019106,159.54396999667875,72708300
2025-04-10,171.273681640625,175.89597740470617,165.40881645293535,174.25581185432864,51212200
2025-04-11,180.85626220703125,181.57197468264695,172.27766264129502,172.58581367453812,33964100
2025-04-14,177.29759216308594,184.89208359208797,174.7727284481235,183.9775654288772,25748300
2025-04-15,177.88406372070312,181.17434495383753,177.0192508148541,178.6594163606847,17242400
2025-04-16,173.56991577148438,175.0311607584241,165.92571972674614,169.41480654182155,34638600
2025-04-17,169.9714813232422,175.20014398981402,168.90784763658527,175.20014398981402,22501800
2025-04-21,165.219970703125,166.9993018284933,160.64736470494694,165.99532339103962,23469800
2025-04-22,168.56988525390625,169.5042884970676,164.23585532904437,166.43268279674174,18504900
2025-04-23,175.85621643066406,179.37512329066433,174.77271279640473,176.72102930983826,24380500
2025-04-24,187.02926635742188,187.44677794816178,177.2379476166406,178.6196673855301,27576900
2025-04-25,191.16448974609375,192.2181733558548,185.77677617142373,185.80659626091514,21242300
2025-04-28,191.3235321044922,191.9497842926685,186.5620557818819,189.39508550488122,16385800
2025-04-29,190.03128051757812,192.09889267021788,188.9676619357672,190.5780074371534,14630000
2025-04-30,191.3235321044922,192.0491795307309,182.9238685093533,184.7926597646488,22768900
2025-05-01,196.15460205078125,200.20035113371952,195.0710982960973,196.95977484404,24939700
2025-05-02,202.427001953125,204.4548438611689,199.8822532183644,202.68544778253386,17766800
2025-05-05,199.52439880371094,202.01944235657737,198.8086863195287,199.05719717742812,14025400
2025-05-06,198.8981475830078,200.7073139181569,194.7728733884017,195.26989510668673,16348800
2025-05-07,203.5900421142578,205.001582031566,197.24803987674807,198.1029178737544,20253700
2025-05-08,206.53240966796875,209.9022163210932,202.47671061473858,206.7610354120376,18460900
2025-05-09,206.9598388671875,208.70936500953886,205.28985318719646,208.08311279559274,13289200
2025-05-12,220.2601318359375,220.4788225908599,214.59408765817133,218.1825848320729,25437700
2025-05-13,231.0355682373047,233.878533005299,220.6776376936342,220.6776376936342,28790500
2025-05-14,230.73736572265625,232.10915056688648,226.98983275644693,228.8586241684668,19751400
2025-05-15,231.2542724609375,233.06343885854758,226.71150168628188,228.78904890014428,18803700
2025-05-16,227.24826049804688,231.2542541551896,225.04148295392625,230.93616815699212,23094600
2025-05-19,229.25624084472656,229.8725429168733,220.2800298958261,220.52854075303352,15355500
2025-05-20,230.2999725341797,230.3894479696874,224.99178430547127,225.14089991938488,11787200
2025-05-21,228.36158752441406,235.09126563331813,226.47291111925512,227.02957300002203,17642900
2025-05-22,229.15682983398438,232.29801070114792,226.0752891455304,226.97987230369,14340200
2025-05-23,227.35760498046875,229.27610143925486,224.8327262802185,225.58820896276507,15385600
2025-05-27,234.246337890625,235.07139579176155,229.75327232227366,231.48289825448072,17941700
2025-05-28,238.00379943847656,239.55451985391173,233.0335825333463,235.737381743169,20443000
2025-05-29,240.52870178222656,244.60428611252675,235.98591580345146,244.44523551562045,20743700
2025-05-30,240.62808227539062,241.72152086537886,233.500778070811,239.78313935630607,27088600
2025-06-02,247.22854614257812,248.51085548299486,241.7414222065019,241.801062384954,19197000
2025-06-03,255.32005310058594,256.3439165881252,247.9144176437091,248.59037504233706,30380200
2025-06-04,259.5248107910156,263.84890520275707,256.05560938982757,256.5228109531338,31536000
2025-06-05,258.3817138671875,263.3121913581494,257.51690089535253,261.3837445846279,41970900
2025-06-06,245.45913696289062,253.7991759042738,244.66391435297146,249.64406647832072,41146700
2025-06-09,242.82493591308594,246.69176437719915,239.67381995572012,243.59035362656013,25334100
2025-06-10,243.1728515625,244.81301717121605,239.9620803306559,242.7652901118351,25491300
2025-06-11,251.4035186767578,253.25243999822533,242.3477827413393,244.89253140574652,24599000
2025-06-12,254.54470825195312,256.3538745740875,248.0138356400778,248.69972803324086,20410900
2025-06-13,247.21859741210938,252.4870306120026,246.87069131318654,249.1669292040933,19028400
2025-06-16,250.59835815429688,253.66994875418058,248.08342945586662,248.85878212830525,20363000
2025-06-17,247.8845977783203,252.44726851144554,246.44323788205094,249.4551881703037,22014300
2025-06-18,249.7633514404297,254.11726659912372,247.92438016121775,249.39556021816716,30435500
2025-06-20,249.08583068847656,252.60306201352853,243.2868734217402,252.29418566768663,42134900
2025-06-23,252.85214233398438,253.29055332846227,245.56858434041575,248.20899346134024,19747000
2025-06-24,262.81597900390625,264.9083897518971,257.8340631311668,257.8340631311668,32764900
2025-06-25,263.6927795410156,268.8939005039471,262.47719095099103,265.0379027983115,18894200
2025-06-26,269.1928405761719,270.68741525432085,263.17467802480945,264.12122374331733,23569600
2025-06-27,268.37579345703125,270.86675120137494,265.9147259893317,269.3223391555624,27477600
2025-06-30,274.65301513671875,276.7055620373892,271.14575731970547,273.7363596469909,24708400
2025-07-01,263.7824401855469,273.50714853025937,261.7099768108234,273.4075041433443,28847600
2025-07-02,268.9237976074219,271.01620823775625,261.77974767565695,263.03516972809786,17582100
2025-07-03,274.1846923828125,274.8024450356559,269.14299636207227,269.7508058608756,10592700
2025-07-07,273.1883239746094,276.55610387696515,271.67383253760704,274.1349001272362,16760600
2025-07-08,270.81689453125,275.3504555476737,270.1692516452457,275.3504555476737,14869400
2025-07-09,276.8948669433594,278.43927904586025,271.73360960536064,271.97273182729106,20133000
2025-07-10,274.4039001464844,280.1629932584368,271.7136840160203,278.7780365587177,17891600
2025-07-11,273.3876037597656,275.47004081973523,270.9066195355262,273.1484815426436,14274700
2025-07-14,274.6031799316406,277.35317652552436,268.60493439491546,273.1384956037424,11934200
2025-07-15,279.9238586425781,282.335088614007,276.8450386433714,278.79794092230685,17918400
2025-07-16,279.7943115234375,280.49179179560423,274.672918646978,279.09683125127077,15031000
2025-07-17,285.4139404296875,287.2373080549828,278.89758668660966,280.1231488001347,17231100
2025-07-18,282.315185546875,286.4900331927288,279.9836527281804,286.0715389091275,15012400
2025-07-21,287.1675720214844,289.489161731407,282.6041506868929,282.93294373906576,17726800
2025-07-22,277.5823669433594,286.9583356565573,275.43017577707127,286.60959548664596,16564800
2025-07-23,282.6639404296875,282.97281677598664,272.01260204170546,275.7789291613795,20556200
2025-07-24,287.665771484375,290.1467862113425,282.4746237731423,288.7418823172575,16413800
2025-07-25,289.13043212890625,291.53171897791543,286.23095374459723,287.0280784453959,12476200
2025-07-28,293.23553466796875,294.38139956068517,289.5389618746707,291.4021934097013,13683400
2025-07-29,296.34429931640625,301.0970361471004,293.80350395844147,296.42399659178324,19210800
2025-07-30,301.52545166015625,302.16315144554056,294.73011155725163,296.0752348361971,16738900
2025-07-31,292.6377258300781,305.83980177863236,289.18027528990467,301.7047876274771,25488500
2025-08-01,287.5960388183594,291.5815713048187,280.5914362824954,285.5036281815283,21428100
2025-08-04,296.6431884765625,297.400449390253,290.34603975909465,291.1431645122426,17164600
2025-08-05,291.8704833984375,300.1105907915103,290.39585592554363,296.7328376118884,18477500
2025-08-06,300.5788879394531,301.714748804207,290.844206084661,291.8405891342194,17392100
2025-08-07,302.6613464355469,309.2175339897491,298.79537506257185,305.0626334049917,16319400
2025-08-08,303.866943359375,306.7564481551199,301.45568297235053,302.9502575639977,12458700
2025-08-11,302.8008117675781,307.19486479687686,300.20026652563314,303.9466462275217,12396400
2025-08-12,311.6985168457031,312.3063263582977,303.5680573762634,305.5209597698995,17609600
2025-08-13,307.9720458984375,316.2021799590679,303.64774693306185,315.604344023125,17371200
2025-08-14,310.1043395996094,313.0337085014843,305.889627916577,305.89960147840947,15717600
2025-08-15,305.2320251464844,310.3733660956816,298.675837084531,309.9050647764562,22806900
2025-08-18,304.65411376953125,305.06263449929554,297.9185541199927,301.605183842217,14724700
2025-08-19,293.8433532714844,301.80444477031716,291.33247872403075,301.3262003272975,20149600
2025-08-20,290.11688232421875,294.4212342322375,280.85050119502444,294.3913439553484,23600500
2025-08-21,288.55255126953125,291.33246862703726,285.1349645410327,289.0108789806071,14946300
2025-08-22,292.9366149902344,299.0045840804541,287.96467333005705,290.69475314081933,16301300
2025-08-25,293.1658020019531,297.3207023810555,290.6548972017836,291.7509246616038,15124700
2025-08-26,296.93212890625,299.16401725639395,292.9266494976974,293.28536321522665,25689100
2025-08-27,299.1640319824219,300.0906609869209,292.71743197537194,296.4538686779001,13830300
2025-08-28,307.53363037109375,309.87513668147704,301.23648203212196,301.8343179592494,18907100
2025-08-29,296.31439208984375,305.899592885595,292.59787208762094,305.899592885595,21610700
2025-09-02,297.16131591796875,297.62961723838333,286.1313770004628,288.29351151701366,19693000
2025-09-03,301.2962951660156,303.3488418851159,295.3279398199263,301.1966507762421,18529400
2025-09-04,304.9928894042969,307.66318895826834,301.15680818142255,303.9566424105166,31220800
2025-09-05,333.6787414550781,355.05114009731574,330.22129098021907,354.49316800977635,78401600
2025-09-08,344.3998107910156,352.8890142231355,340.01573125336444,341.51030589623633,43535600
2025-09-09,335.45233154296875,349.7105721166718,334.6153429310139,348.28572108973026,26972300
2025-09-10,368.23333740234375,371.6210341170062,349.282109947066,350.2486028434186,51086800
2025-09-11,358.32928466796875,372.8764850466621,357.462436174312,369.83749813065486,29430900
2025-09-12,358.5683898925781,363.0720610727096,355.86820014112755,361.5974031029108,31949800
2025-09-15,362.77313232421875,364.17803619479184,355.05116302049885,358.56839427416327,21792200
2025-09-16,358.6979064941406,364.3673286154711,355.6987837123167,364.108259286033,21306500
2025-09-17,344.9179382324219,358.62814849980543,340.26481594992777,357.5520681711368,45197100
2025-09-18,344.1009216308594,349.43157748264656,342.54656637339025,348.73409712551546,24663900
2025-09-19,343.6923828125,345.01755893268125,335.21315305253,343.4034232046415,41240100
2025-09-22,338.14300537109375,346.007961438887,337.2946225641125,341.7760380534867,28660000
2025-09-23,338.292724609375,344.56073039886326,336.3763778545622,339.59022979989425,21944100
2025-09-24,338.6620178222656,339.43053638920253,333.17252116309095,339.1111706417358,19677300
2025-09-25,335.4581298828125,337.41437819036025,326.67491764900683,332.3540534519229,21678200
2025-09-26,333.8911437988281,338.4324424387367,329.9486749660252,336.78559955059944,15464700
2025-09-29,327.2738037109375,340.3986850814345,326.92446601361576,335.3583412434885,21336000
2025-09-30,329.27996826171875,330.41777534323023,323.99007149680943,329.4895586921265,20109500
2025-10-01,332.7533264160156,337.3046155650654,323.88028938377545,327.52331274107087,21122700
2025-10-02,337.5341491699219,346.94613279826723,334.6097520846038,346.94613279826723,19917600
2025-10-03,337.7237854003906,343.7422682537494,335.0988032286194,340.84781268590405,14749100
2025-10-06,334.84930419921875,343.47281899105866,333.9210875326703,335.2785061762593,18465700
2025-10-07,335.7675476074219,337.4642827717498,325.9563033065211,336.38635869437076,18086700
2025-10-08,344.8401794433594,345.8782018261481,331.9847722218821,333.18249269889185,21478300
2025-10-09,344.361083984375,346.6467191648675,339.74991194444385,345.0897008256517,17643700
2025-10-10,324.0100402832031,349.9304450982553,323.4311308853702,344.73040346364303,28941000
2025-10-13,356.018798828125,358.6936733463407,342.8639463884139,352.0962810574937,45984300
2025-10-14,343.4728088378906,350.00032771992784,339.0013534714144,349.46135044654557,22078000
2025-10-15,350.6590270996094,358.7136225658441,346.8363549208457,353.7930450422342,23918500
2025-10-16,353.4736633300781,362.5463002369994,348.822559012796,356.1185964559741,20317200
2025-10-17,348.6628723144531,350.29975503263256,340.1292124033727,348.9423363810571,20937900
2025-10-20,348.5730285644531,355.9089979812152,347.17570830871205,353.12431765989385,15640200
2025-10-21,342.005615234375,350.4294995415704,340.6581872793508,349.3315941537989,16092600
2025-10-22,339.6501159667969,347.3454140892065,334.8692853737159,346.6367480474716,19268800
2025-10-23,343.63250732421875,345.9081519197073,339.7499215564238,339.7499215564238,12859200
2025-10-24,353.4537048339844,357.615724116075,350.2099115239806,351.8368035037162,16143700
2025-10-27,361.35858154296875,362.05725693787093,354.4018909218209,360.84957620143024,20065800
2025-10-28,372.2577209472656,373.3456356622722,361.8376563232959,361.9274807904839,21056000
2025-10-29,385.2428894042969,385.74193453414676,372.4773064541324,372.4773064541324,24975200
2025-10-30,375.75103759765625,385.6620664689169,369.3532754406913,385.6620664689169,24295300
2025-10-31,368.9241027832031,378.09655458766673,364.40275518375444,377.54758667637077,21598400
2025-11-03,361.85760498046875,374.13413323017323,361.28871669170906,371.289569949187,17198900
2025-11-04,351.26788330078125,368.24540811707857,350.32967603363403,357.8353037115148,24047500
2025-11-05,358.2944641113281,364.17320009440454,349.4214267919185,350.2199173013735,17087600
2025-11-06,354.9109191894531,362.8058169633589,352.0364143081127,359.42227629198584,19896900
2025-11-07,348.7626647949219,353.82298961530716,336.62588383734607,353.51358407805725,21903200
2025-11-10,357.7055969238281,359.3125076849558,353.93278635220935,357.21651196493383,16409000
2025-11-11,351.287841796875,361.19890129590146,349.00223701645064,358.2844643145674,16446800
2025-11-12,354.5416259765625,358.184649360429,351.0083779016386,357.35624784064254,12190500
2025-11-13,339.33074951171875,352.8748116678882,333.52185668369225,350.9085725680634,22616600
2025-11-14,341.80596923828125,344.0816137283381,328.4315663420069,330.8369674345405,18500800
2025-11-17,341.9956359863281,351.52741664873565,336.8754278621148,339.17105383295115,14799600
2025-11-18,339.8497314453125,347.30546686014986,334.86927082543855,342.54458731450086,21726800
2025-11-19,353.7431640625,359.0030887779281,337.154878322139,340.0593246396941,21851900
2025-11-20,346.1576843261719,375.36178572181956,344.5208016176336,365.30104892403585,28867000
2025-11-21,339.5503234863281,347.93427569823666,331.16634081512166,344.5008427180449,30280300
2025-11-24,377.2381896972656,381.27048291428184,346.99606671788854,347.06594034697866,47262400
2025-11-25,384.2947082519531,387.3887942839682,371.04007024282095,384.1948931297658,33507600
2025-11-26,396.8107604980469,399.10635596161484,382.5280910075386,384.81369582131686,28693000
2025-11-28,402.1904602050781,402.2303923458253,396.40154862798926,398.5873688295901,13365500
2025-12-01,385.3426818847656,394.66487190377194,384.3645729043559,394.09595313396335,23252000
2025-12-02,380.84130859375,392.74851810955937,379.0647091457051,387.5684272128699,22207000
2025-12-03,379.88311767578125,381.5698926449878,369.94214725566906,379.274297240148,21336400
2025-12-04,380.3023376464844,383.15689168218967,375.8109313926675,379.9529999571057,15845900
2025-12-05,389.4947509765625,392.77847660946213,384.4144749779196,385.43254658323315,24779900
2025-12-08,400.3340148925781,406.5121961238282,396.6410686959877,401.71138434383937,30410600
2025-12-09,405.51409912109375,406.15286104685873,394.7546873669902,397.9884900533008,24546000
2025-12-10,412.18133544921875,413.81818763503134,398.79694142183473,401.43191432587605,31531000
2025-12-11,405.59393310546875,408.51833024999127,393.43720107819075,404.05686558016885,45681600
2025-12-12,359.24261474609375,381.2704737741121,354.4717445910618,379.2343611447257,95588500
2025-12-15,339.1610412597656,361.3086660726182,336.8654458966141,361.198890766926,65894900
2025-12-16,340.648193359375,346.83636515155337,334.42011988751364,335.37827800796214,58061100
2025-12-17,325.3973693847656,345.9480437905322,320.80617864389535,345.9480437905322,73300900
2025-12-18,329.2500305175781,335.3882797237394,323.01196619032106,335.3583382333405,54501900
2025-12-19,339.7099914550781,342.79411720970523,331.9448503322005,332.7034086883467,159095200
2025-12-22,341.45001220703125,346.239990234375,337.2200012207031,346.0299987792969,28739600
2025-12-23,349.32000732421875,350.1099853515625,338.5400085449219,340.80999755859375,28232600
2025-12-24,350.2200012207031,352.8599853515625,347.1400146484375,350.69000244140625,11424400
2025-12-26,352.1300048828125,353.25,347.75,351.05999755859375,15028100
2025-12-29,349.3900146484375,350.3299865722656,344.69000244140625,348.7200012207031,21946900
2025-12-30,349.8500061035156,352.67999267578125,349.29998779296875,349.9700012207031,16633600
2025-12-31,346.1000061035156,349.8800048828125,345.4200134277344,349.7300109863281,15346100
2026-01-02,347.6199951171875,360.6600036621094,345.55999755859375,352.7799987792969,25398600
2026-01-05,343.4200134277344,355.0299987792969,336.5,354.739990234375,31136000
2026-01-06,343.7699890136719,349.04998779296875,338.0,343.6000061035156,27135500
2026-01-07,343.5,349.70001220703125,335.8800048828125,341.70001220703125,20249300
2026-01-08,332.4800109863281,343.67999267578125,330.5,342.7799987792969,24385200
2026-01-09,344.9700012207031,347.3900146484375,333.5,337.9200134277344,22482500
2026-01-12,352.2099914550781,353.8999938964844,340.95001220703125,340.95001220703125,20949600
2026-01-13,354.6099853515625,359.489990234375,350.9100036621094,352.8800048828125,18308000
2026-01-14,339.8900146484375,350.69000244140625,334.4200134277344,348.9700012207031,30094700
2026-01-15,343.0199890136719,349.67999267578125,341.6700134277344,349.1199951171875,22218800
2026-01-16,351.7099914550781,354.510009765625,344.04998779296875,346.2699890136719,31291200
2026-01-20,332.6000061035156,345.3999938964844,331.79998779296875,344.1000061035156,32293900
2026-01-21,328.79998779296875,335.79998779296875,324.20001220703125,335.510009765625,32006600
2026-01-22,325.489990234375,336.989990234375,324.8900146484375,335.3500061035156,24275400
2026-01-23,320.04998779296875,321.989990234375,314.1099853515625,319.29998779296875,30259500
2026-01-26,324.8500061035156,328.67999267578125,317.6000061035156,319.79998779296875,25006400
2026-01-27,332.7900085449219,334.760009765625,327.0199890136719,329.760009765625,25537600
2026-01-28,333.239990234375,339.989990234375,326.70001220703125,338.8500061035156,23001700
2026-01-29,330.7300109863281,335.95001220703125,320.2799987792969,332.55999755859375,20447500
2026-01-30,331.29998779296875,338.20001220703125,328.3299865722656,332.44000244140625,28313000
2026-02-02,331.1099853515625,336.05999755859375,325.75,326.1099853515625,17278200
2026-02-03,320.3299865722656,338.8999938964844,308.6499938964844,336.739990234375,36914800
2026-02-04,308.04998779296875,319.510009765625,295.29998779296875,319.510009765625,43330300
2026-02-05,310.510009765625,326.5299987792969,306.70001220703125,314.3399963378906,42775800
2026-02-06,332.9200134277344,335.0,316.29998779296875,320.1000061035156,33003400
2026-02-09,343.94000244140625,352.3399963378906,330.6499938964844,330.7699890136719,30091000
2026-02-10,340.44000244140625,348.010009765625,339.8399963378906,347.4700012207031,19542700
2026-02-11,342.760009765625,347.20001220703125,333.739990234375,346.79998779296875,17004700
2026-02-12,331.1700134277344,346.2900085449219,329.55999755859375,343.8299865722656,22007300
2026-02-13,325.1700134277344,334.32000732421875,324.69000244140625,329.8500061035156,18397200
2026-02-17,332.5400085449219,335.75,316.30999755859375,319.67999267578125,23469700
2026-02-18,333.510009765625,337.8800048828125,327.2300109863281,329.5199890136719,13565300
2026-02-19,333.989990234375,338.44000244140625,329.67999267578125,333.010009765625,15180900
2026-02-20,332.6499938964844,340.1099853515625,329.5799865722656,332.3599853515625,17658900
2026-02-23,330.3399963378906,338.5,325.32000732421875,332.25,16472400
2026-02-24,325.489990234375,328.30999755859375,314.45001220703125,322.5400085449219,23614400
2026-02-25,332.30999755859375,335.9100036621094,329.2799987792969,330.739990234375,20182300
2026-02-26,321.70001220703125,326.5799865722656,307.92999267578125,326.5,33025300
2026-02-27,319.54998779296875,320.0,310.0,310.70001220703125,28004200
2026-03-02,318.82000732421875,320.0400085449219,307.20001220703125,309.3599853515625,20567200
2026-03-03,313.8399963378906,315.8800048828125,307.3999938964844,313.0,20826200
2026-03-04,317.5299987792969,322.6400146484375,311.739990234375,315.67999267578125,34895800
2026-03-05,332.7699890136719,336.1199951171875,323.0299987792969,330.17999267578125,57076600
2026-03-06,330.4800109863281,343.510009765625,327.3999938964844,328.2799987792969,39152200
2026-03-09,345.75,348.489990234375,323.610107421875,327.25,38913091
