Price,Close,High,Low,Open,Volume
Ticker,BXP,BXP,BXP,BXP,BXP
Date,,,,,
2018-01-02,90.49340057373047,91.2703786895882,90.22040884009643,91.2703786895882,690000
2018-01-03,90.54238891601562,90.85737768119711,90.10839418895925,90.69638532225436,570600
2018-01-04,88.53346252441406,90.29740957089663,88.51945993539412,90.29740957089663,2079000
2018-01-05,89.49942779541016,89.57642600936772,88.56145198011916,88.77844937419171,860900
2018-01-08,88.7154769897461,89.59745341713989,88.07149657501225,89.27546320977297,724300
2018-01-09,87.77748107910156,88.47746098349563,87.65148448269372,88.23246908504228,598900
2018-01-10,87.25249481201172,87.48348945861889,86.53151637601611,87.48348945861889,582600
2018-01-11,86.69952392578125,87.60249877390744,86.60852844760058,87.43450506787251,447800
2018-01-12,85.6285629272461,86.98652062652168,85.5585659885905,86.79052706211638,636800
2018-01-16,85.08954620361328,87.17548844135067,85.00555204210293,85.91552261447275,825900
2018-01-17,85.74755859375,85.81755553268047,84.59959170593291,85.62856326352576,844400
2018-01-18,84.8235855102539,85.6145610706621,84.47359547354556,85.44656734836084,1080900
2018-01-19,85.36253356933594,85.6145267218996,84.62055669813293,85.1595441290582,1061300
2018-01-22,86.426513671875,86.57350880077934,85.18754633616015,85.36254130015426,1067100
2018-01-23,86.90251159667969,87.00050836214824,86.2935271194767,86.53152307877401,1083200
2018-01-24,86.26551818847656,87.23848978623849,86.02052630062691,86.85350405973836,603800
2018-01-25,85.87354278564453,86.53152566524928,85.04756620884703,86.18153568085073,846400
2018-01-26,86.07652282714844,86.53151079677185,85.28554218044886,86.24451649547531,559200
2018-01-29,84.93556213378906,85.83853688424406,84.8375653708333,85.65654594756796,604200
2018-01-30,83.59160614013672,85.21555944534967,83.5496090511714,84.62057754317338,1106800
2018-01-31,86.59451293945312,87.75648213888635,83.9765896041973,83.9765896041973,2001100
2018-02-01,83.43062591552734,86.71352879908984,83.38862348000845,86.51053393875819,1020500
2018-02-02,83.53559112548828,83.71058608461534,82.13563145247184,82.66061632985301,978000
2018-02-05,80.3156967163086,84.50157910187592,80.21769995206931,82.9476227826199,1051900
2018-02-06,80.72168731689453,80.9596832760198,78.30675863464319,79.06273291907932,1732000
2018-02-07,80.73570251464844,81.87667350038222,80.4697119980677,80.4697119980677,928000
2018-02-08,78.46075439453125,81.52667016386766,78.43275989454717,80.49069743048115,1134900
2018-02-09,80.74269104003906,81.46366957760742,78.27176252180048,79.16773605743586,941500
2018-02-12,80.59571838378906,81.0717051250376,78.09678932734046,80.9107073320811,829200
2018-02-13,81.33068084716797,81.66666826866897,79.83272402028518,80.53970000072113,736600
2018-02-14,80.81966400146484,80.96665911303832,79.3217077135197,80.96665911303832,1006300
2018-02-15,82.17765045166016,82.94762735906043,81.49866901881023,81.55466869872895,1062300
2018-02-16,83.74559783935547,84.13058893445667,82.21264009394542,82.21264009394542,911600
2018-02-20,83.57059478759766,84.81655807989611,83.36759998800416,83.64059170528652,934200
2018-02-21,81.09268951416016,83.70361750807082,81.09268951416016,83.29762778840873,1040700
2018-02-22,82.92662811279297,83.94159693572358,81.38666897059419,81.5406654188564,897800
2018-02-23,84.67658233642578,84.6905795867852,82.8426327947716,83.0246290919858,652300
2018-02-26,84.99855041503906,85.33454308102911,83.90658359631036,84.98455316831634,687700
2018-02-27,83.65460205078125,85.55854829484694,83.43760464327325,85.33455493321703,979300
2018-02-28,83.20661926269531,84.49457981787432,83.18561537806724,83.98359744081297,1065000
2018-03-01,82.59764099121094,83.78760486932163,81.95366066518453,82.50664551267144,962700
2018-03-02,83.24858856201172,83.40258495533938,82.00962680369443,82.59760720684936,639900
2018-03-05,84.94957733154297,85.26456621059211,83.24162434008826,83.48661628384025,503100
2018-03-06,85.46756744384766,85.57256552484642,84.2146024488906,84.76758735775483,495400
2018-03-07,85.91554260253906,85.9925408287852,84.7745771397281,85.1875627710269,655800
2018-03-08,85.61454772949219,86.33552623829468,85.01956582788785,86.1675325421716,522600
2018-03-09,86.53152465820312,86.62952142546038,85.00556813036748,85.71254404552,674900
2018-03-12,87.88948059082031,88.14147379941696,86.30752975292526,86.30752975292526,886400
2018-03-13,87.67949676513672,88.47047224682255,87.3085082176166,88.06448256294546,718200
2018-03-14,87.91047668457031,88.0224760365686,87.00750727609349,87.95948040638685,560000
2018-03-15,88.13446807861328,88.28146321060186,87.25949324028421,88.08546436086115,682300
2018-03-16,89.00946044921875,89.11445317816067,87.36450315681326,87.99448623258306,887100
2018-03-19,88.39347076416016,89.19144751181729,87.89648562064903,89.10745333233132,441100
2018-03-20,87.96648406982422,89.2754485737991,87.76348923185442,88.5684672885144,679000
2018-03-21,87.04249572753906,88.21846212223073,86.44751390638932,87.85447493977925,766300
2018-03-22,85.80355072021484,87.93149058682094,85.72655249204902,86.79051975514025,660000
2018-03-23,82.89862060546875,85.83853407890678,82.55563194633298,85.43254979153956,1198400
2018-03-26,83.90662384033203,84.09561613405725,83.09464428998706,83.84362284880707,821100
2018-03-27,84.6065902709961,86.1045471455382,83.10863339645398,83.9766071601083,677700
2018-03-28,86.95306396484375,87.22787467355543,84.42338940454057,85.1562197531073,759900
2018-03-29,86.82621002197266,87.70701477324894,86.20612003643059,87.23490471680618,640400
2018-04-02,85.58604431152344,87.18558891645193,84.77570278102712,86.98124154782201,750400
2018-04-03,86.10042572021484,86.65709495490843,84.69818071879459,85.5860333922557,863800
2018-04-04,86.61481475830078,86.93895026175096,85.25485200686545,85.25485200686545,871100
2018-04-05,86.15679168701172,86.79802010038651,85.57194144167626,86.7134609123355,578100
2018-04-06,85.23370361328125,86.66412950282744,84.76159361174723,86.12860414705972,597900
2018-04-09,84.6418228149414,85.59309095541978,84.5784020717063,85.37465307806714,661800
2018-04-10,85.5789794921875,85.95948775432744,84.64180741010742,85.08573102793483,712400
2018-04-11,85.2266616821289,86.0722374302541,85.17733683335534,85.32531137967605,611400
2018-04-12,83.7328109741211,85.55783555076455,83.35230273639517,85.55783555076455,952300
2018-04-13,84.48681640625,84.5361412710527,83.38756811406448,83.753986003462,544200
2018-04-16,84.92365264892578,85.40985850100888,84.11331673012668,84.81091245737298,539400
2018-04-17,85.69876861572266,86.31180519326668,84.68407996874663,85.38872366781224,740200
2018-04-18,85.14913940429688,86.17792390427873,84.9447974687163,86.01585349301992,431300
2018-04-19,84.09217071533203,85.07867290176252,83.31002120878121,84.95183682956424,637200
2018-04-20,83.67645263671875,84.53611894712637,83.35936507186607,84.47269820855244,520600
2018-04-23,83.54256439208984,83.90193422325976,82.84496855888209,83.75395967536753,506600
2018-04-24,83.45800018310547,83.94420067246888,82.8238197882785,83.62711316305776,943900
2018-04-25,83.37345123291016,83.90193406409647,82.04167492840112,83.60598496887341,1410300
2018-04-26,84.95892333984375,85.0787115246318,83.42984721352988,83.50735848039436,903300
2018-04-27,86.28363037109375,86.76278836575518,84.73341617566263,84.73341617566263,606100
2018-04-30,85.55079650878906,86.87552476521724,85.48737577855316,86.43160115758558,635600
2018-05-01,86.43864440917969,86.64299173444077,85.16324098793487,85.75513913613524,673700
2018-05-02,85.12799072265625,86.24132888947948,83.62710180540992,85.84673019784753,884200
2018-05-03,85.83972930908203,86.19909924366377,84.81094974483479,84.86732255339798,537900
2018-05-04,87.4040298461914,87.72111745022683,85.67764906864774,85.69174495718629,563400
2018-05-07,87.48152923583984,88.01001208819973,87.21376115000061,87.75633988898655,451700
2018-05-08,86.50910949707031,87.37582366173787,85.88902494192949,87.37582366173787,1057600
2018-05-09,87.55200958251953,87.65770724876616,86.22023296542935,86.41753240855283,485300
2018-05-10,87.98887634277344,88.2073142081511,87.24899817629216,87.84090178467832,499600
2018-05-11,87.64360809326172,88.29188457994584,87.3687973968656,88.15800051595568,539700
2018-05-14,86.27658081054688,87.61539960898675,86.16383523223337,87.38287126172403,536000
2018-05-15,83.8526382446289,85.98770876162091,83.64124288856729,85.67766367299913,1095200
2018-05-16,82.52787017822266,84.47973081681684,82.20373472881012,84.13445691705203,1091100
2018-05-17,82.61244201660156,83.0775095299097,82.21784318785951,82.33058340635473,767800
2018-05-18,82.5067367553711,83.05636341385771,82.0487226039736,82.59834388645487,1877300
2018-05-21,83.2818374633789,83.69757465012239,81.73866609860956,82.9647445848074,777400
2018-05-22,84.02173614501953,84.22608351874298,82.89430699344719,83.4086993998554,753200
2018-05-23,84.53611755371094,85.2055270133685,83.76805301611945,84.02172521422256,735100
2018-05-24,84.19790649414062,84.80390073859479,83.69760992041812,84.69820306786313,787900
2018-05-25,84.26834869384766,84.54316471926924,84.1133315751045,84.3035830339289,605300
2018-05-29,84.13445281982422,84.5431474267477,83.46503812724174,83.94419602390958,704400
2018-05-30,86.05815887451172,86.3329695695917,83.90899817257838,84.1978993804289,598700
2018-05-31,85.80445861816406,86.1708763426256,85.33939658450704,85.38167348502004,1007600
2018-06-01,85.61421966552734,86.43160903458619,85.55080430551698,86.05110074650763,581900
2018-06-04,87.07283020019531,87.08692071011355,85.67059060710083,85.9594917564696,564800
2018-06-05,86.05110168457031,87.46743183362945,86.01586734462128,87.24194603556987,652000
2018-06-06,86.39637756347656,86.68527872868029,85.70582426751679,86.05110360349947,442200
2018-06-07,86.23431396484375,86.73461046214129,85.38874348017306,86.50208207326077,653700
2018-06-08,86.42457580566406,86.53731603465666,86.02997156417413,86.43866631828575,502900
2018-06-11,86.18496704101562,86.71344980261323,85.97357716197938,86.60775755109744,395200
2018-06-12,86.015869140625,86.5654904488709,85.52966319440488,86.00177862995446,612800
2018-06-13,84.41632843017578,86.40342370853257,84.35290769337429,86.1638420237349,646600
2018-06-14,84.47270965576172,85.09279973471236,84.17676050499331,84.62068423114593,590200
2018-06-15,84.6136245727539,85.3464547333127,84.39518134996855,84.75455117532067,1132400
2018-06-18,83.7610092163086,84.66295240695625,83.1338766735612,84.35290741916907,986400
2018-06-19,83.69758605957031,84.24720733947842,83.50733460729647,83.59893636194606,731300
2018-06-20,85.42398071289062,85.4944440263287,83.62713665218547,83.80329762378378,613400
2018-06-21,86.2272720336914,86.30478328922598,85.10688548842286,85.74811398857138,1214200
2018-06-22,88.50325012207031,88.70759744591072,86.24839236935709,87.21375082473513,1479500
2018-06-25,88.20026397705078,88.61600661844493,87.11511186982553,88.42574978011021,731800
2018-06-26,87.7774658203125,88.40459828556376,87.44628241992041,88.36936932603567,925400
2018-06-27,87.54492950439453,88.4045956561828,87.25602839043556,87.9183897955146,510600
2018-06-28,88.60877227783203,88.87117673150694,87.58750730331013,87.73644087695335,541000
2018-06-29,88.94917297363281,89.49526804795504,87.63004110920429,88.35343879529545,818200
2018-07-02,88.43144989013672,89.04137129033501,87.41727876290896,88.83569961716617,688900
2018-07-03,88.35346221923828,89.4172781718868,87.93502513088904,88.3605504297789,397200
2018-07-05,89.4101791381836,89.4810991152309,88.14069152890121,88.41728322697894,719800
2018-07-06,89.57329559326172,90.00591446628502,89.2470539752055,89.57329559326172,478000
2018-07-09,89.38890075683594,89.87116416014005,88.70805925996787,89.62294154318512,574500
2018-07-10,89.25413513183594,89.70802939246813,89.00591255349745,89.36051778279426,555400
2018-07-11,89.31797790527344,89.64421410717037,88.9917417033765,89.21868886168946,439400
2018-07-12,90.04136657714844,90.12647378708209,89.01301349197274,89.48818323969687,538500
2018-07-13,90.29667663574219,90.87114079462032,89.97753408924603,90.24703211937953,625700
2018-07-16,90.02008819580078,90.33214254454833,89.23995773477856,89.93498098863871,677500
2018-07-17,89.12648010253906,90.22575851555892,88.82151937840653,90.13355768982449,686500
2018-07-18,88.77188110351562,89.6583942696309,88.42436945743559,88.97045918698994,469700
2018-07-19,89.92788696289062,90.36759397767061,88.4952788279817,88.70804412670167,509500
2018-07-20,88.78607177734375,89.75768678203352,88.68678273176738,89.60875321366896,379200
2018-07-23,88.09814453125,88.69387885788014,87.46694750910004,88.6371461202351,364100
2018-07-24,88.42436981201172,88.83571322134193,87.43856760020628,88.10522723526927,537800
2018-07-25,88.55912017822266,88.9988272406494,88.2116031252666,88.61585290796208,467700
2018-07-26,88.31088256835938,89.29669006865804,88.21868715806146,88.80023950875166,622400
2018-07-27,87.14069366455078,88.84279448863622,86.94211018495069,88.6229409712086,442900
2018-07-30,86.57332611083984,87.232892096786,86.35347258580671,86.97048226208597,482200
2018-07-31,89.02720642089844,89.21160269332063,86.51660022874097,87.17616630812851,1031800
2018-08-01,92.08390045166016,92.21156398520144,86.77191464510152,86.77191464510152,1011900
2018-08-02,91.417236328125,92.56616478745136,90.94916558571204,91.57326351616075,1066800
2018-08-03,91.55907440185547,92.01296866183698,90.56617326823213,91.1548192466241,685000
2018-08-06,91.89240264892578,92.25409608044377,91.49523570908968,91.60162376896622,674800
2018-08-07,92.01298522949219,92.23283877945653,91.30377464421639,92.09808703678297,680800
2018-08-08,91.95623016357422,92.20444732973048,91.30375784378263,92.09807009019104,488200
2018-08-09,91.7080078125,92.02715037242695,91.46687884026129,91.94913678473873,890800
2018-08-10,91.44561767578125,92.1690155271929,91.21157687615704,91.43851864380485,875200
2018-08-13,91.83567810058594,92.25410972826788,91.5803618694811,91.71511360557729,819900
2018-08-14,92.04842376708984,92.57324341997766,91.40305045246687,92.04842376708984,1241500
2018-08-15,92.67961883544922,93.12642489357624,91.78601754088811,92.14062277516214,605800
2018-08-16,93.35337829589844,93.67960905428076,92.5590552050731,92.70799416638192,738800
2018-08-17,93.7221450805664,94.04838660887754,93.20442454598809,93.5235670447914,755100
2018-08-20,93.33210754394531,94.19734523280107,93.29664485406887,94.04131805469963,625500
2018-08-21,92.05552673339844,93.2753696812509,92.04842770238594,93.07679160338596,653400
2018-08-22,91.67964935302734,92.55906349498925,91.49524768711093,92.43141079245697,708600
2018-08-23,91.2115707397461,91.95624399359762,91.0271798895815,91.91369309138229,530000
2018-08-24,91.51651000976562,91.78601343871077,90.7505668502092,91.05552755448917,803800
2018-08-27,91.22574615478516,91.73637855856092,90.5661747908694,91.58743959842091,573900
2018-08-28,92.77892303466797,92.89948752136397,90.99170954015837,91.3250393417211,769000
2018-08-29,92.6441650390625,92.99877026594805,92.55196421713059,92.96330757892096,472800
2018-08-30,92.38175201416016,92.92075889775575,92.239912084364,92.9136598671655,448400
2018-08-31,92.51652526855469,92.88531782921666,92.31085894573475,92.67255247415416,477700
2018-09-04,91.58036041259766,93.00586970093407,91.10519064981884,92.2611964702502,596100
2018-09-05,92.94204711914062,93.17608790523029,91.0768198619891,91.2824969868987,1097100
2018-09-06,92.11933135986328,93.19023508594243,92.11224315221585,93.19023508594243,1405000
2018-09-07,91.21866607666016,91.84277488243305,91.16192792870851,91.48816957400666,463900
2018-09-10,91.15482330322266,92.40302986829666,91.09099695640657,91.67964296099464,479000
2018-09-11,90.72220611572266,91.46687930714891,90.65837976775015,90.65837976775015,571100
2018-09-12,90.4243392944336,91.26830152598593,90.41724567435381,90.88532179353174,534000
2018-09-13,90.45269775390625,90.82148479209582,90.16901250330484,90.82148479209582,628800
2018-09-14,89.33214569091797,90.41014858155977,88.86406961773247,90.2399341814503,656500
2018-09-17,90.07682037353516,90.105189440712,89.03428015088302,89.63001432905779,502600
2018-09-18,89.45980834960938,90.58745581176817,89.41016383308958,89.92079623777686,478000
2018-09-19,88.11942291259766,89.65840871838321,88.02013385485975,89.64422688621258,532600
2018-09-20,89.12648010253906,89.31087634316134,87.83571723987625,88.19032248138632,585300
2018-09-21,89.9704360961914,90.239934113225,88.72931783660749,89.02718492030453,1250800
2018-09-24,87.6229476928711,89.8782369969677,87.04139537726611,89.70802260397649,560100
2018-09-25,87.93501281738281,88.39600074781475,87.17615776052297,87.66551476168809,593000
2018-09-26,86.0839614868164,88.22578005135117,85.99176607727739,88.14776646987728,1003700
2018-09-27,86.29127502441406,87.05611628525295,86.2197956030659,86.2197956030659,780200
2018-09-28,87.9853515625,88.03539315171597,86.49141161591932,86.49141161591932,1166100
2018-10-01,86.46282196044922,88.39994307591903,86.42708497851014,87.89958170053198,826800
2018-10-02,86.34843444824219,87.09897632413968,86.29839832318235,86.48424367138824,713400
2018-10-03,85.88383483886719,87.17048076147807,85.30483899283861,86.48426851204623,772600
2018-10-04,85.17619323730469,85.82666315628428,84.71871287600986,85.3191521009067,575200
2018-10-05,84.96174621582031,85.83380942938336,84.77589533747141,85.7623300003356,634900
2018-10-08,85.60505676269531,86.12686141013862,85.01891682307699,85.01891682307699,784300
2018-10-09,85.99820709228516,86.17690838236373,85.0046283557307,85.63366038706687,792700
2018-10-10,85.10468292236328,86.5057000904518,84.96172410147791,85.87667364361495,620300
2018-10-11,81.75224304199219,85.39059757294476,81.71650061354087,85.39059757294476,1043200
2018-10-12,81.98814392089844,82.96742888469385,81.47348882275601,82.40273219347141,780500
2018-10-15,82.903076171875,83.7751335843773,82.55996741423724,82.59570984128258,837300
2018-10-16,84.36128234863281,84.63291173453898,82.83160010942696,83.02460051031073,682700
2018-10-17,84.00387573242188,84.432763067328,83.29622035547317,84.2540618289601,600700
2018-10-18,83.260498046875,84.81162376030363,83.06749762146298,84.02533926368088,758000
2018-10-19,83.5964584350586,84.05393328560423,83.41061302632659,83.46779329249699,815600
2018-10-22,82.2097396850586,84.18974749938101,82.13111068432622,83.88238107475367,552300
2018-10-23,82.3741226196289,82.92452549652168,81.51635884324863,81.82372519626523,845000
2018-10-24,82.58858489990234,83.5750140103614,82.20973905574482,82.37414118072283,1069900
2018-10-25,83.60359954833984,84.1325537681884,82.24546883737695,82.69579951751072,713900
2018-10-26,82.13825225830078,83.36056825939401,81.45203459995703,83.29623296800499,952300
2018-10-29,83.63933563232422,84.18258351263762,82.73153021689336,82.99601003350105,760100
2018-10-30,83.6178970336914,84.89739327232766,83.1175302272609,83.92526342291039,810000
2018-10-31,86.31985473632812,88.09256811129468,84.4828060744759,85.21190478682693,1917600
2018-11-01,85.71941375732422,87.86382874396959,85.2976814276447,86.27696078128733,1129600
2018-11-02,85.06893920898438,85.92670297344618,84.16113386229209,85.83378029258034,900300
2018-11-05,86.46282196044922,87.00607534910513,85.69798074176904,85.69798074176904,786300
2018-11-06,87.52073669433594,87.88528336256805,85.88383238886952,86.7130034548722,613900
2018-11-07,88.44996643066406,88.53574499127511,87.48498080128884,88.12830637204871,508600
2018-11-08,88.95034790039062,89.45070928622934,88.00680539171614,88.42138820275532,704700
2018-11-09,88.82167053222656,89.45069696686852,88.14260251236249,88.9717789273049,525300
2018-11-12,88.95034790039062,89.65800341851397,88.80738360905808,88.82168276495638,525100
2018-11-13,89.21480560302734,89.55791438449758,88.50715021731078,89.1576253507232,746000
2018-11-14,88.96463775634766,89.64370584037488,88.55004950970323,89.3506331459618,426600
2018-11-15,88.75733947753906,88.77878275592536,87.33487899144119,88.4642722503768,672300
2018-11-16,89.7580795288086,89.80096609127479,88.12832471272931,88.68587183891113,584400
2018-11-19,89.80095672607422,90.69446304113974,88.91459998851755,90.18695210860609,770600
2018-11-20,89.6651382446289,90.20838610172643,89.2076634946893,89.62939581429363,899700
2018-11-21,89.80095672607422,91.06616472218366,89.17193024353881,89.6651474745845,710000
2018-11-23,89.7866439819336,90.27986110837394,88.94317398126026,89.82238640836758,197900
2018-11-26,89.81525421142578,90.37995084647304,89.17192858583208,90.31561555714885,674400
2018-11-27,90.85172271728516,91.19483154821387,89.56507687174465,89.60081385289503,1103900
2018-11-28,92.9032211303711,92.9032211303711,90.65158394047225,90.76595537590352,1253300
2018-11-29,92.79598999023438,93.1962790436161,92.01684425376777,92.76024755895557,921100
2018-11-30,93.78240203857422,93.83244361767667,92.44572034673368,92.8817517782461,1286600
2018-12-03,94.49723052978516,94.57585952581212,92.15981483612896,94.01831242927909,864200
2018-12-04,93.05331420898438,94.8760692294126,92.73880915555446,94.31852217474881,1004500
2018-12-06,94.6973648071289,94.80459210301858,91.13048932908306,92.55294977404229,1121000
2018-12-07,92.26702880859375,94.57584585706688,91.90248219264278,94.48291771872195,1189100
2018-12-10,90.76596069335938,92.03830753912548,89.76523238882962,92.03830753912548,1124100
2018-12-11,90.83744049072266,92.38856636966781,90.8159972086176,91.2663224934154,677900
2018-12-12,88.90032196044922,91.83102209985026,88.77880093549314,91.66661996287023,717100
2018-12-13,89.95821380615234,90.9946843933313,89.07185707750216,89.15048606872021,571600
2018-12-14,89.87957763671875,90.06542846053026,89.17907180266879,89.67943311270447,588600
2018-12-17,85.8123550415039,90.1726650915439,85.45495248898374,89.93677809803336,953100
2018-12-18,86.16972351074219,86.92026530204967,85.70509928553584,86.63434228242053,604700
2018-12-19,84.36128234863281,86.16259397374485,83.87521473828043,86.16259397374485,921400
2018-12-20,82.2097396850586,84.43278407988026,81.72367197759047,84.22548993736132,1093200
2018-12-21,81.10892486572266,83.58929910795563,81.01599672472699,82.28120463873597,1442100
2018-12-24,77.97808837890625,81.68792871852085,77.95664509774575,81.14467529715692,448000
2018-12-26,80.58712005615234,80.58712005615234,77.08457420974842,78.29974607057781,658800
2018-12-27,80.54424285888672,80.54424285888672,78.0924610268144,79.81514402047807,796000
2018-12-28,80.68840026855469,81.6327548390045,79.59266099214793,81.35161102795611,721300
2018-12-31,81.1353530883789,81.1353530883789,79.5133669533372,80.89746046859709,563600
2019-01-02,78.68435668945312,80.52260448207576,77.81208918395076,80.52260448207576,815000
2019-01-03,79.0159683227539,80.2558876842482,78.4464702206769,78.56901898317585,708400
2019-01-04,80.38565826416016,81.04165888030388,79.32595946125836,79.7584881257345,600900
2019-01-07,80.89026641845703,81.44534930991865,80.25589147097216,80.60912253832966,760900
2019-01-08,83.2835922241211,83.31242819722394,81.09210776740088,81.2218668964139,1241900
2019-01-09,84.66047668457031,84.84790225019121,83.31242388623971,84.45142001531696,879800
2019-01-10,85.94364166259766,86.15990318596637,84.27119391567813,84.40815789717531,654700
2019-01-11,85.89318084716797,86.00851922733425,85.20833893405339,85.64087298439898,431900
2019-01-14,85.15789794921875,85.99412478216038,84.86233880992057,85.57601136568957,476100
2019-01-15,85.83550262451172,86.0013080649948,85.10020469256148,85.18670709638003,422800
2019-01-16,86.38339233398438,86.42664354456511,85.3669448861401,85.95086372847814,545100
2019-01-17,86.8087158203125,87.14753165674838,86.03737135221591,86.34014084438843,608900
2019-01-18,87.60166931152344,87.65934125146723,86.41942204217017,86.9889200743426,822000
2019-01-22,87.3781967163086,87.6881765161396,86.48430365396523,87.5512070348495,856000
2019-01-23,87.0682144165039,87.55120452100782,86.43383960013603,87.02496321308526,621400
2019-01-24,87.27726745605469,87.42144179475235,85.95805080736696,86.57801036358418,518900
2019-01-25,89.01460266113281,89.06506423265681,87.6016676586635,87.92606818980241,722100
2019-01-28,90.01663970947266,90.32661954205523,88.27209910522448,88.87043316577449,607100
2019-01-29,91.11237335205078,91.14841969070496,89.4831767430861,89.87245410097496,590800
2019-01-30,94.04637145996094,94.08240679879327,90.98261417303739,91.91255361073388,1111000
2019-01-31,95.06279754638672,95.2069828853406,93.02269819791566,93.9598479021309,880400
2019-02-01,94.5654067993164,95.21420796293512,93.2462008662036,95.21420796293512,1128200
2019-02-04,95.48811340332031,95.48811340332031,93.8949580279646,94.4644504382818,1031700
2019-02-05,95.19257354736328,95.52417346714155,94.66633219653359,95.52417346714155,1198100
2019-02-06,94.86817169189453,95.35116180114089,94.19054016555567,95.30791059729756,711200
2019-02-07,95.59626770019531,95.63951890784396,93.74359364072245,94.46447643432928,823200
2019-02-08,95.44489288330078,95.61070387245562,94.73843071145062,95.01957460635631,505000
2019-02-11,96.10809326171875,96.20901640646622,95.29349223638704,95.57463606816911,507100
2019-02-12,95.65393829345703,96.39644668040732,95.37279444791078,96.07925649572985,592500
2019-02-13,96.3892593383789,96.61993615112435,95.43048374211119,95.54581664858374,461200
2019-02-14,95.95671081542969,96.53341926060278,95.6250998845206,96.25227540605323,517000
2019-02-15,96.32435607910156,96.77131089432908,95.97113054747491,96.69201334644988,661600
2019-02-19,97.03804016113281,97.26151208301289,96.05043418386954,96.26669023743138,408200
2019-02-20,96.50459289550781,96.85062461665949,95.74045876094857,96.85062461665949,425200
2019-02-21,97.00199127197266,97.12454003237305,95.20700007574463,96.11530847625282,401200
2019-02-22,97.80217742919922,98.03286522697535,96.7641043388059,97.31918722738003,453200
2019-02-25,97.12451934814453,98.19863848967788,96.99476574704747,98.1121360889465,457900
2019-02-26,96.60549926757812,97.48497715627447,96.51899685223044,97.48497715627447,475400
2019-02-27,95.44489288330078,96.26669896070206,94.65913315135926,96.05044288754404,701000
2019-02-28,95.65393829345703,97.22545748143389,95.19977861995989,95.51696880463736,883300
2019-03-01,95.03397369384766,96.06483074038512,94.60143964647105,95.79810764438828,995700
2019-03-04,95.37278747558594,95.79810564676544,94.6879510813516,95.3079106697716,877800
2019-03-05,96.08646392822266,96.43970046145938,95.21420189687693,95.21420189687693,888800
2019-03-06,95.5169906616211,96.64878217049717,95.50978579206551,96.49739191142298,519700
2019-03-07,95.48811340332031,96.38200078152934,95.11325137386095,95.4160207438797,1242500
2019-03-08,95.46649932861328,96.26667963808684,94.8681763132376,95.2502432988621,725300
2019-03-11,96.0215835571289,96.20902011874783,95.30070078117478,95.77648605325608,720400
2019-03-12,97.31918334960938,97.57870161186698,96.18018714302323,96.29553103731531,586000
2019-03-13,97.34801483154297,97.67242091257431,96.6848039321932,96.6848039321932,590200
2019-03-14,97.51383209228516,97.67242720885314,96.9154979706514,97.21826746597209,442400
2019-03-15,95.68998718261719,97.50660392541984,95.47372014186487,97.31197348856152,1458500
2019-03-18,95.7981185913086,96.46132947321996,95.34395888964578,95.92066735211623,714600
2019-03-19,95.32952880859375,96.33155528587085,95.00512280532402,95.83414448064038,490800
2019-03-20,95.07723236083984,95.80532003127735,94.18333372600877,95.14932504099345,860000
2019-03-21,95.81253051757812,96.15134629563197,94.7528319776732,94.7528319776732,759800
2019-03-22,94.80329132080078,96.49737026949751,94.77446084924352,95.80531795434099,1092500
2019-03-25,94.51494598388672,95.15653124699955,94.11125336886725,95.15653124699955,828700
2019-03-26,95.71161651611328,95.8557908822997,94.72399955814831,94.76726176782338,817100
2019-03-27,95.37998962402344,95.88460532119039,94.55097890723466,95.79810291590383,804300
2019-03-28,97.0064468383789,97.10083180077629,95.29285953832124,95.67768959864648,667100
2019-03-29,97.20975494384766,97.732545051938,96.78134980017094,97.11535890008616,1171400
2019-04-01,98.35700988769531,98.4005738930944,96.9846883208726,97.38403242326442,1001000
2019-04-02,99.91810607910156,100.03428413892846,97.49294724680037,98.44413156801524,1035900
2019-04-03,100.46992492675781,100.64419199860225,99.42434465438802,100.21579791125167,893500
2019-04-04,100.14318084716797,100.70227799141018,99.18473967924375,100.32470488678639,595000
2019-04-05,100.47721099853516,100.52077500447176,99.69302565362509,100.01976677750001,451200
2019-04-08,100.21581268310547,100.55707882451084,99.64945846531573,100.54255379654569,499100
2019-04-09,99.6784896850586,100.10688380221765,99.48244060051069,100.07784482789722,737400
2019-04-10,100.48445129394531,100.52801529265085,99.65670208049438,99.80191910262903,605700
2019-04-11,100.52801513671875,101.22507235297186,100.12866001695649,100.70953918394264,525900
2019-04-12,100.12140655517578,100.50623666243962,99.38078531430902,100.50623666243962,1226200
2019-04-15,99.51148986816406,100.37554614874924,99.06857072766869,100.37554614874924,672400
2019-04-16,97.48566436767578,99.85274488942333,96.93383528644554,99.36626180215168,783500
2019-04-17,95.69222259521484,97.65994836279171,95.67044059345217,97.65994836279171,885500
2019-04-18,96.56354522705078,96.90481135425962,95.61961787688482,95.72852788371759,568900
2019-04-22,95.51795959472656,96.48366889318709,94.47237926919489,96.38201586594646,576200
2019-04-23,97.8705062866211,97.97215931597933,96.01170170444252,96.50545290371765,638400
2019-04-24,98.70552825927734,99.01048736174275,97.89956096013671,98.39330110336172,516800
2019-04-25,98.6692123413086,98.9233504434769,97.86324511477476,98.79264736599502,507800
2019-04-26,99.43888854980469,99.6058876007527,98.68375325388067,98.87253430802403,388600
2019-04-29,98.29889678955078,99.93261306816919,98.2045007480616,99.21377391701195,375500
2019-04-30,99.92536163330078,99.99797568949826,98.14642804995691,98.54578320034418,722500
2019-05-01,100.14318084716797,101.90760027352003,99.90356778534989,100.00522080436228,952900
2019-05-02,98.197265625,100.59337450331404,97.9068204632331,100.0996343473354,891200
2019-05-03,97.82693481445312,98.82169411079288,97.47115477854443,98.37877499969666,713400
2019-05-06,97.158935546875,97.74707172522054,96.38927530956607,96.96288646097672,519900
2019-05-07,95.53973388671875,97.10810424847962,94.61758866299618,96.75231314216823,519400
2019-05-08,94.8063735961914,96.52721781689591,94.7773235476034,95.69946870169468,495200
2019-05-09,95.02420806884766,95.02420806884766,93.64462969270878,94.53046796095761,454100
2019-05-10,95.99718475341797,96.20774777930444,94.19645817634205,94.90804043893529,374700
2019-05-13,95.08956909179688,95.38726013185266,94.47963982587294,95.15491509478356,526300
2019-05-14,96.57805633544922,96.61436336310918,94.98064683255483,95.3436949504558,770400
2019-05-15,97.2170181274414,97.43484919961992,95.92456779969044,96.36748691735893,591100
2019-05-16,97.81240844726562,98.56754350045959,96.93382730984425,97.16618337504055,631900
2019-05-17,97.0427474975586,97.58731961837395,96.42557240824341,97.10083651996734,591000
2019-05-20,95.94637298583984,97.21704162138377,95.3437116748883,96.98469654643267,423400
2019-05-21,96.3892822265625,96.83220140539152,96.20775815457274,96.51997424030708,639900
2019-05-22,96.1787109375,96.49818397017586,95.81566282462597,96.37474894132059,481300
2019-05-23,95.53973388671875,95.91730699144225,94.63211368838697,95.91730699144225,844800
2019-05-24,95.85922241210938,96.45461552854927,95.51795631537178,95.92456841037436,565900
2019-05-28,96.3892822265625,96.8830223842866,95.94636304773348,96.32393621969021,1564700
2019-05-29,95.51795959472656,96.30940181248214,94.90804143128275,96.30214483887532,838600
2019-05-30,94.98065185546875,96.3602414240596,94.6684357756505,95.64865909821121,881100
2019-05-31,94.99516296386719,95.78660512773453,93.6954446190555,94.1601457232788,572300
2019-06-03,95.72126770019531,96.14240484474408,95.03147849490048,95.30013055564655,840800
2019-06-04,95.92457580566406,96.19322787214205,94.82090640603506,95.83744780126028,670100
2019-06-05,98.15367889404297,98.21176791950334,96.36748844836849,96.36748844836849,569000
2019-06-06,98.6692123413086,98.69099434099745,97.54376101353989,98.25534326787164,518800
2019-06-07,98.86528015136719,99.65672250162551,98.86528015136719,99.01775417808074,520100
2019-06-10,97.75435638427734,99.16298509381849,97.52926828562202,99.16298509381849,518400
2019-06-11,97.07180786132812,98.18999119328474,96.36749362389952,98.18999119328474,640100
2019-06-12,97.48566436767578,97.81967346904403,96.14965012089861,96.7523112503286,455200
2019-06-13,98.16819763183594,98.19724768237963,97.00645043509321,97.97214856838417,502500
2019-06-14,98.16819763183594,98.64742375167448,97.79062453020424,98.10285163713469,483800
2019-06-17,99.32998657226562,99.50424261193051,98.82172132432395,98.9306313491145,585500
2019-06-18,99.00322723388672,100.84750681748014,98.45138699803795,99.84549045604899,468500
2019-06-19,99.69302368164062,100.10689280920218,98.27713811995602,98.78540331141329,543800
2019-06-20,100.7603759765625,101.10889906141462,100.06331872750916,100.38280283835239,981400
2019-06-21,98.79991149902344,100.56431987991232,98.53124838127187,100.56431987991232,1975400
2019-06-24,97.07904052734375,99.0394976638056,96.78133848516882,99.0394976638056,769800
2019-06-25,94.973388671875,97.53650746587644,94.91529964421487,97.26785540737886,584800
2019-06-26,93.30335235595703,95.67042174233679,92.14159966023786,95.07502867922491,1250900
2019-06-27,93.65449523925781,94.75906272109894,93.32532053451163,94.02755841638749,901800
2019-06-28,94.36404418945312,95.35157934920646,93.81541602556096,93.81541602556096,982600
2019-07-01,94.43720245361328,94.91998677208512,93.09123174130649,94.91998677208512,656800
2019-07-02,95.98067474365234,96.10502912308728,94.37867869715566,94.64202066592044,569500
2019-07-03,97.3193130493164,97.45830063206215,95.8270494049198,96.25863420049055,345900
2019-07-05,96.46346282958984,96.97552473914865,94.79563401604688,96.62439465913074,397900
2019-07-08,96.81459045410156,97.0925544747293,95.99529811670865,96.34642818782085,575600
2019-07-09,96.59515380859375,97.09257142001222,96.16356891129759,96.64635331006527,885400
2019-07-10,97.92645263671875,98.15321712724223,96.60975415472862,96.60975415472862,668400
2019-07-11,96.9169921875,98.60676504626048,96.55855112339073,97.83868342995083,709300
2019-07-12,96.77801513671875,97.22423317859526,96.500039948113,96.96089120040799,291700
2019-07-15,96.63169860839844,97.18763772070295,96.44150039381678,97.18763772070295,353000
2019-07-16,96.13429260253906,96.52198898389507,95.90021703354564,96.2293917321859,433700
2019-07-17,95.19795989990234,96.53661397817606,94.5981322363929,96.33179368703931,421100
2019-07-18,95.37353515625,95.66613241441797,94.5103542694756,95.28574704930367,567800
2019-07-19,93.68375396728516,95.84168925656581,93.61059907807471,95.62954677497689,565500
2019-07-22,93.9251480102539,94.08607984981175,92.97419576522061,93.48625212571693,756500
2019-07-23,95.13211822509766,95.25647259285357,93.92512966417087,94.40061406521512,512000
2019-07-24,95.32231903076172,95.51982830772735,94.55423731977922,94.76637980737507,486100
2019-07-25,95.53446197509766,95.71733804230736,94.83221296578988,95.2345425460251,451200
2019-07-26,96.04651641845703,96.22207030612208,95.30768993496744,95.70270850595331,460700
2019-07-29,96.77070617675781,97.30471239226172,96.00263553378188,96.30986602334639,660300
2019-07-30,97.29737854003906,98.22639208449678,96.59514069433236,97.28275649124426,546900
2019-07-31,97.25349426269531,99.9454358856104,96.71949925006172,98.38732815785495,884000
2019-08-01,95.3442611694336,97.2681209167801,94.3274707094398,96.83653608856648,1037700
2019-08-02,95.20526885986328,96.00261693507561,94.78100623875568,95.41008914655953,506100
2019-08-05,93.14974212646484,94.45914089479218,91.95007568523175,94.45914089479218,928400
2019-08-06,93.0400390625,94.35674911072347,92.50603843712737,93.42773547088379,896300
2019-08-07,93.9763412475586,94.8980324799035,91.68672963256071,92.27925180299262,733800
2019-08-08,95.7538833618164,96.03185849491322,93.72762501730953,94.19578720039178,616500
2019-08-09,94.61275482177734,95.8270545274624,93.83005109660266,95.61492321110478,536900
2019-08-12,92.8059310913086,94.32745544198725,92.45480665288514,94.27625595699804,725700
2019-08-13,93.10585021972656,93.69836681378737,92.49870041688695,92.71815390109744,594100
2019-08-14,91.89157104492188,92.80595140867551,91.61359584254248,92.52066518165917,582300
2019-08-15,92.96688079833984,93.22291177356875,91.84036906344676,91.84036906344676,760400
2019-08-16,93.7861557006836,94.18847406963867,92.65963301437908,93.24483858995187,567400
2019-08-19,93.91783142089844,94.52498129564418,93.76421061519707,94.45914859114468,404800
2019-08-20,93.33262634277344,94.07145279283452,93.15706688211678,93.5593964595952,492800
2019-08-21,93.39116668701172,93.99100566092119,92.76938905468731,93.44968837923739,742100
2019-08-22,93.58133697509766,93.84467336514882,92.38167047657865,93.78616284881319,473900
2019-08-23,92.045166015625,93.77151620886782,91.72330241253219,93.2594599693171,566700
2019-08-26,92.9229736328125,92.98149530571739,91.83303398439483,92.74741419503171,462700
2019-08-27,92.3450927734375,93.74958514173241,92.25731583731145,93.44966572747674,587000
2019-08-28,92.6376953125,92.89372067701149,92.14758881744451,92.31583166515162,333600
2019-08-29,93.6983871459961,94.10802778575001,92.9449385774765,93.21559718927686,364500
2019-08-30,93.93977355957031,94.35673633583481,93.5374495744256,94.10070538600198,453500
2019-09-03,94.21775817871094,94.26895767668324,93.23022288688561,93.46430404488135,548200
2019-09-04,94.8907241821289,95.46860757955983,94.44450618087158,94.89803520573807,575500
2019-09-05,94.81757354736328,95.02239383627897,93.47892506454018,95.02239383627897,619400
2019-09-06,95.21990203857422,95.52713246851897,94.83220569874857,95.0370259853784,472600
2019-09-09,95.35889434814453,95.78316815199786,92.30120636402206,94.97850901333311,984700
2019-09-10,95.76122283935547,95.76122283935547,94.40062450502995,94.85415356251549,1045900
2019-09-11,96.57321166992188,96.58052269547078,94.85417190688678,95.6149427150742,738400
2019-09-12,97.60460662841797,97.69239472840673,95.35158336297218,97.01208997237177,1146400
2019-09-13,96.11964416503906,98.08739218240007,95.57101603359051,97.64849637436197,868800
2019-09-16,96.58049774169922,96.65365262577139,95.29305437985376,96.06844703879865,792500
2019-09-17,95.97335052490234,96.73412115716124,95.12480295887066,96.48540124169094,832800
2019-09-18,95.41741180419922,96.1781712782809,94.57617525794406,96.1781712782809,843900
2019-09-19,95.11748504638672,95.84167818316976,94.81025463856389,95.78315651093669,768900
2019-09-20,95.17601013183594,96.64632952811708,94.91997920186792,95.48324055067671,3669500
2019-09-23,95.27842712402344,96.1415967682945,94.38599105954758,94.74443215490882,1006200
2019-09-24,94.74443054199219,95.8416868817467,94.10801427486386,95.54176747003197,1213200
2019-09-25,95.21990203857422,95.76853019816167,94.34209921560799,94.81026146531454,992800
2019-09-26,96.9901351928711,97.04134584245256,95.4247167160071,95.644170199316,739600
2019-09-27,95.87024688720703,97.22593680934494,95.16294115971249,97.22593680934494,894000
2019-09-30,95.53131866455078,96.16495270773115,95.17765461085465,95.70813944897867,780200
2019-10-01,94.80925750732422,95.99547891812554,93.96196131778878,95.69340634804583,634300
2019-10-02,92.4220962524414,94.4777166527605,92.06843780543417,94.31562343209929,1489500
2019-10-03,94.22721099853516,94.4408731980113,91.78846019826348,92.42209425375809,1021900
2019-10-04,94.83139038085938,94.94926717318529,93.9619801776223,94.33037185439252,496500
2019-10-07,94.41876220703125,95.30291103744587,94.18299743002822,94.41139842233156,330000
2019-10-08,93.63041687011719,94.51455452268156,93.25465583823278,94.01354168723906,818200
2019-10-09,94.20511627197266,94.55876911967337,93.68937019357132,94.23458827948282,1187300
2019-10-10,93.7041015625,94.49245947911476,93.65252695566392,94.256689044834,409400
2019-10-11,94.45561981201172,95.23660833603341,94.05039235686547,94.14617216527226,571100
2019-10-14,93.99143981933594,94.39666723773865,93.02625555198004,94.39666723773865,384500
2019-10-15,94.9345474243164,94.97875263038435,93.32835373517071,93.8072640786817,555600
2019-10-16,94.55873107910156,95.44286846387936,94.14613438236637,94.57346988753262,520300
2019-10-17,94.0577621459961,94.5440418395991,93.63042646759538,94.3598460079999,542300
2019-10-18,94.57349395751953,94.72822337938395,93.49779113781867,94.2419437591468,507100
2019-10-21,95.76708984375,95.77446487187305,94.38194488954822,94.38194488954822,530800
2019-10-22,96.40072631835938,96.62912734741613,94.94926228718194,95.89234403178986,680000
2019-10-23,96.49650573730469,96.7101679388644,95.63447066079878,95.89971308760218,752200
2019-10-24,97.52799987792969,97.71219569925533,96.20916274390316,96.68806738238156,534700
2019-10-25,97.38800811767578,98.38267003818731,96.7175438801196,97.32907534887002,510400
2019-10-28,97.75638580322266,97.88164883571274,97.16696825992793,97.52062103438857,515900
2019-10-29,98.21321868896484,98.64791814907244,97.74904160033601,98.19847987470422,1042000
2019-10-30,102.36127471923828,103.19384325261167,98.97207907116913,100.17303916905558,1170700
2019-10-31,101.08666229248047,102.36129420040352,100.08463659660498,101.95607239625295,917200
2019-11-01,101.26348876953125,101.99289697092674,100.0109595289999,101.49925355669933,614900
2019-11-04,102.06658935546875,102.13289715409664,100.92457299527564,101.17508786079364,532900
2019-11-05,100.43832397460938,102.14029192285622,99.89310018153378,101.6834785450382,822900
2019-11-06,101.61715698242188,101.96344605188384,100.82142962551492,100.89511245654062,751700
2019-11-07,101.64661407470703,101.84553744192631,100.99824126842978,101.4329406533569,678700
2019-11-08,101.92660522460938,102.1255398755896,100.94668202690441,101.60241875409986,370400
2019-11-11,102.0960693359375,102.19921855032048,100.94667792112858,101.55820942154948,429600
2019-11-12,99.92254638671875,102.23604547212501,99.64257638081996,101.86765382640796,532600
2019-11-13,100.72565460205078,100.94668060845457,99.77519780482852,99.78256159090148,559900
2019-11-14,101.5361099243164,101.57295133966927,100.65197216795546,100.90985083300394,579100
2019-11-15,101.35191345214844,102.20658481630143,101.2340254207298,101.7276801469927,490300
2019-11-18,102.19182586669922,102.22866727456129,100.93929669632357,101.59503328355912,489600
2019-11-19,101.8750228881836,102.71495534153118,101.10139822900076,102.71495534153118,386500
2019-11-20,101.71292877197266,101.8602831718385,100.90983773664675,101.8602831718385,336800
2019-11-21,100.75511169433594,101.46242857684418,100.27620706807693,101.46242857684418,335500
2019-11-22,101.3740005493164,102.09605619951346,100.12883510863472,101.13823576495678,448900
2019-11-25,101.3371810913086,102.88443068555641,101.30035091626351,102.00765666497746,348500
2019-11-26,102.05181884765625,102.30969741879277,101.12347622791614,101.25609178398582,532100
2019-11-27,102.42021179199219,102.49389459687899,101.44028894756924,102.00761506642834,348500
2019-11-29,102.07396697998047,102.69287357834584,102.01503420149086,102.23606022688301,343700
2019-12-02,100.8435287475586,102.02238654877353,100.74037953313388,102.0002839487126,507100
2019-12-03,102.02237701416016,102.14026503174853,100.61511831555175,100.61511831555175,379800
2019-12-04,101.67609405517578,103.06861402406071,101.6539914558618,101.96343908867836,493600
2019-12-05,102.50128936767578,102.51602818159236,101.43295582835367,101.55084385484437,436600
2019-12-06,102.61917114257812,103.37069321264717,102.45707792663343,102.61917114257812,579800
2019-12-09,103.05387878417969,103.26755224151924,102.28026529652058,102.67812334039037,519500
2019-12-10,102.86231231689453,103.2380677356519,102.21393944460375,103.1791237252236,451700
2019-12-11,101.15296936035156,103.13491813915103,100.74774755911811,103.13491813915103,653000
2019-12-12,99.56153869628906,101.40349709003424,99.08999779718718,101.3077116559845,927300
2019-12-13,99.54679870605469,100.32042347077895,98.56687550306019,99.92992919530873,841500
2019-12-16,99.94464874267578,100.14358337875636,98.93525923344386,99.97412637001702,530000
2019-12-17,99.07524871826172,100.43830228539363,98.76580108926099,100.38672205934985,731300
2019-12-18,99.80465698242188,100.27619777960895,98.43423978396895,98.92788317771014,956800
2019-12-19,99.97411346435547,100.62985005778904,99.3994234720168,99.67202965641816,656100
2019-12-20,100.04043579101562,100.70353626548167,100.04043579101562,100.54881806790272,1230800
2019-12-23,100.06251525878906,100.60036379673792,99.62781590952105,100.32039385170039,565200
2019-12-24,100.15831756591797,100.85089562497521,99.99622435029094,100.25410298672129,132900
2019-12-26,101.04246520996094,101.05720402440734,100.06254203407042,100.50461652809157,222800
2019-12-27,101.4403076171875,101.4403076171875,100.70352440238834,101.35927225628247,325800
2019-12-30,101.41804504394531,101.78907762755074,101.03216798655123,101.4774116160841,277600
2019-12-31,102.30110931396484,102.30110931396484,101.23253361021851,101.23253361021851,458700
2020-01-02,100.60921478271484,102.80572173091541,100.27528766215264,102.62763330555843,605700
2020-01-03,101.39579010009766,101.56646192838835,99.74840442385454,99.74840442385454,456800
2020-01-06,102.10818481445312,102.51631165107476,100.7650371758199,101.70746323116492,587100
2020-01-07,100.33464813232422,101.8187786426444,99.89682102628669,101.45516259132977,619800
2020-01-08,99.80033874511719,100.7872866806471,99.22152887661315,100.56466488744984,628600
2020-01-09,99.85227966308594,100.4904561123524,99.55545814747991,99.84486308825105,652300
2020-01-10,100.23817443847656,100.58694600872025,99.65936445445875,99.94876944646767,498600
2020-01-13,101.49227142333984,101.63326563809387,100.17881270849466,100.32722349975559,523800
2020-01-14,101.21768188476562,101.4254592208299,100.32720596977369,101.4254592208299,468400
2020-01-15,101.90780639648438,102.20462792141853,100.86149183811608,101.52935725374101,540800
2020-01-16,103.3548355102539,103.36225208563508,101.99685489645573,102.17495461274619,430200
2020-01-17,103.5626220703125,104.43083703386299,103.21385050508066,103.61457207165279,791800
2020-01-21,104.1562728881836,104.49019996666856,103.08769717861853,103.56261845809006,609000
2020-01-22,103.81492614746094,104.74250772963273,103.42163246246147,104.63120246897905,481100
2020-01-23,105.47714233398438,105.52166443230053,103.03575291784965,103.74812913693987,559800
2020-01-24,105.38068389892578,105.55136706195032,104.74993521932633,105.4474783780741,449600
2020-01-27,104.66087341308594,105.18032812433994,104.40857395637303,104.78703446445904,600700
2020-01-28,104.76475524902344,105.75913118215864,104.64603342733426,104.89833286757063,786000
2020-01-29,106.06339263916016,106.80545797235969,103.68136926047997,105.32132730596064,913400
2020-01-30,106.55316162109375,106.59026715345243,105.26939172721829,105.76657415637216,753900
2020-01-31,106.37503814697266,107.10967535982861,106.03368321392753,106.36019367431462,917000
2020-02-03,106.2414779663086,107.44362001945792,106.14500586272905,106.85739346797631,771400
2020-02-04,107.27295684814453,107.92597792876428,106.38989733858402,106.56799708503061,939000
2020-02-05,107.64397430419922,108.39346739042384,107.07258093928874,107.54750220644368,595800
2020-02-06,107.13936614990234,108.34150802655819,106.80542778592887,107.88884784832113,897900
2020-02-07,105.90013885498047,107.08001990774456,105.52167832343993,107.06517543201306,641300
2020-02-10,106.23405456542969,106.53087611012072,105.52909490452642,106.08564379308417,844800
2020-02-11,107.0206527709961,107.22101356176815,106.40473724604293,106.40473724604293,517700
2020-02-12,107.61430358886719,108.13374698895072,106.72382757115015,107.17647649456681,563600
2020-02-13,108.02986907958984,108.37121278095543,107.39169246071287,107.39169246071287,492500
2020-02-14,109.25426483154297,109.29137035906905,107.8740229979003,108.17827247139003,616800
2020-02-18,109.4620361328125,109.4620361328125,108.34152173092251,109.45461955692514,524900
2020-02-19,107.52525329589844,109.69951042905426,107.5104201430431,109.66982147730869,680300
2020-02-20,109.02423858642578,109.09102174961919,107.37685262287727,107.57721343547601,527200
2020-02-21,108.17829132080078,109.04650646570956,107.79984204933363,108.69031825003347,811600
2020-02-24,107.11711883544922,107.85918405405845,106.62735307364314,106.9835412081309,792800
2020-02-25,101.47742462158203,107.23584698086053,101.26223067763829,107.19875277615863,1064700
2020-02-26,100.48306274414062,102.24917041900564,100.46080169147973,101.84104357154396,1230600
2020-02-27,95.16986846923828,100.39400285571455,95.16245189301223,99.80035971315054,1186500
2020-02-28,95.68187713623047,95.68929371104826,91.34821394798287,93.33694867009844,2158400
2020-03-02,99.83744812011719,99.84487601892907,95.30342924550251,96.19391655367558,1327900
2020-03-03,98.62045288085938,101.97459049444514,97.84871011500674,99.74839506758136,1148400
2020-03-04,102.49405670166016,102.68700092844169,99.49611783993416,100.00814471405744,834600
2020-03-05,101.46255493164062,102.27141447204916,99.49608700439558,100.87632850222128,857100
2020-03-06,98.38301849365234,99.5628995990612,95.15502992057152,98.80598982522513,1041900
2020-03-09,91.17012786865234,94.44263234696491,89.99024129622106,92.17933695974159,1695300
2020-03-10,96.66883087158203,96.75045849151829,91.3779026952953,93.97513073670147,1588500
2020-03-11,90.00508880615234,94.37585238214325,89.17397374383606,94.03450306945304,1314000
2020-03-12,83.0296859741211,87.15556723093722,80.22468004562327,83.62334047879646,1870500
2020-03-13,86.86616516113281,87.74180247137862,82.88127798794972,87.6304915402905,1659000
2020-03-16,71.92839050292969,82.12436624566227,71.75029641430146,79.05221632465765,1617000
2020-03-17,78.54019165039062,81.1819480696592,69.93223497215,73.68708938416113,1623400
2020-03-18,65.45758056640625,74.03585377117615,63.46884530152949,72.02485745275558,1498100
2020-03-19,63.4985237121582,65.91765803128148,61.38363886543617,63.97344502294811,1519100
2020-03-20,60.84933853149414,71.11951685392032,59.832707300813084,64.4409309175368,2424000
2020-03-23,57.82915115356445,62.28896535359383,57.29486321233848,60.849356807680415,2675400
2020-03-24,64.99748992919922,65.55403884442975,58.08144230239479,60.1072828448976,1897500
2020-03-25,67.42404174804688,72.55170912487853,64.29252582717773,65.29431267361728,2039300
2020-03-26,68.9378662109375,69.32373766864531,66.22932678437286,68.24032303032122,1698900
2020-03-27,69.62055206298828,71.89126960758071,64.56709020923543,66.38514755995045,1689200
2020-03-30,69.71053314208984,72.05021749031556,66.74093707776623,70.43043469817414,1625700
2020-03-31,69.16311645507812,70.39294909786297,66.77843984845495,69.02063396019115,1526900
2020-04-01,63.92881774902344,66.56096187648104,61.93408590941376,65.64608521147323,1626300
2020-04-02,62.00908660888672,65.59359924094068,59.92437044020393,62.84896896676211,1902000
2020-04-03,62.271549224853516,63.913828166677064,60.53928615773734,61.42416629115453,1855300
2020-04-06,68.03077697753906,68.94565384968618,64.61124244543393,65.99855320279973,1800400
2020-04-07,69.48558044433594,73.97746973825531,69.38058941692397,72.36518722069057,2103600
2020-04-08,74.9223403930664,75.55975279099869,69.26810663817952,70.51293481609468,1272100
2020-04-09,79.4892349243164,80.35161927765519,76.62462310212113,76.69211121575242,1938400
2020-04-13,75.4097900390625,79.7367075139485,73.99248235601189,78.6118597831927,1147800
2020-04-14,79.2492446899414,79.5492051243584,77.12703133893282,77.12703133893282,918800
2020-04-15,74.74988555908203,77.5995022562472,73.9849915772759,76.55713803793181,1091500
2020-04-16,70.54293823242188,74.86235437181706,69.97301387899844,74.86235437181706,1149400
2020-04-17,71.61531829833984,73.76752940005275,71.13538363864963,72.77016286111707,1685400
2020-04-20,68.57071685791016,71.05287892408185,68.49572243506303,70.49795566689457,1113500
2020-04-21,66.31349182128906,67.24336389992439,64.97867406616689,66.05852348219645,1725000
2020-04-22,67.99327087402344,68.90814762643434,66.83093205484897,67.68581557599076,1208400
2020-04-23,66.68095397949219,68.4807110037083,66.21602070544802,68.20324657922365,1180200
2020-04-24,67.76079559326172,68.0607559899969,66.12601743838705,66.9809008502577,1096100
2020-04-27,70.59544372558594,70.76042230957152,68.12077640834515,68.47322961571953,1377400
2020-04-28,72.79264831542969,74.13496733817536,72.07274643061616,72.74015564845178,1248600
2020-04-29,73.67752075195312,77.1945462196724,73.52004276819612,75.73974143457777,1521300
2020-04-30,72.8751220703125,73.4750430403721,71.28533550454382,72.44017965308281,1427500
2020-05-01,69.68806457519531,71.1503642933087,69.35061255448338,70.92539818659115,996600
2020-05-04,67.24337005615234,68.9081449714768,66.51596788853136,68.51820042579061,1714600
2020-05-05,65.5635986328125,68.80315856757966,65.4736087908329,68.21823889788503,1375600
2020-05-06,62.4515266418457,66.05853546846456,62.33904075775522,65.57110617285531,1523100
2020-05-07,64.37876892089844,65.05367854574229,62.923970086535114,63.60637457518217,1954700
2020-05-08,65.17366027832031,66.44098444250275,64.58873483184804,65.88606133413998,1843600
2020-05-11,62.886474609375,65.34614022411115,62.863978574807454,64.64873454616594,1673700
2020-05-12,59.069488525390625,63.08144913996815,58.91951114894313,62.9389666274539,2575500
2020-05-13,56.09239196777344,58.39457939019732,55.76993548809265,58.364582773335194,3014400
2020-05-14,57.517208099365234,57.6071979718852,53.67023115915591,55.07254330258564,3009900
2020-05-15,56.20489501953125,56.75232348798991,54.780092326565175,56.22739678229421,2998300
2020-05-18,60.68928146362305,61.611659069562215,58.77703813781485,58.77703813781485,2837100
2020-05-19,58.357086181640625,60.93673819558879,58.004633060982584,60.35181842993079,1961000
2020-05-20,60.61427688598633,60.74925879976002,58.462066850058456,58.99449392070202,2015300
2020-05-21,59.92438888549805,61.23671119489304,59.45194919250226,60.53930539590657,1839700
2020-05-22,58.49956512451172,60.539289316178845,57.359716560335514,59.90937179991943,2020000
2020-05-26,63.381404876708984,63.55388401144409,61.05672117806655,61.34918107156804,2187700
2020-05-27,66.5984878540039,67.02592979518279,62.53403911910696,65.77360059995524,2861500
2020-05-28,65.81106567382812,68.01576242570002,64.87369295174699,67.4908359898422,1730800
2020-05-29,64.47624969482422,65.77357037573569,63.246411384373026,64.87369482506033,2389600
2020-06-01,66.74095153808594,66.97341819016492,64.19879665068518,64.3487740285548,1118200
2020-06-02,67.6483154296875,69.06562255938972,66.97340591047949,67.82079453175645,1662000
2020-06-03,71.64530181884766,72.36520367664305,68.25575746863075,68.66820392317197,2562900
2020-06-04,72.73263549804688,72.80012932101947,69.72554739371961,71.14285474217333,1982700
2020-06-05,76.51961517333984,79.69168144492008,76.06967738489995,77.3370014881909,2451900
2020-06-08,80.35911560058594,80.91403881677344,78.52186108072733,78.62684639943117,1945500
2020-06-09,78.23689270019531,79.40673224263014,77.3370112880169,77.78695485474117,1915600
2020-06-10,75.1023178100586,78.01942181396437,75.08731663976373,77.52448617709638,1862200
2020-06-11,69.4330825805664,73.64001260607462,69.07313459151027,70.26547017200515,2163200
2020-06-12,72.39518737792969,72.87512186411122,69.11063466538656,72.68764727665686,1789800
2020-06-15,71.20285034179688,71.67528999242639,68.99815295018517,69.05814047364053,1138200
2020-06-16,74.3674087524414,75.33477819024873,72.30518854627772,74.51739183656055,1137700
2020-06-17,73.02510833740234,74.92985106963707,72.8526348993823,74.73488159372494,1463800
2020-06-18,71.11285400390625,72.74013186953229,70.86538620279177,71.67527770392842,1864500
2020-06-19,68.0607681274414,73.16757348084134,67.978278860597,72.61265036674509,3879600
2020-06-22,70.21297454833984,70.5204355922027,67.43835317509848,68.24074411329411,2805000
2020-06-23,69.44058227539062,71.40531790480453,68.30073936296695,71.03786933531711,1300500
2020-06-24,67.25839233398438,69.23812374079813,65.54112423465142,68.22576199978876,1300600
2020-06-25,67.52835845947266,67.85830989066537,66.20853557088822,66.68096953996692,1647600
2020-06-26,65.4211196899414,67.76080421670888,65.26364174889976,67.2133759939046,1827700
2020-06-29,68.00733184814453,68.37137498687309,65.89893100748795,66.7331895419987,1223200
2020-06-30,68.54580688476562,68.79608617742447,67.07448011133431,68.13626052939732,1515600
2020-07-01,68.29554748535156,70.16883520203018,67.91633846163784,68.73542555529392,716300
2020-07-02,69.43315887451172,70.73005274834738,68.56097715970458,69.7441071948664,731600
2020-07-06,69.28148651123047,71.09410515645887,68.77334781522947,71.06376774063143,1022900
2020-07-07,66.95313262939453,68.0073330686421,66.77869974920596,68.0073330686421,1050300
2020-07-08,66.42223358154297,67.57502611360613,66.14920270542586,66.95312373717691,955600
2020-07-09,64.51103210449219,66.18713516093896,63.90430118682465,66.0278680780661,1558900
2020-07-10,66.27813720703125,66.57391971347717,63.24446572654457,63.927042966907905,1693900
2020-07-13,68.42445373535156,69.50899140326489,66.3084674132157,66.8848665520503,1484000
2020-07-14,70.1157455444336,70.6921448754903,68.2955468758679,68.42447655407506,1700200
2020-07-15,70.66938018798828,71.76908382901797,69.81995005651616,71.15476718132395,2344700
2020-07-16,69.22838592529297,70.58595467906096,69.16013109077637,69.7896135587507,985400
2020-07-17,70.58594512939453,70.69212315956834,68.76574123370705,69.3724777943591,1076500
2020-07-20,67.90115356445312,70.2674194921387,67.79497552150595,69.76686090144258,1342200
2020-07-21,69.42556762695312,70.03229840848094,68.19692868098603,68.19692868098603,1271200
2020-07-22,70.6390380859375,70.75280192069104,68.56097479709756,68.74299346094182,1109000
2020-07-23,69.38007354736328,70.75280812462174,68.28036409667682,70.15365727623453,1195000
2020-07-24,68.7657470703125,69.99438610609475,68.20451946514888,69.32698046174528,1524600
2020-07-27,68.0528335571289,68.21968061711848,65.87617232995024,67.88598071087057,1675300
2020-07-28,69.1146240234375,69.37248912904091,67.33234304143693,68.05284354821647,1579600
2020-07-29,68.705078125,69.01603225653227,66.05820114542696,69.01603225653227,1542500
2020-07-30,66.9455337524414,67.2868252193795,65.31494018227677,67.00620856251062,1428400
2020-07-31,67.56744384765625,67.65087027451284,65.7093224195282,66.87728660925147,2039900
2020-08-03,65.40596771240234,66.8924663210626,65.13293676527391,66.74837083349553,986900
2020-08-04,66.14163208007812,66.54359268816378,65.31495925005592,65.40596570545944,1152000
2020-08-05,65.70174407958984,67.02897547500288,65.2618660718179,66.77111615273209,1342600
2020-08-06,66.96830749511719,67.07448554552575,65.29978452848171,65.36804515304136,1233000
2020-08-07,68.2879409790039,68.30310678939497,65.94442691417377,66.1947061826421,1085100
2020-08-10,68.97811889648438,70.0095679008588,68.25003826744428,68.55340664277861,1242700
2020-08-11,68.22726440429688,70.62386742305453,67.99974253668948,69.8957870314274,1274100
2020-08-12,66.86970520019531,69.06153247963152,66.74077554523303,68.7809215583924,1311700
2020-08-13,65.40596771240234,67.30959854202833,65.36805028357743,66.3767418416278,1690000
2020-08-14,65.55006408691406,66.26297881627274,64.98125062062229,65.22394413478932,1402500
2020-08-17,65.42112731933594,65.55005696899049,64.41243015993913,65.55005696899049,893100
2020-08-18,64.94332122802734,65.24668953843353,64.20766074209912,65.24668953843353,1072600
2020-08-19,63.836029052734375,65.24668671678924,63.63125877917048,64.84472618204859,1240200
2020-08-20,64.6702880859375,64.90540155614505,63.267216208489685,63.487158081254655,873400
2020-08-21,63.9042854309082,65.04191213060116,63.684343574615326,64.78404706981108,1115500
2020-08-24,66.08094787597656,66.13403689618576,63.07003374944211,63.59333815257007,1363400
2020-08-25,67.0517349243164,67.13515557692551,65.37562613321711,66.25539374820625,1586300
2020-08-26,65.18604278564453,67.02141925002165,64.67031817178407,67.02141925002165,1421700
2020-08-27,67.10481262207031,67.2034048576154,65.34528347539516,65.34528347539516,906600
2020-08-28,67.45369720458984,67.73430815485808,66.39191087200217,67.04415079975159,1038000
2020-08-31,65.88378143310547,67.3854460080706,65.31496786671273,67.21101308802183,1140300
2020-09-01,64.73854064941406,65.55004742358152,64.61719103004367,65.18600435173866,825000
2020-09-02,65.98995208740234,66.12646755944739,64.37451803715766,64.7309754245125,1218500
2020-09-03,66.46017456054688,68.4472320219707,65.76243131257361,66.32365907409378,901200
2020-09-04,66.5966796875,67.50678471770547,65.39079789997184,66.58909967396062,1098100
2020-09-08,65.66382598876953,66.55117358114678,65.4287124950161,66.30848007418199,1750800
2020-09-09,64.8523178100586,66.64976457310817,64.60962430766807,65.96719307569515,1542900
2020-09-10,64.0863037109375,65.48937547516584,63.82844443791188,64.64753125937513,1791100
2020-09-11,63.10795974731445,64.18491189577064,62.56948367308635,64.1166570546278,1414400
2020-09-14,65.15567016601562,65.62588545687849,63.69950372228582,63.69950372228582,986200
2020-09-15,66.56633758544922,67.923906342183,65.41354490525147,65.41354490525147,1044500
2020-09-16,68.20453643798828,68.77334998357823,65.55007322523524,66.55877063478634,1771100
2020-09-17,66.6421890258789,68.18936237714898,66.27814585476305,67.45369602134082,1466900
2020-09-18,64.36692810058594,66.39190246853033,64.24557846135502,65.95960450474142,2147300
2020-09-21,61.51527786254883,63.98772189822458,61.27258435996081,63.707105185185185,2080500
2020-09-22,61.0526237487793,63.22169879455661,60.82509612837613,61.469755790762534,2217200
2020-09-23,59.91500473022461,62.053742642308464,59.869501514946805,60.73409732283591,1610200
2020-09-24,60.203224182128906,60.9995654683989,59.49031513254913,60.05912868380751,982500
2020-09-25,60.96163558959961,61.037482017163356,59.46755701867637,59.59648668750268,844600
2020-09-28,62.74392318725586,63.73744890775264,62.106849063458995,62.35712839017455,1297100
2020-09-29,61.61568832397461,62.759276333110044,60.633276676746696,62.406222513364725,939600
2020-09-30,61.63101577758789,63.02020611197911,60.84815280099837,62.03011814489991,1320900
2020-10-01,63.57281494140625,63.62654037357624,61.684742225046904,61.86126613547706,885800
2020-10-02,65.44554138183594,65.65277225415065,61.95337619566956,62.35247861342468,1098800
2020-10-05,64.85456848144531,66.26678349329543,63.948906817538216,65.94443083045584,941300
2020-10-06,63.657249450683594,65.78324851138781,63.4039698719487,65.30739044124651,1296000
2020-10-07,63.2274284362793,64.46311915935887,62.95112455685575,63.84911509279857,1213500
2020-10-08,64.60127258300781,65.0464294940416,63.50373377442877,63.75701331232379,1566000
2020-10-09,63.534427642822266,64.85454475702618,62.93577124350469,64.85454475702618,970800
2020-10-12,63.47304916381836,63.87983421916803,62.82834383346959,63.53445134450898,809700
2020-10-13,61.21657180786133,62.78996308942806,60.71001262414966,62.613439147686584,1396600
2020-10-14,61.10143280029297,61.70776601825789,60.733025657562976,61.216560398373154,1011100
2020-10-15,61.01702880859375,61.62336225037422,60.479774293413605,60.63327391042649,725100
2020-10-16,59.61246109008789,60.79442641543637,59.28243177290855,60.756054454053924,1109400
2020-10-19,58.33073425292969,59.48967548095358,58.16955792674899,58.96776867709674,1137700
2020-10-20,58.438175201416016,59.604792967281796,58.3000232516591,59.25173343018843,769900
2020-10-21,58.36912155151367,58.576346617197345,57.48648412672924,58.08514082274313,868700
2020-10-22,59.267086029052734,59.466640143687705,58.184894795920364,58.392125645327084,622300
2020-10-23,59.61246109008789,60.04994126815047,58.96007919025881,59.750613033456744,525700
2020-10-26,57.87790298461914,59.12126481560718,57.28691730082413,59.098240464016094,1013600
2020-10-27,56.59615707397461,57.9853534516765,56.44265749403237,57.54019647195692,1204700
2020-10-28,54.60832595825195,56.04356560280168,54.1785164686084,56.04356560280168,2042700
2020-10-29,54.98438262939453,55.43721630005974,53.48774137811344,54.28595199734104,1604300
2020-10-30,55.57537078857422,55.68282165995095,54.500856219173585,54.876934268992144,1073900
2020-11-02,58.36912155151367,58.42284700229351,55.506307474041016,56.22776854648594,1230000
2020-11-03,59.788997650146484,60.11902700485935,58.5533067538239,59.02148806761735,996000
2020-11-04,57.17179489135742,59.68922572545161,57.11039856673708,59.68922572545161,1041600
2020-11-05,57.36366653442383,58.16955396608992,56.9031619401719,57.225514570584885,1727900
2020-11-06,56.342899322509766,58.215619322271614,55.667486925803765,57.83186440801058,1254000
2020-11-09,68.1318359375,74.0263108792545,63.91820917286739,63.91820917286739,4745200
2020-11-10,71.01766204833984,71.63934294788679,68.02437344997396,68.60768238306463,3635000
2020-11-11,69.68988800048828,70.60322062585159,67.74041252279102,70.60322062585159,1640900
2020-11-12,66.8424072265625,69.25239272072676,66.25910415557848,68.98375968034627,1423300
2020-11-13,70.3192367553711,70.38830981367204,67.50247186898638,67.54852643015431,1743500
2020-11-16,74.14144134521484,74.72475040003502,72.35314220629029,73.71931449230182,1664400
2020-11-17,75.5689926147461,76.26742914390285,72.31475363208223,73.02853777637463,1851200
2020-11-18,73.77302551269531,76.6665341538153,73.77302551269531,75.76087258357762,1606800
2020-11-19,74.77078247070312,75.18523834986313,72.23800435001439,73.06691025270095,1445800
2020-11-20,75.5075912475586,75.68412102948339,74.01094989146482,75.3157138503346,1514400
2020-11-23,77.05030822753906,77.98667111890931,76.1062744542386,76.31349952342026,2204400
2020-11-24,80.15103912353516,81.30230368672548,78.52391643286447,78.52391643286447,1741900
2020-11-25,78.55461120605469,79.5754004420043,77.45707217652527,79.3758462941897,1635400
2020-11-27,78.61602020263672,79.16862813336088,77.56452978691797,78.87697069457067,427700
2020-11-30,75.33876037597656,78.53927464958902,75.25433383445957,78.07876996762751,2230400
2020-12-01,76.62049102783203,77.31125089534501,76.1983583711202,76.73561864835652,1196200
2020-12-02,77.5568618774414,78.0557385259161,76.06021436511341,76.71259647557886,1240400
2020-12-03,79.3067626953125,79.69051746783724,77.55684186950104,77.71034143625768,882600
2020-12-04,80.83411407470703,81.34067324169585,79.71355071651107,80.08962879599339,814300
2020-12-07,79.0151138305664,80.7266628768402,78.8462666312024,80.7266628768402,817800
2020-12-08,77.87153625488281,79.1072273846944,77.5491835746627,78.34739439399429,1051600
2020-12-09,77.11936950683594,78.43948113985734,76.31348206031419,78.10945176769356,1358600
2020-12-10,78.20922088623047,78.393421530575,76.03716754963476,76.40557469395671,1493300
2020-12-11,76.73562622070312,78.24761548659819,76.11393935077577,77.28055743228381,687300
2020-12-14,75.59969329833984,77.89454529289485,75.30036503190368,76.75095766328917,1217500
2020-12-15,77.51847076416016,77.54917185129725,74.7170595109623,75.9757748054148,1499300
2020-12-16,77.28821563720703,80.93388629661555,76.57443146335012,79.72889643920482,1327800
2020-12-17,77.07333374023438,78.90001083624254,76.55910357271743,78.90001083624254,1311100
2020-12-18,73.76534271240234,77.54916499701453,72.982479698685,77.38031196050166,3082600
2020-12-21,72.1843032836914,72.79063090844342,71.00233741940099,72.70621021265555,1561900
2020-12-22,71.29397583007812,72.7368919634238,70.86417227028033,72.7368919634238,1448900
2020-12-23,71.07139587402344,72.59873851219801,70.72601885698644,71.9463564491091,1014000
2020-12-24,72.0921859741211,72.15358815514874,70.20411282477822,71.53190131960386,367300
2020-12-28,73.0208740234375,73.2818303722064,71.67005528163446,72.11521232294737,762400
2020-12-29,71.60096740722656,74.0262945668892,71.38606566777163,73.35856499867327,820500
2020-12-30,72.81099700927734,73.29190103934513,71.98879574887263,72.08963504637651,707900
2020-12-31,73.32293701171875,73.45479742846102,71.61649207630144,72.43092928365067,562900
2021-01-04,70.44525909423828,74.43214072785103,70.39096327112686,73.92020952677203,1240100
2021-01-05,69.8790283203125,71.99657732295881,69.80146370171836,70.83309029064351,1200500
2021-01-06,70.91062927246094,71.9577660394064,69.62304049946549,70.32113365002877,1960000
2021-01-07,70.00313568115234,70.93392292973701,69.3283110793578,70.93392292973701,1179600
2021-01-08,69.84022521972656,70.49177489570963,69.14213205417396,69.847983454288,1123300
2021-01-11,69.49118041992188,70.02638620299957,68.86289948695203,69.07233040980829,1534100
2021-01-12,70.94168090820312,71.11232661730838,69.18869214803225,69.94883960191905,1075500
2021-01-13,71.43032836914062,72.08188403860125,70.85634321870609,71.0114783389585,1302100
2021-01-14,73.33847045898438,73.68751421181457,71.3605400788099,72.11292932866294,1209900
2021-01-15,73.80384063720703,74.02878210868356,71.88020669501437,73.07472041364862,1026600
2021-01-19,72.36112976074219,74.10636012159398,72.02759661062294,74.10636012159398,1139300
2021-01-20,72.57054138183594,73.58665711704408,71.76385656517422,72.01982505770906,947400
2021-01-21,71.34503173828125,72.76448150598418,70.40648026781231,72.1439586019188,1472700
2021-01-22,70.81756591796875,71.05025972835402,69.92555818365877,70.65467255755918,809100
2021-01-25,70.80205535888672,71.3217447550568,69.42138518145556,70.35217233632139,1107000
2021-01-26,71.91899108886719,72.22149715292586,70.76326264110975,71.38378532116373,944000
2021-01-27,69.59202575683594,71.41482058646667,68.60693693786702,71.36052477172193,1582900
2021-01-28,71.29847717285156,72.95838470844933,69.41362812215684,69.76267774950061,1576500
2021-01-29,70.79429626464844,72.58607009686256,69.86350912106214,70.44525256525365,1633700
2021-02-01,69.98760223388672,71.32172860909193,68.94045952446655,71.0502495768641,1527200
2021-02-02,70.19703674316406,70.33665539549783,68.94822710778986,70.33665539549783,1223600
2021-02-03,70.60039520263672,71.04252006754724,68.94824563750822,69.79371601435905,1000900
2021-02-04,71.68631744384766,72.29132979189245,70.63918023240078,70.98047167706254,1013000
2021-02-05,71.45358276367188,72.44642357985695,70.87959185860394,72.44642357985695,878900
2021-02-08,73.95897674560547,74.08308484539081,71.37603461737207,71.59322379199644,1132100
2021-02-09,74.44763946533203,74.59501042563852,73.48581951678709,74.23045030682869,752300
2021-02-10,73.4315414428711,75.84383829639843,73.2841704469694,74.92856161964721,1106400
2021-02-11,73.6332015991211,73.76506201632526,72.38439195901135,73.47031415708068,896400
2021-02-12,72.98941040039062,73.79609536182645,72.39215639508738,73.25313717518715,593700
2021-02-16,71.91899108886719,73.62543585626476,71.73283487663092,73.29966100540148,1258400
2021-02-17,71.9422607421875,72.3533584281521,71.1200653702583,72.3533584281521,912600
2021-02-18,71.10455322265625,71.9732921393637,70.56159509833893,71.58546321690855,795600
2021-02-19,71.54667663574219,71.99655959775066,70.70897067624317,71.21314353188068,903800
2021-02-22,74.81995391845703,75.04489540033559,71.58546217263695,71.87245770147504,1610700
2021-02-23,78.45003509521484,78.8223534699875,74.62604162779898,75.23881204427494,2203900
2021-02-24,81.20361328125,81.58368392897445,78.44226761477681,78.8999087732116,1347500
2021-02-25,79.67558288574219,82.94886027127923,78.96197901606311,81.5061360594757,1493600
2021-02-26,76.89097595214844,79.67559126905367,76.8677071588324,79.07057897163273,1360800
2021-03-01,78.5663833618164,80.11769904256832,77.77520905066511,78.17855444162844,1193100
2021-03-02,78.64395141601562,78.88440346339594,77.01507106325228,78.10099327102782,1256700
2021-03-03,81.0872802734375,82.1266590534675,78.81460231412673,78.90768339563105,1411000
2021-03-04,78.27941131591797,82.0258412292125,77.16246771477411,81.25018315612303,1618700
2021-03-05,79.31877136230469,79.79967542957067,77.15468530620898,78.98523825865267,834300
2021-03-08,83.61592864990234,84.04253696801176,79.1946748226742,79.80744530798093,1224900
2021-03-09,82.04133605957031,84.27523466922402,82.01031495025875,83.61592661704718,1441800
2021-03-10,82.6153335571289,83.46079791939326,81.28120087740828,82.00256303945254,830900
2021-03-11,83.22032928466797,84.27522440681375,81.95600915226953,82.61531712416074,1397800
2021-03-12,84.22869873046875,85.60161669385886,83.12726579922757,84.02703191283926,1268400
2021-03-15,83.02642822265625,84.18215691875183,82.04909754226237,83.33669258825118,856000
2021-03-16,82.23523712158203,83.19705705170065,81.28893957918692,82.97211558019546,726100
2021-03-17,82.30504608154297,82.64633739251862,81.14931766637427,82.01029826066345,708300
2021-03-18,81.97927856445312,83.38321735364181,81.4983685758196,82.47569910597176,973200
2021-03-19,80.97093200683594,82.46795207003423,80.80028631292726,81.65350886467021,1356900
2021-03-22,79.45838928222656,81.32772155841046,79.37306644827216,80.67617182763087,1371900
2021-03-23,79.31101989746094,80.23405468776312,78.70600768518896,79.32653045155504,1016900
2021-03-24,79.69884490966797,81.13381076341103,79.6755761207759,79.6755761207759,1076800
2021-03-25,81.1881103515625,81.40529361505283,78.11650580119918,79.31101966819605,727700
2021-03-26,83.0496826171875,83.14276368606986,81.2113714519077,81.59920036221824,764400
2021-03-29,79.95481872558594,82.7937235968887,79.84622709168802,82.57654032909288,1463000
2021-03-30,80.66744232177734,81.15296236175719,79.75903996699915,80.22890057568362,1122700
2021-03-31,79.29701232910156,80.52648381370285,78.72534450396,80.1819165780229,1268900
2021-04-01,81.64632415771484,81.75595810472151,79.55543451214021,79.55543451214021,776700
2021-04-05,81.4583511352539,82.32759572664365,80.06442909849567,82.04567823891723,1199800
2021-04-06,81.64632415771484,81.88125148361398,80.84755571569252,81.02767204269036,1450900
2021-04-07,81.99088287353516,82.55471799747174,81.12163805323323,81.84209736415322,856400
2021-04-08,81.34090423583984,81.92823143872555,80.86321096619137,81.66980603555153,768200
2021-04-09,82.02220153808594,82.31978448365793,81.20777375087013,81.66980759944704,963400
2021-04-12,82.37459564208984,82.56253866446968,81.28608309329681,82.31194597642958,947500
2021-04-13,82.6956787109375,82.87579503652702,81.58367384307759,82.3824363042525,1185400
2021-04-14,82.78182220458984,83.56492524991708,82.34328641107926,82.85230458546238,833300
2021-04-15,82.60169982910156,83.40829489247031,82.12400656300142,83.06372769079775,817100
2021-04-16,82.57037353515625,83.03240138868438,81.82642217875181,83.00107655503145,1193600
2021-04-19,83.12638854980469,83.37698128259228,81.74812553217193,82.84447097859339,983800
2021-04-20,83.11070251464844,83.1576927479217,82.06918027493289,82.1866409216147,1052100
2021-04-21,84.10526275634766,84.18357186083274,82.62519857555324,83.14204344483618,1622400
2021-04-22,83.00892639160156,84.50465614061785,82.46858335510423,84.18358101035064,1595200
2021-04-23,83.04808807373047,83.47095849990193,82.69568808578406,82.97760568630012,798800
2021-04-26,84.05043029785156,84.49679868322653,83.25949474671326,83.25949474671326,1124000
2021-04-27,84.65341186523438,85.18592201060973,83.51008248905202,84.2775258653225,904400
2021-04-28,84.21487426757812,84.87267773957412,83.76067321809512,84.87267773957412,1394800
2021-04-29,85.68711853027344,86.31360324483823,84.6455902315149,84.6455902315149,796100
2021-04-30,85.6323013305664,85.7967522234026,84.8335389975619,85.4600177358044,1369000
2021-05-03,84.63777160644531,86.1413278958133,84.34802135266645,85.85157764203444,909100
2021-05-04,84.90403747558594,85.69497328699694,83.96431613648961,84.83356106372487,794800
2021-05-05,83.15769958496094,84.88835629203675,82.50772273841272,84.47331270736893,1150800
2021-05-06,84.19139099121094,84.52812546335355,83.04806152115948,83.54141417702392,771400
2021-05-07,84.7004165649414,85.06064319914199,83.58057912563469,83.79201428987804,905500
2021-05-10,84.73958587646484,86.564217536436,84.67693619445495,85.45221256647172,1065400
2021-05-11,84.25405883789062,84.81789402031742,83.14988658447349,84.1835824273885,706200
2021-05-12,81.29390716552734,84.59076953706241,81.08247201908053,84.26970046659122,1399100
2021-05-13,83.01673889160156,83.61189278521222,80.81621571195394,81.09030650263881,1243500
2021-05-14,84.73173522949219,84.8413691624918,83.10288566438311,83.16552935852485,1049300
2021-05-17,86.25096893310547,86.51722707530591,84.32453615858104,84.7317471133203,1427600
2021-05-18,88.02861022949219,88.60810477088755,85.85941159511225,86.24313038843874,1511800
2021-05-19,85.70278930664062,87.66054669413076,84.72391061289555,87.66054669413076,1370800
2021-05-20,86.53287506103516,87.12803496963744,84.96666917757751,85.59315392080109,1351400
2021-05-21,87.77017974853516,88.36533368664303,86.65817499751108,86.82262589945678,1180500
2021-05-24,90.04901885986328,90.28395216682587,88.03644424217138,88.34968665992076,1054100
2021-05-25,89.61045837402344,89.90803530287812,88.52194590252276,88.92133002449656,1682300
2021-05-26,90.88693237304688,91.372458384464,89.0857990557287,89.88456148782602,1308400
2021-05-27,91.34896087646484,91.88929785257228,90.91041915902808,91.38028571161043,1950300
2021-05-28,92.06156921386719,92.37481154905862,91.27063963639455,91.74833285327635,676500
2021-06-01,93.97234344482422,94.13679432890058,92.25734626508395,92.40613772074381,1124800
2021-06-02,95.08435821533203,95.1235157524503,93.54164445665332,94.89641518128731,921600
2021-06-03,94.06632995605469,95.08436022199942,93.67477847501407,94.7946159497743,890800
2021-06-04,94.18379974365234,94.58318396588791,93.3615451385815,94.28560696232923,826100
2021-06-07,96.43910217285156,96.87763778877213,94.12111881432908,94.49700477808966,850800
2021-06-08,95.81265258789062,96.88550586815023,95.6795265093874,96.16505252902496,1068500
2021-06-09,95.83613586425781,96.46262060752285,95.70300979805943,96.1023939712559,567800
2021-06-10,96.07890319824219,96.51743893997124,95.42109361104724,96.26684623404016,1391100
2021-06-11,96.45478057861328,96.51743024310124,95.20964986356951,95.76565219304825,999100
2021-06-14,97.1282730102539,97.29272393833025,96.52528627397398,96.7132293382609,1111100
2021-06-15,95.53856658935547,97.24573137887064,95.10785754685783,96.86201257939206,1374000
2021-06-16,94.83377838134766,96.40781718840883,94.61451048277239,95.53857232291251,1493200
2021-06-17,93.3928451538086,95.35060222828706,93.15791191503101,95.13916111846713,1038200
2021-06-18,91.82667541503906,93.18144049475971,91.79535057264168,92.42182949678092,1863000
2021-06-21,93.68260192871094,94.05849396619713,92.42963842809239,92.60192202966518,1133100
2021-06-22,92.21820831298828,93.47900458486403,92.01459986592843,93.39286277936183,1349600
2021-06-23,92.96998596191406,93.68260656094539,92.11640061407918,92.73505268004351,1299600
2021-06-24,93.24407958984375,93.67478865563871,91.92846623158168,93.20492204764345,1242600
2021-06-25,93.81575012207031,94.16031140994328,92.80554644539704,93.36938161141023,880700
2021-06-28,91.41162109375,93.82357393223488,90.07250962882678,93.65912300969741,1437700
2021-06-29,89.89531707763672,91.877542751234,89.86372703171838,91.17468079881047,912900
2021-06-30,90.49552154541016,90.94567523891213,89.68209733996068,89.68209733996068,927800
2021-07-01,90.77194213867188,91.83808082648585,90.17964219819895,90.50342969922713,803600
2021-07-02,91.66432189941406,91.84596316591995,90.47182321544616,90.90617883631755,849200
2021-07-06,91.83015441894531,92.01179566426539,90.17171628528045,91.51426000653659,1378100
2021-07-07,90.32965850830078,91.0799084745525,89.83212888661065,90.87457620718854,1534000
2021-07-08,89.59520721435547,90.48760936818724,88.75019313805885,89.47675208347928,1008900
2021-07-09,92.53302764892578,92.58830872597458,90.2506994283336,90.68505505170673,925700
2021-07-12,93.74922180175781,93.97824513898436,92.00391225791326,92.02760328845639,828800
2021-07-13,91.86175537109375,93.95454932348358,91.64063106370503,93.73342501609484,460700
2021-07-14,92.2408447265625,92.6515033597662,91.49849355383246,91.6564377915601,648300
2021-07-15,92.0907974243164,92.4303829726319,91.53008752364416,92.067106390162,413500
2021-07-16,91.71959686279297,92.63569010204883,91.4589835076407,92.46194786528064,545600
2021-07-19,87.43136596679688,90.21123033582644,86.47578947281373,90.187533277554,1555800
2021-07-20,91.64064025878906,91.84597257561796,87.6524852318961,87.9604806945464,1064000
2021-07-21,92.43036651611328,94.15988400369822,91.86965671527112,92.32770337799367,626500
2021-07-22,90.42444610595703,92.00391241348467,89.80055619146133,91.98812040149114,912600
2021-07-23,90.74032592773438,91.47477788320747,89.84003075975895,91.19837252903692,796800
2021-07-26,91.11939239501953,91.74328219505355,90.27437831652985,90.58237370797663,719800
2021-07-27,91.798583984375,92.20134959686092,90.26650569847874,91.09572192984851,725900
2021-07-28,93.18852233886719,94.26256002749956,89.65841379132264,93.00688104254837,1292300
2021-07-29,93.5123062133789,94.68900693278512,93.44912611463856,93.93086382345848,618500
2021-07-30,92.69888305664062,94.96541956373616,92.60411892650083,93.8834828848785,926300
2021-08-02,91.87754821777344,94.94961559537224,91.79068311781121,93.41753141569576,514400
2021-08-03,91.66432189941406,92.47774603924097,90.10854670761984,92.47774603924097,599200
2021-08-04,90.57450866699219,92.16186816655299,90.51132856074064,91.00885834080181,516400
2021-08-05,92.29611206054688,92.38298318590957,91.24576556311474,91.49847992093743,539100
2021-08-06,93.10953521728516,93.74921711068399,92.66728057692866,92.97528203413474,564600
2021-08-09,92.57251739501953,93.05425508077865,91.7590932445302,92.43826421051239,363100
2021-08-10,91.82228088378906,92.81734645020772,91.70382571829936,92.73837433148577,520600
2021-08-11,93.26748657226562,93.31487465979545,91.59325610079885,92.30401113670065,820500
2021-08-12,92.90421295166016,93.55179393315878,92.15396882346539,93.17272537213752,510100
2021-08-13,93.117431640625,93.37803898148259,92.67517701259251,92.8963013140161,431400
2021-08-16,92.39877319335938,93.93875033650787,92.13815982292334,92.79363974546774,568700
2021-08-17,91.57746124267578,92.10658104117248,89.79266252179752,91.56166922974153,907900
2021-08-18,89.44517517089844,91.07202347572554,89.29512394951456,91.0246414164193,635600
2021-08-19,89.13719177246094,90.13225130338208,88.06315409844979,89.01083156366603,970600
2021-08-20,89.3346176147461,89.94270949949505,87.82622438053127,88.655446612193,813700
2021-08-23,89.90321350097656,90.23490598318395,89.33461072830407,89.86373046096085,531800
2021-08-24,90.28228759765625,90.52710293018113,89.20825010146557,90.04536525798449,515200
2021-08-25,90.0137710571289,90.96144825827854,89.28721210938383,90.274378371075,488800
2021-08-26,88.4264144897461,90.11644280959813,88.30005430405963,90.11644280959813,626300
2021-08-27,89.3108901977539,89.76893672286876,88.84495068182193,88.85284969782289,749400
2021-08-30,88.4264144897461,89.76895832414566,87.38396705857393,89.28722066029027,896000
2021-08-31,89.23194122314453,90.00588231171608,88.19739279088563,88.41851709471024,821700
2021-09-01,91.18258666992188,91.909139705096,89.66630050298832,89.95060491243656,739100
2021-09-02,90.83509826660156,91.71960150528928,90.00588212894311,91.41160607913251,446200
2021-09-03,89.93479919433594,90.61397011165569,88.60804740529098,90.38494679998414,566400
2021-09-07,89.6505126953125,91.11941697000088,88.78180735629556,90.29809369623636,773000
2021-09-08,89.78475952148438,90.35336832672495,88.94763832479777,89.1687686575356,389400
2021-09-09,87.97626495361328,89.51624202567318,87.95257392561007,89.01081334432095,536000
2021-09-10,85.37803649902344,88.12630400956702,85.33065444631278,87.976258834255,714700
2021-09-13,87.36817932128906,87.73935487901373,85.45702647639398,86.03353434747004,540700
2021-09-14,87.17073822021484,87.99996039300642,86.54684834238617,87.96047132756475,452300
2021-09-15,87.96046447753906,88.19738680136761,86.90222508819087,87.13124839450913,540800
2021-09-16,87.79463195800781,88.62385416725684,87.5577156304979,87.74724989754297,501100
2021-09-17,86.86275482177734,87.90520242686185,86.77588368592144,87.40767266938502,1450100
2021-09-20,86.48368072509766,87.1391546739591,85.03846758478198,85.76502065170425,644800
2021-09-21,85.92296600341797,87.85780974043651,85.85978590767245,87.24971788814614,505400
2021-09-22,87.82622528076172,88.50539629027641,86.18357883797336,86.65742356102895,668400
2021-09-23,88.80548858642578,90.06906642208699,88.45801010428605,88.48170113429721,839100
2021-09-24,89.05819702148438,89.76895800044454,88.58435837723935,88.78179164777355,974900
2021-09-27,89.43726348876953,91.07990959756566,89.35039237555154,90.00587222067472,616500
2021-09-28,89.19246673583984,90.07696403595169,88.75811107940208,89.4293830732901,596100
2021-09-29,88.60295867919922,90.28388202787892,88.53922554798721,89.30400488875354,551700
2021-09-30,86.31656646728516,88.94549989387242,86.2846999076867,88.94549989387242,786400
2021-10-01,89.08091735839844,89.39160867921683,86.6113170307468,86.85030708172495,562200
2021-10-04,89.20838928222656,89.95723211665592,88.54717188420884,88.81802850821161,466500
2021-10-05,88.51530456542969,89.51907985324245,87.98951548393393,89.23228691386737,590800
2021-10-06,89.94131469726562,90.05284462633217,87.00168966333571,87.87799885368378,823700
2021-10-07,90.38742065429688,91.16813611684356,89.89349813081434,90.70608015080418,648200
2021-10-08,90.69810485839844,91.35932219800844,90.02892543849715,90.52284184520795,640700
2021-10-11,91.35932922363281,91.49475753408589,90.4511536108278,90.4511536108278,630200
2021-10-12,92.50651550292969,93.16772691928472,90.40337100852925,91.12831554966618,823000
2021-10-13,92.23564910888672,92.3073503909082,90.46709447274098,92.09225262276883,682900
2021-10-14,92.61006927490234,93.02432239436123,91.90105503722525,93.02432239436123,727600
2021-10-15,93.1756820678711,93.74129979599304,92.82515600844503,93.16771390890474,624300
2021-10-18,92.29936981201172,92.91278431691414,91.79748521709155,92.68175633825825,610600
2021-10-19,92.51446533203125,93.00838786678564,91.84528584422645,92.77735987849364,636800
2021-10-20,94.84068298339844,95.02390811001675,92.35514595012955,92.47464403327301,787400
2021-10-21,93.15179443359375,94.95221565880694,92.50651327501242,94.95221565880694,479100
2021-10-22,93.86876678466797,94.2909880444224,92.80922651680429,93.54213912158274,443200
2021-10-25,93.41468048095703,94.06792973979206,93.11991937129167,93.95639982325373,490100
2021-10-26,94.55388641357422,95.00797424988366,92.89686178784247,93.41468274312423,741700
2021-10-27,91.7895278930664,95.68512527735598,91.51866516690575,95.59749375517973,1060100
2021-10-28,90.94508361816406,92.41887707055741,89.49518248837211,92.23564586998128,872500
2021-10-29,90.53083038330078,91.31154596019388,90.37150365067374,90.70609343594568,1179200
2021-11-01,91.24781036376953,91.50273677582115,89.72621397332777,91.00085211151097,700700
2021-11-02,90.69810485839844,91.77357525633916,90.27588364185254,91.77357525633916,659200
2021-11-03,93.26331329345703,93.61383935179587,90.31572658919225,90.31572658919225,573000
2021-11-04,91.3912124633789,93.45452228796788,90.82559464183608,93.39875732184184,560900
2021-11-05,93.1358642578125,94.15556991878664,92.10819043694556,92.96060120772161,1038800
2021-11-08,94.3626937866211,94.98408262403163,93.7253807852189,93.98030720136482,555300
2021-11-09,93.61384582519531,94.73711319666282,93.12789142086703,94.40252343307036,368100
2021-11-10,93.54215240478516,94.44236608741622,93.28722598092622,93.28722598092622,388000
2021-11-11,94.17150115966797,94.41049733558644,92.81720570393058,93.49435343179927,325800
2021-11-12,94.00420379638672,94.96814447884611,93.74927738514063,94.17946684372934,397900
2021-11-15,96.1232681274414,96.15512860522662,94.0918192659254,94.57777360412453,540000
2021-11-16,93.88468933105469,96.15512823475646,93.41467131148309,96.05953464592102,595400
2021-11-17,93.39875030517578,93.58994967003716,90.84948621960761,93.50231814729028,660900
2021-11-18,95.02391052246094,95.29477325632436,93.30315874645412,93.77317685337944,545300
2021-11-19,93.15975189208984,94.96016683256168,91.94884700119651,94.96016683256168,840500
2021-11-22,94.10778045654297,95.24698436665207,92.74551666102946,93.20757275389632,677300
2021-11-23,93.93251037597656,95.32664054349841,93.69351420180274,94.76898482973456,610600
2021-11-24,94.09182739257812,94.37862034080754,93.14381703160171,93.4784067785612,368100
2021-11-26,88.96939849853516,91.41510073253254,87.35220858222716,91.41510073253254,724400
2021-11-29,87.90190124511719,89.6146910591201,86.85829711380809,89.6146910591201,761400
2021-11-30,85.9102783203125,86.80252378531507,84.80294116818943,86.63522890023802,1635200
2021-12-01,83.88679504394531,88.79412941898681,83.79119537143353,87.85408724535631,798000
2021-12-02,88.0213851928711,88.76226596646198,84.3488478835353,84.50021251749273,990100
2021-12-03,87.80630493164062,89.21636538571252,86.63523458138283,88.47548451583057,910600
2021-12-06,90.363525390625,91.94884869139398,88.5710724982518,89.87757100912542,1007200
2021-12-07,91.7576675415039,91.79750226443409,90.65033031680933,91.00085642923364,840700
2021-12-08,93.48637390136719,94.28301962030159,91.56646087925601,91.83731750628995,753500
2021-12-09,91.46289825439453,92.72956818015311,90.21216464755987,92.72956818015311,959600
2021-12-10,90.89729309082031,92.20379183913933,89.63062906740795,92.20379183913933,690700
2021-12-13,90.6583023071289,91.19205358056112,88.27632678313917,90.42727427580921,673500
2021-12-14,91.04068756103516,91.63020379336714,90.02098183659317,90.02098183659317,824400
2021-12-15,92.14005279541016,92.19581775626567,90.18029885008806,91.63019391025631,811300
2021-12-16,90.83354949951172,92.57023754949489,90.05284003584289,92.57023754949489,925000
2021-12-17,90.97693634033203,91.9568132238039,90.2440237563913,91.02473921523205,1985300
2021-12-20,88.68260955810547,89.82181328681129,86.50776386587613,89.59078527716605,766300
2021-12-21,91.45494079589844,92.3153136456118,89.31992979653167,89.62265301421553,802200
2021-12-22,91.35137176513672,91.66206313865065,90.25997091691981,90.88135366394769,693400
2021-12-23,91.02474975585938,91.7895289856531,90.40336701152226,91.26373984633707,864000
2021-12-27,92.33126068115234,92.36312724638456,90.36354434302457,91.02476189626017,545900
2021-12-28,91.8612060546875,92.63395329165652,91.22389319463669,91.9090089256861,484800
2021-12-29,92.07630157470703,92.3471581662104,90.88929523309886,92.1479967626025,346600
2021-12-30,92.97620391845703,93.81180136209198,92.29326552728355,92.39771290902507,510900
2021-12-31,92.54232025146484,93.55467934939524,92.53428395269955,92.86370477317766,431700
2022-01-03,96.36678314208984,96.4149886748593,93.21722218665384,93.68322943642498,1100900
2022-01-04,99.57260131835938,100.31178158677245,97.36309068371725,97.36309068371725,1242600
2022-01-05,98.2308120727539,100.70545894271984,97.93353029923158,99.85379511844002,1042800
2022-01-06,100.27161407470703,100.41623683666666,98.16655079060604,99.18694029505915,1045200
2022-01-07,100.9384765625,102.8426751768355,100.31177999142534,100.43229997737842,1099000
2022-01-10,100.52066802978516,101.37233186305164,99.95021337449342,101.09915898441913,590300
2022-01-11,99.20299530029297,100.43228549395494,98.35936165018366,100.43228549395494,761300
2022-01-12,99.2431640625,99.7814857689004,98.50398391597136,99.16281946046865,518600
2022-01-13,101.00274658203125,101.57320126443307,99.13068718984601,99.23514069655802,700600
2022-01-14,100.49656677246094,101.13129957223204,99.37976021321445,100.46442770450919,770100
2022-01-18,99.17086029052734,100.86615782941367,98.67271392733358,100.44032590228213,814500
2022-01-19,96.4471206665039,99.80557610422929,96.3667760744807,99.74129797865093,712600
2022-01-20,93.70734405517578,97.56394654192395,93.5466548390199,96.19806981489684,730700
2022-01-21,91.94776916503906,93.94034230224078,91.2969637782971,93.91623953419483,989600
2022-01-24,92.42179870605469,92.8074613514822,88.00277846544256,89.86680130355933,1412100
2022-01-25,91.79509735107422,92.45393281553146,90.03552196982278,91.44157378920465,1071400
2022-01-26,92.10846710205078,95.37050612465309,91.160385979682,92.63875256892355,1221600
2022-01-27,88.7580337524414,93.7796478089532,88.09116193456065,93.25739872109598,1371200
2022-01-28,91.03182983398438,91.05593260272775,86.52442818195813,88.54914044510818,1204900
2022-01-31,90.05159759521484,90.58187682595631,88.72589032351163,89.97125300024184,3015300
2022-02-01,92.78335571289062,93.31363493779854,89.36062206157736,89.66593397107587,1318800
2022-02-02,92.82353210449219,94.31796496343446,92.41376667416283,93.00029390306172,892500
2022-02-03,91.32107543945312,92.7672967350724,90.93541274934769,92.65481306085425,547100
2022-02-04,90.54975128173828,91.72280583710847,89.36063638683511,90.79079123254598,686200
2022-02-07,91.47372436523438,92.08435437716483,90.38905690831464,90.63009684536357,820900
2022-02-08,91.40943908691406,92.46197352453598,90.83095431703073,92.14862530880343,1052900
2022-02-09,93.62699127197266,93.68323310570648,92.11649193033558,92.38163463075223,1068800
2022-02-10,92.86369323730469,95.47493219075615,92.22896057149322,93.12079959675626,902800
2022-02-11,94.54293060302734,95.49101158118468,92.83960303982602,92.9681531720016,1901900
2022-02-14,93.96444702148438,95.40263813379296,93.7796550426947,94.92056437316282,1234300
2022-02-15,96.33464813232422,96.8729637039109,94.35010521777313,94.87235432106029,1002700
2022-02-16,98.48792266845703,98.5602309751483,96.43910149359695,96.43910149359695,1182400
2022-02-17,98.0379867553711,98.96196509879435,97.3952237429164,97.9978175151619,874900
2022-02-18,97.379150390625,99.1467624534969,97.17025563138895,97.85319400867775,1098600
2022-02-22,97.38716888427734,97.89334534973948,95.55528514652904,97.27468522528575,1148000
2022-02-23,95.12945556640625,98.7289450005974,95.09731650164922,98.17456299076295,1030000
2022-02-24,96.42301940917969,96.75243408059411,92.06827134661454,93.0725940873529,1458600
2022-02-25,99.19496154785156,99.3636870562253,96.91314290519671,97.20238838523753,855500
2022-02-28,98.2709732055664,99.14674585540008,96.91313297824411,97.22648119454155,1073400
2022-03-01,97.08989715576172,98.86554537709179,95.9971995171052,98.13439538832056,622500
2022-03-02,98.74503326416016,99.06641783281951,97.68446847851487,97.84515769789415,663500
2022-03-03,98.43167114257812,98.9539202269128,97.05775828157145,98.40756837605343,627800
2022-03-04,98.95391845703125,99.0101602878829,96.54354376927517,96.86492215705613,640600
2022-03-07,97.30683135986328,99.48420253127112,96.90510222573121,98.66467779479774,617300
2022-03-08,98.06208801269531,99.65293201469306,96.76851965869999,97.92549544290733,921600
2022-03-09,99.64488220214844,100.59296311321427,99.2592257030129,99.73326309359607,967000
2022-03-10,100.40818786621094,100.58494967851294,97.58001112917998,98.54416479721803,494900
2022-03-11,99.17888641357422,101.57318851928606,99.106571984932,101.04290927214244,730500
2022-03-14,98.66468048095703,100.97863814979156,98.21473967014734,100.16714356037969,876800
2022-03-15,98.55218505859375,99.82164434690793,97.55589248409966,99.20298423443137,674000
2022-03-16,99.45207214355469,100.43229229715907,97.54787980473698,99.72525116615131,760000
2022-03-17,100.223388671875,100.23142497141117,98.72895571297134,99.0423039659769,536200
2022-03-18,100.07073211669922,100.18321578650843,98.49594847956973,99.90200048208514,1226100
2022-03-21,100.84205627441406,101.52499462595236,99.9100416733308,100.51263541819998,457800
2022-03-22,100.76973724365234,102.15972278227436,100.56084250181573,101.66157643579416,667900
2022-03-23,99.05033874511719,101.0750571041209,98.79323233301041,100.97863990086822,581000
2022-03-24,101.33216094970703,101.40446925288984,98.95392516547972,99.0342697678718,720600
2022-03-25,104.27279663085938,104.36117751682289,101.6615576707897,101.6615576707897,765600
2022-03-28,104.24871063232422,104.36922446901951,103.18813983020453,104.07997900115053,558100
2022-03-29,106.46625518798828,106.94833507312443,104.24871468792372,104.44957926343032,777500
2022-03-30,105.92393493652344,107.1866667042669,105.18733728829106,106.19914317284783,606100
2022-03-31,104.2564926147461,106.77386643448645,104.19982555024721,106.0048963454202,828000
2022-04-01,105.42207336425781,105.44635571513685,103.51177736228303,105.09828810062908,528900
2022-04-04,103.86795806884766,105.61634937261692,102.84804976123976,105.60016937015898,389200
2022-04-05,101.82814025878906,105.08211123626721,101.56102204000437,103.6412883846314,659000
2022-04-06,101.24534606933594,101.90099430993887,100.32257959160847,101.61768989582482,981000
2022-04-07,99.0517578125,100.95395176930195,97.56237623816921,100.95395176930195,917800
2022-04-08,99.3188705444336,99.8288247005434,98.05613868277787,99.26220965770733,560200
2022-04-11,99.6507339477539,100.46017861880993,98.71987134092493,99.66692012392302,608200
2022-04-12,99.91785430908203,100.71110664536783,99.07603109210423,99.48075343629128,574300
2022-04-13,101.05107116699219,101.17248910444326,99.62645297265622,100.28210118909008,519900
2022-04-14,100.84870147705078,102.30570425223505,100.79204060110318,101.43959876242337,323100
2022-04-18,100.18498229980469,101.66626779730328,99.60218721894802,101.09156271820481,562500
2022-04-19,102.16001892089844,102.5485551096485,100.27401121253169,100.71920828551895,481800
2022-04-20,103.35798645019531,103.89222286856084,102.25714126287161,102.25714126287161,497600
2022-04-21,102.90470123291016,104.40217267453447,102.68615388382736,104.36169796979885,468200
2022-04-22,101.73912048339844,103.85986194028334,101.64198488266886,103.85986194028334,629000
2022-04-25,101.8443374633789,102.11145571108979,99.32696381499072,101.35057567539451,548400
2022-04-26,100.48445892333984,102.20857381435177,100.43589422024934,101.20486417185464,523900
2022-04-27,98.94651794433594,100.71920380537658,98.7765352991855,100.71920380537658,670200
2022-04-28,99.99068450927734,100.36302826208706,98.36369923077933,99.3512225722003,701200
2022-04-29,95.19070434570312,99.37553235210994,94.90739990944635,98.99509849517858,1248400
2022-05-02,94.89928436279297,96.42104418220863,92.73806873587611,95.50636782039246,1273700
2022-05-03,98.25039672851562,99.48885232295147,94.75359582649061,98.30705761122265,1175700
2022-05-04,99.50503540039062,99.90975774299767,96.55056106424463,97.85376750148515,1057600
2022-05-05,96.86624908447266,99.47266209583239,96.0729967096251,99.26220473746392,806500
2022-05-06,96.4210433959961,97.31952739996294,95.38494911599383,96.52626897124932,957400
2022-05-09,92.28477478027344,95.73300411333496,91.94480337618657,95.5144568023101,1114100
2022-05-10,89.2574691772461,93.75798615194573,88.43183825586237,92.92425905396388,946200
2022-05-11,88.35900115966797,91.40250929308866,88.14854377339107,89.27367160008164,787900
2022-05-12,89.9292984008789,90.11547338560406,87.8085573933326,88.29422294293093,772200
2022-05-13,91.23251342773438,91.58867107984958,89.56505928478252,90.86016959851081,1001200
2022-05-16,91.00586700439453,91.94481963618611,90.05881819651935,91.41868552663739,713800
2022-05-17,92.90806579589844,92.91616197241771,91.33774103211314,91.73437339910572,1002000
2022-05-18,88.87704467773438,92.551918766199,88.59373404717844,92.551918766199,797900
2022-05-19,85.05644989013672,89.24127747413317,85.02407136132224,88.01901425757192,1460000
2022-05-20,85.17787170410156,85.88208466723941,84.04464784633569,85.88208466723941,1104800
2022-05-23,85.85779571533203,86.69961891139133,84.95121546367447,86.53773244796838,1054400
2022-05-24,85.4611587524414,85.72018076651435,82.95997183243742,85.40449787984957,977600
2022-05-25,87.27432250976562,87.86521982553785,84.49792709435296,84.91884177353738,766500
2022-05-26,88.76371765136719,89.3060441725156,87.33909310760434,87.96236287174044,939500
2022-05-27,91.20822143554688,91.24059996191501,89.08747427522744,89.08747427522744,758600
2022-05-31,89.99406433105469,90.9573055252629,89.71884991460671,90.8277914056231,1157100
2022-06-01,87.55763244628906,90.35022038989737,86.56201891531565,90.35022038989737,453200
2022-06-02,88.2861328125,88.30231898918015,86.3110857765822,87.08006194370783,700500
2022-06-03,86.14111328125,87.87332464205892,85.84971266208834,87.8247599307232,619100
2022-06-06,85.22643280029297,86.61058248966656,84.8459928050037,86.52154307904256,641300
2022-06-07,86.96674346923828,87.19338700476958,84.12559074751802,84.64363487889617,679000
2022-06-08,83.48612213134766,86.41631403754708,83.2432862619755,86.06825258508574,712000
2022-06-09,79.78697204589844,83.23520855204845,79.74649733650246,83.23520855204845,799400
2022-06-10,78.45137786865234,79.02608285745421,78.1599772862214,78.44328786816523,1614200
2022-06-13,73.82946014404297,77.23722204222771,73.54615569655945,76.68679932615667,1049900
2022-06-14,73.36805725097656,74.57412796268225,72.80144850737581,73.86181894564528,1139200
2022-06-15,74.50129699707031,75.79640738744021,73.47329868602077,74.24227491899633,1037000
2022-06-16,71.67630767822266,73.14949631294515,71.32824632177646,72.696203226866,1317300
2022-06-17,73.11713409423828,73.69993520942731,72.04866744158251,73.05237704242342,1711600
2022-06-21,72.85003662109375,74.35560453864228,72.83385044131946,73.99135682576647,920800
2022-06-22,72.12152862548828,73.22237401976335,71.24732678140391,71.75728094490658,1583800
2022-06-23,72.85003662109375,73.15762344139836,71.93536616228003,72.445314195421,1246300
2022-06-24,74.46891021728516,75.19741166104707,73.18998614663344,73.57852230849738,2230700
2022-06-27,74.44463348388672,75.05981321344741,73.48948844676879,74.46891583791606,1902900
2022-06-28,73.98324584960938,76.72726285275323,73.86182791107932,75.70736081490284,1072000
2022-06-29,73.64778900146484,74.13053452722143,72.96048277465931,73.73779346262398,741600
2022-06-30,72.80501556396484,73.89324038863053,71.68405503885145,72.65773612447919,1237900
2022-07-01,74.13052368164062,74.46599594097229,72.7395560640597,72.7886471293255,936900
2022-07-05,74.5887222290039,74.7114498796344,71.7576837326946,72.98501017904061,1092400
2022-07-06,73.66413116455078,75.03873701276737,73.35321071695007,74.34325328582854,1186800
2022-07-07,74.12232971191406,74.69508577992305,73.59867094502323,74.36779748999004,1187900
2022-07-08,72.9441146850586,74.17144132728895,72.84592630637796,74.17144132728895,900200
2022-07-11,71.40584564208984,72.74772821981801,70.99673685104601,72.35498103371383,1051900
2022-07-12,71.99497985839844,72.56773604309308,70.8576576571198,70.9476621112503,1389500
2022-07-13,70.84947204589844,71.79860763323643,70.53036762248453,71.19312824554159,815900
2022-07-14,70.01488494873047,70.3749027168979,69.43395115896368,69.43395115896368,1169000
2022-07-15,71.50405883789062,71.9458972348017,70.80857490002403,71.5122427644557,1609900
2022-07-18,71.69223022460938,72.86228167275227,71.53676687896292,72.25679613839507,1298700
2022-07-19,73.59867858886719,73.71322856586498,72.13407441975171,72.4777243507451,1365300
2022-07-20,73.32048797607422,74.19598065796691,72.98501572550977,73.37776296488943,1978200
2022-07-21,72.01134490966797,72.82956264812685,71.26676377126753,72.82137872284059,1194800
2022-07-22,72.45317077636719,73.41866779139376,71.92132808933897,72.53499128763963,1495600
2022-07-25,72.9522933959961,73.69686825962431,72.57590775921052,72.59227560907372,1252400
2022-07-26,72.2731704711914,73.47595148120362,71.80678663491173,72.77228376435981,1450000
2022-07-27,73.63958740234375,74.57235501003969,72.82136976453992,73.59867402345148,1972200
2022-07-28,73.70504760742188,74.26961354252896,72.93592101676215,73.18138880942108,1655000
2022-07-29,74.5887222290039,74.92418821156915,73.20593243518576,73.79505012823266,1745600
2022-08-01,73.2386703491211,74.36780856288125,72.73955703722208,74.1387085985681,977500
2022-08-02,72.04405975341797,73.418665524876,71.9458713974193,73.025918343386,1098800
2022-08-03,72.3304443359375,73.25502806927808,72.25680149845603,72.52681483171226,1435500
2022-08-04,70.9067611694336,72.49409953768017,70.65310939356156,72.01135400740341,975300
2022-08-05,70.84947204589844,70.99675149074378,69.83488378280055,70.53855154789429,749500
2022-08-08,70.92311096191406,72.46954192589713,70.73491814294796,71.57768762331148,1084700
2022-08-09,70.48126220703125,71.18492982887801,70.21124890603092,71.18492982887801,774000
2022-08-10,71.80677795410156,72.31406886828593,71.33221025034439,71.58585570743656,1209000
2022-08-11,73.4104995727539,74.056892362352,72.0686229247928,72.37954343114752,1685200
2022-08-12,73.7296142578125,74.30236428140547,73.01776244919802,74.00780534284135,866900
2022-08-15,72.85411071777344,73.26321960124532,72.16680454743748,73.26321960124532,855800
2022-08-16,73.50050354003906,73.81142404433318,72.28135457207007,72.66591792152968,1104200
2022-08-17,71.83132934570312,72.92773801713798,71.66768206768687,72.60045594611617,878900
2022-08-18,71.30767822265625,72.61682537528698,71.0622104004416,71.92134153568685,1139400
2022-08-19,70.65308380126953,71.28311480706998,70.1130634673736,70.94764261703256,906400
2022-08-22,68.34571838378906,69.99852151029748,68.28844339876186,69.90033314632004,717400
2022-08-23,68.24754333496094,69.18031104064328,68.10844157761785,68.54209597240805,1265900
2022-08-24,67.64205932617188,68.45209938647268,67.58478433385318,68.14935657421324,726100
2022-08-25,68.82847595214844,69.1639419668513,67.8220654230284,67.9366154029275,738700
2022-08-26,66.69292449951172,68.7957436765277,66.67655665019336,68.73846868892437,1227000
2022-08-29,65.80925750732422,66.47201192373034,65.48196914079423,66.30018693586602,930100
2022-08-30,65.30195617675781,66.07926677936756,65.2446811843555,65.76834004132127,822800
2022-08-31,64.99104309082031,66.34110377137313,64.83557970407286,65.71925646688996,1403400
2022-09-01,65.3919448852539,65.4164904128734,63.837330296806,64.63918623990169,1428500
2022-09-02,65.89925384521484,66.9793009519446,65.57196551900766,66.31654661719163,1268700
2022-09-06,66.3001937866211,66.52929379411293,64.85195088640086,66.38201432608146,1484900
2022-09-07,67.80570983886719,67.86298483390459,66.07926981951734,66.11199927989675,1631700
2022-09-08,70.07217407226562,70.1212651441906,67.15932061126041,67.25750275511037,2070700
2022-09-09,70.20308685302734,70.61219573622097,69.6712440563744,70.15398954213993,1549800
2022-09-12,71.35678100585938,71.68406940837964,70.63675151432045,70.9067649145877,1463700
2022-09-13,69.15575408935547,70.16216456095549,68.94302199170453,69.76941733624429,1136000
2022-09-14,68.50119018554688,69.43395790966396,68.00207686479051,68.91029905551072,1385700
2022-09-15,67.72388458251953,69.2048630459317,67.59297298057797,68.37846131974655,1129800
2022-09-16,68.26390075683594,68.3948123385066,66.34926815454591,67.46204469002096,2082200
2022-09-19,67.07747650146484,67.87932619277713,66.73382039125518,67.2820308859329,2135200
2022-09-20,65.0728530883789,66.30836357099244,64.7864781400925,66.1119930696683,1040800
2022-09-21,63.387332916259766,66.01381126171229,63.362787381466816,65.74379789397726,1315700
2022-09-22,63.6900520324707,64.1073447370103,62.11089813054586,63.3218566265564,1561000
2022-09-23,63.09276580810547,63.31368183501672,62.05362585863808,62.96184798289473,1460900
2022-09-26,60.96540451049805,62.61820157027037,60.605386713466004,62.6018399624534,1690800
2022-09-27,60.26992416381836,62.21728021652222,60.06536972054041,61.67725348986545,1461200
2022-09-28,62.593658447265625,63.24823515025254,60.11445964090039,60.859034554104575,2149200
2022-09-29,61.897422790527344,62.45274094482057,60.654169793655626,61.85597849456026,2236100
2022-09-30,62.13779067993164,62.77599115281488,61.723372981731224,62.61022660293962,2507500
2022-10-03,62.7760009765625,63.803761581861465,62.16266445782896,63.53024434060384,1675300
2022-10-04,63.78718948364258,64.89783251881508,63.33961748351462,63.555116518431205,1519800
2022-10-05,61.74824523925781,62.999788624757976,60.1154382795583,62.618525050558624,1639800
2022-10-06,60.85309982299805,61.73166973754798,59.982826357399,61.55760872091525,1459700
2022-10-07,59.10425567626953,60.65418029039527,58.93849111073765,59.95795520343312,1344600
2022-10-10,58.17596435546875,59.36948314649011,58.126229926687905,58.946781604686635,1073600
2022-10-11,59.0213737487793,59.53525402264194,57.29739443341384,58.01019345181469,1042700
2022-10-12,58.98821258544922,59.286593828678974,58.20082150240588,58.83902196383434,954700
2022-10-13,60.8945426940918,61.24265207214192,57.02388258581299,57.94389045888315,1542500
2022-10-14,60.65418243408203,61.9803179757449,60.463547485821245,61.731671118659214,1055500
2022-10-17,61.99690246582031,62.62681293898252,61.54104037805892,62.05492070212509,1469000
2022-10-18,61.66535568237305,63.132391573673814,61.11003747609344,62.999781196485884,1059100
2022-10-19,59.526954650878906,60.778497801367095,58.971636483398406,60.13200723940331,1109800
2022-10-20,59.9248046875,60.81165835308179,59.38606038818115,59.800478107116795,1447800
2022-10-21,60.090576171875,60.20661264067066,58.97164946648068,60.20661264067066,1454900
2022-10-24,60.35579299926758,60.977419543337284,59.75074038069436,60.48011957278396,1608200
2022-10-25,62.436180114746094,62.436180114746094,60.446973637869746,60.446973637869746,3850700
2022-10-26,60.413822174072266,61.64878536155041,59.386067872174976,61.12662124635147,2832400
2022-10-27,58.7810173034668,61.37527669329714,58.4494818096546,61.27581414809941,1885500
2022-10-28,60.33922576904297,60.36408982180273,58.48262973181713,58.606956319128855,2161200
2022-10-31,60.25633239746094,60.5712939035489,59.15398609669032,59.991105316473,2002200
2022-11-01,59.841915130615234,60.91940371207044,59.56011412151884,60.91940371207044,1006900
2022-11-02,59.046241760253906,60.94427589478603,58.97993972330443,59.410931419285866,1137200
2022-11-03,58.48263931274414,58.9219211794998,57.37200261743843,58.84732900900044,1083100
2022-11-04,59.37777328491211,60.082282178252164,58.54893780486196,59.00479984829469,1907100
2022-11-07,59.66786193847656,60.39724117741203,58.93848902305372,59.858496873247226,1512100
2022-11-08,59.286598205566406,60.14858782481041,58.83074250618129,60.09885972177161,1166600
2022-11-09,58.640106201171875,59.25344264385859,58.27541659137912,58.55722392354055,1117000
2022-11-10,62.56050109863281,62.57707502490318,60.86967606099274,60.86967606099274,2683400
2022-11-11,63.05780792236328,63.737452796287506,62.386446850715224,63.10753603007307,1430800
2022-11-14,61.68192672729492,63.24842507095618,61.681926727294915,62.643378791929365,1474600
2022-11-15,61.657073974609375,62.65996419739007,61.00229315341936,62.510773550492175,1123100
2022-11-16,58.98821258544922,61.358682282489994,58.93019436168299,61.358682282489994,1281600
2022-11-17,58.53235626220703,58.582084361016,57.56261407084765,57.97703175695458,1789600
2022-11-18,58.75614547729492,59.56011688831893,57.77811937782955,59.43579030414288,1769000
2022-11-21,58.54893112182617,58.98821286434912,57.91073065738026,58.41632074838159,1455000
2022-11-22,58.44947052001953,59.20371378084648,58.068206989007095,58.96335075234709,1718200
2022-11-23,58.13452911376953,58.482638551932496,57.554346716831255,58.01849263438188,1293500
2022-11-25,59.38606262207031,59.70101782384436,57.902446373650896,58.126229167948516,933800
2022-11-28,57.678653717041016,59.24515847506469,57.521179287572025,58.78100634088596,2402800
2022-11-29,58.59037780761719,59.38605905123918,57.686943912449706,57.968751243208224,1563700
2022-11-30,59.742462158203125,59.742462158203125,57.446584366559385,58.28370996132396,4584300
2022-12-01,59.38606262207031,60.98571533027558,59.245162109975034,60.13201580891705,1917900
2022-12-02,58.60695266723633,58.888760002483906,58.09307242267458,58.656680769657214,1626300
2022-12-05,56.23648452758789,58.217400765164115,55.739184517782334,57.83613721352943,2874300
2022-12-06,54.156105041503906,56.35252023953201,53.990340481601365,56.24477390794662,2251500
2022-12-07,53.87430953979492,54.74458937715077,53.401873539848026,53.87430953979492,1397500
2022-12-08,54.926918029785156,55.747469611595875,53.874299876089964,53.874299876089964,1793500
2022-12-09,55.2087287902832,55.54854803015465,54.49592981083088,54.76115689689366,1545500
2022-12-12,56.0955810546875,56.244771682100726,54.37160187647075,55.515398794476276,1197400
2022-12-13,56.39397048950195,58.30857854942673,56.09558919139507,57.811278493753015,2334100
2022-12-14,57.63721466064453,58.13451463754538,56.11215423150134,56.11215423150134,3208400
2022-12-15,57.28911590576172,57.85272433676826,56.98244447358449,57.44659036140866,2273100
2022-12-16,55.76405715942383,56.94100217274197,54.951801827111076,56.3525296660829,3320100
2022-12-19,55.134132385253906,55.84693139149776,54.30529691971573,55.54026631629681,1476900
2022-12-20,55.49882125854492,56.01270151665177,54.6285478256777,54.719713908014825,1858700
2022-12-21,55.95468521118164,56.6591941068184,55.863512802197874,56.17017788376791,1782800
2022-12-22,56.568023681640625,56.59288773523309,54.84404429941414,55.40765270039152,1369700
2022-12-23,56.69234085083008,56.77522312353428,55.86350547676388,56.38566948596124,982800
2022-12-27,57.10676193237305,57.28910673726838,56.3608087866705,56.69234422070635,1077200
2022-12-28,54.98494338989258,57.280821239135584,54.83575907221461,57.0984764195119,1107400
2022-12-29,56.818904876708984,56.99556933988794,55.161615708085385,55.25415515332114,964900
2022-12-30,56.8525505065918,57.10492553529174,56.011287574271684,56.30572831691836,1180900
2023-01-03,56.04494857788086,58.131277417463835,55.82621838042641,57.33208006053925,1746100
2023-01-04,56.12065124511719,57.138578655678444,55.70001976546409,55.70001976546409,1769200
2023-01-05,53.99225616455078,55.68319648419266,53.99225616455078,55.599065054878864,1680600
2023-01-06,56.40668487548828,56.55811246727683,53.86606710418355,54.25304730134824,1458900
2023-01-09,55.287803649902344,56.953500743306236,55.279389223035054,56.34779679373118,1285100
2023-01-10,56.69270706176758,56.709535914251376,54.88399051935833,55.02701009216401,1076900
2023-01-11,58.6865119934082,58.711748857901924,57.256360961596364,57.26477538920351,1044600
2023-01-12,59.91475296020508,60.183956868294324,58.91364791840721,59.19968068106122,1236600
2023-01-13,59.89792251586914,60.6130011943613,58.88840949191017,59.11554767588639,931600
2023-01-17,60.40269088745117,60.663480384829114,59.60348712135538,60.150309399562424,908500
2023-01-18,59.83903121948242,61.336484659289006,59.07348527383553,60.37743899308573,1233200
2023-01-19,59.250152587890625,59.939987982322506,58.87999481876665,59.36792889291603,796800
2023-01-20,59.89792251586914,59.93998823283713,58.70333060657465,59.20808711855415,861500
2023-01-23,59.8726806640625,60.72235801306283,59.662364933401896,60.183950256037825,943700
2023-01-24,59.60348129272461,60.06617850249748,59.25015237889472,59.55300756741383,898200
2023-01-25,59.80537796020508,59.998871256057136,58.762213735521364,59.13237147454615,1045200
2023-01-26,58.922054290771484,60.36061307968393,58.745389851956965,60.040935488256686,1386700
2023-01-27,62.00109100341797,62.25347251337111,58.70334102689227,58.70334102689227,1215300
2023-01-30,60.73077392578125,61.93378019133606,60.680293784725045,61.34489228007754,1403900
2023-01-31,62.70772933959961,62.74978862824019,60.36060537770978,60.764414342279046,3884400
2023-02-01,62.58155059814453,63.27980038995632,60.39426820268386,60.44474192602983,2694100
2023-02-02,65.92977905273438,66.81310129053809,62.91805618099932,64.35661504113126,2166900
2023-02-03,63.4985237121582,64.83612858329681,62.85074771349918,64.76882601387031,1691900
2023-02-06,61.71504211425781,62.68249565856793,60.974733129753005,62.446943091603956,1655600
2023-02-07,61.83282470703125,62.32075874171644,60.67188418639481,61.109338081346785,1215900
2023-02-08,61.44584655761719,61.97583990482444,61.067274379617494,61.56362285699658,889400
2023-02-09,60.3858642578125,62.24505493758926,59.99888400222498,61.80760094989453,797200
2023-02-10,61.02522277832031,61.1514135202326,60.007295251995984,60.158722858625175,968100
2023-02-13,61.60569381713867,61.639338689831504,60.67189135088929,61.07569400647809,988000
2023-02-14,60.856964111328125,61.891720455523746,60.78125351992058,61.41220078829346,848000
2023-02-15,61.57203674316406,61.58044475138384,60.200774040769495,60.40268176792785,618600
2023-02-16,60.04094314575195,60.84855486261653,59.965226137559476,60.84855486261653,1035400
2023-02-17,59.25857162475586,59.96522950988058,58.66127562614013,59.96522950988058,1116100
2023-02-21,57.5760383605957,59.20808411938087,57.34889376979817,59.02301166174745,860600
2023-02-22,57.34048843383789,58.350001453708416,57.01238996313636,57.862067379495855,859700
2023-02-23,57.68540573120117,58.16492540174126,56.894616428850746,57.68540573120117,760000
2023-02-24,56.12907409667969,57.37413986907108,55.71685698187843,57.31525170981376,942700
2023-02-27,55.573829650878906,56.90302668164215,55.25415203341426,56.74318466374628,1144500
2023-02-28,55.085899353027344,56.213188595822594,55.043833639293936,55.76732027088636,1610200
2023-03-01,54.522254943847656,54.95971531389894,54.04273527327485,54.67368254604579,1214200
2023-03-02,54.79145050048828,54.95970693189598,53.32765484803751,54.253042756636816,1155700
2023-03-03,55.23732376098633,55.329856772891496,54.50542274506191,55.12795547889823,1187300
2023-03-06,55.64955139160156,56.44033428490838,55.36351862040984,55.75049884869353,1027100
2023-03-07,53.243534088134766,55.78414543092446,53.20147158150964,55.523355964350515,1202600
2023-03-08,53.98384475708008,54.36241695518359,53.09210803775909,53.193058698421844,794100
2023-03-09,52.10782241821289,53.73146005784678,52.02369741260872,53.4706706149759,1572100
2023-03-10,48.322139739990234,52.175125355953085,48.246425950750165,51.947983988232885,2771100
2023-03-13,46.97612380981445,47.851038058321464,46.53025546799378,47.54818287928723,3551000
2023-03-14,44.94868469238281,48.63341772323665,44.51963874286137,48.39786188871286,3524400
2023-03-15,46.2105712890625,46.33676200755121,43.409164295584624,43.76249638185505,3635300
2023-03-16,45.01598358154297,46.429305736784876,43.98964486128582,46.429305736784876,3755100
2023-03-17,42.9885368347168,44.755191011655306,42.21457643638906,44.662651570732734,4518300
2023-03-20,43.51012420654297,44.75519308489699,42.04632514693702,42.06315079235361,2388500
2023-03-21,45.08327865600586,45.97501847969982,44.17471318931807,44.51121963086835,2584600
2023-03-22,42.021087646484375,44.73836676138523,41.98743635616125,44.73836676138523,2091900
2023-03-23,39.85062789916992,42.542670173950825,39.66555221913605,41.51632827445695,4108000
2023-03-24,41.57521057128906,41.90330579477976,38.84952059905854,39.25332640201257,3704300
2023-03-27,42.349178314208984,43.14837878275108,41.89489553724861,42.7109216504,2403200
2023-03-28,42.820289611816406,43.24933234609784,41.592043146150544,41.827598977338354,2341200
2023-03-29,44.71312713623047,45.01597910293999,43.45123270953531,43.66154844731784,2905100
2023-03-30,45.68160629272461,46.46153603664503,45.02166523718478,45.46733984363167,3289500
2023-03-31,46.384403228759766,46.41011742767327,45.064524294801785,45.98158449951173,2803700
2023-04-03,45.964439392089844,47.39573769700493,45.55304820380084,46.615807956185805,1895700
2023-04-04,45.27878952026367,46.48725221384337,44.79025898763243,46.39297444911535,1920000
2023-04-05,45.021671295166016,45.3216463259278,44.3531609302662,44.87597165951226,2041200
2023-04-06,45.51020050048828,45.707328545509505,44.85026259808451,45.41592599260712,1351900
2023-04-10,45.244503021240234,45.98158011043337,44.06175133696645,45.21021960559254,1885300
2023-04-11,46.29012680053711,46.89007357120792,45.38163905899978,45.630188949190774,1954100
2023-04-12,44.20745849609375,47.00149175279182,44.07889730969902,46.872930566397095,1650100
2023-04-13,44.29316711425781,44.6788474330798,43.79606731012124,44.21603105049341,1450600
2023-04-14,43.67607498168945,45.415920882419215,43.44466680958904,44.86739599145152,1337600
2023-04-17,45.48448944091797,45.70732841751484,43.64179635133549,43.85606283759173,1702400
2023-04-18,45.12451934814453,45.46734373436146,44.26745347843198,45.44163280449307,1345100
2023-04-19,46.19585037231445,46.478680401168695,44.39601013540476,44.67027094436204,1231600
2023-04-20,44.807403564453125,45.98158618464897,44.43029575085153,45.398781119434844,1945900
2023-04-21,44.6702766418457,45.09024039818972,44.104613242542776,44.97882090863769,1473600
2023-04-24,44.59313201904297,44.99595398667034,43.856054916340355,44.68740977907887,1257200
2023-04-25,43.110408782958984,44.34458561872607,42.621881541950025,44.13888838961604,2399200
2023-04-26,43.864627838134766,45.4244873301815,43.144692436463465,44.58456323980607,2749200
2023-04-27,45.27022171020508,45.484488190571234,43.13612939664853,43.58180079869675,1997800
2023-04-28,45.73303985595703,46.68438358857867,44.9959626119638,45.11595132248416,1485800
2023-05-01,45.261653900146484,46.20442513536063,44.995962279211135,45.60447831774839,1648400
2023-05-02,43.890350341796875,45.081671593061095,42.78473438522676,44.695994497490176,1574400
2023-05-03,43.08470916748047,44.49886613716258,42.879011884363536,44.104616553089805,1866700
2023-05-04,43.41895294189453,43.65893031770773,42.13335425241549,42.63045398168172,1659700
2023-05-05,44.50743103027344,44.71312500882846,43.53037645851996,44.1388924434616,1191900
2023-05-08,43.64179229736328,44.63599183990829,43.53894530895914,44.58456671098281,1004800
2023-05-09,43.701786041259766,44.01889946790143,42.47618170082847,42.94756723112208,1526200
2023-05-10,43.37610626220703,44.464580361093745,42.793301181394504,44.336019166714195,1385200
2023-05-11,42.36476516723633,43.12755324954778,42.18478212365768,42.69045110522155,1586900
2023-05-12,41.49913024902344,42.75044897615763,41.10488071075713,42.53618249630241,1688100
2023-05-15,42.09050369262695,42.32191186048019,41.20772692853426,41.953373289763555,1349400
2023-05-16,40.33352279663086,42.08193476370082,40.29066688568481,41.919093418225536,1509800
2023-05-17,42.133358001708984,42.32191353916767,40.282095854899964,40.65063444023458,1503500
2023-05-18,42.296199798583984,42.347624928297755,41.26772335988341,41.730536449519924,1386900
2023-05-19,42.064788818359375,43.44466193736528,42.0476471109284,42.647590523780366,1426000
2023-05-22,42.904720306396484,43.13612849267612,41.76482108540201,42.29620103012916,1377700
2023-05-23,43.59037399291992,44.73884247701167,43.00756889535413,43.041852317433786,2184400
2023-05-24,41.43913269042969,43.376103349364364,41.4219942504805,43.26468387301406,1546800
2023-05-25,40.79633331298828,41.25058043850214,40.342089456921194,41.13916096211797,1115300
2023-05-26,40.91633224487305,41.036320961662696,40.11068811308999,40.89061804167003,1334600
2023-05-30,41.97909164428711,42.056227713882805,40.88204822732374,41.173450793635546,1617400
2023-05-31,41.71339416503906,42.21049393708438,41.3191446510046,41.773391783602136,2858900
2023-06-01,41.18201446533203,42.039080336699804,40.787764949170096,41.71339439013494,1492000
2023-06-02,43.401817321777344,43.624656290101925,41.970518816053364,42.407620993233124,1653300
2023-06-05,42.58760070800781,43.55608602937079,42.57903148810493,43.33325034798165,1083500
2023-06-06,44.60171127319336,45.15880215967161,42.58760439899562,42.87900694265012,1672800
2023-06-07,46.69295120239258,47.181478518094416,44.601711522360986,45.244510966120984,2628300
2023-06-08,46.1787109375,46.59010217119805,44.910253816235986,46.350124768902575,1855400
2023-06-09,46.375831604003906,46.82150621851573,45.87873186377843,46.375831604003906,1705100
2023-06-12,46.607234954833984,47.507153310532054,46.06728263363664,46.30725998997045,1833900
2023-06-13,47.07862854003906,48.0985357491914,46.32440965836302,46.85578958276243,1719700
2023-06-14,46.47867965698242,48.34708343149241,46.11871357703207,47.575722875246385,1541600
2023-06-15,47.33574295043945,47.41287900192797,45.82730860620974,46.08442768802263,1509000
2023-06-16,47.17290115356445,47.55858140712678,46.62437957936313,47.43858945200458,1989500
2023-06-20,46.375831604003906,46.7957920209356,45.578760137398646,46.75293938423086,1491600
2023-06-21,46.43583297729492,46.85579345778719,45.32164790710791,46.12728871520837,966100
2023-06-22,44.82455062866211,46.56439681180174,44.35316498799318,46.56439681180174,1303100
2023-06-23,44.13889694213867,44.893115902420426,43.85606360599032,44.5074355665123,2638800
2023-06-26,48.5013542175293,48.61277368804198,44.45600255654288,44.49028597353857,3046400
2023-06-27,49.49555587768555,49.82981105660516,47.49859075519071,48.25280966496249,2890400
2023-06-28,48.689910888671875,49.58125686543329,48.29565812282624,49.48698237064398,2681300
2023-06-29,49.79749298095703,49.90214860425486,48.09688068782382,48.83817305524924,1972800
2023-06-30,50.22482681274414,51.00972732756802,49.00387119564842,50.37308395063509,2123000
2023-07-03,50.96611785888672,51.376010709178956,50.02424059190335,50.12889288227121,1011300
2023-07-05,50.643436431884766,51.620198873916266,49.753883674613924,50.58238898718506,1469700
2023-07-06,50.076560974121094,50.14633137987876,48.34978335365169,49.614343679902795,1407400
2023-07-07,51.52427291870117,52.40510276895945,49.90214739218621,49.91086703049764,2586800
2023-07-10,51.759735107421875,51.785900673682995,50.538782916271344,50.98355762067675,1262200
2023-07-11,53.15511703491211,53.28593156802164,51.681248676622296,52.31789204640021,1185900
2023-07-12,53.216163635253906,55.187131180187905,53.216163635253906,54.39351104867941,2663100
2023-07-13,54.1667594909668,54.332459214287105,52.9196417669081,53.277206779110074,1108900
2023-07-14,53.59989547729492,54.28014373848742,53.303377857502454,54.04467357040193,1194300
2023-07-17,53.120235443115234,53.721990320771255,52.80627521935154,53.39059081954211,1238200
2023-07-18,54.227813720703125,54.70747367611431,53.137675946206585,53.40803131194286,1287200
2023-07-19,56.181339263916016,56.32088009409209,54.75980198828052,54.9167820953921,1800400
2023-07-20,55.28306579589844,55.91098621300698,54.50688823965952,55.78889131564397,2086000
2023-07-21,55.28306579589844,55.93714845477435,54.480725997892144,55.62318824622008,1443300
2023-07-24,56.216217041015625,56.80052921938153,55.326664327239826,55.37027249432414,1664900
2023-07-25,55.22201156616211,56.34703439972087,55.160964124977006,55.99818902708937,1429800
2023-07-26,57.18426513671875,57.20170441297734,55.14352715031747,55.14352715031747,1426800
2023-07-27,56.35576629638672,58.30056841216471,56.28599588006715,57.53311379366876,1994500
2023-07-28,57.51566696166992,57.951722076326014,57.001125120138774,57.70753227670628,1109600
2023-07-31,58.10870361328125,58.74534702395734,57.59416175909186,57.60288472462802,4553000
2023-08-01,56.43425369262695,58.03894001860972,56.181340920729056,57.99533184447542,2398500
2023-08-02,58.466270446777344,58.762784730347754,55.42260428916418,55.92842649113096,2415700
2023-08-03,58.518592834472656,58.67557293593607,57.11449488629234,58.64941069463762,1460300
2023-08-04,59.76571273803711,60.28897754303248,57.995330043405055,58.14358718498036,1784000
2023-08-07,60.829689025878906,61.00410841179571,59.83548388807237,59.83548388807237,1594600
2023-08-08,59.844207763671875,59.957579700874824,58.64069136005258,59.43431488149273,1222700
2023-08-09,58.492431640625,59.76571175144155,58.065099499861574,59.70466430276106,1558300
2023-08-10,58.68429946899414,59.913971460495596,58.387778524346565,59.11163162808738,1052800
2023-08-11,59.408145904541016,59.63488975324504,57.742412321720586,58.09125771299071,812100
2023-08-14,58.15230941772461,58.73662166504763,57.83834920794775,58.579641560159196,1051700
2023-08-15,56.23366928100586,57.149381009507145,56.02435803991453,57.0883335609404,1842300
2023-08-16,55.692962646484375,56.26855196758528,55.509820287330754,55.90226724927804,1178900
2023-08-17,54.99526596069336,55.92842020622041,54.99526596069336,55.788886045418195,1419300
2023-08-18,55.2045783996582,55.46621081042845,53.9574604705889,54.393515597484836,851200
2023-08-21,54.78596496582031,55.11736778826335,53.98362514255843,55.11736778826335,960000
2023-08-22,54.533050537109375,55.2220184036029,54.45456048489066,55.16097095485907,994500
2023-08-23,56.338321685791016,56.74821457418319,54.38479655877283,54.80340908599101,1320100
2023-08-24,56.47785949707031,57.58543654467402,56.25110897769769,56.25110897769769,802300
2023-08-25,55.82377624511719,57.11449562616071,55.413883383004425,56.76565021242605,929000
2023-08-28,57.018558502197266,57.60287735221763,56.207495806642406,56.207495806642406,1345900
2023-08-29,58.53603744506836,58.72789609482342,56.70460075138434,57.17554104515972,1577400
2023-08-30,58.693016052246094,59.03313848016631,58.10869719201045,58.431380344458645,740500
2023-08-31,58.230796813964844,59.05058255489827,58.02149222292739,58.806392756409075,2250800
2023-09-01,58.15230941772461,59.085467081874455,58.0040522780169,58.675574216128396,1690500
2023-09-05,58.344173431396484,59.015695354565366,57.8732331272105,58.03893619359245,1730300
2023-09-06,57.65520477294922,58.55347719751414,56.77437162444119,57.92555680070337,1609100
2023-09-07,57.50693893432617,57.82961539508317,56.74820079407745,57.29762773128894,1728200
2023-09-08,58.065101623535156,58.143588351706555,57.070896477992044,57.838351097140354,992500
2023-09-11,57.69881057739258,58.34417022379427,57.3063570186439,58.16974420201517,833700
2023-09-12,57.51566696166992,57.768579726611215,56.90519246262059,57.37613278488993,648700
2023-09-13,55.6406364440918,57.55927976840602,54.99527668547463,57.428461892743115,1472500
2023-09-14,57.76858139038086,58.021494162606196,56.49530121735459,56.49530121735459,1043300
2023-09-15,57.803466796875,58.21335968244774,57.18426931255117,57.777304553740265,2257500
2023-09-18,56.983680725097656,57.75986497148138,56.59123377280068,57.67264862326143,860700
2023-09-19,57.16682434082031,58.00404930610466,56.913911592920996,56.913911592920996,865500
2023-09-20,57.175537109375,58.649405335455974,56.983671819154736,57.98659978387838,979100
2023-09-21,53.09406661987305,56.53017939744418,53.041738813452135,56.442969713578854,2026600
2023-09-22,52.59696578979492,53.442910396297194,51.95160279724911,53.155115768841945,1610400
2023-09-25,52.01264953613281,52.74522220538129,51.29751946934695,52.230677076661095,1152900
2023-09-26,50.338199615478516,51.85566943433778,50.015516460214805,51.26263425802792,1509900
2023-09-27,51.34112548828125,51.759737976465374,50.43413342730049,50.53006275278816,2291900
2023-09-28,52.50293731689453,53.28338732234417,51.50963946287581,51.50963946287581,2052000
2023-09-29,52.751258850097656,53.59378972668288,52.30782190275337,53.30999035103497,1384700
2023-10-02,50.95976638793945,53.02618391118832,50.44538135678776,52.72464669183906,1656900
2023-10-03,48.290283203125,50.746924244519406,47.82023774851064,50.560678159445054,2316000
2023-10-04,48.715980529785156,48.94656624067573,47.98874424823497,48.63616174848549,2778500
2023-10-05,48.449920654296875,48.893357591025904,47.61625704802689,48.60068758887018,2439600
2023-10-06,47.20829391479492,47.820235644094325,45.48775988977944,47.43001237393814,3312400
2023-10-09,48.06856155395508,48.38783666935283,46.44558084506824,46.44558084506824,2037800
2023-10-10,48.77806091308594,49.700410513217896,48.09516765432411,48.15724855210653,1835300
2023-10-11,50.542945861816406,50.63163189997942,49.19489710617453,49.34566404768275,1475100
2023-10-12,49.84231185913086,50.27687815814796,48.982043127997585,50.27687815814796,1061500
2023-10-13,49.16828536987305,50.569547686585885,48.80466722415666,50.214796790843195,1168900
2023-10-16,50.33896255493164,50.96864561363689,49.09734108833222,49.8245774370541,1327200
2023-10-17,51.580589294433594,51.97968325241603,49.691546815420494,49.7181553347231,1250500
2023-10-18,50.18819046020508,51.00411276452682,50.117238929487435,50.729184040883936,1016900
2023-10-19,48.37896728515625,50.356695541960136,48.36122940238137,49.66493502951583,1195000
2023-10-20,47.80250549316406,49.06186483174776,47.73155395586923,48.494266066011136,1285600
2023-10-23,46.995445251464844,47.829105425057655,46.86241282508651,47.22603095627812,923500
2023-10-24,47.73154830932617,48.201590347255156,47.05752570053828,47.39453531335467,606100
2023-10-25,46.259342193603516,47.696076955155625,45.95780493420069,47.341329427311685,1287100
2023-10-26,47.545310974121094,47.93553427755126,46.498799487077626,46.498799487077626,1473500
2023-10-27,46.489925384521484,48.015349482287775,46.2416017902452,48.015349482287775,1075000
2023-10-30,47.27924728393555,48.35236385595613,46.45445431320097,47.31471966757974,1480600
2023-10-31,47.50983428955078,48.05969515722575,46.67617404609807,47.91779546933687,1472400
2023-11-01,47.44775390625,47.988747529476605,46.596355769609175,47.4832296743989,1687200
2023-11-02,49.523033142089844,50.24140213823983,48.14837942831105,48.67163510579324,1971800
2023-11-03,52.2457389831543,53.13261284359362,50.942033325698794,50.942033325698794,2229300
2023-11-06,50.888824462890625,52.210264656825785,50.83561081186064,51.75796046411475,1627100
2023-11-07,49.221500396728516,50.74692455469631,49.13281436188845,50.613892119280834,1077900
2023-11-08,48.742591857910156,49.58512279357284,48.28141699435631,49.52304188724402,995300
2023-11-09,46.285945892333984,49.26584262621417,46.214997742227716,49.10620505953093,1519200
2023-11-10,46.507667541503906,46.74712390791447,45.842512095859746,46.74712390791447,2002500
2023-11-13,45.41680908203125,46.3923723476867,44.91129125778866,45.86911664045162,1211700
2023-11-14,50.27688217163086,51.367736706014995,48.48539641643848,48.600690975305106,3141900
2023-11-15,50.569549560546875,52.36990247274201,50.10837473225368,50.10837473225368,2230200
2023-11-16,48.98203659057617,50.56954140803457,48.698237262479736,50.41877111195873,1177800
2023-11-17,48.84901428222656,49.90439296740232,48.645030315372836,49.79796905050649,1930700
2023-11-20,48.85788345336914,49.1594207157263,48.21933316057623,49.1594207157263,1978100
2023-11-21,47.55418014526367,48.68938109926829,47.23490498267349,48.23707349121366,1420400
2023-11-22,47.873451232910156,48.272545152177386,47.616256997920686,48.272545152177386,1279000
2023-11-24,47.633995056152344,48.068564743872585,47.31471991956691,47.79363262444505,520600
2023-11-27,47.41227722167969,47.740422995981156,46.65843577044144,47.279248168425795,1235600
2023-11-28,49.00864791870117,49.097337334420054,46.72938237363275,47.27037596847445,2258600
2023-11-29,50.55181121826172,52.43198289874514,49.26584341414855,49.50529976800317,2579600
2023-11-30,50.48973083496094,51.021853815768424,49.91326145312332,50.61389263827232,2216100
2023-12-01,56.12137222290039,56.316485538873025,50.08176389174598,50.56954379852254,3318800
2023-12-04,56.51160430908203,57.25657511508587,55.49169800116761,55.935134937972954,1683800
2023-12-05,54.968441009521484,56.08590395900179,54.20572895454561,55.90852851174957,1401700
2023-12-06,56.11250686645508,57.3363936824829,55.70454572216418,55.873050529635165,1367700
2023-12-07,57.300926208496094,57.646806506228565,56.08590984941762,56.13025287009898,1130800
2023-12-08,56.83088302612305,57.176763317322234,55.91740057819471,56.88409329667335,3591400
2023-12-11,56.83088302612305,57.58472451293381,56.17459482970635,56.75993148784857,2493400
2023-12-12,55.651336669921875,56.72445326626108,55.429618197133344,56.72445326626108,1266100
2023-12-13,60.38723373413086,60.55574192118255,54.87088100416096,55.2965800217591,2432300
2023-12-14,64.72403717041016,65.60204012445028,63.07445176202661,63.07445176202661,3093200
2023-12-15,63.34052276611328,64.66196954966178,61.841710702136126,64.44911497400372,2625200
2023-12-18,62.34722900390625,63.819435949915196,62.19645531996654,63.819435949915196,1130300
2023-12-19,63.322792053222656,63.62432590396497,62.604419658476665,62.96804117222973,1472800
2023-12-20,62.72859573364258,65.06994235587607,62.62216842670066,63.32279963986834,1250700
2023-12-21,63.189762115478516,63.8194417400404,62.214202229063055,63.8194417400404,895800
2023-12-22,62.85274887084961,64.58215008062592,62.22306928251285,63.73962267408057,807100
2023-12-26,63.90813064575195,64.30722795789673,62.74632800966178,63.083337653559084,584400
2023-12-27,63.61546325683594,63.97907801124816,63.038993909962,63.94360224583788,839900
2023-12-28,64.69445037841797,64.70344388409534,62.90512691057395,63.399666822306266,844400
2023-12-29,63.09394454956055,64.49663634657301,63.05797738963363,64.41570852172887,915400
2024-01-02,64.82931518554688,65.07209177987784,62.76125511179773,63.43562386933123,1525000
2024-01-03,62.365631103515625,64.46965859930957,61.23268952730025,63.300756721657805,1398400
2024-01-04,62.25773239135742,62.968068426962134,61.52941620423389,62.140844256397756,1275800
2024-01-05,63.26477813720703,64.0380548191255,60.95394159520417,61.39452723861197,2257900
2024-01-08,63.921180725097656,64.53260883931034,62.68933785001837,62.94110115704083,975300
2024-01-09,64.12798309326172,64.38873987800015,62.554455739175765,63.05798229727212,1296100
2024-01-10,64.80235290527344,65.38680730304411,63.83126007759616,64.0470630571033,1183300
2024-01-11,62.878143310546875,64.5415848760043,62.85116965781502,64.02906489399777,1432300
2024-01-12,62.905113220214844,64.15494269600268,61.87107981347501,63.81326501500721,1853900
2024-01-16,62.473533630371094,62.89613234962902,60.90899295043217,61.99697387795435,1696300
2024-01-17,60.17168426513672,61.59235632009621,59.155637645089286,60.76513215899379,1547700
2024-01-18,59.794044494628906,60.684209552009705,59.083708405999744,60.1806829514768,992000
2024-01-19,61.43948745727539,61.50242826302569,59.299486341698724,60.01881571601637,1192400
2024-01-22,62.671348571777344,62.68933558450641,61.62832821465831,61.93403883069885,1468000
2024-01-23,63.381675720214844,63.93016291054157,62.31168185485212,63.36369557005542,2077100
2024-01-24,63.354698181152344,64.8023437114625,62.986046815191095,64.8023437114625,1753700
2024-01-25,64.2898178100586,65.13502879885604,63.45360032498097,64.77536411042946,1132900
2024-01-26,64.02008819580078,64.83832579697784,63.813285563879155,64.59554913859178,1146300
2024-01-29,64.92823028564453,65.26990802405541,63.63343993371362,64.22688779836012,1701200
2024-01-30,62.94109344482422,64.61352876230376,62.20378376744338,64.06504154205322,2474200
2024-01-31,59.794044494628906,62.49152018611593,59.12866907820536,62.49152018611593,3157600
2024-02-01,58.706050872802734,60.288571526761174,56.476138524058555,59.84797898569413,3050800
2024-02-02,57.26740264892578,57.59110368219948,55.621944405729536,56.74589251147086,2344400
2024-02-05,56.3322868347168,56.99766226813516,55.71186521461682,56.143460924676305,1604800
2024-02-06,56.925724029541016,57.36630975948821,55.783792359854694,56.03555563411023,1568300
2024-02-07,57.33933639526367,57.75295190081429,56.56605955751705,57.22244483304171,1455100
2024-02-08,58.50824737548828,58.83194500672481,57.11455228990232,57.1505194555992,1163700
2024-02-09,57.70799255371094,58.768999853503196,57.18647897956807,58.310427099685505,1334300
2024-02-12,58.8409309387207,59.29051016200547,58.04068047007659,58.09462778165971,1471500
2024-02-13,56.23337173461914,56.530092247152844,54.623877244458896,56.458161352909094,1890400
2024-02-14,56.84479904174805,57.4202599083874,56.44017704801184,57.186476787554334,1317600
2024-02-15,59.98286437988281,60.036811696171874,57.53715552428101,57.663033738961346,1289300
2024-02-16,60.56731033325195,61.25067263761528,58.27445367073553,58.70605272086873,1757100
2024-02-20,59.37143325805664,60.24361808010553,58.91286051305506,59.47933474512607,1546100
2024-02-21,59.09269332885742,59.57823970600063,58.59815344657237,59.12866048939038,1297900
2024-02-22,58.831939697265625,60.40546703931075,58.786979029193276,59.47933490131262,1390300
2024-02-23,58.47227478027344,59.15563714498889,58.39135380999604,58.79597238145261,824400
2024-02-26,57.61807632446289,58.87689955273195,57.303368802386956,58.29244517603188,936600
2024-02-27,58.37336730957031,58.96681520360308,58.02269604856362,58.310426489903335,842000
2024-02-28,57.38429641723633,58.733034195949216,57.38429641723633,57.86984284077718,1130500
2024-02-29,58.19353485107422,59.497311834231795,58.05865971418754,58.40933095407225,2119900
2024-03-01,59.569252014160156,59.73110082233588,57.32135571173902,58.11261274057862,1449900
2024-03-04,59.173614501953125,59.64118073048209,58.454291868882,59.33546329490016,925800
2024-03-05,58.085636138916016,59.66815697643201,58.00471516894658,58.64311686327733,1549800
2024-03-06,56.754878997802734,58.93983768160097,55.6848817036123,58.93983768160097,2761300
2024-03-07,56.78185272216797,57.41126084030976,56.25134914400775,57.33932995395798,1518900
2024-03-08,57.4921875,58.41832299470208,57.26739789750232,57.78890799168803,1038300
2024-03-11,57.393287658691406,58.112610329601836,56.94370841685932,57.19547169467972,838000
2024-03-12,57.177486419677734,57.84286518708684,56.34126878023933,57.159502838935076,730000
2024-03-13,57.77992630004883,58.004715921816796,57.078580347720916,57.078580347720916,1193800
2024-03-14,56.287315368652344,57.66302664505977,55.711854532247074,57.519164865975604,1248400
2024-03-15,56.287315368652344,56.916726944727046,55.4151340391081,55.4151340391081,2255700
2024-03-18,56.4941291809082,56.89874775458527,56.13446441539814,56.67395813364583,1029300
2024-03-19,56.66496658325195,56.763874562693914,55.52303492699746,56.197403772264636,1171900
2024-03-20,57.95075988769531,58.301431137594896,55.86471596906412,56.2423608751045,1030000
2024-03-21,59.443363189697266,60.19865296326036,58.40033613854716,58.454290308111865,1326500
2024-03-22,56.88975524902344,59.84798392741842,56.83580450749611,59.245549415440856,1381900
2024-03-25,56.548072814941406,57.914797462935134,56.44017476431665,57.15950081851031,1733100
2024-03-26,54.91160583496094,56.898745170618604,54.794714276975995,56.83580435401531,1761900
2024-03-27,57.707908630371094,57.817566385392844,55.514732614192944,55.63353054894153,1228300
2024-03-28,59.6817626953125,59.88280481960447,57.85412064685461,58.137403473676336,1834100
2024-04-01,57.835838317871094,59.855385606277686,57.68962682834747,59.71831080974315,775100
2024-04-02,56.75753402709961,57.086510789151035,56.09958050299676,57.086510789151035,1461700
2024-04-03,57.305824279785156,57.4428990877777,56.28234376756765,56.446832142775826,943600
2024-04-04,56.126991271972656,58.26533663270438,55.94422951190985,58.018607559428176,1525800
2024-04-05,56.06302261352539,56.41027622403517,55.17661694342735,55.74318605513285,1089300
2024-04-08,57.7901496887207,58.25619773679398,56.51993319417732,56.70269843328807,853900
2024-04-09,59.672630310058594,59.82797850936603,57.67135619127211,57.93636563404542,1415600
2024-04-10,56.04475021362305,57.53427876717422,55.56042179186955,57.3880672684834,1455200
2024-04-11,56.68442153930664,57.33323831220186,55.86198319255532,56.538210045264826,882300
2024-04-12,55.38679885864258,56.82150033413651,55.03954522865048,56.33717537969609,1122300
2024-04-15,53.61397933959961,56.11785522104704,53.275865896462605,55.93508997293398,1333900
2024-04-16,52.98344421386719,53.412942034739594,52.142728931941996,53.19362303434849,1474400
2024-04-17,52.956031799316406,53.9795123561971,52.86464742801444,53.11138000159375,1424700
2024-04-18,53.63224792480469,53.74190914830003,52.74584236026871,53.39465557914469,955800
2024-04-19,55.01213455200195,55.06696169027972,53.77847165139106,53.77847165139106,1446300
2024-04-22,56.05388641357422,56.419416900060966,54.774533196827676,55.24058474139613,1159500
2024-04-23,57.506866455078125,58.685698649840695,56.02647456279326,56.02647456279326,1600300
2024-04-24,57.5160026550293,57.65307746197167,56.4742452773301,56.83977577187167,1030100
2024-04-25,56.61132049560547,56.83063600515822,55.31369036791584,56.38286480634633,1178400
2024-04-26,56.20923614501953,58.12826602273536,56.13613213729282,56.73011832262426,845600
2024-04-29,57.42462158203125,57.671354142126816,56.90374289492631,56.90374289492631,908400
2024-04-30,56.556488037109375,57.9089452552527,56.437690106487636,56.91287834301752,1261400
2024-05-01,54.14399719238281,55.9807793607843,51.90513078850215,53.00171877060259,2343300
2024-05-02,54.893333435058594,55.130929307048525,53.4860455346789,55.03040824474181,1254400
2024-05-03,55.54214096069336,57.15047081763524,55.121783367657784,56.3463058891643,891700
2024-05-06,56.282344818115234,56.55649095326025,55.779742989356485,56.51993720565232,812000
2024-05-07,55.61525344848633,57.059091589245035,55.395934453380654,56.63873395841276,986800
2024-05-08,54.939022064208984,55.61525242454051,54.69228950649169,55.240585241182494,649800
2024-05-09,56.13613510131836,56.24579286167702,55.09437766301776,55.24058917214841,672600
2024-05-10,56.200103759765625,56.392005716461874,55.578703959642844,56.392005716461874,787400
2024-05-13,57.342376708984375,58.00033019469732,56.5839021645145,56.885465340785295,1306400
2024-05-14,58.53035354614258,58.98726494940079,58.0551617824818,58.247067221177836,1251600
2024-05-15,59.10606002807617,60.15695766104261,59.032952529523854,60.08385016249029,1664300
2024-05-16,58.16482162475586,59.31624028530152,58.15568144477526,59.060364049246715,1133300
2024-05-17,57.753597259521484,58.4755180531803,57.34237633364259,58.311029682828746,887300
2024-05-20,56.748390197753906,58.15567804005012,56.6752861919754,57.88153191795585,873800
2024-05-21,56.97684860229492,57.15047716048267,56.26406795360864,56.51993721499197,990300
2024-05-22,56.410274505615234,57.433754947250215,56.044747519438346,56.6752839236144,614600
2024-05-23,54.610050201416016,56.63873797776956,54.36332110760416,56.63873797776956,879800
2024-05-24,54.198829650878906,55.41421212020093,53.97037395876993,55.07609867194766,949800
2024-05-28,53.08396530151367,55.25886448873232,53.07482860755692,54.76539935209362,1142600
2024-05-29,52.24324417114258,52.416872722085785,51.59443086487346,52.22497078405527,1132800
2024-05-30,53.17534255981445,53.20275961173012,52.3072137688581,52.62705032489917,1213200
2024-05-31,55.441619873046875,55.51472736011372,53.24844755039427,53.78760306666327,2268300
2024-06-03,54.86591720581055,55.68835556613943,54.47297315546916,55.55128424906314,975300
2024-06-04,54.783668518066406,55.578693246821885,54.47296867789256,54.500382241863065,942200
2024-06-05,54.57349395751953,55.331965002472096,54.33589809816786,54.792809458198114,870400
2024-06-06,55.58783721923828,55.752322100243916,54.00692086054658,54.10744191657452,1322100
2024-06-07,54.153133392333984,55.10350986722222,53.91554101659045,54.500387005457966,1536800
2024-06-10,53.98865509033203,54.74712623525381,53.26673420970279,53.55001705924674,1554100
2024-06-11,53.35810852050781,54.29020812121393,53.14792971142071,53.486043144651525,1383800
2024-06-12,54.792808532714844,57.00426129060616,54.43641823566402,55.779738726969725,1888100
2024-06-13,56.017337799072266,56.39200501336102,54.6009131346127,54.811091963510556,1685100
2024-06-14,56.328033447265625,56.82149856622353,55.5055950682929,55.5055950682929,1566200
2024-06-17,56.15441131591797,56.53821521564243,55.405076904682986,56.0995806934042,968200
2024-06-18,56.702701568603516,57.1687531284036,56.053888245544044,56.2457901885407,977000
2024-06-20,56.11785888671875,56.98599125749514,56.07216844319524,56.20923977376579,1057300
2024-06-21,56.200103759765625,56.50166696539467,55.798022971551006,56.209240454197975,1563000
2024-06-24,56.830631256103516,57.29668277538255,56.13612755261314,56.410273659623634,829900
2024-06-25,56.392005920410156,56.81236358496719,56.20924065748527,56.693569127129834,1250900
2024-06-26,55.82543182373047,56.300620071081696,55.578699263415956,55.898535830884505,800200
2024-06-27,55.90767288208008,55.953363319739296,55.11264811174745,55.688353900976104,935700
2024-06-28,57.17070770263672,57.1985675370155,56.0005450608538,56.38131148242009,1985600
2024-07-01,56.362735748291016,57.54218379279369,55.94482407165193,57.20785161731826,755500
2024-07-02,57.16142272949219,57.198571539733734,55.90768049683687,56.316306781377335,1010300
2024-07-03,57.096412658691406,57.81151129582872,56.7527950292922,57.39359604779971,743400
2024-07-05,56.00054931640625,57.40288679845852,55.65693167636993,56.947822727027535,1445600
2024-07-08,56.418460845947266,56.57633796592297,55.85195392329503,56.33487779928209,1027000
2024-07-09,56.8921012878418,57.00354772271648,55.45261849308094,56.3070234469252,1087700
2024-07-10,57.42145919799805,57.597910727484596,56.76208023474741,57.226429721222416,890600
2024-07-11,60.57904052734375,60.84835700947191,58.62877044893022,59.06525658170533,2619400
2024-07-12,62.928646087646484,63.30012710392428,61.46129997032529,61.4798708327042,1768900
2024-07-15,63.51372146606445,64.11737720865301,62.770759462046094,63.47657265732246,1368700
2024-07-16,64.40526580810547,64.7210271112147,63.50442676227789,63.99664311963668,1688500
2024-07-17,63.66231918334961,65.04607870724321,63.411566485916495,64.04308208833288,1184800
2024-07-18,62.436439514160156,65.47328225433334,61.84206561057782,63.31870076711074,1429100
2024-07-19,61.999942779541016,62.74289767503675,61.359138248144596,62.49215208059195,794000
2024-07-22,63.030799865722656,63.07723056166573,61.359138932737785,61.999943471283764,718400
2024-07-23,64.24739837646484,64.73031874845293,62.417860176547165,62.696472716232236,918600
2024-07-24,62.24140167236328,65.19466467186479,62.157822166301465,64.03379096271185,958700
2024-07-25,63.06794738769531,64.42384696772994,62.14853035059629,62.34355627456595,776300
2024-07-26,65.47328186035156,65.52900153502875,63.74590109124555,63.82019871442269,914300
2024-07-29,66.2626724243164,66.5412849592856,65.01821916171914,65.68688357731634,1270900
2024-07-30,67.4513931274414,67.65570800266282,65.04606657103055,66.754869008501,1752700
2024-07-31,66.22552490234375,68.13864970316818,64.08023243174307,66.52270830556726,3384400
2024-08-01,65.27825164794922,67.88789349416928,64.55386758283554,67.20994721185963,1478300
2024-08-02,62.15781784057617,63.87590939347387,60.80191829289544,63.81090075370186,1596000
2024-08-05,60.969085693359375,62.241398682817,58.03439723928638,59.2881393678703,1960900
2024-08-06,63.47657012939453,64.93462715875015,61.0155165601813,61.7584785346115,1644100
2024-08-07,62.733619689941406,65.07393803019266,62.32498986648047,64.48886021648259,1604900
2024-08-08,63.848052978515625,63.97807026502084,62.74289895781062,63.26297518924218,1041800
2024-08-09,63.72732925415039,64.12667011585981,62.76148142384365,64.00593470868945,635000
2024-08-12,62.408573150634766,63.71804220845616,61.8699330880596,63.52301625875304,712700
2024-08-13,63.93163299560547,63.99664872478984,62.52930266771613,63.11438046167859,577600
2024-08-14,63.643733978271484,64.47027542587941,63.43941908822723,64.19167000933653,668500
2024-08-15,64.66529846191406,65.59399731316584,63.85733499598737,64.46099066638301,1073900
2024-08-16,64.9996337890625,65.49184307059443,64.08951283822505,64.63744178622164,762700
2024-08-19,66.1976547241211,66.30910113994919,64.9810614643241,64.99963232425705,823000
2024-08-20,65.17608642578125,66.19765375701218,64.9810605149889,65.93761920928902,777200
2024-08-21,65.52899932861328,65.69616543242755,64.59101843787707,65.39898203513675,785100
2024-08-22,65.81690216064453,66.18837610066828,64.81390551759344,65.43613216108558,839100
2024-08-23,67.90646362304688,68.86302232122574,65.9469084492317,66.34624924497152,1250300
2024-08-26,68.69586944580078,69.56884881484132,67.9807672138046,68.25937976128051,1319600
2024-08-27,68.90945434570312,69.14162906665955,67.85073818497465,67.96218460178139,750100
2024-08-28,68.9837646484375,69.20665043764701,68.46369544514481,68.64943242191748,654700
2024-08-29,69.09520721435547,69.54097876779798,68.25937669488688,69.09520721435547,835200
2024-08-30,69.85674285888672,70.33038135277083,69.32738468998497,69.81030507276444,1595600
2024-09-03,69.02091217041016,69.8660316953713,68.46369416509877,69.38310422813312,1054300
2024-09-04,69.1230697631836,70.08891761409073,68.68658008114359,69.1230697631836,844600
2024-09-05,69.336669921875,70.32108858291383,69.20664554483288,69.72672179676839,1006900
2024-09-06,69.24378967285156,69.81958555786589,68.60299223182761,69.53169115806398,1042900
2024-09-09,69.00233459472656,69.30879986231763,68.23151276823518,69.19736052334294,1144500
2024-09-10,69.1973648071289,69.41096161032726,67.86003597335757,69.20664669567763,936200
2024-09-11,70.8504409790039,70.92473859260112,68.00862457030969,68.55655352841566,1332500
2024-09-12,73.0050277709961,73.46008828968935,70.87830624529158,71.0454723459927,1435200
2024-09-13,74.35163879394531,74.83456623606804,73.53438623435198,73.86871843723357,1209500
2024-09-16,75.68896484375,75.91185060906813,73.65511186466627,74.52809114982745,1016800
2024-09-17,74.67668151855469,76.54336119527458,74.4166398763124,75.82826616398656,1301600
2024-09-18,75.49393463134766,77.43491193649531,74.66739317498971,75.14103159915999,1436000
2024-09-19,76.44120788574219,77.87140511110668,75.94899857862148,77.21202971049115,1695000
2024-09-20,75.24319458007812,76.23690228896596,75.03888673901356,76.0140164989064,2453900
2024-09-23,76.31119537353516,76.34834418390328,75.32677669771866,75.73540652635694,891500
2024-09-24,76.6083755493164,77.0727250312732,75.86542062943202,76.1718859026113,712000
2024-09-25,75.03887939453125,77.00771667061062,74.5745299108656,76.74768209342359,1105600
2024-09-26,74.5373764038086,76.00471529479294,74.15660645020563,75.95828460059941,1052500
2024-09-27,75.01101684570312,75.65182143784178,74.20305323169654,75.4196466824769,942000
2024-09-30,75.64088439941406,75.98872600145403,74.55976168666297,74.82299006769409,1212800
2024-10-01,74.90760803222656,75.59388821688965,74.05210856726545,75.59388821688965,640800
2024-10-02,75.34004974365234,75.47166393207917,74.15551487537564,74.2777331735115,631700
2024-10-03,75.03921508789062,75.08622322833477,74.22132078223508,75.01101307259823,751000
2024-10-04,75.90411376953125,76.42117464789112,74.860596122249,75.3400519210522,950800
2024-10-07,75.11442565917969,75.40585604872699,74.42814553604877,75.40585604872699,905800
2024-10-08,76.07333374023438,76.31776317338067,74.90760495300958,75.2930444702445,1190300
2024-10-09,77.4646987915039,77.69972517911621,75.98873336419605,76.28016378965575,1339500
2024-10-10,77.30487823486328,78.41420300909148,76.51518588709682,77.41768630423296,1336300
2024-10-11,78.00055694580078,78.22618026464382,77.42709199889623,77.54930313567871,863400
2024-10-14,79.33551025390625,79.56113358747317,77.38008890316235,77.84074580692524,763200
2024-10-15,81.30032348632812,82.40024515516834,79.73034191418718,79.74914803998566,1537500
2024-10-16,82.16522216796875,82.53186273932329,81.69516941777721,81.78917853332835,907900
2024-10-17,83.59418487548828,83.78221029140363,81.51655244356829,81.82678900050144,972100
2024-10-18,84.34626007080078,84.71290061359147,82.80448774408215,83.67878607822193,1058500
2024-10-21,81.72337341308594,84.37447070143125,81.62936429525955,84.03603213930751,1303000
2024-10-22,81.61995697021484,82.3720442184299,81.14990423318932,81.48834277764254,765800
2024-10-23,81.75157165527344,83.26514205140849,81.20630875565453,82.27802842873412,1244100
2024-10-24,82.35323333740234,82.61646170734844,81.42253098011146,81.90198675247622,922300
2024-10-25,81.7797622680664,82.83268284059591,81.50713085627481,82.72927067845308,990100
2024-10-28,82.15581512451172,83.40615710083097,82.11821004562594,82.62586785193079,977700
2024-10-29,81.02769470214844,82.82329246334288,80.90547639775193,82.27802955625182,1311300
2024-10-30,77.79373168945312,80.651653327619,76.86302923401846,80.20980258614354,2179900
2024-10-31,75.73489379882812,77.37068246848779,75.68789282914268,76.74080635727069,1890000
2024-11-01,74.41875457763672,77.00404469412088,73.98629973731774,76.6373969516877,1595600
2024-11-04,75.51866912841797,76.03572279923638,74.25892415232543,74.28712616696924,873000
2024-11-05,76.50577545166016,76.94762614060951,74.92639808075344,75.04861637404116,899400
2024-11-06,76.10153198242188,78.92184828327657,73.5820491334276,77.87833067816551,2451400
2024-11-07,77.67151641845703,77.90654278566952,75.40585879575967,75.45286693817638,2028800
2024-11-08,77.93474578857422,78.15096603258253,77.11685143824582,77.7843254688853,1280100
2024-11-11,77.05105590820312,78.48002047001805,76.67501222496568,78.3296001277484,962400
2024-11-12,74.2965316772461,77.18265508732762,74.16491748961516,76.45877705535753,1112100
2024-11-13,74.63496398925781,75.8664997162175,74.14611235771521,75.42465622166934,1128300
2024-11-14,74.7101821899414,76.11093731961222,74.61617307825718,75.12383088827458,1273800
2024-11-15,73.82647705078125,74.41874805225615,72.83937066904825,74.41874805225615,1379600
2024-11-18,73.71366882324219,74.09910831262955,72.65134511695547,73.64785455884169,1066300
2024-11-19,74.66317749023438,74.98281709162033,72.94278269459565,73.21541415175446,820100
2024-11-20,74.7947998046875,74.96401910086068,74.0051145375037,74.15552770497065,731600
2024-11-21,75.93232727050781,76.78782682183262,74.87941357341467,75.20844910375628,792400
2024-11-22,75.82891082763672,76.94763146225746,75.6032803501634,76.10153510282143,1326400
2024-11-25,77.20146179199219,77.33307598061076,76.09213707903899,76.65619891203791,3005700
2024-11-26,78.23558044433594,78.50821189858814,76.24255421278657,76.83482526501697,968300
2024-11-27,77.89714050292969,79.6739392830579,77.66211413336315,78.84664904426049,899000
2024-11-29,77.07925415039062,78.79024601142322,76.89123590420802,78.02876279021639,957500
2024-12-02,76.03572845458984,77.27666739826117,75.4810696655138,77.06044715495327,1054000
2024-12-03,75.34944915771484,76.2613525422543,74.91700153490505,76.13913425003665,762200
2024-12-04,74.9922103881836,75.69728949258426,74.62556982769009,75.3776570746917,866300
2024-12-05,74.48456573486328,75.20844385105781,74.00510989703066,74.80419817846094,803800
2024-12-06,75.52806091308594,75.67848121292374,74.37173534093014,74.95460324414964,854200
2024-12-09,78.03816223144531,78.3013906328555,75.77250445621219,75.77250445621219,1164400
2024-12-10,76.3271713256836,78.13217224672495,75.6784962058822,78.03816312691914,1108500
2024-12-11,75.19903564453125,77.05104459529687,74.70078088568276,76.88182532130723,1741800
2024-12-12,75.15203094482422,76.1485404130753,74.87939950734443,75.10502280399018,815600
2024-12-13,75.14262390136719,75.31184315799565,73.94869321524709,74.75717724976654,679900
2024-12-16,75.74429321289062,76.70319758301872,74.76658271784594,74.76658271784594,1267900
2024-12-17,75.54686737060547,75.92291094942695,74.96399946481043,75.09561364153274,893400
2024-12-18,69.78402709960938,75.96991518957716,69.53019462467572,75.52806450334339,1598400
2024-12-19,68.93793487548828,70.59251531546981,68.3456638472858,70.12246258702235,1745700
2024-12-20,70.16947174072266,71.51382285036605,68.93793586961026,69.12595409472638,3032000
2024-12-23,71.08137512207031,71.39161164838714,69.51140070940353,69.74642707677648,1287900
2024-12-24,71.57022094726562,71.5984301338853,70.57371152641824,70.92155310371163,246500
2024-12-26,71.66424560546875,72.27530844409415,70.71473703974094,71.26939584340049,677600
2024-12-27,70.14127349853516,71.81466017839531,69.99085317239964,70.87455465735604,593300
2024-12-30,69.72762298583984,70.03785952121099,68.50549014329357,69.53960475542833,616400
2024-12-31,70.84227752685547,71.55679753370099,70.10869958281563,70.14680818873087,980700
2025-01-02,70.21349334716797,71.56632335806599,69.79431323746364,70.25160195140893,935600
2025-01-03,71.36626434326172,71.48058289665188,70.21349896110428,70.43262163589148,747800
2025-01-06,68.58438873291016,71.27098355213086,68.49864982465085,71.07091883105275,1227700
2025-01-07,67.00292205810547,69.56566211261153,66.88859624455993,68.75587425496504,1448100
2025-01-08,66.62183380126953,67.25060751511393,65.49765556769601,66.78378989605817,1199900
2025-01-10,64.92606353759766,65.84064842621044,64.2020144417679,64.98322282173764,1886400
2025-01-13,66.04070281982422,66.22171688247846,64.5068659427894,64.76409721797948,1387500
2025-01-14,66.96481323242188,67.42210194814749,66.25029325418666,66.38366973531271,1148800
2025-01-15,68.59392547607422,69.58472749405661,68.46054898023755,69.34655414170912,1422300
2025-01-16,69.01311492919922,69.23223034944947,68.20331969265304,68.5748768202246,575300
2025-01-17,69.72762298583984,70.43261397277904,69.16553017509095,69.54660893803502,1086600
2025-01-21,70.53741455078125,70.99470327575918,69.97532171025738,70.13728509930725,961500
2025-01-22,69.28938293457031,70.19443861029167,69.27032499931805,70.05153316979023,740600
2025-01-23,68.46054077148438,69.38465443074269,67.25061621628966,69.27985758679753,1074500
2025-01-24,70.08011627197266,70.62315115797101,68.11757041528966,68.1747296869296,1906200
2025-01-27,71.06139373779297,72.35705727983202,69.77525916446002,69.85147637716196,1182100
2025-01-28,69.71810150146484,70.56599802408023,68.68919091161462,70.28018710407507,1535000
2025-01-29,65.58340454101562,68.66060715716418,65.49766563123822,67.08866172831982,3228000
2025-01-30,68.97500610351562,70.5660023945128,67.3744808430018,67.72697276190263,1834400
2025-01-31,69.67998504638672,70.28017918863115,68.9749940631749,68.9749940631749,1506200
2025-02-03,68.2890625,69.18459661269598,66.99339890785531,67.73649858925252,919800
2025-02-04,68.85114288330078,69.25127960083978,67.46021151144829,68.20331113642,959800
2025-02-05,69.52755737304688,69.9276867981594,67.52689571053875,69.42276053287844,1275400
2025-02-06,68.9654769897461,70.384988168845,68.57487646206981,70.22303202977128,1316700
2025-02-07,69.29890441894531,69.47991846091762,67.93655279153624,69.24174515031095,795400
2025-02-10,67.75555419921875,69.40370963727972,67.64122837967307,69.34655036174362,1011000
2025-02-11,68.16521453857422,68.33669963844822,66.68853688585509,66.73617446244874,976700
2025-02-12,67.09818267822266,67.26966774575762,66.11690984062295,66.54561887522419,1049200
2025-02-13,67.88893127441406,68.11757564700765,66.87907136421809,67.28872980220477,901500
2025-02-14,67.52690124511719,69.11790464513255,67.4983216079057,68.34621809805556,846800
2025-02-18,67.80318450927734,68.14615469945743,67.25062061749016,67.53643153213139,1118300
2025-02-19,66.58372497558594,67.41257064896281,65.84062546699317,67.41257064896281,1159000
2025-02-20,66.27886962890625,66.76474522536967,65.63103792311259,66.57420221279935,1164000
2025-02-21,65.60246276855469,66.58373572776989,64.84030520316857,66.57420675937243,1205100
2025-02-24,65.58340454101562,66.30745349807526,65.3547601798027,66.04070053191465,1124100
2025-02-25,66.59326171875,67.45068712435517,65.75488698061477,65.75488698061477,1445000
2025-02-26,66.67900848388672,67.5078543517386,66.37414688912632,66.95529043983734,1030800
2025-02-27,66.72663879394531,68.08899048714099,66.25029214972966,67.01244241939092,1097400
2025-02-28,67.57454681396484,67.736502956306,66.70759228412534,67.01245389790397,2958400
2025-03-03,64.81172180175781,68.34621295069478,64.20199869225495,67.43162828644049,1385500
2025-03-04,63.887611389160156,64.86888434082603,62.53478862605716,64.28774810556973,1576800
2025-03-05,64.4782943725586,64.77362702249438,62.30615442282908,63.430333008729804,2133900
2025-03-06,63.51605987548828,64.15436263510978,62.66816342919155,63.315995156881826,1614300
2025-03-07,65.73583984375,65.8977959655981,63.52559160640922,63.687547728257336,1357800
2025-03-10,64.94510650634766,66.59326926548316,64.34491228864303,65.30713464555969,2282600
2025-03-11,62.468101501464844,65.25949325554306,61.90601592433538,65.25949325554306,1579400
2025-03-12,62.96349334716797,63.50653547691474,62.20134310893506,62.86822547594794,1123000
2025-03-13,60.94379425048828,63.68754845878853,60.70562091498909,62.94444881498679,1518900
2025-03-14,62.41094207763672,62.55384753081801,61.33439396301448,61.906015775739654,1182500
2025-03-17,65.39287567138672,65.98354820757079,63.09688831216154,63.15404759136601,1765100
2025-03-18,65.17375183105469,65.73583738650704,64.40206531917318,64.78314409105042,1418500
2025-03-19,65.60246276855469,66.54562712265326,65.00226859203255,65.1642247124233,1462700
2025-03-20,65.23091888427734,66.05023579758432,64.95463692342044,65.47862120581696,1346500
2025-03-21,65.1070556640625,65.74536568960124,64.24963752160298,65.28806971427962,2903000
2025-03-24,66.19313049316406,66.56468028078619,65.60245805897038,65.7358345330669,1555400
2025-03-25,65.2690200805664,66.59326318735447,64.61165937702663,66.44082877034168,1139100
2025-03-26,65.65962219238281,65.87874485518701,64.75456644132788,65.34523165080545,1106700
2025-03-27,65.0880126953125,66.14550294913404,64.9069986236844,65.5453087247247,1063100
2025-03-28,64.4782943725586,65.57389331730093,63.89715077409025,65.26903169748756,1216700
2025-03-31,64.95196533203125,65.4256418181734,63.70493315910211,64.3816138535909,1582200
2025-04-01,64.7296142578125,65.43530177793342,63.521250773216394,65.22262862460202,1340100
2025-04-02,65.56097412109375,65.68664127835561,63.327920584670444,64.07226930505621,1148100
2025-04-03,60.51485061645508,64.24627818847675,60.40851771198927,63.58892806244012,1449700
2025-04-04,58.4074592590332,59.83816495901717,56.91875815589425,59.18081488744603,2530800
2025-04-07,56.541751861572266,59.9541695282337,54.56003258405977,56.8994264588595,2276600
2025-04-08,54.96604537963867,59.32581973318234,54.10569106528503,57.962785706340846,1983800
2025-04-09,59.53849411010742,59.90583769347747,52.41398303833595,53.9413527794923,2482700
2025-04-10,57.67277908325195,58.16578982086243,54.97571058082454,57.80811521955157,2200500
2025-04-11,58.62013244628906,58.76513754857586,55.63305757777123,57.10242810958784,1907200
2025-04-14,60.746856689453125,61.24953640316282,59.22915226182123,59.9251708942859,1903300
2025-04-15,61.47187423706055,61.71354696111132,60.321513398126775,60.650188450341155,1486600
2025-04-16,60.96919250488281,61.97455188859698,60.39884474754814,61.471872196739895,1412100
2025-04-17,61.75221633911133,62.651235492436115,61.259201910130166,61.35587321367215,1413500
2025-04-21,60.48584747314453,61.15286284625234,59.52882557640867,60.775853996772575,1388600
2025-04-22,61.8005485534668,62.18722638239743,60.843522955061665,61.61687861292293,1588200
2025-04-23,63.11524963378906,65.21296711299462,62.844577362313025,63.453589973134115,1742400
2025-04-24,63.83060073852539,64.08194244465449,62.91224730785597,63.10558254317591,1004100
2025-04-25,63.656593322753906,63.84026695104839,63.14424833358103,63.52125718883149,770200
2025-04-28,64.03360748291016,64.54595251452858,63.14425356480772,63.31825823359009,1331000
2025-04-29,62.9509162902832,64.05294336525134,61.771552170515,63.75326416046771,2443200
2025-04-30,61.60721206665039,62.071223267071794,58.75547310690437,60.05083909094325,3881200
2025-05-01,62.13888931274414,63.10558020404449,61.09486506770897,62.283894421492434,1244100
2025-05-02,62.883243560791016,63.8982645413381,62.31289211673182,63.182915368105014,1254700
2025-05-05,62.58356857299805,63.38592381278088,62.21622867569256,62.37089538893354,691800
2025-05-06,61.84888458251953,62.7092425984228,61.58787759175785,62.20655919017078,1038400
2025-05-07,61.91655349731445,62.95091243861158,61.80054793721219,62.303223947123186,1337100
2025-05-08,61.42354202270508,62.515900108647415,61.355873953226634,62.26456577930832,1402800
2025-05-09,62.071224212646484,62.27422842449212,61.18187032019894,61.59754771833998,1105300
2025-05-12,64.38160705566406,64.91328995609906,63.76292552166641,63.92726119079518,1216100
2025-05-13,63.840267181396484,64.87462613740205,63.298922643753556,64.71029045636989,1215800
2025-05-14,63.907936096191406,64.58461677721965,63.19258689406636,63.646925422604596,2143500
2025-05-15,64.74895477294922,64.7876159157568,63.6179209012862,63.90793109920301,923200
2025-05-16,65.58030700683594,65.67698199688822,64.30427531596817,64.8262892861322,1103300
2025-05-19,65.63831329345703,65.72531193394273,64.66195342371992,64.93262569447486,1044500
2025-05-20,65.34830474853516,66.08299191316489,65.25163713154171,65.25163713154171,1217800
2025-05-21,62.82523727416992,65.25163341127862,62.77690715606191,65.25163341127862,1257900
2025-05-22,62.47723388671875,63.26992017633268,61.79088419238067,62.64157695458752,999800
2025-05-23,62.45790100097656,62.85424044348067,61.732882810166835,61.91655644525722,1369700
2025-05-27,64.85528564453125,65.08729675893073,63.192583576263566,63.434256288980286,1619300
2025-05-28,65.51264190673828,65.58997895217703,64.28494765528104,64.92296721725089,1392000
2025-05-29,66.5566635131836,66.58566305862612,65.46430550834165,66.04431854298988,1643800
2025-05-30,65.0873031616211,66.2473293466677,64.60395768864058,66.2473293466677,2502800
2025-06-02,65.33863067626953,65.48363577807902,63.627591125661944,64.5846129971792,1110600
2025-06-03,68.03570556640625,68.46105193924319,64.8842984184837,65.24196934539971,1838300
2025-06-04,68.85739135742188,69.31172985422143,67.44601624941508,68.00669870325167,1886600
2025-06-05,69.4180679321289,70.01741891727858,68.58671320687154,68.93472250466606,1314200
2025-06-06,71.65113067626953,71.87346544850676,69.97875220885575,70.22042492884083,1741000
2025-06-09,70.16242980957031,72.10547327809718,69.94975662389676,71.9604755381075,3455100
2025-06-10,70.46209716796875,70.95511157844831,68.72205064584446,70.47176614177668,2044200
2025-06-11,70.54911041259766,71.73813617852936,70.21076267203591,70.78111418090462,1693600
2025-06-12,71.0324478149414,71.15811497195884,70.25909217490769,70.50076489050998,806100
2025-06-13,69.69841003417969,71.1001162164598,69.11839698904511,70.43309715815872,1065600
2025-06-16,70.39443969726562,71.15812648718506,69.6790904083953,70.34610219621652,2143300
2025-06-17,69.35040283203125,70.7811086036011,69.14739862885033,70.77143962956403,1669000
2025-06-18,69.32140350341797,69.99809155808427,69.0797307785942,69.38907157135797,1775300
2025-06-20,69.08940124511719,70.26876534777618,68.96372670532362,69.49540966152773,3225600
2025-06-23,68.6253890991211,70.15276258406648,66.73067570493315,70.15276258406648,2169500
2025-06-24,67.99703216552734,69.45673744236667,67.40735752085385,68.9927299555308,2004700
2025-06-25,64.42028045654297,67.19468597183747,64.35261238910975,67.05934983697104,2886700
2025-06-26,65.50297546386719,65.62864262196273,64.51694664560179,65.00996105473449,2988900
2025-06-27,66.31499481201172,66.92401480420624,65.61897617822731,66.04432253782142,1996900
2025-06-30,66.16789245605469,66.64843381320603,65.38332872498151,66.45229662151486,1473100
2025-07-01,66.80535125732422,68.55099774725339,65.21661302832183,65.63831473515957,1392900
2025-07-02,66.95244598388672,67.18781958293515,66.15808066302162,66.69746914148185,1222200
2025-07-03,67.50164794921875,67.87431161534576,66.60920649639152,66.60920649639152,774300
2025-07-07,66.03060150146484,67.25647777700597,65.68735764074432,67.17801989965415,1560600
2025-07-08,66.98188018798828,67.32512403589547,65.64812625141631,65.873683287689,1149900
2025-07-09,67.69778442382812,68.33524152874273,67.22705216449273,67.24666289106739,1479800
2025-07-10,68.92366790771484,69.22768283588545,67.54088333176148,67.63895193934988,1400900
2025-07-11,69.40420532226562,69.66899877786351,67.9429629515988,67.9429629515988,1490500
2025-07-14,69.85533142089844,70.31625457882728,69.35517184525976,69.37478257196027,1605700
2025-07-15,68.57061004638672,70.27703512182839,68.5215794871654,70.16915741652502,1042100
2025-07-16,68.74713897705078,69.75725981539368,67.88412478593804,68.86482579126589,1654400
2025-07-17,67.69778442382812,68.86482093211082,67.00148765703518,68.61964569807861,1366500
2025-07-18,67.61933135986328,68.21755957199858,67.47223219471107,68.04103309166103,1369000
2025-07-21,67.67817687988281,68.35485546976818,67.39377269717257,68.10968022420639,873900
2025-07-22,69.74745178222656,69.88474931178149,67.82527888630335,68.06064501094691,848700
2025-07-23,70.11031341552734,70.64970196624067,69.54151251368552,70.10051179253617,1055800
2025-07-24,69.37478637695312,70.06128156359362,69.0903821901934,69.48266408510871,1175100
2025-07-25,70.4143295288086,70.65950476047972,69.19825499256874,69.58072775540334,1540300
2025-07-28,68.25678253173828,70.22799347583084,68.16852304037727,70.14953560651823,1287200
2025-07-29,69.07077026367188,69.32575461326472,68.02142051522425,68.47254206779331,2058900
2025-07-30,65.14796447753906,69.04134845035236,64.4222478687653,68.42350206261199,3158500
2025-07-31,64.16726684570312,65.50102080669531,64.03977840904757,64.5595487428458,4179700
2025-08-01,63.37289810180664,65.06950655581498,62.048949574258536,65.06950655581498,2711900
2025-08-04,64.47127532958984,64.90278612160994,63.21597936969953,63.57884139773043,2056300
2025-08-05,64.82433319091797,65.26565312059364,63.8828611492931,64.61838688326453,2195200
2025-08-06,64.7458724975586,65.157772577084,64.34378900454999,64.97143700496905,1537500
2025-08-07,64.42224884033203,65.26565226952697,63.941699979919036,65.18719439654265,1255100
2025-08-08,62.029335021972656,64.64780475998946,61.81357961605586,64.28495019745162,2107600
2025-08-11,60.911338806152344,62.54910765617114,60.793655735397536,61.78416208464881,1535100
2025-08-12,62.441226959228516,62.45103606361684,61.03882805894992,61.61744176231403,2294100
2025-08-13,64.23590850830078,64.44185479802616,62.44122407792442,62.49026211544886,1183300
2025-08-14,63.95151138305664,64.18687752831428,62.72563513169728,63.36309227883512,1105600
2025-08-15,64.17707824707031,64.4124444009157,63.30425492282832,64.18687987028733,937200
2025-08-18,63.90247344970703,64.67722056688537,63.706328782826326,64.39282389367783,1156000
2025-08-19,65.57947540283203,65.60889523426931,64.17707274113765,64.3339810028546,1306300
2025-08-20,65.14796447753906,65.90310091769962,64.7949115365887,65.7069637203514,1188500
2025-08-21,65.1381607055664,65.2362293122689,64.3536043697913,64.57916141699155,1031000
2025-08-22,68.0312271118164,68.51176847889964,65.27545237402698,65.34410114075317,1286900
2025-08-25,68.33524322509766,68.6294565061016,67.41338192796287,67.81547291319129,1128400
2025-08-26,68.13909912109375,68.8746247669157,67.75661890168485,68.29600736814913,2430100
2025-08-27,69.67880249023438,69.82590164067723,68.01160645772538,68.1391023643147,1120500
2025-08-28,70.2868423461914,70.4339489998889,68.98250815604499,69.91417864135894,1303700
2025-08-29,71.11062622070312,71.24792375173494,70.1299252949591,70.19857406047501,1088000
2025-09-02,71.00275421142578,71.20870052448086,69.80629778897308,70.139732539018,1486000
2025-09-03,72.35611724853516,72.47380405994063,70.68892857214175,70.77718806907983,1364000
2025-09-04,73.83697509765625,74.15079910098576,72.46399227728172,72.77781628061123,2322200
2025-09-05,75.34725189208984,75.9258618312671,74.21944436141682,74.57249728375191,2049900
2025-09-08,74.32732391357422,74.6411479099079,71.90499143461376,73.55256928590418,3498700
2025-09-09,71.00275421142578,73.55257532630678,70.62028141830137,73.55257532630678,3222900
2025-09-10,72.44438171386719,72.89550325203592,69.81610287424824,69.81610287424824,2389100
2025-09-11,74.75883483886719,75.12168939270333,72.21881555124281,72.53263954809924,1508300
2025-09-12,75.69049835205078,76.41621494788775,74.5823089906947,74.79805691106998,2141900
2025-09-15,76.30833435058594,76.43583025568984,74.80786317631741,76.19065503160272,2099900
2025-09-16,77.40673065185547,77.69113484126663,76.16124366720439,76.44564037446067,2682900
2025-09-17,74.95497131347656,77.79900546647096,74.8667043403113,77.4165327077813,1667700
2025-09-18,76.24949645996094,76.67119815445974,74.768635977118,74.98439137646449,1480000
2025-09-19,74.96478271484375,76.72023830623698,74.64114960691079,76.52409362772256,6244800
2025-09-22,74.18022155761719,74.91574729290463,73.58199336101103,74.17041245281004,1453900
2025-09-23,74.7196044921875,75.77875578521919,74.40578050126068,74.58230696379165,1105000
2025-09-24,74.00369262695312,74.76863816913193,73.40546445019186,73.79774632576301,2856200
2025-09-25,73.90562438964844,74.03311281991624,72.31688615279332,73.35643425045853,5472200
2025-09-26,73.37604522705078,74.08215111250027,72.58167984699736,73.90562464113789,2563300
2025-09-29,73.9154281616211,74.19983231522765,72.87588013895306,74.07233641200344,1982700
2025-09-30,73.58876037597656,74.44007032964814,72.28209981606379,74.0936087327577,2480900
2025-10-01,75.54875946044922,75.5982572139168,73.26210523342804,74.23219776209898,1844000
2025-10-02,74.84593200683594,75.59825402448142,73.98472097799322,75.59825402448142,1465700
2025-10-03,74.84593200683594,75.58835296374625,74.61825292370631,75.36067388061662,1509900
2025-10-06,73.85604095458984,75.172602660802,73.76694650827555,74.63805863980691,1015700
2025-10-07,73.02452087402344,74.26188911648369,72.82654497614836,74.14310659867719,2118700
2025-10-08,72.29199981689453,73.20270101602685,72.10391743035554,73.13340869766454,2479300
2025-10-09,70.72796630859375,72.37119497340201,70.53989146973117,72.30190265333759,1309900
2025-10-10,68.78777313232422,71.13382603585825,68.7085873046532,70.95564470707976,1541800
2025-10-13,69.39160919189453,70.09443344394523,69.07484322544498,69.718276218879,1847600
2025-10-14,69.81726837158203,69.87665963377512,68.73828682949119,68.87687147613961,2539900
2025-10-15,71.00514221191406,71.90594236096284,69.81726417340276,69.96574987225372,2067400
2025-10-16,69.67868041992188,71.36149822214549,69.29262212938474,71.07443543363036,2237000
2025-10-17,70.34191131591797,70.64878379255948,69.40151442062476,69.9558530071305,1403900
2025-10-20,69.95584869384766,71.12392460931932,69.9162520040677,70.58938062573435,905800
2025-10-21,71.24271392822266,71.58917551977743,69.81726332034444,69.95584795696634,1938500
2025-10-22,72.46028137207031,72.57907144236094,71.22291312765452,71.47038677653768,1505300
2025-10-23,72.98493194580078,73.28189579346589,71.44069123921585,72.6384627950802,1333900
2025-10-24,73.43038177490234,74.2024983550061,73.21260375440201,73.57886747545224,1350400
2025-10-27,73.77684783935547,73.90553897869164,72.76715860864711,73.1532169220618,1586000
2025-10-28,73.3412857055664,74.0144143211264,72.69786027129418,73.99461975256418,1913100
2025-10-29,69.64898681640625,73.12351908461528,69.27282957558774,72.31180578957779,3187100
2025-10-30,69.71827697753906,71.02493754739936,69.04514834747185,70.11423632798386,2219200
2025-10-31,70.4706039428711,70.73787218064223,69.12434658808269,69.43121151891195,2345100
2025-11-03,69.8964614868164,70.1538362091565,68.7283855036382,69.54999987152982,1369000
2025-11-04,69.02535247802734,70.14393063608536,68.79767340131477,69.17383062338737,1702200
2025-11-05,68.66899108886719,69.09464606876094,67.32273382931004,69.01545268824665,1547500
2025-11-06,69.39160919189453,70.04494324586346,68.27303102493435,69.61928827041908,1681300
2025-11-07,71.62877655029297,71.80695788707665,69.39161255563045,69.48070700017065,1903500
2025-11-10,70.8863525390625,71.64856805406153,70.2924172926313,71.6287734851756,1307300
2025-11-11,71.68816375732422,72.12371978978321,70.87645050283919,71.28231090622985,1875700
2025-11-12,70.92594909667969,72.29200091615004,70.92594909667969,71.41099533259144,1535600
2025-11-13,70.08454132080078,71.42089753216126,69.93605561902817,70.75766995684631,1392700
2025-11-14,69.92615509033203,70.39140676835439,69.33221983101913,69.80736501755082,1059400
2025-11-17,68.41162109375,70.04494880602945,68.0156617161827,69.82717077075259,1064300
2025-11-18,68.43141174316406,68.77788089886931,67.76818416631072,68.53040724610644,1117200
2025-11-19,68.67888641357422,68.97585782220865,67.8671731225763,68.58979952236187,976600
2025-11-20,67.96617126464844,70.1835331976689,67.93646808079494,69.27283191921546,1135400
2025-11-21,69.33222198486328,69.73807486295479,68.11464824599514,68.16414599926578,1252800
2025-11-24,69.94596099853516,70.332019315603,69.01545759211675,69.51040492705471,1500400
2025-11-25,71.69806671142578,72.43058660621126,70.05483803814599,70.05483803814599,1447000
2025-11-26,71.97523498535156,72.38109539377892,71.36149761856984,71.60897126693881,1231300
2025-11-28,71.62877655029297,72.08412717711867,71.5198875360198,71.76736119531398,414000
2025-12-01,71.24271392822266,71.98513486110986,70.50029299533546,70.97543816309735,1465700
2025-12-02,71.02494049072266,71.6683735178227,70.60918655405989,71.29220872077822,889300
2025-12-03,70.4310073852539,71.7673636812734,70.01525343578953,71.15362626613765,1081700
2025-12-04,69.84696197509766,70.92595103816345,69.54009705961222,70.83685659516331,1082100
2025-12-05,68.57989501953125,70.09443251250168,68.00575435287823,69.83706536038515,1915900
2025-12-08,67.83747863769531,68.3819237119532,67.36233343861277,68.3819237119532,1279700
2025-12-09,68.2829360961914,69.15404066701952,67.35243271096137,67.82757791239604,909700
2025-12-10,69.62918090820312,70.03504130980029,68.3027258003706,68.35222355012996,1805200
2025-12-11,70.89625549316406,71.05463470537074,69.74797410740501,69.8865587501971,940300
2025-12-12,70.6883773803711,71.50998416291777,70.23301921597148,70.96554666145157,1118000
2025-12-15,70.89625549316406,71.58917870712445,70.46069944307662,71.13382808762239,1258700
2025-12-16,69.98554992675781,71.203123690018,69.06494758447725,70.84676100576122,1816500
2025-12-17,68.83727264404297,70.85665857109862,68.04535392870079,70.15383429857332,1730800
2025-12-18,68.49081420898438,69.29262646997334,67.97606475449258,69.29262646997334,1562900
2025-12-19,68.01565551757812,68.74817539032641,67.66919392589288,68.29282479092632,2810300
2025-12-22,68.74817657470703,68.87686770547596,67.60980383274331,67.8968666191592,1220600
2025-12-23,68.10475158691406,68.56010219721345,67.86717144496063,68.56010219721345,1131600
2025-12-24,68.5205078125,68.72838477948166,67.85728021989708,67.98596380356285,446300
2025-12-26,68.63928985595703,68.71848323872001,68.25323155535834,68.52050733410923,529300
2025-12-29,68.31262969970703,68.9461616510144,68.21364174837086,68.79767594786186,910200
2025-12-30,68.56999969482422,68.65909414131418,67.99586653244276,68.31263252117962,849600
2025-12-31,67.4800033569336,68.86000061035156,67.33999633789062,68.81999969482422,1106100
2026-01-02,67.81999969482422,68.2300033569336,66.91000366210938,67.56999969482422,1078900
2026-01-05,67.08999633789062,67.91999816894531,66.9000015258789,67.05999755859375,2630000
2026-01-06,68.0999984741211,68.25,66.79000091552734,66.79000091552734,1808200
2026-01-07,66.12999725341797,68.91000366210938,65.81999969482422,68.5,1939900
2026-01-08,67.05000305175781,67.73999786376953,65.7699966430664,65.7699966430664,1186200
2026-01-09,67.9800033569336,68.08999633789062,66.70999908447266,67.13999938964844,1126600
2026-01-12,66.91000366210938,67.7699966430664,66.30000305175781,67.7300033569336,1666500
2026-01-13,66.31999969482422,67.98999786376953,65.95999908447266,67.66000366210938,1476700
2026-01-14,66.37000274658203,66.37999725341797,65.16000366210938,65.9000015258789,1667800
2026-01-15,67.11000061035156,67.66000366210938,65.86000061035156,66.47000122070312,1623900
2026-01-16,67.94999694824219,68.0199966430664,66.43000030517578,66.91000366210938,2207300
2026-01-20,65.62999725341797,67.19999694824219,65.47000122070312,66.79000091552734,1436900
2026-01-21,65.93000030517578,66.83000183105469,65.5999984741211,66.08999633789062,1527500
2026-01-22,65.4000015258789,67.51000213623047,65.3499984741211,66.54000091552734,1674400
2026-01-23,65.48999786376953,65.68000030517578,64.69000244140625,65.0999984741211,1629700
2026-01-26,64.7699966430664,65.93000030517578,64.4800033569336,65.33999633789062,1626400
2026-01-27,65.22000122070312,65.33999633789062,63.95000076293945,64.5999984741211,3458100
2026-01-28,64.1500015258789,66.30000305175781,62.75,63.900001525878906,4016800
2026-01-29,65.01000213623047,65.29000091552734,63.43000030517578,64.44999694824219,2381100
2026-01-30,64.66999816894531,65.63999938964844,64.0,65.20999908447266,2621900
2026-02-02,63.060001373291016,65.05999755859375,62.9900016784668,64.80000305175781,1712500
2026-02-03,62.7599983215332,63.880001068115234,62.41999816894531,63.06999969482422,3116100
2026-02-04,63.72999954223633,64.55999755859375,63.130001068115234,63.400001525878906,2854000
2026-02-05,63.16999816894531,64.62999725341797,62.88999938964844,64.56999969482422,1956600
2026-02-06,64.72000122070312,64.83000183105469,62.869998931884766,63.09000015258789,3462000
2026-02-09,65.01000213623047,65.1500015258789,64.01000213623047,64.3499984741211,2032100
2026-02-10,66.0999984741211,66.55999755859375,64.93000030517578,65.13999938964844,2123600
2026-02-11,61.779998779296875,66.7699966430664,61.439998626708984,66.16000366210938,4349300
2026-02-12,59.06999969482422,62.400001525878906,57.59000015258789,62.400001525878906,6361000
2026-02-13,61.4900016784668,61.9900016784668,59.40999984741211,59.40999984741211,2517900
2026-02-17,60.65999984741211,62.04999923706055,59.939998626708984,60.900001525878906,2657200
2026-02-18,61.54999923706055,61.83000183105469,60.400001525878906,60.5099983215332,2366900
2026-02-19,62.220001220703125,62.290000915527344,60.630001068115234,61.45000076293945,2462200
2026-02-20,60.880001068115234,62.68000030517578,60.7599983215332,62.36000061035156,2482800
2026-02-23,59.619998931884766,61.540000915527344,59.290000915527344,60.91999816894531,2735900
2026-02-24,59.5,60.04999923706055,58.0,58.70000076293945,2546000
2026-02-25,60.29999923706055,60.58000183105469,59.04999923706055,59.75,2628000
2026-02-26,61.16999816894531,61.65999984741211,60.13999938964844,60.63999938964844,1817000
2026-02-27,57.58000183105469,60.709999084472656,57.45000076293945,60.25,18749500
2026-03-02,56.2400016784668,57.27000045776367,55.63999938964844,56.9900016784668,2730600
2026-03-03,55.25,56.52000045776367,53.36000061035156,54.939998626708984,3266100
2026-03-04,56.36000061035156,56.70000076293945,54.5,55.119998931884766,3548600
2026-03-05,55.470001220703125,56.31999969482422,55.040000915527344,55.79999923706055,2551500
2026-03-06,52.939998626708984,55.0,52.81999969482422,54.7599983215332,2487800
2026-03-09,52.47999954223633,52.75,49.720001220703125,52.40999984741211,3777980
