Price,Close,High,Low,Open,Volume
Ticker,CMI,CMI,CMI,CMI,CMI
Date,,,,,
2018-01-02,143.11851501464844,144.05615199545608,142.50420751020124,143.48224988351532,1047400
2018-01-03,144.69467163085938,144.84825155215972,142.96489944786768,143.34480377937217,932600
2018-01-04,146.90943908691406,146.99027452335284,144.872506959465,145.18774542756674,1433800
2018-01-05,146.67503356933594,147.35400682239276,145.58381686468653,147.12768240470714,1123000
2018-01-08,147.20851135253906,147.41867855856248,145.70506347034205,146.40829724885364,1435000
2018-01-09,147.0791473388672,148.194599579738,146.83665343128573,147.49945695600576,1610400
2018-01-10,145.9475555419922,147.25700575544133,145.55149396737195,146.99835455709302,910800
2018-01-11,148.6472625732422,149.14032904364026,146.02027171192128,146.49718096501385,1216900
2018-01-12,148.8736114501953,149.61726291624026,148.32396996127724,148.63920842315807,1469200
2018-01-16,147.55604553222656,149.46364537717636,146.6184089925261,149.38280996267534,1449200
2018-01-17,148.47752380371094,149.0029170366296,147.434803612683,147.70963664261694,1049400
2018-01-18,148.50173950195312,149.76269285232718,148.16225301021785,148.2188279252983,873700
2018-01-19,152.8343505859375,153.23042457898828,150.88633206974706,151.28240606279783,1807400
2018-01-22,153.23843383789062,153.2546033882249,151.63799369988394,152.6079570461379,1237600
2018-01-23,152.30886840820312,153.85273354506566,151.9774728119742,153.56983426371158,1031300
2018-01-24,152.2442169189453,154.40238929608182,152.00980161557035,152.9474381615649,1352800
2018-01-25,153.09298706054688,153.56180551713712,150.87014794764488,153.56180551713712,1430300
2018-01-26,155.59869384765625,155.62294200804908,152.85854071948145,153.80425597606347,1120200
2018-01-29,154.232666015625,156.95664975879265,153.63452824436837,155.23496859689297,1289500
2018-01-30,151.3551025390625,152.9636338366387,149.90824209918605,152.94746428411776,1427500
2018-01-31,151.96131896972656,154.5559830874975,151.41167756599532,152.68878843554822,1466800
2018-02-01,152.90699768066406,153.77996823135734,150.29617696913513,151.6945406381041,927600
2018-02-02,148.97866821289062,152.76962001632594,148.7442652280769,152.19571813332843,1574500
2018-02-05,144.69467163085938,151.4440232220507,144.69467163085938,148.11381061439977,2188500
2018-02-06,141.3159637451172,146.19812048769225,136.79754178351328,140.32175205479456,3500800
2018-02-07,139.62660217285156,145.22814958301635,139.48919181074305,142.180836453449,2542200
2018-02-08,133.96041870117188,140.24095362232134,133.93617053162663,139.71556017049625,2393300
2018-02-09,132.60240173339844,136.5065153040181,128.81145033872056,136.5065153040181,2808700
2018-02-12,133.99270629882812,135.47190574115788,132.95807701683034,133.7987086832958,1912300
2018-02-13,133.87953186035156,134.20284885624378,132.64282646712223,133.7421215204097,1176400
2018-02-14,134.17864990234375,134.84954463190635,131.83456998815512,132.74794638667996,1933000
2018-02-15,133.38650512695312,135.77908120970872,132.02854620575533,135.43151595235997,1881200
2018-02-16,133.8553009033203,135.43957165403165,132.87724651437009,133.3137257482893,1421100
2018-02-20,134.84141540527344,135.65779882976653,133.58854047298004,134.45342021306146,1540700
2018-02-21,134.40493774414062,136.77327751396743,134.3726109750023,135.39914931738505,1602900
2018-02-22,135.88568115234375,137.26878040608318,135.0883547422885,135.23480726399964,1151500
2018-02-23,137.92776489257812,138.13929359823757,136.31686188330102,137.04908713814015,1775600
2018-02-26,139.6444854736328,140.03500491339096,137.68373202116496,138.70071878102723,1386400
2018-02-27,138.3589630126953,141.01127147475867,138.34268775435558,139.70952392404422,1528800
2018-02-28,136.8212890625,139.94546849204164,136.3575496916454,139.18883652376843,1747500
2018-03-01,130.89834594726562,137.0083954391368,130.32069224094926,136.682964774475,2848100
2018-03-02,129.31185913085938,130.2881636101912,125.76461000492529,130.1254482660334,3080800
2018-03-05,130.93907165527344,131.10178704199808,128.0589584112553,128.5471169858175,1937100
2018-03-06,130.70310974121094,133.31473672989887,130.60548300254905,132.1268909471692,1609900
2018-03-07,129.56410217285156,130.71126611973781,127.83929674761308,128.82373289526782,2416700
2018-03-08,129.52340698242188,130.6624393886634,128.53897093540178,129.7349481340426,1987400
2018-03-09,132.1024627685547,133.0380977145825,130.03595184532918,130.58918649358085,1646700
2018-03-12,130.22308349609375,132.37095845668142,129.4257695675688,132.0943411121054,1694400
2018-03-13,130.45904541015625,132.59877676487298,130.10919556589354,130.9878734739546,1768400
2018-03-14,129.85699462890625,131.47604187938626,129.43392469746243,131.16687395859407,1185800
2018-03-15,130.30447387695312,130.96347926719304,129.48274068445141,130.11733938722972,1090200
2018-03-16,132.26522827148438,133.2089824945586,129.96276889195894,130.3451568844759,4145000
2018-03-19,129.85699462890625,132.7940526332677,128.9132280181424,132.49302855105728,2374900
2018-03-20,130.98788452148438,132.1919932758395,129.97902926468572,130.3858239371127,1189200
2018-03-21,131.37838745117188,132.6720037821563,130.37767615855722,130.93091088475504,1553600
2018-03-22,128.18101501464844,130.40211064500937,128.16473975029425,129.96277782256024,2015300
2018-03-23,126.44804382324219,129.5152788706893,126.32601039756129,128.68541433289772,1468100
2018-03-26,130.7600555419922,131.08548625206873,127.69282082125827,129.4664517100171,1550600
2018-03-27,129.1572723388672,131.98855899033086,128.83997307977543,131.09361841015695,1905900
2018-03-28,129.90579223632812,131.52483929030623,128.91321237209442,128.91321237209442,1554500
2018-03-29,131.87466430664062,133.19268719103775,130.8007330681384,130.8007330681384,1495700
2018-04-02,129.1409912109375,131.80143097894754,126.91989649824578,131.40276786051191,1300800
2018-04-03,130.25567626953125,130.68687768606776,128.18102068343887,129.75124236735678,1475200
2018-04-04,130.94717407226562,131.22379140986033,126.57820421385863,126.57820421385863,1476700
2018-04-05,132.1431427001953,133.13572241463476,131.41091746171986,131.9234701628988,1910000
2018-04-06,128.4657440185547,131.76078312832547,127.08264470742756,131.24008647892276,1397900
2018-04-09,127.32672882080078,129.85699210736155,127.14773817691125,128.56338806556815,1306900
2018-04-10,131.73635864257812,132.48485919905812,129.00269849898848,129.27118441833224,1697800
2018-04-11,129.24679565429688,131.581792953899,128.8888143788762,130.5648063370845,1342000
2018-04-12,131.63063049316406,132.4279570854982,129.8488800414533,130.17431085282948,1464500
2018-04-13,132.1187744140625,133.30662033066722,131.69570447486774,132.60693299116326,1123900
2018-04-16,135.60092163085938,136.60163295316497,133.51000367030952,133.77847720373853,1774200
2018-04-17,136.25177001953125,137.7162329087346,135.9995593802988,137.04095245386904,1252400
2018-04-18,138.9854278564453,140.00241423447258,136.44703382949228,137.07348850000025,1719500
2018-04-19,137.91964721679688,139.34342834319108,136.83757207101092,138.806456481784,1598300
2018-04-20,137.30946350097656,138.49729687383794,136.68299629194348,138.24508618841068,825700
2018-04-23,137.51283264160156,138.34268458212827,136.64228634896634,137.45587544591092,1070700
2018-04-24,131.25637817382812,139.85601159655175,127.90439384953494,138.69258472425366,2623300
2018-04-25,131.91537475585938,132.8998233170889,129.6861355007436,130.86584997225674,1672500
2018-04-26,131.79327392578125,132.89161152170072,130.34508663797152,132.00480257629465,1229300
2018-04-27,130.84140014648438,132.5336544867821,129.53965266922646,131.37835949754808,2119200
2018-04-30,130.06039428710938,132.98932091961012,129.41766416145998,131.57367097817004,1950100
2018-05-01,124.70697021484375,126.10634484106987,121.3061728096488,125.24394214652332,4037300
2018-05-02,118.88164520263672,123.2994408383906,118.35281720942632,122.25804769696501,3582600
2018-05-03,116.79071044921875,118.32024941932724,114.39062523790733,117.66938811173232,3231600
2018-05-04,117.6043472290039,118.35284796803157,115.56222994230237,115.87952930356832,2146900
2018-05-07,117.9378890991211,119.36167011708733,117.84024995896428,118.23078169082099,2078200
2018-05-08,118.77587890625,120.1996598519646,117.62871527910762,118.32025857553822,1380300
2018-05-09,119.20709991455078,120.11018447505445,118.14129998756803,118.97115208092741,1291700
2018-05-10,118.88164520263672,119.82541161654912,118.27145332690834,119.49183707836508,1325800
2018-05-11,118.98741912841797,121.21665797990023,118.37722723545173,118.91419908071462,1516300
2018-05-14,117.86467742919922,119.76034198005777,117.44975135710088,119.02811657885188,1434700
2018-05-15,119.14201354980469,119.2071021805109,116.97786313277385,117.1649851870624,1498600
2018-05-16,119.74404907226562,120.38679147393854,119.20708965055668,119.20708965055668,1084900
2018-05-17,119.95712280273438,121.13735339155407,119.23586799708853,119.71123934570491,930300
2018-05-18,122.03895568847656,122.56350142625716,119.77685453920215,119.77685453920215,1643100
2018-05-21,123.76012420654297,124.16992594232622,122.77660254189445,122.94052073497646,1278400
2018-05-22,122.17009735107422,124.10436213731849,122.1619058181806,123.7847172682685,653000
2018-05-23,122.17009735107422,122.33401555204601,120.53909436809272,121.71112138589034,1323100
2018-05-24,121.6127700805664,122.69464018623229,121.12100298316396,122.0635419960024,821800
2018-05-25,120.10470581054688,121.53082057402409,119.49820715165347,121.11282724104417,1057300
2018-05-29,118.43269348144531,119.74406394806198,116.90003909718465,119.67849417411558,1873600
2018-05-30,119.23590087890625,119.67028968678426,117.74422917223126,118.84249474286035,1573500
2018-05-31,116.70333099365234,119.60472161067415,116.26894217960891,119.25229814145827,1382200
2018-06-01,117.67867279052734,118.68678160031223,117.08036573338833,117.68686432336374,1034000
2018-06-04,116.62957763671875,118.50646410210729,116.33451988384581,118.28518016707004,830500
2018-06-05,116.03125762939453,117.01477919365567,115.34278127887204,116.58858193021892,1751000
2018-06-06,117.65406036376953,117.71963013081947,115.91649280233221,116.40006827105614,1796000
2018-06-07,117.90814208984375,118.49006598910843,117.51473597135995,118.02288606215798,1152000
2018-06-08,117.7606201171875,118.43270096297746,116.62137179848193,117.59670192504441,1337700
2018-06-11,118.48188781738281,118.99824205860047,117.66228426302222,117.66228426302222,759600
2018-06-12,117.6868667602539,118.99003335917419,117.51475702402676,118.58843563720602,1230700
2018-06-13,116.02304077148438,117.58848607089445,115.76896575029137,117.48193364027009,1204000
2018-06-14,116.29351043701172,117.39177584526014,115.7935519293533,116.05583098537582,906500
2018-06-15,117.30985260009766,117.3918054461542,114.4822105287742,115.6460585006517,1733500
2018-06-18,116.71975708007812,117.08857621591794,115.30183378201272,116.30995526110965,1194700
2018-06-19,114.55596160888672,116.12959851099396,114.03141597485097,115.53948310943444,1569200
2018-06-20,113.58065032958984,114.64613734141074,112.82661663821906,114.58875909557774,1366000
2018-06-21,110.84317779541016,113.11347040309039,110.66286403150073,112.94955221030632,1712600
2018-06-22,111.50701904296875,112.71183676022946,111.09721743862573,111.92501217718376,1666700
2018-06-25,109.94979095458984,111.19559162258035,108.90890364246967,110.47433662961394,1527600
2018-06-26,109.77767944335938,112.03158875324836,109.2859124096488,110.45795175399176,1555100
2018-06-27,108.44994354248047,111.93325849519344,108.39256529324503,109.99078965267013,1340800
2018-06-28,109.20394897460938,109.78586031832167,107.8434044854097,107.90077021361965,1002200
2018-06-29,109.00727081298828,110.62189078717702,108.92530545653054,109.59738636224293,1094100
2018-07-02,108.3925552368164,108.67121740570204,107.2369113817744,107.84342243125141,1177100
2018-07-03,107.40904235839844,109.25315025369508,107.33528104406427,108.93350538542329,715200
2018-07-05,107.74507141113281,108.15487312233175,107.04021196762442,108.05651220745811,1624700
2018-07-06,107.6958999633789,108.2122541946376,106.46649465554967,107.56477290189017,1543700
2018-07-09,110.7693862915039,111.0398568941811,108.22862344365168,108.35155894207111,2028000
2018-07-10,112.44139862060547,113.42492025337486,111.46606852006988,112.9167701194445,1719900
2018-07-11,109.90061950683594,111.42508236717958,109.76128842627539,111.3103383887088,1202900
2018-07-12,110.2284927368164,110.7776256484291,109.30233666625251,110.68746875212501,1150800
2018-07-13,112.17090606689453,112.7282302976491,110.40876400689585,110.44154263558285,963200
2018-07-16,110.38418579101562,112.17092780142539,110.2202676035121,112.17092780142539,781400
2018-07-17,111.36772918701172,111.52345585524117,109.96620167910373,109.9743932120053,824000
2018-07-18,112.88398742675781,113.6544167237044,111.13003642343224,111.45788532966324,931400
2018-07-19,112.95777893066406,113.41675496508361,111.49887295531764,111.90048323851424,988700
2018-07-20,111.3103256225586,112.20369024577535,110.65464046100203,112.05616765015611,1510000
2018-07-23,110.41697692871094,111.22838884013835,110.23666317061597,110.55630801339233,1206500
2018-07-24,111.1300277709961,112.69547334770347,110.66286031195585,111.46606818391034,2157900
2018-07-25,111.3103256225586,111.4906393546405,109.36786974331304,110.65464046100203,1167600
2018-07-26,112.77741241455078,113.88386930043971,111.51521640373134,111.67913455280899,1185600
2018-07-27,113.89209747314453,114.03962008673177,112.2692736867502,112.88397625567525,1426000
2018-07-30,112.45777130126953,116.12959048577609,112.20368377986591,115.1542605837618,1585900
2018-07-31,117.04755401611328,118.24418042621558,110.31861742387076,112.20369514977338,4313600
2018-08-01,114.51500701904297,116.85088209846607,113.87571726163068,115.87555188990805,1915400
2018-08-02,114.5723648071289,115.24444566274927,112.56433878515325,113.78555247087101,1220000
2018-08-03,116.06404876708984,116.31812384373153,114.4330333472051,115.2772239272143,1649100
2018-08-06,116.26078033447266,116.77712211903442,115.36740286989132,116.13783228583684,1008800
2018-08-07,117.67867279052734,118.40811940999072,116.68694704641526,116.96562174289377,995800
2018-08-08,116.57218933105469,118.34253569552718,116.50661955761251,117.7114375690322,1121900
2018-08-09,116.40007019042969,117.0065686598723,116.01485561900581,116.7197149937224,861200
2018-08-10,114.98217010498047,116.17879672385767,114.59696796365927,115.8591518574563,876300
2018-08-13,114.49861145019531,115.74441232633723,113.67081638125279,115.29362788041507,1111000
2018-08-14,113.91670989990234,115.14611531105803,113.67901785029679,114.66253967798961,1280500
2018-08-15,113.1380615234375,113.4495148550943,111.15462255617231,113.26920108478319,1648100
2018-08-16,115.36738586425781,115.79358319228592,113.69540020223543,113.71179577420189,1141500
2018-08-17,117.49015808105469,117.8999598008963,115.21166151922776,115.21166151922776,987500
2018-08-20,119.16211700439453,119.62929686371814,118.0228689777031,118.0228689777031,1247800
2018-08-21,120.0212631225586,120.55822315740079,118.98040594569775,118.98040594569775,1603100
2018-08-22,119.62474060058594,120.2195196953364,119.12083088433877,119.78169794572715,1435500
2018-08-23,116.83260345458984,119.62476063905268,116.61782698078227,119.36867760355327,1421200
2018-08-24,116.46914672851562,116.63436038198417,113.69351449326537,114.43698223637067,1265000
2018-08-27,118.98041534423828,119.56693825216777,117.15478385454192,117.16304012465633,1066200
2018-08-28,119.59164428710938,120.59119435560152,119.23642321621003,119.78989548483497,1463400
2018-08-29,118.88131713867188,120.0047877783336,117.71653992891319,119.85608664698364,1110400
2018-08-30,116.93997192382812,118.9060478561159,116.66736380342762,118.69952769869037,1340500
2018-08-31,117.13822174072266,117.48517405091869,116.30387233776183,116.55996789039591,1285900
2018-09-04,115.64301300048828,117.28690511788598,114.85822644646744,116.62603820107329,1618500
2018-09-05,117.66693878173828,117.78258957736375,114.94912617705256,115.3786916772292,1994500
2018-09-06,116.40303802490234,118.57562176100383,115.79173375039557,116.98129201160252,1304000
2018-09-07,116.50215148925781,117.93126746507892,115.06476663985441,116.27910618736982,1322100
2018-09-10,117.6421890258789,118.9556546878586,116.64262554792907,116.65915069603425,890200
2018-09-11,118.17084503173828,118.57561650198036,115.89912313796314,116.88216117424984,1006800
2018-09-12,117.36129760742188,117.84041334759803,115.05652526782049,117.09694571836704,1557900
2018-09-13,117.51823425292969,118.95561918926337,116.6673721518502,118.2534455617748,1436100
2018-09-14,118.29476928710938,118.45172665756424,116.93999726501511,117.63390211913814,1026600
2018-09-17,119.36040496826172,120.33517414458026,118.29475380568579,118.29475380568579,1084800
2018-09-18,120.26084899902344,120.54171345662068,118.20390319016396,119.3273736255461,1240300
2018-09-19,122.5325698852539,123.43299495636916,120.06258368876136,120.50040551618412,1251900
2018-09-20,124.60600280761719,125.45686487272496,123.3255752730891,123.52383916781935,1547200
2018-09-21,124.75473022460938,125.42385367876214,123.91212425030919,124.96950670217905,2175000
2018-09-24,123.15213012695312,124.46559560522155,122.77212740365262,124.34168852425019,1922100
2018-09-25,122.44168853759766,123.68080965009122,122.00386675291593,123.14386221000738,1477800
2018-09-26,121.45863342285156,122.87949310785929,121.29341981866253,122.27645778032381,987200
2018-09-27,121.59078979492188,122.5407773199818,120.71514648904306,121.64035260770929,920800
2018-09-28,120.66561889648438,121.2521291589783,120.26909106846946,121.02082756179877,1880900
2018-10-01,122.2516860961914,123.10254820019935,121.64038184656808,122.06994733562748,1207200
2018-10-02,123.04468536376953,123.75511508301368,121.93774054226914,122.54904463719619,1025000
2018-10-03,124.39949035644531,125.44861638132521,122.80516064598997,123.19341958578825,1082700
2018-10-04,125.96906280517578,126.7786184409824,125.03558748925062,126.11775129532721,1578900
2018-10-05,124.96946716308594,126.34076392945641,124.10208004676778,125.82859801153046,1280500
2018-10-08,126.25817108154297,126.62990487530548,123.99471803219404,124.27558244481541,1821400
2018-10-09,124.59778594970703,127.16689810012709,123.58996622478377,126.61342539955356,1420200
2018-10-10,122.14429473876953,124.73818767361051,121.64864126893083,124.73818767361051,1802900
2018-10-11,120.16992950439453,123.27598759906567,119.43471837484526,121.64035176349307,1712900
2018-10-12,119.97997283935547,122.11951895971673,118.18737912189128,121.92125504163614,1795300
2018-10-15,120.6573257446289,122.07818532998036,119.9551648248262,120.12037841742747,963000
2018-10-16,121.7725830078125,121.98735949433798,120.40128575039682,121.73953271450482,1060900
2018-10-17,120.7647476196289,121.68169776210166,119.44301336931055,121.08691860995759,1133900
2018-10-18,116.64261627197266,120.47563100289605,116.14697531318573,120.47563100289605,2090700
2018-10-19,115.61823272705078,117.3034314066987,114.94084066430793,116.87386601581271,1743300
2018-10-22,115.59346008300781,116.18823916341485,114.09825611323114,116.18823916341485,1174500
2018-10-23,111.22354125976562,112.36353703158657,108.31573271692994,111.36397351201968,2746500
2018-10-24,105.79615020751953,111.88436029462247,105.5896237516766,111.25653096125099,2133500
2018-10-25,106.04399871826172,108.29920860021846,105.83747849789897,107.0435621310147,3334500
2018-10-26,106.37444305419922,107.01051628375268,103.15272622216352,104.75531891307575,2180300
2018-10-29,108.5304946899414,110.82699820296567,106.820501459924,108.26614279535255,2336900
2018-10-30,111.02525329589844,111.51265054250347,103.02879728743453,107.16745751357215,3202900
2018-10-31,112.91699981689453,115.11437802790229,112.53699705811357,113.26395228100195,3325100
2018-11-01,117.46044158935547,119.15390990347429,113.60264541713977,113.74307765323827,1520300
2018-11-02,117.16300964355469,119.55038200474651,116.68388139672517,118.26169832257919,1356000
2018-11-05,118.81520080566406,119.7486761262057,116.80781794374582,117.13825782070379,1425400
2018-11-06,119.8725814819336,120.442579232139,117.69172874527314,118.04693742728968,855200
2018-11-07,121.21082305908203,121.29343617481176,118.28650279512901,121.2356044728026,1855800
2018-11-08,120.81430053710938,122.19385377252395,119.97996358059856,120.67386833284463,1176700
2018-11-09,118.18736267089844,120.48386583112297,117.25388751840057,119.72386055343168,2661700
2018-11-12,119.25299072265625,120.31037283617195,117.53474163694597,118.61690515898242,949700
2018-11-13,119.36865997314453,121.9377714290153,118.98865730869487,119.83953201789795,1593100
2018-11-14,121.4336166381836,122.82413996872681,120.05974985738082,120.56766663005317,1288400
2018-11-15,122.78251647949219,123.83997233125079,119.4685619001626,120.18464106946412,2057900
2018-11-16,122.49110412597656,124.08979010693098,122.3328986420671,122.64930960988602,1814700
2018-11-19,121.33372497558594,122.94073292622042,120.950700492744,121.69175827662701,2223400
2018-11-20,119.2104721069336,120.80083629774224,117.51187208007673,120.42614642323844,1312400
2018-11-21,120.73422241210938,122.59936255980604,118.92737384960375,119.3436987544731,867700
2018-11-23,120.57600402832031,121.30873984824883,119.71837583237057,119.82662436173995,451700
2018-11-26,122.55767822265625,123.93987940001013,121.44193097573225,121.7833076044143,1119000
2018-11-27,120.88411712646484,122.70762260235651,120.17637227170506,121.9499207819937,1358700
2018-11-28,123.69844055175781,123.69844055175783,119.62678392319611,121.41698844695718,860400
2018-11-29,123.3987045288086,124.1397623828948,122.21634327314455,123.54025347787805,997500
2018-11-30,125.78006744384766,126.21304886525843,123.38203213169788,123.4486456353939,1415800
2018-12-03,126.9541244506836,130.30138042636588,126.00490412387559,128.94415709658932,1820400
2018-12-04,121.87493896484375,126.49614758513599,121.72506810943109,126.49614758513599,1674300
2018-12-06,118.47772979736328,119.38532769968178,114.53929995554621,119.02728169302905,1945700
2018-12-07,115.40525817871094,120.64261941364744,114.55595189283079,118.64426513475766,1329900
2018-12-10,113.48182678222656,115.24705285981544,111.25033159114426,114.48101662831435,1275200
2018-12-11,111.90812683105469,116.02975346078783,111.00054160809702,115.38028764021008,1173200
2018-12-12,113.21537780761719,115.18043155718262,113.0988073608305,113.54011067403908,1410200
2018-12-13,111.96642303466797,114.56428642416671,111.43352765463675,113.6150661314477,1426400
2018-12-14,111.44184112548828,112.92395668581132,110.22617958758278,110.62584791598199,1110600
2018-12-17,109.45179748535156,112.72411732222294,109.01881609590868,111.11709683911948,1539000
2018-12-18,109.3602066040039,111.78322023716997,108.19450212682396,110.61751575999003,1618400
2018-12-19,108.98550415039062,112.74074922132824,107.61995933321107,109.61831326388499,2176900
2018-12-20,108.33604431152344,110.76737971646124,106.99547789352013,108.15286037575464,1646900
2018-12-21,106.7623519897461,110.9089441883828,106.34602711463563,108.44430804265592,2362000
2018-12-24,104.48919677734375,106.58747097925632,104.43091155930763,106.54584231072327,904300
2018-12-26,109.13541412353516,109.18537107812152,103.58163519371821,104.63077570832809,1460600
2018-12-27,110.3927001953125,110.3927001953125,104.93051377205316,107.10373637831577,1138600
2018-12-28,109.62667083740234,111.93310153297143,108.87727842762372,110.80071005239654,1072000
2018-12-31,111.27529907226562,111.31693409594332,109.80150562960766,110.24280892909543,895900
2019-01-02,111.05882263183594,111.68330991572125,109.01882067362955,109.26029620499193,1172500
2019-01-03,108.86065673828125,110.60089204778085,108.26946969596302,110.25118060079262,1192400
2019-01-04,113.38191223144531,113.48182613339216,110.13458336590664,110.18454031688006,1244100
2019-01-07,113.93977355957031,115.50515894667316,112.64916407798393,113.35692135327409,1114200
2019-01-08,114.23955535888672,116.62093440640932,114.00641442040717,115.13881870954857,1314400
2019-01-09,114.46437072753906,115.85489438962571,113.88984032414413,115.23040703032302,1734800
2019-01-10,116.0130844116211,116.14631141308895,113.0571754308369,113.6816627068381,1432300
2019-01-11,116.18792724609375,116.65422172519361,115.08051438575475,115.7549585733392,1152600
2019-01-14,116.76245880126953,117.02057816422041,114.55594227421307,115.53846277902294,1547600
2019-01-15,115.65504455566406,117.11218161013541,114.98893492351576,116.92899764972658,1435400
2019-01-16,117.7116928100586,117.98646875619671,115.51349794618073,115.79660852128573,1191800
2019-01-17,120.81747436523438,121.24212113066666,116.9956026554403,116.9956026554403,1259400
2019-01-18,125.36376953125,125.50531849258086,121.7750504200829,121.84166393810261,1963100
2019-01-22,121.71672821044922,124.79754229406615,121.40865188417803,124.45615286455003,1869800
2019-01-23,119.4435806274414,122.49940308488729,119.40194560707673,122.1663483324187,1650300
2019-01-24,119.80998229980469,120.30957727476411,118.71921306654555,119.35202235696322,1480900
2019-01-25,122.26628112792969,122.73256293559486,121.40033101444101,121.55020186466494,1026600
2019-01-28,118.91902160644531,120.00979054627005,117.30367935455463,120.00979054627005,1294400
2019-01-29,121.88330078125,122.07480670762627,119.60183539987533,119.97652532721312,1075300
2019-01-30,121.86659240722656,123.05727520196568,120.10137937242061,123.01565288736022,1158400
2019-01-31,122.49110412597656,122.66596616219933,120.52605022549007,121.70841133519926,1651600
2019-02-01,122.15805053710938,123.06563571627848,121.40033621458386,122.58269733615981,1502200
2019-02-04,123.85665893554688,123.91495052061411,121.49193653016657,122.29960786031575,1345700
2019-02-05,124.74758911132812,124.83084646150199,122.66596477858184,123.63182881300386,1674800
2019-02-06,124.35625457763672,125.70514320819939,121.76671315258028,122.79086886448054,2116500
2019-02-07,124.58102416992188,125.51360032467186,123.56519068159227,124.40617487574782,1141600
2019-02-08,123.46533203125,124.28132541461865,122.00819463690539,123.57358058907485,891200
2019-02-11,123.38204956054688,124.15642053332672,122.76589679846822,123.36540571119181,1272200
2019-02-12,126.38790130615234,126.69599035648272,124.04815751660887,124.15640605093255,1129100
2019-02-13,127.15399169921875,127.78680114827297,126.079866045356,126.92917263360519,1137300
2019-02-14,126.05484008789062,126.92079020285519,125.73010720662562,126.21304556688088,810500
2019-02-15,129.45205688476562,129.47703536070003,126.34627689306251,126.82921526983897,1350200
2019-02-19,127.9449691772461,129.31883624217573,127.77844176107696,129.1273303488426,1820200
2019-02-20,129.3854217529297,129.7850900062998,127.22052769549416,128.31963127379288,1497900
2019-02-21,129.23448181152344,130.29975320949794,128.31179269606048,128.7479741687455,1163900
2019-02-22,130.38360595703125,131.0462550287634,129.27637929646679,129.64545484998828,1384300
2019-02-25,130.92044067382812,131.83473333922652,130.1906857866546,131.6082528297461,978800
2019-02-26,130.27456665039062,131.72569308948,129.20089921811203,129.8719445630675,1664300
2019-02-27,130.31651306152344,131.0043252801454,129.17573978264673,130.61848283531802,1132400
2019-02-28,129.25123596191406,129.99777060953105,128.932499316285,129.99777060953105,1002000
2019-03-01,129.5196533203125,130.77785858792976,128.97442335820284,130.19908211696568,1496100
2019-03-04,130.04808044433594,130.96238592646174,128.6053502945396,130.4423190873042,1142600
2019-03-05,129.58676147460938,131.00432868376228,129.55320216602377,129.55320216602377,1032600
2019-03-06,129.61187744140625,130.36679522152397,129.03310117039265,129.5531550722906,1070800
2019-03-07,129.4189910888672,130.08165304547097,127.39748430770372,129.09185822393815,1333700
2019-03-08,129.6538543701172,130.18229183597361,128.11884253303464,128.1356093865302,1402200
2019-03-11,132.564453125,132.73222400559868,129.26796266699952,129.6705846223697,1606100
2019-03-12,132.88320922851562,133.27744777964693,131.90181096265314,132.90837230206682,1924800
2019-03-13,131.65858459472656,133.36973786400878,131.39854479479683,133.36973786400878,1798200
2019-03-14,131.78440856933594,132.38834806822808,131.10497983286345,131.46565916738598,1707500
2019-03-15,132.0360870361328,132.6064673806763,131.3147153774214,131.784443378605,3532800
2019-03-18,134.6698760986328,134.72020225016476,132.18701263036425,132.2792815078805,1340100
2019-03-19,134.3008270263672,136.1713552215585,133.83948254796786,135.23189941036384,1498700
2019-03-20,132.3296356201172,134.01563884742149,131.16369926648483,133.77237866478646,1462000
2019-03-21,133.05099487304688,133.53750239432756,131.7676266596662,131.7676266596662,711900
2019-03-22,130.54299926757812,132.37158484458254,129.9642227760465,132.22898977841373,1348400
2019-03-25,131.23085021972656,131.4741104860318,130.34172025131173,130.43398918006025,898300
2019-03-26,131.079833984375,132.8161506725887,130.6101060455177,132.1870480118063,981300
2019-03-27,130.4759063720703,131.2979303404586,129.905513251771,131.24760417084082,1371600
2019-03-28,130.844970703125,131.5663422699146,130.21586803903384,130.76946865609796,1199900
2019-03-29,132.42189025878906,132.48061264107662,131.1804647955769,131.9018362402389,1379600
2019-04-01,136.16293334960938,136.38941381126472,133.66330324393536,133.94009705369848,1436600
2019-04-02,135.74356079101562,137.38760834846437,135.5758026646203,136.31394098058468,986400
2019-04-03,135.4248504638672,136.53207745595466,135.02222828453006,136.04556978965516,640700
2019-04-04,137.08567810058594,137.26183250348842,134.56926708221414,135.00544857582116,801600
2019-04-05,136.951416015625,137.92441809953084,136.66621317120473,137.14433718754742,948600
2019-04-08,136.8843536376953,137.19470685607644,136.02038700345074,136.72497891502616,534300
2019-04-09,135.64291381835938,136.60753268247504,134.4266385560503,136.0203728173992,911300
2019-04-10,136.3390655517578,136.89267873171116,135.2486316386098,136.1545406242277,545800
2019-04-11,138.03353881835938,138.40261450489976,135.95330916592067,136.4565837210065,613800
2019-04-12,139.30014038085938,139.91246351471153,138.1593668059527,138.90590160723602,991000
2019-04-15,138.37741088867188,139.80337424246784,138.03349839065555,139.30848326188357,1587000
2019-04-16,140.26467895507812,140.71762707351135,138.4864201802431,139.76139189093303,970000
2019-04-17,139.20782470703125,142.0681347136514,139.03167035279742,141.02802663819853,979600
2019-04-18,140.7847900390625,141.10353949573474,139.24139452098183,139.6188535728097,1511600
2019-04-22,139.20782470703125,140.13050081270316,138.75486368135842,140.12211738597765,755600
2019-04-23,139.92080688476562,140.43247752111708,138.06705835572828,139.24137811171911,1206000
2019-04-24,139.38397216796875,140.86026167907042,138.82197537455292,139.60205646419533,699100
2019-04-25,136.00355529785156,139.0484151206559,135.61770018016114,138.4360795469489,970500
2019-04-26,137.0101776123047,137.1695523449329,135.73520534953363,136.4733438176834,1223100
2019-04-29,137.68116760253906,137.88248499411168,136.49006850042596,137.27014939441582,1498600
2019-04-30,139.48460388183594,142.13522554802393,137.4211548018071,140.53310807265808,1885100
2019-05-01,138.79681396484375,141.29644477139453,138.37741222150382,139.66916395937557,1327000
2019-05-02,139.38397216796875,139.74466431844476,137.39601202418618,138.5954948521203,1208400
2019-05-03,141.9171600341797,141.99264927410294,139.39235341766235,139.6859397495307,1296700
2019-05-06,140.58346557617188,140.78477021593446,137.6895833883336,138.9394051564018,1165700
2019-05-07,138.91424560546875,139.95436653412452,137.54699182976304,139.2162153719091,1184000
2019-05-08,138.69619750976562,139.90406409168017,137.7902879739831,138.79684985847632,755400
2019-05-09,138.6876983642578,138.82190992902918,135.41637146745106,136.94298641958778,1373700
2019-05-10,138.7296600341797,139.03162969661682,135.2905618119302,138.0670111411454,928900
2019-05-13,133.27749633789062,136.23008843515535,132.58128785136682,136.23008843515535,1436500
2019-05-14,134.8460693359375,135.26547115835484,132.96715736294965,133.74723860906454,1232100
2019-05-15,135.39968872070312,135.8526498761878,132.46387583569447,134.04083085250593,1036500
2019-05-16,136.31398010253906,137.00180525702694,135.80230935075338,136.28043358728203,836900
2019-05-17,133.5710906982422,135.13964934422793,133.23556157668958,134.8796222744792,1109400
2019-05-20,135.19837951660156,135.332591185648,133.00071783226534,133.00071783226534,1133500
2019-05-21,137.76504516601562,138.00829246768228,136.17970759556908,136.22163751718236,1098100
2019-05-22,137.14439392089844,137.9496510397566,136.42302228494574,137.47991025426487,1095200
2019-05-23,134.51739501953125,135.31985099914849,133.24191289988684,134.483612961956,1283000
2019-05-24,135.0833282470703,136.43484245513193,134.55116743318442,135.54791206165368,935800
2019-05-28,134.05276489257812,136.56150391605416,134.03586742512618,135.43806077683837,1596100
2019-05-29,133.38546752929688,134.4244362543429,131.97483184205768,133.11515959715945,1076800
2019-05-30,133.9092254638672,135.1255858567241,133.34328250949562,134.1541937343991,1063500
2019-05-31,127.345947265625,131.13018223247155,127.10943419132157,130.84297673739235,1640700
2019-06-03,128.69740295410156,130.0320192018364,127.36278670636673,127.46414572374229,1653100
2019-06-04,132.05931091308594,132.07620838333278,129.1535647023107,130.37837995983605,1743400
2019-06-05,134.77084350585938,134.8637603015954,130.9021459300318,133.21661063991095,1515400
2019-06-06,135.80133056640625,136.18143993194775,133.97679014501242,134.40757904076006,983800
2019-06-07,136.7980499267578,137.70187776324275,135.15934319110815,136.33346612711574,803400
2019-06-10,137.75254821777344,139.23920338973682,137.22038745604516,137.7694456881916,885100
2019-06-11,138.7070770263672,141.28338099343273,138.54658325499028,139.52641757829926,1062400
2019-06-12,137.7440948486328,138.66480713297432,136.9838634088798,138.59723014573012,1068900
2019-06-13,138.83377075195312,138.8760079885001,136.84029434348818,138.1242315783457,836700
2019-06-14,138.41140747070312,138.70705520187906,136.46861082481686,138.70705520187906,958600
2019-06-17,137.07676696777344,138.65633861454305,136.8149142230139,138.47050513974767,787100
2019-06-18,140.92860412597656,141.90845128775072,137.76100476687498,137.76100476687498,1031900
2019-06-19,141.86624145507812,142.06051731104463,140.19375227932872,140.86950951760036,1064300
2019-06-20,144.94935607910156,145.15207419507263,142.56731510448014,143.59784182398366,1556600
2019-06-21,143.56402587890625,144.94932186335075,143.1754614333583,144.7972704232695,1713600
2019-06-24,143.73300170898438,144.70439375841647,143.0403470804187,143.783681240051,1163100
2019-06-25,142.62644958496094,144.18912424537092,141.8493205116709,144.18912424537092,1987500
2019-06-26,142.67713928222656,143.7498904246221,142.4237287306149,143.34444127544108,831600
2019-06-27,142.11959838867188,143.47955464512762,140.9454756248244,143.0149709136069,705600
2019-06-28,144.7296905517578,144.81416500445104,142.36454765525787,142.77845185106773,2680500
2019-07-01,146.01364135742188,146.78231512743238,143.80054968758242,146.1318978690394,2381900
2019-07-02,143.7667999267578,144.97471807193597,142.97278614680803,144.4932366946909,1164900
2019-07-03,143.80056762695312,145.29566523413516,142.6602267098871,145.042267598338,756700
2019-07-05,142.87982177734375,143.30216829502905,140.02476808230617,142.71934092737732,829200
2019-07-08,142.80386352539062,143.59787738020324,142.12810623050765,142.74474168992498,996300
2019-07-09,141.3087158203125,142.29701817909663,140.30354176707039,141.76485735344286,1231300
2019-07-10,141.401611328125,142.83759982344327,141.08907902429348,141.908432313413,827100
2019-07-11,142.63485717773438,142.66863922579196,140.29505401324263,142.24629273561615,951500
2019-07-12,144.51853942871094,145.36323252896267,143.30217930210944,143.32751906399747,1254200
2019-07-15,144.54385375976562,145.59127765983334,143.5302247955987,144.93241818867526,650500
2019-07-16,145.58290100097656,145.7940743340856,143.02348123481468,143.60630880743787,750200
2019-07-17,142.99810791015625,145.47306571877954,142.78693460756702,145.3632514769546,1075300
2019-07-18,141.85772705078125,143.3443819080641,140.76806599684295,142.84601619266135,959100
2019-07-19,145.9629669189453,147.97332768644318,142.4743803712675,142.7362331640387,1904600
2019-07-22,144.21446228027344,146.69786227910387,143.9272696938904,146.35999016441735,1038500
2019-07-23,146.4444580078125,146.5965094882168,144.18068638686734,144.85644353411809,1144500
2019-07-24,148.1338348388672,148.5899763615466,144.90711368096322,145.5744156039268,1026500
2019-07-25,147.78749084472656,148.2774014354306,146.089649689971,147.83817036176546,940900
2019-07-26,147.60169982910156,148.05782850269614,146.25018550386548,147.14555826651116,855200
2019-07-29,146.95126342773438,148.18450816770104,146.38532058281896,147.7030397905616,1194100
2019-07-30,139.51797485351562,140.64986065266905,137.11904924931108,137.2626455472041,2352200
2019-07-31,138.5296630859375,140.89480625300828,136.89095647256005,139.17162517727377,1907100
2019-08-01,134.9228515625,139.5771196999853,134.02747876415154,138.42833634442587,1435500
2019-08-02,134.03590393066406,134.81303297721428,132.65906284963387,133.96833982043725,1317100
2019-08-05,127.91190338134766,131.95799160579665,126.71244041249767,131.40894610287845,2317900
2019-08-06,130.42059326171875,130.4374907305352,127.79359753192426,128.82412401685923,1223500
2019-08-07,128.6129608154297,129.89689787694408,126.18869585507112,128.1652745242623,1478300
2019-08-08,129.84619140625,130.40369180410673,128.6467290553704,129.11975500907047,1240600
2019-08-09,126.67018127441406,129.44921586555822,125.36090440890494,129.01842703028478,1396000
2019-08-12,125.14976501464844,126.84759394279111,124.33885375868653,126.20563166152758,1089000
2019-08-13,127.6077880859375,130.30234814856226,124.43173389840314,124.59222764370855,1413800
2019-08-14,122.0497055053711,125.85082429486519,121.74561548665184,125.2510865480324,1839000
2019-08-15,123.35057830810547,123.68845051836023,121.67808895604676,122.47210282804393,1505600
2019-08-16,126.07044982910156,126.9235852515587,124.16989028393922,124.16989028393922,1237800
2019-08-19,125.89309692382812,128.52009387705854,125.6228017418453,128.08930488905548,2291200
2019-08-20,124.59858703613281,125.99617678585639,124.22362171246002,125.81721133469435,1150500
2019-08-21,125.91947937011719,127.32559943990609,125.40817362022891,126.0473155601213,1014000
2019-08-22,124.99909973144531,127.33410271076625,124.12134593702578,126.36260758862353,1021300
2019-08-23,121.02789306640625,124.61560170115723,120.27796253795323,124.07020122683859,1533200
2019-08-26,121.98236846923828,122.63855783130845,120.60182604821168,122.42551051925491,1197800
2019-08-27,121.69261932373047,123.51630367605581,121.69261932373047,123.11577371519871,1171100
2019-08-28,124.0787353515625,124.3173472538892,120.61031955148606,121.54773274160765,1169200
2019-08-29,127.06140899658203,127.61532674940321,125.33146604151786,125.56154775235916,1368300
2019-08-30,127.2062759399414,128.83394730673103,126.76313394838712,128.04141765206833,939500
2019-09-03,124.34292602539062,126.31148094512191,122.81750011558485,125.80016223720799,1268900
2019-09-04,126.95063018798828,127.10401800722983,125.69791098401315,126.12400559751828,975200
2019-09-05,131.79957580566406,133.07785951850047,128.29707791235728,128.7316896935069,1563600
2019-09-06,132.0041046142578,133.10343598693012,131.12635076033757,132.09784594833548,1124800
2019-09-09,137.049072265625,137.19394286803606,132.17454904119066,132.36203170392852,1704800
2019-09-10,139.75050354003906,141.01173984245088,136.92974652767032,137.43254800927576,1836900
2019-09-11,141.02879333496094,141.03731054562178,136.8615887277963,139.33293217044812,1254700
2019-09-12,140.65379333496094,141.8127708644786,138.79601460228517,140.90092241694865,984500
2019-09-13,140.70494079589844,142.6138490336371,140.5089409466642,141.60825914835672,1058500
2019-09-16,139.5033721923828,140.9520912602978,139.29885510250688,139.64824279883675,1126800
2019-09-17,138.92388916015625,139.2818070692523,137.46663988427375,138.90684173494918,1330500
2019-09-18,138.3529052734375,138.74490497666162,136.44399701254034,138.21655189693618,1078300
2019-09-19,138.0717010498047,139.81016133692378,137.68821850152295,138.82161872102492,783700
2019-09-20,137.688232421875,139.69938670093686,137.31326704666793,138.10579685968364,3617100
2019-09-23,138.21656799316406,139.3414509718656,136.52070680929086,136.7167066837284,1324800
2019-09-24,136.8701171875,139.3755556854616,136.1968933954607,139.09433167003976,1428100
2019-09-25,137.51780700683594,138.48078524376618,135.57481610645527,136.4525701972685,1439200
2019-09-26,136.30767822265625,138.2677162462367,135.83897149911223,137.560397554957,889200
2019-09-27,137.45816040039062,137.824595620975,135.7282168632684,137.25363025189625,1002300
2019-09-30,138.6256103515625,139.52892878879894,136.90418459183613,137.37289123475355,990500
2019-10-01,134.2538299560547,140.90943600800577,133.81921831001432,139.7760232412339,1310200
2019-10-02,131.3394012451172,133.79371041249027,130.93887126284795,132.47281449245614,1250300
2019-10-03,132.080810546875,132.1234096047417,128.80839409276228,130.93886712111345,1444500
2019-10-04,134.52658081054688,134.75667552382427,131.9274012816713,131.9274012816713,944900
2019-10-07,133.36758422851562,134.93560893505742,132.82218376522403,133.8533382209988,831900
2019-10-08,130.50424194335938,132.27679688187624,130.0014534809547,131.65470246223362,1031400
2019-10-09,132.09780883789062,132.95852802808483,130.82805558245062,131.93590385485479,791800
2019-10-10,133.8363494873047,135.15724567393565,132.25127666402324,132.6773713691701,802100
2019-10-11,138.70228576660156,140.61119392903424,136.61442518469352,136.61442518469352,1342400
2019-10-14,139.55450439453125,139.6738103672553,134.51807589997384,136.26505342842418,870700
2019-10-15,141.76168823242188,142.69057140258766,138.23362522536345,139.02615499347476,1078000
2019-10-16,141.6168212890625,143.55129477291746,141.30151538764272,141.63386871717046,894400
2019-10-17,142.86102294921875,143.64503559539781,141.69352769397284,142.57979890166905,647700
2019-10-18,145.11074829101562,145.6220669149556,142.5200993380393,143.0399351711416,1223600
2019-10-21,145.99703979492188,147.30940525994285,145.46867372169723,146.2697335394545,962300
2019-10-22,149.2183380126953,149.5592085002345,144.96590911258454,146.8662874371979,1274000
2019-10-23,149.29502868652344,149.39728722989403,147.32647370638753,148.3064860893566,971300
2019-10-24,149.49957275390625,149.7467149494881,147.76111218598425,149.69558566857535,914300
2019-10-25,152.13287353515625,152.69530872389709,149.62743431878206,149.74674032892466,1303300
2019-10-28,153.41958618164062,153.8712453159396,151.74930300663337,153.40253876052398,1404500
2019-10-29,150.93972778320312,153.07873072584636,147.9826305942958,148.8263024764184,2666900
2019-10-30,148.78372192382812,151.49369057138458,147.22421399517916,151.04203129735455,1884600
2019-10-31,146.98556518554688,148.78368461931757,144.79544606671135,148.34907288064835,1391400
2019-11-01,150.47103881835938,150.47103881835938,146.84923506658305,148.00819978391243,1963600
2019-11-04,152.69525146484375,153.0190875152443,150.55626129817827,152.07315700262032,1357600
2019-11-05,153.3343963623047,154.69790428230246,152.54186664871082,152.8060432199088,1047300
2019-11-06,154.57859802246094,154.60416265811725,150.47105285205157,152.6100430566732,1217700
2019-11-07,155.55007934570312,157.24594037912337,155.17511405161028,155.79722147288888,1665700
2019-11-08,158.73727416992188,159.12927389100287,155.09842291444585,156.7857537645483,1249400
2019-11-11,158.88217163085938,159.03555945981932,157.54422821806295,157.6720644122394,906000
2019-11-12,156.8795166015625,158.93329582390416,156.58125816477653,158.75433035913173,1130200
2019-11-13,155.08653259277344,156.08216568437075,154.3398143223976,155.61009714123028,909500
2019-11-14,155.21524047851562,156.05638538005772,154.2024509925434,154.82042912171482,748700
2019-11-15,157.927490234375,158.31372332485878,155.89331968695572,156.64003786833388,1088200
2019-11-18,157.46400451660156,157.6528188043632,155.16374960506715,156.38253620653668,838300
2019-11-19,157.0348663330078,158.24506163428353,155.5843345350738,158.1506479345173,1916600
2019-11-20,155.0264434814453,156.8031342251582,154.1252372050457,156.5113148004832,1036400
2019-11-21,155.19810485839844,156.52846188902876,154.12522783586215,154.58012664568608,937900
2019-11-22,154.62301635742188,155.69589327662865,153.41282114600463,155.55857498441816,1052000
2019-11-25,157.94467163085938,158.00474593546969,154.24539365391732,155.52425471704993,1412500
2019-11-26,158.82012939453125,158.90596479702197,157.00911241378384,157.99616715585245,917500
2019-11-27,158.62277221679688,158.94893113008038,156.9748341385946,158.82017798695117,896600
2019-11-29,156.94903564453125,157.92749897299822,156.60572023324733,157.60134016462808,455200
2019-12-02,155.57574462890625,158.46822995130827,155.4384263251831,157.40393124343393,940200
2019-12-03,152.863525390625,153.37849851013007,150.53752221309998,153.37849851013007,1016500
2019-12-04,152.81201171875,155.06934912679412,152.7948551162637,153.61023902022876,957200
2019-12-05,153.39564514160156,153.94495757778557,152.43435165243994,153.15532176931114,899900
2019-12-06,154.84619140625,156.3739671730424,154.7689474071369,155.47274789346102,713300
2019-12-09,155.3868865966797,155.61005335244369,153.9449464670074,154.8204176009602,683600
2019-12-10,154.19383239746094,155.36112275814878,153.3956184277855,154.8032321189115,936600
2019-12-11,156.3052978515625,156.63145663578075,154.79469181847205,156.03063506555927,959000
2019-12-12,158.68276977539062,159.3350741359149,154.93198368661535,155.82462449221725,1196000
2019-12-13,156.6228485107422,159.52391166901154,155.79029503747128,157.79013903330252,976800
2019-12-16,156.0478057861328,157.94465801154715,155.93622239150767,155.9877314867026,1104700
2019-12-17,156.442626953125,156.99193942044315,155.55857740566987,156.15079447311044,819400
2019-12-18,155.18092346191406,156.74302547872588,153.99646312738912,156.74302547872588,1162300
2019-12-19,153.89349365234375,155.7302587213985,152.87211255894823,155.4727655983892,1058200
2019-12-20,155.4469757080078,156.1679457808412,153.84195619182478,155.43839740832198,2285900
2019-12-23,155.7130889892578,156.44265065486255,154.92345301639483,155.46418726494056,821500
2019-12-24,155.48989868164062,156.1593727858192,155.27532331243876,155.86755342689852,276700
2019-12-26,155.7130889892578,156.1679878312697,155.06078442819125,155.82467239842293,501700
2019-12-27,155.0950927734375,156.74303023423724,154.8976870772416,156.1078954473523,747900
2019-12-30,153.77330017089844,155.18949240989147,153.4900591037715,155.03500442599037,560100
2019-12-31,153.6016845703125,154.34840289035373,152.7605394387184,153.87633431581526,735800
2020-01-02,153.91064453125,155.24959289118524,152.26269398417602,154.51145301370266,1272900
2020-01-03,151.7563018798828,152.07386927693784,149.67063530466805,152.07386927693784,1017600
2020-01-06,149.45606994628906,150.68343501480828,148.62351630117226,150.68343501480828,1253900
2020-01-07,149.56761169433594,150.06542812601148,147.32744430011667,149.4131237138028,1437200
2020-01-08,149.64486694335938,150.56324270852343,148.55482040641186,149.4903658680825,896800
2020-01-09,148.93251037597656,150.46886461235215,147.08715391596047,149.99679607157387,1199800
2020-01-10,147.138671875,149.61058525979485,147.0442712494034,149.550510943811,1153600
2020-01-13,148.04843139648438,148.28875477028978,146.7008917464796,147.52486695427078,972200
2020-01-14,147.97119140625,150.4602739177755,147.77378570423625,150.1770328166376,1133000
2020-01-15,148.15145874023438,148.27162045581179,146.50352102803922,146.76959246277173,997100
2020-01-16,150.42591857910156,150.58041966182418,148.46041387521396,148.9410606274323,1034000
2020-01-17,149.1728057861328,152.16826968881688,148.46899225810623,150.95807450725198,2181500
2020-01-21,146.8296661376953,148.67500940362848,146.3404279221824,148.5805957004581,1277400
2020-01-22,146.00567626953125,147.67078336144684,145.37052841176322,147.40471197809498,941200
2020-01-23,147.33602905273438,147.52485641818728,143.69682621458097,145.70524845079024,976400
2020-01-24,145.18170166015625,147.40471262376062,143.99725442918745,147.2845509308611,933800
2020-01-27,141.42234802246094,142.80421402191197,141.14768524403092,141.97166048267889,1184200
2020-01-28,142.54673767089844,143.30204730358372,141.61119202827743,142.6583210748116,920700
2020-01-29,142.21194458007812,143.67105417164936,142.169026895724,143.56806220651023,1249600
2020-01-30,142.5639190673828,142.7613247933422,140.52973511185056,140.89881165688217,979800
2020-01-31,137.302490234375,140.72711789005925,135.766123235043,140.30654544568495,2721300
2020-02-03,139.80877685546875,141.16489524368697,137.61152638729345,138.45265846725053,2248600
2020-02-04,138.1865997314453,144.74402543086043,138.04926829038027,143.3364109015613,2826200
2020-02-05,142.8470916748047,142.9844230381135,139.07914915925653,139.64563121042568,1410900
2020-02-06,142.43516540527344,144.7525773907437,141.5167893906638,144.74399908848096,1127500
2020-02-07,138.01492309570312,141.5511220911116,137.67159454001353,141.13914092092935,1361100
2020-02-10,139.24227905273438,139.65427329219014,137.4226836667268,137.54284537907364,1057900
2020-02-11,141.01895141601562,141.80858729355393,139.98899214516751,139.98899214516751,864000
2020-02-12,144.22900390625,144.55516272508686,141.55110694169775,142.0832497752578,1163900
2020-02-13,142.5639190673828,146.00570420480736,142.29783453647875,144.7954956522297,1266700
2020-02-14,143.14756774902344,143.25055977020628,141.5167996292824,142.62400314693468,976400
2020-02-18,142.52957153320312,143.42221259353002,141.0876310311052,142.41798812650126,1325000
2020-02-19,144.0572967529297,144.38345545982503,142.52952138374533,142.52952138374533,1560800
2020-02-20,144.56858825683594,146.8091000510007,142.7865696620556,143.68623799323868,1019400
2020-02-21,144.86273193359375,144.92327917714633,141.4889951716917,143.5651439174194,1139600
2020-02-24,140.814208984375,141.70521810373376,139.456074124668,140.42493533412747,1551500
2020-02-25,139.2830810546875,142.15508195536256,138.6602378039326,141.6273956790215,1995300
2020-02-26,136.65330505371094,141.78309610155455,136.36783413810085,140.8228805489557,1498900
2020-02-27,133.616943359375,138.72942912537567,131.42833318372232,134.2743830755434,1855700
2020-02-28,130.8747100830078,131.4889074982897,127.1463096205092,129.48196520585842,2158600
2020-03-02,134.65504455566406,134.89725994314148,128.90239610370406,131.10829849656847,1794400
2020-03-03,131.61865234375,137.81247469397834,130.91795703424924,134.23113284561651,1744300
2020-03-04,135.32980346679688,136.10835112233124,132.78652843241792,133.65158724956723,1593500
2020-03-05,128.5996551513672,132.89899880359124,127.57023298115145,131.50625349090245,1537100
2020-03-06,128.54769897460938,129.00617892575087,124.74143363715301,125.15665802314535,1757900
2020-03-09,120.47673034667969,122.25010334373455,118.14107446751524,119.55111119026265,2356100
2020-03-10,125.9784927368164,126.12555112021056,119.36944531975008,124.72414716126846,2517800
2020-03-11,122.0337905883789,125.50266990007478,120.67564261163999,122.7517774196849,2210700
2020-03-12,111.67040252685547,117.06837250872375,109.92298719930609,114.65485181693222,2288700
2020-03-13,118.37462615966797,119.30889111453668,112.02509864020143,117.49227581319295,2252400
2020-03-16,113.71194458007812,117.85558245640857,106.35894685189074,108.05446743004339,1923000
2020-03-17,118.34001922607422,119.21372366094893,111.36764901578103,115.69294201965985,2616100
2020-03-18,106.80878448486328,114.11852688398476,101.8952514608776,110.25171395526583,1879500
2020-03-19,102.55269622802734,105.96102250972162,99.48173566114704,105.40738555229291,1756400
2020-03-20,100.76203155517578,105.68421064406043,99.62015443404344,104.59424152834788,2114400
2020-03-23,88.89344787597656,99.46446791271079,87.39689318506711,98.91947662186146,2155100
2020-03-24,107.69114685058594,107.93336221066846,94.2394891327652,95.98690465898447,2491500
2020-03-25,110.5285415649414,114.30020443268411,105.38144520207437,109.04064622062623,2242400
2020-03-26,116.74830627441406,117.53549951338779,108.64269878516556,113.76384375396603,1534300
2020-03-27,113.89361572265625,117.16353609654765,110.33822443361605,110.33822443361605,1267800
2020-03-30,116.33306121826172,118.40055046678081,113.49567044706595,114.18771987413088,1234100
2020-03-31,117.05973052978516,119.73275830892837,113.66004352933683,115.5026224837686,1582000
2020-04-01,112.79497528076172,113.89360325214942,110.12194773124486,112.25864324421974,1160500
2020-04-02,114.84513092041016,116.11676763048942,110.3900861196166,111.49735964679911,1325600
2020-04-03,114.42132568359375,116.79157823406231,111.99051268415015,114.24831657184227,1588800
2020-04-06,122.94207763671875,125.20853928968121,119.14447234309152,119.91437367870984,2088100
2020-04-07,126.16014099121094,129.35220928492618,124.56843636120142,127.95081859978153,1580400
2020-04-08,129.3781280517578,130.26913711926477,125.02688549498322,127.40579601885472,1152300
2020-04-09,130.3643341064453,133.47855048313932,128.746678677307,131.93874716348154,1133400
2020-04-13,126.68783569335938,130.35568909349806,124.86256142768917,129.79339305540688,933800
2020-04-14,128.1497344970703,130.40753716098146,125.75351933888108,129.2397031900908,1433900
2020-04-15,125.8314208984375,125.90927299901321,122.93346951271394,124.56842962353298,1530500
2020-04-16,125.46808624267578,126.45425246136027,123.76393304350485,126.29854825828974,1253500
2020-04-17,129.0494384765625,130.34702640536435,127.41447821426203,129.1532544866946,1301000
2020-04-20,126.38506317138672,128.20167826024613,126.03903182130897,127.9508170812178,1576100
2020-04-21,123.16703796386719,124.61168412779568,121.91269253314128,124.56842856126278,1480100
2020-04-22,125.3729248046875,126.60131951726613,124.09264189268112,125.82275893043128,785400
2020-04-23,125.80548095703125,128.78994404492272,125.30375852460863,125.90929697731549,757000
2020-04-24,127.82969665527344,127.87295221968591,125.00959753241825,126.99923469768697,600900
2020-04-27,131.0044708251953,131.44564594018942,127.59613797677164,128.31413816766133,1049100
2020-04-28,139.34364318847656,144.9492193137369,137.64812249640096,139.9664864468107,2200900
2020-04-29,142.90762329101562,145.53740781864656,141.0737039860368,143.5045156081339,1502600
2020-04-30,141.43707275390625,142.00801456415462,137.65677111889792,137.68272181938684,1383200
2020-05-01,136.18618774414062,138.4180408222758,133.937042995451,138.4180408222758,1194400
2020-05-04,133.1844024658203,135.5460082975365,132.0252141310683,134.67229083031523,955400
2020-05-05,133.0719757080078,137.18965019181613,133.01141526572133,134.77614233003035,783800
2020-05-06,132.91622924804688,134.38683921361886,132.17227843242915,133.6601800636646,730300
2020-05-07,134.70692443847656,136.65330626233103,134.0062290938484,135.46818022016964,977600
2020-05-08,139.5253143310547,140.13951182657902,136.705227672133,136.705227672133,896400
2020-05-11,139.9751434326172,140.45092834838113,136.6965768308039,137.30211526916344,1123900
2020-05-12,132.8816375732422,139.2744194016381,132.81243130882473,137.63081352089577,1559000
2020-05-13,127.75183868408203,132.58752594815843,127.0598024127846,131.97332857767432,1387600
2020-05-14,134.5252227783203,134.793401961625,123.9801723035461,125.71028904883872,1857300
2020-05-15,134.6377716064453,135.7450459830794,132.62218271154453,133.54780210437633,2119600
2020-05-18,140.16542053222656,142.5616361506344,138.99758633704099,139.2138509509832,1761400
2020-05-19,136.49757385253906,140.47684820169346,136.3678203584396,139.49068204730233,1277500
2020-05-20,140.0010986328125,141.43709926114047,137.32807038352323,138.0979721083921,1069300
2020-05-21,137.40304565429688,140.0106861285707,137.08035094405832,139.40893215511707,950900
2020-05-22,135.21397399902344,137.4727831828209,134.89129267599972,137.4291743616584,1209200
2020-05-26,145.74053955078125,146.8568564201351,138.59784689101699,139.09496360860493,2048400
2020-05-27,149.68252563476562,150.6592994684184,148.30456922940806,148.8801737989015,1659200
2020-05-28,148.0778350830078,151.0953880827226,147.5196766059421,150.8948034148445,1667400
2020-05-29,147.91213989257812,149.1505535733185,146.07195891250635,146.6998888502828,2755200
2020-06-01,148.11265563964844,151.15636980214202,147.12715235828108,147.81613700354296,1284000
2020-06-02,149.54298400878906,149.95288302629274,147.6417482860525,148.42666724421818,1156300
2020-06-03,152.5867156982422,154.20013600137634,150.89479417548603,151.54888672453833,1557800
2020-06-04,152.4558868408203,152.92684092106444,150.58082688561947,150.58082688561947,906100
2020-06-05,156.99093627929688,158.29912144459337,154.22630656020934,156.5199954751111,1795500
2020-06-08,160.38343811035156,161.29045361679363,156.02282246507238,156.02282246507238,1353600
2020-06-09,158.50840759277344,160.00846071272545,156.42403346677136,157.81070630086978,1245500
2020-06-10,153.67686462402344,158.66539804907327,153.62452604357256,158.20317372835598,2189300
2020-06-11,145.09515380859375,148.70574385390455,144.88585272672094,148.28712838261302,1255600
2020-06-12,145.71435546875,149.6214639364719,141.21419626596918,149.6214639364719,1430100
2020-06-15,147.51097106933594,147.85981515296567,140.07175853714446,141.04853261734675,967700
2020-06-16,149.43832397460938,153.7814940266406,147.22312347088135,153.27566094553373,1177800
2020-06-17,149.49935913085938,151.1040626441955,148.54003158393945,150.1796141703724,1084100
2020-06-18,149.3336639404297,150.85116322241367,148.1563055093179,149.28133867338627,859700
2020-06-19,152.0023956298828,152.45590356606175,148.13017855304915,151.88029887485942,2750900
2020-06-22,149.99647521972656,151.11279186050785,148.11268589807912,150.56334998147466,1032500
2020-06-23,150.3801727294922,152.30757054588938,149.80458162407825,152.05466071400738,826200
2020-06-24,145.304443359375,148.67083936201166,144.4933618831281,148.66212292093894,1136500
2020-06-25,148.008056640625,148.20864128102335,142.73170781653792,144.41489946094484,1245100
2020-06-26,147.17083740234375,147.65050797834994,145.6882301463187,147.34525943701468,1631600
2020-06-29,150.93833923339844,151.609864385263,148.42662064785836,148.8365195366803,1214700
2020-06-30,151.10406494140625,152.22038160309336,148.93248663130984,149.89181419281428,1274800
2020-07-01,149.08946228027344,152.4296958205951,148.91504029721747,151.83665841669597,838900
2020-07-02,151.26979064941406,153.73790129832256,150.47615521626636,151.32211592060253,792900
2020-07-06,155.37744140625,156.68562594441042,153.68552060768926,154.4006545686288,1046900
2020-07-07,153.1186981201172,155.61295804724227,152.7087990939354,153.72918178436268,2138400
2020-07-08,151.78433227539062,153.84254378211486,150.67674527312988,153.17973486920366,812100
2020-07-09,150.1534423828125,152.61283607381253,149.39469949443915,152.10700304571586,947000
2020-07-10,151.5750274658203,151.71457038327145,149.79588853718084,150.36277664899671,736200
2020-07-13,152.0808563232422,154.00824125009316,151.26105834049142,152.78727402528008,822400
2020-07-14,155.50830078125,155.81354925394373,150.93838328579253,152.0808626596569,873500
2020-07-15,158.48220825195312,159.76423025297188,156.64202800819805,156.64202800819805,1209700
2020-07-16,160.23521423339844,161.2120014032211,157.383380551741,158.04618948577948,923900
2020-07-17,159.6945343017578,161.21203397947681,159.07532076265997,160.77597223033843,853000
2020-07-20,157.24383544921875,159.14505787733287,156.24961540815403,159.04912378093428,832800
2020-07-21,162.3719024658203,163.235309285567,158.09850380676787,158.2467631643425,1142500
2020-07-22,165.93017578125,166.08716489660603,161.3864207990177,161.63933070300527,1202000
2020-07-23,165.651123046875,167.7180512754288,165.01447668206532,165.92147917545665,949300
2020-07-24,164.16844177246094,166.32258669248768,163.26142638111222,165.94756687465855,902200
2020-07-27,166.54066467285156,167.32557028896102,163.04344186057713,164.1248795007578,1176700
2020-07-28,170.08148193359375,178.767822153128,169.9244928268314,170.49138093049925,2560600
2020-07-29,173.44790649414062,174.3549089771403,169.4012544400901,172.6804336417622,1548900
2020-07-30,169.61053466796875,171.7821264630108,167.74419134916334,171.41583627605408,769800
2020-07-31,168.54656982421875,169.03497012490348,165.65112694738474,168.74716779518744,994700
2020-08-03,170.33441162109375,172.1484298100869,168.0930615017558,169.15705306748782,904000
2020-08-04,168.32850646972656,171.02337747043427,168.250018569742,169.80239691575747,803200
2020-08-05,172.9769287109375,173.4653156200819,169.39250148644797,169.95065985511943,978800
2020-08-06,171.12803649902344,172.97693365290613,170.65708246064673,172.36644999903407,827400
2020-08-07,173.78799438476562,173.8141570162516,170.06402458191096,170.94486422620912,766800
2020-08-10,183.29415893554688,183.73022060118052,173.9886045878301,173.9886045878301,1424900
2020-08-11,184.925048828125,187.506540072349,184.11398041450468,184.44539158095478,1528400
2020-08-12,185.9366455078125,186.9134324460111,184.36682123887067,186.18956866345619,847500
2020-08-13,183.34646606445312,184.8116400359301,182.52666808497185,184.6982597556694,844600
2020-08-14,186.20701599121094,187.88149090548222,182.4656133918701,183.12842222016175,943000
2020-08-17,183.54705810546875,187.41055756916447,183.33774374267247,186.84368280113114,955800
2020-08-18,183.06739807128906,185.4395744208564,182.70110789625153,184.01800923799684,869800
2020-08-19,184.16627502441406,185.56167762258548,182.50924608318775,182.74470979193714,904500
2020-08-20,183.41246032714844,184.0881941935335,181.92936221357328,183.3334820986654,680400
2020-08-21,183.43875122070312,184.73755316136806,181.86790428476482,182.7454756969638,727000
2020-08-24,185.27291870117188,185.99253386708742,183.9916716169677,184.78148072965902,525800
2020-08-25,184.34263610839844,187.52822440203516,183.91263471583503,186.28207468873973,629400
2020-08-26,183.54405212402344,184.62347458243127,182.271576277911,183.98283782203993,594800
2020-08-27,182.24526977539062,184.77267995235616,181.40280864352096,184.29001295457758,637600
2020-08-28,183.16673278808594,183.7810301875746,181.3326114843701,182.92978472304065,408800
2020-08-31,181.8766632080078,183.47384950061596,181.52564002250168,183.07016078567534,720700
2020-09-01,185.22024536132812,185.60637897783317,180.88503985167767,182.31548573354536,1026200
2020-09-02,186.7823028564453,187.4668075112518,185.62391551395643,185.62391551395643,1046000
2020-09-03,179.51605224609375,187.5458407735394,177.98908616499432,186.492744094695,1041000
2020-09-04,179.34048461914062,182.92974828686965,178.04168274882164,181.35890143601185,927900
2020-09-08,179.07720947265625,182.00829459955182,177.4712522779296,180.49009989704354,1363100
2020-09-09,186.10659790039062,187.63356376880955,180.34971750494847,180.94647309922104,1085400
2020-09-10,181.79769897460938,185.5712587669157,179.77051113252824,185.5712587669157,1129200
2020-09-11,182.45587158203125,185.45716414002658,181.90299731927428,182.23647873372158,913300
2020-09-14,184.79898071289062,185.93982617209633,182.71914085087866,183.53527579750437,743100
2020-09-15,184.4040985107422,187.78274065845613,184.38654333183482,185.83453091075822,737700
2020-09-16,183.93898010253906,187.53701499017308,183.6142695624503,186.29963603980627,1020100
2020-09-17,184.67617797851562,188.5023908627695,181.08691318634249,182.07856003342013,1016500
2020-09-18,185.95736694335938,187.8880346594832,183.94773440880036,184.01794172490273,1904800
2020-09-21,178.91050720214844,183.45633478385025,177.31333394797366,182.62264449140284,888800
2020-09-22,179.27029418945312,180.9815558336124,177.49759611645547,178.8227375719584,876200
2020-09-23,178.15579223632812,182.43834560581425,177.66435431996328,180.77973594274343,840500
2020-09-24,180.27073669433594,182.90345120559897,175.2510266216068,177.73455558411302,730500
2020-09-25,183.08775329589844,184.40411059598148,179.58623805703317,179.96360077954336,979900
2020-09-28,186.7384033203125,188.1512937418912,184.7814229419551,185.16755648186623,874900
2020-09-29,186.83499145507812,187.9670663370748,184.82535834886565,187.3439845985994,735600
2020-09-30,185.30801391601562,190.66119240028456,183.84247101696437,187.67745445106445,1349300
2020-10-01,181.69241333007812,187.00172404672333,180.03380358590653,186.8262124095366,1095300
2020-10-02,184.58839416503906,186.5804853065081,178.5945789511536,178.73499361105428,1003700
2020-10-05,191.17892456054688,192.89018602034298,186.26451962867876,187.11576491213458,1258200
2020-10-06,189.8450164794922,193.78531675974844,189.2482609834815,191.60015922319496,1142900
2020-10-07,194.39964294433594,196.22499327605254,191.97753702788583,192.24959544177636,723000
2020-10-08,193.95205688476562,195.32107956346007,191.75812831020554,194.89983563585685,752300
2020-10-09,195.97923278808594,198.19070286392565,194.25918711620164,195.61064105143703,931200
2020-10-12,194.60147094726562,197.0147924584493,193.846758957232,196.97969549200303,715900
2020-10-13,193.46058654785156,194.6014318932299,190.61726416260035,193.89937218909898,621400
2020-10-14,194.61904907226562,196.84807494805443,193.7765744807682,194.82088678215422,851900
2020-10-15,195.21575927734375,196.06700462415117,191.58261414205296,192.41630431110883,737000
2020-10-16,195.5229034423828,199.34033085826638,194.90860616300026,196.91823870355384,1227800
2020-10-19,194.074951171875,197.33951854783075,193.37290461459054,196.00561937644648,679700
2020-10-20,195.05780029296875,197.2604997028752,194.39962173802348,195.58433510251876,850400
2020-10-21,195.04026794433594,198.88403544013457,194.76822291895814,195.83886123157166,835300
2020-10-22,196.21620178222656,198.1205302654266,195.24209691480667,195.47904496111906,862500
2020-10-23,198.57687377929688,199.65628295224295,196.5584566935412,197.25174566276436,1041300
2020-10-26,193.66246032714844,196.4004923450558,191.36322742303508,195.85638894273063,907800
2020-10-27,192.8726806640625,203.02619026602505,192.72349510243464,202.64882752370073,1755700
2020-10-28,187.44049072265625,192.1091774617214,187.09823837830209,188.50235811398377,1327900
2020-10-29,190.81912231445312,192.61814631503364,186.74719166171639,187.8266007057941,1057200
2020-10-30,192.9691619873047,193.0481401943759,188.08109657220922,189.59929124550706,1092400
2020-11-02,199.8054656982422,200.2530357176091,195.1718894116958,195.75987407991025,1285400
2020-11-03,203.62289428710938,204.4916948083297,201.0779425406812,202.1924485960929,1077900
2020-11-04,195.5229034423828,202.5083640319497,194.0573608649,201.71855515712588,1154800
2020-11-05,201.46408081054688,204.12312118800355,198.0503150724981,198.47155900269053,757700
2020-11-06,201.0077362060547,204.24597688476922,200.58650567431178,201.97305673257705,724400
2020-11-09,200.93753051757812,214.71539923004968,200.91997533966543,210.61714227679497,1435400
2020-11-10,205.2288818359375,206.5276839717969,200.56897907934135,201.2183734519315,909600
2020-11-11,206.1415557861328,206.79973446155554,202.28024624659113,206.1327848911051,973300
2020-11-12,204.5969696044922,206.2468079113982,202.04323394195367,205.09719166631268,974200
2020-11-13,207.58953857421875,207.87035448778028,205.19377215664056,206.04500418225652,859200
2020-11-16,203.47373962402344,210.61717148803203,200.59530601827467,210.61717148803203,1313800
2020-11-17,202.78921508789062,203.59657922621668,199.51587728334167,202.65757133415661,952400
2020-11-18,204.87782287597656,206.91378154035428,202.9383842095786,203.3157334802597,987800
2020-11-19,205.78697204589844,206.2901035617346,200.94107854880966,202.82118173326742,872600
2020-11-20,203.589111328125,205.6192677978863,201.77963721562483,204.8248651859867,1087400
2020-11-23,207.62298583984375,208.6733721112461,205.1426691988686,205.53987058279853,1091500
2020-11-24,207.12864685058594,209.60014107302362,206.0253024181191,208.78806771839527,1374200
2020-11-25,203.3596649169922,207.57003200354143,202.82123217230324,207.57003200354143,896400
2020-11-27,202.15916442871094,204.95724408853783,201.72664859414124,204.3393739452661,538300
2020-11-30,204.048095703125,204.95725039948172,199.70533381711908,201.8855434008062,2608000
2020-12-01,203.33314514160156,208.17903887667717,202.79471250437092,207.11981741627832,1229600
2020-12-02,200.5262908935547,203.8981190677241,200.43803139068137,202.4681885166703,1067900
2020-12-03,194.48875427246094,201.58547421541618,193.5707775000482,200.8175372224051,1923100
2020-12-04,194.12686157226562,196.36886540809223,193.44721097595246,194.8065256371412,1544800
2020-12-07,193.38539123535156,194.7358838067587,191.13456579348616,194.18862925244122,1660900
2020-12-08,195.10658264160156,196.58948445521355,193.14705546236982,193.14705546236982,1159000
2020-12-09,197.8870391845703,198.4784302032056,194.01209395160146,195.35376459591936,1426300
2020-12-10,193.7914581298828,197.27802455014375,193.50017352438664,196.87198779045013,1166200
2020-12-11,193.005859375,194.47992608291995,191.89367944468617,192.76753318013826,1137500
2020-12-14,191.01980590820312,195.72446788329412,191.01980590820312,194.7888205508685,1033600
2020-12-15,197.75462341308594,199.04333563649973,192.89990790975668,192.89990790975668,1264400
2020-12-16,196.67779541015625,198.07241108916344,195.45086332301778,197.65755245488708,840300
2020-12-17,197.2162322998047,198.84918779113136,195.45971621332592,197.59578986814796,774000
2020-12-18,197.99295043945312,198.73439466890107,195.4684978280432,197.78111692735945,1791800
2020-12-21,198.3548583984375,199.50233935183826,193.83556371637223,194.3916401759079,655300
2020-12-22,197.31329345703125,199.04334352201448,196.52771272865795,198.13418875103957,944500
2020-12-23,197.91354370117188,199.2463791404289,195.98930369903758,197.03968992198622,561200
2020-12-24,199.95249938964844,200.10255262301905,197.7546323321503,198.8579768144878,197300
2020-12-28,197.84291076660156,201.85025211145404,197.68403562164661,201.17060158884328,407000
2020-12-29,196.5630340576172,198.84916065868833,194.86829849995667,198.0812371867099,563400
2020-12-30,198.5931854248047,199.37876615950887,197.26033666683114,197.61341498322437,390600
2020-12-31,200.4556427001953,200.6233397577593,197.58694687779766,198.52258089874832,480400
2021-01-04,195.39788818359375,202.2651030956273,193.96795805869763,200.96756891986587,999200
2021-01-05,195.6273956298828,197.65753871523313,194.71824084823513,194.71824084823513,1297400
2021-01-06,206.18417358398438,208.5320937235483,197.49864961119124,197.57808717634586,1366000
2021-01-07,211.14486694335938,211.6303278191904,206.67851644349943,208.2143770597917,1351400
2021-01-08,206.81971740722656,212.94548821808652,204.1628687034258,211.98337504781483,1455800
2021-01-11,208.9116668701172,210.4210481613464,204.4629875097855,205.4251007381013,1083800
2021-01-12,213.6339874267578,214.2165565907616,208.78809323837274,208.97346105185088,1037600
2021-01-13,212.6100616455078,214.6225608809653,211.6567704073605,213.6781050184552,1032600
2021-01-14,213.01611328125,215.37285561789054,212.81310165575817,213.22796028299885,781700
2021-01-15,209.4059600830078,211.23309153549803,205.9105588494397,211.23309153549803,1823100
2021-01-19,210.39453125,213.11317338724854,209.14113366497693,212.08926658194213,1095400
2021-01-20,208.779296875,211.36554386089946,207.42880403684094,211.36554386089946,1172500
2021-01-21,218.93002319335938,224.3143496228033,208.40853188813173,209.71488797631005,2659100
2021-01-22,218.02084350585938,219.18598160407834,214.0046673791449,218.0914591604689,1098100
2021-01-25,217.61477661132812,220.81007056262044,216.0436155531887,217.34114940559869,1049500
2021-01-26,217.86199951171875,219.23013592600606,216.74981962841306,218.27684465541302,870000
2021-01-27,211.0477294921875,215.77887098116634,209.78549645143963,214.28714714599158,1480300
2021-01-28,213.78402709960938,218.49751155954263,211.85096538540193,212.6718606950312,906100
2021-01-29,206.91680908203125,213.44861649414239,205.25737467179016,212.63654310336358,1148100
2021-02-01,205.63694763183594,210.52696481555898,203.83628176016782,208.99993970948006,1070700
2021-02-02,206.45779418945312,209.58247300376655,203.45670287503253,206.37835662685853,1119700
2021-02-03,207.9053955078125,208.7527699717077,204.76307266870484,206.5460810713725,972700
2021-02-04,204.8513641357422,210.95065604024902,202.2386383153242,207.52587024730474,1346200
2021-02-05,202.68881225585938,206.65201727390706,201.4354144587557,206.02532510963596,1463100
2021-02-08,210.615234375,210.74763033318308,206.54609914791612,209.23826253565036,1349200
2021-02-09,216.23785400390625,217.23528169243096,209.62662270732002,211.1624695553519,1425000
2021-02-10,216.35263061523438,219.45965269604469,214.19007795140354,218.05618816667513,986400
2021-02-11,214.67555236816406,217.54424825211822,210.4740076228625,216.36145263616564,971000
2021-02-12,215.34637451171875,215.7700550428884,211.74505632537344,214.95799507957935,758800
2021-02-16,215.79652404785156,218.52400185169677,214.7196587526833,215.78770214065074,822800
2021-02-17,213.43978881835938,216.9704912867987,210.82707653410847,215.57586219553787,854100
2021-02-18,214.51382446289062,214.5315808787623,211.007684030052,212.5876664382089,1068400
2021-02-19,219.0318603515625,220.6207277140497,215.10853224633445,215.90740841751835,1026900
2021-02-22,221.25979614257812,222.05865867177374,217.78915547837113,217.78915547837113,860500
2021-02-23,222.7066650390625,224.4641845856264,218.63244103818477,222.01431377920787,1095700
2021-02-24,230.00294494628906,231.01485730876016,223.34571231429157,223.95817988350325,1120700
2021-02-25,226.8163604736328,230.37576964221486,225.36951753213887,229.23960298500148,957200
2021-02-26,224.74822998046875,227.80169719428716,223.51442308369664,227.00282094210746,852300
2021-03-01,233.42930603027344,235.35545092210577,227.45553719429768,227.45553719429768,1142700
2021-03-02,228.7248077392578,233.18959172103533,226.9495452878416,232.57712400822834,892500
2021-03-03,232.26646423339844,234.72519286547615,228.40526315872387,228.6537988071348,1210000
2021-03-04,229.55027770996094,238.14256779208512,226.21280302042211,238.14256779208512,1198800
2021-03-05,235.985595703125,237.29041452831686,229.0531988481883,231.8314885778272,1305800
2021-03-08,238.60411071777344,242.58956563661815,236.92650204655536,238.76387781248923,1139600
2021-03-09,236.70465087890625,242.4032286599768,236.56262662018992,239.54505478816003,875100
2021-03-10,242.4386749267578,243.26416530854408,236.71344377390446,238.12477390389873,1017600
2021-03-11,239.48287963867188,243.04228931065444,239.15446043880036,242.15465813765957,888800
2021-03-12,243.1399688720703,243.63704021512805,239.64269950875624,240.0066315792729,796700
2021-03-15,244.97731018066406,244.9861951603558,241.3824148913695,242.6517209230609,937500
2021-03-16,236.9265594482422,245.95375463532432,235.46194612678633,245.03949547625692,1292800
2021-03-17,239.3408660888672,240.2551250508718,236.06550511787887,238.16918651959375,768000
2021-03-18,238.1159210205078,243.88552301219323,237.21940496583522,239.3941119365031,984000
2021-03-19,236.02114868164062,238.7195553203929,233.03872062435383,237.175085582752,2544400
2021-03-22,233.87306213378906,236.8022340556233,231.69835500903002,236.4826998481589,1226800
2021-03-23,226.78976440429688,232.97655475553339,226.02640105475018,230.12726627867633,1347200
2021-03-24,228.74252319335938,231.67169470486294,228.28982270784837,228.28982270784837,917500
2021-03-25,231.83152770996094,232.67478824857565,225.05002537488713,228.94672609350374,857600
2021-03-26,232.93215942382812,233.81090552283695,230.3313797779607,233.4380885511767,775300
2021-03-29,231.52967834472656,235.22222673961838,230.78407151811615,230.78407151811615,943200
2021-03-30,233.9085235595703,236.02108978381358,231.5563067046418,231.5563067046418,869600
2021-03-31,229.9940948486328,236.0743736589924,229.9674669976004,234.9027211252138,1130300
2021-04-01,228.76031494140625,230.84625368813974,227.41112526335218,230.25152886267992,1248000
2021-04-05,232.13323974609375,232.6747087195906,229.71888244263675,231.04147099789137,939300
2021-04-06,230.92608642578125,236.07433543982694,230.50889876824542,232.39955715051747,901100
2021-04-07,229.1597137451172,232.3019080714043,227.54421877769437,230.9793465118374,772400
2021-04-08,228.0679168701172,229.39936340259393,226.54119042934323,228.5916159222895,1144400
2021-04-09,230.23374938964844,230.7219356388196,227.53534337415718,229.70116533432972,995200
2021-04-12,231.87591552734375,232.12445118774076,229.10648334074892,230.97939931846102,849600
2021-04-13,231.1569061279297,231.87588516165002,228.07682508546227,231.87588516165002,1245900
2021-04-14,232.04452514648438,234.60087986184206,231.04149770796764,232.5593392457879,1045000
2021-04-15,232.5238494873047,234.69855664966724,231.12140418303974,232.86115365991796,934100
2021-04-16,234.6453094482422,236.1542662115035,232.1776958345757,234.8760751365327,1906600
2021-04-19,233.27833557128906,234.71629367060703,231.18353910274,234.12159598180386,989700
2021-04-20,230.766357421875,233.27834167157525,229.35502713606917,233.27834167157525,870000
2021-04-21,233.50912475585938,234.04170884442647,228.21882378800547,229.98522813322552,897500
2021-04-22,231.7782440185547,234.9293508875748,231.5918490598114,234.5387910103534,643800
2021-04-23,232.97654724121094,234.29025108496504,231.99126258630716,231.99126258630716,680000
2021-04-26,229.9408721923828,235.05363703220578,229.834360772946,233.66893440281322,1010300
2021-04-27,228.85791015625,230.84622220177283,226.97615013905192,229.63902984323923,1140100
2021-04-28,226.68324279785156,229.97634671244873,225.78672668636338,228.91120560718443,1037000
2021-04-29,227.92591857910156,227.99691715003507,225.12100098106598,227.34896376707843,676900
2021-04-30,223.71859741210938,226.83419208988323,223.52333097757216,226.83419208988323,788100
2021-05-03,225.12098693847656,226.84299337598412,223.41673691468282,225.45829107816263,950400
2021-05-04,226.88742065429688,227.91706259393067,219.27154302819156,224.3399233424772,1422600
2021-05-05,231.6450958251953,232.9321717920663,225.33403798330485,227.45547583074946,1033700
2021-05-06,236.04774475097656,236.04774475097656,232.22205666911876,233.06531709529048,988500
2021-05-07,236.45606994628906,236.9619991037188,232.21316713606612,234.8583176577696,1005500
2021-05-10,240.3172149658203,242.90022449837244,237.9294853422417,238.4443265060578,959800
2021-05-11,235.02694702148438,238.77275111507646,232.3729388650943,238.5419583750948,922100
2021-05-12,228.71592712402344,236.81997665537796,228.24548370467116,235.9856012190396,1029800
2021-05-13,233.38487243652344,235.02699562711808,228.64492492636288,228.88457560627893,710900
2021-05-14,235.81698608398438,236.39394092982596,233.61565101908386,235.4707969234672,556800
2021-05-17,236.39393615722656,240.40601923376582,235.29325510282126,239.6604123127286,952700
2021-05-18,229.97633361816406,235.50628500682404,229.89645007144404,235.09795520578723,939400
2021-05-19,230.1094970703125,230.19826560545687,224.37540726625636,226.61224161896084,1044000
2021-05-20,227.6824951171875,231.51929188350456,227.2452741503603,231.08208453175433,1104700
2021-05-21,229.12799072265625,230.88577882344183,227.89664318005524,228.5658514331946,777300
2021-05-24,228.0037078857422,231.37651632937096,227.95909128001742,230.1273330595368,629100
2021-05-25,226.9508514404297,229.57415020710062,226.54039768428555,228.89601040260837,885800
2021-05-26,227.62005615234375,228.14649674954956,225.61243124411482,226.9954508443881,906400
2021-05-27,231.27842712402344,231.90300527420897,228.61942935677106,230.662753235734,2363500
2021-05-28,229.56520080566406,231.99219718853487,228.7353890971112,231.9475941965217,867800
2021-06-01,233.5626220703125,235.15977956541263,232.04573907133465,233.32168966132684,1035900
2021-06-02,231.8583984375,234.00879126490133,230.87688738326895,233.5626523520834,754500
2021-06-03,232.85769653320312,234.9545544308311,230.09163040634192,230.90360632542988,931000
2021-06-04,235.75759887695312,236.53387606609547,233.05399871986117,233.31276685962612,660500
2021-06-07,231.2962188720703,236.13237582819755,230.02917259849636,236.01637537419,1094500
2021-06-08,231.92086791992188,232.31344511737953,228.4855927933584,231.1088918187226,735500
2021-06-09,229.110107421875,232.01000959494962,229.02980570623876,230.79652514068937,656500
2021-06-10,225.068115234375,231.215907586196,224.36320827928282,230.3860959220604,1168400
2021-06-11,223.0694580078125,227.15609211232513,222.25748191304504,225.96936096191405,1682800
2021-06-14,221.67747497558594,223.23002946700444,220.27659244497144,222.4269849793795,1109600
2021-06-15,223.15866088867188,223.44418267625124,221.17780328174211,222.37345214644316,720600
2021-06-16,219.50030517578125,222.8195791725236,219.01848122822423,222.07898707816196,929100
2021-06-17,211.76425170898438,221.0528651113626,209.57817423697927,219.7055171754768,2095900
2021-06-18,207.90072631835938,210.9523147446735,205.98233450437164,207.749040726958,2973900
2021-06-21,210.4794158935547,213.4685520575813,210.0957429634978,210.18496257707704,991500
2021-06-22,211.47872924804688,212.7814606589509,210.11354547902468,211.72856591067335,899600
2021-06-23,212.36207580566406,213.42388836310457,209.89939444984932,212.0051701999203,855900
2021-06-24,213.35255432128906,214.9497256601689,211.9338358269369,213.25440321453692,997300
2021-06-25,214.9050750732422,216.57362990347562,214.1109485181225,214.74445801817768,1055500
2021-06-28,215.27984619140625,215.46721688544278,213.04022043306927,214.90509118825585,1131200
2021-06-29,213.79869079589844,217.73363928286642,213.2008662852717,217.17149989470553,643800
2021-06-30,217.5462188720703,218.21542713173096,214.53031595837507,214.5838640558125,1010500
2021-07-01,216.0471954345703,219.21477025401106,214.95861559380572,218.5991101016793,1111500
2021-07-02,215.78843688964844,216.7342490784487,214.8693919427895,216.698563960886,780700
2021-07-06,210.87197875976562,215.40475085775566,207.99884363617718,215.13706483961158,1037400
2021-07-07,213.1829833984375,213.50420391044224,209.33726874490196,209.33726874490196,768800
2021-07-08,211.89808654785156,213.49527112085627,209.16771919408492,209.94399637091928,826900
2021-07-09,216.5557861328125,217.17145989882476,215.1013828000675,215.16383515665083,789100
2021-07-12,217.07330322265625,217.66220973281742,213.87894763687214,215.21736409719682,980600
2021-07-13,215.47613525390625,219.00062925908796,215.31551819657903,217.12684074237035,823500
2021-07-14,213.2633056640625,216.2881267705075,212.16580781528467,216.2881267705075,871500
2021-07-15,214.25372314453125,215.49398863868745,212.6744013728519,212.6744013728519,730900
2021-07-16,212.915283203125,217.1268346958302,212.55837759801145,216.894847414014,632700
2021-07-19,208.0167236328125,209.8458821934833,205.45587714073218,208.90900141463376,918900
2021-07-20,212.30859375,213.00456938360543,207.4010655763271,209.14100466034068,1101800
2021-07-21,213.59344482421875,215.55645308385957,212.6119338868596,213.53991033946778,678600
2021-07-22,211.86241149902344,213.82541964403939,210.98798319730372,213.82541964403939,484500
2021-07-23,211.86241149902344,213.4863497736458,211.30027221180814,213.4863497736458,622500
2021-07-26,211.02369689941406,212.9777874338931,210.3009540694185,211.65722011964095,762500
2021-07-27,208.61451721191406,211.3984191220073,206.94594874881074,211.0325820180312,1262400
2021-07-28,207.0262908935547,209.30160191782625,205.40233882565605,208.22193983130177,2063900
2021-07-29,208.0345458984375,209.46219570282645,206.14292148043808,209.09635856837863,1522500
2021-07-30,207.09768676757812,208.32010302001834,206.46416352688607,207.74904576175294,1061600
2021-08-02,204.38514709472656,208.92683774922543,204.19777638446627,207.73118878587417,1220200
2021-08-03,207.94529724121094,209.7923047919344,202.72546783924227,204.33157024100768,1864500
2021-08-04,206.1785888671875,210.03322096886913,206.0625884238824,206.93701664820998,1154500
2021-08-05,203.6802520751953,209.01606937224125,202.88612539785055,207.78472168250818,1525300
2021-08-06,204.40298461914062,206.19645796025026,204.19776455286305,205.09004228546883,943000
2021-08-09,205.80384826660156,206.49982379086103,203.17163174638156,204.0282243382041,774800
2021-08-10,208.58778381347656,210.15818783022513,205.42019492027453,206.5176927951875,918500
2021-08-11,215.75271606445312,216.04716929215243,208.56987900562928,209.57815700213825,1224300
2021-08-12,213.370361328125,216.64501870859536,211.90702650939878,216.21672924374482,952700
2021-08-13,212.11224365234375,213.95925130456567,211.30919921486927,213.70941465223686,868300
2021-08-16,213.5131378173828,213.98605755299278,210.2117128497734,211.46982775084652,810700
2021-08-17,210.43475341796875,212.4156108497885,208.48066322589713,212.3085418907959,936100
2021-08-18,208.41822814941406,211.0236774164763,208.23084384056668,209.2658892468876,1085800
2021-08-19,207.85255432128906,209.1454622507715,206.2633538496234,207.071428155611,1187400
2021-08-20,208.00521850585938,208.9030698467748,206.60457260605122,207.44855505853158,997900
2021-08-23,211.2195281982422,212.09941867733716,208.62473836795633,209.4238255143039,1453200
2021-08-24,212.01858520507812,212.87154111867198,209.37890044291345,209.37890044291345,1226200
2021-08-25,214.1106414794922,215.20602137060376,211.61461548502515,211.96477701086403,1016800
2021-08-26,212.77281188964844,215.78959301339103,212.46754571465726,214.04775917942737,1118100
2021-08-27,215.753662109375,217.0375828445859,212.79972377011856,213.79633922407427,1253900
2021-08-30,214.3081512451172,216.93884925125826,212.98830860104044,216.46298910884963,925700
2021-08-31,211.8749542236328,214.46077045279432,211.09382794612532,214.30813736984024,959100
2021-09-01,210.8783416748047,212.81770387409225,207.58322887237705,211.90189166329685,975500
2021-09-02,212.76382446289062,213.48210824563597,210.69876372504413,211.7043528008134,789600
2021-09-03,214.20037841796875,216.69640378681413,212.75483736333905,212.88950957024255,991800
2021-09-07,209.9625244140625,213.90409093092958,208.92998723622034,213.69757527528728,1109200
2021-09-08,209.8098907470703,210.29473813393983,207.8076861312453,209.26221459172993,763600
2021-09-09,209.18136596679688,211.44395479683536,208.57980731478654,210.32164081171413,783400
2021-09-10,209.48667907714844,211.31828976391563,208.04113788656352,210.2318836255991,739100
2021-09-13,211.54275512695312,212.86259769501882,209.57645849697266,211.70436179236972,756200
2021-09-14,208.13990783691406,212.76383683833006,207.2151083365064,212.76383683833006,784900
2021-09-15,210.4923095703125,212.27005171878912,207.85262394674393,207.93342729437316,860900
2021-09-16,206.2454376220703,211.5337814739119,205.98505306104394,210.65387729541675,1081400
2021-09-17,204.4318084716797,205.46433220776333,203.2197034770367,204.59341516423126,1986600
2021-09-20,198.8471221923828,201.81003412831674,195.98297444431745,200.71465448109194,1693500
2021-09-21,197.11428833007812,199.7898953390494,195.2826775206976,199.17934926917255,1031000
2021-09-22,198.98179626464844,202.47443719540624,198.75733344467653,199.2331935270071,869600
2021-09-23,205.0063934326172,205.7426243905685,200.00535500676787,200.86729830157253,1207500
2021-09-24,204.4048309326172,206.478865250564,204.26117143610497,204.7100970876129,755400
2021-09-27,206.73025512695312,209.27117586764228,204.3150330161864,204.3150330161864,802100
2021-09-28,206.02093505859375,208.57082908794771,205.05125415303908,206.73023145333346,643200
2021-09-29,207.1073760986328,208.33742810470613,204.9525382675354,206.80210991758355,686600
2021-09-30,201.6215057373047,208.58884128455975,201.58559770979693,207.67302903167445,1094300
2021-10-01,204.67422485351562,206.42503246052343,200.89426417878886,202.30389754707596,772700
2021-10-04,204.2791290283203,205.787512617183,203.09395875125097,205.0063863801022,924800
2021-10-05,210.6987762451172,212.0814750065859,200.74160798676073,202.58220600812845,1586600
2021-10-06,210.62692260742188,211.0040184904803,204.8088503114706,208.17579251748083,1062400
2021-10-07,210.86936950683594,214.1195870236348,210.54614247145474,212.67404579597505,908800
2021-10-08,211.89291381835938,213.65270845270203,209.66624635664186,210.4832806546099,623700
2021-10-11,208.69656372070312,213.47312563524045,208.56187780217195,212.88055417412465,979000
2021-10-12,206.63153076171875,210.20497567258846,206.0748672505125,208.75046071743625,865800
2021-10-13,207.8885040283203,208.59781429581454,204.02775402598434,207.46652648072714,731800
2021-10-14,214.43382263183594,215.1072110911621,207.91542727760313,208.83122571819794,815100
2021-10-15,213.94000244140625,216.83108466630011,213.71553962084073,216.75028133892613,673100
2021-10-18,212.82669067382812,213.51804009061092,211.47991356847533,211.79416703977438,745800
2021-10-19,215.592041015625,216.06790108928791,213.18580620541425,214.66725531019532,772600
2021-10-20,218.0252227783203,218.37538422118297,214.7839791866435,215.5920398393657,907800
2021-10-21,216.12181091308594,217.39675822398246,214.56851816730818,217.28003316097178,522200
2021-10-22,216.12181091308594,217.59428662286606,214.7391121209008,216.38218178427354,660000
2021-10-25,216.7053985595703,218.1599133368611,214.3620060294217,215.2149620568438,663700
2021-10-26,214.4966583251953,217.31591070455946,214.4966583251953,217.31591070455946,750800
2021-10-27,210.86038208007812,214.27220604048225,210.31269224220298,214.27220604048225,789300
2021-10-28,217.94442749023438,218.0162572375888,210.99505356008336,211.05790972656476,759400
2021-10-29,215.3406524658203,218.41130226726148,214.18243031707988,218.17786586134733,1070300
2021-11-01,220.26986694335938,222.20024180975577,215.48431774280635,216.29237845429228,914200
2021-11-02,217.53138732910156,220.62897122465017,214.19137977386524,220.62897122465017,1115600
2021-11-03,211.426025390625,215.7895833619422,209.6482836097547,215.0443651209419,1236400
2021-11-04,211.13868713378906,213.85018783788556,210.5730365053938,211.7761538005986,739500
2021-11-05,212.85360717773438,214.2003840828785,211.12074710238494,211.9377950462019,683300
2021-11-08,213.7425079345703,215.3047743453195,211.80314556952837,213.68863904111785,619300
2021-11-09,212.07247924804688,214.4428061871228,209.8637726707909,213.3833482045628,882400
2021-11-10,213.42825317382812,216.91190714042233,210.87834489503035,211.7582490934049,921600
2021-11-11,212.1622772216797,214.23631165281944,209.89071439708624,213.688621780084,656200
2021-11-12,212.19821166992188,213.26665710388147,210.133150563123,212.63816381923644,754300
2021-11-15,211.9198455810547,213.41028205759406,210.49226527286135,212.79076245589252,546600
2021-11-16,211.3721466064453,214.21833351885715,211.24644797530206,212.5662904523678,1002800
2021-11-17,208.20274353027344,211.60559402926478,206.74822876554944,211.60559402926478,1196400
2021-11-18,206.0885467529297,208.85325711261248,204.98627462717883,208.76290151424126,914200
2021-11-19,202.28480529785156,205.5283700493363,202.22156740707288,205.40188048145004,1412900
2021-11-22,205.98013305664062,208.46476055256676,200.88438848917627,203.14314075820002,1327000
2021-11-23,205.85362243652344,207.6244901003866,204.13697640209077,206.6396775204892,1249300
2021-11-24,204.0647430419922,206.85655791398528,203.39614731718873,205.65489989058088,1143800
2021-11-26,198.4810333251953,199.67366090368597,195.81570893465133,198.770160175615,696300
2021-11-29,196.30364990234375,199.6737044935788,195.32786724864903,199.6737044935788,1114400
2021-11-30,189.50926208496094,195.5356097898709,188.91294834489076,194.71342088640984,2436300
2021-12-01,188.9400634765625,195.06579716842447,188.91295955825285,192.68959968320922,1447200
2021-12-02,195.05679321289062,196.0145018847945,188.94008874692582,190.07850861349942,1589100
2021-12-03,196.0867919921875,198.34554415888212,194.6140811678773,195.88802069861205,1231100
2021-12-06,198.11062622070312,201.09218164723384,196.25844680525765,197.65887581626902,1187000
2021-12-07,198.56239318847656,200.9295610935466,198.26423624231953,199.61948756867187,768200
2021-12-08,199.5020294189453,200.08026943739316,198.00221463204545,198.77019590347703,651100
2021-12-09,198.39071655273438,199.14965395134143,196.43012137983507,198.21904918693136,859400
2021-12-10,197.0535430908203,200.1254405004491,196.49336318288732,199.83631360779606,756700
2021-12-13,195.26458740234375,196.9270393427409,194.2797748445197,196.23133987042414,1008500
2021-12-14,195.68020629882812,197.9208844384636,194.2526733703979,194.57793421214564,975700
2021-12-15,197.50527954101562,198.39973650590025,195.86090147468428,197.839570423946,988000
2021-12-16,197.22520446777344,199.45685278318786,196.2855696021761,198.7701970654948,945200
2021-12-17,190.66578674316406,196.430126682714,189.8797454009815,196.430126682714,2441600
2021-12-20,187.01564025878906,188.91298371471308,183.75400173730105,188.21729800737185,1318300
2021-12-21,191.32533264160156,192.24690735725517,188.11791569325325,188.48834055951346,1038100
2021-12-22,190.56642150878906,192.075266463013,190.13274490661425,191.71387159225577,755200
2021-12-23,193.3220977783203,193.8642038583768,190.90070808341972,191.8764907557232,649100
2021-12-27,195.34591674804688,195.45433243392816,192.60829660258955,192.8161117156331,480700
2021-12-28,196.5385284423828,197.7311561189836,194.68634904020456,194.68634904020456,539400
2021-12-29,197.61370849609375,198.4810615982507,196.05968591953948,196.4662585478211,559500
2021-12-30,196.81863403320312,199.2852014324759,196.65601048757887,198.15582530009706,444200
2021-12-31,197.0896759033203,197.97510288080144,196.0777593576276,196.0777593576276,668100
2022-01-03,198.3455047607422,199.4748806197572,197.20709885793258,197.60464136611807,864000
2022-01-04,205.91685485839844,206.5764065316886,199.45681636160018,200.15251578446427,1020700
2022-01-05,205.0495147705078,209.9013237007265,205.02241084796432,206.22406863059845,1494800
2022-01-06,207.97689819335938,210.5157338072823,205.78138358604787,206.9378637675762,1062000
2022-01-07,211.73544311523438,212.32271319037798,207.34442815482274,207.8052086544125,1311900
2022-01-10,209.05201721191406,213.5875812517768,207.26307572147158,212.78346610009112,1040300
2022-01-11,209.96456909179688,210.70544643132914,206.45898126343317,209.612204299815,1026000
2022-01-12,209.30502319335938,211.2746485510075,207.87749010751514,210.08203452397507,762300
2022-01-13,213.2081298828125,215.07838328746965,209.79289772210123,209.79289772210123,782100
2022-01-14,214.61758422851562,214.78925159453684,210.48859254396774,211.59989472093568,999800
2022-01-18,213.22621154785156,214.2652320641673,210.10913621257473,213.0364702936248,1176000
2022-01-19,208.79904174804688,214.14776486436,208.08526839107617,214.03030534797358,1253100
2022-01-20,204.84173583984375,210.0639702114411,204.1370062039763,208.9616979530166,1156500
2022-01-21,201.80593872070312,205.54643147163492,201.2548026826667,204.95011763644902,983800
2022-01-24,202.38421630859375,203.26061334819366,195.99645786391503,198.6708267882641,1584000
2022-01-25,204.78749084472656,207.0100950512275,194.46951355414103,199.8543705020874,1347800
2022-01-26,204.0556640625,210.47051156086275,202.67330892197748,206.14274873402113,1564700
2022-01-27,202.45648193359375,207.8955611743488,200.81210368946773,205.77232855942339,794000
2022-01-28,199.66464233398438,201.3541843809485,193.61117607896134,200.76691438848346,1083300
2022-01-31,199.56524658203125,199.69173613336636,194.97546119792887,198.05640201027416,1108000
2022-02-01,203.7665557861328,204.61584883341098,198.7521230606402,199.06835388848364,933700
2022-02-02,204.61585998535156,204.70621559432553,200.46879395919018,203.64910735738528,1836100
2022-02-03,205.3206024169922,211.59993161483308,197.68602171804903,197.86671916092976,1838500
2022-02-04,206.540283203125,208.57315995202848,201.20059030061987,204.33573910072388,1235900
2022-02-07,204.6790771484375,207.26309013916517,203.94724366340665,207.01011100326141,1267800
2022-02-08,201.9414825439453,207.23599840474108,199.16774193132113,206.11566610451348,1358200
2022-02-09,203.7394561767578,204.8959362441674,201.589119589076,202.21253742576224,1051200
2022-02-10,201.67947387695312,206.54031317579472,200.7488690442029,201.74271177164997,1007200
2022-02-11,200.7307891845703,204.57066793087023,199.35746398454495,201.45359264702205,883600
2022-02-14,198.2642059326172,202.38416712907528,196.9631626524036,202.26670762045597,1008300
2022-02-15,200.9205322265625,202.61910452418545,199.29422786813242,199.6556227094149,898700
2022-02-16,201.76077270507812,204.49837917899325,199.44781273377427,200.0983344489946,1291100
2022-02-17,198.8779754638672,203.25221555605233,197.86853437517578,200.50580589445758,973600
2022-02-18,198.29592895507812,201.81532480957924,197.34105013077212,197.67752582187367,830300
2022-02-22,194.69468688964844,200.72405186146503,194.13085972687236,200.72405186146503,1556600
2022-02-23,187.18301391601562,195.76780764208928,186.4009243042818,195.07665029248162,1857500
2022-02-24,184.85494995117188,185.518812404276,180.18060395839598,183.77275465858423,1519200
2022-02-25,185.3824005126953,187.94691796603618,184.20925911667265,185.43696264712744,1545500
2022-02-28,185.6278839111328,187.4557982182024,182.54499919521268,182.88148873450675,1956300
2022-03-01,178.30715942382812,186.42814462408452,174.62406403523744,185.2277225931367,2213000
2022-03-02,188.3197479248047,190.3022458364861,179.8804635158473,180.0896229568892,2224000
2022-03-03,190.05673217773438,192.88498490532,187.2375685130658,189.37467779529186,1264600
2022-03-04,183.73631286621094,187.2648112564343,181.1990771883739,185.66426229535386,1830200
2022-03-07,172.42333984375,183.8454741146725,172.33239371601883,183.25435203728148,2686900
2022-03-08,175.52442932128906,182.79967658585795,172.44154384798532,174.12395032849005,1676800
2022-03-09,180.46250915527344,182.68146177321236,178.67097842077845,178.87104882904723,1407800
2022-03-10,179.3347930908203,180.17144463151502,176.13368128732333,178.0161576612083,1008000
2022-03-11,177.59786987304688,181.45375583609598,177.3887104040771,180.79898248621157,1186300
2022-03-14,179.8531951904297,182.96336146914825,178.45270243904568,179.51670559678374,1114300
2022-03-15,180.48977661132812,182.4177125349682,178.63458094299787,181.1900229874628,940400
2022-03-16,186.6646270751953,186.8556083963314,180.444294814758,181.49011979696138,1314100
2022-03-17,186.80104064941406,187.80137866039894,183.7999988635981,183.93640417714082,732600
2022-03-18,188.01963806152344,188.31974362299644,181.22637602604223,184.1273825771841,3453600
2022-03-21,187.4739990234375,190.40228679243296,185.91892288533015,186.98292599993812,972000
2022-03-22,190.67507934570312,191.92096063513046,188.91083017950658,189.32916288057098,1096600
2022-03-23,189.18370056152344,191.42993415315004,187.8559757724034,188.7562786958175,1060800
2022-03-24,190.28407287597656,192.64851960885042,188.71079086509715,190.2749699371424,804200
2022-03-25,190.66603088378906,191.1571039295416,188.77446507995862,190.2840820978856,557800
2022-03-28,188.9018096923828,189.92944288162832,186.16450271104256,189.92944288162832,642900
2022-03-29,193.13961791992188,193.71253416664925,190.02034865391565,190.26589211761706,709600
2022-03-30,190.58419799804688,192.90317190386872,189.2746513032946,192.90317190386872,716100
2022-03-31,186.5281982421875,190.55685871501018,186.42816306304772,189.5292397399517,1112000
2022-04-01,182.81787109375,188.3561498194252,180.43523202242366,188.12879833929307,1346600
2022-04-04,183.96371459960938,184.48208262666222,176.42474574529896,181.9994083889466,1916400
2022-04-05,181.96299743652344,184.63665262418996,179.88046432601965,183.5453684739914,1180900
2022-04-06,180.52615356445312,180.83536210515348,177.45237117163913,180.10783463666277,1221200
2022-04-07,178.3435516357422,179.87134654466254,176.79756472749764,179.71674924148107,881900
2022-04-08,177.05223083496094,179.88957270544802,175.8245273613828,177.95253376424807,1259300
2022-04-11,175.45167541503906,180.3806676545509,175.27889994848115,177.05223869627378,1119600
2022-04-12,175.1333770751953,179.36210865026706,174.7605173531282,175.6426421217105,1012000
2022-04-13,176.9703826904297,177.6797181382241,174.19669209255048,174.38765954887793,848400
2022-04-14,178.18896484375,179.17112471874816,176.3610504056574,177.4432454681951,995700
2022-04-18,178.88922119140625,180.64436772636535,177.91615032380662,177.91615032380662,585400
2022-04-19,183.0452117919922,183.64542299453086,179.5076235245674,179.5076235245674,1174900
2022-04-20,186.25540161132812,187.11024529243144,184.48206305820497,185.06408222118978,883900
2022-04-21,188.1197052001953,190.6296604909629,187.43765077457485,188.42889987613273,971200
2022-04-22,181.15365600585938,186.98295126786567,180.84446132422747,186.2918077660238,855200
2022-04-25,178.37994384765625,180.06235014452872,174.03298519165537,180.06235014452872,1415600
2022-04-26,173.3236541748047,179.9986896507352,173.1963379133935,177.2068209624931,936900
2022-04-27,177.21592712402344,179.27119338337613,173.16907355681533,173.26910876303546,927300
2022-04-28,176.86123657226562,178.9437836306446,175.08789803280257,178.31629140673505,915000
2022-04-29,172.05047607421875,178.10712169996654,171.35022976127144,175.9063475735607,854300
2022-05-02,177.2704620361328,177.79791905370874,170.71365413308163,172.13232492966404,1276500
2022-05-03,183.81820678710938,187.02840829057854,177.33413871071576,177.33413871071576,1532400
2022-05-04,189.8384552001953,190.10217676885583,181.50829498537868,182.6450522021463,1175800
2022-05-05,185.5460662841797,188.5561972947261,183.77272773015716,186.98292912899652,808000
2022-05-06,183.44532775878906,185.82796636720863,180.17146153037024,185.82796636720863,886200
2022-05-09,184.3456573486328,185.97348763846932,180.57161492155322,180.8717205032076,1047600
2022-05-10,179.5258026123047,186.50094344494278,176.70663907695896,186.36452424885303,1029700
2022-05-11,178.40724182128906,182.24493580832254,176.9612897785758,180.51707015838713,1094000
2022-05-12,181.37188720703125,181.53557358333623,176.92489359048065,177.3341234076738,1064000
2022-05-13,182.89971923828125,184.6639689920068,180.29881768023466,182.41773519749233,1043300
2022-05-16,184.3274688720703,185.73705067597353,180.3169858538555,182.52684922414124,750800
2022-05-17,189.3383026123047,189.7657244886641,185.23688706364157,187.77412337891124,825400
2022-05-18,185.66427612304688,190.93883210267106,185.12773007570743,188.94723134494214,1436000
2022-05-19,184.9040985107422,187.6793074428985,180.34285212809468,183.20965774129357,931600
2022-05-20,180.71836853027344,185.32539901200997,177.39360765502184,184.96819433765413,819100
2022-05-23,182.02813720703125,185.78336350975533,181.32288190118726,183.68593369909902,640600
2022-05-24,179.98562622070312,181.74417327907273,176.37694940940622,181.66174466126392,875700
2022-05-25,185.5818328857422,186.39699289945466,179.3994352835003,180.07721427410524,1135100
2022-05-26,186.43368530273438,190.18891198625096,185.85665690528657,187.76175344660845,691300
2022-05-27,190.48199462890625,191.3154769179901,188.83335218228203,189.16308067160688,642900
2022-05-31,191.53526306152344,192.6526753616328,186.90992467701497,188.45780219782208,1246900
2022-06-01,190.37208557128906,193.4037484048785,187.16639743112287,193.34879598715767,669300
2022-06-02,193.84336853027344,193.98074956522603,190.20720139783285,191.79172322894354,565700
2022-06-03,193.2755584716797,194.09987284682077,191.691022253431,192.24057448732094,648400
2022-06-06,194.76844787597656,196.16979043910334,193.2846766857697,194.17311137947638,787500
2022-06-07,197.15895080566406,197.35129822006894,190.80254168903133,193.1014727311393,676200
2022-06-08,195.8034210205078,198.6610584094166,194.99741499771181,196.59110491305196,658800
2022-06-09,193.7151336669922,196.27051864265758,193.3212987324069,194.43869704769781,771400
2022-06-10,188.2196502685547,190.74755878835902,187.23961910383818,190.25297315593428,694800
2022-06-13,179.70172119140625,184.3637044585018,178.50188011241818,184.0156678095007,1193300
2022-06-14,180.07723999023438,182.40364749311112,178.59346882602523,179.57348620741922,844400
2022-06-15,182.41282653808594,184.92241357438195,180.60848086453592,180.9931617830406,707100
2022-06-16,173.24453735351562,179.69255777479705,170.51512684443838,178.7674788415987,1420400
2022-06-17,175.4427032470703,176.36776805375743,171.00969866499256,172.28281402153894,2027800
2022-06-21,179.6925506591797,180.54434103547777,176.41358816169526,179.06056994092478,727000
2022-06-22,177.567626953125,179.22542330823487,175.47019731574662,175.63505455571354,749900
2022-06-23,170.25868225097656,178.1080456308979,168.7840650943691,176.48687937129662,1227200
2022-06-24,178.62095642089844,178.69423097358714,172.12713719882072,172.20957980540294,1130400
2022-06-27,178.95066833496094,182.165510422958,176.96314344544464,180.38864111809062,583500
2022-06-28,179.573486328125,184.3270660693278,179.060578467347,180.73669706819078,731700
2022-06-29,177.45773315429688,179.85741518976226,176.53266819594128,179.85741518976226,689700
2022-06-30,177.25621032714844,178.06221627754695,173.1987323214698,175.11298247797703,715300
2022-07-01,177.78744506835938,180.4161045791472,174.70998423654135,177.85155155668392,760000
2022-07-05,177.75999450683594,177.8698993459273,172.1179798386176,173.83989685473802,764100
2022-07-06,178.16299438476562,179.63761151103176,175.41526165078085,177.30203589200644,678900
2022-07-07,184.35455322265625,186.4886273938463,183.1089137829481,184.2538024600441,1093300
2022-07-08,183.66761779785156,185.18803329683584,181.35036426145498,184.40950341553776,1020900
2022-07-11,180.2420654296875,184.43693822741537,179.84823052625438,182.67839131243713,672800
2022-07-12,184.2537841796875,186.78169309666524,179.84825522341805,180.1505074812671,1083100
2022-07-13,182.806640625,185.8016729755492,180.96566487365357,181.8357773737718,1030400
2022-07-14,178.44692993164062,179.59181860544956,175.48854151171201,179.47274571115204,1037100
2022-07-15,179.84823608398438,182.15633509558273,178.877372921559,181.44192582603617,2874400
2022-07-18,181.00230407714844,182.66010053790237,179.37198382480662,181.80831012574566,911800
2022-07-19,187.8074951171875,188.4303076957578,182.78830830653322,183.1271907992442,1321500
2022-07-20,188.38455200195312,189.39205960789155,183.49359102554286,184.4461462121922,994400
2022-07-21,188.7967071533203,188.8882898525037,186.19550972922286,187.00151574590296,649500
2022-07-22,187.94491577148438,189.98739318579356,186.45199049296818,189.42870094784888,696200
2022-07-25,188.9432373046875,190.15224629795387,187.0473091706708,188.97988156395076,702600
2022-07-26,187.25796508789062,190.6285241860616,185.82914643920023,188.18304396415843,647400
2022-07-27,191.5811004638672,192.8267399716528,186.3512565274553,187.77090738408853,977500
2022-07-28,197.09486389160156,197.8825478049845,192.37791448882666,192.7717634333636,1250800
2022-07-29,202.70021057128906,202.91086613550652,197.49784409835368,198.23972958703666,1073400
2022-08-01,199.52200317382812,201.77514986691992,198.09318457729216,199.92500615760792,1053300
2022-08-02,200.2272491455078,205.1090551086064,197.5619455151124,200.5752997019095,1385200
2022-08-03,199.45790100097656,201.50037819402283,198.75264576410433,201.1523276140124,895300
2022-08-04,201.0790557861328,202.6544235186043,198.11151366620888,198.28553895856294,672200
2022-08-05,201.51870727539062,201.91254222893429,199.16480970422475,199.63193317786718,658300
2022-08-08,201.05157470703125,204.4312877956506,200.18146224203812,204.07408314262437,749600
2022-08-09,199.77845764160156,201.0240968787641,198.71601174353995,200.83176343867356,591500
2022-08-10,203.23146057128906,204.2023238487129,202.54452742492043,203.0940795322916,649800
2022-08-11,205.0541534423828,206.638675515067,204.1931948902458,205.3106073971863,909200
2022-08-12,208.6078643798828,208.69946106140065,204.47711119615013,205.28311727129463,719700
2022-08-15,211.33726501464844,211.66699346478302,206.53788734617632,206.8309855132692,826400
2022-08-16,212.857666015625,214.18574786669558,210.81518882864103,210.81518882864103,818200
2022-08-17,210.90679931640625,213.06834952215982,209.31310937613083,209.96341224118703,920700
2022-08-18,212.29006958007812,212.77883360799245,210.8145605780912,211.7183110730759,479000
2022-08-19,210.79612731933594,211.72754270541236,209.73559063908604,211.46932826032915,597100
2022-08-22,206.94134521484375,208.25087951498304,206.07449041383495,207.59611236491338,684800
2022-08-23,207.51309204101562,209.8093570969057,206.07446475982397,207.24564661957572,857800
2022-08-24,207.7620849609375,208.07564313192714,206.07447416136884,207.1257798434048,640400
2022-08-25,211.15577697753906,211.30333210446327,208.4629592335136,209.10849532426775,636500
2022-08-26,205.1891632080078,212.40076212547717,205.05083906371146,212.28087181933222,863400
2022-08-29,204.07330322265625,205.23528235757095,202.73611819003736,203.3908853273014,747300
2022-08-30,201.1868133544922,204.81104643880914,199.86806227914184,204.63582648522268,727000
2022-08-31,198.61387634277344,201.11304034221186,197.285908318838,200.80871316409068,1146400
2022-09-01,198.1988983154297,198.4571127675938,195.6167397221563,197.23981807476758,664600
2022-09-02,196.30836486816406,201.54645898969517,195.45994404620683,200.87325811159562,565200
2022-09-06,195.91184997558594,198.899764085097,194.82364843731256,197.48880151746516,640400
2022-09-07,199.19485473632812,199.8035090585472,194.75908267629953,195.6351683434526,684800
2022-09-08,198.08824157714844,198.3003432931223,194.81443407190937,197.2767023902815,586400
2022-09-09,201.47271728515625,202.2750255165162,199.6836498560995,200.86406286816378,594400
2022-09-12,202.52398681640625,204.5251556126254,201.7216787286419,202.70842367809993,637800
2022-09-13,196.13319396972656,200.10788180607804,195.10033602760996,198.30958325606804,840200
2022-09-14,196.6680450439453,197.5625787055778,194.4271094661209,196.32683610533803,642500
2022-09-15,195.05418395996094,197.86689197275786,194.30720548658218,196.00404721273037,629600
2022-09-16,194.75909423828125,195.57063338275083,192.22304848344552,193.44034312851818,1290900
2022-09-19,198.37411499023438,198.67844217630144,192.59192659822443,192.85014104610582,507400
2022-09-20,196.14239501953125,197.19370071345097,194.85130871734245,196.88937352947,571900
2022-09-21,194.36251831054688,199.3977274705343,194.34408447520303,197.58099560343277,877400
2022-09-22,190.9319305419922,195.50604031831497,190.9319305419922,194.39940516857493,780200
2022-09-23,188.12847900390625,188.53424856302274,185.12211719933697,188.5250175729138,771900
2022-09-26,186.91116333007812,190.54462724590047,186.69906163998164,187.4091583418551,648000
2022-09-27,187.36302185058594,191.16247424081538,184.80852868867854,188.86620954181683,1005200
2022-09-28,191.42071533203125,192.82244667098828,187.5382541464788,188.7924444461345,618300
2022-09-29,188.67259216308594,190.36943406569324,185.6754469677885,189.77922757471535,944100
2022-09-30,187.67657470703125,191.81725022232877,185.71230185759728,188.99532561955718,978300
2022-10-03,193.28355407714844,195.3216186778175,189.46565336676127,190.26797552187813,911000
2022-10-04,204.2946319580078,204.4421870947509,196.06862305161906,196.63116469777367,1396600
2022-10-05,206.90443420410156,207.74363812779646,200.43982846660347,202.54243969914552,1275600
2022-10-06,203.6029815673828,208.42607573170565,203.45542643173968,206.28658255140923,1288400
2022-10-07,201.07614135742188,202.54244756921096,199.19486273422757,201.9522411313822,1028400
2022-10-10,202.1827850341797,203.5845164896878,200.11705552427102,201.39891075485616,600300
2022-10-11,202.94822692871094,205.8439296027584,199.58219402244137,201.53725030367676,727900
2022-10-12,201.13150024414062,203.7320927197192,201.13150024414062,203.1603341476228,884500
2022-10-13,206.885986328125,208.6381717366028,195.92104788057654,198.27265662228328,924600
2022-10-14,202.19200134277344,208.83182707881426,201.78623179101228,207.4669773724066,740700
2022-10-17,202.985107421875,207.23644296552277,202.69922814534425,205.6041477204799,647900
2022-10-18,206.51712036132812,208.3891820638687,203.90729709440367,207.30098059028543,590100
2022-10-19,207.2733154296875,208.30618724681707,204.46983837549325,205.78857538471814,729600
2022-10-20,203.14186096191406,208.08484491314763,201.85078883987316,207.2640889059293,653900
2022-10-21,214.6785430908203,216.6981596853728,204.71881238219243,205.4934556023515,1873100
2022-10-24,215.38865661621094,217.40827336895723,213.02783095749362,215.3333269635271,881400
2022-10-25,216.42152404785156,219.16045455181046,213.41516218669463,215.7944358604181,778000
2022-10-26,218.53338623046875,220.13801673442276,215.61923550580264,217.95239665510675,835900
2022-10-27,220.34088134765625,223.23659815295542,218.77314670844626,221.36452224783065,911600
2022-10-28,225.7357177734375,227.09135051442155,220.34085163510258,220.74662117276185,851800
2022-10-31,225.48672485351562,226.92536617216862,222.6648000117981,224.2601992976234,820300
2022-11-01,227.50636291503906,229.07409752162843,224.8688746911037,227.76457736451817,1034900
2022-11-02,222.4803466796875,230.41125793091066,221.87169240588042,225.9201425038394,1355400
2022-11-03,214.65089416503906,216.49529096200442,200.8087012696013,205.00470679702363,2438900
2022-11-04,219.82444763183594,221.19852843568108,216.10798887543757,218.15527063102576,1238200
2022-11-07,218.14605712890625,221.32763912703084,215.01980478910224,220.77431440056034,1362600
2022-11-08,220.5622100830078,222.5357142790639,217.30685055500354,217.63884257264064,1095400
2022-11-09,219.1973419189453,221.03250774560723,218.39503380665116,219.00367406168587,945700
2022-11-10,223.2919158935547,224.58298809890394,219.9904437437254,224.43543296925498,1475000
2022-11-11,228.86195373535156,230.68790245572734,222.9691070759134,223.28265112526114,1432300
2022-11-14,229.69198608398438,232.9473456481542,228.7052269391778,229.09254861878537,1067400
2022-11-15,231.2043914794922,234.32141283205917,230.2637450720675,230.89083329592907,1128700
2022-11-16,230.52195739746094,232.35713745617065,229.13865966410253,229.67353647626365,872100
2022-11-17,230.50341796875,230.68902059072795,224.22994455766016,227.3574060883065,886700
2022-11-18,232.2944793701172,233.51948203535176,229.7980840094623,233.1668271782865,788100
2022-11-21,229.08352661132812,233.2781994810634,228.97215371491777,232.0160818861291,1064700
2022-11-22,232.25735473632812,232.84200220142236,229.99296626421128,230.48481951226958,1057100
2022-11-23,232.80490112304688,235.28273201760032,231.93255329997996,232.96266404585688,858200
2022-11-25,232.3965606689453,233.65867817818727,231.71910480430364,233.03690167768457,253400
2022-11-28,227.96058654785156,231.7005347965013,226.90263617261067,230.61474473985174,870200
2022-11-29,228.6844482421875,231.37573546927496,226.91191298995292,228.52668532620538,946100
2022-11-30,233.08328247070312,234.54956694164696,226.2622778369722,228.2575445352773,1786000
2022-12-01,231.32003784179688,234.34541535510786,229.86304260794455,233.80715791923922,1018700
2022-12-02,231.77481079101562,232.77708194235356,228.55455502976213,228.96288929444486,551900
2022-12-05,227.69149780273438,230.20644379046348,226.6149827641698,229.4640191376406,662600
2022-12-06,228.09051513671875,229.99297365421253,226.68919921748846,228.54525354468814,676600
2022-12-07,226.38296508789062,229.03712353605283,226.27160635150832,227.31099231926802,689700
2022-12-08,226.04885864257812,228.35965138218032,224.2484836760492,227.93275265545427,750100
2022-12-09,221.0003662109375,226.81909991342127,220.24866654881444,226.36436155064231,841000
2022-12-12,224.69395446777344,224.7496338373865,219.4877210003706,220.56423601479682,835400
2022-12-13,225.27862548828125,229.18562662441488,222.5316584689771,229.18562662441488,909600
2022-12-14,224.43408203125,230.17857234197263,223.4782152018368,226.6149514928649,967200
2022-12-15,218.94017028808594,222.57803512912952,216.77786526256048,222.3181886519529,935000
2022-12-16,218.64321899414062,218.8288216062792,214.9032704252905,215.97977123992288,2596000
2022-12-19,220.11874389648438,223.9143712297237,219.11647295752948,219.29280036723952,1097000
2022-12-20,220.36936950683594,223.56177153291017,220.16520236741738,220.6941705664034,591400
2022-12-21,224.7867431640625,226.1602194162862,221.59432742059315,222.22539326225544,794900
2022-12-22,223.35760498046875,224.50836393652725,220.03527968972202,223.09775846790276,573200
2022-12-23,223.8958282470703,226.26230034482913,222.59659588310151,223.64527110867178,409300
2022-12-27,226.52212524414062,228.68443002726096,224.46190400565067,224.61039173612565,805100
2022-12-28,223.93296813964844,227.79356472376097,222.42955443338485,227.31098661060406,504800
2022-12-29,224.33200073242188,225.93749790989875,221.9376889677116,225.33427176141018,681100
2022-12-30,224.85169982910156,224.94450821158486,222.1325869813076,223.39470451599686,480400
2023-01-03,223.69163513183594,226.0859466332749,221.67781812152657,225.64049761178387,609900
2023-01-04,223.1533966064453,225.05584078106884,219.88673733863803,224.20205757163828,1135200
2023-01-05,219.68260192871094,222.94926166758714,218.61537630316573,221.3901685938118,1039300
2023-01-06,226.3458251953125,227.42234013053292,221.47368246463358,221.47368246463358,733600
2023-01-09,226.70777893066406,229.68675274233783,225.51062996520443,226.10456686041826,977600
2023-01-10,229.89088439941406,230.05792248764618,225.26931320424333,225.9003648627697,526000
2023-01-11,232.16456604003906,232.16456604003906,229.24128598504146,231.2272636532675,743800
2023-01-12,232.10887145996094,234.19693255112267,231.1994088163258,232.1645508233673,534600
2023-01-13,234.46604919433594,234.6145369339667,229.29694543350158,230.78178034809827,775300
2023-01-17,231.2086944580078,236.15508109939813,230.9024437848368,234.79087999189596,769000
2023-01-18,223.99789428710938,232.22021487479344,223.6359642882622,231.92325356935018,1037700
2023-01-19,218.53182983398438,223.6359791710584,216.67577552959384,222.7265165268668,785500
2023-01-20,218.5968017578125,220.81478611786991,217.68733910019884,219.27425762395333,982000
2023-01-23,225.3899688720703,225.48277725932098,218.8195343828464,218.96802213821877,1023400
2023-01-24,230.02081298828125,233.0369012654177,222.7265189269992,226.43862757578253,1676300
2023-01-25,228.5360107421875,228.74946722888797,224.53621511837073,227.94207380297578,767600
2023-01-26,229.94654846191406,231.5149164908433,227.79353300250338,229.95582363489746,521900
2023-01-27,230.79110717773438,232.30379617977033,229.79811118826788,230.32709353642986,457700
2023-01-30,229.05564880371094,231.79332583513965,228.87003206077802,229.49180850000917,398100
2023-01-31,231.57989501953125,231.58918435404664,227.07897171711053,229.58464225750373,584800
2023-02-01,232.85130310058594,234.3639777745914,228.29468624887022,229.45472022371203,772100
2023-02-02,238.04824829101562,239.00411510251956,230.86531320363233,233.55658621766992,1510400
2023-02-03,237.67701721191406,239.68155923268787,236.51699744757883,236.51699744757883,924900
2023-02-06,232.84202575683594,239.14333856259918,231.31078649541794,239.14333856259918,1267700
2023-02-07,233.5473175048828,234.2247733638825,229.91872792596038,232.3501545435829,784500
2023-02-08,229.3247833251953,233.51946989332623,228.4524355623844,232.08102501808932,796600
2023-02-09,228.4431610107422,232.73064180666063,227.57081324555685,230.98594627628995,577700
2023-02-10,229.1484832763672,229.19488747025372,226.1231195866282,228.1090973040538,837100
2023-02-13,230.93026733398438,230.9766715225388,228.50811596137333,229.62174568382858,623300
2023-02-14,230.53125,231.41287304555314,225.40853567217172,230.20643480189372,640200
2023-02-15,235.57040405273438,235.79313566246964,228.80509248351225,230.12288931316286,793300
2023-02-16,235.6910858154297,238.08538369976165,231.85832867649813,232.5172342658326,920900
2023-02-17,238.9391632080078,240.84160763072217,234.33614208671756,236.0529980629787,1317000
2023-02-21,233.2132568359375,238.05754617948008,232.43371732415568,237.35225054890213,839300
2023-02-22,232.04391479492188,235.67250454448276,231.01380403677615,233.4174052461637,854300
2023-02-23,231.28744506835938,235.23779995007607,229.72784883137,233.43539718668472,714600
2023-02-24,227.9721221923828,229.37295862855325,224.97432594895815,229.37295862855325,940600
2023-02-27,227.12229919433594,230.54034383754734,226.1884081497457,229.83059177367548,765200
2023-02-28,227.01023864746094,228.22429986516275,226.25378917529076,227.4491685819381,1677400
2023-03-01,232.73500061035156,234.17318659298576,226.92619699533935,227.50520490067888,1441400
2023-03-02,236.1530303955078,237.7219748036944,231.15672171924555,231.7730789956308,1043700
2023-03-03,240.99993896484375,241.4108533356354,235.6487468635101,236.62933538470884,1042900
2023-03-06,240.81314086914062,242.3167203321128,239.8045510400161,240.83183693085203,934900
2023-03-07,239.34695434570312,244.59541768757694,238.7866139942371,240.75711050511458,1468000
2023-03-08,239.53372192382812,240.45829350371886,237.59124095312396,239.84192195049002,1041200
2023-03-09,234.01443481445312,241.1960454422791,233.08987749043254,240.07539321627107,1567500
2023-03-10,225.83355712890625,234.80823709817065,225.24520116420157,233.3233536396802,1049700
2023-03-13,220.64112854003906,223.16264616588504,217.53126915153797,222.26610434890998,2043100
2023-03-14,222.06996154785156,225.46932463005143,219.42706223741783,224.01245677340114,1413000
2023-03-15,215.25254821777344,218.61454736923352,210.83523339439645,217.4565316143062,1391500
2023-03-16,216.5133056640625,217.3538161903488,211.68509046600803,213.76766359494536,1355800
2023-03-17,210.3216094970703,215.20585569522598,209.01415347793414,214.79494135349879,6126600
2023-03-20,214.76695251464844,216.66275044100337,210.89130987703774,212.47892200870785,1064600
2023-03-21,218.87603759765625,219.38968051758368,217.24172828428027,217.9981777436069,1040300
2023-03-22,214.26263427734375,220.5103681926004,214.16925371473786,218.68928334623692,811900
2023-03-23,211.23681640625,216.4852794857837,209.63985645942748,214.15055188811976,989400
2023-03-24,209.09820556640625,209.82663946341816,206.00702839446257,209.04217438202792,1366100
2023-03-27,211.93722534179688,212.44152021063886,208.84604841877905,211.05936552377034,685800
2023-03-28,214.29066467285156,214.77627779976686,210.8165885339001,211.91857322580142,1065700
2023-03-29,217.3258056640625,217.48456544216214,215.00041167885587,216.97092248357663,659700
2023-03-30,218.6145477294922,219.9967167135259,218.1102528434583,219.03479584286146,818200
2023-03-31,223.08790588378906,223.5081540200309,218.91341161368956,219.62316370489697,1158400
2023-04-03,222.86375427246094,225.54401696185056,221.00530599738687,223.04119584772505,698600
2023-04-04,216.56935119628906,223.23733341300402,214.65488574579953,223.08792165958465,879800
2023-04-05,205.7829132080078,215.7381816792431,202.9438762339976,214.45875540973282,1843700
2023-04-06,205.7642059326172,207.0809956638608,203.98047070093648,205.84825270268487,861200
2023-04-10,210.77923583984375,211.00337485238475,205.66151617890296,205.82027596901798,1145500
2023-04-11,214.65487670898438,216.3919147385324,211.52633579956782,211.99328135320926,956100
2023-04-12,217.42852783203125,220.87457394317258,215.63544442048118,215.73817300916326,1969500
2023-04-13,215.80355834960938,217.8114185262355,213.19799418547132,216.85885985874498,644200
2023-04-14,218.1663055419922,219.88466178615806,216.04636870541228,216.04636870541228,571800
2023-04-17,219.01614379882812,220.5570584070326,217.28843957140728,219.17490357512426,607800
2023-04-18,220.36094665527344,222.06062101970716,218.6425762290821,220.23020247339392,645600
2023-04-19,218.95074462890625,219.86595382946425,217.98883802779974,219.86595382946425,458000
2023-04-20,218.97877502441406,220.1928362705287,216.8588525466333,217.98885276605884,665000
2023-04-21,217.48458862304688,219.45509963779716,215.97167517922577,218.50252661762076,448900
2023-04-24,219.38035583496094,220.47300668263907,217.89547244581223,218.18497639903717,555000
2023-04-25,218.02622985839844,220.28624468691694,217.30712969703643,218.39978061102795,517800
2023-04-26,212.76840209960938,218.15695751062938,212.46021633952884,216.44793515929922,1099500
2023-04-27,215.62612915039062,215.822252563819,210.03211597747338,212.25478149610345,922800
2023-04-28,219.50173950195312,219.66051351570556,215.40195848610165,215.51403509875314,756100
2023-05-01,219.0721893310547,222.3781577569944,218.43713593423487,219.71657650942765,1026700
2023-05-02,212.59095764160156,223.190626738658,210.34962482594696,221.73374473343137,1598500
2023-05-03,209.61183166503906,215.35526985314868,208.26702634782225,214.7388983744167,1074700
2023-05-04,206.81019592285156,209.7332798333256,204.45678619381067,209.1449238385533,875400
2023-05-05,211.4142608642578,212.32013632449795,208.84606047183505,209.6118437242787,866000
2023-05-08,208.9488067626953,213.11395322658447,207.3798622527201,212.99255706959698,712300
2023-05-09,206.42726135253906,206.46462497274254,203.05591425649018,204.7556027246024,1330100
2023-05-10,201.3002166748047,208.95812035860808,199.81533334008873,208.41646184499137,1581100
2023-05-11,202.60765075683594,202.70104555738752,198.04092431076276,199.22696987754765,1115200
2023-05-12,202.8878173828125,204.39138244527155,200.61846911931204,203.93377073059423,650500
2023-05-15,204.2886962890625,205.21325369028534,201.46834092628103,203.19604531491655,597100
2023-05-16,198.57325744628906,203.11196849471492,198.13432751516203,202.73840352670973,914500
2023-05-17,201.44964599609375,203.47618787797344,198.11564808555036,199.59119766430194,978900
2023-05-18,201.92941284179688,203.0112701913901,197.8560297949186,200.41482403598488,828500
2023-05-19,203.839111328125,204.47882065877045,200.09497795349813,204.03667263223525,788200
2023-05-22,205.10911560058594,206.83066795217326,202.5409047470156,203.5286825690114,743800
2023-05-23,203.1805877685547,205.78643602919644,202.26807076671483,203.7073987480658,513900
2023-05-24,198.05357360839844,202.1645941500247,197.62084215902883,202.1175687327841,790500
2023-05-25,198.45809936523438,200.160832887714,196.27558026481375,197.55498454845133,774200
2023-05-26,200.03851318359375,201.00747210469453,198.05355557391204,199.72806794365056,733000
2023-05-30,196.6707000732422,201.22386892065924,194.80804270012135,200.25490984974888,998700
2023-05-31,192.2962646484375,196.13447754318162,191.13914653332597,195.4571450114901,1775700
2023-06-01,194.60107421875,196.33202879119315,191.84470425909376,192.65373955885883,1056700
2023-06-02,204.8927459716797,205.9275491928081,196.61424843003667,197.63024722580644,1513700
2023-06-05,205.32546997070312,205.72999477359372,202.05170576179486,203.8391022135294,897300
2023-06-06,209.6434783935547,211.25213240678056,204.51644458123053,205.5512621692006,1106800
2023-06-07,213.29354858398438,214.61999276990994,208.618079008691,210.15148672807408,1122000
2023-06-08,213.4534454345703,215.20321868036015,212.15523676187135,213.61338352578332,1064900
2023-06-09,213.199462890625,214.11197992191612,211.0639835576993,214.11197992191612,941800
2023-06-12,216.11573791503906,218.08189125534173,211.92945666280923,213.5945669512774,917100
2023-06-13,224.4977264404297,225.18446119387795,217.40456789851618,217.71499882132449,1371700
2023-06-14,220.42433166503906,227.2164615795822,220.01040462356187,225.8053544951955,1649900
2023-06-15,223.13365173339844,224.62942172987587,220.04803219727825,220.11387639387564,1260700
2023-06-16,221.83541870117188,224.24370561082046,220.89468072993276,223.98030012723527,1789400
2023-06-20,219.3142547607422,220.9511296955441,216.03107396971137,218.77802721001555,1297400
2023-06-21,219.42713928222656,220.90410483766263,216.1439584828943,217.31047877468097,1287400
2023-06-22,217.2540283203125,218.59927672248503,215.23143307925105,218.59927672248503,558700
2023-06-23,218.27001953125,218.81564925567585,213.76387678750964,214.69521251007612,1459600
2023-06-26,220.3490447998047,222.11763672954444,218.72157217450354,219.14490137877561,731300
2023-06-27,225.4196319580078,225.61719325136107,219.0790671095262,220.90410110189217,1168800
2023-06-28,224.95867919921875,225.2314868991853,222.3810519497949,224.46949142720288,1033700
2023-06-29,227.6586151123047,231.7508314976619,224.667074911331,225.61721520346862,987200
2023-06-30,230.6313018798828,232.23995561457477,228.28885939335072,229.36130000131897,849900
2023-07-03,233.6793212890625,234.46013557777124,230.132749245469,230.86652376169684,622400
2023-07-05,228.88157653808594,232.2494205694184,228.70283400709675,231.42156646989957,859400
2023-07-06,227.84674072265625,228.43941025608677,225.5513377059975,226.8683795186739,583800
2023-07-07,231.23341369628906,233.4817770434778,226.81194776784747,226.81194776784747,814400
2023-07-10,238.01612854003906,238.4770953515423,231.48741853969398,231.52504174565263,1478800
2023-07-11,241.38397216796875,242.4375941877432,239.1826485818585,239.26731156104964,1153000
2023-07-12,241.79788208007812,244.9023059334008,241.04530317898315,244.26261099656563,803800
2023-07-13,239.4084014892578,242.4657854138249,238.85335519992523,241.7884529544035,834900
2023-07-14,237.2259063720703,240.07634144342802,234.99636184316282,239.12620120448315,529200
2023-07-17,240.00108337402344,240.3773872014873,235.08102746043534,236.98132231418873,748000
2023-07-18,243.79226684570312,244.14975190831248,240.00109354479753,240.42443716295023,611300
2023-07-19,243.51002502441406,244.2814370365152,241.0076586228222,241.67557453132733,645100
2023-07-20,244.5636444091797,244.5918653991332,241.96719849727953,244.2626013769795,685100
2023-07-21,243.41595458984375,245.53261506453802,242.4281911852711,245.29743056734978,2765100
2023-07-24,242.60693359375,245.11868794555676,242.27766955602144,243.71699752982224,962500
2023-07-25,242.53164672851562,243.00201569990006,239.88817540605862,240.6878083992209,628800
2023-07-26,241.03585815429688,243.25598574673822,239.37074810544516,241.2428216340195,653800
2023-07-27,243.23719787597656,244.62950035330982,239.32372462613256,242.11771743798795,802900
2023-07-28,243.41595458984375,245.17513003536467,241.5344786123377,245.17513003536467,783700
2023-07-31,245.34445190429688,245.46675243424872,243.6605516029364,243.9239570870463,542200
2023-08-01,249.2861328125,249.55895484846525,244.87406966073615,245.3162176325241,837400
2023-08-02,246.6802978515625,249.47429061463134,245.70192237892428,248.17606769515893,1186600
2023-08-03,228.26068115234375,233.66052275712298,223.0866218484537,223.0866218484537,2049600
2023-08-04,222.4939422607422,230.0104441513533,221.42150150022968,228.59933713201985,1290500
2023-08-07,223.18072509765625,225.2315273857318,222.0424256139223,222.8514610015404,647200
2023-08-08,224.2061004638672,225.024537971309,218.62751638080962,220.13270299781774,612000
2023-08-09,224.45068359375,226.68024249050637,223.35002181893145,223.68868808460817,679800
2023-08-10,223.161865234375,226.4544481713156,221.68489971249087,224.53533464953765,650300
2023-08-11,224.57296752929688,225.66422701075066,222.0423801137533,222.98311807613993,627000
2023-08-14,223.03961181640625,224.5730196443908,222.61628250599762,223.9050892201046,395300
2023-08-15,218.78744506835938,221.957727556911,218.18535896383963,221.957727556911,822400
2023-08-16,218.571044921875,221.41207745998506,218.4111211979926,218.4111211979926,705700
2023-08-17,219.09788513183594,221.120480543083,218.6275161089213,219.31426521763353,486900
2023-08-18,219.77520751953125,222.55039611013208,216.6613670284201,217.2822575550678,616200
2023-08-21,219.7564239501953,221.07345153668936,218.29827703723998,220.26441620369326,538600
2023-08-22,220.68772888183594,221.59084369790642,219.6905488763876,220.5560261330885,421500
2023-08-23,220.39608764648438,222.63504857991666,219.84105569636327,220.56542794327171,543600
2023-08-24,218.64317321777344,221.88373335669945,218.27363603855034,218.76635709691507,601500
2023-08-25,219.87496948242188,221.19203937839325,216.84286768502753,219.90339430722543,614700
2023-08-28,220.4150848388672,222.4238642932935,219.41070234075593,221.2489183655424,639000
2023-08-29,218.05569458007812,221.39099911666526,212.5694724095687,220.0170796581881,1122000
2023-08-30,219.8560028076172,220.30134431622434,218.01778712667718,218.35889946394647,776100
2023-08-31,217.9704132080078,220.64246232837536,217.55351097013474,220.18765068638567,1087600
2023-09-01,224.22412109375,224.65050788581695,219.60964181003348,219.60964181003348,809300
2023-09-05,219.6759796142578,224.0914855047425,219.63808466753596,224.0914855047425,826600
2023-09-06,223.32398986816406,224.24309776642235,218.86110437980673,219.01271308550338,862300
2023-09-07,220.34872436523438,223.2576421315277,219.06007936117385,221.80791830923474,802300
2023-09-08,222.5469970703125,223.7029881025179,219.52436549224433,220.2350150059017,748200
2023-09-11,221.32467651367188,224.40415760379406,221.1541131196469,224.0440905727863,633200
2023-09-12,223.0491943359375,224.4136437527828,220.5192837331209,220.68984713932744,529600
2023-09-13,221.31521606445312,224.54629153045053,219.40119599341614,222.67965098528006,1366000
2023-09-14,224.6031494140625,225.6075462413779,222.32907667109617,222.812313152971,1195100
2023-09-15,223.02073669433594,224.80210255511628,221.95950484103685,224.80210255511628,1185600
2023-09-18,225.8349151611328,226.0339033676369,222.25324310965942,222.84070869177623,1128400
2023-09-19,222.36697387695312,226.82985939165368,222.14904539760403,225.43698512352307,1211600
2023-09-20,220.58560180664062,226.68771433048795,220.37714346887932,223.49451949743573,884000
2023-09-21,216.80494689941406,219.78019889102598,216.7386271310876,219.78019889102598,639900
2023-09-22,218.67161560058594,220.06448995523655,217.02290334494563,217.1555573569027,575100
2023-09-25,219.36328125,220.5476970768269,217.37347133585146,217.37347133585146,486200
2023-09-26,217.03236389160156,219.63807876935704,216.53964284823869,217.2408222384781,614400
2023-09-27,217.88514709472656,219.60966359315532,216.7860056644007,218.70951039657197,554800
2023-09-28,219.17379760742188,221.56158418046996,216.3501540669252,216.71969126028483,659600
2023-09-29,216.47332763671875,220.8414539748221,215.34576140710877,220.4340073943656,815900
2023-10-02,213.7160186767578,216.35015861468207,213.16644793642936,215.9616667099012,660600
2023-10-03,212.15255737304688,214.5877232558675,211.20502471044603,212.5694740579034,543000
2023-10-04,215.71530151367188,215.96165481478687,210.93972853022888,211.76409182441714,767900
2023-10-05,213.59280395507812,215.46891451625018,211.9251517293919,213.8391572341975,581000
2023-10-06,215.67738342285156,218.36838721514616,212.64528174653503,213.52649465486212,767400
2023-10-09,216.1227264404297,216.8239058315968,213.11904956689983,214.80565658789513,478500
2023-10-10,217.17446899414062,219.2021881794931,215.98058312328075,217.62928059377293,632100
2023-10-11,217.97991943359375,218.46315594755572,215.38367440545034,217.16504066258543,529100
2023-10-12,215.60157775878906,218.49155529913816,213.5264933526379,218.49155529913816,560700
2023-10-13,215.7721405029297,217.5629766686929,213.52649270442376,215.53525733572187,581300
2023-10-16,216.2743377685547,217.54402811067771,215.06149707485486,215.21310577611771,484200
2023-10-17,216.7954864501953,218.18836068740686,212.19994703378967,212.597909036107,562900
2023-10-18,212.1620635986328,215.39315377772002,211.57458345630627,215.39315377772002,592700
2023-10-19,210.0679931640625,213.98130777584728,209.45210270270522,212.218896405171,635000
2023-10-20,207.68968200683594,211.56508704066135,207.45279884645737,211.56508704066135,863600
2023-10-23,204.95132446289062,208.90253405916908,204.88499023441952,207.11169784706877,575700
2023-10-24,207.69915771484375,208.29610792167836,204.81866476877107,206.57159152780113,1049100
2023-10-25,207.1116943359375,210.15326613342964,206.4957894207815,208.07818171506455,660500
2023-10-26,206.65687561035156,208.9404182960449,206.34418810258924,207.05483758617615,634500
2023-10-27,203.9469451904297,207.18750531546377,203.52054390544487,206.21154778328398,638300
2023-10-30,206.23995971679688,206.60949687133783,203.66266975654173,205.65247964322347,643900
2023-10-31,204.95132446289062,205.9936017506529,203.06572919817484,204.61021211495714,1198800
2023-11-01,206.60948181152344,207.24432690468126,203.85215853574553,205.76617839426007,1369400
2023-11-02,206.50526428222656,213.26117657994536,201.63494712851724,212.01042656485552,1612500
2023-11-03,214.0286865234375,215.59210966316806,208.5708890298591,208.6846027831095,1167800
2023-11-06,208.45718383789062,215.3836452239193,208.40033419197425,214.5877212646883,881900
2023-11-07,208.11605834960938,209.29100397101848,205.6809071015066,207.4148790251588,835400
2023-11-08,206.07888793945312,208.50456928883952,205.92727924056615,208.2866408205653,789300
2023-11-09,204.1364288330078,207.87917976959275,203.40682467136153,207.54753757115347,857000
2023-11-10,207.52862548828125,207.7844489190696,203.32157779466786,205.3113878806997,999400
2023-11-13,206.0220489501953,207.68023134364486,205.53881242905743,205.69042114642727,711100
2023-11-14,211.2808380126953,212.96744506694853,208.7793522557421,209.1583740117663,964600
2023-11-15,212.0104217529297,213.27064186079147,211.3850467595787,211.86829764453185,840800
2023-11-16,211.69773864746094,213.63071331096842,211.11974316432006,211.5082350129329,522100
2023-11-17,213.6686248779297,213.8012788782398,212.0104426449524,213.23275347222406,523500
2023-11-20,212.39894104003906,213.82971026286472,211.50825795711634,213.19486506631816,683800
2023-11-21,212.05783081054688,212.75899578723482,210.4754528644562,212.2568045900169,463300
2023-11-22,214.3395538330078,214.79782002677132,210.05296291457458,211.37043816086415,881800
2023-11-24,215.27517700195312,216.038924882282,213.39441798315136,213.87176769213542,283900
2023-11-27,214.2440948486328,214.8551018790741,211.98144737527198,214.20589871497958,448800
2023-11-28,213.61398315429688,215.01739238779888,212.65928378824415,213.73809873350172,584100
2023-11-29,213.80491638183594,216.220304570382,213.298926892065,215.51383637507104,553900
2023-11-30,214.0054168701172,215.76206023600207,213.2321127018503,214.9219201185978,1158200
2023-12-01,216.05801391601562,216.98407347813006,213.38485274396027,214.8550979439911,894300
2023-12-04,220.70741271972656,220.81243024233862,214.4255031336665,214.4255031336665,1026900
2023-12-05,218.3110809326172,220.97470006118832,218.17742361714602,220.2586756066882,903100
2023-12-06,220.19186401367188,222.4449551290113,219.5426754288984,219.97228723559337,839500
2023-12-07,220.27780151367188,221.45209233377818,218.79801444262333,220.53557444583637,1038600
2023-12-08,220.13458251953125,222.7504640380891,219.38991817621118,220.83150898083207,501700
2023-12-11,224.6598358154297,224.77439506448178,219.73358416042558,221.15607672800434,842200
2023-12-12,224.039306640625,224.73623312430243,222.66453717264554,224.63121560751074,515100
2023-12-13,228.50730895996094,228.89872464560332,221.8530529258011,223.886552757373,897700
2023-12-14,237.02322387695312,237.15688121011553,230.11119498363044,230.11119498363044,992100
2023-12-15,230.58851623535156,235.6675234040377,230.2448239113987,232.87024693484125,1784100
2023-12-18,231.3713836669922,232.1255897123682,228.4690896059901,231.43820504358112,731600
2023-12-19,233.44309997558594,233.83451565590994,231.84875373519512,232.11606840019735,571200
2023-12-20,229.63385009765625,234.41688894275464,229.4429131273585,233.0612175158166,610900
2023-12-21,232.94664001464844,233.2616925463815,230.5312518389174,231.6673463894699,457900
2023-12-22,226.2542266845703,228.0299682347348,222.1967540438637,223.15145348873585,940500
2023-12-26,228.6409454345703,229.69110594623658,225.16584049181213,226.6551691004863,521000
2023-12-27,228.97508239746094,229.1660193487711,226.85564873254035,229.1660193487711,572700
2023-12-28,229.68157958984375,230.51216339244678,227.90583815259984,228.33544996196153,508800
2023-12-29,228.71734619140625,230.1302972488366,227.83900990882188,229.50973388760974,410400
2024-01-02,230.25437927246094,231.2090786101543,227.3425579465408,228.4690961725922,611800
2024-01-03,226.95114135742188,228.6027672319478,225.2899591657091,228.32591081710737,788800
2024-01-04,225.1945037841797,227.05616473911408,224.62167830532738,226.5788150292562,693800
2024-01-05,227.37123107910156,228.65052488285858,224.30663934631147,224.51667439678596,613100
2024-01-08,230.24484252929688,230.46441930282467,225.50954186921595,228.20178648491597,562900
2024-01-09,228.56455993652344,228.94643382453472,225.57634650477019,228.60274149830255,601900
2024-01-10,228.38319396972656,229.41427108038113,227.51441401062547,228.81280579061007,503800
2024-01-11,226.79835510253906,229.86294615345292,224.51662444148934,228.84141094729674,714700
2024-01-12,226.40695190429688,229.1278509614871,225.4713505917866,229.10875289499117,520800
2024-01-16,224.134765625,225.42360097905794,222.77909432546244,225.01308725987408,706400
2024-01-17,222.52133178710938,223.26599613324777,219.75269486263394,221.96760440221428,879300
2024-01-18,222.6263427734375,223.55240230424937,219.72404860443248,222.23491254545394,971700
2024-01-19,218.82664489746094,220.55464839389688,216.26804305878687,220.30641723912308,2466200
2024-01-22,223.2851104736328,223.93429910268708,219.10352225011678,219.10352225011678,883000
2024-01-23,225.49998474121094,227.95356907602837,223.43783063816346,224.8412398554411,857900
2024-01-24,225.11810302734375,227.39983382408198,223.86744924640914,227.39983382408198,1148000
2024-01-25,228.02993774414062,229.36651096122128,225.4808777477242,227.6957871560927,588000
2024-01-26,229.7293243408203,231.92512133599624,228.2495373376162,228.2495373376162,647200
2024-01-29,229.94886779785156,230.26392030648708,227.58121767642825,229.30922103215698,511400
2024-01-30,231.80099487304688,232.06830951385606,228.18267633825278,229.1373756461586,593300
2024-01-31,228.45957946777344,231.89648871969757,228.02996763222757,231.77238769813115,614200
2024-02-01,231.96331787109375,232.07787713919802,227.1802790494987,229.27105853018696,529300
2024-02-02,233.5672149658203,234.86560680247015,229.251983933989,230.44535824827904,642300
2024-02-05,230.1875762939453,233.14715030438998,229.11831761187563,232.47884906053946,1178300
2024-02-06,240.1450958251953,240.17375021115632,225.3090726224111,231.26640249878204,2127600
2024-02-07,236.87046813964844,241.43393009512658,236.030328008077,241.43393009512658,1293700
2024-02-08,238.5984649658203,240.00187420608665,236.31673405265875,236.76544392227078,642800
2024-02-09,240.3741912841797,240.50784860497635,237.46235547301498,238.27385571413734,578700
2024-02-12,245.2145233154297,246.00691092235968,240.19279562743262,240.58422584029083,1004900
2024-02-13,242.9709930419922,243.1237484395288,239.53406943520073,242.9709930419922,1012400
2024-02-14,248.6705322265625,250.15986083004702,246.38878687442636,246.7897734069542,4606100
2024-02-15,253.75906372070312,255.11474955381675,248.17409609221423,249.06195945380767,3582300
2024-02-16,254.4083251953125,257.48245865340505,252.3461708443763,253.22447804090808,2031000
2024-02-20,249.97850036621094,254.56107520497793,249.84485759353788,252.05973817373783,1860900
2024-02-21,251.26731872558594,254.22689247245248,249.9021056775684,250.47490196686852,3229600
2024-02-22,252.5836639404297,253.13134552803555,248.91327658380828,252.22816059059923,1743600
2024-02-23,253.6309356689453,253.9576151738301,249.44169106043768,252.64127944693956,2261300
2024-02-26,255.7832489013672,256.35013664033113,251.68050408431384,253.6598169770642,1514100
2024-02-27,258.02197265625,258.4639474043979,255.581449849702,256.4269871573112,4492400
2024-02-28,259.7707214355469,262.52833598679825,256.9843123977271,258.2430009215935,2723000
2024-02-29,258.0892333984375,261.32726392612386,257.1572539157655,260.47210882819263,3833600
2024-03-01,259.6746520996094,262.05749840378496,257.2053050497491,260.3856589068506,1813900
2024-03-04,260.6835021972656,263.3161742576785,259.5689328119815,260.27035119785353,3770000
2024-03-05,260.7218933105469,264.6132530360543,260.03009276798116,260.03009276798116,5777600
2024-03-06,262.7301025390625,264.5268550423525,259.7226914197428,260.741171761953,7133600
2024-03-07,255.7832489013672,266.0737875885048,254.24591081280676,262.3937821565775,11888100
2024-03-08,258.0796203613281,262.48983810304395,256.5038409561235,256.8689620047578,11175400
2024-03-11,259.5689392089844,260.8468630769851,255.02421945887733,260.0109140257063,18342800
2024-03-12,259.20379638671875,261.96141054157107,257.85863662964664,261.6635254631602,12659200
2024-03-13,259.6553955078125,263.46031376079907,256.8593690901129,260.01089888244616,9590600
2024-03-14,253.2562255859375,256.88817137974956,250.66199534594708,253.18898959371052,6333900
2024-03-15,264.0752258300781,264.0752258300781,254.94731621425385,255.3700849001379,4596500
2024-03-18,274.9134216308594,276.6621440180846,264.2289677011982,265.89121867221354,8187100
2024-03-19,270.0035705566406,275.57638774771726,269.08115017508123,274.39455312762857,10413500
2024-03-20,275.8838806152344,276.6909765141615,267.96662904475215,269.7249398741497,10480800
2024-03-21,279.98663330078125,285.4729796191394,276.36430470219557,276.71980809742166,9861200
2024-03-22,278.9681091308594,282.129256318218,278.8336078262278,279.61187981827726,5230700
2024-03-25,276.48919677734375,279.95778836880373,276.0952518949234,279.2948115328139,1553700
2024-03-26,280.3901672363281,280.63996376503854,276.0952444813333,276.66213217819427,1003900
2024-03-27,283.1477966308594,283.6666545099517,280.620801885441,281.7641951681382,887100
2024-03-28,283.10931396484375,285.0502145436121,281.427856949058,283.44561123245757,1107300
2024-04-01,282.9940185546875,283.5417001625197,280.8994105680783,282.76342811866687,604700
2024-04-02,284.2815246582031,285.29041643894305,281.00508211197416,281.5431459994557,1030900
2024-04-03,283.1285400390625,283.2630413482993,279.18912072477144,282.96518560397243,1343900
2024-04-04,283.20538330078125,289.2009688007619,282.9747928807147,285.36725645574904,1255000
2024-04-05,288.8935546875,289.69103285458147,283.27267803631247,284.4737188027079,1002600
2024-04-08,288.5860900878906,292.2853016265951,287.62525744522895,289.8159546976062,932100
2024-04-09,290.2002258300781,290.651818257783,285.3768574517051,289.5084252881106,863600
2024-04-10,290.459716796875,290.9017209559674,285.13672469015614,287.2889805795937,919100
2024-04-11,290.997802734375,292.333374378131,287.625299603467,290.79603606008226,631100
2024-04-12,286.9334411621094,292.03545987133987,285.7612242289325,289.9792640531921,866400
2024-04-15,284.1950988769531,290.00812506575255,283.56094576725525,287.54839566453575,799100
2024-04-16,283.0420227050781,283.80108858430117,280.3517034553114,282.77299078010145,672200
2024-04-17,279.9481506347656,285.16549353465155,277.9208080800781,285.16549353465155,757500
2024-04-18,280.0058288574219,282.47514617514344,278.3531957325587,281.6584619822851,764500
2024-04-19,276.2969970703125,281.9466969787597,273.76041446542115,280.5342720016479,2566900
2024-04-22,279.0257873535156,281.48551651819434,274.8846011016074,276.7005888305119,1027200
2024-04-23,281.2357177734375,283.42641495989534,279.794468852813,279.98661778219235,782600
2024-04-24,280.8897705078125,283.8683571326235,278.9392816989231,281.6007771771544,760700
2024-04-25,280.1883850097656,280.98589250133335,274.69245059695874,276.67176343966054,765000
2024-04-26,279.7367858886719,281.0146802016537,279.22751651835296,279.41007703767616,480200
2024-04-29,282.14849853515625,282.8691230142971,280.0730965165564,280.9090162207942,474200
2024-04-30,271.42559814453125,279.36208498944325,271.3871859516765,278.7951972608473,1212200
2024-05-01,272.75152587890625,278.48769726177295,271.060451241244,271.8099287648022,1247500
2024-05-02,269.3117370605469,273.8084259132403,263.19123901288987,269.03308743831894,1541700
2024-05-03,269.744140625,270.7818562761155,265.00724284101864,270.7818562761155,1058900
2024-05-06,272.48248291015625,275.70127762307874,271.96362515419474,273.08781207173126,726000
2024-05-07,275.6724853515625,277.87280022032667,273.2031385271364,273.7316140515935,701400
2024-05-08,277.7382507324219,277.90160516547655,273.4241220254631,274.1063049163295,756800
2024-05-09,283.0420227050781,283.3399077542158,277.84394472488026,277.84394472488026,702400
2024-05-10,286.9141845703125,287.10636280312315,283.4455932496475,284.81957671517114,755500
2024-05-13,280.0346374511719,288.46112772748666,279.77519391584406,287.10635041478866,931700
2024-05-14,283.6185607910156,284.3872444669888,281.69689558450864,281.7929847092908,832900
2024-05-15,280.6976318359375,285.2423509761967,280.26524546475537,285.1847033696767,831200
2024-05-16,276.5756530761719,282.3886782262963,275.18243416137403,279.3812676783036,1209500
2024-05-17,274.3753662109375,277.48845458002563,271.6466050332219,277.286687935955,1060300
2024-05-20,273.68353271484375,275.7204929748833,273.2799994750979,275.192046815408,641000
2024-05-21,274.7596740722656,275.384209379594,272.3575926423235,273.5202211664593,813500
2024-05-22,275.7685546875,277.58451292733633,274.26965828175884,274.50986641501584,659300
2024-05-23,274.386474609375,276.9283477460947,272.0765791034316,276.5224090134343,1217600
2024-05-24,275.3626708984375,276.4161414646274,273.42969088819535,275.52695768214494,529900
2024-05-28,268.93548583984375,275.4399439133571,268.4425665582806,274.4928026992861,734000
2024-05-29,265.1468505859375,267.2634659459494,264.48964449564204,266.51927929913825,690100
2024-05-30,269.76666259765625,270.1436078252062,265.2821646921497,266.06501917021154,747600
2024-05-31,272.2892150878906,272.3182086056197,265.4077820992337,269.18676121622315,1533200
2024-06-03,265.99737548828125,273.08173411752006,263.5811505199969,272.55017642247094,808000
2024-06-04,263.9580383300781,266.7608825924726,262.4599908063271,264.9148833727639,726600
2024-06-05,269.467041015625,270.2498954586342,264.7022529872033,264.7892335369898,1071900
2024-06-06,265.0308532714844,269.3800576855045,264.33497938544394,268.8968127506134,773400
2024-06-07,262.7596130371094,265.68807635064195,261.47419440559605,263.8517513792235,770400
2024-06-10,264.01605224609375,266.01666387206495,261.8897627221989,261.8897627221989,795300
2024-06-11,262.5953063964844,264.0063733315508,260.54632312037955,263.0592026518872,665400
2024-06-12,263.07861328125,266.04571542995353,260.64303938708474,265.2532159753623,707000
2024-06-13,261.3195495605469,263.8904162898122,258.50706035103025,261.851107219127,743200
2024-06-14,257.5502624511719,258.85500033816754,252.74680603417102,258.4394167223847,897800
2024-06-17,260.86529541015625,261.61915636091805,256.95099357375614,257.2022903889872,708200
2024-06-18,264.6152648925781,264.96318708180416,259.985770241957,261.86076291482055,943800
2024-06-20,268.98382568359375,274.36718198518895,266.66425561583964,270.3948928047797,2121200
2024-06-21,267.6596984863281,270.4818323002505,266.42259267167805,268.8968043009782,3366200
2024-06-24,274.4444580078125,276.70604078713956,269.09012531010194,271.0327499119358,899700
2024-06-25,273.6325988769531,274.44444680344446,270.5205004112716,273.2943215338494,858800
2024-06-26,272.2312316894531,274.4058340329803,269.9986128147612,272.9850926554119,746100
2024-06-27,271.0907897949219,274.1062340885593,270.58822557762767,272.26026401381466,970700
2024-06-28,267.6500244140625,275.1499950136881,263.6101039601113,271.9702351803004,1643800
2024-07-01,263.16552734375,270.06624947845006,261.50316363566867,269.65066592516206,664500
2024-07-02,258.5843505859375,262.25702975573734,257.8691575269722,260.85560765891785,843300
2024-07-03,262.9625244140625,263.26216337897307,258.0720885231323,259.0095847825754,504700
2024-07-05,257.6952209472656,262.8852672768885,256.5161020245352,262.8852672768885,772300
2024-07-08,260.58502197265625,261.242228075945,259.0289872726696,259.12561267408665,695000
2024-07-09,259.6764831542969,263.0302040791766,258.55535140041087,260.2467086205534,839800
2024-07-10,264.9052429199219,265.04056567869543,259.8504895567267,261.46454084887284,699800
2024-07-11,270.6558532714844,272.260230124408,265.79441001329104,265.8910354121361,858000
2024-07-12,275.31427001953125,277.68218182534446,272.8690520075568,273.1976844947939,716800
2024-07-15,279.2479248046875,282.46635274735695,274.88907533300073,276.3291358718018,628000
2024-07-16,289.3960876464844,289.80202641587454,279.2866107137813,280.2434263556484,909700
2024-07-17,285.211181640625,291.8606370175656,285.1725137851967,288.2749381736191,827600
2024-07-18,288.23626708984375,292.7207644776547,283.7324210290495,283.7324210290495,661800
2024-07-19,281.3935546875,288.9805070079325,280.29177143627345,288.97083266965376,1763800
2024-07-22,282.4566650390625,283.44247409014287,277.78853193594665,282.33101663653724,801400
2024-07-23,274.14483642578125,279.72150166324064,270.68481578633634,278.7453374892807,959300
2024-07-24,272.1345520019531,275.1789891065116,268.7324888799679,272.4534806721746,620100
2024-07-25,273.68096923828125,278.68738004779584,271.98961184358586,272.3472084021323,590300
2024-07-26,280.64935302734375,283.2588581640232,275.6139487069404,276.29047396685036,545000
2024-07-29,281.44183349609375,284.05133818438793,279.32521853512975,280.2820339713449,678600
2024-07-30,279.354248046875,284.31234593695365,279.14161908976865,281.4418697634834,629400
2024-07-31,282.021728515625,285.8103817333848,280.1660845070759,281.72211901950584,802200
2024-08-01,295.8328857421875,312.0119169995973,292.682119274642,294.7794153055691,1851700
2024-08-02,280.6299743652344,293.5326195629507,278.49404008821944,293.5326195629507,1186100
2024-08-05,273.1783447265625,277.26660732827156,268.87748267724817,277.26660732827156,1253200
2024-08-06,282.5146179199219,287.27940533321305,272.7337463186671,275.4495801705794,1326300
2024-08-07,282.20538330078125,288.94181924681004,281.90577378411587,285.9747175980614,847000
2024-08-08,287.2794494628906,289.0577873458456,283.59712529034334,283.916083475643,576400
2024-08-09,284.1190185546875,288.99978043342844,283.6647671515131,287.4147524381562,597200
2024-08-12,281.1905822753906,286.129331654531,280.156430972678,286.129331654531,767700
2024-08-13,281.9637451171875,283.490815628308,279.36388500838325,282.9205901446387,804200
2024-08-14,282.20538330078125,283.34586382656397,279.58620386689626,281.03593875202495,949000
2024-08-15,289.753662109375,291.35803889321704,284.92121257789825,286.60292507140537,700000
2024-08-16,291.54168701171875,292.61450619171876,288.55523661080207,289.2607848912513,578200
2024-08-19,291.2227478027344,292.5468342649864,289.5990518269041,291.5416764964065,450200
2024-08-20,290.2465515136719,292.29550518485104,289.7343130958771,290.9134318399424,531100
2024-08-21,293.4843444824219,294.92440508291946,289.78267142237667,291.3000677367548,525300
2024-08-22,295.5815734863281,296.1614732867574,292.5661299180107,293.4843070599345,597100
2024-08-23,300.7346496582031,301.6291565220433,296.1746734135127,296.8066468003483,676400
2024-08-26,301.5513610839844,303.48621028000633,299.29567390000693,301.9791648489285,537900
2024-08-27,297.87615966796875,301.39579364228194,297.52615458989595,300.7346531582519,425000
2024-08-28,297.58447265625,300.9193716571702,296.7385974252036,297.14693666084486,697500
2024-08-29,300.7346496582031,304.66265251605796,298.00255681285626,300.4332465095353,489400
2024-08-30,304.17657470703125,304.85715015373603,299.0721253349462,301.55141744706884,878000
2024-09-03,295.8830261230469,303.3695331831633,293.1995349889518,301.8625173195997,593900
2024-09-04,293.36480712890625,298.31368771612694,293.3550748753847,295.571862658463,635900
2024-09-05,288.4256591796875,293.77317698898105,285.23659520027815,292.6064636334944,781500
2024-09-06,285.0810241699219,291.7702874810145,283.7879102065397,288.97986024042086,608800
2024-09-09,288.58123779296875,290.623023331563,284.0212609696615,286.2283464840672,596300
2024-09-10,287.0353088378906,289.0187600956048,284.85742019193464,288.70762466860896,528300
2024-09-11,285.22686767578125,286.99641708318177,277.0986547131851,286.99641708318177,881300
2024-09-12,289.009033203125,289.456271843037,283.40871409932737,285.9852691670242,557300
2024-09-13,293.7537841796875,295.28996736922585,289.78688105755543,289.9813481470468,472900
2024-09-16,292.7231140136719,297.4483606724604,292.65504757912,295.37740824613735,858300
2024-09-17,293.2287292480469,297.58453661728896,290.817473971438,293.86070274385065,739000
2024-09-18,292.31475830078125,297.9248095195046,291.682784867869,294.3954430751622,567400
2024-09-19,300.5693664550781,301.16244047325245,294.0259393911415,297.36083839047535,618800
2024-09-20,299.6943359375,300.4041080783839,297.0789112006432,298.60539159694406,991500
2024-09-23,304.7890930175781,305.29466585891333,299.84021170802583,300.092983292939,566600
2024-09-24,314.589599609375,319.00374066867414,307.4433655424993,307.4433655424993,1043900
2024-09-25,308.6976623535156,316.495306009016,308.49349268013975,315.84389763678917,705700
2024-09-26,315.6202392578125,324.1859886852324,313.3159498203842,313.36455175314893,991200
2024-09-27,317.3508605957031,319.5676485500451,315.68827704782336,315.8049454130771,553600
2024-09-30,314.813232421875,316.8841849050785,312.42141226497444,316.32998050251564,565900
2024-10-01,317.2342529296875,318.24542840787535,312.92707681640064,314.5313264886088,803000
2024-10-02,316.0382995605469,318.4203876112805,314.1715462705958,316.0382995605469,383100
2024-10-03,318.2745666503906,318.644036291897,313.102051012321,314.92020245409304,541900
2024-10-04,322.54278564453125,322.6886507613422,316.99109876883625,318.42034547584757,691500
2024-10-07,322.5136413574219,324.23458874822273,320.04408185162265,321.5316628419296,408800
2024-10-08,320.47186279296875,322.7956165641729,315.4063133832217,320.85106465715984,609500
2024-10-09,323.8164978027344,325.7027155458061,320.7927337983147,322.3094819277837,405700
2024-10-10,323.6220703125,324.4971127721907,320.93857907604047,324.4971127721907,446400
2024-10-11,326.7527770996094,328.2403580773786,323.79704998082053,324.4776549966392,412700
2024-10-14,328.9890441894531,329.38768093283466,324.3610006698642,325.95554764339033,442700
2024-10-15,323.4567565917969,330.35992178533246,323.0289527991942,328.03619768922476,545600
2024-10-16,324.61376953125,325.7124461118446,322.0566790128412,324.41933214244597,717500
2024-10-17,323.7581787109375,325.71246298372273,322.79563495700285,325.71246298372273,474200
2024-10-18,326.20831298828125,331.3710959012882,323.84565988299266,325.71244275964546,1534600
2024-10-21,324.3804626464844,327.6570281808512,323.85542527253375,325.8583115577226,465400
2024-10-22,321.5316467285156,323.63173652716887,317.4091768034613,322.4941903588571,571100
2024-10-23,320.8218688964844,323.8845319420462,319.6648582414825,320.9871688492724,389000
2024-10-24,323.2623291015625,324.02070318048493,320.277434716358,322.9317588283407,476900
2024-10-25,320.0440673828125,325.45962153327145,319.1592927633933,325.0901519480738,604400
2024-10-28,325.38189697265625,326.25693945785736,320.4621826767269,322.54283793391573,588600
2024-10-29,321.9595031738281,324.7596332540561,320.84136198698775,324.672131970753,337200
2024-10-30,322.6400451660156,324.72072992507873,318.8579071792565,320.30658883855284,514900
2024-10-31,319.859375,321.82336187410465,318.2550958335107,320.86081811141855,642400
2024-11-01,319.4023742675781,322.31920204852264,319.1593052858328,319.70377743122185,387600
2024-11-04,316.592529296875,321.2205728868723,315.7369216074794,320.6858032452446,690300
2024-11-05,344.6329345703125,346.80112068121156,316.64113055020846,318.9065205216211,1346300
2024-11-06,346.13995361328125,359.94625362864485,343.1064575443142,355.10433862298817,1155600
2024-11-07,344.8857421875,350.2429924156753,344.39960418992354,347.1122625244226,631500
2024-11-08,346.5775146484375,347.19978556666484,341.8619698420633,342.1828375566213,735600
2024-11-11,348.492919921875,350.1944031189436,347.1025722020047,350.1944031189436,529300
2024-11-12,345.23577880859375,349.71798698446577,344.8566065650665,348.84294444327617,474800
2024-11-13,356.18359375,356.90306851020745,349.40682870100403,350.0679692737087,960500
2024-11-14,353.64593505859375,356.8252666711694,351.56525032396456,355.084884446686,625700
2024-11-15,351.81805419921875,355.20155547465237,350.3013061092298,352.85839657433496,536100
2024-11-18,353.92791748046875,355.7169018541177,351.6333602419333,351.9930976334401,476100
2024-11-19,351.8277587890625,354.81265305775736,348.19145625405093,349.55263664110015,419000
2024-11-20,350.94305419921875,352.994542434571,347.81232411277506,351.64309414623443,488800
2024-11-21,358.6336975097656,360.36437720874557,350.05824606549714,352.15836570639175,514000
2024-11-22,364.0859069824219,364.7991985812284,357.1485117925415,358.4969105257897,410000
2024-11-25,366.6752014160156,368.99094648604614,365.32683252658967,366.4113959456436,736900
2024-11-26,368.7466735839844,369.0397907743692,364.945751709725,367.06606544896124,401000
2024-11-27,362.5323181152344,370.96467044740484,361.6529367319082,368.63917469199333,550000
2024-11-29,366.45050048828125,368.9029939041985,363.78301470147187,363.9100420939823,362900
2024-12-02,368.6587219238281,370.1341480788729,364.8089569850002,368.92255722333977,563000
2024-12-03,367.1344299316406,370.8571672448628,363.16741835997266,369.72376092607345,465400
2024-12-04,369.6651611328125,370.2025824702974,366.46028359125233,368.9030265289854,511500
2024-12-05,369.8996887207031,373.1827209514754,366.6752501169379,368.18976864584937,787600
2024-12-06,370.9060363769531,374.0913523994045,370.6617621208854,371.67795137534483,752300
2024-12-09,374.63861083984375,379.0159870868415,373.9448503782453,375.06850616241167,1022100
2024-12-10,369.0691223144531,372.7918599254508,366.4895716259874,371.18943616756184,641300
2024-12-11,361.6724548339844,371.6779485634954,360.23612102642704,371.6779485634954,1329600
2024-12-12,362.0828857421875,364.35950890421356,359.698766391618,361.72136457994037,537500
2024-12-13,359.09295654296875,361.48682649198844,357.4514107903812,359.7866871188702,675000
2024-12-16,358.5653381347656,359.4545001091034,354.78397697947145,357.2560315473148,677000
2024-12-17,352.9568176269531,357.67618378668317,352.2239947573986,356.6404631832039,623300
2024-12-18,342.6581726074219,355.39952670272334,342.2477787193267,353.9436317970888,643400
2024-12-19,341.69085693359375,350.0157132262005,341.35861768975644,346.8792399841412,667200
2024-12-20,343.3323974609375,347.6413994220152,338.33941557512816,340.33270208783796,2167500
2024-12-23,343.0881042480469,343.9283934282528,339.80504253655477,341.92535633133474,466900
2024-12-24,345.74578857421875,345.82394321609047,342.09142542072567,342.2380138295168,182500
2024-12-26,346.0389404296875,346.5861124335239,343.6255093411585,343.8990953430767,299100
2024-12-27,343.1076354980469,346.8792457525417,341.3879649047989,344.2508522079103,240300
2024-12-30,340.4303894042969,342.51161090789105,337.8508388593813,340.6355714371674,409300
2024-12-31,340.6160583496094,343.2932948877869,339.453310403765,341.8569609440166,318000
2025-01-02,339.68780517578125,344.3290164598677,339.23834885327767,342.6484082337267,529600
2025-01-03,346.234375,346.62520788942464,338.07560797671863,340.4597273664385,623400
2025-01-06,349.83984375,352.5757036221271,347.4166322785187,347.87586909476533,587000
2025-01-07,351.7353820800781,354.19765573836503,349.8691232674689,350.10361700102953,568100
2025-01-08,351.51068115234375,352.1457883025817,346.7033503079752,350.8657934891579,437800
2025-01-10,346.7522277832031,349.7616737671439,345.85328532020725,348.8334494021789,688500
2025-01-13,352.8004455566406,353.02515879839007,343.86001334671306,344.9347962667791,595800
2025-01-14,355.9076232910156,357.9106604445396,353.32807260061384,356.28870547790393,582900
2025-01-15,352.5366516113281,361.3891497016168,352.32168903837595,359.88444150959134,753300
2025-01-16,357.94000244140625,359.7476382164764,353.2694790405218,353.2890400683578,577500
2025-01-17,357.94976806640625,361.7213785891545,356.161693393547,360.7442814344767,816200
2025-01-21,358.7607727050781,361.2132662682003,357.26581526240994,359.49359556557505,1038900
2025-01-22,357.6175231933594,360.23613615207313,355.4776782510558,358.6727748956974,1061700
2025-01-23,360.4609069824219,361.0178595048119,355.93694248478187,357.4807428350173,1046600
2025-01-24,359.200439453125,365.7372215890629,358.0474720048855,361.7213667279677,614800
2025-01-27,340.85052490234375,351.7549313525077,337.1277875976872,351.7549313525077,1397000
2025-01-28,342.2478332519531,343.9382221809052,337.4209705892639,339.8441824347946,876200
2025-01-29,345.9118957519531,349.8593762841161,343.3812179059749,343.5180258094184,861100
2025-01-30,351.4422607421875,354.73507303865046,348.70640092221004,348.8822712352152,916000
2025-01-31,348.0908508300781,353.41604208953027,347.89541947759557,352.2435136119106,671300
2025-02-03,340.2349548339844,344.1335923333123,336.22885097229016,340.6062564833142,1270400
2025-02-04,355.1845703125,360.1579908885428,351.67679536149035,352.73204709131414,2020800
2025-02-05,361.43798828125,362.53233225149535,353.70914671809606,357.16807876726483,1232600
2025-02-06,360.6954040527344,365.35617650461234,357.68595797518174,363.8318775297457,750200
2025-02-07,363.34332275390625,364.975088073595,360.8810487325021,362.32716321286586,907500
2025-02-10,365.3365783691406,368.2385577792399,360.8223948020162,365.4342940371557,925300
2025-02-11,364.01751708984375,364.7796516443362,360.5488342702543,363.91005072048694,580100
2025-02-12,356.20074462890625,360.1677565668793,355.45817109133543,357.6468591071446,634000
2025-02-13,360.86151123046875,362.2294412185002,354.5787839799348,355.85877880644676,521100
2025-02-14,365.2193298339844,365.3072649892074,360.42177979702575,362.22941528186004,802000
2025-02-18,370.44683837890625,370.97447917648896,363.29448025571986,366.1085247513104,838800
2025-02-19,377.2278747558594,378.56649297710993,370.5738460631732,370.7106241479294,943900
2025-02-20,375.58636474609375,377.9118307726887,372.1469639052925,376.4461851376573,641000
2025-02-21,360.2220764160156,376.32269681939164,359.12249627585004,376.32269681939164,802300
2025-02-24,353.8898010253906,361.9892013876191,353.6639887749685,360.9976288468243,850200
2025-02-25,354.45916748046875,357.2571478846273,349.20685351745146,355.04822071721145,1186900
2025-02-26,360.02569580078125,365.0816789208176,357.6891368154748,362.03826200685114,533900
2025-02-27,357.5124206542969,366.35795659738267,357.3258866250947,360.7030933131333,861800
2025-02-28,361.45904541015625,364.32575540844545,356.3343327809811,356.93321310617785,1139800
2025-03-03,349.4718933105469,366.1517372136106,348.49997500175806,365.53323284965757,625900
2025-03-04,340.9798278808594,346.28124717877535,335.18753587090504,343.69925191977467,856200
2025-03-05,340.9798278808594,343.02184518032226,334.32359510403865,340.93072263335995,1311500
2025-03-06,338.564697265625,344.9264181119202,336.17906318344853,338.35853912482355,850400
2025-03-07,335.88458251953125,338.839645972247,327.13722678462517,335.6882214412899,1399100
2025-03-10,328.1385803222656,333.74436825447117,324.70247134463375,331.4372605202484,1367300
2025-03-11,323.3869323730469,328.95344203571926,320.84421535395944,326.9212218445458,1606300
2025-03-12,324.6730041503906,333.0374939091063,322.68006224018086,329.7584679561769,1194100
2025-03-13,307.2077941894531,324.4668657252952,306.73654559566313,312.7349958124527,1573200
2025-03-14,315.8275146484375,316.4852673041489,309.24980832836724,311.79252537936355,927600
2025-03-17,320.1962890625,322.228509439476,314.3058160582762,314.3058160582762,709800
2025-03-18,316.6619873046875,318.4291471154901,312.3423132568821,314.60034579949195,1016200
2025-03-19,321.1878356933594,324.4374106416866,316.1711010100357,316.2300033384863,768100
2025-03-20,319.4599609375,322.12048269723806,316.1024083026558,318.0855233103564,885900
2025-03-21,316.22021484375,316.94669688802895,312.27357896743956,316.308568338825,1244200
2025-03-24,325.0362548828125,325.4289770124547,319.4010458562532,319.4010458562532,775700
2025-03-25,324.8301086425781,327.2844722403375,321.8259699957601,326.5579902027585,669900
2025-03-26,322.0321350097656,327.3728327091103,320.6478703158791,325.49769528521415,562200
2025-03-27,317.5357666015625,321.6001773880696,313.88367214676884,319.9017768494727,843200
2025-03-28,308.2876892089844,317.76155657891184,306.4125518420228,316.3674648853958,727800
2025-03-31,307.71832275390625,309.4462044821163,298.9807934882914,303.97787466401667,1239200
2025-04-01,309.6031799316406,311.1347301459997,301.28782609658776,308.25819367950334,774700
2025-04-02,314.14874267578125,315.3759245887439,304.45891908470736,305.07742356251987,611000
2025-04-03,289.9585266113281,302.485578264945,288.92767590555775,302.485578264945,1594600
2025-04-04,272.5521545410156,281.35841202223986,268.01649556361775,280.1705084711338,1466000
2025-04-07,270.6377868652344,281.4860623232427,255.27344629317187,261.8806040912616,1903500
2025-04-08,262.2438049316406,279.20836285291824,257.2172736898531,276.70492427257534,1235600
2025-04-09,291.1365966796875,294.1112841484456,257.6983495702315,259.5047575748427,1426800
2025-04-10,276.6067810058594,284.5392710726738,268.88044909495585,281.73149346195646,1089500
2025-04-11,280.6614074707031,281.53514538355915,267.59437730272117,272.46382657881003,722700
2025-04-14,283.3022766113281,285.49154967353473,279.7974383509404,285.18721099708006,650600
2025-04-15,282.1143493652344,286.8365723966616,280.5141294982702,282.63470319963994,594000
2025-04-16,275.4385070800781,281.86892793403916,273.0528727749134,278.31501412098015,575400
2025-04-17,276.6656494140625,280.1213821944278,275.6740770421026,277.7946505529483,624100
2025-04-21,269.20440673828125,272.99395968833335,264.3251307388613,272.4932599302492,1086800
2025-04-22,274.0149230957031,274.8886908154014,268.9687677080464,272.75829027896657,1225500
2025-04-23,278.4917297363281,290.4690055942604,278.1481128555429,284.3723750724971,852700
2025-04-24,288.5938720703125,289.69342213482656,277.60813854563594,279.3752982583126,711200
2025-04-25,287.90667724609375,290.94026705963734,285.903908160082,288.40734704722684,576400
2025-04-28,288.8491516113281,292.2558095697669,287.2685258348596,287.7004962358514,845100
2025-04-29,287.8084716796875,288.4858783710357,283.4396928685855,285.805702767854,1148800
2025-04-30,288.47607421875,289.1534809638458,279.0415149958095,284.1367761860559,783200
2025-05-01,289.4971008300781,295.11268595866676,289.0258522319787,291.0187942815035,584100
2025-05-02,294.3763732910156,298.0971968610872,292.83502577480346,295.8784426010746,1327500
2025-05-05,296.7816467285156,302.9961123970689,285.42287429073053,285.42287429073053,1745000
2025-05-06,292.8939514160156,297.88123537716467,291.9416570743333,294.523652555415,694600
2025-05-07,292.501220703125,295.5053591669195,291.1758584489824,293.9149364461449,828300
2025-05-08,300.8166198730469,303.8992849342755,295.4366441474755,296.2515096297363,790000
2025-05-09,301.1111145019531,302.70153721009467,299.55996999760885,301.4841825367994,512900
2025-05-12,324.5552062988281,325.2718912224275,315.6311442601077,317.24122108775833,1416700
2025-05-13,328.47235107421875,330.08242785402655,321.4528777058161,324.7908059550749,965400
2025-05-14,326.75433349609375,328.2760569597322,324.8301207526514,327.3237626498791,940200
2025-05-15,326.0474548339844,327.15683194470563,323.17094796349863,323.5930913007046,652300
2025-05-16,328.3742370605469,328.9240121293671,324.25089408390113,326.4990996091981,783000
2025-05-19,330.5046081542969,330.9758567680572,322.17942570132436,325.2424667895308,692100
2025-05-20,325.4977111816406,330.46534105510455,324.2607322147413,329.08110625410956,836000
2025-05-21,317.3099365234375,324.12325230071656,317.0154248744746,322.60155884691943,487200
2025-05-22,315.9158630371094,317.91860209665685,313.41239427193676,315.4740656195812,714700
2025-05-23,313.2106018066406,314.57309144016847,307.0891458052522,310.9298726812673,507800
2025-05-27,322.1261901855469,323.6664220717947,316.25156655274145,323.2616132883576,731000
2025-05-28,318.94696044921875,323.5775386550694,318.85810440147696,323.4195623043369,449400
2025-05-29,320.743896484375,321.4054206092247,317.6831986660087,321.26721012593225,584500
2025-05-30,317.40673828125,322.2742660947809,316.77483285923165,320.9512480147026,1489400
2025-06-02,313.220458984375,317.3771386439459,310.13011225572467,317.3771386439459,809100
2025-06-03,320.3588562011719,321.72137595383504,312.3121254929351,313.77335410693667,875800
2025-06-04,318.7396240234375,322.8074475727166,318.67053384604776,321.31657012952314,533200
2025-06-05,319.02593994140625,321.3165518764906,317.1599026396816,319.67758110212384,550900
2025-06-06,322.4322509765625,323.37019606535563,320.17125764179593,322.6593175122413,523700
2025-06-09,321.55352783203125,324.40692511338176,320.9315053032435,324.1008553184086,546900
2025-06-10,322.846923828125,324.21932655214243,320.20088750561337,323.5578024060591,367800
2025-06-11,319.4801025390625,323.7552566316047,318.61127779061337,323.7552566316047,543600
2025-06-12,320.62542724609375,320.62542724609375,315.204997002184,317.3475156426968,503200
2025-06-13,315.4814453125,320.52671554729824,313.9313305136142,317.66343542622917,554100
2025-06-16,318.2261962890625,321.22768666560864,316.53787113452745,318.31505233604776,547300
2025-06-17,310.8114013671875,316.0047656297496,310.3078836705544,315.6493413733028,619200
2025-06-18,310.99896240234375,315.2444980522103,309.84380356438726,310.2091107205087,701800
2025-06-20,310.2782287597656,313.89185893301135,310.0116304676403,313.2500705489394,1222200
2025-06-23,312.3318176269531,312.66750604899653,303.9987540440457,310.1103262006523,587600
2025-06-24,319.7467041015625,320.53655574677595,313.7437231266685,315.9652147761038,669100
2025-06-25,314.7113342285156,320.8821447035846,313.71412161385314,319.9540523976613,742800
2025-06-26,320.09228515625,321.07961480802015,315.3234660648906,316.992055586855,1004000
2025-06-27,321.593017578125,324.5945081766783,319.9244280447547,321.0203796337842,911100
2025-06-30,323.3504333496094,324.9696683031116,318.36443108619966,321.40539289643806,878900
2025-07-01,325.443603515625,328.701809530312,320.8821452259738,322.3434039959768,912000
2025-07-02,329.2152099609375,329.68913905309955,323.84413410674307,326.90486213210477,755700
2025-07-03,327.6255798339844,331.68352030574107,326.25320730811063,330.8936686493586,549600
2025-07-07,323.696044921875,328.4944527528705,321.12898170146127,326.44082025508607,747200
2025-07-08,326.55926513671875,328.40556666741566,323.87372742000287,325.35472181971585,891200
2025-07-09,330.36053466796875,331.19977096715036,325.24617388275755,328.89927581608885,987900
2025-07-10,335.7217102050781,339.9375970955677,330.45925626326414,331.6045321779541,985500
2025-07-11,334.52703857421875,336.73864734389684,330.45924524531387,333.97413638179927,632100
2025-07-14,335.9092712402344,336.2745783642452,331.2293386683634,332.9077808774548,653900
2025-07-15,337.60748291015625,338.62443118411124,335.4353457566078,337.54824554514204,1177800
2025-07-16,341.1914978027344,343.2747488001683,336.0869905026724,338.0814155825415,977300
2025-07-17,343.7585754394531,344.75575789096274,339.81910967052653,340.3029216851478,1130600
2025-07-18,345.9602966308594,346.2663664059565,341.4087214953825,344.6471614794016,915600
2025-07-21,340.2535400390625,349.8701212129582,340.16468398604263,347.707896994322,1087400
2025-07-22,352.7234802246094,353.71080977037457,339.6610994870097,340.62869328898597,1453400
2025-07-23,357.39361572265625,358.89434601982015,353.61212609761026,355.19185964409985,1099100
2025-07-24,360.6418762207031,361.7773293782621,351.5386960005863,355.4386600170254,1124600
2025-07-25,364.8380126953125,365.30205879951217,358.22292263969814,362.685641459198,697900
2025-07-28,366.00311279296875,366.75346283689555,361.43177169894795,364.9762815217572,805900
2025-07-29,361.6983642578125,366.24008697400467,357.82804864746254,366.0031374842437,1027000
2025-07-30,360.8689880371094,365.6673956860657,358.7857369328919,362.804145719614,916600
2025-07-31,362.9621276855469,365.8155248885605,360.27658978367356,360.27658978367356,762700
2025-08-01,351.33135986328125,356.90976605510855,350.1860539160873,356.06067706529177,882000
2025-08-04,357.0085144042969,357.74901162079897,352.39770194285256,353.4738876151266,949500
2025-08-05,368.5010681152344,382.95555899380787,359.5262449202181,370.2486308055085,1898900
2025-08-06,376.843994140625,377.6931133540247,367.286649838609,371.1372296575089,1392900
2025-08-07,379.7368469238281,382.61986279511274,374.6027507588271,381.0500122478912,1275200
2025-08-08,382.12615966796875,386.5987613843551,379.0358133139819,381.0006196339102,932800
2025-08-11,383.38995361328125,387.9514115330064,381.40541148031974,387.033202238705,839800
2025-08-12,394.0037536621094,394.0333723453163,383.4393147316408,384.8216002970544,774600
2025-08-13,401.64569091796875,403.20568864352293,390.81468341581854,394.33945750958713,983600
2025-08-14,399.6710205078125,401.64567975959204,393.60883227292203,401.64567975959204,1184200
2025-08-15,394.35919189453125,399.94745077086304,392.4733887915745,399.81912323614347,701300
2025-08-18,396.857177734375,397.4495514388496,392.21671617658603,393.14480848814384,485800
2025-08-19,397.1138610839844,402.6922677347412,395.5835121364804,398.2986687491498,618200
2025-08-20,391.3280944824219,397.96295062502656,390.982523094919,395.42550631190664,847800
2025-08-21,389.2053527832031,391.7032955456203,386.42107599100115,389.0078748045427,736500
2025-08-22,399.22821044921875,402.7709588424201,391.2992280988195,392.23205311469707,775200
2025-08-25,393.0755615234375,400.3297431715142,392.7480642982323,398.1366262344248,495600
2025-08-26,395.41754150390625,396.23128764432477,392.0038052761333,392.6389330787704,973500
2025-08-27,398.3350830078125,399.7541568988669,393.47250327394926,393.47250327394926,533000
2025-08-28,398.85113525390625,400.31981526583274,396.9953882832113,399.85340276039557,453700
2025-08-29,395.397705078125,398.6625926907608,392.2717630290126,396.00303287317877,593500
2025-09-02,392.21221923828125,392.867183420721,388.68930720930507,389.8702233479306,636100
2025-09-03,389.1358642578125,395.04041437693803,386.545777377651,391.7160178027306,680500
2025-09-04,397.8686828613281,398.5038106637814,387.67711057560433,389.44351813490687,882600
2025-09-05,396.79693603515625,402.1954011291269,394.1175398749617,400.47859970808486,864200
2025-09-08,394.3656311035156,397.2534153218018,391.25952549222825,396.4893055885778,608000
2025-09-09,391.765625,393.65111134341663,387.1312698276713,393.65111134341663,514200
2025-09-10,402.175537109375,402.75112546026236,392.8373838298279,393.1251780052716,846300
2025-09-11,407.8915710449219,410.5014944731197,399.7938732531427,401.9076144412895,875500
2025-09-12,407.1373291015625,410.6106044812247,405.70832195116543,405.87703722338307,935900
2025-09-15,411.0373840332031,412.12896074498303,405.9961554626698,408.5663758586316,881000
2025-09-16,412.2679138183594,413.7366241933257,407.0778365366592,411.831271011871,809600
2025-09-17,408.63580322265625,417.53731292345844,404.84496402241325,414.1136436983201,1047800
2025-09-18,423.13427734375,425.6846308734045,408.1892413957537,410.11443078314204,1280100
2025-09-19,420.4052734375,423.8686155393886,417.408313535411,423.17394833815456,1594100
2025-09-22,421.60601806640625,423.6899893468554,416.2075533502871,419.91898648590984,749300
2025-09-23,420.9212951660156,429.19761077785074,419.77014880700773,423.73960647894165,818800
2025-09-24,414.78851318359375,423.3129203695697,414.0640762161124,420.70299696095225,1021700
2025-09-25,410.8785705566406,412.50603244804375,407.0877312259033,410.3724550143133,848500
2025-09-26,414.8480224609375,417.7854126067146,412.8335239393231,414.2724341493002,704600
2025-09-29,416.2274169921875,417.82513951616266,412.0297347205809,417.63658784654024,878200
2025-09-30,419.1449890136719,419.88926238866156,413.45875981086965,416.4656230344456,972800
2025-10-01,421.40753173828125,424.71212211305334,415.4533454041916,416.7235706107484,694000
2025-10-02,429.2869567871094,429.6938298675516,418.70834754929433,422.12208386292383,912600
2025-10-03,429.4953308105469,434.31823788618095,425.8930732208911,429.21746997012974,931500
2025-10-06,435.5289001464844,437.1464589916049,428.49304006461847,431.54950914354805,853000
2025-10-07,430.8548889160156,435.95562646867967,427.50069221131355,434.179285613879,822300
2025-10-08,433.01824951171875,434.0602201081673,428.80070044632873,431.579308893232,468800
2025-10-09,423.4319763183594,433.25637800844515,420.2663313993399,431.33118861303655,595300
2025-10-10,409.9259033203125,427.1632996611847,409.60836970511093,425.6052801697531,684500
2025-10-13,405.8770751953125,416.7930845526437,405.1328018300399,416.7930845526437,1080800
2025-10-14,413.4686584472656,418.06331087866926,397.6602993995839,400.02213172986086,883000
2025-10-15,420.1571960449219,422.4296888144364,413.0915357719579,418.25184298921664,863700
2025-10-16,419.44268798828125,422.8365573879026,414.58007804163555,421.3877137962041,821000
2025-10-17,408.6854248046875,419.46251812857685,402.7213352479782,415.2052662970872,1741800
2025-10-20,410.84881591796875,413.85567899215323,408.4969170153816,412.1884836987419,799700
2025-10-21,414.778564453125,418.36098552986454,407.7724739589658,408.85414755986784,1107000
2025-10-22,404.8648681640625,416.6839326590017,404.4579950964203,415.20528900231176,1023600
2025-10-23,414.5503234863281,415.3839060059345,406.6610441304682,407.7923238768767,709300
2025-10-24,418.2320251464844,420.28619661824195,416.79308452655647,418.3511040393908,509900
2025-10-27,417.844970703125,423.1342901532421,413.9449857033702,422.64801098179146,714800
2025-10-28,411.1365966796875,419.4327795758942,410.8190630587008,418.0633117322108,691700
2025-10-29,437.8907470703125,439.41896651903073,415.5724499875326,415.9396502732071,1594800
2025-10-30,434.74493408203125,445.7800218142915,433.15714492040144,434.34799436276364,911900
2025-10-31,434.33807373046875,440.4014363869176,432.8296906393121,434.52662540243335,668000
2025-11-03,434.36785888671875,438.2678744065835,430.61672227021296,434.5861802891423,662100
2025-11-04,425.46630859375,429.81286956673995,423.5312161597937,428.393795724927,775300
2025-11-05,435.82659912109375,438.6250740564448,424.23578995278314,425.84341546918006,884400
2025-11-06,459.2662658691406,478.84562781869533,457.48002193203706,457.50979165483676,1780800
2025-11-07,469.7257995605469,476.03725340442884,455.912102951493,459.26626945651515,1372900
2025-11-10,480.64178466796875,480.7310938325729,472.25632340039044,473.71507004015115,972000
2025-11-11,472.3753967285156,481.1379612221387,469.21965486016995,478.2005710218906,796500
2025-11-12,475.82879638671875,480.2051270241463,473.11966095728127,474.34024978696345,736800
2025-11-13,463.9204406738281,477.22805139987696,458.8693093267836,473.49678171257557,904700
2025-11-14,459.07769775390625,463.1662646741769,454.16551196052956,458.254048596241,1147200
2025-11-17,452.49835205078125,460.9135831904797,448.747215647486,459.2265817990588,608000
2025-11-18,461.3700866699219,465.40898690607236,446.6632384677709,449.0449070560181,1233700
2025-11-19,469.6463928222656,472.1372069108842,461.3700772337565,463.6326668889996,1242500
2025-11-20,461.63800048828125,479.87766311760686,459.365477518676,476.2555390923174,1029300
2025-11-21,470.92681884765625,474.7439726759972,455.4687768839636,462.00679453029727,1390900
2025-11-24,483.99285888671875,488.69704509759674,475.38182420471105,475.38182420471105,2132400
2025-11-25,493.2816467285156,493.45106009058776,481.0128952900097,487.81005136346613,1072100
2025-11-26,495.4443664550781,498.1951285198812,490.57076672648765,492.0557645930505,595900
2025-11-28,496.31146240234375,498.4941269478668,493.6802934758352,494.9360814103347,307300
2025-12-01,494.4875793457031,499.7897612991774,491.8464645955801,493.2816421230668,795600
2025-12-02,499.8196716308594,502.600331959414,494.4377709805115,496.7101303846729,805700
2025-12-03,506.1085205078125,506.66664172880155,494.6769508736147,499.0123817706723,676600
2025-12-04,509.0286865234375,513.9122927401319,504.55374061121677,505.31120386089015,912500
2025-12-05,508.9389953613281,512.7063287681555,504.74311002452816,507.05534386557696,1063400
2025-12-08,505.9989013671875,514.1016656766267,504.1451177081733,509.2280356189425,896100
2025-12-09,498.4841613769531,506.3975599481216,497.6071050493689,503.925858517232,775800
2025-12-10,522.7725219726562,524.7358920280664,497.60709502607074,501.0056730193394,1175200
2025-12-11,521.65625,522.6230315764623,511.76950471334254,520.0815877028689,869500
2025-12-12,508.34100341796875,523.7192960309711,502.41095786415366,521.905386862137,1070400
2025-12-15,515.5169067382812,517.001904624594,505.33114856301137,511.6100580880914,755500
2025-12-16,512.8060302734375,518.3074934388123,509.59678766553964,514.6697597315336,539800
2025-12-17,495.7732849121094,517.0019051776294,493.82980639660246,512.9754634605202,1757200
2025-12-18,498.9326477050781,504.3444771296554,496.7998337786706,502.4109748365172,929600
2025-12-19,505.0221862792969,513.2146455816678,501.9425432764606,504.9424677098675,1958800
2025-12-22,517.5401000976562,520.0516150774952,511.1615199693846,516.1846107597108,842900
2025-12-23,515.3574829101562,518.3075263049958,514.5900433796941,517.290985246534,496400
2025-12-24,515.86572265625,518.7859590285631,513.523620818838,515.9754003252764,189400
2025-12-26,517.380615234375,518.4470373581936,514.4704161113582,515.8656887286663,247200
2025-12-29,512.9156494140625,516.2544004910773,511.5203159555382,514.8591278632034,502300
2025-12-30,511.8890686035156,514.6697592789372,510.50371137910946,513.9720925534295,386000
2025-12-31,508.73968505859375,513.5933626428936,508.48054648848324,513.5933626428936,415100
2026-01-02,520.2808837890625,522.0050676802294,508.2911630386744,508.73966740748523,649500
2026-01-05,529.9185180664062,531.2539942474434,522.9917923098919,524.387125854605,810800
2026-01-06,544.9280395507812,545.5957776209457,532.1310343983209,533.2074327905555,936800
2026-01-07,537.2239379882812,545.3864379141169,535.8983772963666,544.0609380528521,873000
2026-01-08,542.6655883789062,545.4960992646462,536.7255972553384,537.2837184514585,806100
2026-01-09,550.2401733398438,552.2932685934861,541.1806038687105,543.1739025938255,768500
2026-01-12,560.2963256835938,560.9142434156861,544.4396612509508,549.3132303533376,704700
2026-01-13,565.5387573242188,567.771242323719,561.6119561206018,562.1003046104108,852000
2026-01-14,563.2863159179688,567.6416690480152,556.9177114793381,565.5387533561563,674900
2026-01-15,572.9139404296875,578.0566243219629,567.4722130672092,568.8076891341,636900
2026-01-16,577.0001831054688,581.1263260566108,573.5717068726909,573.7710489108878,1753100
2026-01-20,563.9042358398438,574.5384682350157,561.6119543148933,568.1399959211894,739300
2026-01-21,580.0897827148438,582.7409041284255,565.4988820360509,571.4388734038963,756100
2026-01-22,581.1163940429688,585.5813640511676,577.4188027357702,583.1296453698263,630900
2026-01-23,569.8641967773438,582.1229716643064,568.8076900647761,582.1229716643064,893800
2026-01-26,568.05029296875,571.0701089074158,562.1202170913688,567.6914529666915,1035000
2026-01-27,574.2992553710938,575.5251754788851,564.1035516333523,569.4455777349762,762500
2026-01-28,575.923828125,580.837302541708,569.0768513704433,576.5916270447705,533200
2026-01-29,581.9834594726562,590.5447046783405,572.654835585372,580.9768338346763,960500
2026-01-30,576.880615234375,581.8638622536098,568.020387434819,573.2627730319583,996600
2026-02-02,593.1359252929688,593.2555183470573,574.0700185937085,575.8939039145304,960000
2026-02-03,600.6705932617188,610.0490367872557,594.3817383584569,595.9963054230843,919400
2026-02-04,603.6007690429688,615.9093645571163,588.0231343628038,603.8997516909214,1437100
2026-02-05,538.8385009765625,567.9207220103365,525.6328969526338,562.6783366422729,2992800
2026-02-06,575.7942504882812,575.7942504882812,543.17393440704,547.9777919156026,2618400
2026-02-09,599.364990234375,601.0593062934269,573.9604080669357,578.2061440256324,1355800
2026-02-10,586.099609375,601.9662505039277,581.6645074589503,599.9729517399189,1103600
2026-02-11,596.893310546875,605.8531783278625,589.1193970760885,596.8733580943849,1047600
2026-02-12,586.8171997070312,604.8266623208652,579.0134784187802,597.6209063621397,996500
2026-02-13,598.9962768554688,606.9495197507488,583.9568103620577,587.9733367180629,992600
2026-02-17,593.6641235351562,600.570957043939,583.7873552674358,600.570957043939,772600
2026-02-18,591.0130615234375,600.541026827419,587.6045377964741,593.4548645845629,1053400
2026-02-19,594.9099731445312,595.47807060847,584.6943166819528,589.7972176303874,772700
2026-02-20,593.280029296875,602.4400024414062,588.5800170898438,591.1599731445312,935400
2026-02-23,587.3599853515625,593.0700073242188,581.719970703125,589.6500244140625,777400
2026-02-24,600.47998046875,600.6900024414062,587.0,587.0,677600
2026-02-25,594.4099731445312,607.5499877929688,590.8200073242188,605.0,918000
2026-02-26,588.1099853515625,598.1900024414062,578.3099975585938,594.3200073242188,797700
2026-02-27,583.8699951171875,584.5800170898438,575.260009765625,578.5399780273438,1688300
2026-03-02,580.3699951171875,583.030029296875,563.02001953125,573.8599853515625,944600
2026-03-03,560.0900268554688,566.510009765625,552.0999755859375,556.0,1081400
2026-03-04,574.0599975585938,579.6099853515625,565.22998046875,570.6400146484375,1086300
2026-03-05,556.0700073242188,571.9000244140625,550.97998046875,568.3200073242188,823000
2026-03-06,539.22998046875,546.7000122070312,537.02001953125,541.0800170898438,896300
2026-03-09,550.1900024414062,551.4299926757812,516.9600219726562,521.0,836521
