Price,Close,High,Low,Open,Volume
Ticker,CPB,CPB,CPB,CPB,CPB
Date,,,,,
2018-01-02,35.68238830566406,36.45792780493781,35.54685674062625,36.29228034833424,2204900
2018-01-03,35.17790985107422,35.78779898530597,35.16285047004238,35.71250495243,2625100
2018-01-04,35.47154998779297,35.60708150424678,35.18542757835911,35.290840341760436,2546800
2018-01-05,35.60708236694336,35.78778914507172,35.32095995057726,35.57696361316115,1551700
2018-01-08,35.86308670043945,35.89320258250261,35.54684552437504,35.60708303306635,1589100
2018-01-09,35.87826156616211,36.05272211308717,35.78723930114591,35.847919846641496,2443500
2018-01-10,34.755645751953125,35.63553540794387,34.57360121266995,35.468658835646146,2996800
2018-01-11,34.702545166015625,34.99078569562006,34.62669376569388,34.83908000143113,1562200
2018-01-12,34.52049255371094,34.87700044731463,34.3308611879294,34.725294775980394,2164700
2018-01-16,35.225929260253906,35.718972077798234,35.06663957220259,35.559682389746925,3478900
2018-01-17,35.620361328125,36.11340412341958,35.4383168052946,35.55209390867722,2024200
2018-01-18,35.081809997558594,35.52175624697041,35.05146827824489,35.514169370369174,1563500
2018-01-19,35.9465217590332,35.9465217590332,35.08180318142053,35.2107511231317,2479200
2018-01-22,36.143741607666016,36.37888266323838,35.99203592738196,36.00720678476488,3435800
2018-01-23,36.08305358886719,36.219588394402976,35.79481312234222,36.07546960791289,1478500
2018-01-24,35.7265510559082,36.26510637753893,35.61277396333049,36.249935519819516,4316300
2018-01-25,35.9996223449707,36.10581546029082,35.63553042378228,35.86308751283187,1516500
2018-01-26,35.908599853515625,36.27269177232591,35.6658719076421,36.15132779938915,1435000
2018-01-29,35.61277770996094,35.97686965289523,35.59001997421498,35.802409111085815,1430400
2018-01-30,35.195594787597656,35.80241478871913,35.081814771461005,35.529345064827965,2431300
2018-01-31,35.30937576293945,35.58244551662638,34.99079631266892,35.2486952029792,1798400
2018-02-01,35.48382568359375,35.749311372549904,34.98319891685826,35.24109772963384,1868300
2018-02-02,33.83024597167969,35.24869115214969,33.71646884974977,35.24869115214969,3419300
2018-02-05,33.54199981689453,34.33086416792674,33.52682895908974,33.6481929279828,3458400
2018-02-06,34.23984909057617,34.39913879059225,32.995867425324384,33.07171883669989,3910900
2018-02-07,33.98194885253906,34.74047450948657,33.96677799217462,34.133654562637716,1605100
2018-02-08,34.004703521728516,34.67979083253361,33.96677492746671,34.11848062387747,2814300
2018-02-09,34.6873779296875,34.952863645629506,34.05780313934249,34.33086994514475,3058100
2018-02-12,35.1273078918457,35.423132297623276,34.81631263275332,34.91491883898291,3183100
2018-02-13,35.385223388671875,35.55209706716741,34.82391312406205,34.97561883559544,2428200
2018-02-14,35.620361328125,36.0451367039718,35.081808848895584,35.11215056721582,3992700
2018-02-15,36.181671142578125,36.48507964178726,34.9831993240974,35.650702652030276,3968300
2018-02-16,35.021121978759766,35.407971615552015,34.4901564279394,34.80115177636786,7061200
2018-02-20,34.952857971191406,35.279021288521776,34.70254315624463,35.03629334929506,3437800
2018-02-21,32.54075241088867,35.1955922567429,32.48006896836716,34.97561911792113,7577500
2018-02-22,33.344783782958984,33.708875713921806,32.684867338935454,32.684867338935454,4377000
2018-02-23,33.46615219116211,33.61027392223039,33.011037940583776,33.47373906834772,2462900
2018-02-26,33.65578079223633,33.936437353680176,33.344785405228635,33.504075090234764,2105500
2018-02-27,33.32962417602539,33.9971277215752,33.32962417602539,33.69371622990353,2832000
2018-02-28,32.65452194213867,33.48890172177173,32.65452194213867,33.42821829334236,4537000
2018-03-01,32.070465087890625,32.775894207568655,31.850494837978637,32.27526737039836,5208000
2018-03-02,31.87324333190918,32.631768867003984,31.782221077890483,31.911169029954863,5138500
2018-03-05,33.01103210449219,33.094470377507676,31.69119638147829,31.713954115465903,5365000
2018-03-06,33.29927444458008,33.32961326898178,32.82140251432101,32.957937351537886,3303500
2018-03-07,32.677276611328125,33.056539322823326,32.24491445816233,32.8593210924607,3011400
2018-03-08,32.7227897644043,33.11722337352664,32.71520578252769,32.83656974736955,2163700
2018-03-09,33.07929611206055,33.07929611206055,32.722788216278076,32.88207787005725,1780200
2018-03-12,33.06413650512695,33.49649593737233,33.06413650512695,33.17791652142142,2060700
2018-03-13,33.32962417602539,33.41306248091242,32.88209381726023,33.18550530893189,1912500
2018-03-14,33.52683639526367,33.86058666035827,33.37513067711307,33.6406135137172,4488000
2018-03-15,32.85173416137695,33.71645260296902,32.70761249208188,33.44338301224634,3094400
2018-03-16,33.056541442871094,33.52682642509383,32.87449405651823,32.88966491317639,5682900
2018-03-19,33.07170867919922,33.73162790837401,32.927589884431434,33.07170867919922,3307900
2018-03-20,32.7076301574707,33.238598771369276,32.44973128177975,33.162747352332126,2604000
2018-03-21,31.98702049255371,32.1083873562247,31.091963021342497,32.093216498265825,4268600
2018-03-22,31.933927536010742,32.669698315451896,31.70637042806835,31.903588710218543,2950800
2018-03-23,32.06287384033203,32.76830280019485,32.06287384033203,32.07804469784518,2830600
2018-03-26,32.21459197998047,32.313198251631256,31.81257133427516,32.2828594184175,2513200
2018-03-27,32.38145065307617,32.70003284902422,32.11596790107361,32.22216100187463,2626700
2018-03-28,32.92758560180664,33.26133571690831,32.42695898238183,32.43454296278533,2748500
2018-03-29,32.85173416137695,33.44338301224634,32.82139245273119,33.15514256720079,2929600
2018-04-02,32.047698974609375,32.86690781658967,31.964260715495286,32.851736960973945,1992100
2018-04-03,32.070465087890625,32.27526737039836,31.509157700465742,32.08563594884074,2497100
2018-04-04,32.79104995727539,33.117216083529605,31.91874755622478,31.94150239039081,2377600
2018-04-05,32.9807014465332,33.22342947112132,32.55592595673085,32.88967916069923,2154200
2018-04-06,33.17031478881836,33.53440662694175,32.828977786344964,33.01860913288077,3012200
2018-04-09,32.81380844116211,33.23858371862236,32.42696174958989,33.16273233393599,2826600
2018-04-10,32.56911087036133,33.03558603914155,32.52322706261097,32.87499708773605,1836800
2018-04-11,32.760284423828125,32.982051754407195,32.14851499218479,32.58440089455234,1315800
2018-04-12,32.630287170410156,32.920878792387,32.477346975088146,32.84440869472599,1811000
2018-04-13,32.46204376220703,32.58439763630102,31.682036720927943,32.56145719651666,2845500
2018-04-16,32.73733901977539,33.112046463611094,32.194390996661085,32.48498252657696,1723500
2018-04-17,32.523223876953125,32.96675855698742,32.50028343389855,32.821461305250104,2086900
2018-04-18,31.995574951171875,32.59204983916903,31.94969114550016,32.58440399679726,3064600
2018-04-19,31.559677124023438,31.91144408361339,31.337909855833537,31.857914455725613,3350100
2018-04-20,30.863805770874023,31.84263711660602,30.427919754906025,31.552045466911515,3162300
2018-04-23,31.23085594177246,31.345563973806424,30.85614556532175,30.970853597355717,2321800
2018-04-24,31.414398193359375,31.567338395148443,31.077922748269764,31.36851438253424,2442200
2018-04-25,31.743209838867188,32.08733099577476,31.26908897665356,31.360853646113494,1955900
2018-04-26,31.91145133972168,31.980275579390533,31.467919619636426,31.87321629927156,1540400
2018-04-27,32.17911148071289,32.32440584202489,31.92675489211333,31.957344099909776,2085200
2018-04-30,31.184988021850586,32.33205725757905,31.108517906327855,32.25558714205632,2834600
2018-05-01,31.314985275268555,31.314985275268555,30.894393878709966,31.077923290920392,1957100
2018-05-02,30.550264358520508,31.33027144326128,30.496734717943394,31.29968224374675,2770000
2018-05-03,30.894380569458008,30.986145236031142,30.427905562229828,30.710848319165585,2700800
2018-05-04,31.368513107299805,31.55969126891147,30.710859764612117,30.833213671357694,1519500
2018-05-07,31.376161575317383,31.536753461539064,31.03204318934339,31.42204538811608,1740100
2018-05-08,31.582624435424805,31.5979190348862,31.2079169586337,31.307327479412894,2092800
2018-05-09,31.628507614135742,31.819685727937678,31.14673795055384,31.64380221329748,2922600
2018-05-10,31.49850082397461,31.888505758276004,31.25379310396618,31.65909263541137,2121000
2018-05-11,31.108501434326172,31.964978526696008,31.054971798374705,31.605565673471357,4512400
2018-05-14,30.61909294128418,31.184978626824318,30.481444441093974,31.070273488097175,3499800
2018-05-15,30.16027069091797,30.62674594878903,29.869681937775116,30.397332700516564,4745200
2018-05-16,30.19084930419922,30.573205556152825,29.892611894418877,30.206143904334965,3341300
2018-05-17,29.992021560668945,30.328493969852723,29.72437046771124,30.160256306687668,4619800
2018-05-18,26.283172607421875,27.063179849906298,26.069054001811445,26.711412735789956,30688200
2018-05-21,25.679054260253906,26.520237076302163,25.449638113015755,25.824348625310247,14112300
2018-05-22,26.283172607421875,26.634942638685434,25.73258149054545,25.73258149054545,9530000
2018-05-23,26.199050903320312,26.497291250772083,26.000226922166032,26.2984643524709,4696400
2018-05-24,26.260234832763672,26.604356139030536,26.114940466627665,26.114940466627665,5319000
2018-05-25,26.45905303955078,26.917882319429822,26.168464371155615,26.30611286340464,4959700
2018-05-29,26.1914005279541,26.512578345876843,25.770809278087764,26.35198943691547,5434100
2018-05-30,26.40553092956543,26.634947093544692,25.91611522508538,26.21435273768118,6587000
2018-05-31,25.724937438964844,26.382590896163578,25.480229582865,26.382590896163578,6217800
2018-06-01,25.449634552001953,25.877874660824958,25.411399505194755,25.763166603256288,3502000
2018-06-04,25.51080894470215,25.610222384468866,25.250806583336846,25.480219745212906,4255700
2018-06-05,25.487873077392578,25.587283617851647,25.113162609275097,25.526108125042,3548700
2018-06-06,25.380813598632812,25.54905132702019,25.02904645486599,25.53375672288066,5490600
2018-06-07,25.6102237701416,26.084344719291238,24.9525705312729,25.00610017470205,6302900
2018-06-08,26.03845977783203,26.13787321862616,25.679046890132202,25.686692731510217,4487200
2018-06-11,26.63494300842285,26.818472410880283,26.122584015839074,26.137878618901734,5913300
2018-06-12,26.86435317993164,26.963763712868147,26.191405307065747,26.627291235008663,6457000
2018-06-13,27.14729881286621,27.23141767029752,26.642588585425575,26.83376674607956,8137800
2018-06-14,27.919654846191406,28.01906829780126,27.09376678162016,27.223766519216376,10943300
2018-06-15,28.370834350585938,28.493188241522464,27.79729993985592,27.835537900955416,10084200
2018-06-18,28.042016983032227,28.500846413439767,27.71319316272306,28.194960126501407,8349700
2018-06-19,28.317302703857422,28.4320107447534,27.912006015745852,28.01906529810388,6529100
2018-06-20,28.447311401367188,28.462606004552786,27.919657801479566,28.32495749302969,4989800
2018-06-21,28.646127700805664,28.95201384791969,28.29436067362708,28.38612535090269,5634400
2018-06-22,29.517902374267578,29.548491575461693,28.646130560262772,28.692014362053946,6081400
2018-06-25,32.29380798339844,32.790872266921696,30.970855730640995,31.016739530044365,28604800
2018-06-26,31.590274810791016,32.34733856143025,31.506155968020717,31.812039221466584,9350200
2018-06-27,30.504390716552734,31.54440050917459,30.458509819150212,31.52910590432455,7389600
2018-06-28,31.162038803100586,31.406746604501635,30.680269042840422,30.680269042840422,4803100
2018-06-29,31.001449584960938,31.27674658842239,30.794976832364853,31.27674658842239,5061000
2018-07-02,30.810264587402344,31.353209714042574,30.764380791306642,31.0014426954148,5149800
2018-07-03,31.376161575317383,32.217347307075165,31.284396866867485,31.773812534796928,5876700
2018-07-05,31.727933883666992,31.750874333115465,31.054985834084068,31.437342216346323,3669900
2018-07-06,32.049110412597656,32.25558319985189,31.59028394124217,31.773813362925342,4273500
2018-07-09,31.7737979888916,32.11027329441679,31.544384864217434,32.102624537211504,3862200
2018-07-10,31.727933883666992,31.781463543811892,31.383812556201423,31.460282665794796,2483400
2018-07-11,32.42380905151367,32.530868327785605,31.620858645181197,31.888509753007522,4419000
2018-07-12,31.899473190307617,32.570312687687874,31.737547632220117,32.38525280599714,2456000
2018-07-13,31.652738571166992,31.961170823591548,31.621894757638945,31.799245214711235,2656500
2018-07-16,31.29033088684082,31.668157269279778,31.13611477625388,31.64502588219142,2541200
2018-07-17,31.737545013427734,31.94573626011598,31.251765437821835,31.30574061939729,2212400
2018-07-18,30.97417640686035,31.560196852721162,30.819963286669665,31.552484431855596,3216800
2018-07-19,31.57563591003418,31.675876845766645,30.727448580978816,30.920218027387534,3770400
2018-07-20,31.228626251220703,31.652718118198987,31.213204354421816,31.5601896788317,3011600
2018-07-23,31.02044677734375,31.598754889392872,30.89707449776369,31.23634753125206,2489000
2018-07-24,30.897083282470703,31.197803115609034,30.55009772830032,30.88166137546002,2217600
2018-07-25,31.012744903564453,31.089851494179545,30.59636225481604,30.843106874497792,3126900
2018-07-26,31.382856369018555,31.89176742618416,31.259484080658027,31.259484080658027,2682200
2018-07-27,31.56791114807129,31.930318506946033,31.321166588411472,31.490804576212785,3008300
2018-07-30,31.56791114807129,31.668152044629082,31.305744685754338,31.375141776997857,2696400
2018-07-31,31.537067413330078,31.88404989653432,31.105263002519447,31.691280543008897,3054200
2018-08-01,31.94574737548828,32.37755191976308,31.614183749629163,32.13851678859577,7630500
2018-08-02,32.16164016723633,32.28501244324284,31.614175876296617,31.89176423266804,6579500
2018-08-03,32.971282958984375,33.911998745632395,32.701406925812314,32.724538316819014,16931500
2018-08-06,32.90959930419922,33.35682287915403,32.747673679203245,32.96357451253121,7073400
2018-08-07,32.207908630371094,32.92501096522997,32.022848729808956,32.81706058216344,6484600
2018-08-08,32.369834899902344,32.685976574853115,31.922611454535904,32.20790932182626,5302900
2018-08-09,32.60115051269531,33.218014766573745,31.930314019243287,32.36982788820428,6282500
2018-08-10,31.884057998657227,32.26959680367813,31.691288596146777,31.86863903491272,4290200
2018-08-13,32.00742721557617,32.03827102294953,31.405987678932487,31.8840549275101,3271100
2018-08-14,32.19248962402344,32.43923421936042,31.930323123799432,31.97658883846047,1942800
2018-08-15,32.65513229370117,32.71681990812755,32.08453656739396,32.192486951212764,2569900
2018-08-16,32.40838623046875,33.00982867779476,32.36983294393653,32.63971183251648,2790800
2018-08-17,32.416099548339844,32.57031564015717,31.65273151162912,31.745259990148593,3481400
2018-08-20,32.5240478515625,32.80934569126333,32.33898796492348,32.51633542967952,2175500
2018-08-21,32.28501892089844,32.64742634125522,31.930323923892207,32.47007884275211,2000500
2018-08-22,31.776113510131836,32.215627594234284,31.629609795907083,32.215627594234284,2252000
2018-08-23,31.313465118408203,31.54478783458787,31.04358616500865,31.444546912386443,4812700
2018-08-24,31.367433547973633,31.560202926738746,31.21321745667608,31.282614550688614,1863700
2018-08-27,31.382856369018555,31.629600945739615,31.197796465764075,31.421409657613587,2829300
2018-08-28,30.712017059326172,31.074421470260358,30.295634519348557,30.835389336938746,4961700
2018-08-29,30.83539581298828,30.997321409844815,30.588648264514095,30.843105295083852,4915200
2018-08-30,30.187686920166016,30.95105203889667,29.455162667604288,29.5554035715786,7527000
2018-08-31,30.419008255004883,30.696596628295325,29.894675314662333,30.210816975037055,4993000
2018-09-04,30.604063034057617,30.758279112859384,30.34960900424769,30.38816228859137,3309900
2018-09-05,30.735149383544922,31.190085222692748,30.249369738692483,30.442139112205506,4529500
2018-09-06,30.881656646728516,31.012741365533074,30.64262447823455,30.6657558644946,2654900
2018-09-07,31.012744903564453,31.19009241512147,30.658046939022537,30.989610573237616,3216300
2018-09-10,31.25177001953125,31.560202194974952,31.035869261576988,31.035869261576988,2056900
2018-09-11,30.858522415161133,31.429118127432634,30.850809992833874,31.29032688124203,2261700
2018-09-12,31.051284790039062,31.13610376794513,30.52695196428028,30.98959719104315,3163900
2018-09-13,31.714427947998047,31.776112637029506,30.866240677747598,31.213226245512413,2641800
2018-09-14,31.837799072265625,31.868642886337504,31.41370692377531,31.637317222226418,1972300
2018-09-17,31.583335876464844,31.76068336074828,31.405988392181406,31.722130071369698,1739500
2018-09-18,30.88936424255371,31.34430006361438,30.64261968958119,31.34430006361438,2350700
2018-09-19,30.9510498046875,31.051290701425902,30.642620575270605,30.881652713318942,1533000
2018-09-20,31.08985710144043,31.259495161102436,30.758293407425647,30.9510628601585,2256700
2018-09-21,30.881656646728516,31.197798338468562,30.83539387420842,30.873947165117684,3421600
2018-09-24,30.712017059326172,31.24405945501282,30.634907547426362,30.835389336938746,1929100
2018-09-25,30.1182918548584,30.82768182884794,30.102869950020246,30.67346572189399,2234800
2018-09-26,30.05660057067871,30.40358603365996,29.940940710636443,30.10286627955195,3007500
2018-09-27,28.421916961669922,29.632508394585134,28.283122777131993,29.45516092354827,6408600
2018-09-28,28.244577407836914,28.344815392546284,27.673978606856313,28.344815392546284,6553600
2018-10-01,28.020954132080078,28.69950309912191,27.743365784589013,28.39107094825917,4544100
2018-10-02,28.29854965209961,28.437343861023816,27.928432742110974,28.11348972639143,5969800
2018-10-03,28.15203857421875,28.668662035063566,28.06722251898289,28.40649556420812,2395400
2018-10-04,28.67637825012207,28.72264397046507,28.14433570260336,28.50674315838698,4251000
2018-10-05,28.707223892211914,28.82288672972267,28.48361064178613,28.553007756006952,7038200
2018-10-08,29.493717193603516,29.755883686314867,28.707217715469454,28.707217715469454,3352400
2018-10-09,28.930822372436523,29.547683660898855,28.90769099331501,29.439733303096276,2188500
2018-10-10,29.08504295349121,29.67877295517457,28.876851684737794,29.08504295349121,3792300
2018-10-11,28.906036376953125,29.380799438949843,28.7114615462316,29.295186038396167,3785100
2018-10-12,28.874902725219727,28.999430493955277,28.594717472296885,28.867121038600843,3122700
2018-10-15,29.419719696044922,29.70768967180126,28.703685600872003,28.703685600872003,2607900
2018-10-16,29.88669204711914,30.1357475667638,29.30296761626897,29.36523001169214,2765500
2018-10-17,28.267839431762695,29.419722410026615,27.99543577672558,29.411940720872913,6488400
2018-10-18,28.54023551940918,29.06169762375759,28.252265593442186,28.252265593442186,5931700
2018-10-19,29.520893096923828,29.707683268893945,28.7892928135844,28.7892928135844,3443400
2018-10-22,29.53646469116211,29.824434656054823,29.22514372388901,29.450851276713166,2730000
2018-10-23,29.590938568115234,29.746599015733903,29.123957225259222,29.39636375083592,2710500
2018-10-24,29.88669204711914,30.236924330448453,29.528672139775953,29.559804821975533,3424300
2018-10-25,29.53646469116211,29.87113369183882,29.404152240929168,29.801086622651212,3045600
2018-10-26,28.586933135986328,29.637638979842954,28.361225624827174,29.497544867328738,2712900
2018-10-29,29.256263732910156,29.723242012425324,28.69588742231156,28.734801784108576,3502300
2018-10-30,29.762165069580078,29.816645780373346,29.357449097275754,29.46641051886229,3823200
2018-10-31,29.11617088317871,29.62206651480156,28.5947118813611,29.31852735444248,2628200
2018-11-01,29.528676986694336,29.73103648523146,28.98386980365548,29.194008020555337,2387600
2018-11-02,28.703672409057617,29.458620537399707,28.322304533481304,29.458620537399707,3554800
2018-11-05,29.365236282348633,29.435283347767555,28.594721531717138,28.664768597136057,2675300
2018-11-06,29.86334228515625,29.925607652128672,29.28740248554186,29.28740248554186,2056200
2018-11-07,29.84778594970703,30.00344645034625,29.427506457651383,29.96453206743072,1104700
2018-11-08,29.73103904724121,29.941180251226022,29.598726599261116,29.863348526244575,1576800
2018-11-09,30.3303279876709,30.657212304306867,29.793299511802463,29.863346575221104,2639500
2018-11-12,30.485973358154297,30.96852092256209,30.244702544925754,30.244702544925754,2402000
2018-11-13,30.548254013061523,30.90627105454551,30.205803317160775,30.423726217372447,1550800
2018-11-14,30.478208541870117,30.820659255742097,30.29141535404549,30.556037304893792,1578100
2018-11-15,30.447063446044922,30.462629786103896,30.011217800296773,30.34588668912527,1878500
2018-11-16,30.081274032592773,30.548252501069395,29.8555664862725,30.36145933229273,2270700
2018-11-19,29.92561149597168,30.937400087425516,29.910045152229127,30.1124016829293,3618100
2018-11-20,31.560035705566406,32.36168599545276,30.626075961111884,30.96852954983171,6539300
2018-11-21,30.758377075195312,31.560024101350155,30.618283016589118,31.46662905193772,2443500
2018-11-23,31.54446792602539,31.66899568834643,30.766168669274894,30.83621572114148,1369500
2018-11-26,30.369237899780273,31.544468492218325,30.190229423791752,31.544468492218325,5348400
2018-11-27,30.7506046295166,30.766170972093864,30.268059885526565,30.392587657168388,2306900
2018-11-28,30.74281883239746,30.898479268381987,30.42371627466832,30.74281883239746,2284900
2018-11-29,30.843994140625,31.015217923590193,30.587154012714038,30.680549073329182,2003500
2018-11-30,30.509334564208984,30.75839011420446,30.12796658322922,30.727257428210937,3616300
2018-12-03,30.166885375976562,30.53268706755309,29.87113372263665,30.501554376998328,2465900
2018-12-04,30.034570693969727,30.758389294663413,29.94117560745397,30.31475892249325,2678200
2018-12-06,29.74660301208496,30.198015104951022,29.20957454410148,30.135752698924477,1919100
2018-12-07,29.396371841430664,29.653209127059643,29.17844893617251,29.653209127059643,1645100
2018-12-10,29.35744857788086,29.497542680006724,28.727025118314476,29.497542680006724,1890700
2018-12-11,30.213581085205078,30.314760833879486,29.39636734646922,29.39636734646922,2736300
2018-12-12,30.244714736938477,30.641646119049167,30.096835952857266,30.19801570475864,2219100
2018-12-13,30.66499900817871,30.80509314436959,30.12018880843383,30.135755153452454,1932000
2018-12-14,30.478208541870117,30.750612181429986,30.32254804684576,30.548255616182225,1465500
2018-12-17,30.221363067626953,30.81286922582324,30.019003588181977,30.431501264700756,2821400
2018-12-18,29.95673942565918,30.64942528281802,29.80886066807964,30.252491002866222,2305000
2018-12-19,30.081274032592773,30.688346635407722,29.933395241359708,30.260282544474702,2701700
2018-12-20,29.318531036376953,30.026786197184606,28.85155267852293,29.910040123233106,3648300
2018-12-21,27.824203491210938,29.754385642855514,27.824203491210938,29.349669599433437,7220600
2018-12-24,26.010765075683594,27.83198582914805,25.777275844516694,27.77750510750833,3771000
2018-12-26,26.656747817993164,26.703446839206357,25.06901672445484,26.15863680095585,4509400
2018-12-27,26.073028564453125,26.571139679901968,25.209115799669345,26.571139679901968,3881100
2018-12-28,26.02632713317871,26.602269912898066,25.878451337225982,26.150854900553682,2781100
2018-12-31,25.676095962524414,26.111941683096706,25.333642360387557,26.04189462529383,4052500
2019-01-02,25.107933044433594,25.590480727585696,24.928924569319523,25.497082677892724,3518900
2019-01-03,25.41925621032715,25.74614347551194,24.975625826057772,25.076805571112157,3312900
2019-01-04,25.55935287475586,25.769494072815004,25.201335856866937,25.388126053601745,2520400
2019-01-07,26.220903396606445,26.38434851256369,25.24024754574464,25.47373675128542,3543600
2019-01-08,26.417526245117188,26.54336131951502,26.01642788301935,26.220908753861522,2296900
2019-01-09,26.881540298461914,27.125347037323735,26.2838215193634,26.409659578242625,3916700
2019-01-10,27.117483139038086,27.203995312358693,26.543360443536006,26.708518410705498,3034400
2019-01-11,27.55790138244629,27.628683781550713,26.960182678865813,27.188259631551627,2341200
2019-01-14,27.55790138244629,27.754518824387013,27.251178653041816,27.408470206479134,2298200
2019-01-15,27.943269729614258,27.998322373032966,27.36914716243053,27.47925244926795,3292900
2019-01-16,27.74665069580078,28.124155800488914,27.65227516966472,27.809569713320748,3766200
2019-01-17,28.13988494873047,28.273586358008497,27.636544819988334,27.77024622926636,3095600
2019-01-18,27.911821365356445,28.16349152304825,27.77811990650115,28.037656444202348,2292300
2019-01-22,27.833171844482422,27.84890160394852,27.290508643553814,27.762389426957398,2959700
2019-01-23,27.825302124023438,27.998323438432926,27.392744337783455,27.880354769537025,2507400
2019-01-24,27.306228637695312,27.66013759860973,26.94445029964483,27.377011029906953,2253000
2019-01-25,26.928730010986328,27.64441748177318,26.88940411687113,27.416340496540847,2548600
2019-01-28,27.2197208404541,27.290503243974428,26.81075617568602,26.873672200957277,2196700
2019-01-29,27.125350952148438,27.36915472605241,26.944460216474997,27.21186012989653,1737300
2019-01-30,27.4399356842041,27.61296003078323,26.96018854152177,27.11748312930782,2202300
2019-01-31,27.8646240234375,27.896083534082774,27.337687720633394,27.463522763070422,2984600
2019-02-01,27.5343074798584,27.96686828728482,27.43993194012187,27.96686828728482,2334900
2019-02-04,27.5343074798584,27.754521072769393,27.314096887091726,27.54217385825396,2310000
2019-02-05,27.49498748779297,27.76238737869868,27.251183734417953,27.53431038348462,2563500
2019-02-06,26.889402389526367,27.652279084158415,26.87367263291965,27.526444031448992,2612700
2019-02-07,26.897266387939453,27.038831184729453,26.307414068029132,26.488301752784345,3213000
2019-02-08,26.968053817749023,27.054565987499444,26.787166099245688,26.787166099245688,1660500
2019-02-11,26.865806579589844,27.25117807772118,26.62199987667867,27.015234752258234,2357000
2019-02-12,27.180391311645508,27.42419497522825,26.802886251779483,26.912991519222466,1733000
2019-02-13,27.259044647216797,27.37701632376281,27.109616457050294,27.219721755082915,1619100
2019-02-14,27.09388542175293,27.259043361008942,26.897267970216472,27.13320831203138,1900700
2019-02-15,27.361286163330078,27.6129562694483,27.259044245174454,27.314096893378796,2533900
2019-02-19,27.5343074798584,27.778114207667446,27.235451104002003,27.392745670325763,1893200
2019-02-20,27.668004989624023,27.919675060012626,27.41633491923542,27.510710445595173,2615600
2019-02-21,27.872486114501953,27.966864642081493,27.46352149542238,27.652275550437537,2282600
2019-02-22,25.819808959960938,26.763570465537253,25.37151834462413,26.559089606034295,7744500
2019-02-25,25.37151527404785,26.02428666988625,25.300732869681568,25.922044752436225,4093000
2019-02-26,25.882726669311523,26.228772377083736,25.693972555889047,25.835537390919693,6314300
2019-02-27,28.47807502746582,28.698288644733477,26.079342376186364,26.779300123594194,11371400
2019-02-28,28.328645706176758,28.65109824002787,27.707333775051953,28.478073904741336,5971900
2019-03-01,28.588176727294922,28.706148400230287,27.982597606649897,28.312913490638092,4167600
2019-03-04,28.31291389465332,28.70614880985684,27.825303439841363,28.611773270248403,2851200
2019-03-05,28.39155387878418,28.470202645847802,28.100560941008034,28.31290811186426,2331000
2019-03-06,28.423019409179688,28.50166819291101,28.19494243657535,28.391559895687156,1875300
2019-03-07,28.2499942779541,28.540990269229138,28.10056609335056,28.438748353371846,1711600
2019-03-08,28.328645706176758,28.352238842754183,27.998326793370147,28.297186190643835,1754000
2019-03-11,28.234275817871094,28.383704046381087,27.95900950201146,28.257868959176584,2141800
2019-03-12,27.565765380859375,28.265723009908793,27.550035625132583,28.249993254182,2387200
2019-03-13,27.738788604736328,27.97472893108733,27.550034543569115,27.60508718637955,1879000
2019-03-14,28.029787063598633,28.155622128973867,27.746657416468203,27.817439828250812,1939900
2019-03-15,28.32078742980957,28.438759146737514,27.990471422643953,28.029794328238136,3569800
2019-03-18,28.753337860107422,28.83984702067019,28.344373191402227,28.36010294790754,2055900
2019-03-19,28.548851013183594,28.88703324200176,28.430882352058354,28.721875316340043,1587600
2019-03-20,28.564584732055664,28.87130749374804,28.533125217998908,28.619637381582788,2046900
2019-03-21,29.775747299194336,29.83079994553626,28.462341164686805,28.72187764042234,2709500
2019-03-22,30.07460594177246,30.176844853865912,29.65777491502419,29.681371048706183,2796700
2019-03-25,30.106063842773438,30.153253112171488,29.783611335580773,30.043147817053647,2059600
2019-03-26,30.294822692871094,30.54649283568696,30.058882308999312,30.192580759806912,1791000
2019-03-27,29.84653091430664,30.318411616450927,29.681372968570574,30.176846805778773,1863300
2019-03-28,30.121795654296875,30.302683365780712,29.830802640183272,29.901585049037337,1194400
2019-03-29,29.988096237182617,30.239766349310734,29.70496661100239,30.14539080729879,1931700
2019-04-01,29.76789093017578,29.956645066917517,29.50835736731927,29.91732216347201,2194200
2019-04-02,29.586992263793945,29.948770642461792,29.484753352566013,29.815069219876168,1157900
2019-04-03,29.29600715637207,29.626323112428047,29.24095449702941,29.587000212918277,1705200
2019-04-04,29.45330047607422,29.531946271679974,29.311735643868026,29.382518059971122,1174500
2019-04-05,30.090335845947266,30.1139319820983,29.5083498233923,29.5083498233923,1883800
2019-04-08,30.30267906188965,30.507162880711647,29.980226578495625,30.03527922199138,2522900
2019-04-09,31.057687759399414,31.30935780707057,30.247621980823244,30.247621980823244,5173300
2019-04-10,31.04976463317871,31.398904766715994,30.875193052923624,31.097372862722544,2936200
2019-04-11,31.470319747924805,31.636954603208526,31.097372477265463,31.152917429026704,2410200
2019-04-12,31.58933448791504,31.708358042486367,31.31954352645964,31.3750884573206,2268400
2019-04-15,31.613155364990234,31.91468731175678,31.375105102584364,31.375105102584364,2111800
2019-04-16,31.287811279296875,31.724237152990028,31.248136750228866,31.613147260810592,1557700
2019-04-17,31.04976463317871,31.502060975682443,31.010090099567886,31.4147751855549,1542900
2019-04-18,31.256072998046875,31.422707849925683,31.025956472896457,31.113242260158533,1573100
2019-04-22,31.200529098510742,31.406841516620997,31.073568774663233,31.2798781658006,1416900
2019-04-23,30.867258071899414,31.343358509353656,30.772035562830357,31.16085324076377,1627600
2019-04-24,30.946609497070312,31.33542720467085,30.748233795166016,30.978350335848518,1679500
2019-04-25,30.295936584472656,30.843452416611477,30.2483253276451,30.843452416611477,2273900
2019-04-26,30.660940170288086,30.676810585623407,30.224514342969485,30.343540944498294,1568100
2019-04-29,30.422887802124023,30.732353311434156,30.34353875813701,30.653004267447148,1574500
2019-04-30,30.70061492919922,30.724422065869813,30.264189098553345,30.43876064160059,1533700
2019-05-01,30.407026290893555,30.772036843261493,30.240391433548133,30.740299032557285,1622900
2019-05-02,30.081682205200195,30.16896797191854,29.8277616258225,30.09755261978281,1464900
2019-05-03,30.367355346679688,30.41496660882294,29.8753844124257,30.089627524637233,1134500
2019-05-06,30.319738388061523,30.48637323379568,30.073754480636627,30.30386797032884,1600600
2019-05-07,30.335607528686523,30.39908919694472,29.851570402621682,30.248321748317775,1339400
2019-05-08,30.62126350402832,30.835509555614177,30.184837707229867,30.383213344590256,1369300
2019-05-09,30.91486930847168,30.938676451542523,30.367353449411134,30.454639244400436,1113000
2019-05-10,30.740291595458984,30.93866724248784,30.280058641405407,30.79583653446929,1271600
2019-05-13,30.724422454833984,31.07356251837627,30.573655019576414,30.637136682205345,2179200
2019-05-14,30.68474769592285,30.82757842286981,30.37528212986196,30.724425252164547,1109100
2019-05-15,30.93073844909668,31.0180242404764,30.462571681037858,30.67681779797728,950600
2019-05-16,30.891050338745117,31.295735252684437,30.835505409909754,31.03388102059937,1588400
2019-05-17,31.04976463317871,31.256074024138723,30.748232729185258,30.764103148024166,1301000
2019-05-20,30.748231887817383,31.152916962730945,30.700620632603457,31.049763783559975,2019800
2019-05-21,30.486370086669922,30.95453676705058,30.327671979670942,30.883121408112096,2017800
2019-05-22,30.042009353637695,30.34354119353917,29.970593997528724,30.34354119353917,1913400
2019-05-23,30.24039077758789,30.319739843086538,29.796028140666117,29.930925184381206,2151800
2019-05-24,29.7801570892334,30.30386878052301,29.76428667107641,30.30386878052301,1156900
2019-05-28,29.185026168823242,29.962658393805846,29.07393628339321,29.740478622945776,3153000
2019-05-29,28.740676879882812,29.129491617591412,28.581975689666194,28.891441345753208,2281000
2019-05-30,28.40739631652832,29.050134599164647,28.367721786557027,28.780343557598204,1859500
2019-05-31,28.812082290649414,28.915235455655683,27.986838808764944,28.312174773953885,3185100
2019-06-03,29.653186798095703,29.692861316658604,28.74066076326202,28.74066076326202,3450100
2019-06-04,30.24039077758789,30.6926871102704,29.692871933939614,29.692871933939614,5354500
2019-06-05,33.27156448364258,33.3271094238579,31.660755163453892,31.98609111056028,8902400
2019-06-06,34.12855911254883,34.295197025541704,33.05733138588264,33.112876347889134,5299500
2019-06-07,34.18410110473633,34.644331141621244,33.85876206009507,34.27138386759668,3613200
2019-06-10,33.33505630493164,34.20791133226732,32.99385283447882,34.18410721332195,3260300
2019-06-11,33.74766540527344,33.755602126565044,33.10493022137739,33.287435460444925,2300800
2019-06-12,33.66831970214844,34.168227249200974,33.54135939160824,33.86669537655328,2611900
2019-06-13,33.83495330810547,33.898434974546475,33.42233155715632,33.66038175236517,2331000
2019-06-14,33.533424377441406,33.91430835543364,33.44614161891477,33.91430835543364,1823200
2019-06-17,32.82720184326172,33.5016808720917,32.446320957003806,33.5016808720917,2905200
2019-06-18,32.422523498535156,33.041454687297175,32.224147807062934,32.9462352029429,2396500
2019-06-19,32.739925384521484,32.835147903398386,32.29556573765487,32.34317397012025,2163500
2019-06-20,32.55741500854492,32.89862141375868,32.21620860333116,32.75579068474024,1820200
2019-06-21,32.287620544433594,32.73991679604484,32.216205187496435,32.58121869349318,4017000
2019-06-24,32.1606559753418,32.60501847360397,32.07337021434638,32.4463173651552,3297900
2019-06-25,32.56534957885742,32.63676493864769,32.13685742011583,32.13685742011583,2922100
2019-06-26,32.105125427246094,32.47013602135361,31.779789371285354,32.13686626855281,3931800
2019-06-27,31.5417423248291,31.843274293977544,31.137057151397766,31.79566302717299,2590800
2019-06-28,31.795644760131836,31.946409144603045,31.557594616819262,31.644880375660627,3221400
2019-07-01,31.835323333740234,32.200336828740454,31.565532329769038,32.08924392253993,1865500
2019-07-02,32.24794387817383,32.279684707366116,31.732169025173558,31.954348775575394,1984700
2019-07-03,33.065250396728516,33.15253616310462,32.38284073418417,32.41457853625288,1625400
2019-07-05,32.98590087890625,33.05731622973966,32.382840270624584,32.90655183441225,1615000
2019-07-08,32.93035125732422,33.04937783410318,32.763716471410945,32.993832905465425,1275100
2019-07-09,32.898624420166016,33.01765104754937,32.67644461115481,32.98591020998409,1586800
2019-07-10,32.85102081298828,33.065263929266116,32.78753912892574,32.930369891093164,2645400
2019-07-11,32.70696258544922,32.99505964444673,32.32283419104624,32.99505964444673,1284200
2019-07-12,32.746971130371094,32.851006844324715,32.6189283488823,32.738969792119605,1056600
2019-07-15,32.90701675415039,33.027058165956404,32.57890702169785,32.77097267003149,1227500
2019-07-16,33.0430793762207,33.139110719001295,32.883025103065485,32.94704498065877,1550600
2019-07-17,33.09109115600586,33.20313127615329,32.87502141338864,33.11510127957087,1022800
2019-07-18,33.35518264770508,33.42720691608105,33.02707277016595,33.23514118281805,1101500
2019-07-19,33.02706527709961,33.45120639865194,32.995053820021546,33.331168013780065,1388600
2019-07-22,32.92303466796875,33.13910745754583,32.77098480246534,33.03507173231663,1374800
2019-07-23,33.18712615966797,33.323170300339086,32.85901629082337,33.04307762673315,1427200
2019-07-24,32.42686080932617,33.07507900997622,32.31482377402918,33.07507900997622,1517000
2019-07-25,32.330833435058594,32.53890180410309,32.034732031136734,32.27481491059351,1483200
2019-07-26,32.77898025512695,32.867010233529285,32.1547721214093,32.47488057873043,1224600
2019-07-29,33.08308792114258,33.1471077904919,32.65894674676285,32.82700233818339,1384800
2019-07-30,33.33918380737305,33.44321956159588,32.94705092009123,33.10710522209976,1749500
2019-07-31,33.08308792114258,33.41119776510785,32.66694808563866,33.33117216522596,1532200
2019-08-01,33.69928741455078,33.98738439535844,33.23513048929838,33.23513048929838,2265900
2019-08-02,33.883358001708984,34.187460793054704,33.49922960606334,33.8113337367266,1957700
2019-08-05,32.97905349731445,33.843344663410846,32.66694937159556,33.69129174375625,1621700
2019-08-06,33.01906967163086,33.155116874019626,32.562916971634586,32.95504979322191,1421600
2019-08-07,33.267147064208984,33.395189847302206,32.49889036564966,32.947038580085554,2088000
2019-08-08,33.63526916503906,33.71529781122552,32.93103539528249,32.97904953021366,1692300
2019-08-09,33.44321060180664,34.17145458069843,33.33117353625115,33.731307657681384,1252300
2019-08-12,33.69928741455078,33.8513372420747,33.307154734500294,33.41119043374312,1372400
2019-08-13,33.819332122802734,34.067416358918564,33.443208152100425,33.659280928179214,1526000
2019-08-14,33.17912292480469,33.80333427355724,33.11510304836775,33.79532988101432,1626000
2019-08-15,33.73931121826172,33.891361095414894,33.01906853115453,33.18712719333372,1266200
2019-08-16,34.12343978881836,34.18746271808821,33.76331844362869,33.93937844633948,935800
2019-08-19,34.5635871887207,34.70763572865495,33.98739608176506,34.139445961570615,2145700
2019-08-20,34.47555923461914,34.755651913674924,34.25948643101272,34.755651913674924,2634000
2019-08-21,34.62760925292969,35.019739005226405,34.30750071601782,34.643614985053404,4363900
2019-08-22,34.95570755004883,35.08375031184174,34.62759778215571,34.62759778215571,1120300
2019-08-23,34.15544509887695,34.971718983292824,33.93137099237168,34.955713253859486,1531200
2019-08-26,34.13945007324219,34.499571466449936,33.939382971769184,34.275497289690314,1581500
2019-08-27,33.651275634765625,34.13943970251248,33.347172878126784,34.091422513744,1829100
2019-08-28,33.587257385253906,33.675287375841336,33.25914754483407,33.595258724043255,1641800
2019-08-29,34.65961456298828,34.82767014127536,33.52323220623125,33.79532349845921,4164400
2019-08-30,36.01206588745117,38.436877346983074,35.81199885474311,35.948042971649876,11450600
2019-09-03,36.3561897277832,36.41220826550763,35.323842870665025,35.860024228174844,3118200
2019-09-04,36.06808853149414,36.97239247738797,36.0520828007159,36.57225836627507,2396600
2019-09-05,35.707977294921875,36.11611591295904,35.42788455923508,36.11611591295904,2129300
2019-09-06,35.996070861816406,36.17213087984019,35.635949485304835,35.8360165775022,1851600
2019-09-09,35.6839599609375,36.07609273096142,35.299831582650526,36.068088339224474,2620300
2019-09-10,36.724308013916016,36.76432081423622,35.45188142593522,35.555917148992535,3165200
2019-09-11,37.34051513671875,37.34051513671875,36.52424118350105,36.72430823910987,3144400
2019-09-12,37.7326545715332,37.98073581051294,37.5245830874027,37.53258748059778,4153800
2019-09-13,37.036415100097656,37.892701917292115,36.82034229770542,37.524579240378486,4608600
2019-09-16,37.404537200927734,37.43654560897658,36.66828886574764,36.86835591676232,1932200
2019-09-17,37.36451721191406,37.70863274578512,37.164450183048594,37.268485892837205,2841700
2019-09-18,37.27650451660156,37.56459858383328,36.9083787228167,37.38053721333173,2606700
2019-09-19,37.30049133300781,37.39652263659342,36.95637585464762,37.28448560694686,1859200
2019-09-20,37.420536041259766,37.812668764260756,37.20446633476808,37.20446633476808,7062000
2019-09-23,37.34051513671875,37.64461791602284,37.34051513671875,37.54058219232757,1421800
2019-09-24,36.9323844909668,37.564594148820106,36.91637875810221,37.492569877320186,1481600
2019-09-25,37.260494232177734,37.52458119142274,36.99640422015134,37.02041129296051,2179800
2019-09-26,37.372535705566406,37.564598416197114,37.14845847278825,37.540591340563715,1334800
2019-09-27,37.50857162475586,37.59660161976684,37.140448966329096,37.39653455938954,1167400
2019-09-30,37.548580169677734,37.82867585412227,37.44454750807731,37.49256164334498,1630700
2019-10-01,37.468563079833984,37.77266590093362,37.34052026875752,37.61261162389268,1750600
2019-10-02,36.94038772583008,37.45255899264245,36.908376258458915,37.32451617593936,1937700
2019-10-03,37.428550720214844,37.56459487301444,36.77233092402294,37.04442228240359,1593100
2019-10-04,37.88469696044922,37.94871682942618,37.43654566648676,37.56458845722161,1573000
2019-10-07,37.612606048583984,37.91670882460653,37.45255179526786,37.660623240413116,909700
2019-10-08,37.428550720214844,37.788672084657094,37.34052071415324,37.62061341272974,1609300
2019-10-09,37.759124755859375,37.7671864226405,37.396288234747075,37.56561091933345,995000
2019-10-10,38.15422058105469,38.20259982125916,37.51724109279061,37.56562033299509,2402300
2019-10-11,37.7913818359375,38.27516498327923,37.75106734260869,38.15421842749413,1954200
2019-10-14,37.759124755859375,37.912321031085426,37.53335810061279,37.79943924136117,2255400
2019-10-15,37.58173751831055,37.75912494637114,36.90444370074969,37.75912494637114,1592300
2019-10-16,38.03327560424805,38.05746676325837,37.517242657079635,37.58174831337518,1498300
2019-10-17,38.67024612426758,39.00889458945067,38.178401374714916,38.299347914237075,2886800
2019-10-18,38.34772872924805,38.88794965628605,38.33160231825907,38.62187156446389,2235300
2019-10-21,38.61380386352539,38.863758601012194,38.34772579208294,38.34772579208294,1846600
2019-10-22,38.43641662597656,38.70249777455979,38.259032269385926,38.70249777455979,2143700
2019-10-23,38.54123306274414,38.758934960982856,38.259028607137225,38.46866576333124,1784300
2019-10-24,37.96071243286133,38.49287180921924,37.67850479225089,38.40417806719308,1854900
2019-10-25,37.46080017089844,38.04133874995702,37.307603857335245,38.04133874995702,1544600
2019-10-28,37.54143142700195,37.549493095626374,37.14634199683219,37.42048486704419,1588900
2019-10-29,37.484989166259766,37.9123283313017,37.37210427900086,37.70268804504812,1973700
2019-10-30,37.30759811401367,37.74300198127932,37.114084258851705,37.597867358857435,1098600
2019-10-31,37.3398551940918,37.71881512847822,37.097962078604155,37.372104943797915,1637000
2019-11-01,37.52529525756836,37.78331164764979,37.24308771630569,37.30759335172504,1254000
2019-11-04,37.36403274536133,37.58979630867296,37.1463308482546,37.44466171060181,1212700
2019-11-05,37.484989166259766,37.73494086997923,37.29147529247174,37.3076017049373,1420400
2019-11-06,37.57368850708008,37.944589927932334,37.51724758830244,37.565626836883006,1381100
2019-11-07,37.42853927612305,38.001016062981705,37.23502850868202,37.86394311656264,2025600
2019-11-08,37.291473388671875,37.41241993808968,37.01733054235024,37.39629352644741,1257900
2019-11-11,37.146339416503906,37.2914740480521,36.96895196110087,37.28341237998768,972800
2019-11-12,37.39629364013672,37.42854338772079,37.17052695225703,37.24309426696862,1251900
2019-11-13,38.19453430175781,38.22678712790644,37.307603113262054,37.50111391855624,1740200
2019-11-14,37.95263671875,38.34772607109757,37.80750210570789,38.26709402174185,2096300
2019-11-15,38.12196731567383,38.186472968537686,37.525305405677265,37.83976277389151,1349600
2019-11-18,38.73475646972656,38.79925904305321,37.95264239097498,38.025209708341606,1889900
2019-11-19,38.831512451171875,38.8718269445817,38.6057488274379,38.702504226781215,1112100
2019-11-20,38.928260803222656,39.01695451814701,38.6299299150392,38.88794631711107,1208300
2019-11-21,37.767189025878906,38.863760331582036,37.767189025878906,38.72668738047,2533000
2019-11-22,37.759124755859375,37.96070025916642,37.17052157950048,37.78331283200084,1924800
2019-11-25,37.73493576049805,37.87200870999566,37.38016396168949,37.87200870999566,1392000
2019-11-26,37.97683334350586,37.992959757006744,37.50111491052577,37.82363702894575,2837000
2019-11-27,37.944576263427734,38.468670759884404,37.855882544203205,38.11389895878458,1742000
2019-11-29,37.54948425292969,37.90425602903421,37.42047605472822,37.88006795305833,1140200
2019-12-02,38.00907516479492,38.025201573626326,37.210837920327215,37.46885431003374,2485500
2019-12-03,38.363861083984375,38.58155997656788,37.75913441929962,37.86395149326979,4855700
2019-12-04,39.08146286010742,39.42010825782898,38.29128718962544,38.29128718962544,5655700
2019-12-05,38.4041862487793,39.45237881026898,38.363871741760406,39.11373018455093,4524600
2019-12-06,38.50092697143555,38.952457274618396,38.39610683259338,38.56543261866105,2378200
2019-12-09,38.896018981933594,38.960521557690015,38.46061506133239,38.500929555655,2243300
2019-12-10,39.016963958740234,39.347547746120675,38.66219208899989,38.7992619901045,2179600
2019-12-11,38.686378479003906,39.0734031588261,38.62993757210059,39.041150333224564,1994300
2019-12-12,38.46867370605469,38.79925745479263,38.37191831212611,38.62187307855666,1466900
2019-12-13,38.58962631225586,38.8234547037664,38.35579792074531,38.371924334897656,1313200
2019-12-16,38.67024612426758,38.71056061217554,38.37191522279072,38.66218445700529,1364800
2019-12-17,38.50899124145508,38.83957501632662,38.4203005842251,38.5815585615878,1504000
2019-12-18,38.879886627197266,38.95245393620731,38.726687266065895,38.82344572861148,1703300
2019-12-19,38.879886627197266,39.315287405459266,38.750878419601435,39.09758855422741,2323800
2019-12-20,39.64586639404297,39.718433694385,38.87988198307454,39.033078250108645,6268000
2019-12-23,39.59750747680664,39.8635856433235,39.44430806730369,39.81520947257458,1127900
2019-12-24,39.694244384765625,39.831317314835715,39.53298338059992,39.66199156877292,420600
2019-12-26,39.524925231933594,39.79100329805788,39.43623151795946,39.702312659881855,1932100
2019-12-27,39.879703521728516,39.9038946777236,39.50880527165566,39.60556066824019,831700
2019-12-30,39.71037673950195,39.94420507676878,39.57330686470309,39.75875597073593,1285400
2019-12-31,39.84745407104492,39.855518815658904,39.403988467040676,39.71038417059586,1469300
2020-01-02,39.09759521484375,39.96033832682886,38.99277506712815,39.871644592284795,1730300
2020-01-03,39.049217224121094,39.202413540451715,38.95246181779643,39.073405306752534,1658300
2020-01-06,39.11371612548828,39.1459689498303,38.67025055608066,39.07340163296006,4328900
2020-01-07,39.13808822631836,39.39797983547653,39.02438603458071,39.12184461347693,1896600
2020-01-08,38.455867767333984,39.211178641926026,38.32592197698224,39.211178641926026,2245600
2020-01-09,38.675148010253906,38.72387883858021,38.04166273277051,38.43962341872272,2028800
2020-01-10,38.764488220214844,38.97565205519913,38.480232786372774,38.618298826195534,1338700
2020-01-13,38.756370544433594,39.00813877455503,38.561450306713446,38.7644908010189,1513900
2020-01-14,38.610172271728516,38.81321271939455,38.53707758664269,38.77260524949161,2051700
2020-01-15,38.80509567260742,38.959408420727314,38.58581158171483,38.60205519194597,2626700
2020-01-16,39.05686569213867,39.064985947909726,38.74824330425857,38.85382521819288,1544900
2020-01-17,39.00001525878906,39.24366321196385,38.9594077829519,39.040622734626226,2153900
2020-01-21,39.43858337402344,39.544162191410756,38.894433284538835,39.00001520007796,2364500
2020-01-22,39.446693420410156,39.65785719683546,39.332991278404684,39.43857316661734,1619000
2020-01-23,39.76344680786133,39.95836703159431,39.14620511265195,39.34112223823308,4269800
2020-01-24,39.6253776550293,40.161404355484706,39.37360636460645,39.88526920081667,2065900
2020-01-27,39.609134674072266,39.92587730688747,39.34111977051992,39.365486733303,1858400
2020-01-28,39.698463439941406,39.94211132218802,39.55227409096326,39.601001808522035,1325200
2020-01-29,39.25990676879883,39.69035158876349,39.20305568307337,39.69035158876349,1286100
2020-01-30,39.82029724121094,39.82842059523216,39.21117581199485,39.31675772720814,1632900
2020-01-31,39.30051803588867,40.00709809674842,39.25991055618908,39.73908625220939,1997900
2020-02-03,39.690345764160156,39.77156380195754,39.35735955456926,39.47918506218966,1137300
2020-02-04,39.519798278808594,40.03958140369103,39.471067449043936,39.87714840262732,1214900
2020-02-05,39.79593276977539,39.86090720834909,39.50355399249725,39.57664868681679,1482700
2020-02-06,39.11371994018555,39.60913923238298,38.805097527346625,39.487313698902554,1796700
2020-02-07,39.698463439941406,39.79592197320987,38.959396441507835,39.19492097206071,1612400
2020-02-10,39.552284240722656,39.85278326933472,39.406094854229934,39.78781192986668,1039400
2020-02-11,39.576656341552734,39.844671305279846,39.51980524588075,39.560412728767545,1206200
2020-02-12,39.12996292114258,39.53604389533613,39.0243810003697,39.50355667384417,1007100
2020-02-13,39.27614974975586,39.284270005521535,38.8375815827671,39.064985922027155,1342700
2020-02-14,39.50355529785156,39.64974469132132,39.20305625489791,39.34112229420164,1329200
2020-02-18,39.146202087402344,39.74720012600904,39.0000127054382,39.259904251562986,2600800
2020-02-19,38.813209533691406,39.22741064974679,38.56956163612053,39.1055882500369,1840000
2020-02-20,38.77260971069336,38.83758105038343,38.44774371778787,38.75636610123291,1265500
2020-02-21,38.9512825012207,39.20305379599402,38.764485643092755,38.764485643092755,983600
2020-02-24,39.00001525878906,39.16244826028953,38.56957043824188,38.610177914079046,2364600
2020-02-25,38.886314392089844,39.2599081393713,38.650786686918174,39.07311126573057,1793200
2020-02-26,37.87922286987305,39.08934521965283,37.87110261569987,39.08934521965283,2460500
2020-02-27,37.11579513549805,38.033538843307156,37.10767178247726,37.65182180326724,1714700
2020-02-28,36.64474868774414,36.74221035872016,35.207221571445686,36.474195410764366,4508800
2020-03-02,38.967533111572266,38.983776723652056,36.79093866331618,36.82342588747576,4573600
2020-03-03,38.886314392089844,39.80405514978317,38.52084090098759,38.9837729569998,3573700
2020-03-04,42.817176818847656,42.90651512451056,40.429418824409275,40.60809543573509,9420400
2020-03-05,43.12580108642578,43.718682074527585,42.22430386624626,42.80093814437029,4826300
2020-03-06,42.037506103515625,42.9227628568603,41.095398254849464,42.09436029698944,3443800
2020-03-09,40.77052688598633,42.23241764642453,39.982728873096406,40.35632259333529,4004700
2020-03-10,41.63142776489258,41.80198416000541,39.722848074559614,41.34717226995874,5558800
2020-03-11,40.98980712890625,41.24969865763427,40.27510387582849,40.99792738373776,2936000
2020-03-12,38.723876953125,41.22533382053083,38.5127131388109,38.853822724183075,4758800
2020-03-13,40.02333450317383,40.096429192735286,36.888389303551406,39.42233647624765,5263400
2020-03-16,40.039581298828125,41.858825329303905,37.12391993580944,37.781772194226264,5715900
2020-03-17,43.72679138183594,46.73179065774903,40.729915458877585,40.84361761503271,10354800
2020-03-18,40.9979248046875,44.4658558520502,39.24365554705321,43.45065366364722,5091200
2020-03-19,38.57769012451172,40.90047364666029,37.36756753426131,40.819255598033415,5028600
2020-03-20,36.790931701660156,39.552283269671086,36.68534979219607,38.2771893951297,3896700
2020-03-23,34.86611557006836,37.00210253812001,34.14329187204403,36.612265142494046,3699300
2020-03-24,35.32904815673828,36.596022033556125,34.15141259854988,35.67827807602488,4339600
2020-03-25,33.63162612915039,35.556449077649276,33.44482925296418,35.02854567055398,4923300
2020-03-26,35.402137756347656,35.913800626776386,33.05499033377486,33.83466502327933,5066200
2020-03-27,35.88943099975586,36.79093114804555,34.71991905227689,34.91483925926585,3227400
2020-03-30,37.78989028930664,38.01729771645809,36.157446316704885,36.50667616375554,3419300
2020-03-31,37.48938751220703,38.334036504064436,37.2132523840287,37.78176624770777,2287700
2020-04-01,37.343196868896484,38.5695628455623,36.34423828882535,36.63661701433909,2728900
2020-04-02,38.537071228027344,38.61016590105255,36.90462456318134,36.90462456318134,2250400
2020-04-03,40.22637176513672,40.48626328554818,38.15535985641669,38.15535985641669,3582100
2020-04-06,38.667022705078125,40.41316866702653,38.61829188311558,40.34819733589445,3754700
2020-04-07,37.96044921875,39.23554317571673,37.48939382157665,38.764487778543376,3378900
2020-04-08,37.772239685058594,38.64780911897196,37.32218112618676,38.05045821406551,3087900
2020-04-09,39.073326110839844,39.85888333165048,37.338553134501296,37.37128234422322,3517300
2020-04-13,39.68704605102539,39.71977838456388,38.32050390182826,38.86057491910484,1736000
2020-04-14,40.97175598144531,41.21724221292885,40.137100297179835,40.505331205168545,2747700
2020-04-15,41.32362365722656,42.117365546164905,40.52988176828822,42.07644857007475,3471000
2020-04-16,41.822776794433594,42.6656139795372,41.274521206895294,41.749130614660594,4353300
2020-04-17,41.19269561767578,42.13372983841083,40.25166139694074,42.03553284599416,3683800
2020-04-20,41.97825622558594,42.92747204508887,40.9144803605179,41.389089831032926,2461100
2020-04-21,41.27451705932617,42.38739116560986,40.58715382435838,42.06007727180821,1679600
2020-04-22,41.56910705566406,41.74094710596207,40.89810989795363,41.249974641817246,1285300
2020-04-23,41.35633850097656,41.77366463548751,40.77535389589292,41.16813235235196,2428000
2020-04-24,41.528194427490234,41.642754464397626,40.857197250009584,41.58547444594393,2005500
2020-04-27,41.92914581298828,42.12553350024761,41.389074990736106,41.421804190928654,1384500
2020-04-28,41.716392517089844,42.289195711504384,41.46272168372056,41.97006335045913,1673300
2020-04-29,41.06175994873047,41.740938487955695,40.39894444960846,40.70171375746267,2594700
2020-04-30,40.898101806640625,41.71639116600885,40.57896945593121,41.62637883703415,2574100
2020-05-01,41.24996566772461,41.52000264932541,40.24347015012603,40.61988249884885,1911500
2020-05-04,41.552734375,41.77367288567906,40.78354346937856,41.331795864320945,1929000
2020-05-05,41.63456726074219,42.043711977592764,41.12722556434842,41.36453024928811,1555700
2020-05-06,41.372718811035156,41.896423598771705,41.331801838252744,41.69185122096669,1861100
2020-05-07,41.110862731933594,41.7245798103342,41.020850394323936,41.70002900456017,1978600
2020-05-08,41.94552230834961,42.02735313889715,41.200878918765554,41.48728214339143,1182600
2020-05-11,42.51831817626953,42.952013698262434,41.95369959142493,42.043711928471126,1422400
2020-05-12,42.87837219238281,43.336612326829176,42.551055135041004,42.690162855418855,1383700
2020-05-13,42.9601936340332,43.410252181132094,42.50195044485403,42.82108593393184,1535700
2020-05-14,43.344791412353516,43.79484996734606,43.033840559902174,43.1565852210485,2064900
2020-05-15,43.80303192138672,44.12216429769267,43.36933952502493,43.36933952502493,5584700
2020-05-18,41.68365478515625,44.081242624456124,41.60182710579466,43.95850110541374,3283000
2020-05-19,40.603519439697266,41.839138190446995,40.243473224913124,41.77367353965368,2690700
2020-05-20,39.416996002197266,40.54623616521629,38.99148829241872,40.54623616521629,4663200
2020-05-21,38.60689926147461,39.441554934743436,38.37777919797888,39.41700412684979,4266000
2020-05-22,39.564292907714844,39.66248988734956,38.541431114635074,38.62326193099734,1869200
2020-05-26,38.75418472290039,39.64612025324217,38.44323389099904,39.64612025324217,2600300
2020-05-27,39.81796646118164,39.84251414699473,38.402326017970886,38.45960603255255,2155000
2020-05-28,40.521697998046875,40.83264889422536,39.83433466632575,40.20256558002043,2077000
2020-05-29,41.716392517089844,41.78185716629209,40.30075225411721,40.52987228327251,3331200
2020-06-01,42.32193374633789,42.91110006101921,41.33998572650008,42.13372753677737,3166800
2020-06-02,42.559234619140625,42.600151590494434,41.71639745089993,41.896422135971406,3203300
2020-06-03,39.948890686035156,42.54286986486907,39.809782977914004,42.518319058739166,8727400
2020-06-04,39.90797805786133,40.95538758664547,39.53974716992108,40.1370981119012,3947800
2020-06-05,39.42518997192383,39.66249468579427,38.50870656847385,39.52338384191176,4711200
2020-06-08,40.824462890625,40.83264753372709,38.737825277915384,38.90148380316308,3156100
2020-06-09,40.529869079589844,40.99629374294534,40.087995218507714,40.91446605943688,2478000
2020-06-10,40.04708480834961,40.82446041499031,39.99798943882121,40.45622953589455,2055200
2020-06-11,39.25334167480469,40.30075105876335,39.15514470391392,39.5970217083438,2160900
2020-06-12,38.51689147949219,39.6461320090608,38.410512956754204,39.40882727430959,2401400
2020-06-15,39.58884048461914,39.60520664655681,38.197747935179414,38.67235414526696,2087900
2020-06-16,40.235294342041016,40.60352525164571,39.376090967314596,39.54793413948133,2245600
2020-06-17,40.43168258666992,40.6771688033575,40.022537851681754,40.17801172722768,1359100
2020-06-18,40.13710403442383,40.72627354206448,39.74432540317242,40.317128744320044,1303100
2020-06-19,40.210750579833984,40.79992009270476,40.030725868339665,40.36622760213439,2061400
2020-06-22,40.758995056152344,41.200868948066585,40.38257956978104,40.77536121830121,2208400
2020-06-23,40.17800521850586,40.84082070556206,40.10435905327739,40.82445454423061,2161400
2020-06-24,39.981624603271484,40.12891695980264,39.474285998290085,40.09618463134535,1585900
2020-06-25,40.58714294433594,40.77535220668928,39.99797684481765,39.99797684481765,1876500
2020-06-26,39.60519790649414,40.77535169383548,39.40880712810778,40.61987475050134,2212900
2020-06-29,40.30076217651367,40.74263930284397,39.48247258917329,39.82615271752327,1491100
2020-06-30,40.6117057800293,40.68535195448818,40.227108744352165,40.480779594494216,1413900
2020-07-01,40.34984588623047,40.7917197290754,40.235282763910476,40.546233567155795,1434100
2020-07-02,40.3580322265625,40.8080907640974,40.17800756293803,40.47259224104124,1685500
2020-07-06,40.34984588623047,40.79990437000407,40.11254124371362,40.48077204735599,1939800
2020-07-07,40.69353103637695,40.79172488926122,40.096180155581045,40.23528785370656,1646700
2020-07-08,40.529869079589844,40.61988140436477,40.243469065784204,40.587149082350976,1214400
2020-07-09,40.43168258666992,40.799913472464596,40.30893791756283,40.374402573493704,1180300
2020-07-10,41.14359664916992,41.52819372790313,40.50533181342276,40.50533181342276,2111400
2020-07-13,40.77537536621094,41.29908025058037,40.67717835924617,41.17633555263807,1818500
2020-07-14,41.4593505859375,41.61592421862589,40.8000859052123,40.8000859052123,2213400
2020-07-15,40.5528678894043,41.7807451977971,40.4457400385219,41.624168403479636,1625100
2020-07-16,40.833045959472656,41.072029226765224,40.51989557969641,40.51989557969641,2113400
2020-07-17,40.874244689941406,41.170913107052655,40.783598801251934,41.039060826515026,2455200
2020-07-20,40.56110382080078,40.866011677719946,40.27267475086594,40.7918445618632,1488900
2020-07-21,40.66822814941406,41.16267659371607,40.50341514491995,40.50341514491995,2452100
2020-07-22,40.65998077392578,40.74238725999411,39.79470009578458,40.74238725999411,1411400
2020-07-23,40.89897537231445,41.12147671897843,40.462212072445105,40.58582497957181,1853000
2020-07-24,40.70943832397461,41.39342115823066,40.55286155411803,40.997864252225924,1076500
2020-07-27,40.78361129760742,40.841296491542344,40.42925759566015,40.55286737826042,1439700
2020-07-28,41.393428802490234,41.73130058524059,40.80009176210622,40.80009176210622,2220500
2020-07-29,41.36870574951172,41.84666923376139,41.1874076294822,41.69833497984766,1770200
2020-07-30,40.6352653503418,41.368693870982554,40.46220667472932,41.327490621972494,1376600
2020-07-31,40.849525451660156,41.0967480973174,40.3468376241134,40.627024127486685,1615500
2020-08-03,40.964900970458984,41.37693981299494,40.74239961825674,40.94017964586103,2127500
2020-08-04,41.57472610473633,41.648893233311966,40.88250061923282,40.92370388097321,2151300
2020-08-05,40.989627838134766,41.58296166846672,40.71768067721035,41.442869962735045,1835800
2020-08-06,41.104984283447266,41.20387269771209,40.63526038618183,40.99785333422353,1249900
2020-08-07,41.17916488647461,41.27805333317403,40.59406731311934,41.121479697266025,1242400
2020-08-10,41.533512115478516,41.5829547593537,41.03082427870381,41.35221403831871,1104200
2020-08-11,41.01434326171875,41.6653653318111,40.94017615064992,41.48406725061915,1535900
2020-08-12,41.9949951171875,42.25046031325428,41.14619616733703,41.20388134973813,1345800
2020-08-13,42.17629623413086,42.341112400103675,41.640644480620935,42.01972260544048,864700
2020-08-14,42.54713821411133,42.81084286184506,42.06093218042588,42.26695163294332,1246900
2020-08-17,43.0827751159668,43.30527644103658,42.36582849759071,42.56360850107714,1550700
2020-08-18,43.21462631225586,43.527776666697214,42.72842042388893,43.06629209928924,1487800
2020-08-19,43.16518783569336,43.470095683500446,43.041574931757296,43.239354949333645,1033600
2020-08-20,43.18167495727539,43.54426803221664,42.885006467047496,42.96741298384097,1490700
2020-08-21,43.29704666137695,43.42065644034466,42.88500777760353,43.29704666137695,2132500
2020-08-24,43.420654296875,43.758526039145806,42.975654713508675,43.4701000921855,1510600
2020-08-25,43.700836181640625,43.824449084909055,43.29703989902962,43.67611485842962,1359600
2020-08-26,44.07167434692383,44.088156277905405,43.17342954187269,43.59371092288568,1375400
2020-08-27,43.91510772705078,44.566129958498024,43.89038325482883,44.0964027095698,1432100
2020-08-28,42.967403411865234,43.915093861905966,42.794347878986756,43.915093861905966,1827300
2020-08-31,43.35472106933594,43.43712756814951,42.868515181680415,43.14045914265036,2018800
2020-09-01,42.35759353637695,43.577228111922786,42.18453483636852,43.519542926455586,3060900
2020-09-02,43.22288131713867,43.5277892234818,42.31639384932968,42.60482296601736,2801200
2020-09-03,39.99248504638672,43.156943165969615,39.39090877374914,40.98962133462791,6513600
2020-09-04,39.20962142944336,40.40453166959633,38.492671513022955,40.30564321835486,3866100
2020-09-08,37.26479721069336,39.13545409798278,36.69618154594819,39.003601782489596,6034500
2020-09-09,37.569698333740234,38.30312690304036,37.437846041996465,37.75923580664649,3064400
2020-09-10,37.34720230102539,38.03942771679861,37.17414673298385,37.577943058414114,3364000
2020-09-11,37.49553680419922,37.66035297931272,37.05877661221446,37.330720629085725,3329900
2020-09-14,37.759239196777344,38.261927086560256,37.38016421693042,37.65210821773994,2785200
2020-09-15,37.51201629638672,37.891091273968755,37.33896073839581,37.81692415717168,3923100
2020-09-16,37.297752380371094,37.924053143448916,37.17414262127365,37.60266336874619,2494400
2020-09-17,37.569698333740234,37.67682930315911,36.99284337850878,37.273029891415106,2852100
2020-09-18,37.446083068847656,38.14655087865727,37.305991393049574,37.49552885397978,7982900
2020-09-21,37.96525192260742,38.772847532581395,37.31422991314872,37.330711841140804,3348900
2020-09-22,37.62738037109375,38.22895659838775,37.404879057940136,38.055901069359265,3599000
2020-09-23,37.2318229675293,38.05590049555145,37.2318229675293,37.792195938072865,2353800
2020-09-24,38.5750732421875,38.65747974400677,37.042288416939364,37.14941938418964,3078900
2020-09-25,39.19313430786133,39.52276348289292,38.344332187629924,38.509148346949104,2416900
2020-09-28,39.539241790771484,39.86063154301583,39.10248168065549,39.46507468305306,2128900
2020-09-29,39.57221221923828,39.71230392174259,39.32498953366144,39.654618733228226,1693400
2020-09-30,39.860633850097656,40.157302298142135,39.44859503750403,39.72878155581196,2394200
2020-10-01,39.9842529296875,40.2891608179113,38.723414974280374,39.811197356123216,2396100
2020-10-02,40.223228454589844,40.40452338743599,39.44859350509678,39.712298083424386,1298100
2020-10-05,40.363311767578125,40.69294399394503,39.910069814028056,40.379793693257064,3132700
2020-10-06,40.03369903564453,40.50342310672134,39.951289373591564,40.2891611289908,1929200
2020-10-07,40.05029296875,40.3325127764301,39.68506863910145,40.0336914310724,2727800
2020-10-08,40.19139862060547,40.42381696623935,39.726568262176364,40.083493382495476,1697000
2020-10-09,40.23290252685547,40.49021841801204,39.90918049190415,40.133293311163364,1467800
2020-10-12,40.7724494934082,40.87205873669974,40.232913674469465,40.4238266411481,1981800
2020-10-13,41.179176330566406,41.37838846984347,40.79735042493547,40.880354955230935,1246400
2020-10-14,41.054664611816406,41.403290590262024,40.79734867906008,41.07956850297521,956800
2020-10-15,40.80564880371094,40.98826256645024,40.51512978700732,40.764146539384676,1168700
2020-10-16,40.623023986816406,41.2870727010178,40.60642245231948,41.00485294740789,1430200
2020-10-19,40.36571502685547,41.07956530030599,40.24120508002778,40.5151256964809,1729200
2020-10-20,39.56886291503906,40.66454237637481,39.510759108976856,40.5981362172066,2185100
2020-10-21,39.63526153564453,39.9091821404842,39.30323713579391,39.328141023955276,1665000
2020-10-22,39.76807403564453,39.89258398775496,39.35304508383592,39.585460283594465,1486200
2020-10-23,40.2993049621582,40.54002248054738,39.82617227645213,40.025387538737455,1474700
2020-10-26,40.08349609375,40.30761210304585,39.61036335182084,40.2329067666139,2015400
2020-10-27,40.04199981689453,40.656240971425596,39.817883774105084,40.04199981689453,1677400
2020-10-28,39.070831298828125,40.04200084245615,39.02932903052712,39.75978098502117,1913500
2020-10-29,38.821807861328125,39.34474521816839,38.564488775742056,39.09572531825046,1994000
2020-10-30,38.73879623413086,39.18702820870971,38.473177989880995,38.79690319357855,1458400
2020-11-02,39.57716369628906,39.610366774554464,39.06252864885463,39.08742937434377,2348800
2020-11-03,39.751468658447266,40.423816635353624,39.52735266614514,39.74316947343725,1090000
2020-11-04,39.58546447753906,40.32421874981936,39.46925686534799,39.983891933517,1149500
2020-11-05,39.892581939697266,40.16649938729002,39.59376060310921,39.967287273844285,1394900
2020-11-06,39.8344841003418,40.44872523615407,39.61036806438221,39.90088709261505,1104700
2020-11-09,38.28226852416992,39.90918437481841,38.265666986606014,39.54395688125142,3747200
2020-11-10,39.25343322753906,39.25343322753906,37.7759282240394,38.28226397712946,2253200
2020-11-11,40.08349609375,40.14159989248379,39.42774960356062,39.44435114125878,1882900
2020-11-12,40.282711029052734,40.31591410676995,39.685071462241645,40.18310496232085,1177300
2020-11-13,40.830543518066406,40.93845192256455,40.20800014556218,40.39061388141761,1507700
2020-11-16,41.41988754272461,41.477991338295446,40.52342355434131,40.6479334970899,2668100
2020-11-17,40.988250732421875,41.41157877259916,40.77243395396374,41.09615595523206,1841500
2020-11-18,40.70603561401367,41.46138809170451,40.68113172663932,41.07956226043645,2543400
2020-11-19,40.93845748901367,40.963358214045435,40.29931249303373,40.56493078143841,966000
2020-11-20,40.65623092651367,41.311977352687904,40.4404172903448,41.02145522096071,1423500
2020-11-23,40.76414489746094,41.02976317815401,40.44042281576748,40.56492960373129,1702200
2020-11-24,40.979957580566406,41.14596979362413,40.72264165842555,40.97165839480234,1703900
2020-11-25,40.60643005371094,41.37838413702124,40.54002706971174,41.23727581701074,1466800
2020-11-27,40.65623092651367,41.01315603613158,40.42381575426731,40.830542305698444,434100
2020-11-30,41.51949691772461,41.54439764169809,40.49852607135674,40.68943901013256,2449500
2020-12-01,41.71041488647461,41.7768210469715,41.253883615528544,41.48629884442763,1910200
2020-12-02,40.73093032836914,42.1420290254161,40.22459463415652,41.7519009004158,2324100
2020-12-03,40.45701599121094,41.01315316194637,40.26609992290876,40.6811287965032,1793100
2020-12-04,40.257808685302734,40.56492922578899,40.224605608920534,40.35741474802969,1635300
2020-12-07,40.100093841552734,40.50682039424917,39.95068318280977,40.38231362290953,2670400
2020-12-08,40.058589935302734,40.291008283494584,39.502452702798756,40.16649834101969,2952200
2020-12-09,39.245140075683594,39.975591980857,38.697301938408515,39.743176760928144,5747100
2020-12-10,39.270042419433594,39.494158443992234,38.91311725066462,39.187034725289784,2810300
2020-12-11,39.187034606933594,39.427752169593965,39.02102238556714,39.17043306815497,2138800
2020-12-14,38.772010803222656,39.66847501820639,38.69730545197401,39.28664907467784,2238900
2020-12-15,38.863311767578125,39.01272244728556,38.547888869704686,38.863311767578125,1665800
2020-12-16,39.104026794433594,39.319840447586216,38.85501006651304,38.85501006651304,1774100
2020-12-17,39.660160064697266,39.75146692792907,39.079122146711505,39.31153731390581,1777900
2020-12-18,39.48584747314453,39.801270309206956,39.31983528751067,39.65185965877839,4015300
2020-12-21,40.1083869934082,40.16649077791073,38.97120885417747,39.411138412959104,3087900
2020-12-22,39.6435546875,40.27440031792552,39.460944145150606,40.15819274558894,2198300
2020-12-23,39.9340934753418,40.12500644774727,39.685076692483364,39.84278658279566,957000
2020-12-24,40.2993049621582,40.39061182543818,39.842773812177505,39.842773812177505,673900
2020-12-28,40.199703216552734,40.49022220679133,39.900881874353324,40.29930927514604,993400
2020-12-29,40.19139862060547,40.53172537076868,40.116696455645936,40.22460169375593,1135600
2020-12-30,39.85938262939453,40.324216215363066,39.7265734857492,40.14990164161252,1106100
2020-12-31,40.1332893371582,40.17479475612965,39.62695678974692,39.842770402871494,869300
2021-01-04,40.282711029052734,40.39891863464323,39.72657372617828,40.0087935539351,2134000
2021-01-05,40.58983612060547,40.65623911186515,39.95069110182918,39.95069110182918,2479500
2021-01-06,39.76807403564453,40.90525247700264,39.4360496076298,40.57323121540752,3058800
2021-01-07,39.50039291381836,40.09432010738279,39.41673917390963,39.734617003435005,2339800
2021-01-08,39.19923400878906,39.642587527854985,38.780975008594666,39.57566774717661,3143400
2021-01-11,38.50493240356445,39.37491211275438,38.34599509154588,39.19924405351327,1990500
2021-01-12,38.05321502685547,38.58858617420094,37.71024268614579,38.47983791268897,3208900
2021-01-13,38.00302505493164,38.279074423178734,37.51784292925672,38.04485032999163,3058400
2021-01-14,38.371089935302734,38.63041173280878,37.74370126903719,38.2372471474753,2588100
2021-01-15,38.8311653137207,38.88135754416488,38.08666477964552,38.24560524718721,3477100
2021-01-19,38.79771423339844,39.132319592066864,38.66387145171834,38.973382286029135,2570600
2021-01-20,38.51329803466797,38.73079135887737,38.12850043510939,38.68060231001716,2519800
2021-01-21,38.99847412109375,39.00684108934507,38.412910794974295,38.45473925410407,1808500
2021-01-22,38.96501541137695,39.18250871767217,38.37945209141746,39.023571424266564,1770600
2021-01-25,40.15286636352539,40.964289892428496,38.83116631401572,38.965012265314726,4226700
2021-01-26,41.784080505371094,41.859367263404906,39.85172250987885,40.07758278398028,3477800
2021-01-27,44.092872619628906,44.979583041578444,41.80081458730701,41.92629040000374,5732300
2021-01-28,40.7802619934082,44.75372341840695,40.17796787205749,43.49894612630208,6513500
2021-01-29,40.24489212036133,41.90956159305143,39.89355280821015,40.855550038725454,4264500
2021-02-01,40.17797088623047,40.41219816825186,39.676061208160455,40.186337855801185,2367400
2021-02-02,39.53384780883789,40.21142868386823,39.39164124985452,40.21142868386823,2439500
2021-02-03,39.41673278808594,39.55057555919241,38.697326696739864,39.44183050152447,1567000
2021-02-04,39.2578010559082,39.65096564781984,39.03194074934602,39.38328006768625,2046500
2021-02-05,39.734615325927734,39.9353811021689,39.07376516833595,39.29962546995835,1290100
2021-02-08,39.41673278808594,39.91027860486545,39.015204474766506,39.80989732430144,1957000
2021-02-09,39.31635665893555,39.5924092054855,38.92319207120578,39.57567845802213,1480100
2021-02-10,39.77644348144531,40.07759057210129,39.400009618125345,39.558950133229324,1706400
2021-02-11,39.291263580322266,39.78480947994518,39.15742078674981,39.77644251037345,1299800
2021-02-12,39.10722732543945,39.316356883329505,38.764254978142326,39.29126235752312,1694900
2021-02-16,38.57184982299805,39.215969138273714,38.52165758857775,39.06539562607612,1982000
2021-02-17,38.79771423339844,38.93155701507853,38.40454966612282,38.63877373629708,1953100
2021-02-18,39.43345642089844,39.9437328909126,38.596938454596604,38.79770417057667,1992700
2021-02-19,38.74752426147461,39.45019970418793,38.69733201875801,39.40837443078934,1774600
2021-02-22,38.58858108520508,39.00684013779241,38.053210008463424,38.797710611498744,2342600
2021-02-23,38.755889892578125,39.22433804416927,38.52166262571885,38.79771516453252,1747800
2021-02-24,38.68061065673828,38.923198557724774,38.446383344281074,38.72243593683496,1320400
2021-02-25,38.18706512451172,39.25780762419369,38.09504759262073,38.56349584069941,1946500
2021-02-26,38.04484558105469,38.59694743969685,37.9193697715372,38.262342089920004,2432800
2021-03-01,38.078311920166016,38.63877762768972,37.89427688017247,38.05321739328106,1637300
2021-03-02,38.161964416503906,38.37946096414427,37.71861073325378,38.09504461104356,1983700
2021-03-03,38.32089614868164,38.43800817467526,37.76042735005926,38.06157438322193,2009100
2021-03-04,38.312530517578125,38.772614860493924,38.128498695049906,38.52166005445471,1708000
2021-03-05,38.97337341308594,39.13231068293893,38.2456036528309,38.42127166546783,2149500
2021-03-08,39.52548599243164,40.102682416871495,38.839541305625865,39.14905215429096,3157500
2021-03-09,39.2578010559082,39.75134694260398,39.19924503469547,39.40837459361633,2127900
2021-03-10,40.052490234375,40.70497337542942,37.55966651045605,38.06993990552524,6788100
2021-03-11,39.684417724609375,40.244886513919575,39.190871915362685,39.90191421875244,2222300
2021-03-12,40.11940383911133,40.14450154986298,39.72624253604974,39.93537204295636,2259600
2021-03-15,39.81826400756836,40.52930637370641,39.667690480200946,40.32017682914763,1770300
2021-03-16,40.90574264526367,41.039585434165375,39.85172789048193,39.89355316368925,2174200
2021-03-17,40.9559326171875,41.14833143111645,40.228162635619064,40.98939411293094,2803900
2021-03-18,41.42437744140625,41.58331473448755,40.738432842330404,40.738432842330404,1923200
2021-03-19,41.65024185180664,41.884465926148614,41.31563329612066,41.52476284565847,3443800
2021-03-22,42.67915725708008,42.6875210346809,41.31563175156996,41.491299800759236,1921300
2021-03-23,42.3529052734375,42.93846848455067,42.227426302819396,42.86318174039236,1670900
2021-03-24,40.79698944091797,41.775714117898296,40.704971936368345,41.775714117898296,2535800
2021-03-25,41.29890060424805,41.56658615976464,40.646417461559295,41.073040318456506,1740700
2021-03-26,42.553688049316406,42.612244079189445,41.064686390720205,41.399295010907,3137600
2021-03-29,43.465476989746094,43.691337245537646,42.61222819822127,42.620595165693054,2918500
2021-03-30,42.98029327392578,43.64950699741706,42.85481430468122,43.46547202680843,2733000
2021-03-31,42.0517692565918,43.01376324815442,41.926290253270594,42.78790614787804,2415400
2021-04-01,41.80081558227539,42.19397696735975,41.01448642997928,41.95975289189982,2994700
2021-04-05,41.90120315551758,42.67079848516922,41.63351754598099,41.90956693472502,2688500
2021-04-06,41.90120315551758,42.22744479269878,41.48294399173364,41.892839376310135,2575000
2021-04-07,41.47982406616211,42.0865970240761,41.2438537685413,41.92647696285623,2376600
2021-04-08,41.0837287902832,41.538810865360745,40.906753499356384,41.34498032556327,2176400
2021-04-09,40.51066589355469,41.21857031935161,40.12300478806857,40.99945849901909,1661600
2021-04-12,41.15114974975586,41.210141513346514,40.53594441835049,40.61179143079704,1732400
2021-04-13,41.17644119262695,41.47140008348098,40.88147908696213,41.2101516986705,2345100
2021-04-14,40.822479248046875,41.23542482851371,40.53594643287666,41.16800382973946,1477000
2021-04-15,41.19328308105469,41.429250117181645,40.856184559607804,40.856184559607804,1688700
2021-04-16,41.63151550292969,41.85905333864554,41.151152134533675,41.37026395273827,1479000
2021-04-19,41.850624084472656,41.98546285789577,41.420826498814584,41.47981826126157,1361900
2021-04-20,42.255149841308594,42.57539320526008,41.783215636338674,41.86748868299454,2185800
2021-04-21,42.60067367553711,42.836643988397235,42.33942530692816,42.53325588244179,1337700
2021-04-22,41.74107360839844,42.44055207355117,41.74107360839844,42.44055207355117,1707300
2021-04-23,41.10059356689453,41.698940573863496,40.906762982164196,41.51353600811676,1938500
2021-04-26,40.38425064086914,41.184857284974285,40.283122361924185,41.14272076998139,3295200
2021-04-27,40.468528747558594,40.527520514224776,39.97973614968434,40.32526073221918,2488200
2021-04-28,40.089298248291016,40.82248401410505,39.988169953133,40.61179819055304,1971200
2021-04-29,40.468528747558594,40.6033675306256,40.055583166085164,40.07243841581981,1581700
2021-04-30,40.240989685058594,40.5780882667738,40.13143216377961,40.5780882667738,1893600
2021-05-03,40.78877639770508,41.00788823792116,40.13143444743581,40.257847226475036,1786800
2021-05-04,40.6623649597168,40.98260831965015,40.40954260811073,40.864624769888025,1535200
2021-05-05,41.16800308227539,41.277560595889284,40.367399632633415,40.57808542776238,2311300
2021-05-06,41.9854621887207,42.10344571173423,41.41239660710364,41.51352488185668,2397200
2021-05-07,41.7579231262207,41.96018290006313,41.19328674954441,41.91804638483222,2070200
2021-05-10,42.263572692871094,42.57538677618527,41.6820778283977,41.6820778283977,1769600
2021-05-11,42.16244125366211,42.54167633650183,41.87590843716212,42.46582931993389,2103000
2021-05-12,41.46295928955078,42.187718837173705,41.437674811622536,42.187718837173705,2162500
2021-05-13,41.766361236572266,42.12031189752448,41.11744847668249,41.28599778824528,1904300
2021-05-14,41.5219612121582,42.20458441676759,41.51353197918192,41.85063057240369,1160900
2021-05-17,41.59780502319336,41.90961910822205,41.083731154885676,41.420829722080605,2350500
2021-05-18,41.134300231933594,41.71579193183345,41.07530846012392,41.488250862791645,2326500
2021-05-19,40.72977828979492,41.27755941254032,40.502237251801596,41.21014163173305,2103900
2021-05-20,41.17644119262695,41.58095762071711,40.59494621521359,40.721359005471484,2955600
2021-05-21,41.18485641479492,41.80848775386741,41.100583386589705,41.269132657810104,2653900
2021-05-24,40.99103546142578,41.218576548548974,40.76349437430259,40.788778860523415,1366800
2021-05-25,40.797203063964844,40.999462870677604,40.283129136096704,40.999462870677604,1772000
2021-05-26,40.755069732666016,40.948900321252,40.6455121948354,40.70450397332631,1388000
2021-05-27,40.299983978271484,41.04159897559956,40.29155795986561,40.81405790091445,2532400
2021-05-28,41.01630783081055,41.11743932412323,40.35896919832811,40.39267969609901,2086600
2021-06-01,41.18485641479492,41.387116183221394,40.974170629471914,41.14271990069231,1432800
2021-06-02,41.850624084472656,41.850624084472656,40.92360791903997,41.31969500763979,1760300
2021-06-03,41.64836883544922,42.137161451394334,41.1427241839566,41.84220260715869,1964100
2021-06-04,41.86748504638672,41.93490283489338,41.37869241676934,41.61466271356859,1315600
2021-06-07,41.68208312988281,41.94333471199112,41.37869502545009,41.82535116355852,1342400
2021-06-08,41.395538330078125,41.84219433927611,41.10900556023418,41.783202582085565,2601200
2021-06-09,38.69876480102539,39.67634996388059,37.70433081862281,37.88130611266657,12374500
2021-06-10,38.53022384643555,39.13699682284781,38.26054625362776,38.56393113442865,4541800
2021-06-11,38.85888671875,38.89259721592086,38.48807767949051,38.59763518789081,3357100
2021-06-14,38.614501953125,38.79147729383937,38.26897729109703,38.76619602082615,2739200
2021-06-15,38.23526382446289,38.79147429137945,38.07514374975427,38.724056496958696,3172000
2021-06-16,38.361671447753906,38.437518465528605,38.091993876735025,38.37009746536877,3054500
2021-06-17,38.50493621826172,38.73247727139308,38.05828334441696,38.445944450576945,3803700
2021-06-18,38.15098571777344,38.43751853938283,38.05828344978066,38.37009753909345,4264200
2021-06-21,38.3869514465332,38.4796537112836,38.06670813598004,38.21840216651522,2224300
2021-06-22,38.420658111572266,38.77460867096085,38.218398352771786,38.47122385497484,2237200
2021-06-23,38.108848571777344,38.42066265594991,38.091993321982855,38.30267912219868,1868600
2021-06-24,38.09199523925781,38.37009883783912,37.729615387462204,38.04985872005584,2983000
2021-06-25,38.563926696777344,38.6566289614145,38.00771632376455,38.1004185884017,3952700
2021-06-28,38.64820861816406,38.74091089641115,38.44594880973308,38.56393235848007,1580500
2021-06-29,38.454376220703125,38.799900832006124,38.43752096956512,38.67348805587631,1380500
2021-06-30,38.420658111572266,38.69033564676637,38.2521088483735,38.49650511927122,2904100
2021-07-01,38.53022384643555,38.73248043363614,38.31110879302266,38.353245314121914,1683700
2021-07-02,38.47966003417969,38.74091162187638,38.38695775419665,38.64820934189334,1832400
2021-07-06,38.37852096557617,38.47964923590117,38.150979946237605,38.4375127244999,1738300
2021-07-07,38.8336067199707,38.934734999971965,38.26896712577604,38.26896712577604,4122700
2021-07-08,38.64820861816406,39.339257873519806,38.48808533216978,38.80832868934775,3408500
2021-07-09,38.46279525756836,38.82517505423459,38.36166698390634,38.63977054017935,2078700
2021-07-12,38.3869514465332,38.52179022758557,38.23525741599803,38.35324094756758,2465500
2021-07-13,37.987613677978516,38.53988402825369,37.83467737301423,38.31897459168869,3267700
2021-07-14,37.69874572753906,37.953638565687726,37.23144165074347,37.93664851879766,2971300
2021-07-15,38.284996032714844,38.3359726466236,37.58828755276835,37.58828755276835,2156700
2021-07-16,38.684329986572266,38.735309845704016,38.3444739824412,38.386955577815336,2197100
2021-07-19,39.007198333740234,39.245097875311544,38.318984778445575,38.70132564249816,2804100
2021-07-20,38.47191619873047,39.49998888848439,38.412441320951864,39.177122951159284,2971000
2021-07-21,37.885658264160156,38.5823666765512,37.84317667630946,38.45491867186172,2843300
2021-07-22,37.61376953125,37.826180696499115,37.3673718016881,37.74121428571717,3165600
2021-07-23,37.86867141723633,37.97062789363476,37.48633057931977,37.69874179581364,1828500
2021-07-26,37.817691802978516,38.0640895935776,37.73272861228681,37.97062813913395,1612300
2021-07-27,37.97062301635742,38.31048221554832,37.792198395294086,38.01310784710943,2274900
2021-07-28,37.469337463378906,37.99611961629749,37.231437936988556,37.86017656676901,2038200
2021-07-29,37.333396911621094,37.724236041160076,37.30790860098483,37.469339970244775,1610700
2021-07-30,37.14647674560547,37.64776737543353,37.137978481412475,37.375881261744226,3388000
2021-08-02,36.798118591308594,37.17196114804504,36.75563375708631,37.14647284042191,3087000
2021-08-03,36.83210372924805,37.18895625917946,36.543224344498974,36.6961606800213,2011700
2021-08-04,36.067420959472656,36.78112269245022,35.99095280089872,36.72164781813022,2545600
2021-08-05,35.8805046081543,36.169384010805054,35.83802301035175,36.10990912565385,1817300
2021-08-06,35.939971923828125,36.1863696767814,35.778540589722944,35.8550087461175,2600300
2021-08-09,36.186378479003906,36.20337176690709,35.89749906692631,36.041937152395974,1781500
2021-08-10,36.118404388427734,36.220364113196204,35.93148470862855,36.07592279034329,2165000
2021-08-11,36.39029312133789,36.65368096961826,36.05043386022617,36.203370203612636,2074400
2021-08-12,36.186378479003906,36.551726066076704,36.10991030400871,36.40728473946877,1684900
2021-08-13,36.687660217285156,36.73864006861247,36.29682441385483,36.34780102404467,1417900
2021-08-16,36.90856170654297,37.41835043124388,36.70464880957225,36.78111695622054,2461200
2021-08-17,37.299407958984375,37.5543007503641,36.95105372116662,36.95105372116662,4285700
2021-08-18,36.347808837890625,37.29091522279603,36.32232052731637,37.24843362479289,2054400
2021-08-19,36.70465850830078,36.89157817305885,36.39878584088477,36.39878584088477,2308000
2021-08-20,36.77262496948242,37.20594562147396,36.509237162524435,36.77262496948242,4783100
2021-08-23,36.126895904541016,36.74713619590534,36.09290933596658,36.74713619590534,3213100
2021-08-24,35.70207977294922,36.21186542628948,35.62561160083437,36.203370403227005,3436800
2021-08-25,34.92890167236328,35.43019228317472,34.80995190727887,35.07333974678348,4862500
2021-08-26,34.35114288330078,34.886420067176736,34.249186404846604,34.665510582531674,4937900
2021-08-27,35.175296783447266,35.27725325415186,34.02827433375399,34.19820394568682,3940200
2021-08-30,34.801456451416016,35.251770479890126,34.7504798286313,35.03086097736209,2647400
2021-08-31,35.4556770324707,35.56613176373196,34.487082481309045,34.75896855738468,5239600
2021-09-01,36.186378479003906,36.87459205396067,35.71907440565027,36.25434838947838,4993600
2021-09-02,36.37331008911133,36.73865776341272,35.96548080547841,36.04194575759173,4880300
2021-09-03,36.57720947265625,36.90857043948987,36.30532338493955,36.40727985754885,2893400
2021-09-07,36.432777404785156,36.85759989192679,36.23735944963661,36.56872047102494,3510800
2021-09-08,36.55171585083008,37.18894938398722,36.38178626042737,36.62818400445443,3398900
2021-09-09,36.36479949951172,36.67916719140112,36.25434475976866,36.57721071532795,2576200
2021-09-10,36.66217041015625,36.75562860538784,36.06741846692088,36.50923410357752,2283700
2021-09-13,37.23993682861328,37.639267720196074,36.806616122652834,36.823609409272656,3261900
2021-09-14,36.840599060058594,37.36737792873274,36.59420129009541,37.23993315336874,2845500
2021-09-15,37.38437271118164,37.50332246940789,36.84060053578287,36.95955029400912,3120400
2021-09-16,36.976539611816406,37.62226819052724,36.75563016355449,37.43534855100271,3001600
2021-09-17,36.696163177490234,37.129483904673776,36.60270495821085,36.874591075168375,9252200
2021-09-20,36.19486999511719,36.61969242811686,35.98245877861735,36.29682971265643,3753900
2021-09-21,35.87200164794922,36.41577375823749,35.70207205319978,36.19486431272198,1985400
2021-09-22,35.99095916748047,36.18637710926265,35.481170273096474,36.1608887989418,2552500
2021-09-23,35.922977447509766,36.27133165037885,35.888994122236156,35.99095058033171,1467700
2021-09-24,36.0504264831543,36.3053192562598,35.91448345475553,35.99095161080093,1229800
2021-09-27,35.90599060058594,36.46675608233685,35.804034124214304,36.126900080718755,2058100
2021-09-28,35.736061096191406,36.15238522897641,35.49815835060517,35.990953885405965,2067400
2021-09-29,36.40727615356445,36.534724162213216,35.693574435633856,35.727561003425194,1914200
2021-09-30,35.52365493774414,36.50924290602457,35.515156673586745,36.42427647014118,2791100
2021-10-01,35.28575134277344,35.61711233221388,35.14980828964048,35.5661357130003,2116800
2021-10-04,35.77853775024414,35.846507638790875,35.22626741554227,35.22626741554227,2477600
2021-10-05,36.160884857177734,36.28832963602785,35.55763456919118,35.6086144254139,3839100
2021-10-06,36.42658996582031,36.44373228285763,35.74948315587826,36.22088543093517,1997300
2021-10-07,36.169456481933594,36.62371637379813,36.032321235169086,36.42658466092178,2477000
2021-10-08,36.17802047729492,36.486575552765856,36.07516987532517,36.14373585345111,1578200
2021-10-11,35.8866081237793,36.42657951202304,35.84375397826573,36.22944782701126,1525900
2021-10-12,35.79233169555664,36.135171443363916,35.646626927953946,35.92946694076712,2252500
2021-10-13,35.57805633544922,35.835187771436516,35.226647078436876,35.77519130825602,2046300
2021-10-14,35.5609130859375,35.740902454193765,35.36377813644353,35.586624918670786,1940600
2021-10-15,35.278076171875,35.72376654666615,35.07237166444746,35.57805850607951,2022900
2021-10-18,35.02095031738281,35.39807145824223,34.7723916413434,35.192370206705256,2183300
2021-10-19,34.986663818359375,35.123799068585896,34.55811575270621,35.05523307825377,1956200
2021-10-20,35.38092041015625,35.59519440153474,34.92666059469358,35.03808398568765,1728200
2021-10-21,34.82381057739258,35.449490250346635,34.635248415562536,35.449490250346635,2246300
2021-10-22,34.883819580078125,35.055239491613136,34.720969192816575,34.823823101475305,2424900
2021-10-25,34.455257415771484,34.88380538544635,34.31812219625799,34.88380538544635,3000200
2021-10-26,34.94381332397461,35.012379321484914,34.33527579173426,34.37812994887353,2359700
2021-10-27,34.20670700073242,35.218080712941045,34.129568216934736,35.19236887486259,2946600
2021-10-28,34.446685791015625,34.472400893368096,34.07813426305943,34.172415342707986,2496400
2021-10-29,34.24099349975586,34.686683911623724,34.24099349975586,34.42098291525178,1905900
2021-11-01,34.635257720947266,34.652400037497564,34.20670961587761,34.215279139371475,2086300
2021-11-02,34.60954284667969,34.71239346740196,34.19813709422832,34.635254684469686,1737500
2021-11-03,35.62948226928711,35.6723364175528,34.60096636310091,34.60953915449121,2731900
2021-11-04,35.10665512084961,35.85233107449058,34.986662191177395,35.61234194558403,2058800
2021-11-05,34.90952682495117,35.372359544272754,34.84953035424976,35.20951244802069,1854500
2021-11-08,34.978092193603516,35.03808865762442,34.65239476780285,34.86666878775238,1370600
2021-11-09,35.38092041015625,35.57805208987706,35.02094167402998,35.12379227441439,1786000
2021-11-10,35.49235153198242,35.71519509294801,35.14951176327591,35.43235506289314,1497000
2021-11-11,35.08094024658203,35.40663764860482,35.063797933890115,35.36378023209411,1613800
2021-11-12,35.612342834472656,35.7066239300147,35.14094062632464,35.22664892978349,1786500
2021-11-15,35.76662826538086,35.88662122444782,35.32093779630149,35.74091642259877,1818700
2021-11-16,35.466644287109375,36.083751373317924,35.44950196949764,35.86947730751541,1338400
2021-11-17,35.64663314819336,35.69806010020695,35.29522381667391,35.41521676847625,1293400
2021-11-18,35.13236999511719,35.5094910958222,34.76381841666276,35.5094910958222,1772900
2021-11-19,34.78095626831055,35.466632395057076,34.712387020855054,35.27807023411616,1911200
2021-11-22,35.19236373901367,35.4152072654847,34.378121866546195,34.62668049690523,1665800
2021-11-23,35.57805633544922,35.75804899455273,35.13236925741183,35.30378585532066,2185700
2021-11-24,35.44092559814453,35.74948074488151,35.19237019177302,35.63806059599728,1459900
2021-11-26,35.58662796020508,35.97232183197719,35.338069324000614,35.338069324000614,1342100
2021-11-29,35.31236267089844,35.77519538494226,35.28664756263218,35.59520270532806,1690300
2021-11-30,34.566680908203125,35.38949222777964,34.50668118427006,35.18378776310474,4697000
2021-12-01,34.20670700073242,35.05523362250696,34.15528005501319,34.59240091972085,2437400
2021-12-02,34.72953414916992,34.900954022020265,34.343840252647176,34.343840252647176,2268300
2021-12-03,35.25236892700195,35.58663593425108,34.7981057008764,34.86667496880578,2222600
2021-12-06,35.398067474365234,35.972323548531364,35.31235917413128,35.50091808855839,2705900
2021-12-07,35.24378967285156,35.78376111533884,34.95237687669866,35.30378613650992,3807500
2021-12-08,35.852333068847656,37.11226217005409,35.252365117550056,35.252365117550056,4397700
2021-12-09,36.15230178833008,36.15230178833008,35.132358944109605,35.74946570846267,3706000
2021-12-10,36.98369598388672,37.07797380325691,36.30658931752119,36.383728093050955,2738500
2021-12-13,37.420806884765625,37.729361932073125,36.880835551977505,37.189390599285005,3331800
2021-12-14,36.91513442993164,37.79794250213553,36.837995638312485,37.46367549497338,4116200
2021-12-15,37.27511215209961,37.61794864254429,36.93227239209266,36.97512654470297,3207100
2021-12-16,37.86650848388672,37.969359107265724,37.146547581108976,37.30082515095866,3059500
2021-12-17,36.95798873901367,38.17506709292878,36.7694297906097,37.82365776734901,6867000
2021-12-20,37.04369354248047,37.257967562009746,36.598003189512134,36.68371148949902,3206000
2021-12-21,36.255157470703125,37.00940281052223,36.11802225160524,36.8379829692595,2556900
2021-12-22,35.97231674194336,36.426576532441196,35.869462877649866,36.186590721545954,2414300
2021-12-23,35.9637451171875,36.20373420542089,35.852324998267896,36.02374157185546,1890500
2021-12-27,36.15230178833008,36.15230178833008,35.792319845359806,35.92945504516728,1934300
2021-12-28,37.163692474365234,37.18940431460283,36.109464520310084,36.11803404386842,2623400
2021-12-29,37.04369354248047,37.300821712003184,36.76085026731204,37.24082524809995,1530100
2021-12-30,36.98369598388672,37.232251354316446,36.88084210347238,37.172254892189066,1336400
2021-12-31,37.2494010925293,37.326539883434904,36.95798824572617,37.07798119389876,1083900
2022-01-03,37.4893913269043,37.5665301200084,36.863708188636146,37.20654799566834,2815000
2022-01-04,37.81507873535156,38.24362678216513,37.54080824695585,37.566523353066906,2727500
2022-01-05,38.2731819152832,38.62756310719459,37.99659187755789,38.03116645657689,3807700
2022-01-06,38.92143630981445,39.37089589779091,38.15217014283641,38.376901585431135,5655500
2022-01-07,39.63020324707031,40.0450916053609,38.87822427994367,39.03380658999931,3677100
2022-01-10,39.621559143066406,40.09694804418546,39.561055280953795,39.77714144484547,3842900
2022-01-11,38.95601272583008,39.8117153716274,38.33368352888657,39.699349645020796,2756500
2022-01-12,39.07701873779297,39.189384459481666,38.65349172846425,38.79178673315304,1895500
2022-01-13,39.65613555908203,39.85493444341313,39.04244831929705,39.128884767188836,2249500
2022-01-14,40.08831024169922,40.13152681955543,39.35361522928944,39.63020528422545,1814700
2022-01-18,40.01051712036133,40.13152485130933,39.4486917441446,39.97594254088665,2993000
2022-01-19,39.794429779052734,40.425400998526946,39.682064047657434,39.95001208491907,3406600
2022-01-20,38.748573303222656,39.79442956703039,38.72264072090758,39.72528041047455,5925300
2022-01-21,39.15481185913086,39.36225602523484,38.80043068566364,38.88686712871245,2199300
2022-01-24,39.17210388183594,39.794433158145544,38.48927073668663,39.275824328816356,2421600
2022-01-25,38.36825180053711,39.10294660334941,38.299105955136156,39.00786818086207,2721400
2022-01-26,37.62492370605469,38.541130274324935,37.39155024157415,38.1694617898426,4375500
2022-01-27,38.212677001953125,38.61027475812049,37.84100853073177,37.84100853073177,1758300
2022-01-28,38.22132110595703,38.29911225558813,37.763216203812526,38.05709351383964,2465400
2022-01-31,38.1348876953125,38.333686583016394,37.806439079391325,38.0657418330393,4713900
2022-02-01,38.16081619262695,38.3423277710237,37.59034887679929,38.10031233316137,2444800
2022-02-02,38.49790954589844,38.73128298520417,38.02252067199995,38.07437923814811,2105800
2022-02-03,38.54977035522461,38.869580252075075,38.2818256219663,38.50655378184874,1681200
2022-02-04,37.24460983276367,38.42011904430918,37.114956820791164,38.42011904430918,3403100
2022-02-07,37.63356399536133,37.81507556675063,37.037164121920874,37.339686704782636,1871600
2022-02-08,37.70271301269531,37.94473175874472,37.590350581286046,37.815078741317784,1838600
2022-02-09,37.564422607421875,37.815083380014954,37.52120602871601,37.76322150723975,1684300
2022-02-10,37.331050872802734,37.8583017304444,37.23597571408586,37.56442436539235,2090500
2022-02-11,38.16081619262695,38.25589133092069,37.35697543434074,37.4434085772307,2167400
2022-02-14,38.057090759277344,38.42011719701774,37.27918261648433,38.27317690403311,1769300
2022-02-15,38.14352798461914,38.54112570786414,37.970658405795625,38.169457267418125,1911200
2022-02-16,37.74592971801758,38.55841580860131,37.49527227250971,38.21267662572995,2240600
2022-02-17,38.19538879394531,38.34232909860161,37.67678332422308,37.68542531992608,3976600
2022-02-18,38.85228729248047,38.87821657327877,38.11759246347248,38.16945432228179,6644600
2022-02-22,38.6275634765625,39.09431040614213,38.36826072586716,38.85229494512159,2858000
2022-02-23,38.61027145385742,38.95601061054444,38.480621743009515,38.809073612140885,2343000
2022-02-24,37.63356399536133,38.4979085797442,36.66549568685921,38.307751716071834,3558800
2022-02-25,39.05973434448242,39.09430892251993,37.676784195114415,37.79779192103246,1959100
2022-02-28,38.86958312988281,38.98194556953647,38.368261609409174,38.51520192642206,2060200
2022-03-01,38.38554000854492,39.137518817867075,38.10895002586982,38.757208415991975,2365000
2022-03-02,39.025169372558594,39.37090531718646,38.18675385428158,38.46334392886938,3468700
2022-03-03,39.37089920043945,39.68206381031098,39.04244730144026,39.0770218796956,2194100
2022-03-04,39.37089920043945,39.64748923205564,38.817719137207085,38.89551028967497,3354300
2022-03-07,39.344970703125,39.647490025883144,38.65349561023973,39.16345910947012,3639700
2022-03-08,36.56177520751953,39.46597353443513,36.55313321246178,39.24124539359155,6265800
2022-03-09,36.847015380859375,38.013879403700834,36.76922422618906,36.976665107167676,3872000
2022-03-10,36.19011306762695,37.51256275195796,36.06910533249378,36.613643437806545,2580000
2022-03-11,36.44940948486328,36.734644779934385,36.17281948206198,36.29383049334885,2412600
2022-03-14,37.002593994140625,37.25325142551805,36.07774552389188,36.21604052980161,2087100
2022-03-15,37.57305908203125,37.75457064831816,37.132241509948386,37.175458078510104,2424100
2022-03-16,36.872947692871094,37.59899743031046,36.53585376070525,37.59035543339933,1988600
2022-03-17,36.94209289550781,37.25325420914544,36.59635370629275,36.907518317143655,1439400
2022-03-18,36.67414093017578,36.9680182203621,36.475342071698705,36.88158178371146,3758900
2022-03-21,36.708717346191406,37.322401239735925,36.69143005799413,36.82972506635927,1528000
2022-03-22,37.158180236816406,37.33104653966465,36.708720595541536,36.7865117507086,1999700
2022-03-23,37.17545700073242,37.87557726110077,37.15817301157909,37.42611770722127,2260100
2022-03-24,37.44340896606445,37.650853127252844,37.166818949288654,37.1927482329823,1405000
2022-03-25,38.48927307128906,38.506560363036634,37.50392052217376,37.58171168643096,1947300
2022-03-28,38.16081619262695,38.29046590696189,37.60763286760684,38.20403276407193,1513800
2022-03-29,38.662139892578125,38.85229679082112,38.350975258076325,38.49791557868596,1665700
2022-03-30,38.11759567260742,38.54112597884217,37.83236366817422,38.41147296950972,3071700
2022-03-31,38.52384948730469,38.66214453064999,37.96202401903157,38.13489364751668,1952700
2022-04-01,38.938724517822266,38.94736981047185,38.02252132975004,38.46333563570005,1885500
2022-04-04,38.88686752319336,38.904151514765296,38.07438143635824,38.8522929456231,1893500
2022-04-05,38.791786193847656,39.36225349240955,38.70534975636073,38.87821933412163,2552600
2022-04-06,39.12296676635742,39.25369754808286,38.65233994169209,38.87893952006661,2165300
2022-04-07,39.35828399658203,39.454152802530714,38.92251911472234,39.13168772084877,1545400
2022-04-08,39.62845993041992,39.68946674869597,39.23627086677229,39.48901529941435,1665900
2022-04-11,39.889915466308594,40.16880470922136,39.71560885833261,39.85505347978899,1428900
2022-04-12,39.837623596191406,40.16009199354692,39.52387235801962,39.75047195208685,1536900
2022-04-13,39.924781799316406,39.9509266297414,39.506447889404534,39.733044177206736,1451900
2022-04-14,40.26467514038086,40.46512658405293,39.97706872688039,40.09036852534623,1424400
2022-04-18,39.62845993041992,40.343114079901284,39.47158430496087,40.26467626717176,1118300
2022-04-19,40.26467514038086,40.38668877351845,39.68074847870816,39.68074847870816,1458800
2022-04-20,41.083900451660156,41.17976922942467,40.299525889681945,40.299525889681945,1427700
2022-04-21,41.38024139404297,41.65913071050277,40.96190741935326,41.08392107972656,1774900
2022-04-22,40.909610748291016,41.65041312980045,40.89217975200134,41.45867549523663,1964200
2022-04-25,40.81373596191406,41.25821462990917,40.03807176445219,41.03161837898696,2012300
2022-04-26,40.40412139892578,41.13620655193372,40.37797656923266,40.79631046743401,1892700
2022-04-27,40.99675750732422,41.22335376439805,40.47383769737995,40.61328231510737,2526900
2022-04-28,42.06874465942383,42.08617565471598,40.953187557705306,41.223359673177654,2802300
2022-04-29,41.15363693237305,42.11231835253142,41.092630114251456,41.86829108004505,2354700
2022-05-02,40.87474822998047,41.781136679304566,39.85505665313522,41.47610258452563,2969300
2022-05-03,41.06648254394531,41.545823260836684,40.787593278676795,40.9531860656078,2125700
2022-05-04,41.83342742919922,41.87700325118021,40.9618976910909,41.07519748793917,1837400
2022-05-05,42.37377166748047,42.60037124369852,41.65911760332543,41.65911760332543,3219400
2022-05-06,43.28887939453125,43.445755009368796,42.277905057034836,42.330198036854696,3050400
2022-05-09,44.78791046142578,45.26725112840158,43.001275252903994,43.14943370512734,6194400
2022-05-10,43.21044921875,44.875071009117235,43.07100125866419,44.596178413567976,3560500
2022-05-11,43.0099983215332,43.750800715570726,42.84440884091483,43.14072913360531,1953100
2022-05-12,43.58519744873047,43.80307986680467,43.17558076349383,43.31502537807644,2036900
2022-05-13,44.05583190917969,44.07326290460286,43.437046532457735,43.750797800830114,1706000
2022-05-16,44.15169143676758,44.343429021478464,43.7246404502629,44.12554661144218,1143000
2022-05-17,43.82051467895508,44.14298307954159,42.34763060124885,43.82051467895508,2909600
2022-05-18,40.2821044921875,43.51547893700916,40.11651171857526,43.15815188683509,3912200
2022-05-19,40.14265823364258,40.58713690734297,39.23626656907571,39.916058655189914,2583200
2022-05-20,40.116512298583984,40.5174185000031,39.175261921555176,40.24724308757619,3409700
2022-05-23,40.22981643676758,40.86603280765516,40.038078812114016,40.526136709131066,2285900
2022-05-24,41.62425231933594,41.72012110747386,40.299530250260524,40.40411287158299,2615900
2022-05-25,41.81599426269531,41.885718233939684,41.240784798416975,41.624256666395226,2121100
2022-05-26,41.74627685546875,42.12974875320336,41.52839441535591,41.66783904404324,1849100
2022-05-27,42.01644515991211,42.04259331110791,41.545818333850534,41.82471089066701,1554200
2022-05-31,41.75498580932617,41.94672339809157,41.0229007631386,41.79856162733054,5458500
2022-06-01,40.96189498901367,41.815993677064014,40.282102902011175,41.71141104628406,2458200
2022-06-02,39.87248611450195,40.90089148681298,38.922518552778115,40.83988467020319,4454700
2022-06-03,39.85504913330078,40.18623131987508,39.55872892944413,39.92477309873607,2478400
2022-06-06,40.011932373046875,40.24724581440252,39.76790509665833,40.09037018683209,1998600
2022-06-07,40.61328125,40.648143234673064,39.48901050357945,39.53258632210986,3181400
2022-06-08,41.23207092285156,42.04259380233154,40.19494846167722,41.35408454778456,5123400
2022-06-09,40.96189498901367,42.530647749200455,40.93575016247416,41.449952807023244,3877100
2022-06-10,40.90088653564453,41.632971570963235,40.499983696561415,40.744010933460395,2851300
2022-06-13,39.96834945678711,41.03161667174137,39.785329031970235,40.70043448067629,2676800
2022-06-14,39.60231018066406,40.46512608592193,39.079393666619495,40.05550604432634,2569100
2022-06-15,39.489013671875,40.029361179173414,39.21883825591474,39.66331695998137,2610500
2022-06-16,39.37571716308594,39.71561325774829,38.66977681866402,39.18397954061081,2649600
2022-06-17,39.55873107910156,40.13394052671345,38.948659646877594,39.62845504832571,8967700
2022-06-21,40.96189498901367,41.20592223570751,39.59359365641424,40.4738371710041,3000100
2022-06-22,40.93574905395508,41.310507072442014,40.430260257066905,40.84859409348032,2385600
2022-06-23,41.31051254272461,41.484815837511526,40.81374083841297,40.9618993039063,2255700
2022-06-24,42.21689987182617,42.28662384760961,40.979329223269495,41.49353190849482,3771800
2022-06-27,41.9554443359375,42.2691955980897,41.74627904425095,42.08617513670838,1895100
2022-06-28,41.737552642822266,42.22561042306184,41.48480825709347,42.12102780037537,2188100
2022-06-29,42.182044982910156,42.58294790567035,41.859576552991236,41.981590196907604,2371800
2022-06-30,41.87700653076172,42.286626603630936,41.693986069335104,42.094888982352174,2355700
2022-07-01,42.26047897338867,42.356344453054206,41.615545496576566,42.00773454837973,2998200
2022-07-05,42.05131530761719,42.46964923711132,41.371523087767045,42.20819094675531,2448100
2022-07-06,42.47288131713867,42.780272621210386,42.05131466427721,42.11279292509155,2479800
2022-07-07,42.657310485839844,42.692441873200124,42.01617774292541,42.33235352854096,2565600
2022-07-08,42.66609573364258,42.96470248034419,42.393832502439075,42.78905224118172,2859700
2022-07-11,42.806617736816406,43.26331237689898,42.57826706646158,42.771486349021274,1530100
2022-07-12,42.9383544921875,43.438965031405125,42.75391973569963,42.859310546505064,1727300
2022-07-13,43.43897247314453,43.90445505538005,42.8241864958829,42.85931788894106,3327700
2022-07-14,43.078887939453125,43.17549760388358,42.41140816296489,42.76271207415868,2228800
2022-07-15,42.797828674316406,43.42139566511527,42.622175104289255,43.30722369236383,1662600
2022-07-18,42.314796447753906,42.920797926655595,42.22697131179048,42.72758195747322,1444200
2022-07-19,42.52556228637695,42.71000036375586,42.2708681467533,42.543127977094606,1656100
2022-07-20,42.200618743896484,42.71001388503568,41.98983708918054,42.53436027256306,1412400
2022-07-21,41.814178466796875,42.24452624796354,41.65609056954401,42.0600914846064,1400200
2022-07-22,42.02495574951172,42.34991603264981,41.80538962051675,41.91956494568184,1299300
2022-07-25,42.69244384765625,42.71879071423821,41.858091785986325,41.93713573604587,2223000
2022-07-26,43.03496170043945,43.05252739296702,42.0600875421957,42.29721936584796,2215700
2022-07-27,42.648529052734375,42.938354620896426,41.40139161159685,42.938354620896426,2590600
2022-07-28,43.14036178588867,43.18427435149767,42.341141030674464,42.604619774642465,1873600
2022-07-29,43.34236526489258,43.49167201866395,42.73636377683219,42.938364272852326,6999200
2022-08-01,43.54436492919922,43.83419053467507,43.35114562533938,43.43897075419535,1950800
2022-08-02,43.21061325073242,43.86931161324263,43.11400362151416,43.781483154720064,1698200
2022-08-03,43.640960693359375,43.77270170514734,42.79782759879308,43.14913473001892,1417900
2022-08-04,42.98226547241211,43.77270490020955,42.947137436975936,43.40383205046629,1616500
2022-08-05,43.403839111328125,43.438970502792756,42.622184077966445,43.02618837918194,1034400
2022-08-08,43.50922775268555,43.728793895946595,43.36870555501101,43.447749500597524,1164000
2022-08-09,43.63218688964844,43.957143863195085,43.50923037805315,43.55314293929237,1214800
2022-08-10,43.86053466796875,44.01862257030171,43.6058404700445,43.834187801017826,1350200
2022-08-11,43.99226760864258,44.52800947349132,43.755135798776095,43.92200484261706,1430200
2022-08-12,43.86053466796875,44.211841862111704,43.553143385828946,44.13279791094523,1103800
2022-08-15,43.9571418762207,44.176708022805535,43.588272358108675,43.91322931696644,1165400
2022-08-16,44.519229888916016,44.607058356186414,43.86931598268237,43.99227248654747,1491900
2022-08-17,44.519229888916016,44.879318228940996,44.36992652002653,44.50166419546194,1161100
2022-08-18,44.607051849365234,44.65096440143819,44.1415694165156,44.4753108428334,924100
2022-08-19,45.06376266479492,45.344807098909314,44.58949892585916,44.64219601362333,1681800
2022-08-22,44.65974807739258,45.142796228235724,44.54557610565979,45.09009915260379,1404500
2022-08-23,44.9320182800293,45.1252375704856,44.49288596558401,44.71245212280665,1426400
2022-08-24,45.274539947509766,45.30089016400676,44.77392938814366,45.037408100918405,1516800
2022-08-25,44.9583625793457,45.151581858767784,44.75636212827421,45.107669299893715,1845700
2022-08-26,44.519229888916016,45.30088817121199,44.5104487173457,45.30088817121199,2357300
2022-08-29,44.91444778442383,45.10766705422656,44.159139748264046,44.40505609628024,2214200
2022-08-30,44.519229888916016,45.15158145200904,44.42262360038877,45.0637563350521,2467100
2022-08-31,44.246978759765625,44.77393626626576,44.06254061720787,44.53680438324646,2892300
2022-09-01,43.359928131103516,43.4038406968815,41.43652960739016,42.67488272408775,6185000
2022-09-02,43.149139404296875,44.58070824588597,43.04374524332408,43.588271690743134,3178500
2022-09-06,42.86809158325195,43.825400025215345,42.75391625981232,43.25452675833038,3216200
2022-09-07,43.30723190307617,43.342359943491054,42.393835846012784,42.876880742434096,2782400
2022-09-08,42.016178131103516,43.043746093534054,41.38382655403024,42.964702146399894,4530400
2022-09-09,42.095218658447266,42.51678522547712,41.52434538104313,42.183043770211015,2344300
2022-09-12,42.6046142578125,42.83296492991279,41.8141781282613,42.15670078609817,2996700
2022-09-13,41.524349212646484,42.64853017877164,41.410177226881196,42.38504811854143,2605100
2022-09-14,41.57704544067383,41.71756763976365,41.366260466882345,41.64730486506199,2944700
2022-09-15,41.35748291015625,41.72635245864144,41.07643848741121,41.63852733290129,3064600
2022-09-16,41.884437561035156,41.98983172524368,41.17304537935222,41.37504583528154,7696700
2022-09-19,42.200618743896484,42.23575013645381,41.743920691593274,41.84931486926524,1791000
2022-09-20,41.95470428466797,42.104007672540895,41.58583137585822,41.97226998035547,1744500
2022-09-21,42.6221809387207,43.30722962056968,42.06009211794159,42.21818001757492,2551200
2022-09-22,43.193058013916016,43.47410244858885,42.67488170930412,42.727578797173,2610000
2022-09-23,42.68365478515625,43.228181205564425,42.20060996408918,42.824176975836004,2177200
2022-09-26,42.13913345336914,42.718787932623975,41.96347987019513,42.58705025797854,1874000
2022-09-27,41.34870147705078,42.52557289593066,41.22574161135038,42.200615912364036,2252000
2022-09-28,42.051307678222656,42.31478637369967,41.15547743335009,41.61217540232317,2019900
2022-09-29,41.28721237182617,42.07765175622644,41.08521194032681,41.97226095507745,1737300
2022-09-30,41.383827209472656,41.533133934341265,40.98860746754232,41.42773976961745,3686000
2022-10-03,41.91078567504883,42.01617648365751,41.19939017873508,41.62095676348321,2530900
2022-10-04,42.20939254760742,42.5958277166561,41.743910090222776,41.981041904291224,2751500
2022-10-05,42.120887756347656,42.41296191819345,41.66064651145407,41.87306684613829,2051400
2022-10-06,41.4305305480957,42.31560914951901,41.1296036885595,42.10318879960238,2589400
2022-10-07,41.271217346191406,41.57214421459734,41.0764989677208,41.39512781383379,1815700
2022-10-10,42.23594284057617,42.35100060303095,41.430521621861786,41.527877410945166,1882600
2022-10-11,43.03252029418945,43.19183471121132,42.32445809426276,42.351009371664105,1755100
2022-10-12,43.448509216308594,43.64322759144828,42.99712060957482,43.20953758581179,2225300
2022-10-13,44.80267333984375,44.82037531524361,43.067920266336486,43.21838536908201,2660800
2022-10-14,44.5814094543457,45.28947168001282,44.25393130803223,44.93544225533277,2130200
2022-10-17,44.26278305053711,45.023951251235296,43.94415756363975,44.78497960383187,2437800
2022-10-18,44.74072265625,44.84693114312504,44.3689912640339,44.50175102855097,2920400
2022-10-19,45.121307373046875,45.28062179380025,44.652216787665814,44.864633764465665,2553500
2022-10-20,44.14772033691406,45.2894691344954,44.11231638354385,45.165558674006476,2247600
2022-10-21,44.47520065307617,44.731874263178746,44.01495936553924,44.26278029871028,1706900
2022-10-24,44.784969329833984,45.23636124125692,44.590254361894715,44.79382200528502,1650200
2022-10-25,45.28062057495117,45.377979760158325,44.36013803011048,44.66106488606582,1677000
2022-10-26,45.616943359375,45.997527356605936,45.09474694756787,45.6080906842917,2122100
2022-10-27,45.84706497192383,46.634784285498476,45.72315452389723,45.749705798101076,2999500
2022-10-28,46.67019271850586,46.732147948470654,45.87362402911269,45.97097983598108,2284300
2022-10-31,46.82950210571289,47.112726948385635,46.386962866998424,46.67018770967117,1790100
2022-11-01,46.5285758972168,47.156980814101225,46.47546997240578,46.77639679372187,1614800
2022-11-02,46.254215240478516,46.92687699940443,46.03294554699376,46.43123167052784,2224300
2022-11-03,45.34257507324219,46.16569841956987,45.21866461272952,46.0240859823687,3430200
2022-11-04,44.988548278808594,45.80281899588586,44.44864977555618,45.49304282662973,2515700
2022-11-07,45.24522018432617,45.581551020718834,44.75842759625954,44.96199528303987,2229900
2022-11-08,45.616943359375,45.80280902044882,45.1390001940655,45.20095541442345,1709200
2022-11-09,45.5284423828125,45.988683664157264,45.32487470811698,45.590397615271705,1844600
2022-11-10,44.74072265625,46.02408730442318,43.6078231260978,46.02408730442318,3188700
2022-11-11,43.34230422973633,44.71417551447984,42.09434342052604,44.66106957797679,3766200
2022-11-14,43.05022048950195,44.05036020467816,43.04137118950338,43.466208491876614,2746800
2022-11-15,43.20068359375,43.4219532228131,42.483768780115184,43.05907116620188,2392200
2022-11-16,44.88233184814453,44.917735799975354,43.23608522738464,43.351146382681485,2747500
2022-11-17,44.68761444091797,45.4222278318604,44.20081857042459,44.829226864250636,2410400
2022-11-18,45.63465118408203,45.64350048399361,44.82037716364065,44.97084227259136,2033400
2022-11-21,46.19225311279297,46.28076300278159,45.35143110389706,45.82937100460731,1503300
2022-11-22,46.5285758972168,46.767547494406614,46.20109780164845,46.38696347402726,1755100
2022-11-23,46.502037048339844,46.741008709383046,46.22766142796267,46.66135148903531,1685300
2022-11-25,46.944576263427734,47.00653150391361,46.608245403427745,46.696751925176876,911400
2022-11-28,46.83835983276367,47.33400508477803,46.758705996716756,46.909167744325885,1879400
2022-11-29,46.57283401489258,47.059626559474275,46.404670299871796,46.829507613850744,2082200
2022-11-30,47.50217056274414,47.55527649837501,46.15685395650067,46.457780839127885,3623000
2022-12-01,47.431358337402344,47.90930155169558,47.121582203864115,47.46676228875147,2599300
2022-12-02,47.882755279541016,47.95356319463069,47.2277989464977,47.36055872282999,2095600
2022-12-05,47.17469024658203,47.43136385928474,46.68789767593323,47.351706647628966,2472200
2022-12-06,46.90031433105469,47.5287192976856,46.51087760422457,47.13928257085548,3333300
2022-12-07,49.723724365234375,49.77683030561977,47.90046092769235,48.51116742504818,8910200
2022-12-08,50.51143264770508,50.52028532394899,49.13070889234009,49.65290537260889,4463100
2022-12-09,49.26347732543945,50.53798936083322,49.21037139118289,50.4494828467127,3571800
2022-12-12,50.369815826416016,50.44062372497172,49.06874938905966,49.396230855420136,2570500
2022-12-13,49.803367614746094,50.422923240188894,49.37853033977843,50.36096801527527,4091400
2022-12-14,50.449485778808594,50.81236790988457,49.85648467186062,49.96269317023944,2180600
2022-12-15,50.37866973876953,50.599939377558165,49.8653259324594,50.42292636757265,2222600
2022-12-16,50.50257873535156,50.608787206431366,49.86532115625993,49.95382765277536,4431600
2022-12-19,50.299015045166016,51.015926501677555,50.06889273405102,50.573387231709766,2254600
2022-12-20,49.723724365234375,50.22821898181942,49.29888697107368,49.88303881008307,2772500
2022-12-21,50.369815826416016,50.57338347030401,49.900725315557004,49.9449785640011,1695500
2022-12-22,50.290164947509766,50.37867145551855,49.82107437771086,50.37867145551855,1744600
2022-12-23,50.69729995727539,50.71500193402359,49.98923776888182,50.30786659773564,1608300
2022-12-27,50.9362678527832,51.02477773004942,50.51143057082511,50.794655425463844,1561000
2022-12-28,50.48488235473633,51.139838604657974,50.42292712504933,51.02478082170028,1263000
2022-12-29,50.19281005859375,50.67960264691721,50.00694435008414,50.67960264691721,2226900
2022-12-30,50.22821044921875,50.502586030138716,49.88303033612045,50.25476172674726,1467800
2023-01-03,49.74141311645508,50.166250397628765,49.2192166586216,49.94498076933164,2725000
2023-01-04,49.679046630859375,50.133430071861866,49.331578939905924,49.60777286284239,2388400
2023-01-05,50.017601013183594,50.186882566605576,49.58104030933977,49.87505009374941,2035700
2023-01-06,50.79273223876953,50.99765241534729,50.267074974192646,50.35617144198357,2284800
2023-01-09,49.84832763671875,50.997646446584945,49.83050834524613,50.703633235310285,2300000
2023-01-10,49.892879486083984,50.05324972775529,49.59886624345901,50.05324972775529,2004800
2023-01-11,49.563228607177734,50.293802605956294,49.429585612825484,50.124521026619114,1929300
2023-01-12,48.76137924194336,49.62559626703856,48.60100900226214,49.572138387583934,2889600
2023-01-13,48.9662971496582,49.42068063884347,48.61882942185932,48.61882942185932,2181800
2023-01-17,48.699012756347656,49.5097718910185,48.67228551632329,49.0108418855739,2340700
2023-01-18,46.84585189819336,48.6366484065067,46.74784748355302,48.52082469841515,3947800
2023-01-19,46.67656707763672,47.22004359487638,46.640928493202075,46.85475660112746,2520700
2023-01-20,46.364742279052734,46.73893725442241,45.963816663526096,46.64093283744003,3543900
2023-01-23,45.95490264892578,46.40928268741316,45.794532423887325,46.33800552131503,2198200
2023-01-24,45.79452896118164,46.22218172938688,45.17977534545742,45.830164142853846,3509400
2023-01-25,46.026180267333984,46.58747610193196,45.643073964208035,45.78562490964913,2499500
2023-01-26,45.144142150878906,45.77671513224735,44.9659560252137,45.76780378675459,2453400
2023-01-27,45.55398178100586,45.651986195149696,44.94813940146456,45.25106059123521,2453700
2023-01-30,46.24000549316406,46.40928366820104,45.72325622407895,45.73216756937072,2074900
2023-01-31,46.26673126220703,46.756749878535885,45.83016712120135,46.69438405820397,2120000
2023-02-01,46.03508758544922,46.551836879788674,45.91926728045527,46.088545463765136,2281900
2023-02-02,44.88576889038086,45.375787511285765,44.45811609039027,45.375787511285765,3315200
2023-02-03,45.33124542236328,45.411430542633816,44.41357051289322,45.17087518182221,2398100
2023-02-06,46.40037536621094,46.489468426351735,45.393607472944446,45.438154003014844,2936900
2023-02-07,45.705440521240234,45.99945376267269,45.04614366253913,45.99054241668115,2842600
2023-02-08,45.349063873291016,45.74998606851424,45.170874342812574,45.518342057970095,2030600
2023-02-09,45.001590728759766,45.66089094217437,44.6897616135057,45.38469701246187,2042800
2023-02-10,45.82126235961914,45.85690094476647,45.06396111799229,45.22432795379021,1769200
2023-02-13,46.15091323852539,46.16873253205004,45.32233478238398,45.79453756408049,1695600
2023-02-14,45.45597839355469,46.15091385691419,45.1530571969421,46.07964008054328,2590500
2023-02-15,45.39361572265625,45.473800850828546,45.00159802995477,45.473800850828546,1330700
2023-02-16,45.34014892578125,45.491611204195046,44.96595400031601,45.20650933755038,1566100
2023-02-17,46.640926361083984,46.72111147305516,45.4292451338385,45.509430245809675,3005500
2023-02-21,47.53187561035156,48.10208280002829,46.47165314888967,46.94385252605361,4700100
2023-02-22,47.20222854614258,48.28027033208803,47.12204342329722,47.72788581842154,2225400
2023-02-23,47.26459503173828,47.692247893293285,47.14877131964541,47.255687084046286,1271500
2023-02-24,47.33586883544922,47.50514701899907,47.06858624085588,47.30913819691208,1240600
2023-02-27,47.32695770263672,47.75461053564663,47.19331810408009,47.40714282124374,1508300
2023-02-28,46.792396545410156,47.38932761419794,46.7745772509964,47.175502878598664,3386900
2023-03-01,46.24891662597656,46.68548081092385,45.77671725345446,46.54292986457665,2379800
2023-03-02,46.70329284667969,46.72111213833617,46.16872769171486,46.32909791794078,1809000
2023-03-03,46.69438552856445,46.863663703555424,46.09745454411017,46.52510735357348,1937600
2023-03-06,46.84585189819336,46.8993063798643,46.24891746296711,46.63202377546148,3279000
2023-03-07,46.44491958618164,47.01512329955942,46.27563802217858,46.926026845167755,3255000
2023-03-08,47.34477615356445,47.69224386178819,46.47165121019434,47.077493562521774,5360300
2023-03-09,46.62310791015625,47.745696017474,46.560738694327696,47.58532580233116,2940000
2023-03-10,46.78347396850586,47.19331084427525,46.596376520098445,46.89929765505039,2612900
2023-03-13,47.469505310058594,48.17335203516678,46.55183388281777,46.55183388281777,2421700
2023-03-14,47.90607452392578,48.03080617980647,47.3358707263668,47.62097262514629,2889700
2023-03-15,48.413902282714844,48.609911071292146,47.45168102826119,47.763513500877984,2534300
2023-03-16,48.16444778442383,48.57428132719381,47.754610842971225,48.35154526281674,2648200
2023-03-17,47.558597564697266,48.33371798911289,47.309130902681915,48.28917146332938,4545200
2023-03-20,48.18227005004883,48.60101156580804,47.63879347564945,47.6566127697409,2404500
2023-03-21,48.18227005004883,48.43173336996349,47.763525135606784,48.31590965771047,1714600
2023-03-22,47.745697021484375,48.5920946417183,47.70115049382621,48.31590073234616,1624100
2023-03-23,47.66551971435547,47.96844091016971,47.51406081578973,47.66551971435547,1821100
2023-03-24,48.592098236083984,48.72573782894382,47.701154022288605,47.736792606524205,1817800
2023-03-27,48.72574234008789,49.215764421988716,48.65446856370045,48.99302834791844,1638500
2023-03-28,48.77920150756836,49.17121578474262,48.70792433061875,48.895025220770044,1336000
2023-03-29,48.663368225097656,49.09102100665216,48.56536382540517,48.82373844301587,1649500
2023-03-30,48.46735763549805,48.61881649249335,48.11988660142057,48.502992814467525,1902200
2023-03-31,48.9841194152832,49.02866595255564,48.48518936125625,48.58319378246538,1979700
2023-04-03,49.13556671142578,49.304844860826336,48.832645592347696,49.19793252429345,1858000
2023-04-04,48.9841194152832,49.39395299608234,48.574285834484066,49.189036205682775,1885100
2023-04-05,49.836246490478516,49.93491148842479,49.235267671533194,49.235267671533194,2138500
2023-04-06,49.75551986694336,50.26679858545532,49.656851443772666,49.84521656707501,1532900
2023-04-10,49.6568489074707,49.77345734905372,49.27114695752731,49.75551732560175,1372300
2023-04-11,50.04254913330078,50.123277525198525,49.55817878191433,49.656847196645955,1746200
2023-04-12,49.6568489074707,49.81830569682885,49.342903629625596,49.567148790210844,1710500
2023-04-13,49.620967864990234,49.638907888082265,49.10072088215949,49.53127117123962,1851900
2023-04-14,49.136600494384766,49.65685093055887,49.01999546976071,49.459514086257,1117900
2023-04-17,49.522300720214844,49.57612079087265,49.19041883876579,49.36084392995106,1161800
2023-04-18,49.44157409667969,49.47745414507055,49.091752179143164,49.35187739741229,1353100
2023-04-19,48.64326095581055,49.800366832574554,48.51768421043331,49.65685006332775,3019500
2023-04-20,48.77781295776367,48.8764813853396,48.41005099606879,48.750901209154826,2221800
2023-04-21,48.140953063964844,49.226302323579795,48.03331633684207,49.091753848393935,2372700
2023-04-24,47.9794921875,48.275493996265794,47.719367001029624,48.01536880979541,2091600
2023-04-25,49.037925720214844,49.04689744199902,47.98846010428002,48.06918849179111,2015800
2023-04-26,48.92132568359375,49.19041919541455,48.50871540402122,48.50871540402122,1635400
2023-04-27,49.31599807739258,49.324969800477675,48.65223428090695,48.77781103041992,1609900
2023-04-28,48.706050872802734,49.45951479066563,48.589442424808176,49.33393804130678,1947300
2023-05-01,49.00205612182617,49.154541196920334,48.741930900149285,48.858539348092336,1964000
2023-05-02,48.930294036865234,49.091750828472165,48.544592081549744,48.96617408426892,1665400
2023-05-03,48.930294036865234,49.30702769118463,48.86750566476361,49.235267596377255,2624400
2023-05-04,48.73295974731445,49.01999327798715,48.41901447071585,48.93029316108344,1693200
2023-05-05,49.10072326660156,49.181451663581285,48.5087161626535,48.553564511706746,1464200
2023-05-08,48.84956741333008,49.37878615575078,48.598413915811705,48.85853913636132,2567600
2023-05-09,48.97513961791992,49.20835649115629,48.58046938390922,48.7688344895705,1615900
2023-05-10,48.75089645385742,49.15453842651845,48.58943966479301,48.91235324292183,1724100
2023-05-11,48.84956741333008,49.01999593382593,48.410048792672924,48.86750743768279,1287200
2023-05-12,48.73295974731445,49.0379298796583,48.51768288845514,48.83162474334415,1664900
2023-05-15,47.835975646972656,48.795744587278115,47.79112388091162,48.70604447686539,2705500
2023-05-16,47.55792236328125,47.85392424759781,46.78651832883475,47.85392424759781,3388800
2023-05-17,48.06022262573242,48.13197929509346,47.25293870973656,47.55791225336728,1987400
2023-05-18,47.405426025390625,47.74627963076825,47.118392490875664,47.701431282570844,2092300
2023-05-19,47.25294494628906,47.62967520900254,46.939003060694496,47.3605816753915,2607800
2023-05-22,46.275230407714844,47.279847745882506,45.86262014296682,47.208091075439576,2347900
2023-05-23,46.526390075683594,46.634030228230365,45.74601778912439,46.248328235879384,2981200
2023-05-24,46.284202575683594,46.64299622300603,46.068929124657984,46.634027921592384,1696400
2023-05-25,46.15861892700195,46.203467270787,45.6114602363802,45.94334550815001,1991500
2023-05-26,46.20347595214844,46.40978453140056,45.69219720917218,45.99717079460626,2346700
2023-05-30,45.18091583251953,46.059956487127515,45.171947531283934,45.76395464241623,2458500
2023-05-31,45.342376708984375,45.512805243186065,45.14504326865459,45.32443668318893,5701300
2023-06-01,45.432071685791016,45.64734512750341,45.01945798270788,45.539708406647215,3278300
2023-06-02,46.16759490966797,46.17656321056896,45.109157474451294,45.18988586939866,3297600
2023-06-05,46.24832534790039,46.75063234157882,46.06892852656819,46.1945052749878,2825500
2023-06-06,45.37825393676758,46.463599767027425,45.01049198512127,46.23935459110383,3590700
2023-06-07,41.33286666870117,43.16270444696969,41.29698662437784,42.06839046878279,10947500
2023-06-08,41.9517822265625,42.1042672830668,41.13553003389226,41.41359182439054,5293500
2023-06-09,41.30595016479492,42.13117398059185,41.29698186560221,41.718560361838904,3355100
2023-06-12,41.24317169189453,41.44050853852826,40.91128979486399,41.2880200420268,3662800
2023-06-13,41.48535919189453,41.53020754451675,40.74086353586785,40.90232034267581,3320300
2023-06-14,41.180381774902344,41.60196377811631,41.108625101720406,41.49432363577892,2244700
2023-06-15,41.65578079223633,41.70063256279104,41.18935043648675,41.34183892861146,2664700
2023-06-16,41.63784408569336,41.96075769783996,41.49432730492931,41.727544212239614,3680400
2023-06-20,41.07274627685547,41.79929843985646,41.07274627685547,41.709601740281684,2713100
2023-06-21,40.97407913208008,41.41359776409655,40.76777397925665,41.09068758253153,2360600
2023-06-22,41.06377410888672,41.35080765046726,40.992017434346444,41.198322578500594,1770500
2023-06-23,40.89335250854492,41.24317445339319,40.884384206601894,41.21626612585409,2408100
2023-06-26,41.10862350463867,41.180380175032845,40.37309624741392,40.83055828030115,2293200
2023-06-27,41.44050216674805,41.52123055325747,41.18037698558333,41.27007367205635,2060500
2023-06-28,40.65116500854492,40.803653506677534,40.14885458524488,40.749833432917235,3240000
2023-06-29,40.79468536376953,40.93820215134923,40.33722667264364,40.4179550795141,2216900
2023-06-30,41.0009880065918,41.18038483544396,40.88438297629131,40.947171353133086,2529500
2023-07-03,41.71856689453125,41.79032698614567,40.821586279607935,40.90231467181941,1951100
2023-07-05,41.57389831542969,41.74569004369221,41.139895436807315,41.55581443101022,2429200
2023-07-06,41.61007308959961,41.908448609883614,41.25744590692358,41.483489326500404,2294100
2023-07-07,41.17605972290039,41.582938465053154,41.13989195712059,41.51060293349356,2153300
2023-07-10,41.58294677734375,41.77282241192121,41.30265171024225,41.402111361444355,2499300
2023-07-11,41.772823333740234,41.935574866726334,41.465404154671916,41.74569577881005,2288800
2023-07-12,41.519649505615234,41.91748809179265,41.24839811904333,41.89940420613472,2614600
2023-07-13,41.16702651977539,41.68240524110675,41.05852664400796,41.50157326454399,2208900
2023-07-14,41.040435791015625,41.27552283928571,40.69684888539303,41.27552283928571,1830500
2023-07-17,40.63356399536133,40.93194296577762,40.59739966946297,40.86865108401941,2048100
2023-07-18,40.56122970581055,41.08564861910319,40.488894159619186,40.678773243797174,1822800
2023-07-19,41.492523193359375,41.5196472958284,40.705893179422844,40.7963091537518,2587700
2023-07-20,42.08927536010742,42.09831902654982,41.26647762040541,41.4925209933911,3600800
2023-07-21,41.89036560058594,42.06215734722717,41.64623830852819,42.03503324227031,2312500
2023-07-24,41.96269989013672,42.16161920128047,41.86324023456484,42.03503543933402,1475400
2023-07-25,41.83611297607422,42.04407249062464,41.601025908044306,41.980780614420105,1610200
2023-07-26,41.76377868652344,42.10736563134379,41.65527881679284,41.74569480004356,1929000
2023-07-27,41.628150939941406,42.06215382868978,41.429231655834435,41.76377490252933,2053300
2023-07-28,41.818031311035156,42.04407472352724,41.655279778108955,42.04407472352724,1653100
2023-07-31,41.42923355102539,41.95365588797057,41.20319015389009,41.799944584361334,2193200
2023-08-01,41.139896392822266,41.69144280841395,40.98618854540733,41.56485906368439,1845300
2023-08-02,41.781864166259766,42.179702785690424,41.16702579909312,41.17606946725225,2063000
2023-08-03,41.2574462890625,41.82707322828497,41.20319462616798,41.700489464013316,1758700
2023-08-04,40.82344436645508,41.510614868097846,40.77823292165772,41.27553122123687,2301500
2023-08-07,40.091060638427734,40.90481832053236,39.96447687657786,40.38039593669853,5378800
2023-08-08,39.15975570678711,40.253804819023024,39.132628156241594,40.190512949663805,3186200
2023-08-09,39.75651168823242,39.97351140647695,39.096465417420454,39.19592160961267,2339300
2023-08-10,39.79267883300781,40.118181882627276,39.72938695659831,39.774598396161025,2298800
2023-08-11,39.82884979248047,40.009685217757735,39.70226602953104,39.982561111168245,1503500
2023-08-14,39.49430465698242,40.05489134498112,39.41292889185772,39.97351557985642,1944800
2023-08-15,38.87042236328125,39.31346547047348,38.82521092654263,39.25921381587616,1851400
2023-08-16,38.807125091552734,39.13262810448289,38.75287688882984,38.96987659801781,1927800
2023-08-17,38.30982971191406,38.87945997498343,38.29174582826048,38.77096012221008,2055500
2023-08-18,38.72575378417969,38.94275349895273,38.13803961246848,38.318875007544875,3082900
2023-08-21,38.02954864501953,38.43642406761887,37.79446154172085,38.43642406761887,2467300
2023-08-22,37.875831604003906,38.24654264254562,37.66787208961695,37.97529125200388,2403400
2023-08-23,37.78541564941406,38.14708302066786,37.5774561348847,37.86679141154716,2111900
2023-08-24,37.767330169677734,38.18324918118445,37.67691074381861,37.79445427286126,2288700
2023-08-25,38.047630310058594,38.31888172565515,37.80350300127703,37.975294759686776,2080600
2023-08-28,38.18324279785156,38.409286150987654,38.03857518981037,38.092826836256265,2033500
2023-08-29,38.22846221923828,38.490673415143284,37.93912691656685,38.44546542081629,2524900
2023-08-30,37.93912887573242,38.46355129462345,37.8667967709038,38.32792385548983,3129600
2023-08-31,37.704044342041016,39.792683401650606,37.69500067343073,39.792683401650606,5528600
2023-09-01,36.97166061401367,38.36408888606107,36.854117071789204,37.812542398487174,4106700
2023-09-05,37.27003860473633,37.830625296680296,36.86315977624928,36.88124366297634,4315700
2023-09-06,37.161537170410156,37.43279203593416,36.93549374857275,37.297164603172156,2589400
2023-09-07,37.81254196166992,37.966253276518344,37.2338713745556,37.34237124735235,4037400
2023-09-08,38.13804244995117,38.15612633571909,37.667871767431016,37.85774739427131,3442200
2023-09-11,38.62629699707031,38.74383708077453,38.08379077177582,38.138042429049825,3825700
2023-09-12,38.49971008300781,38.95179684237156,38.364082675539386,38.825209652465176,4378800
2023-09-13,38.62629699707031,38.84329672786929,38.436417921185544,38.67150498689106,3094700
2023-09-14,39.322509765625,39.4400498454076,38.57204405287488,38.581084270877994,3948200
2023-09-15,38.91563415527344,39.55759660959925,38.879466382006115,39.35867730577768,8598800
2023-09-18,38.62629699707031,38.98796436478478,38.436417921185544,38.86138061362729,2686700
2023-09-19,38.26462936401367,38.78000807897895,38.219421370431405,38.67150820455174,2138300
2023-09-20,38.590126037597656,38.68958567647598,38.05666352382613,38.43641474592709,2135100
2023-09-21,38.7890510559082,39.32251364862909,38.51779620095109,38.635339741489254,3413100
2023-09-22,38.526832580566406,39.06029507236792,38.526832580566406,38.80712415224557,2393300
2023-09-25,37.957210540771484,38.327921610318974,37.86679455274482,38.2013378474221,2079400
2023-09-26,37.7582893371582,38.05666829117099,37.71308134540894,37.93008453461357,2434000
2023-09-27,37.487037658691406,37.821584383274775,37.233870147459584,37.80350049687984,4511700
2023-09-28,37.306209564208984,37.64075635443797,37.1072936731302,37.57746446421072,2055600
2023-09-29,37.14345169067383,37.47799494382611,36.998780609150224,37.405659403064305,3002600
2023-10-02,35.71485900878906,37.05303559066356,35.55210747661458,37.007827598203704,4110800
2023-10-03,36.04939270019531,36.12172822820353,35.42551429228958,35.52497391872697,3208700
2023-10-04,36.432708740234375,36.56048169115085,35.99464049574868,36.131538345287865,2594000
2023-10-05,35.748226165771484,36.68825086331222,35.702594710113836,36.40533026790374,2187000
2023-10-06,36.01289367675781,36.03114695541065,34.78995185867308,35.47443414159834,3801500
2023-10-09,36.72475814819336,36.85252761914954,35.967262739728895,35.967262739728895,3298400
2023-10-10,36.104156494140625,37.00767106849886,35.949005381686675,36.88902650973484,3519600
2023-10-11,35.98552322387695,36.332328629809545,35.76648731448329,36.149799285557776,1994000
2023-10-12,34.735191345214844,36.04939591775289,34.62567168641096,35.98551119084554,3467000
2023-10-13,36.241058349609375,36.3414496523078,35.30103702699191,35.34666848782102,4250100
2023-10-16,36.596981048583984,36.76125705875662,36.2866823050864,36.44183341756349,3215200
2023-10-17,36.16804122924805,36.79776361396465,36.0585215681574,36.40532686536462,2901300
2023-10-18,36.35969543457031,36.624362726837774,36.168041249737975,36.38707360913019,2386600
2023-10-19,36.304935455322266,36.62436257685799,36.040271645595205,36.2319258296427,2170900
2023-10-20,36.250186920166016,36.82514959624189,36.24105853907809,36.44184114552464,2399000
2023-10-23,36.05852508544922,36.56048154410273,36.03114690823427,36.14066309855098,2646800
2023-10-24,36.14066696166992,36.596988531799376,36.095035500948434,36.24105826413157,2675700
2023-10-25,37.32709884643555,37.336223744289946,36.17716675520969,36.195420032375125,2316400
2023-10-26,37.3544807434082,37.62827296525674,37.025928684607166,37.37273402239237,2639500
2023-10-27,36.90728759765625,37.51876031627709,36.85253123698926,37.153701665029665,1876100
2023-10-30,36.87077713012695,37.25408550382403,36.72475439517712,36.90728020277194,1874700
2023-10-31,36.87990951538086,37.05331046038291,36.53310414391944,37.00767899921998,1998000
2023-11-01,37.11719512939453,37.34535591621832,36.706508498277564,36.98942564580638,2340800
2023-11-02,37.67390823364258,37.892944122156536,37.08069227319501,37.08069227319501,2131900
2023-11-03,37.409236907958984,38.038959304537535,37.37273035357444,37.92944312284053,1615300
2023-11-06,37.14457702636719,37.555267141541556,37.117195364384,37.39099109547181,2006600
2023-11-07,36.898155212402344,37.29971686214276,36.806892308833895,37.044177946985826,1911100
2023-11-08,36.752132415771484,37.16282244404936,36.61523457919333,36.91640842708264,1625900
2023-11-09,37.08981704711914,37.171955069851194,36.64262385337809,36.86165625969202,1765400
2023-11-10,36.88903045654297,37.16282615705472,36.56960678122187,37.035056686926275,1999600
2023-11-13,36.88903045654297,37.181079435852624,36.724757910275656,36.76126098641453,1981000
2023-11-14,37.02592468261719,37.13544086322802,36.76125738813911,36.98941812859471,3090000
2023-11-15,36.96204376220703,37.28146743917418,36.8251459112457,37.04418177649244,1735600
2023-11-16,37.53700637817383,37.673900734972214,36.7977643182186,36.92553377714642,3689000
2023-11-17,37.3088493347168,37.701286129739245,36.907284159462016,37.69215774950692,5030300
2023-11-20,37.17195129394531,37.25408930833384,36.80689616001842,37.1902045728602,2476000
2023-11-21,37.098941802978516,37.37273402484502,36.97116885008096,37.30884928912474,2458700
2023-11-22,37.381858825683594,37.64652614809259,37.17195134008725,37.29059591245283,1962400
2023-11-24,37.55525588989258,37.62826550990675,37.38185151462837,37.38185151462837,711100
2023-11-27,37.263214111328125,37.56438448086966,36.952915362476965,37.54613120370705,2535100
2023-11-28,36.90728759765625,37.23583968748747,36.84340285590655,37.10807020398806,2336200
2023-11-29,36.28668975830078,36.9620472145561,36.2684399591612,36.82514935080816,2681600
2023-11-30,36.66999816894531,36.69737634648468,36.186298464646,36.28668627610934,6215500
2023-12-01,37.053306579589844,37.06243495974076,36.41445922730416,36.67912306691239,2644000
2023-12-04,37.427490234375,37.692157556445096,37.06243510046239,37.06243510046239,3789100
2023-12-05,36.84340286254883,37.61915162622513,36.67000191797656,37.57351668371799,5150400
2023-12-06,39.46268844604492,39.75473395412746,38.02983560260256,38.08459544091444,6662400
2023-12-07,39.64521408081055,40.13804217880114,38.832962297894774,39.590457724227406,4722700
2023-12-08,39.1615104675293,39.727348145161606,38.99723445120755,39.63608523896361,2844400
2023-12-11,40.00114440917969,40.01026930734968,39.33491195469694,39.44443162147745,3286400
2023-12-12,40.5122184753418,40.63086302920364,39.973759015761374,40.11065684571399,3026500
2023-12-13,41.37923812866211,41.61652380187711,40.58523960962843,40.59436450875099,4099800
2023-12-14,40.53047561645508,41.62564791614332,40.50309744043632,41.488750073136,3462000
2023-12-15,40.046775817871094,40.603488604946754,39.78210851230123,40.53047549384193,8743500
2023-12-18,39.937259674072266,40.211055383410084,39.76385874208777,40.119788986478454,2842000
2023-12-19,39.864253997802734,40.16542443395048,39.56308008019758,40.01940166581212,2561400
2023-12-20,38.878597259521484,39.617839473132626,38.86034745998702,39.617839473132626,4020900
2023-12-21,39.03374481201172,39.134136107491564,38.54091671499633,38.95160679584249,2356000
2023-12-22,39.243656158447266,39.56307987413074,39.09763339106948,39.161518134206176,2051600
2023-12-26,39.22539520263672,39.298408312768814,38.969856280087804,39.00636283515385,1659900
2023-12-27,39.106754302978516,39.198020699193606,38.98811321008446,39.125007582221535,1736200
2023-12-28,39.234527587890625,39.271030665226846,38.969860258824895,38.98811353822154,1690700
2023-12-29,39.45355987548828,39.4991913331331,39.09762963181883,39.179767648162326,2173900
2024-01-02,40.83164596557617,40.92290886542482,39.362290300400225,39.39879337146581,3198100
2024-01-03,40.9788932800293,41.319389652837465,40.9696922882862,41.144539215317316,3397200
2024-01-04,40.003421783447266,41.153738687636675,39.957406298888806,41.0433057372827,2734800
2024-01-05,40.13226318359375,40.307110117436636,39.561706890089816,39.892995263083314,2063800
2024-01-08,40.42673873901367,40.5003571975717,40.00342294846107,40.06784041613261,2034600
2024-01-09,41.227359771728516,41.282576250424796,40.04943631011847,40.399133654217266,3505400
2024-01-10,40.23348617553711,41.107724236303795,40.15066321593421,40.988093802813026,3077200
2024-01-11,39.99421691894531,40.288697762903006,39.84697649696647,40.21507930715787,2939000
2024-01-12,39.9574089050293,40.41753569671589,39.76415649503824,40.251893281358434,1939400
2024-01-16,40.06784439086914,40.08624988495665,39.69974153009702,40.05863988858086,2735800
2024-01-17,40.601585388183594,40.88686525066866,39.8469777627598,39.92980072215942,2857300
2024-01-18,40.22427749633789,40.47274634933959,39.975808643336194,40.32550593761506,2362300
2024-01-19,39.70893859863281,40.31630574786168,39.64452113663039,40.29790025721979,2228100
2024-01-22,39.72734451293945,39.78256099033315,39.304028717720634,39.66292704455784,1839800
2024-01-23,40.721221923828125,40.88686785317095,39.68133436972907,39.68133436972907,3093400
2024-01-24,40.601585388183594,41.024904686497585,40.50035693664087,40.684408347583215,3036400
2024-01-25,40.71201705932617,40.9512814286765,40.27029228277568,40.61998960150792,2036700
2024-01-26,40.951290130615234,40.99730211405739,40.70282120744042,40.85926616373093,1782100
2024-01-29,40.28870391845703,41.015705148892025,40.27950292651632,40.99729965452149,2918600
2024-01-30,41.11692810058594,41.13533359248904,40.09544611813965,40.343914993098636,2328200
2024-01-31,41.070919036865234,41.47582935596462,40.81324564244846,41.13533650784721,2658600
2024-02-01,41.595458984375,41.595458984375,40.15986225775948,40.47274858879792,2380600
2024-02-02,41.245765686035156,41.8347274228576,40.92367833323815,41.61386852679361,2261600
2024-02-05,40.23348617553711,41.273370155509596,40.16906870812248,41.20895268809497,2485900
2024-02-06,40.82244873046875,41.14453607422357,40.12305405476004,40.21508151761053,3188700
2024-02-07,40.150665283203125,41.043308882118325,39.88379089846537,41.043308882118325,2241800
2024-02-08,39.662925720214844,40.34391487671066,39.57090177145343,39.975812060687744,2418900
2024-02-09,38.64144515991211,39.53408864815121,38.39297629911717,39.51568315729732,3026900
2024-02-12,39.083168029785156,39.12918000358387,38.26414296050685,38.44819085570171,2395800
2024-02-13,38.402183532714844,39.48808309622084,38.2181321047413,39.119980240273755,4046300
2024-02-14,37.656776428222656,38.20893070626468,37.04940917971871,38.12610774008282,5126600
2024-02-15,37.988067626953125,38.1261070716658,37.6199682918675,37.91444916413156,2565500
2024-02-16,38.14451217651367,38.23653613172564,37.6567753845214,37.83162581410856,3338400
2024-02-20,38.79788589477539,39.26721361671529,38.337759162858944,38.42978310504689,3536000
2024-02-21,39.20280075073242,39.33163919958267,38.733472973774404,38.963536366702385,2253100
2024-02-22,38.83470153808594,38.94513098406658,38.245739812204135,38.92672549132167,2143800
2024-02-23,39.064762115478516,39.23960901821719,38.56782437865677,38.75187578234874,1611600
2024-02-26,38.81629943847656,39.19360329650725,38.70586998284271,38.99114636910426,3038000
2024-02-27,38.889915466308594,39.04636040325966,38.65065107569322,38.81629700399959,2748800
2024-02-28,38.788692474365234,39.129185339493844,38.485007087001755,39.119980837185764,1718700
2024-02-29,39.23960494995117,39.52488477162103,38.87150569121941,38.99113610730094,3930700
2024-03-01,39.451271057128906,39.48808204384038,39.07396721955856,39.442070065695496,2644300
2024-03-04,39.828575134277344,39.86538612121024,39.16599492192977,39.276424372239546,3828000
2024-03-05,39.52489471435547,40.11385648487384,39.38685526355126,40.04023450831451,3523700
2024-03-06,39.846981048583984,41.503436862680815,39.19360182082457,40.8500576349214,6271400
2024-03-07,38.71506881713867,40.03103175093971,38.53101739434692,39.948208786207864,3992400
2024-03-08,38.880714416503906,39.1199788067596,38.47580409819087,38.60463903990461,2359300
2024-03-11,39.580101013183594,39.699734949678,38.97273385092592,38.97273385092592,2573600
2024-03-12,39.580101013183594,39.64452198705633,38.98193835168851,39.34083665068326,2144100
2024-03-13,39.396053314208984,39.8469755600783,39.258013886010666,39.75495161493841,2682300
2024-03-14,38.613834381103516,39.322429967333235,38.41138100681528,39.19359504447117,2268000
2024-03-15,39.30403137207031,39.36844884480228,38.392982251724476,38.402183243333766,5195500
2024-03-18,39.865379333496094,40.21507662883928,39.156783752887584,39.184393743630686,3572700
2024-03-19,40.0954475402832,40.14145951642865,39.626119766817645,40.04943556413776,2694500
2024-03-20,39.89298629760742,40.61998737736625,39.874584317539934,40.49115245396359,2907900
2024-03-21,39.800968170166016,40.031031569993566,39.488081805981,39.75495619229829,2015500
2024-03-22,40.07704544067383,40.178273903057125,39.718147081670544,40.03103346063298,2086300
2024-03-25,39.91139602661133,40.3623218168957,39.69973812847417,40.17827040227986,1456700
2024-03-26,39.91139602661133,40.21508138730078,39.77336009851601,40.04023096369579,2974700
2024-03-27,40.555572509765625,40.77643490007485,40.09544574790262,40.09544574790262,1919600
2024-03-28,40.905269622802734,41.2273569502664,40.73962370853897,40.73962370853897,2889100
2024-04-01,41.0985221862793,41.37459754101117,40.80404133983348,40.95128176305639,2655400
2024-04-02,40.877662658691406,41.28257648377526,40.804044197169056,41.1261315484959,2467100
2024-04-03,39.84760284423828,40.78486798824112,39.76408420308927,40.69206753142251,2617100
2024-04-04,40.82198715209961,40.831265427562165,39.819763483325815,40.088879491419746,3240200
2024-04-05,40.181678771972656,40.738470911846704,40.02392329999247,40.636392175871016,2937100
2024-04-08,40.57143020629883,40.877662848454435,40.00535983809951,40.00535983809951,2300200
2024-04-09,41.24885559082031,41.25813386560085,40.3487107181781,40.599266616954026,3057400
2024-04-10,40.534305572509766,41.03541733914194,40.283749689193684,40.83125990681589,2313000
2024-04-11,40.09815979003906,40.794147304034084,39.931122503482214,40.73847056849884,1964400
2024-04-12,39.26297378540039,40.21879542940668,39.188733423936654,40.10743842718636,1646600
2024-04-15,39.6156005859375,39.88471655709379,39.26296952715501,39.29080788969707,2061700
2024-04-16,39.91255569458008,40.07959295302547,39.532082725893346,39.643443258173576,2582200
2024-04-17,40.19095993041992,40.302316940582664,39.736246533960816,40.172399838730215,1779100
2024-04-18,40.5621452331543,40.63638558909407,40.25591261484025,40.404389786744794,2343500
2024-04-19,41.0168571472168,41.193172676523844,40.53430547019367,40.64566246028365,2240700
2024-04-22,41.870601654052734,41.91700010679049,41.03541888484801,41.06325724849566,2597700
2024-04-23,41.72212219238281,42.176835500206806,41.70356210431093,41.87059935698302,2396100
2024-04-24,42.2603645324707,42.418120009964156,41.07254338321252,41.36950132550884,3510000
2024-04-25,42.102596282958984,42.640828231629165,42.00051756579912,42.45523088588169,3081500
2024-04-26,41.62004852294922,42.186118887845886,41.59221015745439,41.91700288814497,2394800
2024-04-29,41.69428634643555,41.917000336788824,41.40661027392292,41.62004598966775,1826400
2024-04-30,42.41811752319336,42.51091798096292,41.30453680978708,41.620051286252604,2701600
2024-05-01,42.25108337402344,42.52019941155912,41.84277194946899,42.23252328109245,2414200
2024-05-02,42.58515167236328,42.82642930482737,42.223238763642385,42.687230398407685,2240900
2024-05-03,41.64788818359375,42.42739423521095,41.6293280942725,42.4088341458897,2760300
2024-05-06,41.64788818359375,41.87060217549862,41.36949392372512,41.73140681555184,2056700
2024-05-07,41.9077262878418,42.04692520082966,41.60149363523407,41.8984480122978,1442100
2024-05-08,41.76852035522461,42.111876672230004,41.71284363136684,41.96339950865126,1417600
2024-05-09,41.99124526977539,42.15828255073165,41.34165623716499,41.76852771517523,1372500
2024-05-10,42.640830993652344,42.66866935832644,41.77780628900359,41.91700165234926,1945700
2024-05-13,42.90066909790039,43.021307922490685,42.57587634705208,42.68723335591786,1940600
2024-05-14,42.696510314941406,43.448178066549445,42.687232039478516,43.021306595748754,2300300
2024-05-15,42.42739486694336,42.93778494096459,42.23251569615605,42.84498449297656,1974700
2024-05-16,43.346099853515625,43.58737749813283,42.501635177306255,42.6315522751884,2151100
2024-05-17,43.11410140991211,43.32753713491462,43.049142864910266,43.32753713491462,1276600
2024-05-20,43.039859771728516,43.19761520907987,42.9470593321323,43.19761520907987,1543800
2024-05-21,42.71506881713867,43.151222087155766,42.47379472434798,43.076981726312326,2038900
2024-05-22,42.95634841918945,42.97490851025118,42.13972211235055,42.52947694469598,2127000
2024-05-23,42.353153228759766,42.81714483475402,42.18611596740383,42.65010757339809,1934400
2024-05-24,42.07475662231445,42.54802647639657,41.92627945829116,42.334590774361516,1520400
2024-05-28,41.03541946411133,41.90772242380986,40.998299285407114,41.82420379171292,2712700
2024-05-29,40.29302978515625,41.091095922177225,40.26519142129856,40.87766020599314,3075500
2024-05-30,40.44151306152344,40.58070842960688,40.12599860456889,40.432231246332705,2205200
2024-05-31,41.18389892578125,41.22101556657137,40.45079128555346,40.45079128555346,4262800
2024-06-03,41.03541946411133,41.453009084620945,40.87766047460597,41.29525363509066,2637500
2024-06-04,40.998294830322266,41.19317043738058,40.26518731046514,40.9054979336206,4178200
2024-06-05,40.924068450927734,41.29526324439581,39.35577770547571,40.13528393977795,6439700
2024-06-06,40.39511489868164,41.026143872470136,40.10744232002627,40.84982830684344,4377700
2024-06-07,39.77336502075195,40.50647268133394,39.6620080153393,40.35799549412528,3051800
2024-06-10,39.40216827392578,39.875441717757845,38.947458460020684,39.77336299301073,2606600
2024-06-11,39.99607467651367,40.06103321759584,39.26297063573276,39.40216599234813,2818400
2024-06-12,39.708404541015625,40.051757355988165,39.3557699110579,39.968238720997526,3536700
2024-06-13,40.35799026489258,40.395106901903965,39.44856362860273,39.689841239038785,2741900
2024-06-14,40.82198715209961,41.2302985319841,40.24663495411078,40.34871368407575,4003300
2024-06-17,41.675724029541016,41.94483999847657,40.73846258528512,40.73846258528512,3385000
2024-06-18,41.72212219238281,41.87988117100638,41.47156631337467,41.62004347797488,2557500
2024-06-20,41.52725601196289,42.28820209591142,41.369500537474465,41.50869591967444,3052200
2024-06-21,41.304534912109375,42.11188292772239,41.295256636746444,41.694289736883825,5453300
2024-06-24,42.009803771972656,42.121160775072944,41.36021476393291,41.42517331073935,2849800
2024-06-25,41.00757598876953,42.22323524493784,40.98901590012861,41.91699909232504,3151600
2024-06-26,42.343875885009766,42.58514996784133,41.1560549403714,41.805643911037286,4393500
2024-06-27,41.77780532836914,42.39027411694245,41.62932815356274,42.39027411694245,2666000
2024-06-28,41.9355583190918,42.13971574997108,41.685002437551276,41.685002437551276,2823200
2024-07-01,42.009803771972656,42.65011096476845,41.981965406191414,42.130442590316896,2761700
2024-07-02,42.25108337402344,42.34388383867838,41.814933580060384,42.05620770821171,2353800
2024-07-03,42.11073303222656,42.39141174567994,41.961039383907874,42.288496693277445,1356800
2024-07-05,42.21364974975586,42.37270126491847,41.87683813550868,42.02653178973206,2609600
2024-07-08,42.120094299316406,42.60659958794344,42.02653353093906,42.34463300546526,1985800
2024-07-09,42.4569091796875,42.61595714464437,41.94233740562062,42.1388096807951,2306700
2024-07-10,42.634666442871094,42.6908029044359,42.30721267285578,42.54110924257484,1521900
2024-07-11,42.41012954711914,42.61595611036333,41.942336387688194,42.32592663566243,3021400
2024-07-12,42.541114807128906,42.78436570110444,42.316572500477044,42.541114807128906,1663600
2024-07-15,42.6627311706543,42.71886762995785,41.92362075253801,42.63466472549166,3086400
2024-07-16,43.13052749633789,43.139885358073016,42.316568405330436,42.51304067402559,2216000
2024-07-17,44.64617919921875,44.71166995443811,43.05568178179465,43.280220494267176,2588100
2024-07-18,44.82394027709961,45.497563566997805,44.30936851686229,44.31872280967596,2150900
2024-07-19,43.41120147705078,44.94556228707276,43.373777172177526,44.94556228707276,2164300
2024-07-22,43.24280548095703,43.45798992931182,42.831145171948776,43.308296244848535,2023900
2024-07-23,42.64402389526367,43.158595629914345,42.50368452718695,43.01825626183762,1463900
2024-07-24,43.4766960144043,43.57961107728411,42.36334604577188,42.77500629729114,1790700
2024-07-25,43.289581298828125,44.42163993769935,42.8779245853237,43.7105958745592,2352800
2024-07-26,43.7386589050293,43.91641901467739,43.12117209854096,43.17730856057752,2644200
2024-07-29,43.972557067871094,44.05675997948361,43.2428008798817,43.66381186896568,1870700
2024-07-30,44.56197738647461,44.59004383397978,43.6076789125347,43.63574536003987,2289300
2024-07-31,43.84157180786133,44.45905858393071,43.81350536271489,44.34678923436672,1859200
2024-08-01,44.80522918701172,44.93621070338642,43.74801562502084,43.935133606546984,2552700
2024-08-02,45.937286376953125,46.0214892875821,44.74909490437987,45.37593601874563,3713400
2024-08-05,45.6846809387207,47.36873557217259,45.41336005399819,46.42379140647792,3756400
2024-08-06,45.6285400390625,46.24602679692093,45.516270692809556,45.75016724607378,2673800
2024-08-07,45.563053131103516,46.43314866812274,45.55369526955621,45.64725604013694,2350300
2024-08-08,45.79695129394531,46.311523058578246,45.11397370539927,45.37593673416252,1618100
2024-08-09,45.965354919433594,46.06826998123369,45.14203799401125,45.60047684139938,1919900
2024-08-12,45.31979751586914,45.99342077058683,45.20752816307565,45.8624392641647,1550600
2024-08-13,45.57240676879883,45.62854323034059,44.94556567531872,45.347868060588624,1497400
2024-08-14,46.43315505981445,46.71383027223567,45.609838010263786,45.609838010263786,2867900
2024-08-15,45.78759765625,46.676405460238435,45.65661612978455,46.45186672029165,3185900
2024-08-16,45.937286376953125,46.00277713311138,45.54434184000358,45.83437488083196,2093600
2024-08-19,46.73253631591797,46.81673922552778,45.62854419835756,46.16182810289353,2681000
2024-08-20,47.125484466552734,47.31260245438409,46.40508253323821,46.40508253323821,1910200
2024-08-21,47.3313102722168,47.66812190564917,47.1067679936024,47.20968305592657,1659100
2024-08-22,47.340667724609375,47.64005507009315,46.919656723695674,47.4529406558998,1664800
2024-08-23,47.52778625488281,47.70554994698291,47.256465354609084,47.340668269556836,1914300
2024-08-26,47.190975189208984,47.70555054757841,46.86352138750004,47.649414080580264,3185200
2024-08-27,46.62962341308594,47.49036113434016,46.34894822437168,47.3687374795838,3198900
2024-08-28,46.93836212158203,47.209683000302704,46.39572393311912,46.62026621146896,3514700
2024-08-29,46.0776252746582,46.882230063688795,45.23559617707305,46.433149067969545,3386400
2024-08-30,46.517356872558594,46.71382915967627,45.85308781724156,45.85308781724156,3372800
2024-09-03,48.042354583740234,48.079778891910514,46.62962085560759,46.74189021113997,2604600
2024-09-04,48.31367874145508,48.36045734535152,47.63070113142658,47.98622494520124,2152400
2024-09-05,48.03300094604492,48.95923295650557,47.976864483024166,48.51950625195593,2263300
2024-09-06,48.547576904296875,48.80953994979531,47.90202358404195,47.90202358404195,2627700
2024-09-09,48.4072380065918,48.875031168905686,48.22012002787052,48.54757381389881,2935600
2024-09-10,47.8084602355957,49.408315579018485,47.52778504921616,48.40723848724499,3597600
2024-09-11,45.97471237182617,47.958154421736175,45.63790071695909,47.94880012864706,4047100
2024-09-12,46.573482513427734,46.78866692325329,45.68467842861991,45.768877765136665,1992000
2024-09-13,47.799102783203125,47.86459353673028,46.58284134329794,46.62961994310614,2014700
2024-09-16,48.238834381103516,48.753406169304455,48.06107068717644,48.06107068717644,1794200
2024-09-17,48.20140838623047,48.82824951729442,48.06106900845087,48.220120541199655,1418900
2024-09-18,47.78975296020508,48.56628778278346,47.68683788961522,48.03300384334396,2464300
2024-09-19,47.565208435058594,47.696189948225836,47.20968463576281,47.62134489883537,1817100
2024-09-20,47.911376953125,48.40724015408113,47.85524405530341,47.85524405530341,5845300
2024-09-23,47.20033264160156,47.733616582026755,46.994502500041406,47.63070151124668,2078900
2024-09-24,46.451866149902344,47.0506408743799,46.22732384373382,46.96643795568907,2307400
2024-09-25,46.30216598510742,46.76060125791277,46.21796307820749,46.66704405868101,1538400
2024-09-26,46.23667526245117,46.53606617505317,46.06827300451937,46.14311805593587,2091800
2024-09-27,46.1805419921875,46.507995781318144,45.7595274283205,45.90922109892003,2432600
2024-09-30,45.768882751464844,46.36766101631881,45.38529248885859,46.2460337909133,2448800
2024-10-01,45.244956970214844,45.9092224296942,45.142041899510964,45.712750150520655,2974700
2024-10-02,44.77716064453125,45.14203872850228,44.55261836340682,44.94556646312995,3147900
2024-10-03,44.588584899902344,44.7677299566557,43.95685642131521,44.72058689927689,3235300
2024-10-04,44.64515686035156,44.68287274643025,44.15486472846809,44.211434960801256,1772400
2024-10-07,44.437721252441406,45.09773479105862,44.33400437678642,45.09773479105862,2451000
2024-10-08,44.85259246826172,44.928024243498854,44.26801059731395,44.50372949975249,1458600
2024-10-09,44.78659439086914,45.182600446394645,44.62630725319032,44.777167216740786,1634100
2024-10-10,45.1071662902832,45.42774411997775,44.83373151855863,45.03173452010341,1829600
2024-10-11,44.70173263549805,45.276887334489565,44.52258756400275,45.107169436531905,1621100
2024-10-14,45.35231399536133,45.371171938590514,44.69230396626424,44.89030697499337,1169900
2024-10-15,45.59746551513672,46.30462222946133,45.26745689038087,45.42774761595601,2072300
2024-10-16,45.58803176879883,45.8708973134915,45.39002876494182,45.39002876494182,1065800
2024-10-17,45.927467346191406,45.955756058609104,45.41831368409041,45.51260339750807,1339100
2024-10-18,45.729469299316406,45.899187205077304,45.47489244067506,45.78604313349843,1776300
2024-10-21,44.560298919677734,45.767182123910814,44.362295908477954,45.682323176713055,1673900
2024-10-22,44.65458297729492,44.80544290910533,44.362290285819036,44.56029327192311,1367900
2024-10-23,44.27743911743164,44.59801697836915,44.051150978408174,44.31515500619726,1498900
2024-10-24,44.30572509765625,44.70173111489667,44.17371949512455,44.24915126799981,1367200
2024-10-25,44.38115310668945,44.51315511193938,44.29629416091665,44.40001104983728,1139400
2024-10-28,44.90916442871094,45.493746275304204,44.55087070483158,44.55087070483158,1536900
2024-10-29,44.088863372802734,44.730019096167105,44.07000902516125,44.61687502639255,1363900
2024-10-30,44.01343536376953,44.154868149128916,43.74000056369346,44.070009197270316,1990400
2024-10-31,43.985145568847656,44.456583340874815,43.89085585637137,44.01343068419816,1615200
2024-11-01,43.68342208862305,43.99456912223458,43.47598833502572,43.99456912223458,1425300
2024-11-04,43.730567932128906,44.04171498558827,43.438275224031585,43.78713816178441,1479600
2024-11-05,44.070011138916016,44.17372444305916,43.475998449734654,43.702286600137356,1377500
2024-11-06,43.59857177734375,44.550874604289106,43.57971383266951,44.475442825592154,3021900
2024-11-07,42.54254150390625,43.60799182477891,42.419970278732315,43.60799182477891,2052700
2024-11-08,42.985694885253906,43.20255582215297,42.30682336328489,42.57083095337543,1852600
2024-11-11,42.20310974121094,43.523137003278684,42.08053850444181,42.85369619894908,2413900
2024-11-12,41.71281433105469,42.41054019736766,41.30737757220337,42.193679260714454,2311400
2024-11-13,41.74110412597656,41.816532305242845,41.34509449527715,41.59024417065894,1884900
2024-11-14,41.91082000732422,42.94798170059596,41.81653029180005,42.203109133486954,3622700
2024-11-15,40.68508529663086,41.854249075798904,40.26079053935813,41.807106013165296,4313600
2024-11-18,41.0339469909668,41.203664888559864,40.63793736432131,40.78879731809459,2713200
2024-11-19,41.04337692260742,41.08109281278151,40.44936783789918,40.79823083004636,2536000
2024-11-20,41.30738067626953,41.43938268269218,40.911371060216666,41.04337306663932,1977900
2024-11-21,41.92024612426758,42.09939478085726,40.9208003423874,41.27909046199719,2188500
2024-11-22,42.702842712402344,42.80655961827903,41.95797002182017,41.95797002182017,2502300
2024-11-25,43.3062744140625,43.55142047512716,42.80655152220869,42.88197969608059,3115900
2024-11-26,43.9379997253418,44.01343149671534,43.38170300020875,43.38170300020875,2366200
2024-11-27,43.43827819824219,44.26800972558653,43.37227719460189,44.079433887992145,1895000
2024-11-29,43.560855865478516,43.73057377067375,43.26856311835668,43.57028303941817,1067000
2024-12-02,43.589141845703125,43.71171669005265,43.25913679951432,43.47599777226486,2316800
2024-12-03,42.92912673950195,43.54199734423418,42.82540984361326,43.37227944128634,3793700
2024-12-04,40.25135803222656,41.18480645795551,40.16649908443302,41.033946505965325,6180200
2024-12-05,40.194786071777344,40.57193413716109,39.94963641233233,40.439932134437534,3687500
2024-12-06,40.2890739440918,40.562508731236754,39.987354039926664,40.1287868185975,2732500
2024-12-09,40.647369384765625,41.250809218418006,40.07221466932035,40.109930558119906,3622500
2024-12-10,41.05280303955078,41.345092163301175,40.345646364487806,40.47764836834732,3467900
2024-12-11,40.54364776611328,41.16594547167526,40.42107294018578,41.01508553083553,3347600
2024-12-12,40.46821975708008,40.81708632507166,40.270216740729204,40.62851048230581,3101600
2024-12-13,40.53422164916992,40.78879488358008,40.13821204616061,40.3550729919671,2373000
2024-12-16,40.128787994384766,40.82651394441588,40.119357223911734,40.35507613074645,2681100
2024-12-17,40.590797424316406,40.9019481260907,39.96849961755311,40.072216518144536,3609100
2024-12-18,39.28019714355469,40.072212787220565,39.12933719222714,39.8930677190144,4279200
2024-12-19,39.204769134521484,39.5913479862563,38.87476051678666,39.14819530373652,2906800
2024-12-20,39.129337310791016,39.44991515793154,38.78047434668616,39.16705319793342,8884100
2024-12-23,39.05390548706055,39.28019721284352,38.80875941451521,39.05390548706055,2248800
2024-12-24,39.2613410949707,39.534775893944385,38.874762226236754,38.969051948357915,1101900
2024-12-26,39.33677291870117,39.47820210687073,39.19534013374648,39.251913967085386,1604800
2024-12-27,39.421630859375,39.66677693732004,39.18591195501879,39.23305501653302,1128300
2024-12-30,39.05390548706055,39.421629991056,38.87476041853838,39.35562898703283,1885900
2024-12-31,39.487632751464844,39.54420298783808,38.99733698778115,39.02562210596777,2189600
2025-01-02,40.00156784057617,40.22998667716607,39.697011812185806,39.792187840179196,2109200
2025-01-03,39.725563049316406,39.96349765312483,39.54473042684189,39.915907827888006,1994500
2025-01-06,38.545406341552734,39.658938559845815,38.49782014626221,39.639906986204785,2721800
2025-01-07,38.02195739746094,38.77383175492029,37.88871457575312,38.54541289585361,3111900
2025-01-08,37.336700439453125,38.031469099852195,37.00359342097214,38.031469099852195,3342200
2025-01-10,35.91861343383789,37.13683758075363,35.87102360324109,36.98455956238916,3752200
2025-01-13,36.756134033203125,37.0226232398094,35.794879897876484,35.9757088772288,3469100
2025-01-14,36.93696975708008,37.079728343153214,36.54675714619646,36.7561371318892,2774500
2025-01-15,36.82276153564453,37.365252194287585,36.66096773210978,37.22249359656768,2461000
2025-01-16,37.36525344848633,37.44139427430144,36.60386334330724,36.60386334330724,2205600
2025-01-17,37.09876251220703,37.536561306231974,36.95600393011745,37.38428330698009,2278900
2025-01-21,37.17490768432617,37.55560091177924,37.003594461264285,37.098766860478975,2551400
2025-01-22,36.45158386230469,37.03214492881173,36.423032869064755,36.93697253094911,2037400
2025-01-23,36.72758483886719,36.85131184688653,36.15654325362906,36.35640744540302,3056100
2025-01-24,37.09876251220703,37.30814612265108,36.71806932937426,36.727585115942674,2828300
2025-01-27,38.06002426147461,38.67865210891471,37.46994377668685,37.80305443047237,3744100
2025-01-28,37.45090866088867,38.079055927981635,37.317665851292325,37.888711131755,3109900
2025-01-29,36.80372619628906,37.70787850094491,36.64193239334138,37.55560048557298,3272300
2025-01-30,37.70787811279297,37.88871075021927,36.65144780363972,37.02262886597012,2451400
2025-01-31,36.898902893066406,37.47946397174357,36.708554462756695,37.35573694745311,7371500
2025-02-03,36.28978729248047,37.05117730910312,36.17557606704159,36.76565650669387,2611600
2025-02-04,35.64260482788086,36.16606023676792,35.36659981262613,36.06136842887171,3319100
2025-02-05,35.49032974243164,35.73778015640709,35.22384049208007,35.56646693496475,2811200
2025-02-06,35.67115783691406,36.10895666688921,35.63308742632644,35.9757138604267,2599500
2025-02-07,35.718746185302734,35.85198899978714,35.480811550696465,35.81392221750188,1751100
2025-02-10,35.58550262451172,35.766335266600436,35.13818435904298,35.71874543620173,1822700
2025-02-11,36.11847686767578,36.27075488273262,35.338051586685204,35.57598621212365,2385200
2025-02-12,36.223167419433594,36.537239226141,35.65212215995646,35.65212215995646,2249100
2025-02-13,36.74662399291992,36.77517498607306,36.28027053138458,36.29930573701809,2230900
2025-02-14,36.73710632324219,37.298632209075635,36.641933921139334,36.90841955150286,2270900
2025-02-18,36.31834030151367,36.737103926275566,36.08040568118651,36.44206732065017,3808300
2025-02-19,36.77517318725586,36.85131400606555,36.18509636385704,36.34689015793653,2029900
2025-02-20,37.44138717651367,37.77449414982147,36.64192680998124,36.65144259610702,3220900
2025-02-21,38.631065368652344,39.05934841432139,37.40332184793248,37.441392258790664,3964700
2025-02-24,39.33535385131836,39.95398169644624,38.36458014802533,38.640581553097526,3590200
2025-02-25,39.64942169189453,40.26805310558496,39.306795286194834,39.306795286194834,2756800
2025-02-26,38.10761260986328,39.24018018318992,37.850642764366754,39.21162918833291,3532100
2025-02-27,37.92677688598633,38.15519571810708,37.584154083696454,38.0029177068913,3193200
2025-02-28,38.12664031982422,38.82140889262405,37.85063532182882,38.16470709528371,3191900
2025-03-03,39.29728317260742,39.316318378102544,37.907745846811586,38.11712584606947,3920700
2025-03-04,38.38361358642578,40.201433888054105,38.164710547117664,39.430524433422335,6031400
2025-03-05,37.28911590576172,37.91726319050495,36.232685556285745,36.508690601401774,7640500
2025-03-06,37.86967849731445,38.04099173002577,37.12731994536723,37.12731994536723,4362500
2025-03-07,39.79218673706055,41.54338566705556,37.8887097970918,37.8887097970918,6630900
2025-03-10,40.011085510253906,41.73372978982378,39.96349931363377,40.24902012394867,5124200
2025-03-11,38.03146743774414,40.17287894163416,37.983881241554286,39.96349895227998,4484700
2025-03-12,36.718074798583984,37.527051109371456,36.39448354815011,37.298632261173374,3799600
2025-03-13,36.61338424682617,37.308152972893225,36.29930877349192,36.79421326957966,2978200
2025-03-14,36.56578826904297,36.77517188274818,36.24220069236246,36.451580675473735,2532000
2025-03-17,37.1273193359375,37.469945795736066,36.47062104171989,36.47062104171989,3042500
2025-03-18,36.927452087402344,37.4413917350156,36.775174076694064,37.165386706046164,3524100
2025-03-19,36.64193344116211,36.784695673040744,35.98523516182798,36.26123657654865,3963700
2025-03-20,36.147029876708984,36.75614197090401,35.9281304447698,36.64193436089106,3733400
2025-03-21,36.24220275878906,36.613380181998004,36.032819133145395,36.19461293071067,10776300
2025-03-24,36.21364974975586,36.6228976014288,36.004269745374906,36.14702834418997,2939500
2025-03-25,36.33737564086914,36.58482604946086,36.004268623419875,36.41351283174575,2716300
2025-03-26,37.251041412353516,37.384284211097075,36.33737339474567,36.33737339474567,2698600
2025-03-27,37.6698112487793,37.75546422767232,37.35573580379465,37.59367042674876,2143800
2025-03-28,37.80305480957031,38.22181844729512,37.66029258071711,37.926778201942504,2014600
2025-03-31,37.99340057373047,38.63106728007639,37.93629858521206,38.08857660558514,4984000
2025-04-01,37.974369049072266,38.21230368313764,37.30815134757032,38.11712765115486,3104100
2025-04-02,37.488975524902344,38.25036552954359,37.27959191215328,38.03146613012136,2803100
2025-04-03,38.27720642089844,38.7674489420738,37.77735295496863,37.892702626521675,3522900
2025-04-04,37.28711700439453,38.873187029187584,37.123701595643595,38.373333524332125,5119900
2025-04-07,36.614234924316406,37.72929154692533,36.28740779353965,36.4027574670785,4571700
2025-04-08,35.3934440612793,37.24866835257915,35.06661688905807,37.00835436320767,3902600
2025-04-09,36.768035888671875,36.86416000593454,34.624435804994306,34.91281182368231,3870200
2025-04-10,36.316246032714844,37.01796238624081,35.701042855207156,36.52772350007068,3302600
2025-04-11,36.662296295166016,37.15253881558734,35.78755364785927,36.479659009912936,4111000
2025-04-14,37.38323974609375,37.52742959161233,36.47966055929093,36.56617373322206,2201900
2025-04-15,36.258575439453125,37.479370930326276,36.06632351696358,37.479370930326276,2615100
2025-04-16,35.422279357910156,36.66230038081087,35.316544286391014,36.52772513805892,2610000
2025-04-17,36.07593536376953,36.248961731640414,35.23964369699396,35.55685992705741,2536300
2025-04-21,36.114383697509766,36.229733378227884,35.806782104327965,36.04709607818251,1983200
2025-04-22,36.41237258911133,36.78726178354058,35.96058116664528,36.277797356946984,2818600
2025-04-23,36.04710006713867,36.40276376106893,35.72027287985392,36.1720643741036,2813200
2025-04-24,35.29731750488281,36.09515798794013,35.23002988583823,36.01825942341784,2175200
2025-04-25,34.883975982666016,35.37421485703187,34.461021058138506,35.37421485703187,2383100
2025-04-28,34.451412200927734,35.08584095926864,34.32644790502565,34.89358904255011,3064600
2025-04-29,34.6436653137207,34.720563882922846,33.98039636148742,34.36490020819948,2675800
2025-04-30,35.047386169433594,35.230027121279804,34.403346532859935,34.93203649825173,2677000
2025-05-01,34.499473571777344,34.807075165600416,34.201486590392626,34.60521230719782,2442500
2025-05-02,34.470638275146484,34.86475306021228,34.27838635555089,34.59560257291868,2112600
2025-05-05,34.20148468017578,34.51869720182005,33.990007221146236,34.499471644917364,1878000
2025-05-06,34.134193420410156,34.22070659308014,33.8458174004769,34.11497153039464,1959300
2025-05-07,33.92272186279297,34.249549018087016,33.73046994787289,34.249549018087016,2262400
2025-05-08,34.20148468017578,34.42257308420665,33.73046770330999,34.03806927995294,2612100
2025-05-09,33.95155715942383,34.316835418094,33.90349509912779,34.10535795251124,1958400
2025-05-12,34.54753494262695,34.75901240924025,33.81698208862674,33.96117193711765,3346100
2025-05-13,33.81698226928711,34.61482274567201,33.509380679970015,34.576375297182516,3471200
2025-05-14,32.98069381713867,33.778534369474706,32.9422426980886,33.74969786363742,4903000
2025-05-15,33.605506896972656,33.682409132547164,33.01914018486848,33.17294098911709,3349000
2025-05-16,34.1438102722168,34.2303234505622,33.5093815199839,33.64395676032113,2279400
2025-05-19,34.10535430908203,34.20148208630506,33.82658925548488,34.086128753637425,2421600
2025-05-20,34.307220458984375,34.634047599352826,34.03806999052805,34.09574666244017,2839300
2025-05-21,32.90378952026367,34.33606244660763,32.884563961941566,34.32644783399642,4226700
2025-05-22,32.7884407043457,32.99030357171572,32.45199892516194,32.88456483159798,3253700
2025-05-23,32.20207214355469,32.740376759172804,31.6733821402495,32.730762146859874,5981200
2025-05-27,33.00952911376953,33.14410435861448,32.39432589910668,32.42316240388762,4002300
2025-05-28,32.4808349609375,33.25944982647768,32.44238384817257,33.04797604007044,3105900
2025-05-29,32.84611511230469,32.85572972557949,32.230911871137934,32.423163800727686,4498200
2025-05-30,32.72114944458008,33.04797657456801,32.66347277449986,32.89417578792075,6529500
2025-06-02,32.92301559448242,33.643957541806856,32.39432556649125,33.49976768558182,8853000
2025-06-03,32.93262481689453,33.08642561093227,32.1443952890886,32.692310847029304,7527800
2025-06-04,32.95185089111328,33.24984153850196,32.701925971971335,33.01913851037843,4325400
2025-06-05,32.79805374145508,32.91340710179301,32.605801807792496,32.91340710179301,3933100
2025-06-06,33.144100189208984,33.31712652992939,32.807662119419284,32.99991401654194,3253500
2025-06-09,32.942237854003906,33.22100292577432,32.73076039722635,33.144100698982484,3940600
2025-06-10,32.7499885559082,33.1056522158279,32.51928919100364,32.93262585869934,7214100
2025-06-11,32.10594940185547,32.86533879670956,32.05788367202516,32.798051175227556,4696800
2025-06-12,32.02904510498047,32.125169224649994,31.558031784939647,32.09633272212916,5404600
2025-06-13,31.519580841064453,32.278973858027975,31.461904168810214,31.942532103561792,4836300
2025-06-16,31.010112762451172,31.692607217208483,30.5871614996031,31.692607217208483,8177500
2025-06-17,30.5871639251709,31.144694134269383,30.577551145691594,30.904380147637365,4120300
2025-06-18,30.61600112915039,30.92360089383919,30.356461593176853,30.519875171369435,5113200
2025-06-20,30.606388092041016,30.952440803755465,30.44297451522587,30.683288490927545,13228400
2025-06-23,30.769798278808594,31.0005012972474,30.39491091583314,30.673674160150803,4884000
2025-06-24,30.92359733581543,31.058176228054528,30.692897997205296,30.81786227797738,5272500
2025-06-25,29.97195816040039,30.769798621465124,29.962345381737553,30.769798621465124,6481400
2025-06-26,29.760480880737305,30.404522387529166,29.712418820575998,30.068084299499894,4877700
2025-06-27,29.597068786621094,29.96234520642125,29.42404243860258,29.875832032411996,5147200
2025-06-30,29.462491989135742,29.74125707092716,29.289465639534185,29.577843500020137,6802700
2025-07-01,30.46219825744629,31.125465304211332,29.462491298064197,29.462491298064197,6246800
2025-07-02,30.7025146484375,30.80825155306452,30.250723191889644,30.500649951512887,4431600
2025-07-03,30.41057014465332,30.94579543675366,30.29379273860774,30.78036186092219,3264100
2025-07-07,29.982389450073242,30.400839201352273,29.690448712774074,30.37164438517678,5511800
2025-07-08,30.206212997436523,30.361914973207725,29.45689607896639,29.885075584280212,5267100
2025-07-09,29.914270401000977,30.29379373493184,29.408238051683853,30.235405958045696,4850500
2025-07-10,29.67098617553711,29.962928775577463,28.600533687617105,29.476359631624188,14567900
2025-07-11,30.40083885192871,30.488421443334587,29.213610849480297,29.57367096426985,11178900
2025-07-14,29.885074615478516,30.56627212948022,29.709911290499754,30.36191398894805,8196500
2025-07-15,29.5931339263916,29.992120458951522,29.486088125324436,29.855881698403426,5936000
2025-07-16,30.128358840942383,30.157553656170393,29.525014175141227,29.68071614412952,4208500
2025-07-17,30.459226608276367,30.68304981734678,30.09916649371399,30.235405255319872,5890200
2025-07-18,30.147823333740234,30.614929260578233,30.108898767894047,30.517616917905784,3353100
2025-07-21,29.962926864624023,30.70251028288409,29.87534427580909,30.264599194923303,3859100
2025-07-22,31.34478187561035,31.519947056102332,30.06023969348769,30.14782228373368,4735500
2025-07-23,32.41523361206055,32.60012852700584,31.510214821646063,31.51994456991582,7879700
2025-07-24,31.880006790161133,32.600130713938796,31.860547292316213,32.29845652615409,6608000
2025-07-25,31.782695770263672,31.91893453419531,31.344782806034907,31.870278363109424,3777000
2025-07-28,31.373979568481445,31.646457097126465,31.082036972786696,31.597800925900984,4518400
2025-07-29,31.967592239379883,32.162220645291384,31.354517772266572,31.354517772266572,4805300
2025-07-30,31.22800636291504,32.27899373488067,30.945795381541494,32.01624967606011,7179400
2025-07-31,31.062572479248047,31.432364191188935,30.66358595210898,30.848482736136365,10247500
2025-08-01,31.46156120300293,31.675649092317766,31.052841210260432,31.33505219188885,4447300
2025-08-04,31.42263412475586,31.782694227992792,31.140423149033094,31.34478128501397,5257100
2025-08-05,31.753503799438477,31.909205779101434,31.305857359707957,31.442099840112558,4008400
2025-08-06,31.8118896484375,32.055174223115074,31.54914186231836,31.753503726340806,4026900
2025-08-07,32.02598190307617,32.181683885497115,31.578339167644454,31.77296757372766,4101500
2025-08-08,31.568603515625,32.19141511433094,31.48102092457478,32.035709430483585,3082900
2025-08-11,31.24747085571289,31.870278762769317,30.556541709722445,31.636723941509185,5553600
2025-08-12,31.23773765563965,31.685384090784755,31.06257432239859,31.296127289500657,5058000
2025-08-13,31.665918350219727,31.928666113265628,30.916601480546827,31.17934924359273,3755900
2025-08-14,31.529682159423828,31.675650675950614,30.965260167948564,31.578338331599422,3988000
2025-08-15,31.636722564697266,31.802157995937694,31.276662455142617,31.558873435817134,4078700
2025-08-18,31.47129249572754,31.85081583545761,31.373980151468334,31.734040279900967,5531200
2025-08-19,31.8118896484375,31.957861878135247,31.442099767731754,31.578338535594714,4351400
2025-08-20,31.519947052001953,32.51254850391812,31.471290882366684,31.918933582575605,4738500
2025-08-21,31.695112228393555,31.734038648987877,30.974990152423658,31.286395948836546,5061500
2025-08-22,32.24980163574219,32.386040399424765,31.782695712161395,31.850815094002684,5113200
2025-08-25,31.646455764770508,32.23033721934995,31.597799595593514,32.162217840056606,4961400
2025-08-26,31.111228942871094,31.607529669253392,30.99445339320108,31.519947078943936,25410200
2025-08-27,31.22800636291504,31.43236450298783,31.013916617679655,31.09176760286651,5730700
2025-08-28,30.79009437561035,31.325319683520704,30.28406388410226,31.266933762944102,6772200
2025-08-29,31.072303771972656,31.198812780445877,30.721973417571558,30.877675384835634,5909600
2025-09-02,30.61492919921875,31.549141051022364,30.342451670499674,31.169617718241387,9540500
2025-09-03,32.823951721191406,32.86287814093324,31.383707600792885,31.860546962061093,15284100
2025-09-04,31.782695770263672,32.8336868844127,31.72430613762387,32.8336868844127,7058300
2025-09-05,33.11589050292969,33.14508717213786,31.82161867634351,31.880004590304882,9020400
2025-09-08,32.98938751220703,33.14508948066101,32.44442876650425,33.05750689139141,7571500
2025-09-09,32.83368682861328,33.04777472347292,32.58066879983203,32.736370774379,4992900
2025-09-10,32.59040069580078,32.746102662868175,31.86054702912967,32.64878661330873,5710800
2025-09-11,32.853145599365234,33.164553253787766,32.48335573815139,32.755833259514816,6555800
2025-09-12,32.33738327026367,32.823952390271664,32.22060772088553,32.697443379645804,4240000
2025-09-15,31.9870548248291,32.434701263328236,31.811889634161616,32.33738520616408,4386400
2025-09-16,32.65851974487305,32.8142217103695,31.938395834309656,32.07463459009059,4849300
2025-09-17,32.04544448852539,33.08670217165512,31.97732510456199,32.70717882893673,5299500
2025-09-18,32.66824722290039,32.91153175909251,31.860544493100793,31.928663866256393,4886500
2025-09-19,32.532012939453125,32.872609851955495,32.46389355695265,32.872609851955495,14259900
2025-09-22,32.34711837768555,32.60013269958561,32.035710709783054,32.44443072174835,5079100
2025-09-23,32.843414306640625,32.93099689328077,32.26926261916136,32.34711545716488,4543300
2025-09-24,32.823951721191406,33.25213120166846,32.50281803889054,32.86287814093324,4408000
2025-09-25,31.34478187561035,32.901805289735975,31.325318665308153,32.83368590979218,4559500
2025-09-26,31.218276977539062,31.841084866289236,31.111229319503487,31.33505252862276,5362800
2025-09-29,30.04077911376953,31.237736880390628,29.924001705059652,31.218277381814545,6681400
2025-09-30,30.731706619262695,31.013917609662787,30.11863032332112,30.15755488910261,7301200
2025-10-01,31.130693435668945,31.35451665129939,30.576004911600307,30.926335287270593,5263600
2025-10-02,31.130693435668945,31.376980564307114,30.785891079771176,31.002623076524962,5301700
2025-10-03,31.475494384765625,31.613414569351708,31.101136913715425,31.160245295820662,5079600
2025-10-06,30.82529640197754,31.278463794391115,30.500195604348345,31.140543610442908,6572800
2025-10-07,30.64797019958496,31.002622379111177,30.362276234861056,30.884405612276314,4948200
2025-10-08,30.03717803955078,30.588860682608665,30.01747461825758,30.588860682608665,6036400
2025-10-09,29.446086883544922,30.145543267602704,29.377126791952236,30.04702804574676,4733900
2025-10-10,29.938661575317383,30.066731929410825,29.455939047705666,29.465790757945282,5602600
2025-10-13,29.357423782348633,30.115988558520094,29.30816711024258,29.830296478066103,5409800
2025-10-14,29.889406204223633,29.928811167875804,29.24906004294701,29.38698023426213,5615600
2025-10-15,29.702226638793945,29.938662051238502,29.44608780555694,29.643118255438214,4554100
2025-10-16,30.253910064697266,30.5199006153365,29.702227421129052,29.702227421129052,4792200
2025-10-17,30.401683807373047,30.618415804461826,30.1553966783542,30.44108877092479,4298000
2025-10-20,30.559307098388672,30.677523866822906,30.303168261418968,30.519900256229494,3714900
2025-10-21,30.608562469482422,30.77603778348852,30.43123544535578,30.569157508021824,3437500
2025-10-22,30.913959503173828,31.25876185843897,30.54945560571025,30.60856399034889,6226500
2025-10-23,30.58885955810547,30.943513612258634,30.40168269976606,30.756334874897618,5678600
2025-10-24,30.470643997192383,30.815446354690614,30.332723805801763,30.785891222669047,3788700
2025-10-27,30.923810958862305,30.95336609044882,30.441088417079115,30.48049525919447,5205100
2025-10-28,30.48049545288086,31.00262296107558,30.391831936579557,30.78589096512887,4761500
2025-10-29,29.534751892089844,30.39183192294403,29.4854952181764,30.332723538443567,5530100
2025-10-30,29.84014892578125,30.106137592358003,29.515048117368778,29.603711632568245,4448300
2025-10-31,29.682523727416992,29.889405891245037,29.288464699913174,29.64311876417744,7219100
2025-11-03,29.465791702270508,29.60371189200206,29.18994944378574,29.524900086580935,4828600
2025-11-04,29.34757423400879,29.849998307202227,29.170247206283285,29.515047672392193,3708700
2025-11-05,29.652969360351562,29.83029638581955,29.36727540175945,29.40668224253971,3412500
2025-11-06,29.613563537597656,30.135692921755815,29.554455153416885,29.593861995551837,4383600
2025-11-07,30.283464431762695,30.43123632982261,29.584009904069,29.682523250094523,6029700
2025-11-10,30.18494987487793,30.411535461208484,29.968217878194,30.28346510210578,3581600
2025-11-11,31.08143424987793,31.170097764704693,30.450939814684617,30.480494945967415,4461900
2025-11-12,30.70707893371582,31.347425085279493,30.588860286509124,31.18980147501833,16080900
2025-11-13,30.76618766784668,31.199653540507402,30.460792154368786,30.59871234516106,6092600
2025-11-14,30.82529640197754,31.17994857199029,30.32287045885276,30.835146233098197,6210200
2025-11-17,30.27361297607422,30.963217678184915,30.244059723626556,30.825297489371433,5029800
2025-11-18,30.56915855407715,30.746483705250157,30.15539610996352,30.342572971594187,4936100
2025-11-19,30.3228702545166,30.736632682594585,30.24405845293135,30.490345567762965,4121100
2025-11-20,30.342573165893555,30.50019677618222,30.125841171502046,30.342573165893555,3414600
2025-11-21,31.189800262451172,31.564157731533758,30.431235493171553,30.62826593784887,6337500
2025-11-24,30.1553955078125,31.18980065793048,29.997771901680647,31.022325341537684,7395800
2025-11-25,29.968217849731445,30.559307333515473,29.84999920136597,30.115989750922036,5049000
2025-11-26,29.790889739990234,30.106136952208924,29.7810380297307,29.84999812252584,7140100
2025-11-28,30.027324676513672,30.086434937140464,29.55445386562879,29.761334140757835,4114800
2025-12-01,30.135692596435547,30.283464494803074,29.60371150748648,29.968217277213245,6155000
2025-12-02,29.446086883544922,30.19479993901989,29.160394807086416,30.19479993901989,6233300
2025-12-03,29.396831512451172,29.938662438093555,29.29831628623756,29.55445512278429,4325400
2025-12-04,28.923959732055664,29.3672754169331,28.717077575895587,29.34757387555438,7754200
2025-12-05,29.160396575927734,29.180099997298427,28.746634122251603,28.835297639398036,7590500
2025-12-08,29.593860626220703,29.91895954270484,29.130839647667656,29.16039477790133,13030100
2025-12-09,28.047176361083984,30.19480033372671,27.712225729808242,30.125840241232574,18639300
2025-12-10,27.761484146118164,28.155543157758483,27.4363852266372,28.076731355430418,10125200
2025-12-11,28.00777244567871,28.677673733259354,27.860000544952783,27.88955379768497,7632500
2025-12-12,28.313167572021484,28.520049733436878,28.07673215827649,28.07673215827649,7317800
2025-12-15,27.850149154663086,28.441238643386374,27.791038890475576,28.391980089896784,10720500
2025-12-16,28.254058837890625,28.520049379687638,27.791037847572504,27.988068296093612,7442900
2025-12-17,28.283611297607422,28.58900867216288,28.18509795512792,28.18509795512792,4502800
2025-12-18,28.2639102935791,28.62841417733111,28.185098490685025,28.283611835036425,4508800
2025-12-19,28.15554428100586,28.34272302363548,27.909257154027493,28.05702905441018,12285400
2025-12-22,28.125988006591797,28.529898728104122,27.889552599781283,28.066879624644564,4675700
2025-12-23,27.268911361694336,28.106287980341634,27.22950451892426,28.106287980341634,5307800
2025-12-24,27.60386085510254,27.643265817203506,27.288613642208382,27.288613642208382,2658900
2025-12-26,27.731929779052734,27.781188331252316,27.49549436555964,27.584157880497255,2814500
2025-12-29,27.731929779052734,27.8501484253101,27.62356472225692,27.82059329399035,5102900
2025-12-30,27.643266677856445,27.938812358412523,27.643266677856445,27.68267352020592,3476800
2025-12-31,27.45608901977539,27.751632812763148,27.446237309472917,27.64326587845755,3194800
2026-01-02,27.298463821411133,27.574306075720184,27.19995047539227,27.525049402710753,4904300
2026-01-05,26.273910522460938,27.298463983509617,26.23450368060209,27.2492073102077,9991700
2026-01-06,26.60886001586914,26.628563435949744,26.185245879243972,26.303464520706033,8382300
2026-01-07,25.869998931884766,26.914255779284478,25.791187129798402,26.74678046497326,9282500
2026-01-08,26.459999084472656,26.489999771118164,25.6200008392334,25.739999771118164,7579000
2026-01-09,26.43000030517578,26.690000534057617,26.18000030517578,26.5,5765300
2026-01-12,26.389999389648438,26.59000015258789,26.18000030517578,26.510000228881836,8535600
2026-01-13,26.110000610351562,26.559999465942383,26.079999923706055,26.34000015258789,9067800
2026-01-14,26.809999465942383,26.940000534057617,26.09000015258789,26.100000381469727,11145100
2026-01-15,26.899999618530273,26.93000030517578,26.209999084472656,26.719999313354492,6602900
2026-01-16,26.079999923706055,26.729999542236328,25.90999984741211,26.690000534057617,8436100
2026-01-20,26.459999084472656,26.729999542236328,25.889999389648438,26.09000015258789,8052800
2026-01-21,26.200000762939453,26.510000228881836,25.979999542236328,26.450000762939453,5815800
2026-01-22,26.549999237060547,26.760000228881836,26.079999923706055,26.100000381469727,4850100
2026-01-23,26.790000915527344,26.829999923706055,26.510000228881836,26.510000228881836,4160000
2026-01-26,27.139999389648438,27.219999313354492,26.780000686645508,26.860000610351562,9384700
2026-01-27,27.3700008392334,27.3799991607666,26.989999771118164,27.010000228881836,6155400
2026-01-28,26.979999542236328,27.559999465942383,26.670000076293945,27.280000686645508,6289000
2026-01-29,27.010000228881836,27.520000457763672,26.940000534057617,27.079999923706055,7309900
2026-01-30,27.979999542236328,28.1200008392334,27.020000457763672,27.079999923706055,9807400
2026-02-02,27.530000686645508,28.100000381469727,27.209999084472656,28.100000381469727,7206800
2026-02-03,26.899999618530273,27.690000534057617,26.84000015258789,27.200000762939453,9234200
2026-02-04,28.43000030517578,28.6200008392334,27.059999465942383,27.09000015258789,11021600
2026-02-05,28.709999084472656,28.829999923706055,28.06999969482422,28.649999618530273,6921000
2026-02-06,28.829999923706055,28.940000534057617,28.489999771118164,28.600000381469727,4612400
2026-02-09,28.93000030517578,29.049999237060547,28.40999984741211,28.829999923706055,3618000
2026-02-10,29.149999618530273,29.440000534057617,28.780000686645508,29.0,4647800
2026-02-11,29.31999969482422,29.360000610351562,28.270000457763672,28.829999923706055,4226600
2026-02-12,29.020000457763672,29.459999084472656,28.760000228881836,29.3799991607666,5862600
2026-02-13,29.489999771118164,29.989999771118164,29.0,29.06999969482422,5675700
2026-02-17,27.770000457763672,29.690000534057617,27.079999923706055,29.610000610351562,9304700
2026-02-18,27.530000686645508,28.030000686645508,27.34000015258789,27.719999313354492,4983600
2026-02-19,26.959999084472656,27.579999923706055,26.860000610351562,27.530000686645508,6399700
2026-02-20,26.829999923706055,27.1200008392334,26.68000030517578,27.020000457763672,5823300
2026-02-23,27.110000610351562,27.360000610351562,26.6200008392334,26.709999084472656,5690000
2026-02-24,27.280000686645508,27.709999084472656,26.950000762939453,27.200000762939453,5784500
2026-02-25,26.489999771118164,27.280000686645508,26.1200008392334,27.25,9339600
2026-02-26,26.860000610351562,27.0,26.549999237060547,26.649999618530273,6592900
2026-02-27,26.950000762939453,27.229999542236328,26.81999969482422,27.0,6469100
2026-03-02,26.31999969482422,26.790000915527344,26.100000381469727,26.719999313354492,7921600
2026-03-03,26.049999237060547,26.43000030517578,25.90999984741211,26.100000381469727,9078100
2026-03-04,25.09000015258789,26.010000228881836,25.020000457763672,26.010000228881836,14052000
2026-03-05,25.059999465942383,25.579999923706055,24.899999618530273,25.020000457763672,10878600
2026-03-06,25.799999237060547,25.860000610351562,24.860000610351562,25.0,8340700
2026-03-09,25.290000915527344,25.667999267578125,25.159900665283203,25.579999923706055,6597480
