Price,Close,High,Low,Open,Volume
Ticker,CTVA,CTVA,CTVA,CTVA,CTVA
Date,,,,,
2019-05-24,26.609045028686523,29.3617048592403,26.150268390260894,27.29720998632497,44000
2019-05-28,26.393417358398438,27.985372727692276,26.15944206137214,26.838431222458986,61500
2019-05-29,26.150266647338867,27.434840799294633,25.379521806146634,27.434840799294633,207800
2019-05-30,26.425527572631836,26.75584723607015,25.8933468649221,26.599863145012456,666000
2019-05-31,24.746410369873047,26.232847395748603,24.746410369873047,26.150267463750296,853800
2019-06-03,22.764493942260742,24.773935899707748,22.360771802481196,24.35186227627627,19259600
2019-06-04,25.462100982666016,25.63643657851955,22.342420491565342,22.342420491565342,20135100
2019-06-05,25.700664520263672,25.89334984605775,24.278456055680756,25.26941516008613,10740200
2019-06-06,24.682178497314453,25.407046299790398,24.06741783891988,25.407046299790398,13986100
2019-06-07,24.140823364257812,24.709707098558145,23.5948798592365,24.012366480745452,10049100
2019-06-10,23.223270416259766,24.53537173918228,23.0489365727242,23.9206110406834,10247200
2019-06-11,22.892948150634766,23.269144742280393,22.507575818937603,22.94800084085051,11641200
2019-06-12,23.00305938720703,23.351730597556564,22.46170283700163,23.03976235675705,13392000
2019-06-13,22.91130256652832,23.113165388760724,22.66356453484265,22.993882493788153,9710800
2019-06-14,23.113162994384766,23.159039949179302,22.525927822471566,22.718614882814634,7036800
2019-06-17,23.810503005981445,24.68217737753017,23.35172646829466,23.425130644320802,13710100
2019-06-18,25.049196243286133,25.29693597373704,23.62698979086376,23.88390526134175,14485400
2019-06-19,24.911563873291016,25.21435629660927,24.654650150532177,25.21435629660927,10228800
2019-06-20,24.92074203491211,25.324465888596823,24.241752951497705,25.113429095797816,7728000
2019-06-21,24.966617584228516,25.425394108011563,24.654651158142112,24.654651158142112,12548900
2019-06-24,25.700664520263672,26.104388405381364,24.82256546390379,24.902392491746163,6494900
2019-06-25,25.38869285583496,25.774065205204412,25.21435728704809,25.70983677199176,6698600
2019-06-26,26.847606658935547,26.95312506620475,25.553856795765224,25.627260981260925,6735100
2019-06-27,27.132043838500977,27.829384377564356,26.847602878519066,26.957708266211736,5879600
2019-06-28,27.132043838500977,27.297203670133563,26.847602878519066,27.159571060470935,15517800
2019-07-01,27.23297882080078,28.21476044909577,26.56316541552769,27.141223152248372,5272900
2019-07-02,26.59986686706543,27.1595748750781,25.819946302644624,27.067819205717917,5438300
2019-07-03,26.425527572631836,26.517283229152877,25.87499713369276,26.407177841402493,2234900
2019-07-05,26.278724670410156,26.90266116399709,25.930055203455428,26.104390811979766,2888200
2019-07-08,25.480449676513672,26.049331611082216,25.361166795008454,26.049331611082216,3478600
2019-07-09,24.764753341674805,25.48044525626991,24.617945013054268,25.205178327536412,5285700
2019-07-10,24.31516456604004,24.773941255965322,24.260111853275376,24.599605623767342,5133700
2019-07-11,24.25092887878418,24.59042254805237,23.81967779877639,24.361034271484368,6066200
2019-07-12,25.3244686126709,25.443749758359495,24.094947187447673,24.241755559107716,5154500
2019-07-15,25.764894485473633,25.939230088232854,25.1409580125197,25.150133754780068,3443100
2019-07-16,25.563032150268555,26.150265625333752,25.42998651916978,25.627260592842084,3735900
2019-07-17,24.663822174072266,25.425391041702984,24.636296706024734,25.324461408706465,3999300
2019-07-18,24.45279312133789,24.755585615895026,24.235333454813652,24.388564675536966,3009800
2019-07-19,25.131778717041016,25.214358635615007,24.44361389565353,24.581248260005943,4694800
2019-07-22,25.471275329589844,25.553855252045544,24.966620053461266,25.08590294149449,2546100
2019-07-23,25.801593780517578,26.131911704386035,25.18683313736237,25.37034270615737,2921400
2019-07-24,25.9851016998291,26.168613007068803,25.351989614955016,25.48044823006022,2311800
2019-07-25,25.709842681884766,26.05851214951322,25.462102882465256,25.78324687244307,3532200
2019-07-26,26.131912231445312,26.17320219152336,25.370343217856423,25.43457165573479,3052700
2019-07-29,26.407182693481445,26.5631668131998,25.985107295969588,26.021810265359274,6245200
2019-07-30,26.84960174560547,26.997078007798773,25.623718831015864,25.808062840231425,7142300
2019-07-31,27.190637588500977,27.78975298036947,26.46248068718952,26.821951328738425,7662000
2019-08-01,28.80364418029785,30.213869474222886,27.015513457335185,27.190640106201172,11564200
2019-08-02,28.997201919555664,29.07094093152442,28.434956017572368,28.51791064800241,7305800
2019-08-05,27.559322357177734,28.545558707945688,27.31967586178936,28.232174964594325,5552500
2019-08-06,27.69757652282715,27.854268377788358,27.16298109261263,27.706793897593627,5355900
2019-08-07,28.241392135620117,28.416518757525704,27.126116048510323,27.264373167684354,4925200
2019-08-08,29.13545799255371,29.30136723737601,28.269044024056505,28.30591176844222,3962600
2019-08-09,29.153894424438477,29.494930329913434,28.77599077022925,29.439627827794602,4753200
2019-08-12,27.310461044311523,29.33823819029505,27.199856041023597,29.02485441758787,7112500
2019-08-13,27.282812118530273,27.78975555287738,26.90490844753663,27.03394821089009,6855400
2019-08-14,26.12144660949707,27.06159789233689,26.06614410992848,26.840386136027774,4580100
2019-08-15,26.195178985595703,26.94176874392214,25.743538180779243,26.665254539515143,3561600
2019-08-16,27.872709274291992,27.937229153851913,26.324225132714403,26.444049273069858,4285100
2019-08-19,28.17687225341797,28.42573612265966,27.881923263813583,28.342781499579097,4207300
2019-08-20,27.891141891479492,28.278262897221122,27.734450013964196,28.222960398696525,3073700
2019-08-21,28.18608856201172,28.55477478505926,27.909574334234712,27.928007326861152,2815400
2019-08-22,27.918794631958008,28.52712740317217,27.845055621595304,28.370435522220962,3351400
2019-08-23,26.77586555480957,27.79897150624151,26.554653789803847,27.46715297971551,3911600
2019-08-26,26.748212814331055,27.16759374464865,26.425611693001827,27.052379184033544,3479800
2019-08-27,26.48091697692871,27.126119287493854,26.301182524737882,26.868038011660826,3528400
2019-08-28,26.886465072631836,27.21828350975997,26.09378847639656,26.250480320814365,5091800
2019-08-29,27.384201049804688,27.861651712934684,27.209076150669137,27.23672652525106,3135600
2019-08-30,27.024728775024414,27.679148435109056,26.969426274662332,27.65149630591062,5220200
2019-09-03,26.020063400268555,26.82195774537015,25.80806896994389,26.720568340416968,3279100
2019-09-04,26.204402923583984,26.58230658467677,25.96475639932407,26.379529567857553,2962100
2019-09-05,26.2320499420166,26.720560304934125,25.761976088496958,26.490131186997782,4972700
2019-09-06,26.167531967163086,26.55465298367991,25.70667369788281,26.222836225261762,5140000
2019-09-09,26.499351501464844,26.563871380356748,25.82649882439949,26.130665223486215,4661000
2019-09-10,26.324220657348633,26.8495987393429,25.937099687768452,26.45326215256507,3682900
2019-09-11,26.9786434173584,27.006293788282523,25.909452376767877,26.26892126305967,3033600
2019-09-12,27.559322357177734,27.73444898035283,26.637605878623067,27.1906361173628,7967600
2019-09-13,27.76209831237793,27.974092659172555,27.559319582370474,27.68836107183917,4919600
2019-09-16,27.098464965820312,27.706797720058557,26.582304213928563,27.697580344020434,3300700
2019-09-17,26.711341857910156,27.162982699986753,26.692907107286317,27.024725586377116,4118200
2019-09-18,26.86803436279297,27.153765972137236,26.49934813169801,26.49934813169801,3606000
2019-09-19,26.858816146850586,27.384194229476183,26.785078902938825,26.969422891735505,3222400
2019-09-20,26.65604019165039,27.25515554124899,26.59152032049841,27.052378552194973,6865000
2019-09-23,26.619171142578125,26.72977789360415,26.21822496642377,26.397959398560733,3314300
2019-09-24,26.029277801513672,26.720565284139678,25.77211947680511,26.46248399106671,2840500
2019-09-25,25.99240493774414,26.268919173195503,25.596066577705123,26.010837930882165,3154200
2019-09-26,25.476245880126953,25.992408434186697,25.337988743803223,25.909453800785485,3532100
2019-09-27,25.623720169067383,26.020058578952995,25.172079256743157,25.39329102453248,4534900
2019-09-30,25.808059692382812,26.130660790144507,25.586847963126534,25.715887699017394,6245000
2019-10-01,25.393295288085938,26.15832010606867,25.098346214844664,25.835720655982996,5843200
2019-10-02,24.831045150756836,25.503897832047112,24.536096126521915,25.02460478864793,5181600
2019-10-03,24.775737762451172,25.0338190050935,24.434703655495397,24.80338988924541,3622400
2019-10-04,23.86324119567871,24.921372468459975,23.781209532848482,24.886347140700888,4851400
2019-10-07,23.964630126953125,24.397836269432446,23.7157662383218,23.964630126953125,5474100
2019-10-08,24.167402267456055,24.36096361676261,23.58672173560526,23.63280685027926,6214200
2019-10-09,24.121320724487305,24.729653470040535,23.72498235068011,24.692785724449124,3916700
2019-10-10,23.715768814086914,24.628268080140018,23.69733405928948,24.121324629455508,3003300
2019-10-11,24.572959899902344,24.99695037216925,23.955409821060133,24.056799191000287,4555600
2019-10-14,24.268796920776367,24.67435269886292,24.148974541678086,24.333316798601196,3064900
2019-10-15,24.60982894897461,24.96929778774613,24.024538815311658,24.167403734292883,3826500
2019-10-16,24.766525268554688,25.098342041762624,24.231929722682885,24.28723222521173,3023500
2019-10-17,24.674354553222656,25.079908603753122,24.57296516157256,24.932434083917506,2196500
2019-10-18,24.001502990722656,24.554531587678635,23.63281491537196,24.517663834964583,4332300
2019-10-21,23.503768920898438,24.499222593109224,23.43924905220503,24.231925743088745,3318300
2019-10-22,23.94619369506836,24.01071356729281,23.254906336032658,23.512987582965135,4166600
2019-10-23,23.605161666870117,23.98306531587054,23.241083203700132,23.863241178557338,4140000
2019-10-24,24.305662155151367,24.471569629812727,23.503768116466162,23.623590474505118,5359700
2019-10-25,24.63747787475586,24.84947221557497,24.185837069432104,24.305661180701644,2676900
2019-10-28,24.674354553222656,25.01538872107941,24.517662656142946,24.692789307710843,2943500
2019-10-29,24.683568954467773,25.107557708367807,24.35175044582619,24.434705072986585,2837000
2019-10-30,25.328767776489258,25.43015714917045,24.803389678113298,24.93242941931873,5993500
2019-10-31,24.314878463745117,25.32876688059116,23.273339679352848,24.42548520803368,7084400
2019-11-01,24.130538940429688,24.517659951806866,23.51298879747168,24.130538940429688,10081500
2019-11-04,23.7249813079834,24.35174877780368,23.642026686505147,24.121319664371793,8316200
2019-11-05,23.651248931884766,23.992284863519735,22.821704304330623,23.48533965476694,8240500
2019-11-06,24.084449768066406,24.259576383657244,23.70654616886774,23.79871816433842,6560000
2019-11-07,24.102886199951172,24.40705257559591,24.075235830005557,24.397835199602465,4554200
2019-11-08,24.14897346496582,24.299213355788496,23.88167483099815,24.05680146159646,2998800
2019-11-11,24.64670181274414,24.64670181274414,23.678900080472175,24.0015012439078,3258300
2019-11-12,24.62826919555664,25.10756229378721,24.45314429115456,24.821830613626126,4665500
2019-11-13,23.706546783447266,24.46235575947313,23.46690029222462,24.4254862571152,3759900
2019-11-14,24.314878463745117,24.757303682864823,23.697328390050806,23.697328390050806,7274500
2019-11-15,23.48533821105957,24.536096315534515,23.443860894329834,24.490009431370996,4788600
2019-11-18,23.48533821105957,23.748027297669587,23.374733205136863,23.503772964724977,4656400
2019-11-19,23.68811798095703,23.895502815287525,23.328647301511953,23.549859080690105,4135100
2019-11-20,23.024477005004883,23.6881139887296,22.96456670022335,23.614376741430704,4531200
2019-11-21,23.144304275512695,23.42081855094798,22.978395007037566,23.015262756679324,4165700
2019-11-22,23.540639877319336,23.572899813660555,23.07056425887413,23.07056425887413,11212400
2019-11-25,23.90011215209961,24.066021424389692,23.64203086653338,23.724985502678418,6107900
2019-11-26,23.854022979736328,24.153581554658626,23.68811548138549,23.761852733330784,7580900
2019-11-27,24.13193130493164,24.289414233265944,23.78917548655762,23.87254890549402,6745600
2019-11-29,24.104143142700195,24.159724837170504,23.668748196437168,24.05782359154976,8233100
2019-12-02,23.325992584228516,24.215306772230033,23.196301373539185,24.113407292507084,7232800
2019-12-03,22.835012435913086,23.038814897917806,22.51078269201372,22.992495353412206,8645000
2019-12-04,23.011022567749023,23.35563184204748,22.80722187799894,23.066604252788153,13263000
2019-12-05,22.992496490478516,23.242616742448277,22.325510918802532,23.131451597047256,7510700
2019-12-06,23.40010643005371,23.678016723503557,23.103668312531063,23.15925001783892,5835800
2019-12-09,23.8725528717041,24.206044835946315,23.525164157390282,23.594640840106823,6603500
2019-12-10,23.965190887451172,23.974453031878085,23.54832371182327,23.798444017200012,5134600
2019-12-11,24.270889282226562,24.335734885027897,23.928131681392156,23.983713374234707,5215000
2019-12-12,24.993457794189453,25.081464059583304,24.08561577740718,24.196780935358795,4930200
2019-12-13,24.539535522460938,25.1509394424431,24.51174379267624,24.993456507483444,6268800
2019-12-16,25.521493911743164,25.53075782417843,24.873035943470118,24.956409388476892,9527400
2019-12-17,24.798925399780273,25.521492871163826,24.622914604507883,25.25284648913702,9227900
2019-12-18,25.771608352661133,25.882773509549654,24.539536551121948,24.743337277355643,13869000
2019-12-19,25.669710159301758,26.188478597271374,25.43811767457225,25.697501893557057,11975100
2019-12-20,26.1051025390625,26.169948145567112,25.41958906515475,25.64191761613211,30573900
2019-12-23,26.549760818481445,26.628503177665117,26.030994176527322,26.11436760770517,5970800
2019-12-24,26.688716888427734,26.90178331278354,26.290377540301733,26.49418005343247,1698400
2019-12-26,27.040735244750977,27.04999915487887,26.52196687905015,26.56828642968961,2599300
2019-12-27,26.994415283203125,27.124108256109242,26.846196257233416,27.049998743124387,2738200
2019-12-30,26.73503303527832,27.07778887234538,26.6701874318824,26.985151538818275,2795600
2019-12-31,27.38348960876465,27.411281337650152,26.688712288817943,26.725767927331948,3414500
2020-01-02,26.62386703491211,27.61508240823388,26.605339215413917,27.61508240823388,6896100
2020-01-03,26.30890655517578,26.77209153596025,26.271852675506473,26.327434378465675,5611400
2020-01-06,26.271846771240234,26.402463832185347,25.9151942041601,26.01246260420648,6972800
2020-01-07,26.373748779296875,26.60534123991669,26.095838533317195,26.225529745853013,6014800
2020-01-08,26.586820602416992,26.660930134237162,26.030998230310423,26.401545889411263,3684500
2020-01-09,26.614606857299805,26.72577202296741,26.290377038255517,26.679452467726588,3703200
2020-01-10,26.26258659362793,26.79988105626166,26.234794860989684,26.688715892619015,4498700
2020-01-13,26.475648880004883,26.49417670010999,26.081942420777366,26.25332033947415,4735100
2020-01-14,26.531230926513672,26.67018781224116,26.216265048175714,26.457121412017106,5370600
2020-01-15,26.56828498840332,26.762821789805184,26.378379258359082,26.5404932595273,6336800
2020-01-16,27.068523406982422,27.10557904502817,26.424696714673193,26.65165808042821,5847900
2020-01-17,26.216266632080078,26.521968618711742,25.595598748081205,26.364485670028138,8668600
2020-01-21,25.771608352661133,26.262584997977584,25.66970710608917,25.993936899527952,5514000
2020-01-22,26.086576461791992,26.169949894845214,25.475172464008615,25.771610551793238,8672900
2020-01-23,26.3552188873291,26.41080057504892,25.48443086747194,25.94761572126043,4139400
2020-01-24,25.89203643798828,26.26721507357529,25.669706132642446,26.225528362186715,4996200
2020-01-27,25.160205841064453,25.502963474671947,24.984195068838424,25.22505145006606,4195000
2020-01-28,25.53075408935547,25.54928191151562,25.011987437243835,25.28989770200462,5618800
2020-01-29,25.753082275390625,25.92909304949996,25.484435925665125,25.521489802529523,3499600
2020-01-30,27.087047576904297,27.278806767446554,25.567801959899203,25.882767773216333,9762200
2020-01-31,26.79061508178711,27.003679714870966,26.364484048709194,26.660923873285665,6788300
2020-02-03,27.90225601196289,28.03194720394988,26.697974347405246,26.920302862344357,9430800
2020-02-04,28.67115020751953,28.819369255831347,27.832784779891114,28.35618428812932,5853400
2020-02-05,29.375185012817383,29.375185012817383,27.503919391333323,28.08753157801738,5745300
2020-02-06,29.264022827148438,29.708679917783936,28.995374730570607,29.643834312930036,6383600
2020-02-07,28.754520416259766,29.115804085113172,28.527559030114528,29.09727626442576,3716100
2020-02-10,28.346912384033203,28.731354880034818,28.221852265986435,28.476603573010628,3416600
2020-02-11,28.263545989990234,29.04169685089361,28.170908646185474,28.402501122242185,3705400
2020-02-12,28.66188621520996,28.800841351746147,28.393238086584304,28.4766115218881,3023400
2020-02-13,28.346912384033203,28.754515535417873,28.2125883572152,28.42102188729315,4543000
2020-02-14,28.448810577392578,28.652613027446797,28.328383302559512,28.402492802512903,3895500
2020-02-18,29.0880126953125,29.1621222120213,28.35618143867689,28.42102704493331,3524700
2020-02-19,29.199174880981445,29.45855727959867,28.921262896435753,29.088009733781153,3042600
2020-02-20,29.245492935180664,29.717943490018666,29.013900496014635,29.060220043993894,2460300
2020-02-21,28.9212646484375,29.338131767054115,28.884210775066123,29.04169371244238,3955200
2020-02-24,28.402494430541992,28.615559034257114,28.041210818424183,28.226483695472567,3441300
2020-02-25,26.290374755859375,28.550717614979426,26.151419636021018,28.365444710831685,5045600
2020-02-26,26.401540756225586,27.173207011811638,26.234793900322728,26.318167328274157,4157900
2020-02-27,25.28063201904297,26.559021531667668,25.234312470126415,26.049518861956475,4702500
2020-02-28,25.197261810302734,25.197261810302734,23.955926011643225,24.57659391097298,9732700
2020-03-02,26.28632164001465,26.304938441359706,25.003653143832775,25.383428079530034,7440100
2020-03-03,25.98845863342285,27.235755855455427,25.58820630129953,26.509716617506434,8503900
2020-03-04,26.90065574645996,26.919272543559405,25.886063384681695,26.239775427989148,6341400
2020-03-05,25.420656204223633,26.458518760198046,25.28103376526394,26.06292155391298,3974300
2020-03-06,23.54970932006836,24.741157739396133,23.195999041499864,24.685309121810693,5843700
2020-03-09,21.473983764648438,22.6375069575782,21.287821119016975,21.669456584266296,7758500
2020-03-10,24.117507934570312,24.19197334584427,22.227945682324826,22.711971743303295,6696200
2020-03-11,23.27046775817871,23.884807964962967,22.7585181776571,23.27977615832948,6382300
2020-03-12,20.794485092163086,23.22392190558249,20.720019684395975,21.287819528242288,6448100
2020-03-13,23.102914810180664,23.270462423694525,20.059137899066528,22.181404711249808,7214500
2020-03-16,19.3051815032959,21.72531071384726,19.142288925105188,20.021912398126915,6308300
2020-03-17,21.101655960083008,22.46995854797765,19.286559132426774,19.761276791589104,7555300
2020-03-18,20.077754974365234,21.781152776456704,18.970080450479838,19.621654117564287,7526200
2020-03-19,21.650840759277344,23.084300474128135,19.119014816917375,19.714738150320763,5291400
2020-03-20,20.971345901489258,21.63222632476605,19.649583279539897,21.59499450005823,10607100
2020-03-23,20.403541564941406,21.901227833572467,19.93813231553617,20.682786404426395,8693500
2020-03-24,20.78517723083496,22.3117190171659,20.012597939533887,21.418134100892786,8305600
2020-03-25,21.78115463256836,23.400778764756218,20.608322997109106,21.176122904657266,5823500
2020-03-26,22.469955444335938,23.130837426731507,21.301779142011878,21.511213635566644,7085600
2020-03-27,21.604297637939453,23.093607669201525,21.09700323386929,21.511217203494404,4538800
2020-03-30,22.423419952392578,22.637507801780544,21.325053733243116,21.669457392367914,4469500
2020-03-31,21.874235153198242,22.87021068249336,21.73461273070372,22.553732244628222,4090400
2020-04-01,20.952728271484375,21.96732075397344,20.803797427760816,21.641533867554763,6706600
2020-04-02,20.701406478881836,21.809081164994236,20.3076698790612,21.269206421202554,6302000
2020-04-03,21.055118560791016,21.455369087373562,20.589709237634143,20.67348128243836,5961100
2020-04-06,22.581661224365234,22.872076906054005,21.61360895206933,21.874238819701855,6132500
2020-04-07,22.832983016967773,24.136128822873353,22.66543536934927,23.270467160441605,5777100
2020-04-08,24.247821807861328,24.35952081176708,22.72127999865382,22.851594023714334,4231800
2020-04-09,25.997760772705078,26.128074793494054,24.387445207201317,24.387445207201317,6076900
2020-04-13,24.72254180908203,25.588203401306448,24.108201667902563,25.429964166433212,3453900
2020-04-14,24.610841751098633,25.9186406134028,24.238514704453237,25.681282675977425,2853300
2020-04-15,23.74518394470215,24.340907311826765,22.91210082790429,24.26644189093619,2927100
2020-04-16,23.41939353942871,23.962991207693207,22.87951887533932,23.62417297222282,2663500
2020-04-17,23.74518394470215,24.494493241073652,23.196000799860762,24.14543624776238,5696900
2020-04-20,22.926061630249023,24.07096987220297,22.870213010645,24.07096987220297,4242500
2020-04-21,22.59096908569336,23.22392605243186,22.209333580817912,22.348956023387718,5773900
2020-04-22,23.214616775512695,23.47059153978243,22.609585030312697,23.037760741397257,3936700
2020-04-23,23.64279556274414,24.052356304100734,23.279776823471163,23.531098308535153,2754500
2020-04-24,24.452604293823242,24.834239766019564,23.624174558108216,23.81033898252397,3851300
2020-04-27,23.791723251342773,24.722541864349562,23.74518303085068,24.508454009452947,4908800
2020-04-28,24.378137588500977,24.680652542916324,24.024425555916483,24.340903995430846,3812800
2020-04-29,25.178646087646484,25.374118945326963,24.629462891614637,24.964558204554976,2008800
2020-04-30,24.378137588500977,24.852855247772524,24.070967547254146,24.852855247772524,2678300
2020-05-01,23.72657012939453,24.043048651827547,23.354242978119185,24.043048651827547,2457600
2020-05-04,23.661407470703125,23.698639289275114,23.10105537449841,23.410086037609172,4121600
2020-05-05,24.368833541870117,24.6760036379695,23.46593827803576,23.642794325909875,2412300
2020-05-06,23.27977180480957,24.88077904802749,23.27977180480957,24.378137961654904,3304300
2020-05-07,24.620155334472656,25.364809584596067,24.173361009002836,24.173361009002836,4475300
2020-05-08,24.182666778564453,25.10417697862756,23.698640680936684,24.871472328852164,4765100
2020-05-11,22.693357467651367,23.41008824040734,22.609585424132906,23.363548018964234,6871900
2020-05-12,21.64153289794922,22.758515951227427,21.613607700228798,22.609585114176415,4881100
2020-05-13,21.660146713256836,21.781152335921764,20.831717048937094,21.548447713154662,4581500
2020-05-14,21.828632354736328,21.866075120187695,20.948747005691764,21.313806827365298,3357400
2020-05-15,21.313806533813477,21.7818303832936,21.173399736043297,21.71630733002547,3601200
2020-05-18,22.474506378173828,22.72723969563628,21.566540716074996,22.174971388012125,5834600
2020-05-19,22.455785751342773,22.820843809727723,22.081367001028795,22.568112269121684,6195900
2020-05-20,23.485437393188477,23.967501396758088,23.07357589726442,23.101657971544242,4719600
2020-05-21,22.9799747467041,23.85049956102281,22.942533759885155,23.34503463406431,4021000
2020-05-22,22.970617294311523,23.092302740894446,22.699162534855358,22.93317451975077,3830600
2020-05-26,24.000267028808594,24.393407209117814,23.5884072478139,23.803697831338805,3797800
2020-05-27,24.150033950805664,24.501051896517197,23.83177753719764,24.234278400606,5831000
2020-05-28,25.263931274414062,25.713233814230513,24.262360359892963,24.58061677193868,4069200
2020-05-29,25.56346893310547,25.675795472310096,25.00183980782187,25.020561195250934,6293700
2020-06-01,25.104801177978516,25.507302009102364,24.805266173989455,25.366895199153674,3167100
2020-06-02,26.218700408935547,26.237421794364405,25.039279907461246,25.207768805581804,4302500
2020-06-03,26.677364349365234,27.098586605871485,26.349747237123665,26.36846862305053,3287700
2020-06-04,28.240571975708008,28.249932671193488,26.79905700760634,26.95818526011925,6759100
2020-06-05,28.689865112304688,29.663355694833562,28.5400976050494,29.017482203939196,4189400
2020-06-08,28.090797424316406,28.848995716154267,27.435563186441435,27.79126238484316,4850400
2020-06-09,27.697660446166992,28.048678445955826,27.220275752209798,27.74446213199089,5365200
2020-06-10,27.27643585205078,28.203123079780863,27.27643585205078,27.594692288083703,4184300
2020-06-11,25.36689567565918,26.621199867451995,25.292011923255256,26.61183917523032,5928500
2020-06-12,25.778757095336914,26.66800142812545,25.460500702651064,26.621199752588495,3843900
2020-06-15,25.058002471923828,25.376258897710738,24.82399049916108,25.029920392459218,5109000
2020-06-16,26.040849685668945,26.883292354267052,25.69451299714404,26.565035957294732,8797100
2020-06-17,25.600910186767578,26.10637511972945,25.338816134443483,25.994050372568886,5295300
2020-06-18,25.72259521484375,25.806839666548864,25.469861859728407,25.600909776475053,4402000
2020-06-19,25.394977569580078,26.19997929775138,25.02055878393166,26.19997929775138,6693100
2020-06-22,25.816198348999023,25.88172140958461,24.814627484917654,25.245208617548357,3936700
2020-06-23,25.66643714904785,26.125100471201716,25.619635461522535,26.0595773945183,3022700
2020-06-24,24.40277099609375,25.198412150616516,24.365330004606136,25.151610464914533,3985000
2020-06-25,24.52445411682129,24.68358232100151,24.075149796838005,24.318522449429494,5600200
2020-06-26,24.262361526489258,24.48701280719929,23.901982872422224,24.440211126564993,4319200
2020-06-29,24.468292236328125,24.926955506236276,24.374688871939725,24.66486322935718,3931000
2020-06-30,25.076725006103516,25.348177978541653,24.15003598041917,24.4495728189771,4590500
2020-07-01,25.31073760986328,25.647713660273322,24.76782808094254,25.226493150918326,4838000
2020-07-02,25.806838989257812,26.312305686222707,25.628989397506874,25.628989397506874,3766400
2020-07-06,25.76939582824707,26.415267506021348,25.3481736163339,26.415267506021348,3668300
2020-07-07,25.404333114624023,25.526020311157858,25.179681888756832,25.526020311157858,5931800
2020-07-08,24.20619773864746,25.39497713979088,23.8130575740278,25.348175461890506,5560400
2020-07-09,24.10323143005371,24.388726301583375,23.813057104974007,24.365325463094123,4392200
2020-07-10,24.917593002319336,24.917593002319336,24.056428962481707,24.178114389848453,2464100
2020-07-13,25.12352752685547,25.44178397782845,24.898876229469213,25.376260905928685,2782600
2020-07-14,25.348173141479492,25.49794063949422,24.81462620663085,24.96439370464558,8445800
2020-07-15,26.153181076049805,26.25614513985716,25.666435697682875,26.078297309021803,2994200
2020-07-16,26.13446044921875,26.44803567485454,25.94257067903434,25.975332216477785,1977300
2020-07-17,26.536954879760742,26.611838630632207,25.97532585554004,26.26550016699578,2704500
2020-07-20,25.947248458862305,26.452715207429314,25.947248458862305,26.331027974461804,1677300
2020-07-21,26.536954879760742,26.630560014692435,26.078291682501845,26.078291682501845,3064200
2020-07-22,26.82713508605957,26.84585647423353,26.246786335625533,26.246786335625533,1954200
2020-07-23,26.836490631103516,27.07050258226927,26.513554781227793,26.64928035602311,2428200
2020-07-24,26.696088790893555,26.967541776424714,26.499517786901485,26.902018703550635,1877400
2020-07-27,26.96753692626953,27.145386510205373,26.658641220154387,26.733524973595348,2683100
2020-07-28,26.387191772460938,26.920738809446608,26.331027610926842,26.827133658926197,3500600
2020-07-29,26.96753692626953,26.986258310972147,26.331024129336626,26.331024129336626,2840200
2020-07-30,26.65864372253418,26.705447188684047,26.012771957993124,26.415271054663908,3311900
2020-07-31,26.7335262298584,26.864574143565417,26.228061316721476,26.583758715938597,7305100
2020-08-03,26.696088790893555,27.05178623736848,26.649285320719333,26.939461479690014,3600600
2020-08-04,26.873937606811523,27.14351953464216,26.61184530570528,26.67736838098184,4663400
2020-08-05,26.724164962768555,27.27643332799324,26.724164962768555,27.145387202471976,5502300
2020-08-06,23.79433822631836,25.507305850555557,23.60712792794621,25.160967334177997,11668200
2020-08-07,23.700727462768555,23.86921633431694,23.242064304314233,23.719448845244887,7460000
2020-08-10,23.79433822631836,23.990907432776364,23.38247664112146,23.43864080185494,8355800
2020-08-11,25.067358016967773,25.301369941671233,24.098548791524983,24.234274350972324,8120000
2020-08-12,24.67422103881836,25.55410470173812,24.458928683928225,25.460501348290567,5139300
2020-08-13,25.323301315307617,25.39855622494612,24.53312386699403,24.76829568389168,9040600
2020-08-14,26.216951370239258,26.442716068438187,24.984649925519893,25.16338098442592,5367300
2020-08-17,26.12288475036621,26.470938019939783,25.71180417339117,26.235766212956047,9275000
2020-08-18,26.715511322021484,26.73432549325416,26.160505830184373,26.198134172649727,3124700
2020-08-19,26.86602210998535,26.913057539829232,26.33923785526122,26.48034055635648,5122000
2020-08-20,27.091785430908203,27.091785430908203,26.499153398363642,26.574408288118793,4583500
2020-08-21,26.753143310546875,26.99772218724981,26.353350191348117,26.941279665859494,6864100
2020-08-24,26.84721565246582,27.26111676105402,26.527381835872205,27.15764238101626,4409500
2020-08-25,26.950685501098633,27.43984323178676,26.91305894947093,26.997720933406114,2344000
2020-08-26,27.49628257751465,27.5433180074635,26.743733640514904,26.950684149635286,2458300
2020-08-27,27.552722930908203,27.70323270649501,27.33166091304468,27.505687504651043,1791300
2020-08-28,27.769081115722656,28.0512865025589,27.402211959773833,27.656197884457306,3202600
2020-08-31,26.85661506652832,27.684420690909064,26.83780268877918,27.684420690909064,3974800
2020-09-01,27.693830490112305,27.7032375770176,26.734329156392363,26.884838958440387,3797800
2020-09-02,28.34290313720703,28.399345658237735,27.39281069136214,27.590354132314538,3610200
2020-09-03,27.665607452392578,28.41815641429535,27.3834020402336,28.14535808843744,3800800
2020-09-04,27.580944061279297,28.333494778965832,27.331662566796304,28.03247341536032,5136800
2020-09-08,26.62144660949707,27.345776172333238,26.555598793642584,27.345776172333238,4213500
2020-09-09,27.03534698486328,27.66560741237709,26.818989382906455,26.847210641768832,2818000
2020-09-10,27.411617279052734,27.524500503044823,26.988309226072843,27.016528686407383,4138000
2020-09-11,27.298738479614258,27.703234196085123,27.214076502017186,27.59975804697356,3131400
2020-09-14,27.2517032623291,27.684420239430036,27.134117380778154,27.383400669734513,3917900
2020-09-15,27.70323371887207,27.92899839050255,27.308145094964207,27.336364557531695,3127900
2020-09-16,27.49628257751465,28.182983706804187,27.406917951939114,27.83493049627363,5769100
2020-09-17,27.82552146911621,27.9948454166833,27.03534424328183,27.185854020181896,5728400
2020-09-18,27.270519256591797,27.957220420132064,27.143526280723123,27.872558436219617,7175600
2020-09-21,26.54619026184082,26.828397478425952,26.2592821932625,26.51797079613513,6130200
2020-09-22,26.423900604248047,26.565003309452337,26.160507572106663,26.423900604248047,5703500
2020-09-23,25.83126449584961,26.630848815127063,25.765416692065248,26.25457436906064,4874200
2020-09-24,25.991182327270508,26.29690633532824,25.56787423251921,25.831265457461843,3031700
2020-09-25,26.69670295715332,26.84251012459152,25.69016790212567,25.746610428099594,2556300
2020-09-28,27.2517032623291,27.580944089515388,27.044752756717973,27.110600563311596,2714400
2020-09-29,26.894241333007812,27.298737027969104,26.795469629136257,27.063565279197938,1972000
2020-09-30,27.1011962890625,27.787899272167017,26.833100594850528,27.06356973605612,8009400
2020-10-01,26.978906631469727,27.57153872196378,26.913058820772417,27.16704297714514,4918400
2020-10-02,27.62798309326172,28.013664691112066,26.612041016984485,26.715515386068805,4851300
2020-10-05,28.324085235595703,28.484002092234757,28.00425152231759,28.00425152231759,5166300
2020-10-06,28.305278778076172,28.93083485046535,28.248838046888977,28.540450584611058,4972400
2020-10-07,28.71917152404785,29.23654859813834,28.568661764522698,28.606288307295056,5575400
2020-10-08,30.412416458129883,30.704027170131166,29.439743803962134,29.899740109280312,7033600
2020-10-09,31.44716453552246,31.691741559799315,30.37478200338353,30.525291769500644,5323300
2020-10-12,31.59767723083496,31.851663157534542,31.334286012821856,31.616491401898212,3968100
2020-10-13,31.701152801513672,31.767000604820616,31.05396040012818,31.334285443536086,5405200
2020-10-14,31.81403350830078,32.322005340829485,31.484794499311473,31.78581404708343,3363700
2020-10-15,31.97395133972168,32.07272303987974,31.211993610513268,31.211993610513268,3035100
2020-10-16,32.058616638183594,32.36904150113426,32.04920775808537,32.29378840253023,2802000
2020-10-19,31.531824111938477,32.49132514383216,31.22139572436893,32.22793038177556,5716500
2020-10-20,31.1085205078125,31.748187989944057,30.967416014704888,31.7387826983405,3697400
2020-10-21,30.948610305786133,31.315477739522567,30.789631786313294,31.136744874978334,3451400
2020-10-22,31.164962768554688,31.39072564956191,30.807500687117575,30.986229933617984,2646200
2020-10-23,31.20258331298828,31.50830727868621,31.080296597457757,31.18377273247267,3552400
2020-10-26,30.76987075805664,31.042670847945068,30.294826409057542,30.88275578117771,2679000
2020-10-27,30.421825408935547,30.892169027757408,30.412420115471406,30.835726501661455,2268400
2020-10-28,29.970291137695312,30.214868201172532,29.311809459729243,29.594014867875714,3974000
2020-10-29,30.57233238220215,30.746360796830356,29.669273579214217,29.725714305846374,3936000
2020-10-30,31.02385711669922,31.02385711669922,30.205460423882172,30.468851638021874,4327700
2020-11-02,31.494203567504883,31.832851496473186,31.13674146598984,31.30606543047399,3722000
2020-11-03,30.976821899414062,31.56004681021987,30.60054567980233,31.418945919192453,3620600
2020-11-04,30.83572006225586,31.404835291569864,30.20546146710088,31.00504401674687,3832400
2020-11-05,31.926908493041992,32.406660767453474,31.127326153603313,31.183768653073884,3876100
2020-11-06,31.701152801513672,32.34928537316981,31.62119526727469,32.162087424662275,2576800
2020-11-09,32.58540344238281,34.12812984823043,32.54777509384096,32.91464610946877,4633900
2020-11-10,34.08109664916992,34.23160645685423,32.68888003098086,32.68888003098086,6713100
2020-11-11,34.457359313964844,34.71134518665968,34.00583006976363,34.2127787305837,4494500
2020-11-12,33.09795379638672,34.3063205618505,32.91386678449863,34.3063205618505,3750300
2020-11-13,33.99479293823242,34.193043574346476,33.16404242974744,33.16404242974744,3361500
2020-11-16,35.33531188964844,35.46747651848238,34.30631122073496,34.834973337286776,3498000
2020-11-17,34.94826889038086,35.20787704369734,34.51401250208554,34.938826498642925,3706200
2020-11-18,34.63672637939453,35.439160225173644,34.63672637939453,35.15594976245837,2329400
2020-11-19,34.89163589477539,35.222051282391526,34.35353464194568,34.58954408972076,3274100
2020-11-20,35.0804328918457,35.18427759166663,34.78777997427921,34.8680258976427,2536500
2020-11-23,35.67517852783203,36.15663607556434,35.420287966838224,35.42972675744511,2712000
2020-11-24,36.72305679321289,36.826897883583975,35.78845817013762,36.02446752330424,4449400
2020-11-25,36.42097473144531,36.713624101909176,36.18024411927513,36.60977938288604,2738900
2020-11-27,36.2604866027832,36.789148992120005,36.175523068804395,36.383212507689905,1368500
2020-11-30,36.17551803588867,36.43040860236347,35.62797813848226,36.26048155804694,4864600
2020-12-01,36.16606903076172,37.232828550644626,36.09998671010406,36.53424298905904,3367500
2020-12-02,36.12831497192383,36.51064900084109,35.788460901234174,35.99615030025945,3503800
2020-12-03,36.071678161621094,36.45873345857276,35.74126642076646,36.02447699881584,2874200
2020-12-04,36.48705291748047,36.647537573141584,36.10943645523934,36.24160113665849,3633500
2020-12-07,35.816776275634766,36.60505021110142,35.717652784610834,36.33599970654596,3012900
2020-12-08,36.26990509033203,36.30294984730829,35.50523731381604,35.646840723696535,4178100
2020-12-09,36.826900482177734,37.16675455091329,36.30768058881716,36.31712298029159,3293800
2020-12-10,36.572017669677734,37.03459407018018,36.33600827315514,36.50593172553122,3124000
2020-12-11,36.24159622192383,36.534249120534824,35.9300657438565,36.166075100447536,3131000
2020-12-14,36.59088897705078,37.97862514299883,36.548409021546405,37.76149696758127,3594000
2020-12-15,37.0251579284668,37.11767321518791,36.10000146003784,37.044039113685905,3789100
2020-12-16,36.89299011230469,37.10067592971059,36.45873009143587,37.10067592971059,3164700
2020-12-17,37.45940399169922,37.47828517167972,37.01759590404947,37.12899234508262,4322000
2020-12-18,37.20451354980469,37.459404078305454,36.65225253866146,37.21395233920833,9395000
2020-12-21,37.3366813659668,37.40276370103086,36.176459224317554,36.496488590537595,2894300
2020-12-22,36.798583984375,37.49245217334926,36.770264009712385,37.39332866081258,2713800
2020-12-23,36.987396240234375,37.3272503780109,36.9213138913576,36.9213138913576,2330800
2020-12-24,37.28948211669922,37.33668327255284,36.845783328997044,36.845783328997044,847600
2020-12-28,36.20383071899414,37.35555743160686,36.17551075105012,37.166749242474445,2545800
2020-12-29,35.816776275634766,36.741932459741555,35.56660695049578,36.50592311886074,3183900
2020-12-30,36.28879928588867,36.524808654920456,35.88286288305663,36.05278991685689,3396800
2020-12-31,36.55312728881836,36.78913662595956,36.147190940838165,36.496483751466464,2316800
2021-01-04,36.20383071899414,37.006264622502734,35.95838259397368,36.69473057025175,3693700
2021-01-05,36.647525787353516,36.864653922887975,36.0811048773694,36.13774480763802,2647700
2021-01-06,38.77162551879883,39.18700078323294,36.80802910367108,37.119559651692214,4991400
2021-01-07,39.46076202392578,40.112150125199214,39.06426805029572,39.319158576722266,3986200
2021-01-08,40.829612731933594,40.90513744360547,39.8100507316621,40.14046594340184,4667300
2021-01-11,41.17891311645508,41.31107778504418,40.07911220928594,40.2537568351142,3624100
2021-01-12,42.08518600463867,42.34007291530188,40.669130006117314,41.065623957119314,4517800
2021-01-13,41.66036605834961,42.44391512592798,41.02785920988416,41.99077766493993,2634700
2021-01-14,41.73589324951172,42.236235528249125,41.59428979800324,41.830299151734316,2113100
2021-01-15,41.301639556884766,41.52821013556095,40.64081260373118,41.42436543705175,3792200
2021-01-19,41.09394836425781,41.358281294699474,40.499207373502365,41.254436600727786,2507900
2021-01-20,41.216670989990234,41.44324154090602,40.8673781751611,41.42436036156165,2660900
2021-01-21,39.31916427612305,41.87750509933566,39.0170725568398,41.33940399928628,6190400
2021-01-22,39.70620346069336,39.913889182958705,38.75272393127117,38.9698520416307,5239000
2021-01-25,38.98874282836914,39.50796266385791,37.84645847005049,39.32859685922486,4729600
2021-01-26,37.27060317993164,39.489093650904906,37.261164388679106,39.26252304745077,3252100
2021-01-27,36.52481460571289,36.69474166719846,34.495135862085185,36.65698289892659,5413500
2021-01-28,38.03527069091797,38.35624357611962,36.949626155354906,37.05347085368738,4019100
2021-01-29,37.62933349609375,38.12967219437027,37.17619595027815,37.695415829782455,3686800
2021-02-01,38.4317626953125,38.79049792503989,37.62933232480288,37.893661651329914,2761800
2021-02-02,39.168113708496094,39.51740654170429,38.78105851461216,38.96986311555697,2451400
2021-02-03,39.51740264892578,39.78173194518351,38.91604989872288,39.20586860586497,2668700
2021-02-04,40.27263641357422,40.905143361068916,38.89434263712252,39.507964802750855,3403300
2021-02-05,41.44324493408203,42.41560234202067,41.30163787801346,42.179592982717736,3533300
2021-02-08,41.169471740722656,41.66981041216264,40.87681884921455,41.481002211228926,2719500
2021-02-09,40.999542236328125,41.5187620565298,40.79185286776078,41.226109182750065,4515600
2021-02-10,40.63137435913086,41.112831893609396,39.87614508876392,41.02786837561704,3234700
2021-02-11,41.1033935546875,41.34884171979597,40.480328949639706,40.555850076897215,3030100
2021-02-12,41.886940002441406,41.96718592137934,41.089230818316295,41.11282959347225,1973600
2021-02-16,42.74600601196289,42.816809526758426,41.8302923179141,41.83973110598587,2532300
2021-02-17,42.46280288696289,42.64688989649173,41.74533602946806,42.48168406758341,1877600
2021-02-18,41.72644805908203,42.557201865118955,41.00897771711765,42.396713656567826,3106400
2021-02-19,42.92538070678711,43.2935547078129,41.82085510249294,41.877498641580296,3558400
2021-02-22,44.06766891479492,44.14319003895156,42.58553039089753,43.02922914942557,4308400
2021-02-23,43.8316650390625,44.27064265692552,43.312445091353595,43.90718617267699,6306000
2021-02-24,43.812767028808594,44.511356152837664,43.72780353536203,43.88829173463495,3217000
2021-02-25,42.82154846191406,44.04879668901253,42.51001430823498,44.04879668901253,2920500
2021-02-26,42.74578857421875,43.34223881755944,42.00732069285877,42.812060823478824,4889100
2021-03-01,43.8061637878418,44.25113785853368,43.32331881505527,43.38012516819722,2553400
2021-03-02,43.34224319458008,44.31739881079497,43.28544046751606,43.862958936447434,2935800
2021-03-03,42.92568588256836,43.51267042840088,42.6984640778378,43.1339722359407,2842400
2021-03-04,41.51502227783203,42.92568259774202,40.77655778921176,42.68899489122857,3530300
2021-03-05,42.452308654785156,42.617989332768325,40.61561328880274,41.98839914486437,2853600
2021-03-08,42.50912094116211,43.844039694029306,42.471250034745125,42.925690077043704,3485300
2021-03-09,42.3292236328125,43.03928666959826,42.18721319239577,42.6321835729157,3973900
2021-03-10,44.49729537963867,44.62983993696113,42.509119796665125,42.6227289012889,3388500
2021-03-11,44.36475372314453,45.131619743957636,44.26061053227644,44.733986045990626,2487700
2021-03-12,44.402610778808594,44.58249211773802,43.768285910305224,44.49728440738883,2176700
2021-03-15,44.336341857910156,44.40261412522444,43.124498373661076,44.36474322631122,2993300
2021-03-16,43.71147155761719,44.383667199023265,43.41987365683584,44.336330393405966,2300400
2021-03-17,44.743446350097656,44.78131725321695,43.725692012635534,43.73989269841324,2711100
2021-03-18,44.45941162109375,45.425097760138286,44.13278508828158,44.733970188497715,3180700
2021-03-19,44.56356430053711,45.13161339242311,43.6168134063484,44.241668852050225,9286600
2021-03-22,44.781314849853516,45.40617027151406,44.3552762415468,45.065339384868686,3358900
2021-03-23,43.40852737426758,44.497292355246586,43.14343827764023,44.20379827571769,4287200
2021-03-24,43.73042297363281,44.317411134683944,43.54107568200918,43.71148752215683,3425200
2021-03-25,44.288997650146484,44.601427122175316,43.171831508487,43.484260980515835,3739800
2021-03-26,45.35882568359375,45.49137020313242,44.41207498795492,44.82864399387178,3358500
2021-03-29,45.22628402709961,45.89847619678008,44.98959633820642,45.23574994556563,4063200
2021-03-30,44.44047546386719,45.33988932904023,44.251128217782096,45.04639893066802,2573000
2021-03-31,44.13752365112305,44.77184859914655,43.7919616130742,44.36474544439496,3814100
2021-04-01,44.25114059448242,44.478358797962585,43.588414213123535,44.44048789352648,2976900
2021-04-05,44.53515625,44.72450712275238,44.156454504495244,44.38367627411159,3039100
2021-04-06,45.197879791259766,45.415632017831875,44.40260906259467,44.59195631243665,2541300
2021-04-07,44.26059341430664,45.254680886325225,44.06177664221635,45.254680886325225,2208900
2021-04-08,44.43101119995117,44.610892535054234,43.72094816600126,44.03337402292419,2181800
2021-04-09,44.6203727722168,45.10794892801543,44.32687868092338,44.75291732584343,2552900
2021-04-12,44.59196090698242,45.112676732401845,44.33634137104446,44.83811813564754,2449800
2021-04-13,44.37421417236328,44.68664370644059,44.03338326666734,44.6014359800166,2542700
2021-04-14,44.7055778503418,45.10321148764364,44.2795392306841,44.3363455838278,2958000
2021-04-15,44.98959732055664,45.17421343299903,44.3770501750694,45.05586958596839,2190300
2021-04-16,44.97066116333008,45.576581072732566,44.771844370226304,45.41563517685833,2834900
2021-04-19,44.98959732055664,45.3304281778557,44.40261285052359,45.16947866787888,3157200
2021-04-20,44.45941162109375,45.2783525586077,44.175387135861186,44.838113342448686,2421900
2021-04-21,45.70912170410156,45.728057151101815,44.241658871471046,44.38367291818929,2732600
2021-04-22,45.519779205322266,46.267709576227595,45.15054336765393,45.76593281886688,3445600
2021-04-23,46.040496826171875,46.31032068555978,45.39670593156775,45.52925047841541,2501300
2021-04-26,46.2677116394043,46.712685681248864,46.05469414917577,46.12570118310787,1890000
2021-04-27,46.54227066040039,46.646413829555854,46.01208889541248,46.19197386452385,2083400
2021-04-28,46.5706672668457,47.157655321769624,46.44759227185587,46.788419502097824,2641600
2021-04-29,46.92097091674805,47.081916819087795,46.40972461831411,46.92097091674805,1809000
2021-04-30,46.16357421875,47.10559400383713,46.106771473786345,46.76949785371869,2426100
2021-05-03,47.08192443847656,47.31861217662187,46.45706895423568,46.60854896218594,2480700
2021-05-04,47.138729095458984,47.18606591906691,46.163573193608656,46.39079500312209,3447100
2021-05-05,45.141075134277344,45.43456916099487,44.31740300970548,45.01799652803226,4184300
2021-05-06,45.83221435546875,45.87008526108004,44.09019242460085,45.26416521757266,3228800
2021-05-07,46.25823974609375,46.6681815276229,45.61444898163817,45.70912260694216,3362700
2021-05-10,44.487823486328125,47.31860647071846,44.34580941593836,46.57067244159235,5547300
2021-05-11,44.58250045776367,44.73398045876979,43.26651727185393,43.82510045273304,4086200
2021-05-12,42.77420425415039,45.06533960771253,42.64165971125908,44.99906733626688,4909600
2021-05-13,43.60024642944336,43.89458738780374,42.6127871156326,42.91662130788041,6047400
2021-05-14,43.98004150390625,44.42629956369893,43.77115413600511,43.98953835989593,2211900
2021-05-17,43.88508987426758,44.31235417533187,43.571758856698914,44.18892403688566,4149000
2021-05-18,43.467315673828125,43.95155386607294,43.391358943312426,43.63822284497465,3353400
2021-05-19,42.55581283569336,43.13499784195246,42.195008408156895,43.04005102406921,3138400
2021-05-20,41.900665283203125,42.66025058679631,41.86268511252636,42.52732361141606,4225900
2021-05-21,42.44187545776367,43.00207036981741,42.346925018947594,42.40389528223724,4346100
2021-05-24,42.869144439697266,43.15398851922573,42.64411388622113,42.76470076540607,4032000
2021-05-25,42.346927642822266,43.40560246378793,42.327941175871516,42.82166900035162,3549500
2021-05-26,42.51783752441406,42.74571498419094,42.119056497291204,42.51783752441406,4609100
2021-05-27,42.897640228271484,43.48631864664809,42.77420642987331,43.01157716879823,3708600
2021-05-28,43.20146179199219,43.37236896356578,42.8691443039263,43.125501439297715,3028100
2021-06-01,43.64772415161133,43.839519352660915,43.396111796758674,43.676207475711074,2543100
2021-06-02,43.35337829589844,43.78539464659841,43.11600762988454,43.78064621912124,2729400
2021-06-03,43.6572265625,43.83762702303455,42.859660722152874,43.030567946655125,3318100
2021-06-04,43.63822555541992,44.02086698105571,43.495805318611154,43.8661030050988,1437600
2021-06-07,43.60974884033203,43.942066398562055,42.92612000969914,43.67621235197804,1989000
2021-06-08,43.58126449584961,44.00852888303292,43.17298657841651,43.457830710535276,2464800
2021-06-09,43.19197082519531,43.63822524372904,43.11601046851518,43.53378156428843,3077400
2021-06-10,42.308956146240234,43.6857033501156,42.29945928964011,43.61923984187291,2921800
2021-06-11,42.28996276855469,43.01156806853569,42.06208531372479,42.62228028394279,2942800
2021-06-14,41.739261627197266,42.30895346139825,41.50189093511085,42.223499867367565,2263800
2021-06-15,42.07158279418945,42.41339354852498,41.501890959651604,41.86269542599331,2747700
2021-06-16,41.49238967895508,42.05258454885038,41.32623095101762,42.01460437618222,3422100
2021-06-17,41.311988830566406,41.56834958270784,40.362506173148766,41.45441267797462,5380700
2021-06-18,40.55241012573242,41.00816144191562,40.438473202184,40.58089707311165,7900400
2021-06-21,41.21705627441406,41.58735405940899,40.970192291747495,40.970192291747495,3819300
2021-06-22,41.29301071166992,41.492401240754766,40.922709357954254,41.274020620044276,2226100
2021-06-23,41.368961334228516,41.800977705303694,41.283507745553706,41.283507745553706,2627100
2021-06-24,42.109554290771484,42.608034133327415,41.26451530753402,41.62531973050794,3528900
2021-06-25,41.92916488647461,42.47036985187557,41.77724776674785,42.3944131030071,3675800
2021-06-28,42.100067138671875,42.218752487662044,41.36421652613707,41.91966671212301,3515000
2021-06-29,42.04309844970703,42.783697518234,41.957644850338134,42.47986330314226,2121800
2021-06-30,42.109554290771484,42.218746389746485,41.81046855843125,42.18551464170868,3230200
2021-07-01,42.36592483520508,42.631782502950145,41.8484584072899,42.28996808869915,2103800
2021-07-02,42.251991271972656,42.55582552619168,41.96714711139107,42.47512034472507,1833900
2021-07-06,41.862701416015625,42.25198926209012,41.60634059709,42.20451584124979,2183600
2021-07-07,41.188568115234375,42.10956404066414,40.71382667792366,41.54936899975792,3348100
2021-07-08,40.732810974121094,41.10310866301487,40.41093565897845,40.77078753099002,2307700
2021-07-09,41.25503158569336,41.4164419356635,40.78503857738003,41.34997842426524,3265600
2021-07-12,41.58734893798828,41.78673947120164,40.533422373875204,40.723319672074,2485500
2021-07-13,40.8752326965332,41.87218888484097,40.780285867928406,41.701281695760855,2388200
2021-07-14,40.514427185058594,41.47340679042553,40.428977214708105,40.92270505712741,3114200
2021-07-15,40.27705383300781,40.86573570661945,39.99220975138325,40.258067366623315,2904400
2021-07-16,39.697879791259766,40.49544554076429,39.4937408309107,40.34352842762008,3419700
2021-07-19,38.862335205078125,39.23263295482862,38.54900411098783,39.061725743868415,4629200
2021-07-20,39.621925354003906,39.897276294662014,38.68193920760584,38.84334957985977,2978300
2021-07-21,40.077659606933594,40.523917587192884,39.93998419553469,40.11563978014474,3482700
2021-07-22,40.13463592529297,40.24382441227177,39.61716594764503,40.20109942745117,1458500
2021-07-23,40.001712799072266,40.315040250767574,39.783332181953824,40.315040250767574,1590300
2021-07-26,40.210594177246094,40.30554462818715,39.735852788508886,40.125140582393826,2840200
2021-07-27,40.381500244140625,40.428977279285725,39.31808057709473,39.87827554510797,2860100
2021-07-28,40.6568603515625,40.970191469184435,40.30555266797827,40.514436457736146,2819800
2021-07-29,41.036651611328125,41.56835971096136,40.93220791404595,41.084125031368266,2394500
2021-07-30,40.61886978149414,41.29775007416425,40.56190313611624,40.64735672617224,2116200
2021-08-02,40.33403015136719,41.255029654764144,40.30554682552672,40.82776165720939,1803300
2021-08-03,40.89421844482422,40.927450193506544,40.134633030664624,40.44796042938529,3147200
2021-08-04,40.13463592529297,40.72331421097525,40.106152602079234,40.62836738560331,2159000
2021-08-05,39.346561431884766,40.514424707792294,39.318078110176224,40.191604069791424,5051800
2021-08-06,42.49885177612305,43.40086122932592,41.539875668648016,41.77724638675458,6031100
2021-08-09,42.897640228271484,43.258444765594575,42.30896180989488,42.59380597220678,4724200
2021-08-10,43.32490539550781,43.51480269839076,42.75521348685896,42.87864727703135,3043700
2021-08-11,43.42933654785156,43.56226353487435,43.0495420517961,43.343882967338516,2455500
2021-08-12,43.8674430847168,43.981729801124374,42.96266446647625,43.43886335680188,2987400
2021-08-13,43.800785064697266,44.124600525926944,43.71506910045676,43.94364258302477,2872700
2021-08-16,43.01980972290039,43.48648627428524,42.96266817631702,43.33410276154704,4732800
2021-08-17,42.92456817626953,43.0960000694043,42.22931822438264,42.857900621507035,6382800
2021-08-18,41.84835433959961,43.16742721100485,41.81026119211653,42.686465347079874,3524700
2021-08-19,40.524539947509766,41.605513866073764,40.448349985871076,41.20074175191185,2458000
2021-08-20,39.94356918334961,40.772158025402476,39.84356783340045,40.4673909684784,3006200
2021-08-23,39.95309066772461,40.35309602216967,39.862611709077015,40.162615724910815,3609800
2021-08-24,40.524539947509766,40.78168788012265,40.010244082284004,40.010244082284004,3524600
2021-08-25,41.69597244262695,41.87216733476199,40.257853434893335,40.44833371201869,3784400
2021-08-26,41.89598083496094,42.4150358922468,41.58168781696051,41.76264209110334,3495500
2021-08-27,42.07693862915039,42.70075807795683,42.0007450548576,42.124557796528585,2580300
2021-08-30,41.67692565917969,42.16265056624032,41.62930649633885,42.16265056624032,1854900
2021-08-31,41.876930236816406,41.93407177663576,41.410253740673504,41.80073667291181,4187000
2021-09-01,42.26742172241211,42.376945451302134,41.56264564611047,42.24837332758128,2518000
2021-09-02,42.781707763671875,43.26743267997751,42.29598648047555,42.324557252102004,2817600
2021-09-03,42.781707763671875,43.3102888374172,42.676947056671764,42.676947056671764,3472000
2021-09-07,42.21979522705078,42.62932292897918,42.181698443998634,42.49598782140586,2455100
2021-09-08,42.03883743286133,42.476939539766796,41.524541759654454,42.22931771550564,3013300
2021-09-09,41.50550079345703,42.03884127386023,41.44835561350975,41.82931258049638,2703300
2021-09-10,41.353111267089844,42.01979046233648,41.295969723540544,42.01979046233648,2061200
2021-09-13,41.0864372253418,41.76263873732503,40.59118997296973,41.52453930636398,1907400
2021-09-14,40.248329162597656,41.391207241642576,40.15309083647277,41.29596891551769,1787500
2021-09-15,40.92453384399414,41.03882056053245,40.22452089311723,40.28642544101106,2177900
2021-09-16,40.5531005859375,40.93405753093846,40.286426728016565,40.857867595182,2711200
2021-09-17,39.87690353393555,40.88644672922749,39.34356297523119,40.429296121862286,7032100
2021-09-20,39.514991760253906,39.591181705525486,38.7816449173273,39.048315175442504,2506600
2021-09-21,39.42927169799805,39.81022865093196,39.176883220706436,39.68641591550147,3350900
2021-09-22,39.94356918334961,40.376911999572535,39.79118565488757,39.88642763087003,2126700
2021-09-23,40.39119338989258,40.75310559658514,40.11499713654537,40.19119070978993,2644000
2021-09-24,40.29595184326172,40.524525278549945,40.02927799127979,40.23880666788504,2311800
2021-09-27,41.39120864868164,41.49597299084589,40.35309487295036,40.35309487295036,2967200
2021-09-28,40.991207122802734,41.91503062959599,40.653106299039514,41.505502868714274,2988400
2021-09-29,40.81977462768555,41.17216083386709,40.58167515237997,41.12454166542791,2024700
2021-09-30,40.07691192626953,41.029309981934375,40.057863529183,40.857878041265884,2433200
2021-10-01,41.42930603027344,41.776932840359976,40.18166355224696,40.3340470612868,3540600
2021-10-04,40.524539947509766,41.781705195987925,40.39120478980914,41.524557263375044,2853900
2021-10-05,41.39120864868164,41.795976998135856,40.45785921511461,40.65786188664125,3173800
2021-10-06,40.00071334838867,40.986445067721,39.58927819534923,40.810250141481184,3050200
2021-10-07,40.46739196777344,41.00073251400585,40.27691164421473,40.448343572106566,2005400
2021-10-08,40.74357604980469,41.143585008427934,40.47690583279534,40.72452765814556,1402700
2021-10-11,40.43881607055664,41.32454645438791,40.40071928062393,40.88644426949133,1257900
2021-10-12,39.95309066772461,40.53405393946486,39.79118114346626,40.20071251098449,1609000
2021-10-13,40.229278564453125,40.334039254740446,39.40068998837998,40.30546848767197,2374000
2021-10-14,41.30549621582031,41.53407331210455,40.50548182849001,40.56262701083849,1530600
2021-10-15,41.43882369995117,41.83406963047894,41.267395450737524,41.600733203526595,2226100
2021-10-18,41.21977615356445,41.44835322708354,40.10547245707092,40.405476460024715,2104600
2021-10-19,41.55311965942383,41.59597581924194,40.88644043063582,41.4388293003565,1418600
2021-10-20,42.0293083190918,42.410265190228856,41.47691595124642,41.47691595124642,2084900
2021-10-21,40.67691421508789,41.90550840153374,40.562627482172616,41.743602499329576,2653300
2021-10-22,40.71500778198242,41.191206703409115,40.55310189258988,40.71500778198242,1875700
2021-10-25,40.49595260620117,41.04834140980506,40.467381836408805,40.94358070953002,3361100
2021-10-26,40.67691421508789,40.815012349202476,40.29500171980691,40.61977266518512,1656700
2021-10-27,40.10547637939453,40.52453014986884,40.06737959123059,40.43881419305481,2147300
2021-10-28,40.991207122802734,41.08644546103388,40.181666715399075,40.181666715399075,2593400
2021-10-29,41.095970153808594,41.41978557973998,40.65786436594171,40.867393063047196,3683900
2021-11-01,40.9626350402832,41.36264407640382,40.81025151059676,41.11501856996964,2651700
2021-11-02,40.800724029541016,41.27692295442683,40.13404480807898,41.000726706046784,4306700
2021-11-03,42.67694854736328,42.991237945560265,40.591194951153774,40.591194951153774,4392900
2021-11-04,45.1436653137207,45.38176480665571,43.02934065386269,43.3341077141707,4465900
2021-11-05,45.33414077758789,46.25796794782814,45.048422120402094,45.41033435716268,2727300
2021-11-08,44.32459259033203,45.88652433430644,44.200779864350906,45.62937650331907,4538200
2021-11-09,45.57222366333008,45.82937145105806,44.39125267499622,44.40077505241939,2541700
2021-11-10,45.543582916259766,46.02117921056302,45.18060871233354,45.323889058132735,2025300
2021-11-11,45.553131103515625,46.13579913825545,45.42895869633235,45.476717594769795,1397400
2021-11-12,46.51787567138672,46.58473885516199,45.691632552206315,45.75372239697637,3811500
2021-11-15,46.20266342163086,47.186514242895775,45.93521066901578,46.866521963850765,1790700
2021-11-16,46.259979248046875,46.89995655955491,46.23132463522433,46.680262692450476,1645700
2021-11-17,46.18355941772461,46.546533615489935,45.89700237476062,46.068937329293114,1533100
2021-11-18,46.48921203613281,46.804427274953234,46.11668758572309,46.40324821874886,2404900
2021-11-19,45.667762756347656,46.31729406191168,45.51015509166575,46.164463380824316,3253700
2021-11-22,45.419403076171875,46.579962120408176,45.40985275434037,45.8014815372966,2710700
2021-11-23,45.753726959228516,45.839694438907415,44.91315645167601,45.56268771063423,2005200
2021-11-24,45.43851089477539,45.705963652085146,45.15195384854772,45.40985628328379,1291900
2021-11-26,44.73167037963867,44.903601692189625,44.05348087691702,44.12989803251347,1306500
2021-11-29,44.5024299621582,45.27613739435561,44.34959926930365,45.175838950002216,2080700
2021-11-30,42.98366165161133,44.34003322583028,42.76396781819995,44.22541114834829,4761900
2021-12-01,42.65890121459961,44.86539742430618,42.639796925416846,43.728715902440406,2598900
2021-12-02,44.1203498840332,44.41646093535984,42.873823108216584,42.96456758151061,2705200
2021-12-03,43.977073669433594,45.37165416505442,43.53290890922485,44.17766326597405,3760300
2021-12-06,44.98957061767578,45.419408022307465,44.26362583500833,44.55018289017257,3202300
2021-12-07,45.61044692993164,46.250424226849574,45.36209845566648,45.54358373902292,2661700
2021-12-08,45.954315185546875,46.183559362133934,45.36878313047994,45.935210896869535,2712200
2021-12-09,45.87790298461914,46.25042754462525,45.59134591105835,45.65820910676351,1983900
2021-12-10,45.81103515625,46.47967068945632,45.55313272299454,46.23132222249024,2242500
2021-12-13,44.54063415527344,45.51493109258422,44.46421699449419,45.4671685452118,2268800
2021-12-14,44.23496627807617,44.92270240484166,44.05825435265512,44.454660117270585,2425100
2021-12-15,44.02482223510742,44.18720321022857,43.09828434906026,44.18720321022857,2913100
2021-12-16,44.874942779541016,45.32866139892311,44.22541159430974,44.35913796001556,3363800
2021-12-17,44.01526641845703,45.02776800462179,43.881536425100975,45.02776800462179,6903500
2021-12-20,42.75442123413086,43.63320036326161,41.92340465231945,43.63320036326161,3372700
2021-12-21,43.766929626464844,44.05348671035556,43.050535094852556,43.241574365370035,2223400
2021-12-22,43.87199783325195,44.14900457074642,43.60454506257907,43.795580673762146,2940500
2021-12-23,44.35913848876953,44.693458050789296,43.8815422376872,43.95795938687008,1923800
2021-12-27,44.90359878540039,44.922703073062806,44.17765407308006,44.31138044294668,1310500
2021-12-28,45.257022857666016,45.40985351592503,44.71256340988263,44.83673581462599,1616700
2021-12-29,45.22836685180664,45.40030180636376,44.92270552009855,45.09464047465566,1160900
2021-12-30,45.0086669921875,45.61998957403921,44.951357777495154,45.37164114157571,1192200
2021-12-31,45.161502838134766,45.29522921284258,44.77942800236537,44.836737223657046,1457000
2022-01-03,44.79853057861328,45.639097371443505,44.69345881856693,45.276126837900115,2071200
2022-01-04,45.629547119140625,46.16445624211538,44.99912020167088,44.99912020167088,2529200
2022-01-05,45.12329864501953,46.097591860656365,45.09464039013339,45.86834768419022,2498600
2022-01-06,45.753726959228516,46.088042911440574,44.96091535288193,45.40985704051292,2685800
2022-01-07,46.25041961669922,46.613393791002174,45.65820128035143,45.753722717678656,2463600
2022-01-10,45.266563415527344,46.13578828008808,44.72210408518543,46.13578828008808,2145200
2022-01-11,46.240882873535156,46.31730004583692,45.132859381558845,45.38120790399693,1867000
2022-01-12,46.67070388793945,47.13874614991326,46.317283700196164,46.77577564088828,1988000
2022-01-13,46.708919525146484,47.19606614713273,46.36504960667591,46.63250236825498,2107800
2022-01-14,46.42236328125,46.594298256969296,45.67253716527398,46.15491049402929,2039600
2022-01-18,45.98297119140625,46.19311472946041,45.610446660325216,45.98297119140625,1877800
2022-01-19,45.10419464111328,46.32683997337306,45.056432097258345,46.25997678450076,2530800
2022-01-20,44.454654693603516,45.83013042309052,44.32092834204128,45.37163851326152,2191200
2022-01-21,43.4039421081543,44.65524548593444,43.289320038392496,44.10123213517426,2360700
2022-01-24,44.00572204589844,44.215865580349295,41.780125220317416,42.697109226296625,3365500
2022-01-25,43.98661804199219,44.34959224645823,42.238617497003354,43.021875129323895,4314600
2022-01-26,43.94840621948242,44.99912017720766,43.3514108947875,44.35913929437415,2986200
2022-01-27,44.74121856689453,45.419404393478715,44.22541372254725,44.397348670663014,2506200
2022-01-28,45.33343505859375,45.35253934579691,44.03437267894041,44.66479958156392,2271500
2022-01-31,45.9256591796875,46.040281264500045,45.14239794278573,45.314332891889734,2573500
2022-02-01,45.782379150390625,46.174007949604224,45.237919689136845,45.80148343861695,4429000
2022-02-02,45.97341537475586,46.19310920929931,45.52447374029698,45.72506328786663,3597400
2022-02-03,46.35548782348633,47.138745330694476,45.24746474179407,45.887445569646566,4054900
2022-02-04,47.9984245300293,48.480797776905185,46.08803947410773,46.08803947410773,4931500
2022-02-07,47.32979202270508,48.237225710367085,47.13875277628615,48.09394536461025,4646600
2022-02-08,48.11305236816406,48.16081127152071,47.129205112688226,47.42531614353266,4336000
2022-02-09,49.230628967285156,49.31181946623549,48.52378481865047,48.57154372134062,2901500
2022-02-10,48.66706466674805,50.032990403418125,48.42826651199832,49.0013806258894,4628200
2022-02-11,48.76258087158203,49.421666089084546,48.208571065496585,48.6479587813179,3194800
2022-02-14,48.61930465698242,49.24017765892553,48.113050102681655,48.90586170740006,5552300
2022-02-15,48.60974884033203,48.838996658202944,47.95066728508013,48.179911459180595,4652900
2022-02-16,49.154212951660156,49.57450005016225,48.61930739905138,48.98227798295854,3283700
2022-02-17,48.97273254394531,49.26884360707946,48.199025107623214,48.57632667969423,2920200
2022-02-18,48.42826843261719,49.48853286475835,48.218124882096724,49.18287150605811,2670100
2022-02-22,48.39960861206055,48.94407176116815,47.9984294581368,48.447371158378736,2923700
2022-02-23,48.16080093383789,49.2019608361199,48.055732826514365,48.70526397530149,3330800
2022-02-24,47.80738830566406,47.907683090162124,46.81398713953485,47.37755091226483,3156900
2022-02-25,49.51718521118164,49.536289500697016,47.93156561911196,48.0366373895612,3414300
2022-02-28,49.833248138427734,49.861983997477985,48.51151553851673,48.85631296438209,4551900
2022-03-01,48.24333953857422,50.149321843367055,47.9081182643423,49.91945321700955,3091100
2022-03-02,49.13406753540039,49.62253692677308,48.59771357296744,48.68391383887807,4594300
2022-03-03,49.34478759765625,49.58423241112296,48.77490777244135,49.46929992367755,3877000
2022-03-04,49.30646896362305,49.35435718919127,48.00388876779784,48.8850474635303,5847100
2022-03-07,49.05744552612305,51.739226212800624,48.94250940618688,49.699155754399094,8059100
2022-03-08,47.965572357177734,49.55548529413325,47.46752685656511,48.90419530515033,5231200
2022-03-09,49.35436248779297,49.73747564074397,48.09967403647215,48.28165077462308,4827300
2022-03-10,51.32738494873047,51.42316140256299,48.89462502355431,48.89462502355431,4712500
2022-03-11,51.384857177734375,52.71616972354614,51.106143070909894,51.5668339162196,4039100
2022-03-14,51.92121124267578,52.4863011351879,50.96343201154593,51.66261041183418,4971100
2022-03-15,52.668277740478516,53.099275440587114,51.59556244812419,51.8350072386901,5530400
2022-03-16,52.44798278808594,53.73140694975773,51.66260420520412,53.14716475801384,5367600
2022-03-17,53.43449783325195,53.602108448058914,52.10318544473182,52.112761628304774,4400000
2022-03-18,53.49197006225586,53.61648238873163,52.71617120212027,53.4440818301153,11274700
2022-03-21,54.545528411865234,54.574260619881706,53.238158142548116,53.81761414391997,5814000
2022-03-22,54.095375061035156,54.91906585329335,53.91339830720714,54.83286556913521,5106500
2022-03-23,54.986106872558594,55.29259594180711,54.06663966481306,54.75623824380326,3902500
2022-03-24,56.0205078125,56.25995261590614,55.18723726602747,55.21597312690987,4758800
2022-03-25,57.2656135559082,57.284769576441704,56.04923365431108,56.04923365431108,4670200
2022-03-28,56.5377082824707,57.06448979590109,56.12586291031853,56.834621166982565,3276600
2022-03-29,55.579917907714844,55.66611816960941,53.87507234317472,55.407517383925715,4215100
2022-03-30,55.90557098388672,56.59517317832013,55.54161751783593,56.05881551002329,3440100
2022-03-31,55.053157806396484,56.451514811177006,54.93822530489574,55.589515569463885,4327800
2022-04-01,55.82895278930664,55.98219732159635,55.20639482170839,55.46499565500438,2430900
2022-04-04,56.19289779663086,56.39403418351245,54.92384341761042,55.86725641155188,2356800
2022-04-05,55.819366455078125,56.643057090395324,55.58950151021223,56.31741204047079,3220000
2022-04-06,55.599082946777344,56.25995294638852,55.426682395021196,55.742751291120065,2868800
2022-04-07,56.0205078125,56.26952880044177,55.46978403393834,55.761906986384844,2321800
2022-04-08,57.1219482421875,57.76366217618256,56.374881670156334,56.7005267291305,2478900
2022-04-11,57.227294921875,57.533783907826724,56.84418186261689,57.227294921875,2487700
2022-04-12,58.07015609741211,58.16593255954991,57.09322083832768,57.31350962415488,2813000
2022-04-13,58.37664031982422,58.62566129291551,57.57210568221291,58.27128402802646,2193500
2022-04-14,58.43410110473633,59.1332830607994,58.30959245273588,58.74059377714555,3714400
2022-04-18,58.37664031982422,58.90341812517552,58.156351552264134,58.45326075245326,3289700
2022-04-19,58.55860900878906,59.21947887442173,58.079719496249226,58.759741727182906,3865400
2022-04-20,58.73102569580078,59.27216967865273,57.859446689154986,58.96089433270912,4258500
2022-04-21,57.66787338256836,59.42061072666085,57.562517106763416,59.26736623102738,3942200
2022-04-22,55.24470520019531,57.62957339030037,54.77539177905668,57.31350815046231,4987500
2022-04-25,54.8807487487793,55.101037531639214,53.42492389134014,54.48805941348331,4215500
2022-04-26,54.239036560058594,55.33090425222433,54.1145242423232,54.82328245061968,4118800
2022-04-27,54.80412292480469,55.46498920843601,54.104944599144396,54.526366100550796,4522700
2022-04-28,55.3787956237793,55.60387433081512,54.46411834518868,55.27343932230399,4599700
2022-04-29,55.25428009033203,56.40361584769797,55.139347610686734,55.6182372051194,6933100
2022-05-02,54.91905975341797,55.55119388248697,53.779303814931694,55.33090510380329,5231600
2022-05-03,54.842430114746094,55.14892279064276,54.11451960028953,54.98609844239649,5304900
2022-05-04,56.643062591552734,56.71489676391387,54.6413038718847,55.091461275285916,5025300
2022-05-05,55.58950424194336,57.083637417907326,53.95170272815012,53.97085509646559,6842900
2022-05-06,53.38661575317383,54.85201680221438,52.51503680221723,54.72750447960978,5236400
2022-05-09,50.83891677856445,52.711373033788334,50.714404471574134,52.711373033788334,5314400
2022-05-10,50.58988571166992,52.08402224405945,50.05736082967152,51.9595099529511,4323300
2022-05-11,51.33696365356445,52.17981037250124,50.32172003999107,50.57074102436633,3899600
2022-05-12,51.903526306152344,51.9131312302649,50.587933769534416,50.9240328493694,3748600
2022-05-13,53.26713943481445,53.71367319035843,52.23963228346906,52.31645336509955,3881300
2022-05-16,54.294647216796875,54.90923052980111,53.08468311401497,53.20952149422068,3620700
2022-05-17,55.3221549987793,55.619841733791844,54.41948254240436,55.00525841391434,4238000
2022-05-18,54.82280349731445,55.984750280685894,54.60193785228392,54.77094716123809,4319300
2022-05-19,56.656951904296875,56.72993394578767,54.18901378389495,54.23702741727446,6912300
2022-05-20,56.87781524658203,57.40597251879311,55.73507470029223,57.10828580596419,9441900
2022-05-23,58.49110412597656,58.7455796953753,56.84133184433434,57.47319818517599,4956300
2022-05-24,59.624244689941406,59.725074427149416,57.857315731045965,58.25103341770826,5808300
2022-05-25,59.547420501708984,59.97955056753968,58.95684579774515,59.22092263677087,5374200
2022-05-26,60.66135025024414,61.48719795884209,59.9699458479806,60.03716566954503,5745200
2022-05-27,60.41168212890625,60.60854281057146,58.7887976895061,60.4404895796062,6501900
2022-05-31,60.13319396972656,61.42958411469276,59.883520865810254,60.47889800838421,12551200
2022-06-01,59.85470962524414,60.757378375395895,59.34671462117664,60.50770162409081,4259100
2022-06-02,60.056373596191406,60.517311098790465,59.595436093592355,60.229225617566755,4820200
2022-06-03,59.537818908691406,60.21002082255971,59.28814579604612,60.01796260956795,3425000
2022-06-06,59.268943786621094,59.9363432848317,58.94244590048018,59.72988133237192,2699300
2022-06-07,59.90272521972656,60.046766122622515,58.87521806027241,58.91362676978804,3560000
2022-06-08,59.537818908691406,59.921935334674934,58.88482318244285,59.40337925855889,3734400
2022-06-09,58.654354095458984,59.20171760122635,58.44308970263453,59.02886558222554,4500600
2022-06-10,55.67746353149414,57.91973375222936,55.66786226921514,57.770890376067534,3551200
2022-06-13,54.006561279296875,54.91883131608869,53.564826321593515,54.37146782873142,3721400
2022-06-14,54.150611877441406,54.486714702466415,53.6512619347347,54.00657094946451,4443200
2022-06-15,53.32475280761719,54.938035771052434,52.71977444373298,54.61153794123327,4482700
2022-06-16,51.89392852783203,52.556525471061356,51.54822450068439,52.431687091656826,4880000
2022-06-17,51.10649490356445,52.36446901134988,50.56873265866332,51.970751336948965,12994200
2022-06-21,53.17110824584961,53.41118007748925,51.78829581435925,52.29724692520954,3590200
2022-06-22,51.30815505981445,52.48930809885812,51.29855013460931,51.57703435426827,4488400
2022-06-23,48.90742874145508,51.41377898887401,48.739379209449126,51.13529481400411,5882000
2022-06-24,51.43299102783203,51.471399737230584,49.181116052996344,49.38757797673614,8329500
2022-06-27,52.08598709106445,52.16280817363012,50.972053919821015,51.577032308344215,4769100
2022-06-28,52.11479568481445,53.507213095280946,51.759490385825536,52.71017282480774,4755300
2022-06-29,52.36446762084961,52.767790209616926,51.83439079536759,52.326058911180986,3208200
2022-06-30,51.98995590209961,52.566130502921446,51.442592412402426,51.75948899233526,3588100
2022-07-01,51.97074508666992,52.2780367144553,50.5687265769985,51.490601460354625,2130500
2022-07-05,50.03097152709961,50.93364401767099,49.22432997340054,50.69357217029872,4655000
2022-07-06,49.973358154296875,50.28064983526118,48.49451465015254,50.05978416851845,3851300
2022-07-07,50.751190185546875,51.47140577188787,50.66476416865772,51.365777229650824,3879700
2022-07-08,50.635955810546875,51.106498263672904,50.02137244065594,50.97205860940999,2554800
2022-07-11,50.808807373046875,50.876027199558926,49.949349690407566,50.08859180624133,2249700
2022-07-12,50.47270202636719,51.375370773540894,50.09818690064514,50.53992184460324,2713300
2022-07-13,49.90613555908203,50.32866068116344,49.57579500561058,49.810104624605174,1675200
2022-07-14,49.44519805908203,49.810104620446864,48.04317572148167,49.281947302087794,3560400
2022-07-15,49.934940338134766,50.40548273390064,49.57098989285581,50.23263072428912,2589600
2022-07-18,50.16541290283203,50.93364205213612,49.94454358815191,50.472704562553666,1867500
2022-07-19,51.60584259033203,52.06678006793551,50.520716884587436,50.58793670445427,2273100
2022-07-20,51.874725341796875,52.11479718973381,51.255339534534905,51.28894944671785,1679300
2022-07-21,51.740291595458984,51.769099048271876,50.731990451740714,51.490614793726934,1482300
2022-07-22,51.8651237487793,52.354872401431805,51.4522035139472,51.903536126086536,1971600
2022-07-25,53.26713943481445,53.396776612718305,52.02836789837564,52.45089300535701,2643000
2022-07-26,53.257545471191406,53.79530780610507,52.863827730888644,53.440002446126044,1692200
2022-07-27,54.36186599731445,54.635547738124025,52.78699537208002,53.689664137878786,2248500
2022-07-28,54.69797134399414,54.97357629913841,54.03537433349995,54.54912796399756,2293400
2022-07-29,55.26454162597656,55.73508408497608,54.95724993719537,55.14930815848509,2338900
2022-08-01,54.640350341796875,55.24532871996917,54.102588120216055,54.73637760916235,2621600
2022-08-02,53.52642059326172,54.678762527744574,53.478403293320206,54.58273525427289,3025200
2022-08-03,53.488006591796875,53.8721193372068,53.353566947743126,53.8721193372068,3164600
2022-08-04,53.02707290649414,53.5360240707254,52.50851681659485,53.382378228889216,3218800
2022-08-05,55.600643157958984,56.09038813100621,54.4867098957911,54.70757556310305,5728000
2022-08-08,56.743377685546875,58.27983592685517,56.67615786643997,56.95464206742879,4055600
2022-08-09,57.348365783691406,57.75168474097245,56.78179606045914,56.78179606045914,3022100
2022-08-10,57.703670501708984,58.52471579608468,57.39637882416039,58.29904766905867,2604500
2022-08-11,58.02135467529297,58.772252061656765,57.89138940619297,58.233147752420265,1985300
2022-08-12,59.45576477050781,59.465393732215766,57.896207159751974,58.21389679340249,2744000
2022-08-15,59.31135940551758,59.523152480367564,58.213892876517924,58.58934156566279,3836200
2022-08-16,59.7830810546875,59.99487414861014,59.340244287733775,59.340244287733775,2523100
2022-08-17,59.56165313720703,59.59053634599232,58.92627762951632,59.205458722749064,1747600
2022-08-18,60.04300308227539,60.46658923584286,59.80233046679303,59.965989754954826,1980500
2022-08-19,59.041805267333984,59.864905136390504,58.84926644870949,59.73493987306065,2232200
2022-08-22,58.762630462646484,59.0514368853538,58.33904428179437,58.46419507817094,1912800
2022-08-23,59.465389251708984,59.65792807525919,58.94553552983522,58.94553552983522,1952700
2022-08-24,59.590538024902344,60.139271266442,58.94553353865332,59.590538024902344,2307200
2022-08-25,60.880550384521484,60.98163244890807,59.860097106509016,60.08151548645671,2522400
2022-08-26,59.994869232177734,61.38691881608983,59.95636073237058,61.1115900199767,1889200
2022-08-29,59.60017013549805,60.13927815046361,59.061062120532476,59.30173475129646,1803200
2022-08-30,59.465389251708984,59.56165682729778,58.44493605755373,59.28247938914123,2539200
2022-08-31,59.1380729675293,59.88897032216851,58.89740036182468,59.43650832065713,3710500
2022-09-01,58.54121017456055,58.65673200540323,57.71329576338025,58.51232696257028,2468400
2022-09-02,58.955162048339844,59.88896924445644,58.72411473517723,59.26322268430835,2644100
2022-09-06,58.06948471069336,59.44613227829633,57.790303612956265,59.31135620969841,2303200
2022-09-07,59.51352310180664,59.67718238732606,57.549633709809314,57.65071576599516,2058800
2022-09-08,59.72531509399414,59.81195737949537,58.820383740454126,59.080310596957794,2873500
2022-09-09,60.18741226196289,60.63024902355225,59.48945942561485,60.25480030514506,2021200
2022-09-12,59.79270935058594,60.52435253686525,59.00330341050578,60.52435253686525,4922200
2022-09-13,60.312557220458984,61.44853222752543,58.733741822298484,58.78187928194555,4939200
2022-09-14,61.429283142089844,61.90100311072842,60.418455162489025,60.678382042468705,5006500
2022-09-15,59.80233383178711,61.59293877931036,59.65311797695113,61.429283154312564,5786400
2022-09-16,59.06106185913086,59.30173448882964,58.12725455311317,58.945540025139856,7511800
2022-09-19,59.12845230102539,59.359499650755936,58.2427787505332,58.2427787505332,2386800
2022-09-20,59.10919189453125,59.272847499420315,57.982842219458966,58.57008394970313,2707100
2022-09-21,57.0201530456543,59.89859901274172,56.99127350825922,59.89859901274172,3101500
2022-09-22,57.53037643432617,58.32941122553952,57.328212332587526,57.328212332587526,3170800
2022-09-23,55.75904083251953,56.61583859807597,54.960971662374234,56.58695538128578,2686800
2022-09-26,55.460601806640625,56.76793351418066,55.36914503148457,55.7205286894213,3941600
2022-09-27,55.1236457824707,56.39440037596354,54.77708035410586,56.0767108094973,2357400
2022-09-28,56.20186996459961,56.50511613680625,55.03701171945172,55.34507604458522,3517500
2022-09-29,55.07551956176758,55.913062894313704,54.478652513214136,55.69164085993534,2431000
2022-09-30,55.01776885986328,55.83605439497835,54.28612195264149,54.81560104432613,3688200
2022-10-03,56.97202682495117,57.25601877337625,55.73496961982611,56.298142708053234,3680100
2022-10-04,59.45576477050781,59.513527523636874,57.684414070651634,57.742176823780696,3986600
2022-10-05,59.224727630615234,59.64831018313122,58.73375335583417,59.0706972776664,2978100
2022-10-06,58.61823272705078,59.64831142236675,58.48345662446714,58.92629343934864,3219100
2022-10-07,58.560462951660156,58.96479118562267,57.857695678086394,58.43531216251203,2420500
2022-10-10,58.772247314453125,59.455756606953344,58.493066221221525,59.04180311967126,2133300
2022-10-11,58.49307632446289,59.426887335074824,58.01173104845642,58.32942069335974,2198800
2022-10-12,58.52195358276367,58.78669125420246,57.915457568451,58.55083312122578,2395700
2022-10-13,60.60136413574219,60.87573076516756,57.289706660715844,57.86732313007683,3067800
2022-10-14,56.53881072998047,60.890172084872695,56.41365994090926,60.890172084872695,4043200
2022-10-17,58.10799789428711,58.70967944360275,57.61702369351681,57.61702369351681,2693300
2022-10-18,59.32098388671875,60.07188492715974,58.57008651865034,59.4653889216731,2934600
2022-10-19,59.49427032470703,59.91785648191941,58.82038626108318,58.940722569859844,2174000
2022-10-20,59.61941909790039,60.39919967445686,59.08031113075823,60.05263052932065,2886400
2022-10-21,60.53398132324219,60.68319717966239,59.08994553376276,59.64830412939422,2566200
2022-10-24,60.996070861816406,61.39077382117839,60.35106631512858,60.69763548381185,3123400
2022-10-25,62.5363655090332,62.584502965396574,60.63986797870492,60.65911855440349,4597400
2022-10-26,63.41242218017578,63.797492481917594,62.28606877887082,63.05141326373392,5580600
2022-10-27,63.508689880371094,64.20182817646034,63.3546558835756,63.87450960564254,3822600
2022-10-28,63.55682373046875,64.0189184032631,62.818441760424065,63.62421177184025,2951200
2022-10-31,62.90218734741211,64.0189117393199,62.4689796043673,63.51831596191823,3672900
2022-11-01,64.60616302490234,64.69280164842382,63.34504076200555,63.56645547416885,3694100
2022-11-02,64.41361999511719,65.87690621244822,64.34622461427288,64.55801768336903,4385400
2022-11-03,64.48101043701172,65.11638232326091,63.27764735838146,63.30652689710933,5408700
2022-11-04,62.93107604980469,64.76018199090969,61.5640537296449,64.48100822960046,5722400
2022-11-07,63.576080322265625,64.51951288171085,62.82518292135133,62.892570961311705,3421800
2022-11-08,64.68317413330078,65.00085640199212,63.42204464064943,63.624208755178586,2901300
2022-11-09,64.54840850830078,65.33781451678877,64.2451586150337,64.56765908886301,3595000
2022-11-10,64.84749603271484,65.63867186490178,64.19139846251984,65.63867186490178,4523900
2022-11-11,62.49326705932617,65.70621602523326,62.034965252401506,65.47465432426746,5139300
2022-11-14,64.3843765258789,65.29132957344902,62.551161967390186,62.64764539442356,3240400
2022-11-15,64.37472534179688,64.69312727296835,62.54151080133466,64.37472534179688,3422100
2022-11-16,63.05287551879883,64.24928611976921,62.77306844834688,63.969486410530344,3064300
2022-11-17,63.13006591796875,63.33268331035203,61.518766287542874,62.28100150780837,3637400
2022-11-18,62.90815353393555,63.6221471130591,62.50291870981496,63.33268946085075,2999700
2022-11-21,62.85991287231445,63.409876499554954,61.798580460595865,62.715184052258834,3290300
2022-11-22,63.76686477661133,63.99843382905902,63.08182289251715,63.60767117472202,1896700
2022-11-23,63.4870719909668,63.97913971845645,63.02394119667826,63.67038830933551,1653700
2022-11-25,63.998435974121094,63.998435974121094,63.30374351592061,63.68003403724359,704300
2022-11-28,62.647647857666016,63.42917321694289,62.37749130686481,63.40022892381618,2570200
2022-11-29,63.26514434814453,63.564245162286426,62.686236459619195,62.72483130034931,1736500
2022-11-30,64.79924774169922,64.82819202736941,62.52606130205855,63.429156876543615,5060000
2022-12-01,63.92125701904297,65.05012877253675,63.525665329013655,64.98258962560674,1705900
2022-12-02,64.9439926147461,65.17556170612775,63.516020023965915,63.65109831333121,1865100
2022-12-05,62.09767150878906,64.75100580073597,61.77926962706445,64.6062770034782,2573200
2022-12-06,61.42228698730469,63.101125861155616,60.949509359419224,62.232760291817755,2674200
2022-12-07,61.51876449584961,62.068731757254284,60.978451465230464,61.43192794727061,2747600
2022-12-08,61.49947738647461,62.34854554404433,61.25826513448604,62.0397941559475,1892300
2022-12-09,60.775840759277344,61.75033663990888,60.42849452678076,61.29685642741535,2078700
2022-12-12,60.10044860839844,61.05564711312463,59.45399782667436,60.78549055511836,3637200
2022-12-13,60.43814468383789,61.38852159926191,60.177634995299805,60.99775890675832,2384600
2022-12-14,59.531185150146484,60.80961083519142,59.24173118085121,60.52497846094945,2956500
2022-12-15,58.112857818603516,59.2031382752753,57.81375328819422,58.84614515747565,3922600
2022-12-16,57.678672790527344,57.968130438768235,56.92609173855757,57.644903222313495,9735200
2022-12-19,56.25069808959961,58.1707492916256,55.97571626143228,57.919886481005626,3379000
2022-12-20,56.81996154785156,57.321683509495706,56.260350997183906,56.4919127144922,2645200
2022-12-21,57.30237579345703,57.79445079541162,56.366471179210976,57.0129218585107,2429000
2022-12-22,56.82961654663086,57.15766540565978,55.922655987817585,57.14801485299595,2305700
2022-12-23,57.2927360534668,57.53876990445437,56.75241927521788,56.839255834568476,1136400
2022-12-27,57.65937042236328,57.919880075068434,57.17694595748853,57.533942711532575,1683900
2022-12-28,56.56909942626953,57.8234024239774,56.424370600123375,57.659376175637966,1656800
2022-12-29,56.906795501708984,57.52912356941575,56.67523379502231,56.67523379502231,1548200
2022-12-30,56.71382522583008,57.09011576142111,56.279646103598566,56.69452780341426,1858200
2023-01-03,56.85854721069336,57.041867180670536,56.2506913598752,56.66557669036624,2351100
2023-01-04,57.59183883666992,57.697972821743726,56.65593775501568,57.16730657698176,3428600
2023-01-05,56.964683532714844,57.591833148911974,56.829605267091054,57.14800351026046,3314700
2023-01-06,58.86542892456055,58.99086031032988,57.49534527291826,57.669018366873814,2867000
2023-01-09,58.9619255065918,59.7772241243378,58.614579262803986,59.04876206753875,2243100
2023-01-10,59.579429626464844,59.618024472321615,58.363721426833244,59.261027669057114,1736300
2023-01-11,59.897823333740234,60.737240872167376,59.47811272422338,60.61180948071293,2807600
2023-01-12,60.380245208740234,60.641719169187965,59.54082402571252,59.91711450332874,2888500
2023-01-13,60.51533508300781,60.79513851713211,59.70003643789999,60.370606249703386,2066300
2023-01-17,60.496028900146484,61.31132374659399,60.44778718956603,60.568393306320466,3163500
2023-01-18,59.34785842895508,60.84337727451433,59.251375004354294,60.72759274826532,2621500
2023-01-19,60.032901763916016,60.167980025582395,59.00051370048684,59.45399019599447,3085700
2023-01-20,60.167991638183594,60.77584761360691,59.482949647170884,60.206586486281935,2570800
2023-01-23,59.72414779663086,60.2741113697898,59.40092062103928,60.129382563966324,2754300
2023-01-24,60.31270980834961,60.35130465197542,59.04875996476284,59.89782812149623,2169400
2023-01-25,60.91091537475586,60.93021279547006,59.26102086945491,59.71450105472199,2149800
2023-01-26,60.91091537475586,61.4078119961749,60.3705986365782,61.267908456451934,3726500
2023-01-27,61.5863151550293,61.83234900685703,60.476737301827896,60.59251815448842,3738500
2023-01-30,60.332008361816406,61.711742762160426,60.003959546057544,61.06047040633815,2869300
2023-01-31,62.18450927734375,62.20381037781444,60.28375942830197,60.40919081711598,3797200
2023-02-01,62.21347427368164,62.91781000647849,61.65386001939471,61.7599940111117,4132900
2023-02-02,59.820640563964844,60.76619218281919,58.91368379011035,60.148689385249575,9167000
2023-02-03,59.33821105957031,59.714501565197345,58.95227000320035,58.95227000320035,4689600
2023-02-06,58.56632995605469,59.24172493359203,58.12250033789829,59.092170848751756,4277400
2023-02-07,58.57598114013672,58.79789596555995,57.73656355169114,58.44090287080143,4114400
2023-02-08,59.70485305786133,59.849578189576455,58.315468237513905,58.358888353453054,4131400
2023-02-09,60.399539947509766,61.54771249941589,60.07149117276609,61.25343328910436,4260000
2023-02-10,62.20381546020508,62.69589050543097,60.650407999977425,60.650407999977425,4935500
2023-02-13,60.27411651611328,61.973217088557995,60.119740827670334,61.81787340054276,3864300
2023-02-14,59.99430465698242,60.58286307253024,59.45398795012076,59.85922640041862,2741500
2023-02-15,59.92677688598633,60.08115259140307,59.376813205401234,59.453999217806036,2574700
2023-02-16,60.54426956176758,60.88196521058662,59.50223096437192,59.56012322442941,2277100
2023-02-17,59.6373176574707,60.74689179245429,59.34786001472064,60.2162255817572,4037100
2023-02-21,57.948829650878906,59.994308408035046,57.90540953392208,59.704854457214026,3398200
2023-02-22,59.76274490356445,59.82063716777752,57.4857043869523,58.132151441267666,5076300
2023-02-23,59.820640563964844,60.37350086079705,58.904033238556885,59.95571884085732,4058500
2023-02-24,59.51188278198242,59.65661159490487,58.334765899992604,59.01980776253141,2909800
2023-02-27,59.92677688598633,60.24517516814273,59.106652960466576,59.39611062865422,3516400
2023-02-28,60.24594497680664,60.42003854434623,59.394821278781684,59.704320134514866,6824500
2023-03-01,60.11053466796875,60.942310467330465,60.05250225379683,60.100860754181554,2758600
2023-03-02,61.46459197998047,61.512950481036825,60.004144586782566,60.35233169761574,2537100
2023-03-03,61.609676361083984,61.658034866212816,60.84559943568908,61.10673979080572,2412700
2023-03-06,61.174442291259766,61.93851921484822,60.73920836709435,61.28083321600214,3932600
2023-03-07,60.90362548828125,60.94231007462951,59.80103545273921,60.739202160612194,4239300
2023-03-08,60.158897399902344,60.91330038961627,59.520555557178874,60.91330038961627,4877400
2023-03-09,57.95371627807617,60.36200825430302,57.9440460526573,60.29430560781834,2485400
2023-03-10,56.95751190185547,57.82797969185763,56.488426686660816,57.6538861338572,2632500
2023-03-13,56.69636917114258,57.383073149603824,55.68566287552262,56.1354039331162,2897900
2023-03-14,56.98653030395508,58.06300974144092,56.275652529506345,57.682904585312556,3774800
2023-03-15,54.98445510864258,55.90328141831783,54.29775477732884,55.81623463762192,4254000
2023-03-16,55.09084701538086,55.303628858564856,53.978586674912975,54.4089836289771,4861400
2023-03-17,54.7523307800293,55.25526730647825,54.26873839184959,54.55889308685399,12011000
2023-03-20,55.729183197021484,55.99032351727347,55.090841421800064,55.090841421800064,4243200
2023-03-21,56.5899772644043,57.01554090941808,56.20310558382091,56.4642459052111,2758500
2023-03-22,55.55508804321289,56.735054562179236,55.54541781956489,56.473914249480934,2320900
2023-03-23,54.945770263671875,56.12573322040909,54.66528578390364,55.61312645288023,2454200
2023-03-24,54.974788665771484,55.25527316614441,54.06563620780674,54.27841437229869,2559300
2023-03-27,55.80656433105469,56.44974311583598,55.25526928396137,55.5067357114268,3560800
2023-03-28,56.19343566894531,56.67509476419558,55.903280965481706,56.043523204884515,2224400
2023-03-29,57.973052978515625,58.031085392133896,56.677025257177284,56.82210444646444,4911900
2023-03-30,57.98272705078125,58.73712998229667,57.60552558502354,58.717785844371015,3152500
2023-03-31,58.33091354370117,58.449874640898756,57.87633553100013,58.13747585598688,2700100
2023-04-03,58.99827575683594,59.06597840106763,58.38411500144341,58.582385976831276,3420300
2023-04-04,58.41796875,58.6597649721614,57.94888348868409,58.58238841010132,3465200
2023-04-05,58.72746276855469,58.858031094349705,58.045595707410584,58.06977680343648,2956100
2023-04-06,57.837650299072266,58.49533625819925,57.1509499765923,58.48566603358733,3045900
2023-04-10,58.31156921386719,58.7081148120924,57.76994442795497,57.91502361564198,2040900
2023-04-11,58.93056869506836,59.11433247427667,58.10846311129995,58.359929529664846,2119900
2023-04-12,59.762351989746094,60.17824176499864,59.085321865647714,59.317447850016464,2904500
2023-04-13,60.66183090209961,60.80593975265965,59.66562806457524,59.98480081462638,2642600
2023-04-14,60.09119415283203,61.28566800088718,59.801039443513055,60.8359269101117,1697400
2023-04-17,60.7101936340332,60.777896278546656,60.047670681845894,60.40069477639528,1641800
2023-04-18,60.90362548828125,60.99067226421968,60.48773574652177,60.84559307448328,1624400
2023-04-19,60.20725631713867,60.903630582898124,60.05250689024962,60.73920724147498,1482500
2023-04-20,59.85906219482422,59.97996028576207,59.414158105657,59.72365692329654,1691100
2023-04-21,59.462520599365234,60.06217413764243,59.13367762233893,60.06217413764243,1626400
2023-04-24,59.49153518676758,59.80103771588603,59.3222785853477,59.73333138580089,1393700
2023-04-25,58.543697357177734,59.20138334547839,58.39862184446038,59.08048524012191,1718400
2023-04-26,57.68290710449219,58.3502670497778,57.26701730046474,58.14715541583309,1762700
2023-04-27,58.67909622192383,58.74196559111873,57.68289712347451,57.68289712347451,1791000
2023-04-28,59.11433029174805,59.32711211525112,58.54852810417886,58.6210676976019,2980000
2023-05-01,59.44318389892578,59.839729565884745,58.988609498447424,59.18204352953559,1846400
2023-05-02,58.65009307861328,58.99828024084932,56.73506737583275,58.88705235143371,2617800
2023-05-03,58.031089782714844,59.06597725534521,57.97789432191931,58.882213465926185,2372200
2023-05-04,55.01346969604492,58.582380100702004,54.97478142050248,58.3695982747356,4165200
2023-05-05,56.33850860595703,56.952669265226845,55.66147858008509,55.738855126821,3142900
2023-05-08,55.700172424316406,57.102591113275004,55.642140008460345,56.99620019563083,2399400
2023-05-09,55.226253509521484,55.45837949712068,54.7861863209195,55.2455976492812,2771700
2023-05-10,55.68082809448242,55.961312569214364,54.54922366055431,55.78721901176124,2707400
2023-05-11,54.965118408203125,55.274617274117126,54.583079938508575,54.94577426789381,2211100
2023-05-12,55.14887619018555,55.49706329873136,54.54438570715938,55.20690860478222,1937800
2023-05-15,56.00000762939453,56.07254354585503,55.081181229212795,55.347154865109076,2049300
2023-05-16,55.100521087646484,55.835579936951866,55.01347430514162,55.66148637194214,2066900
2023-05-17,54.123661041259766,55.23592504772706,54.01727012191731,55.216580908799585,2952100
2023-05-18,54.34611511230469,54.423491670873,53.06943141206652,53.814164185458345,2714300
2023-05-19,55.100521087646484,55.44580456752263,54.51053774950432,54.67495740005944,2284100
2023-05-22,54.9941291809082,55.487391813257474,54.69430055997918,55.477721588493374,2179400
2023-05-23,54.19136047363281,54.98445167510733,53.99792647484744,54.72331503884367,2627400
2023-05-24,53.43695831298828,54.32676652659835,53.24835757880969,54.2590638881505,1870900
2023-05-25,53.05009078979492,53.524013018654784,52.827638703437884,53.13713757919703,2255200
2023-05-26,53.359580993652344,53.94956428265947,53.166146994877636,53.3692549073013,2953600
2023-05-30,53.1661491394043,53.31122464433714,52.40400557606722,53.31122464433714,3789800
2023-05-31,51.87627410888672,53.09825983058295,51.3719614254464,52.88489577615482,6882800
2023-06-01,52.235111236572266,52.235111236572266,51.168294651615376,51.83263038361654,3872400
2023-06-02,54.23296356201172,54.42693055850732,53.1952443853149,53.60257544791694,3365800
2023-06-05,54.504512786865234,55.21248910081688,54.174770039308484,54.223260858146645,3424200
2023-06-06,55.881675720214844,56.09503977959147,54.07778899904465,54.16507395973394,3438000
2023-06-07,56.33749771118164,56.793319584586044,55.92046997585689,56.065946143849295,5948900
2023-06-08,56.085350036621094,56.42478953708508,55.58103727906525,56.42478953708508,2850300
2023-06-09,54.737274169921875,55.67801166203194,54.20386772476324,55.56163294845122,4734000
2023-06-12,55.28038787841797,55.56163986254864,54.38814479724725,54.74698136688216,3261100
2023-06-13,55.95926284790039,56.26960854629105,55.435553094511434,55.435553094511434,2184300
2023-06-14,55.309478759765625,56.31519632045495,55.13975901941225,56.20657568662879,2447100
2023-06-15,55.93986892700195,56.24051795781574,55.41615914414417,55.41615914414417,3801400
2023-06-16,55.50343704223633,56.12412839492813,55.062165786649494,55.93016142230887,10092000
2023-06-20,54.834259033203125,55.251286761122564,54.53361001784345,55.09611391117202,3439500
2023-06-21,56.803016662597656,57.035777793074594,54.40365506990861,54.54331174819477,4451100
2023-06-22,56.14352798461914,56.69148498435858,55.9689580713798,56.61874690390678,2015100
2023-06-23,55.50343704223633,56.13382877834585,55.241582184142175,55.75559521652505,4214000
2023-06-26,56.25990676879883,56.49266788663332,55.6586124555107,55.71680365987244,1862400
2023-06-27,55.60042953491211,56.25021472226902,54.70818282586369,56.09504186412313,3870100
2023-06-28,55.22218704223633,55.90106962026678,54.63543961182507,55.891372936123275,2973800
2023-06-29,55.95926284790039,55.988356600995594,54.94094079383024,55.0573195058236,1927400
2023-06-30,55.57133102416992,56.10473748268108,54.90214877981367,56.10473748268108,5280200
2023-07-03,56.25020980834961,56.55085881332368,55.82833190292651,55.94956080337554,2013500
2023-07-05,54.843955993652344,55.61691235181497,54.60149818315909,55.34826868343183,4413100
2023-07-06,54.911842346191406,55.057318508256685,54.26205720808813,54.45602419097101,3614600
2023-07-07,55.57133102416992,55.81281954311413,54.71787847078445,54.71787847078445,3735800
2023-07-10,52.458168029785156,54.456021567903846,51.517430612865276,54.281451661679284,8954000
2023-07-11,52.875205993652344,52.89460306473345,51.88597756619377,52.303005345405126,4271700
2023-07-12,52.39999008178711,53.298056397535994,52.254517589546,53.24374607516119,5022200
2023-07-13,52.96248245239258,53.02066995667189,52.137154413725895,52.31269362424501,3528300
2023-07-14,52.613338470458984,53.195235664941784,52.1866141078124,53.195235664941784,3180000
2023-07-17,52.94308853149414,53.25343423813958,52.526060794511956,52.61334575573178,2633200
2023-07-18,53.43769836425781,53.93231435474302,53.26312844992332,53.505586253208726,5000600
2023-07-19,54.49481201171875,54.76636725456318,53.82562983749145,53.82562983749145,4543600
2023-07-20,54.911842346191406,55.24643529917405,54.485117943539066,54.999127303508075,2328400
2023-07-21,54.649986267089844,55.1349018637796,54.519060683813066,55.04761690839094,1891900
2023-07-24,54.98942947387695,55.20278982095304,54.378434785385984,54.85365369857061,2508900
2023-07-25,54.53361129760742,54.931241966162844,54.135980629052,54.931241966162844,3082200
2023-07-26,54.10688400268555,54.57240253874807,53.78683792811056,54.223262711798064,3173200
2023-07-27,53.91291809082031,54.61119775857547,53.77714231089293,54.23296047213307,2904400
2023-07-28,54.44632339477539,54.55300541953381,54.12628102011261,54.41237945049885,2697200
2023-07-31,54.72758102416992,54.77607184966309,54.329950335745394,54.66938981381041,2184800
2023-08-01,54.252357482910156,54.67908559035647,54.03899712879952,54.45602485219705,3106000
2023-08-02,54.213565826416016,54.717874797236796,53.54437992737364,53.72865022403166,3378600
2023-08-03,54.009891510009766,54.548148055345536,53.447391407442666,53.89351281630829,4796700
2023-08-04,54.3299446105957,55.75559766746284,53.09825853487435,53.41830460870675,7329700
2023-08-07,52.9236946105957,54.32995075851752,52.74912467777159,54.28145993264702,3939500
2023-08-08,52.54545593261719,53.190394583506304,52.27390437418493,52.45817097460503,2916100
2023-08-09,51.75989532470703,52.652142042430185,51.64351660486933,52.39998383323358,3674600
2023-08-10,50.634891510009766,52.094488658884785,50.5185127893844,52.00235350109943,5140500
2023-08-11,50.82884979248047,51.081004260520615,50.402125423638616,50.64458320812852,2990400
2023-08-14,50.43122863769531,50.48941984875329,49.95600966308736,50.43122863769531,2305400
2023-08-15,49.121952056884766,49.849325461283186,48.62733607011087,49.8299283932124,5545700
2023-08-16,48.50125503540039,49.38380124941428,48.496408543286094,49.07345557193329,4172100
2023-08-17,48.90858459472656,49.46138804752403,48.443066092350385,48.491556909337284,3909300
2023-08-18,49.22863006591797,49.461391181661135,48.53035411791332,48.53035411791332,4778200
2023-08-21,48.695228576660156,49.338228680523905,48.64188755930991,49.23833543531139,2486300
2023-08-22,47.8902702331543,48.68553159659709,47.696303234838616,48.5303587378671,3498300
2023-08-23,47.59931945800781,47.841777270162424,47.211385478715385,47.8126798169673,5037600
2023-08-24,48.15212631225586,48.22486070125501,47.25987957786668,47.366561614549255,3935200
2023-08-25,48.433372497558594,48.918288134617256,48.132727170334356,48.42367581264701,5374200
2023-08-28,49.39350128173828,49.577767870303866,48.61763709355127,48.61763709355127,3791900
2023-08-29,49.76204299926758,49.82993089111222,49.25773030298407,49.606870146535165,3143500
2023-08-30,49.713539123535156,50.01418808771935,49.50502529506797,49.72323950603796,3462800
2023-08-31,49.139549255371094,49.88865788095593,49.08117956454371,49.869200080281466,3958200
2023-09-01,49.72327423095703,50.005406785795515,49.47032652275834,49.6162581783496,3573200
2023-09-05,49.57734680175781,50.49184499385641,49.56761975578072,50.13188120236393,6091000
2023-09-06,49.129817962646484,49.625978847758994,48.79904280217292,49.47032016701824,4988300
2023-09-07,48.21533203125,49.26602738050048,47.514865990952124,48.77959345500392,9868200
2023-09-08,48.23478698730469,48.56555847437522,47.923465879057154,48.33207228218472,2997600
2023-09-11,48.45854949951172,48.88661002238349,48.225059579911246,48.370991243561086,3350800
2023-09-12,50.22916793823242,50.306995436106014,48.15695838670006,48.682307914332995,6620700
2023-09-13,50.57939910888672,51.95114257346261,50.452925254366626,50.452925254366626,6209400
2023-09-14,51.182579040527344,51.489031082385296,50.754514804183856,51.16312123785751,4979700
2023-09-15,51.124202728271484,51.8052109382435,50.99772887370047,51.08528712514253,11700500
2023-09-18,50.46265411376953,51.27986325254782,50.277810559130224,51.01718848888377,4218300
2023-09-19,51.114479064941406,51.20203732217653,50.637772173062096,50.910177701791596,5439500
2023-09-20,50.3653678894043,51.552267826876104,50.28753668180787,51.552267826876104,4121300
2023-09-21,50.13187789916992,50.37509485573286,49.61625913883929,49.85947609540223,3519100
2023-09-22,50.02486038208008,50.38482413933145,49.84488221465052,50.190249837529976,3208600
2023-09-25,49.878936767578125,49.976222071323136,49.314671614507006,49.64544684291507,4334400
2023-09-26,49.41196060180664,50.024864695210944,49.16874363138373,49.64544681514263,3817800
2023-09-27,49.373046875,49.93731204923151,49.032544587926914,49.64544870465847,2591000
2023-09-28,49.528709411621094,49.84002687271439,49.0811910251991,49.43142409672827,3086000
2023-09-29,49.771915435791016,50.151333275890444,49.53842553585503,49.90811633108865,3507600
2023-10-02,48.69203567504883,49.5578874770893,48.38071825658925,49.5578874770893,3666300
2023-10-03,48.97417068481445,49.25630326909611,48.06940323259849,48.20560414605955,3856900
2023-10-04,49.08118438720703,49.63571877173117,48.78445939235859,49.13955408376975,2759500
2023-10-05,48.47800064086914,49.15900508113675,48.08885206540548,48.76986021686895,2497300
2023-10-06,48.69203567504883,49.120099908828024,48.09858568636139,48.32234484892944,2920400
2023-10-09,49.217384338378906,49.23197676223622,48.09858483416485,48.53637610586584,3119800
2023-10-10,49.1492805480957,49.801100177427145,49.086045478610075,49.35358189061487,2248400
2023-10-11,48.52665328979492,49.15901521630327,47.27165277193549,49.100645515786674,4008900
2023-10-12,48.09858703613281,48.82823795197267,47.797000366084745,48.82823795197267,1897000
2023-10-13,48.20560073852539,48.4877333028638,47.71916681843695,48.118042484461625,2248000
2023-10-16,48.45854949951172,48.67744328379011,48.03048526544358,48.51691919601456,2174900
2023-10-17,50.16106414794922,50.180521948921886,48.30288683381435,48.332071679675316,3335200
2023-10-18,49.84001922607422,50.52102745943182,49.72327612387461,50.024862780489954,3455700
2023-10-19,49.57734680175781,50.51129908581059,49.47033074002742,49.9421722606406,2617000
2023-10-20,48.896339416503906,50.22917112234416,48.88661237035171,50.08323945168539,2363800
2023-10-23,47.44676971435547,47.95266148674205,46.09448387624359,46.09448387624359,5078100
2023-10-24,47.096534729003906,47.4613601902525,46.785217298967495,47.135450335557586,3765900
2023-10-25,47.310569763183594,47.82618859253968,47.09653762517311,47.21328074081668,2394400
2023-10-26,47.388397216796875,47.98184726338173,47.29111190573567,47.689987619001386,2856600
2023-10-27,46.52254104614258,46.8922318742854,45.92909105420701,46.211223625979066,5864100
2023-10-30,46.911685943603516,47.03815608403264,46.235543127570246,46.86303958522729,3637600
2023-10-31,46.8338623046875,47.0284366360356,46.045841643962895,46.72684623688621,3755200
2023-11-01,46.44470977783203,46.98951336331059,46.14311942787348,46.83385466586013,4446800
2023-11-02,48.21533203125,48.244516879196965,46.619825638216355,46.619825638216355,2771400
2023-11-03,48.86715316772461,49.275759607152345,48.34180362183028,48.44881968242318,2843100
2023-11-06,48.61420822143555,48.886610035043,48.38071830177461,48.808778824757226,2640900
2023-11-07,47.94292449951172,48.497458854435095,47.79699655469809,48.18614145206394,3070700
2023-11-08,47.30083465576172,48.23673529552726,47.26192276158986,47.981842904920526,2811700
2023-11-09,43.30234909057617,48.322347363455506,43.093182341239675,48.322347363455506,7045300
2023-11-10,42.36840057373047,43.44828464538021,42.173826231876994,43.16615203525252,5287900
2023-11-13,44.061187744140625,44.11955744252769,42.047351503464064,42.25165287021178,7620400
2023-11-14,45.024322509765625,45.71506149762825,44.255759735613935,44.255759735613935,4344200
2023-11-15,45.46211624145508,45.96800799168065,45.12161396303234,45.12161396303234,2854000
2023-11-16,45.69559860229492,46.649008535201745,45.07782551362833,46.01664302433287,3101000
2023-11-17,46.03610610961914,46.298780873004944,45.53507976344108,45.919363007402,3495300
2023-11-20,45.588584899902344,46.02637614444096,45.364825755181734,46.02637614444096,3238800
2023-11-21,45.01459884643555,45.773434632115055,44.98541399658528,45.569133260770045,2709300
2023-11-22,45.102149963378906,45.199435254935,44.255756051013755,45.03404951705045,1984300
2023-11-24,45.40373992919922,46.01664770237448,44.83947851657146,44.94649457186197,1411400
2023-11-27,44.489253997802734,45.00973823875095,44.353053069135456,44.674097585108754,3223100
2023-11-28,44.265480041503906,45.02431565463277,44.07090576062079,44.41141167996518,4426900
2023-11-29,44.265480041503906,44.79082948652961,44.051447961412904,44.50869696480888,3426500
2023-11-30,44.12881088256836,44.47051478108557,43.95307638496146,44.38264753228212,7518600
2023-12-01,45.105106353759766,45.32477258616395,44.01165029089139,44.28501337553531,5788300
2023-12-04,44.14833450317383,45.11975300139001,44.09951647142701,44.81221951256689,5222800
2023-12-05,42.849853515625,44.107331264590506,42.849853515625,43.874968897836055,4894000
2023-12-06,43.103694915771484,43.54302742992078,42.937721792674076,43.04511550921479,3746300
2023-12-07,43.44539260864258,43.64065354500062,43.05487073592651,43.20131736926818,4821500
2023-12-08,44.07999038696289,44.245959764585514,43.44539326528105,43.56254833914953,5691400
2023-12-11,44.71458435058594,44.81221668362323,44.187380925062676,44.49003557103922,5526700
2023-12-12,43.748046875,44.57790119211441,43.66017964059909,44.57790119211441,4052500
2023-12-13,44.460750579833984,44.64624643804199,43.650418923060876,44.070228671267415,8684900
2023-12-14,45.437049865722656,46.393824407901946,44.82686173492264,44.82686173492264,7659600
2023-12-15,45.446807861328125,45.60301586223805,44.96842248791944,45.2808384897393,14029300
2023-12-18,46.061885833740234,46.27667326582508,45.30037217350213,45.76899625090197,7038500
2023-12-19,46.725765228271484,47.03329869444634,46.31571688241236,46.40358411907555,6079700
2023-12-20,45.485862731933594,46.740409340186744,45.35894256194158,46.647659555466504,4518500
2023-12-21,46.16927719116211,46.23761796618999,45.68112666993847,45.798281752230125,3070000
2023-12-22,46.335243225097656,46.56955709700477,46.0716415158119,46.330364401729646,2657600
2023-12-26,46.86244583129883,46.97960090307515,46.179034418067204,46.374295353889465,2636000
2023-12-27,46.842926025390625,47.18463364273654,46.478764644870694,46.745297405745,1856500
2023-12-28,46.950313568115234,47.0772337364004,46.64765892814064,46.86244633227052,1984000
2023-12-29,46.784339904785156,47.08699454112018,46.39382175795465,46.82339283675598,2120300
2024-01-02,47.409175872802734,47.68253894933586,46.620322285204495,46.6964766202038,3123400
2024-01-03,46.9405517578125,47.319353281203135,46.715999260527894,47.135808969602024,3469300
2024-01-04,46.47193145751953,47.087002201093874,46.286435586921066,46.96008201368799,3079900
2024-01-05,46.20833206176758,46.62813810125074,45.80804504228008,46.471930076889336,2773800
2024-01-08,45.895912170410156,46.120464696375436,45.183212828330596,45.90567726682242,2414600
2024-01-09,45.40776062011719,45.64207451299043,44.909848718664385,45.58349510869888,3042800
2024-01-10,44.95866775512695,45.22226951572286,44.773171875134295,44.88056559881708,2595400
2024-01-11,44.93912887573242,45.466332251345186,44.7438716767283,45.16367763402104,4007900
2024-01-12,45.017242431640625,45.44681355690538,44.75364069876464,45.319893376418506,3299000
2024-01-16,44.41193389892578,44.96159109093308,44.18738139270987,44.93425478225187,5702900
2024-01-17,43.77733612060547,44.548614789136664,43.6162455649706,43.93354412853522,3644900
2024-01-18,43.35752868652344,43.67970981477653,43.02558618663823,43.6308917837373,4040000
2024-01-19,44.519325256347656,44.55837819118326,42.96700647741447,43.12321449246404,5115300
2024-01-22,43.90425491333008,44.480272622802524,43.73828181519773,44.09463330063692,4708200
2024-01-23,44.353355407714844,44.79269160930678,43.987242527103696,44.40216971360443,2634600
2024-01-24,44.333831787109375,44.582789604712154,43.845681248284436,44.52909274749796,2454400
2024-01-25,44.1678581237793,44.74387585290581,43.943305620239684,44.66576998658026,3958100
2024-01-26,44.77316665649414,44.85126880370064,44.17762242133622,44.577905702038485,3226200
2024-01-29,44.84150695800781,44.85126832969561,44.22643626147533,44.65601110159645,2123200
2024-01-30,44.743873596191406,45.05238281431482,44.499798362673346,44.53884756957393,2948200
2024-01-31,44.40217590332031,45.25155686194089,44.382649433383904,44.919614321608556,5825300
2024-02-01,52.778839111328125,56.39115022273999,51.119126486891425,55.151251095962586,12192900
2024-02-02,51.78300857543945,53.208407214323124,51.636561928251666,53.01314625950372,5601500
2024-02-05,50.5723991394043,51.255810693509765,50.4308350248594,51.255810693509765,5824300
2024-02-06,50.85551834106445,51.172816905320765,50.09400476628345,50.52357585795353,4725400
2024-02-07,52.788597106933594,52.905752189313475,51.09959674914304,51.09959674914304,7010000
2024-02-08,51.97826385498047,53.0424320320468,51.402246149517175,52.71048956238503,6199800
2024-02-09,52.32973098754883,52.633361396481675,51.62679681514935,51.7830048228262,2929800
2024-02-12,53.73561096191406,53.99921269368355,53.16935456234413,53.3353276783292,3274500
2024-02-13,52.35902404785156,53.68679401324927,52.085657233374356,53.28651074935374,3525700
2024-02-14,52.79835891723633,53.01802514856501,52.28579941174582,52.82764675493544,3260500
2024-02-15,53.38414001464844,54.09683931157373,53.00338321314109,53.00338321314109,3048100
2024-02-16,53.50129318237305,53.96991720781324,53.227930098606116,53.472005344624506,3892700
2024-02-20,53.07172393798828,53.40366643310264,52.67144066955268,53.09125040526475,3113400
2024-02-21,52.93505096435547,53.2474670427902,52.68121057294386,52.93505096435547,2325500
2024-02-22,53.41343307495117,53.56964110428332,52.63239292829043,52.78860095762258,4256400
2024-02-23,53.59892654418945,53.803948860950065,53.1937607341915,53.32555973088253,2400300
2024-02-26,53.52082061767578,53.88693349332987,53.18887812811103,53.31579830113976,2593700
2024-02-27,53.82347869873047,54.028501028331036,53.554994416425195,53.76978184226942,2186100
2024-02-28,53.24745559692383,53.77270375893787,52.87646018692028,53.579398074444335,3568600
2024-02-29,52.40536880493164,53.36495843498197,52.14099149839981,53.34537451576657,6804300
2024-03-01,52.54245376586914,53.20829209417839,52.375996051417204,52.375996051417204,4274200
2024-03-04,52.49349594116211,52.865582945445645,52.23890871998099,52.24870254746914,2490200
2024-03-05,52.816619873046875,52.983081318658925,52.24870115712198,52.327033098688915,2904900
2024-03-06,52.904754638671875,53.40413532518061,52.65017111622228,52.973296499917964,4142500
2024-03-07,53.35516357421875,53.99162408320547,53.144641130532676,53.29641182182369,3330900
2024-03-08,53.54121017456055,53.69787779362379,53.267042775012534,53.34537471691882,4260600
2024-03-11,53.942665100097656,54.53016767153418,53.44328828790164,53.44328828790164,4053600
2024-03-12,53.962257385253906,54.21684087628863,53.04672872979571,54.050383158160315,4423800
2024-03-13,54.14829635620117,54.6280930373352,54.05038049568434,54.18746419450816,3165200
2024-03-14,54.050384521484375,54.06996844209653,53.358108055611034,53.942674825743,3514800
2024-03-15,53.942665100097656,54.52037758061868,53.6978717394574,53.6978717394574,6496000
2024-03-18,53.570587158203125,54.29517727110578,53.38454551750894,54.29517727110578,3169500
2024-03-19,53.53141403198242,53.869230088422114,53.208288715812266,53.56079177727099,3134600
2024-03-20,54.5693473815918,54.70251655262573,53.5020479475145,53.70767351874243,5427100
2024-03-21,54.6182975769043,54.7260072614024,54.099336808232195,54.65746541404007,2467400
2024-03-22,53.92308807373047,54.91205546883525,53.82517221106201,54.77496803174839,1993500
2024-03-25,54.4714241027832,54.500798113178156,53.793834710402045,54.12871112875637,2132600
2024-03-26,55.12747573852539,55.17643367396681,54.47143118605805,54.491015107284824,3283700
2024-03-27,55.812889099121094,55.85205693529988,55.35267636214644,55.411428116414626,2629300
2024-03-28,56.468936920166016,56.968317523154425,55.891228110641286,55.959769960423905,4563900
2024-04-01,56.47873306274414,56.5472749153366,55.82758172786492,56.371023370027174,3847100
2024-04-02,55.979347229003906,56.86060487352795,55.92059920953595,56.59622758017073,3092900
2024-04-03,56.214351654052734,56.43956111550385,55.881432507722714,56.018516202932034,3025200
2024-04-04,55.763938903808594,56.94873809812409,55.73456115497573,56.90957025651425,2627400
2024-04-05,55.66600799560547,55.861843428635126,55.091235164467406,55.68559191243345,2267400
2024-04-08,56.322059631347656,56.322059631347656,55.6660114502711,55.91080482293764,3770300
2024-04-09,56.322059631347656,56.64518494093726,55.65622135887463,56.527685167927444,1902000
2024-04-10,55.96955490112305,56.2437222750198,55.068717109604954,55.44080033553617,2133300
2024-04-11,55.28414535522461,55.95977758839363,54.86310037188053,55.72477426049763,1870600
2024-04-12,52.64036560058594,54.525277572136105,52.52776274007413,53.53141333421401,3906700
2024-04-15,52.55224609375,53.45308776135971,52.08224320705181,53.37475207928456,2709500
2024-04-16,52.20953369140625,52.6403687112265,52.09693082424048,52.415159241644275,2742800
2024-04-17,52.415164947509766,53.20829695866121,52.37600083980869,52.47391671193802,2656500
2024-04-18,52.83620071411133,53.03693307282411,52.49349148612663,52.7382848590444,1614900
2024-04-19,53.65870666503906,53.69787450121603,52.75786884447165,52.77745276256013,2052600
2024-04-22,54.050384521484375,54.30496801894051,53.27683646593352,53.65871357974318,2315600
2024-04-23,54.030792236328125,54.412669291019135,53.531411676155,53.531411676155,2576200
2024-04-24,53.629337310791016,53.918191723356415,53.169124533889374,53.51183752731109,1811700
2024-04-25,53.560794830322266,53.805588221927714,52.93412434545243,53.658710692864155,1593400
2024-04-26,53.77621078491211,54.0454850113304,53.22787597511596,53.23766606732628,2350200
2024-04-29,54.3441276550293,54.3441276550293,53.84475082819594,54.05037636070083,2348000
2024-04-30,53.00266647338867,54.00142396459066,52.98308255372776,53.95246229781301,3520000
2024-05-01,52.78724670410156,53.59016872803942,52.532663220883755,53.25724956675416,3590000
2024-05-02,55.793304443359375,56.49831054425453,55.13726000466558,55.812888361189835,6605000
2024-05-03,55.96955490112305,56.20455817535621,55.39184240951894,55.84226130527799,2977600
2024-05-06,55.18621826171875,56.58839391656382,55.08829867198071,56.51789480015277,3205100
2024-05-07,56.322059631347656,56.68435277702402,55.47996983173469,55.47996983173469,5527600
2024-05-08,55.63663864135742,56.44053925784479,55.6268485497497,56.12622539725479,4291900
2024-05-09,56.625614166259766,56.73332013051758,55.87165000494869,55.87165000494869,4051600
2024-05-10,56.28289794921875,57.53623895903129,56.253523936567156,56.7920686682678,3754500
2024-05-13,56.10664749145508,57.232698644792464,56.09685739879821,56.45915059111725,3034100
2024-05-14,56.351436614990234,56.73331369886526,56.0185174611824,56.459146302288445,3898000
2024-05-15,55.940189361572266,56.98790482501022,55.71497987959737,56.67456956876247,4157400
2024-05-16,54.833717346191406,55.94997456595593,54.726007660907015,55.822680961960685,5081800
2024-05-17,55.27434539794922,55.38205508171151,54.706422969111856,55.02955202039874,5282000
2024-05-20,55.55830764770508,55.812891121591555,55.18622066102431,55.362472194965164,2869800
2024-05-21,55.470184326171875,55.78351957026908,55.254764945136024,55.61705812076389,3032200
2024-05-22,55.793304443359375,55.920598041632196,55.05892433334372,55.05892433334372,2955100
2024-05-23,54.41267776489258,55.80310624763105,54.040590743420175,55.75414457843002,3121400
2024-05-24,54.353919982910156,54.887571489037924,54.12871052348256,54.412671738293646,2282200
2024-05-28,54.50080108642578,54.6280946971659,53.89371451522416,54.309862537940994,2418800
2024-05-29,53.13974380493164,54.353916796337046,53.100575970305584,53.9524558295457,4255800
2024-05-30,54.08955001831055,54.10913020282311,53.23766631723419,53.23766631723419,2171600
2024-05-31,54.774967193603516,54.8533028707402,53.839858393101,54.030796937058334,3593400
2024-06-03,54.41267776489258,54.843512813004715,53.79579733841877,54.59871940800331,2310900
2024-06-04,52.73345184326172,54.16717233336234,52.66471207634158,53.941312564048104,2995900
2024-06-05,53.08697509765625,53.11152287489056,52.50759436120808,52.664714370446404,2033700
2024-06-06,53.93149185180664,54.014964781828596,52.9053026290711,53.057511581754866,2624000
2024-06-07,51.947853088378906,53.685991518033894,51.771092613153584,52.98877172466535,3750700
2024-06-10,50.77927017211914,51.72199022121042,50.725259818115696,51.712171859590015,5329900
2024-06-11,50.71052551269531,51.49612547784999,49.10986300829281,50.180244131452355,6635800
2024-06-12,51.00513458251953,51.77109796976012,50.59269592834422,51.1229774088869,3326000
2024-06-13,50.651615142822266,51.024772838676945,50.04277180446359,50.7105328074116,3512600
2024-06-14,50.258811950683594,50.867651527499106,49.5714104950343,50.64179174490685,1619300
2024-06-17,51.10333251953125,51.26045252839996,50.229352236071776,50.33736919851436,2622900
2024-06-18,50.956024169921875,51.84964480520381,50.44538327175563,51.33900390703756,2577800
2024-06-20,51.427391052246094,51.956691026956925,50.67124983667483,50.84801031543365,3617600
2024-06-21,51.967491149902344,52.085333967112135,51.034593196228926,51.49613111917276,8369800
2024-06-24,51.957672119140625,52.39957331289606,51.80055211092053,52.1344325966428,2909400
2024-06-25,52.08533477783203,52.12461571751338,51.260453774706676,51.66307404134901,3330800
2024-06-26,52.67453384399414,52.772736193113786,51.83001237174817,51.95767355258541,3410400
2024-06-27,52.68436050415039,52.86112100180226,52.2915585658047,52.65489792385047,2958100
2024-06-28,52.96913146972656,53.60743360462418,52.56160391034433,53.13607358413031,6301400
2024-07-01,52.11479187011719,53.268642275978955,51.91839092430239,52.93967284571014,2549800
2024-07-02,51.820194244384766,52.23263287444413,51.672892593056936,52.03623566738916,2186800
2024-07-03,51.5354118347168,52.193354450156576,51.31937041680575,51.908573262189556,1238100
2024-07-05,51.49612808227539,51.5255906578586,50.808730419272365,51.15242925077388,1493500
2024-07-08,50.78908920288086,51.618877439866736,50.573047799955276,51.51576779193487,2996900
2024-07-09,49.807090759277344,50.75962915979846,49.77762818265836,50.700711498633375,2577500
2024-07-10,50.101688385009766,50.1409693216402,49.45356791475282,49.88564697957868,3435900
2024-07-11,51.329193115234375,51.535412427775405,50.45521281786248,50.52395258870949,2243900
2024-07-12,52.144248962402344,52.34556095531085,51.10333035254986,51.70235153159738,2496000
2024-07-15,51.947853088378906,52.316103454092264,51.505951900315594,52.06569215651698,2646100
2024-07-16,53.224456787109375,53.24900456533512,51.96258560837696,52.016595964924925,2818000
2024-07-17,54.54033660888672,54.67781614994898,53.244095584533156,53.244095584533156,3089900
2024-07-18,54.206459045410156,55.11972032725738,53.70563640902336,53.82347923290069,2592000
2024-07-19,53.79401397705078,54.28501448066326,53.37175324426113,54.28501448066326,2088300
2024-07-22,53.78419494628906,53.980595894498606,52.96913232233222,53.91185612453074,1494700
2024-07-23,53.41102981567383,53.803831684855304,53.28336864628441,53.56814981413917,1625500
2024-07-24,52.851295471191406,53.91185838843699,52.77273733623063,53.705635323837015,1999600
2024-07-25,54.28501510620117,54.903676796772096,52.57633543172076,52.654893565264985,2798200
2024-07-26,54.393035888671875,55.05097851989282,54.206457043478544,54.45195729843448,2272000
2024-07-29,54.46177673339844,55.04115749635105,54.04933809504405,54.32429718728031,1906900
2024-07-30,54.53050994873047,55.04115087721538,54.19662948572249,54.609071820514096,2002900
2024-07-31,55.09025573730469,55.541979053605004,54.432316851838415,54.785837818492304,3682600
2024-08-01,52.04605484008789,54.667995804689056,51.93803412690297,52.98877493436898,6146400
2024-08-02,50.651615142822266,51.99695551080429,50.10169321508959,51.33901286994229,3784000
2024-08-05,50.386474609375,51.26045493384686,49.39465146319435,49.66961430114487,3627700
2024-08-06,50.258811950683594,51.01495317729415,50.03295216809133,50.248989842811085,3654300
2024-08-07,49.86600875854492,51.447030941825986,49.83654992776265,50.53376972721067,2520500
2024-08-08,50.62214660644531,50.71052683896394,50.04276591460901,50.150786615024685,2645700
2024-08-09,50.6319694519043,50.83818874877684,49.866006176892135,50.56322968628012,1841200
2024-08-12,50.298091888427734,50.80873285256832,50.209711649518084,50.60250979775481,1724700
2024-08-13,50.79890823364258,51.09350776676569,50.082047996163034,50.41592846597891,2181500
2024-08-14,51.05423355102539,51.132791682952174,50.32755116401092,50.93639073408043,2011900
2024-08-15,51.810367584228516,51.9969501589884,51.447028287856746,51.72198735040443,2270800
2024-08-16,52.83164978027344,52.949488844088435,51.64342954287844,51.83000837275521,2926100
2024-08-19,53.33247375488281,53.646713763983165,52.8463805800875,53.028052107175924,2517400
2024-08-20,52.63525390625,53.234275136154025,52.556695771495534,53.234275136154025,2760700
2024-08-21,53.303009033203125,53.44048856339648,52.782549741460784,52.90038880362134,1584600
2024-08-22,53.568153381347656,53.577975489051205,52.99859475374636,53.253913363491115,1922200
2024-08-23,54.57961654663086,54.63362315445451,53.754735569355645,53.85293416944507,4475900
2024-08-26,54.64835739135742,55.26210801908589,54.38321667065434,54.79565529439033,2602500
2024-08-27,54.55997848510742,54.64835872750267,53.9609572584326,54.34393706013312,3809600
2024-08-28,54.99205780029297,55.03133874062769,54.09843701087968,54.52069775438628,2308000
2024-08-29,55.974056243896484,56.38158755244027,54.86439407999569,55.48305575052897,2807100
2024-08-30,56.26865768432617,56.533798409191824,55.684369624860516,55.7481983425732,4229100
2024-09-03,54.732173919677734,55.726948310230064,54.515489645065685,55.598907260942646,3146400
2024-09-04,54.66322708129883,55.23448423082156,54.352977685585486,54.958703233004364,2449300
2024-09-05,54.279109954833984,55.46101836775534,54.121522416923355,55.01780224326192,3896700
2024-09-06,54.495792388916016,54.82081503111797,54.052576279383224,54.0919703446437,5004100
2024-09-09,54.95870590209961,55.41176960719688,54.407151394044945,54.8011183630578,4233700
2024-09-10,54.5450439453125,55.06705200147258,54.2003185957937,55.06705200147258,2525100
2024-09-11,54.31850814819336,54.456396775155454,53.116900815209476,54.42684652853265,2764000
2024-09-12,54.8602180480957,54.88483887156687,54.180618696735344,54.348057579383365,2491800
2024-09-13,55.77619171142578,55.85006168941117,55.08674484553409,55.08674484553409,1703300
2024-09-16,55.42162322998047,56.32775067758606,54.95870817116522,56.04212583434379,2208800
2024-09-17,56.18001174926758,56.278502551526714,55.677698889069504,55.805739937752996,1922500
2024-09-18,56.573978424072266,57.02704588080701,55.87468396295803,55.87468396295803,2484100
2024-09-19,57.71649169921875,58.03166678814355,56.92855397690674,57.40131661029395,3626800
2024-09-20,56.71186828613281,57.174779542412985,56.15045871811189,57.174779542412985,8144000
2024-09-23,57.12553787231445,57.26342650051208,56.71187198772155,56.74141847742581,3200000
2024-09-24,56.97780227661133,57.657401649365184,54.8306695259195,57.35207412267986,4220400
2024-09-25,56.28835678100586,57.19940989890027,55.96333035390454,57.1747853184774,2350200
2024-09-26,57.145240783691406,57.31267591331086,56.48534032904253,56.69217704299731,2107100
2024-09-27,57.69679641723633,58.18433229478839,57.470260800208685,57.49981104779422,2434500
2024-09-30,57.90362548828125,57.91347306536161,57.22402619705833,57.78543202021794,3266000
2024-10-01,57.11569595336914,57.93219584390781,57.02705271829099,57.21418676692989,3513600
2024-10-02,57.75588607788086,58.021815747762936,56.976811597765746,57.38161427317462,3010000
2024-10-03,57.21418380737305,57.637701046707356,57.08614275062038,57.48011349885158,1666900
2024-10-04,57.450565338134766,57.91347663309238,57.23388105718648,57.726342599571936,1327000
2024-10-07,56.59367752075195,57.30282331866812,56.347446758384756,57.1550833583745,2224100
2024-10-08,56.03226852416992,56.41638789065773,55.65799673446099,56.23910145117366,1741200
2024-10-09,55.648155212402344,56.37699996038037,55.62353063200135,55.94363139129699,1660500
2024-10-10,55.69739532470703,55.76633963465988,54.810966872234765,55.175387333011706,2156400
2024-10-11,55.9830322265625,56.633081357949,55.786046844315514,55.795898179878876,2883600
2024-10-14,56.88915252685547,56.958100595524265,55.59890576289625,55.86483543170498,1925800
2024-10-15,56.436092376708984,56.89900743189125,56.268657254645944,56.72172097489308,3149700
2024-10-16,58.061214447021484,58.14985767165322,57.05659248692291,57.598299412035395,2482500
2024-10-17,58.061214447021484,58.234559611046166,57.489957275576245,57.87407666325268,2659900
2024-10-18,58.5142822265625,58.780211918995796,58.04151958129781,58.47488440016123,2604300
2024-10-21,58.356685638427734,58.58321746936896,57.66723881193799,58.573369892885836,3047100
2024-10-22,58.2286491394043,58.30744478614239,57.44563712515645,58.080912937545214,2349400
2024-10-23,59.87347412109375,59.9621173473762,58.425636010874804,58.59307488593425,2783100
2024-10-24,59.86362075805664,60.2772903857529,59.51889919929576,59.9818142272174,3673400
2024-10-25,59.44010925292969,60.282221833422085,59.42041409669751,60.03106538385096,2632300
2024-10-28,60.208351135253906,60.32654085716676,59.45980746304425,59.59769609813984,3028600
2024-10-29,59.87347412109375,60.45457888068241,59.78483089481129,59.991663837075905,2511000
2024-10-30,60.64170837402344,61.4394973508813,60.02120583646733,60.02120583646733,3067100
2024-10-31,60.00151062011719,61.01598392018028,60.00151062011719,60.759901822229104,3605900
2024-11-01,59.94241714477539,60.425027333003456,59.61739073634227,59.893171743941565,2458800
2024-11-04,60.287139892578125,60.710657111002,59.82915051717479,60.13940368717328,2578400
2024-11-05,60.818992614746094,61.006126624051774,59.74542644097581,60.01135609031519,2166000
2024-11-06,60.80915069580078,62.78884437104485,59.86362171334224,62.78884437104485,4744500
2024-11-07,57.75588607788086,58.307444329175155,56.43608906282716,57.12553593764922,7352900
2024-11-08,57.450565338134766,58.642321368983545,57.273278882301334,58.0809155112388,4673800
2024-11-11,57.637699127197266,58.36654010281381,57.43086618199663,57.943026634767286,2735500
2024-11-12,56.26865768432617,57.6672466811212,56.14061662947565,57.6672466811212,2695900
2024-11-13,56.79066467285156,57.14523758299032,56.391772027537144,56.43116609529882,2396000
2024-11-14,56.54443359375,56.977798394227506,56.248957422643365,56.81036327490098,2628300
2024-11-15,54.37760925292969,56.593686464448815,54.348062759074935,56.386853493097824,5636700
2024-11-18,56.130767822265625,56.18986080229972,54.47609675201038,54.584435134467334,4190700
2024-11-19,57.36191940307617,57.52935451613725,55.323125257210656,55.480716550232685,4217600
2024-11-20,57.87407684326172,58.13508460789934,57.125536977408046,57.578600679297985,3507200
2024-11-21,59.84392547607422,60.14925298748288,58.00212034422005,58.435488909726985,4520600
2024-11-22,60.30683898925781,60.34623681369298,59.15448080340416,59.56814668842342,3745800
2024-11-25,63.16311264038086,63.23205695346889,60.70080876675356,60.70080876675356,9733800
2024-11-26,62.29638671875,62.911963662611164,61.81377274160211,62.385029948953346,3959100
2024-11-27,61.55769348144531,63.133568931696935,61.419804849196225,62.40472794489935,2517700
2024-11-29,61.30161666870117,61.61679176666397,60.38563786612693,60.848549177844056,2467400
2024-12-02,61.459632873535156,61.691724330123726,60.80780339230551,61.47938573872076,3224600
2024-12-03,61.23248291015625,61.71641870697344,60.84731144303336,61.62753269398555,2631000
2024-12-04,60.412757873535156,61.019159198224244,60.206345503914285,60.76830193694065,2407700
2024-12-05,60.02758026123047,60.72879376685078,59.988078299589894,60.44238288198288,2475300
2024-12-06,58.75355529785156,60.22510798591194,58.68441838489695,59.622658774602094,2953700
2024-12-09,59.00046157836914,60.06708996267631,58.92145011491546,59.06959472515415,3394400
2024-12-10,58.684417724609375,59.14860063973497,57.43014280358604,59.04984008086621,3749200
2024-12-11,59.03995895385742,59.75104699977691,58.58565437673048,58.79305380096579,5431300
2024-12-12,58.5659065246582,59.39550806007299,58.531339950994,59.069595189449664,2009500
2024-12-13,58.75355529785156,59.0103350142838,57.98320861360714,58.51652467943623,1990100
2024-12-16,58.22023391723633,59.3510599329037,58.190602737968206,58.610344498250505,3978300
2024-12-17,57.844940185546875,58.36837791555509,57.04990527441719,57.917038330298176,4885300
2024-12-18,55.71167755126953,58.259740491922024,55.67217182331982,57.74617733099655,4224100
2024-12-19,55.46477127075195,56.22523956463149,55.46477127075195,56.08697328710312,4026800
2024-12-20,56.7684326171875,57.17335691948797,55.60303998764494,55.72155340680092,11010700
2024-12-23,56.21536636352539,56.9462073122753,55.45490176793307,56.85732130185266,2456500
2024-12-24,56.7684326171875,56.80299918808607,55.70180430983631,56.43264145668416,986400
2024-12-26,56.719051361083984,57.10422279229966,55.91907731876971,56.185735332874465,1401600
2024-12-27,56.53140640258789,57.202984963530454,56.244995516283424,56.264748380939636,1502100
2024-12-30,55.859825134277344,56.25487113247757,55.524033963696574,55.97833855699003,1802000
2024-12-31,56.2548713684082,56.39313765673185,55.76106104298157,55.928958512712995,1750200
2025-01-02,55.64254379272461,56.64003892379106,55.60303806521394,56.156106947942725,2487200
2025-01-03,55.247493743896484,56.25486718494916,55.010466915103805,55.8894486262009,2380800
2025-01-06,56.2351188659668,57.183237560180636,55.588228541077584,55.588228541077584,2980800
2025-01-07,56.32400894165039,56.94621105550793,55.95859032699238,56.00797060992334,2777700
2025-01-08,56.44252014160156,56.4909133411759,55.76797281440915,56.29437554108292,2833700
2025-01-10,56.38326644897461,56.71905764086141,54.99072139945341,54.99072139945341,3886500
2025-01-13,59.1881103515625,59.286870917074395,56.491906224367725,56.491906224367725,3845400
2025-01-14,60.136226654052734,60.21523812216357,59.26711934220437,59.316503393510715,3181600
2025-01-15,60.16585159301758,61.13372320014416,59.58315899333122,60.876939706833355,3521100
2025-01-16,60.867061614990234,60.91644189391483,59.86956265033393,60.16584809135531,2187700
2025-01-17,61.548519134521484,61.65715800974912,60.83743105483066,60.90656419952573,2621600
2025-01-21,62.3386116027832,62.378117331221276,61.449755317768194,62.081831902882946,2146500
2025-01-22,61.736167907714844,62.38799741488128,61.67691307727405,62.17072342414178,2045000
2025-01-23,63.39537048339844,63.434876212687755,61.528764332951916,61.726289211924815,3415700
2025-01-24,63.16822052001953,63.52376458298919,62.54799633370957,63.41512570069578,2386000
2025-01-27,63.67190933227539,63.91881451347085,63.00526232906841,63.73116416457889,3426900
2025-01-28,63.484256744384766,64.05707855294317,63.316363035480784,63.65215045328875,3155500
2025-01-29,64.1953353881836,64.62989083891735,63.444741664628964,63.64227029448375,4177400
2025-01-30,65.33110809326172,65.4199903357879,64.08670395326166,64.48668911452476,3913700
2025-01-31,64.46199035644531,65.34097958318692,64.12620298427512,64.9854355803321,3750100
2025-02-03,63.8101692199707,64.31385784878955,62.36824401085259,63.52375833436577,4693900
2025-02-04,64.88666534423828,65.08419396979747,64.07681681681213,64.40273339777484,3479700
2025-02-05,63.02995300292969,64.20522405140778,62.22010432736821,62.575648383463296,8909400
2025-02-06,61.5880241394043,63.59289284688702,60.165847996779185,62.78304421788051,11376800
2025-02-07,61.56827163696289,63.81510636125966,61.22260591552456,61.726290790688104,5558700
2025-02-10,61.43988037109375,62.358367886541124,61.29173953253781,62.04232957665319,3221900
2025-02-11,62.19047164916992,62.674403643201614,61.064584745126275,61.31148990013492,4129000
2025-02-12,61.29174041748047,61.97319732661399,61.22260727166144,61.47938698935013,2566100
2025-02-13,62.08182907104492,62.131209345603246,61.222600237815044,61.5090073372427,2153900
2025-02-14,63.16822052001953,63.64228178229512,62.32874441270989,62.713915891769,3906200
2025-02-18,63.66203308105469,64.02745547366314,62.98057611513284,63.30648900580009,3446200
2025-02-19,62.852176666259766,63.50400990273249,62.546016680312114,62.82254925277419,2384000
2025-02-20,63.039825439453125,63.15833885793866,62.417623399325166,62.950939433720556,2241900
2025-02-21,61.98306655883789,62.94105973654591,61.760853433119884,62.852173732763994,2476700
2025-02-24,61.834930419921875,62.60527333279947,61.74604440939955,62.55589305305904,3005100
2025-02-25,62.200347900390625,62.45713137841422,61.51889101020268,62.05220706381435,2082000
2025-02-26,62.02257537841797,62.34849199768963,61.41123871522666,62.34849199768963,3276200
2025-02-27,62.042327880859375,62.975629077905175,61.72628957960967,62.141088437197254,4088000
2025-02-28,62.200347900390625,62.279359360543666,60.98360080032932,62.210226216646646,3509600
2025-03-03,59.81373977661133,62.883648673211695,59.44732839512806,62.442968287872915,4531700
2025-03-04,59.21956253051758,59.93257520368586,58.45703592786165,59.76422331022305,3838900
2025-03-05,60.56636428833008,60.605976944113934,59.130437626367154,59.34830345550755,3807500
2025-03-06,60.2692756652832,60.93277063627293,59.71470982891558,60.40791617995743,3258600
2025-03-07,59.97218704223633,60.60597439746319,59.38791361582333,60.011795918685046,3614200
2025-03-10,59.65529251098633,60.17024189648653,58.85810580217751,59.49684567444691,4015800
2025-03-11,59.387908935546875,59.92266461333207,59.0809165568216,59.65528866327463,4442400
2025-03-12,58.427330017089844,59.88306300772622,57.98664960985257,59.37801109038794,3371700
2025-03-13,58.02130889892578,58.66500132458841,57.52616204154552,58.19956206979633,3304000
2025-03-14,59.23937225341797,59.33840011806949,58.19956456389341,58.51645826398335,2987600
2025-03-17,60.98228454589844,61.30907948475377,59.29383206585612,59.308685866121756,2802800
2025-03-18,60.98228454589844,61.15063265246957,60.475253171520826,60.87830038869808,3443700
2025-03-19,61.85374450683594,62.17063819329203,60.82383813701828,60.97238370527551,3743200
2025-03-20,61.2298583984375,61.7547128258458,60.952573606690244,61.487333086127286,2684800
2025-03-21,61.12092971801758,61.33879176799628,60.56141134749434,60.942676545880886,6880500
2025-03-24,61.467533111572266,61.992387593217124,61.05161154747729,61.992387593217124,2117800
2025-03-25,61.249664306640625,61.744811160462035,60.96248200245393,61.47743518374869,2565200
2025-03-26,62.0914192199707,62.378605315681675,61.44772676788347,61.46753309631225,2634300
2025-03-27,61.83393859863281,62.51229115769161,61.58636516830532,62.09141708166902,2833100
2025-03-28,60.46733093261719,61.92306001253703,60.13063094438782,61.74480685537616,2534300
2025-03-31,62.319183349609375,62.606369431583964,60.269275676165805,60.70500354774502,4566000
2025-04-01,62.933162689208984,63.13617470715133,61.774520895404336,62.46772722782784,5043400
2025-04-02,63.37879943847656,63.408507041858684,62.37860442201327,62.576660148121846,2098100
2025-04-03,60.70500183105469,61.89335500263948,60.498030814582236,61.84384107417149,3125800
2025-04-04,55.24848937988281,59.3978188444935,54.9315956811745,59.229470719785716,6393000
2025-04-07,55.03062438964844,58.16985759883133,52.8816887262103,54.68402308189098,6454100
2025-04-08,54.98110580444336,56.63489444390598,53.72343237208964,56.105087473923994,7888600
2025-04-09,57.99160385131836,58.60558492377272,53.971009832290775,54.4661567114861,6272900
2025-04-10,57.37761306762695,57.793538367527994,55.59508524239372,57.169652306511686,4042100
2025-04-11,58.70460891723633,59.21956209096111,56.44674050585667,57.04091521063953,3068200
2025-04-14,59.704803466796875,60.22965787839156,58.80363642052864,59.29878323227317,2240600
2025-04-15,59.12053298950195,60.04150640691811,59.07101906142302,59.39781400888039,2328200
2025-04-16,58.625389099121094,59.67509802675306,58.3382030130943,59.05121570180338,4063800
2025-04-17,59.16014862060547,59.53645751508165,58.65509670683734,59.011603051221726,3661100
2025-04-21,58.54616165161133,59.179949006148675,58.01140593226457,58.80364012543626,1860300
2025-04-22,60.06131362915039,60.16034148678467,58.81354146800301,59.031407288003166,2263600
2025-04-23,60.477237701416016,61.64578460333957,60.00189716502401,60.79413139234402,2339800
2025-04-24,61.111026763916016,61.299184995227805,60.20292757117355,60.5861722821955,3774700
2025-04-25,60.87335205078125,61.487333057813,60.40791282507774,60.665387512648955,1805400
2025-04-28,60.96248245239258,61.74481161617473,60.50694447248501,61.11102424303291,2319500
2025-04-29,61.20014953613281,61.913162204696164,60.39801406166969,60.57626345113989,3340100
2025-04-30,61.388309478759766,61.53685127043264,60.09102334319375,60.52675122083991,6048800
2025-05-01,61.41801452636719,61.89830756590296,60.61587528509059,60.87335375755149,2851800
2025-05-02,62.0220947265625,62.388502333311955,61.20014915238141,62.08150993012312,3181600
2025-05-05,61.804229736328125,62.36869684375777,61.309082885763836,61.73490947946278,2275900
2025-05-06,61.84384536743164,62.230059325032165,61.398212424942244,61.734912450637474,2680800
2025-05-07,61.87355041503906,62.21025042682518,61.4180162160551,62.06170485957486,3290700
2025-05-08,66.2110366821289,66.59725061659337,63.20054295951109,64.00267843026941,6172800
2025-05-09,67.13201141357422,67.27065192835285,65.92187238076262,66.06249239498932,4289100
2025-05-12,67.30036163330078,68.60754906729552,66.79530971063369,68.45900349529441,3809800
2025-05-13,67.24095153808594,67.98367189920911,67.13201861402716,67.42910222527111,3550700
2025-05-14,66.93395233154297,67.15181816994026,66.0624965332957,66.77550925701705,4005500
2025-05-15,67.62715911865234,67.80541229065898,66.62696034487394,66.83492111965809,2931700
2025-05-16,67.94405364990234,68.11042227179315,67.2706536090074,67.59745235429646,3064600
2025-05-19,68.1421127319336,68.41939378208048,67.46376390887126,67.58755063163983,4995300
2025-05-20,68.5085220336914,68.54813469039398,67.72618906333447,68.1124030220074,3265700
2025-05-21,68.2906494140625,68.74618358786711,67.94998664454239,68.13220635833702,2415000
2025-05-22,67.92424011230469,68.31046159971312,67.5083185785925,68.11239832984454,2085000
2025-05-23,68.38967895507812,68.56793211925385,67.27064981935007,67.74599410893241,2541500
2025-05-27,69.72657012939453,69.75132142303723,68.73627661280837,68.75607915879053,4534200
2025-05-28,69.63745880126953,70.02367277378129,69.26609863113578,69.80580693178143,2441000
2025-05-29,69.03337097167969,69.5978380625322,68.72638235105461,69.5978380625322,3173100
2025-05-30,70.11280059814453,70.32076137922897,68.53328085632754,68.94425366966406,5450700
2025-06-02,70.4304428100586,70.58927479396714,69.6363056110934,70.17235219649598,3578400
2025-06-03,70.66869354248047,70.78780996153239,69.67601632490845,70.28155003350948,3467800
2025-06-04,70.8572998046875,71.35363843267264,70.71832559473378,71.00620290778832,2776800
2025-06-05,70.67861938476562,71.27423181224572,70.60913227802983,71.27423181224572,3278600
2025-06-06,71.11539459228516,71.71099940252272,70.89700439470863,70.89700439470863,2855000
2025-06-09,71.4826889038086,71.77056620712047,70.63891477949511,71.26429870312191,2888400
2025-06-10,71.02606201171875,71.86486794681248,70.88708779918686,71.50254286224909,3491500
2025-06-11,71.54225158691406,71.61173869388405,70.97642583772223,71.40327737297407,8169300
2025-06-12,71.98894500732422,71.99887389960747,70.77788522216909,71.47275621148152,5547200
2025-06-13,71.89962005615234,72.376108511817,71.40328138603492,71.69115872352627,3344800
2025-06-16,73.646728515625,73.646728515625,72.08822551671147,72.29668683297713,3168500
2025-06-17,73.66657257080078,74.08349516848192,73.07592843732291,73.61197502299545,5042500
2025-06-18,73.57723999023438,74.29196124355471,73.49782399313445,73.49782399313445,3721900
2025-06-20,73.18017578125,74.09343712969039,72.33640154467949,73.5375402347314,14522900
2025-06-23,73.8948974609375,74.41108630240979,72.96177841549657,73.24965572895232,4926900
2025-06-24,72.7533187866211,74.00905494039806,72.7533187866211,73.73606717359293,4629400
2025-06-25,72.70367431640625,73.1156362536476,72.40587570744832,72.68382410521939,4961700
2025-06-26,73.75592041015625,74.50042832449756,73.08586025783862,73.41840621742126,5650000
2025-06-27,73.84526062011719,74.24729369786135,73.33899309792662,73.78570240816292,5390700
2025-06-30,73.9842300415039,74.07357492717863,73.16030615301086,73.54744965270741,3201600
2025-07-01,74.55998992919922,74.6691850341569,73.561352299527,73.96438508531058,3614200
2025-07-02,76.43614959716797,76.47585759669097,74.71881459204876,74.84786748388017,3292000
2025-07-03,76.5552749633789,76.8431522849187,76.1433129811854,76.35673496221699,1419300
2025-07-07,76.01922607421875,76.7637340161413,75.56259544532942,76.51556470216711,2461500
2025-07-08,75.89017486572266,76.67439082408353,75.42858356679388,76.33688418489172,3032800
2025-07-09,75.64199829101562,76.10855777864066,74.31181450151314,76.00929157507755,6570500
2025-07-10,74.28203582763672,75.51295342069892,74.08349584583578,75.51295342069892,4418100
2025-07-11,73.03126525878906,73.90481851565954,72.8228039443152,73.79562341185994,4389800
2025-07-14,72.57463073730469,73.65664525059995,72.50514363620798,73.23972264401972,2876300
2025-07-15,71.56209564208984,72.87838960681265,71.4032712284801,72.83272881859783,5725000
2025-07-16,72.44559478759766,72.5001923436223,71.25437744893097,71.69115789712812,4036200
2025-07-17,72.63419342041016,73.00148673370599,72.12892560185371,72.48529031645096,2688200
2025-07-18,72.51507568359375,73.0511147305026,71.95917127710929,72.60441300023645,3693200
2025-07-21,72.46543884277344,73.25958366772122,72.2966855288681,72.56470505251032,2655300
2025-07-22,73.20994567871094,73.75095295116495,72.47536664943732,72.62426974857384,3733900
2025-07-23,73.35885620117188,73.76584996823487,73.09082908089871,73.35885620117188,3827600
2025-07-24,72.58455657958984,73.25957735053035,72.13784731400419,72.93199207047267,3399100
2025-07-25,72.89228820800781,72.96177531012403,72.01873498518593,72.30660471286303,2668500
2025-07-28,71.86982727050781,72.69375112375225,71.74077439377939,72.69375112375225,2317900
2025-07-29,72.3463134765625,72.5448534658018,71.94924864513631,72.29668415939733,2631400
2025-07-30,71.45291137695312,72.31653573243591,71.1848842798178,72.31653573243591,4975900
2025-07-31,71.601806640625,71.77056752741316,71.14021535902177,71.29407911955617,4852700
2025-08-01,70.64883422851562,71.30400481323154,70.06315831811138,71.1253226149932,4770900
2025-08-04,71.39334869384766,71.48269358794964,70.80270449606644,71.02606294455805,3943500
2025-08-05,71.78048706054688,72.17755946162508,71.27422713336013,72.00880615256283,3744000
2025-08-06,70.64883422851562,71.78048562618314,70.53963913106297,71.57202432382607,4566100
2025-08-07,70.52971649169922,70.94663908860842,68.19691906572332,69.99366990701917,7323300
2025-08-08,70.3907470703125,70.77789058993677,69.75542666593984,70.77789058993677,5568000
2025-08-11,71.92938995361328,72.03362439334202,70.43541347434204,70.48008213128603,5965500
2025-08-12,70.5098648071289,72.46544022777981,70.30140349063929,72.20734201870988,5485900
2025-08-13,71.80033874511719,71.86485760867282,70.31628370692992,71.51246146813476,4693600
2025-08-14,71.34371948242188,71.64151812498717,70.82752305099933,71.47276480351417,3242800
2025-08-15,71.2345199584961,71.7110007864713,71.07568796682021,71.41320216236835,2649600
2025-08-18,71.76063537597656,72.11799977226084,71.13028323620763,71.19480967744745,2818500
2025-08-19,71.86982727050781,71.94924326025982,71.3437095920706,71.7606321779802,2723500
2025-08-20,72.42573547363281,72.63419679946304,71.80035149614211,71.87976749841845,3086800
2025-08-21,72.44559478759766,72.72850388806937,72.02866455362448,72.17756766764869,2815400
2025-08-22,72.83273315429688,73.04119446967765,72.16267297565932,72.79302515514914,2664000
2025-08-25,73.06104278564453,73.28439364821617,72.36617175241584,72.76324416005777,3261600
2025-08-26,73.3985595703125,73.41840978330754,71.60180856643728,72.89229204338399,6802600
2025-08-27,74.4805679321289,74.56991281695639,73.07096814795814,73.25957923651826,6016400
2025-08-28,73.77577209472656,74.60962491366584,72.84762129985052,74.48057202554743,3928400
2025-08-29,73.646728515625,74.08350136105122,73.51271496462334,73.68643651494129,4035000
2025-09-02,73.55716705322266,73.67160805000641,72.940215138493,73.3581517759446,3261700
2025-09-03,72.03467559814453,73.33525944458974,71.99487102571828,73.09942323672233,3244900
2025-09-04,72.29340362548828,72.45261432787774,71.65654563203815,72.0844353081324,3147800
2025-09-05,71.94512176513672,72.3730114333124,71.03958481473975,72.17398856907604,3173200
2025-09-08,72.59192657470703,72.6715357219135,71.34806211940399,71.8456079015252,4724500
2025-09-09,72.14413452148438,73.29844431796207,71.64658876616379,72.78099248093906,3336700
2025-09-10,71.42766571044922,72.45260872718005,71.20874436863379,71.82570382357314,2939500
2025-09-11,72.63172912597656,72.75114284346135,71.23362673185562,71.2883570700429,2750400
2025-09-12,73.92535400390625,75.53740508820427,71.97497542830592,72.5421773222716,6599900
2025-09-15,69.72606658935547,74.13432258500046,68.93994333144741,73.52731611486824,8800600
2025-09-16,69.53699493408203,70.0544467927117,69.10910526296159,69.66636169471246,5056600
2025-09-17,70.29326629638672,70.75100749712728,69.42753391710472,69.73601745930185,3470100
2025-09-18,70.31317138671875,70.6733940358868,69.78576649683814,70.49228057444368,5365900
2025-09-19,70.5121841430664,70.6713948349063,70.04448992437848,70.22360669766437,12447700
2025-09-22,69.40763854980469,70.13405875250277,69.3976855081386,70.05444960306669,2831500
2025-09-23,69.13896179199219,70.21365485814765,69.09417690394531,69.5967029777881,3360900
2025-09-24,69.26831817626953,69.99473070146888,69.10412717187491,69.29816970580575,3474700
2025-09-25,66.75074005126953,69.64147966177936,65.58648481119924,69.58674932526601,7240300
2025-09-26,67.75578308105469,67.78564220614918,66.86219580877612,67.20848725879773,4817100
2025-09-29,67.43734741210938,68.33293127781013,67.21843366000085,68.06425991407272,5341400
2025-09-30,67.29803466796875,67.61646364077092,66.86019957533173,67.56671362148826,4701400
2025-10-01,61.168277740478516,66.57162506766238,60.40703332518555,66.57162506766238,12189800
2025-10-02,63.17835998535156,63.36742600074928,61.02398601159574,61.02398601159574,11310300
2025-10-03,63.0589485168457,63.34752596848387,62.1832707129389,62.19321995790409,4328900
2025-10-06,63.98439025878906,64.74563469381033,63.08880633760342,63.208216261770495,5261000
2025-10-07,65.28795623779297,65.28795623779297,63.466936906143566,63.87492807974688,4409800
2025-10-08,62.800228118896484,65.12376596938171,62.49174837287262,64.8600673168648,6075900
2025-10-09,62.441993713378906,63.501764829772846,62.24297464752813,63.277870753173815,3033100
2025-10-10,61.526512145996094,62.81515387672685,61.526512145996094,62.3922407286326,2925600
2025-10-13,62.36238479614258,62.73156594281697,61.87479206880107,61.96435045896198,2157600
2025-10-14,62.36238479614258,62.461896227417455,61.735479860989216,62.15341648442479,4189300
2025-10-15,61.606117248535156,62.53155268680107,61.5712891963842,62.34248666026346,3550800
2025-10-16,60.700584411621094,61.96236204290161,60.6906351663719,61.695675959352585,4379700
2025-10-17,61.0986213684082,61.740452063835775,60.65082942138775,60.78019238296542,7513400
2025-10-20,61.67577362060547,62.1235655758997,61.237934706525,61.655871334150945,4634300
2025-10-21,61.66582489013672,62.02405845736255,61.34739589615221,61.62602031689539,4074700
2025-10-22,62.810176849365234,62.91565934628589,61.59616775361592,61.59616775361592,5414300
2025-10-23,63.16840744018555,63.636101656014986,62.72061550970765,63.636101656014986,3227700
2025-10-24,63.34752655029297,63.58635018735285,63.12860519931915,63.48683875692251,2627800
2025-10-27,63.6161994934082,64.24310440131404,63.357473579311645,63.70575408370378,3973500
2025-10-28,63.14850616455078,63.57639581651889,62.87983100196804,63.447032857651756,2821400
2025-10-29,62.88978576660156,63.08382831223455,62.432044571568504,62.73057127285211,5030400
2025-10-30,61.39714813232422,61.65089753523146,60.640876444122675,60.97920771600801,5796300
2025-10-31,61.138423919677734,61.635969698374254,60.75033881965014,61.028967036981854,4608800
2025-11-03,61.7553825378418,61.7553825378418,60.23786641606524,60.65083031752876,6059600
2025-11-04,62.19321823120117,62.6171259008504,60.979205396616834,61.506606468478914,5189600
2025-11-05,63.35747528076172,64.51178508854078,62.70071502914741,64.38241833204557,6989100
2025-11-06,62.84003448486328,63.417185624505244,62.2131257296887,62.780327623808,5146100
2025-11-07,63.83512496948242,63.860003776823746,62.347460357046145,62.99924790885288,3686800
2025-11-10,65.23820495605469,65.6551470743617,63.745567508247845,63.99434041621566,3695500
2025-11-11,65.39742279052734,65.82531249282968,64.86007240215137,65.21830599440202,2912500
2025-11-12,66.15369415283203,66.551724726762,64.93968116328458,65.25811017759648,3131400
2025-11-13,65.87505340576172,66.6910281214628,65.81037762162661,66.35767338433537,3408700
2025-11-14,65.67604064941406,66.54177300925684,65.43722080916103,65.74569675248561,2862500
2025-11-17,63.56644821166992,66.11388390353204,63.53162015984247,66.01436867664283,3998600
2025-11-18,64.18340301513672,64.76055791858013,63.248018353249314,63.437084375425826,3148300
2025-11-19,64.3625259399414,64.70085344479176,63.73562095580582,64.44213509118144,2505800
2025-11-20,64.0639877319336,65.63623411651614,63.87989823473253,64.70084568154628,5939400
2025-11-21,65.21829986572266,66.26314141831259,64.35256750048025,64.46202817626765,5184100
2025-11-24,65.33771514892578,65.52677738186256,64.76056022492789,65.21830142921881,3825600
2025-11-25,65.72579956054688,66.2502132297235,65.15859768377736,65.6959404369729,3722700
2025-11-26,66.3228530883789,66.63630176298311,65.38746460530592,65.58648746976081,2062300
2025-11-28,67.13882446289062,67.38759733693901,66.35270126986424,66.36265431057095,1976700
2025-12-01,66.39051055908203,67.68758538065794,66.37055122869774,66.99914072748261,3498200
2025-12-02,65.45262145996094,66.86444343318927,65.1233610113096,66.71977253970847,2603900
2025-12-03,65.1532974243164,66.09118040597218,65.12335842923615,65.65217410409753,3885900
2025-12-04,66.14107513427734,66.30071172312675,65.48255422310552,65.66215014322016,3644800
2025-12-05,65.85172271728516,66.87940747506394,65.78188028556002,66.0213389640099,5353300
2025-12-08,64.94376373291016,65.92156539293428,64.91383234952494,65.72201776219671,5423200
2025-12-09,65.69207763671875,65.84174216332494,64.88389985020099,64.91383123307142,5325800
2025-12-10,64.95374298095703,65.64219524341216,63.95598960916889,65.54242142868418,6388200
2025-12-11,65.89163208007812,66.66987847432152,64.94376183119522,65.19320016844009,2662900
2025-12-12,65.9714584350586,66.68983449841983,65.64219798169233,66.45037581063275,2666800
2025-12-15,65.73198699951172,66.2697775088759,64.95374061581569,66.14106952093103,4106100
2025-12-16,65.33289337158203,65.84174210443227,65.17324918007715,65.82179038662117,2700100
2025-12-17,66.28075408935547,66.34061685330015,65.00363104351015,65.34286352220177,3973300
2025-12-18,66.80956268310547,67.30843935273343,66.2907342960841,66.67985748941359,3839700
2025-12-19,66.16102600097656,67.09393061311863,66.00138941418366,67.09393061311863,8981900
2025-12-22,66.93927001953125,66.9991403981357,66.1710032731036,66.1710032731036,2410500
2025-12-23,66.99913787841797,67.07895997205252,66.35059668908144,66.92929544955119,2635300
2025-12-24,67.1787338256836,67.41819249448568,66.87441875423048,67.04902102038152,770500
2025-12-26,67.28849029541016,67.47805826103021,66.98916123689867,67.16875714955472,1199300
2025-12-29,67.49801635742188,67.50799602245758,67.09891349078794,67.09891349078794,1994200
2025-12-30,67.2186508178711,67.82728101460937,67.12884905146889,67.51797227728457,1721200
2025-12-31,66.87940979003906,67.34336908361529,66.85945807125019,67.15877952660976,2075700
2026-01-02,67.60777282714844,67.80233443655533,66.1809851540798,66.84947810822098,2977300
2026-01-05,67.69756317138672,68.22637122811634,66.56012496310875,67.37828240436578,2816600
2026-01-06,69.21415710449219,69.5833209960155,67.10889679091028,67.54790311695862,4440400
2026-01-07,68.38601684570312,69.59329750909288,67.98192794909485,68.89487319548033,3276100
2026-01-08,69.982421875,70.23186022146415,67.73249073030493,68.14655929890593,2908600
2026-01-09,68.49577331542969,70.41145804118374,68.47581398430997,69.86269061920784,3341200
2026-01-12,68.33612823486328,69.35384096573009,67.77738876678225,68.42592999923592,3647000
2026-01-13,68.69532012939453,69.1044026776449,68.42593006054392,68.55563526224913,2267900
2026-01-14,69.78287506103516,70.57110115857544,69.14929952215546,69.35384079559562,5006500
2026-01-15,70.34161376953125,70.71078526305946,69.17424413391409,70.09217542283078,7045100
2026-01-16,69.4835433959961,69.91257764537626,68.76017373229514,69.33387886951388,3401500
2026-01-20,68.74520874023438,69.54340686916967,68.26628377306992,69.20417437712935,2658500
2026-01-21,71.31941223144531,71.72848714326973,69.3787822858572,70.18196641835722,6140200
2026-01-22,71.39923095703125,72.13757395477424,71.12984088808754,71.70853968774955,2756100
2026-01-23,71.5389175415039,71.99289717690824,71.17972569945373,71.4690751062305,3467200
2026-01-26,72.46682739257812,72.48678672363087,71.62871818246862,72.21738904019966,5351200
2026-01-27,72.83599853515625,73.15527932013525,72.33712183286066,72.44687531634604,4475300
2026-01-28,72.8858871459961,73.19518825656812,72.25231162094146,72.8359964323052,2742900
2026-01-29,73.67410278320312,73.8337469710765,72.8808907068737,73.334870302353,3613900
2026-01-30,72.6364517211914,73.53442370568263,72.097663963144,73.38476678310373,3703500
2026-02-02,73.0355453491211,73.54440171116639,72.35707273714547,72.63645008158014,3496600
2026-02-03,74.87141418457031,75.01608507457493,73.22511959312541,73.22511959312541,5662000
2026-02-04,74.95124053955078,76.46782240654179,72.83600052365757,72.92579467864016,7132800
2026-02-05,72.30718994140625,74.8315048193517,72.14754574390956,74.24283396865486,5733500
2026-02-06,72.43689727783203,73.69905475400812,71.99789094628461,72.99564437328576,4199200
2026-02-09,73.45460510253906,73.69406377750444,71.67859772747161,71.75841982321141,4262400
2026-02-10,74.05326080322266,74.46233575120918,73.64417824298157,73.80382244568675,3294500
2026-02-11,75.15078735351562,75.7394658301862,74.16301359831085,74.52220543879523,5684400
2026-02-12,73.9435043334961,75.92903144793978,73.79882582910011,75.52992856953418,4671000
2026-02-13,74.86143493652344,75.25055814601903,73.7040449732749,73.7040449732749,3500300
2026-02-17,75.3802719116211,75.6945590541898,74.6918196342962,75.02108008103892,3373500
2026-02-18,76.41793060302734,76.44786959985024,75.49501325906469,75.77936902471926,3040400
2026-02-19,76.84696197509766,76.93476932707088,75.99887312458281,76.27824285301084,3716500
2026-02-20,76.13855743408203,76.86692074553783,75.19568080137978,76.6274620675233,5560900
2026-02-23,76.28822326660156,77.06646969264371,75.72948380426448,75.91905177198356,4076400
2026-02-24,77.79483032226562,77.80480998724866,76.06871366839205,76.09864505108716,3064200
2026-02-25,77.4955062866211,78.41343760586874,76.99662957673593,77.83474640771534,5502500
2026-02-26,78.6429214477539,78.6529011130283,77.28597623609593,77.60525701458873,3239200
2026-02-27,79.94000244140625,80.04476228199636,78.24381715149151,78.46332411001904,5332100
2026-03-02,80.5199966430664,80.90499877929688,79.28600311279297,79.91000366210938,4008800
2026-03-03,78.93000030517578,80.13500213623047,77.72000122070312,78.73999786376953,4984400
2026-03-04,78.0,79.93000030517578,77.91500091552734,79.70999908447266,4584600
2026-03-05,76.58999633789062,77.93000030517578,76.06999969482422,77.58999633789062,3863600
2026-03-06,76.95999908447266,77.05000305175781,74.86000061035156,76.4000015258789,3506800
2026-03-09,78.30000305175781,78.37000274658203,76.12999725341797,76.90499877929688,3890556
