Price,Close,High,Low,Open,Volume
Ticker,DOW,DOW,DOW,DOW,DOW
Date,,,,,
2019-03-20,33.7333869934082,36.23968336939806,33.53017433243372,35.73165042496724,2350800
2019-03-21,33.177940368652344,33.86886553565851,32.649586893172675,33.8620928995067,1764700
2019-03-22,32.9205322265625,33.834993034182546,32.62248717666544,33.05600818887536,844700
2019-03-25,33.293087005615234,33.46243128828064,32.514102271758865,32.92052751656038,440900
2019-03-26,33.08987808227539,33.699518649223855,32.63603655887201,33.191485704763195,504700
2019-03-27,33.93659973144531,34.397216475494346,33.1914857781838,33.1914857781838,1788600
2019-03-28,34.44462585449219,34.54623345707906,33.81127989486515,34.47849677801359,585400
2019-03-29,34.972984313964844,35.548753879863405,33.31340971627229,33.54371805942949,1769000
2019-04-01,36.239681243896484,36.84254655582399,34.7155824999943,35.42682806368418,19663400
2019-04-02,38.10245895385742,38.87466837521746,36.78157319332602,37.33702216602318,17414200
2019-04-03,38.52920913696289,38.745969596423535,37.60120067440922,38.66468507012292,15066200
2019-04-04,40.44618606567383,40.994862447517875,38.67823141927603,38.74597067974426,13309200
2019-04-05,38.7730712890625,39.95170614644288,38.116014591334476,39.55205350308082,17000800
2019-04-08,38.71210479736328,39.55205100854607,38.11601218737022,38.271808620347855,10764600
2019-04-09,38.11602020263672,38.745981285490195,37.987319448501324,38.4750293374281,9179900
2019-04-10,37.73667907714844,38.210843582244756,37.32347861676435,37.92634642958017,9081900
2019-04-11,37.18122100830078,38.07535839088207,37.14058004435766,37.72989727742532,7346100
2019-04-12,39.49109649658203,39.511419572912665,37.8857130018879,37.8857130018879,9281700
2019-04-15,39.13885498046875,39.863648399811574,38.80694158939947,39.673983604914845,5727300
2019-04-16,39.626564025878906,39.958479972623394,39.179495201767004,39.768812609917056,6681600
2019-04-17,39.504638671875,39.9991237249886,39.423354130209624,39.93138703759895,6420700
2019-04-18,39.132080078125,39.701077013839736,38.98305627134601,39.53173271849594,5178800
2019-04-22,39.21335983276367,39.56559623418839,38.786611537039114,38.9356353256388,4401700
2019-04-23,39.04402160644531,39.1794975639783,38.610500609530924,38.80694061875431,5687200
2019-04-24,37.91956329345703,39.21335323087551,37.84166638724982,38.94240398738818,5431300
2019-04-25,37.47928237915039,37.919576016543786,37.133818554006915,37.77055220303178,6260500
2019-04-26,37.42509078979492,37.6621717793021,37.2218781439332,37.45895913344038,4009800
2019-04-29,37.594425201416016,37.719740882323194,37.12026076315905,37.28960502082309,5935200
2019-04-30,38.427608489990234,38.7493642124272,37.66217152561173,37.77055177494054,6454100
2019-05-01,38.02117919921875,38.93563729518318,37.85183491596692,38.488568490757885,7644400
2019-05-02,35.6977653503418,38.26502457997012,35.24392145565336,37.62151596845019,13932700
2019-05-03,36.10419845581055,36.13806679358377,35.033943995043295,36.03646178026411,7401700
2019-05-06,36.212581634521484,36.59868640133712,35.020398993544724,35.32521922629095,6089500
2019-05-07,35.867122650146484,36.12113909585009,35.663910010381386,35.80615859981807,7330800
2019-05-08,35.54875946044922,36.16856029383136,35.433606562787894,36.124531700723665,5390700
2019-05-09,35.85356521606445,35.99581376749168,34.91878422213595,35.39972127733557,4579700
2019-05-10,35.94839859008789,36.38463007733228,35.55552125838686,35.860338853125064,4758100
2019-05-13,34.51235580444336,35.596157880960696,34.38365253136519,35.413265796050645,4213100
2019-05-14,35.54875946044922,35.90099595727859,34.437861131058504,34.76977713629805,4204500
2019-05-15,35.867122650146484,36.12113909585009,35.000078091699066,35.21006595038338,2928700
2019-05-16,35.88743209838867,36.273536770356415,35.7180878533506,36.0974198924716,3689700
2019-05-17,34.41075897216797,35.57584850615109,34.31592658386493,35.45392041147896,4440800
2019-05-20,33.92304229736328,34.23463510544577,33.81465949386858,34.13980273637616,5168400
2019-05-21,34.29560852050781,34.674938100535535,33.882408013129925,34.058524949001516,4968400
2019-05-22,34.0111083984375,34.282060310492305,33.84515170889812,34.18045269747452,3019100
2019-05-23,32.99503707885742,33.774021757574296,32.656348537500264,33.530165594358984,4919200
2019-05-24,33.32695388793945,33.58097030082926,32.81214584411586,33.455654606901064,2918900
2019-05-28,32.893436431884766,33.48275384853334,32.58184096865541,33.44211028794112,6613000
2019-05-29,32.99503707885742,33.48274940528806,32.5208726041597,32.64957590362806,3525900
2019-05-30,33.311180114746094,33.39364980595549,33.00191549563058,33.07063980136104,3777600
2019-05-31,32.13596725463867,32.988162608900595,32.12909587429381,32.96067184419391,3396900
2019-06-03,32.96067810058594,32.96067810058594,32.197826275989115,32.197826275989115,5905200
2019-06-04,34.314571380615234,34.314571380615234,33.4280136352444,33.45550440758093,7043000
2019-06-05,34.59634017944336,34.754408164747396,33.70978256382756,34.699429249785275,6413300
2019-06-06,35.09115982055664,35.262973171892114,34.46575932656205,34.55510038165865,6228100
2019-06-07,35.256099700927734,35.5241281135834,34.96058052244489,35.13926787865782,5391100
2019-06-10,35.47602081298828,35.805902140050506,35.448532668647566,35.544747727999415,5434400
2019-06-11,35.764671325683594,35.85401238947954,35.43478997359779,35.737180557593796,5144300
2019-06-12,36.07393264770508,36.177019086216205,35.517256441755634,35.778413471645166,3103900
2019-06-13,36.341957092285156,36.390064616006605,35.7646641859643,36.20450590093954,4179800
2019-06-14,35.15302276611328,36.211391319980066,35.04993367722039,36.170157781754455,3919300
2019-06-17,33.91595458984375,34.58946523582855,33.70977909205789,34.40390650132217,5787300
2019-06-18,34.09464645385742,34.75440918271118,33.950323848482675,34.190861524107255,5014200
2019-06-19,33.3317985534668,34.527620933453385,33.214966703533946,34.32831676651156,5404000
2019-06-20,33.6273078918457,34.080895015064065,33.41425840152209,33.740705328066184,4228300
2019-06-21,33.23557662963867,33.860977152382894,33.20121448212469,33.55171258142942,9478500
2019-06-24,34.074031829833984,34.15650152070896,33.208090899822075,33.33866812884613,4602300
2019-06-25,34.149620056152344,34.51592676374038,33.70977830536357,34.01217147527858,4005200
2019-06-26,34.671932220458984,35.20111761743754,34.23209049353226,34.259578635217565,5244400
2019-06-27,34.98807144165039,35.146139413354,34.72760128437394,34.78189594037019,4097200
2019-06-28,33.88846969604492,35.18737834049564,33.730401711861056,35.07741788968669,6507400
2019-07-01,34.472625732421875,34.500116493867715,34.032784035941745,34.36266530830184,4641700
2019-07-02,33.95032501220703,34.403912231549725,33.51048055623049,34.36267607645889,4725800
2019-07-03,33.902217864990234,34.12213878467347,33.81287417209887,33.99155893621744,2479400
2019-07-05,33.88846969604492,33.92970322655832,33.64792940750638,33.68229155682219,2529800
2019-07-08,33.34552764892578,34.019035512142366,33.25274699303407,33.90907509818176,5936000
2019-07-09,32.89883041381836,33.28369338901127,32.64454730571361,33.19434968337167,4967400
2019-07-10,32.67891311645508,33.276823105154136,32.65829634425799,33.22184417207362,3507400
2019-07-11,32.83695983886719,33.029392533899994,32.42460893259984,32.802597700288764,4202000
2019-07-12,34.16337203979492,34.39016696105366,33.043150683569706,33.30430513502238,4328400
2019-07-15,35.00182342529297,35.01556881085893,34.12901110433628,34.204609414116945,4923800
2019-07-16,35.95710372924805,36.1804616461682,35.01556714686896,35.01556714686896,6011200
2019-07-17,35.4622802734375,35.943358257566295,35.207997207325576,35.84714318507336,4417500
2019-07-18,35.56536865234375,35.77154417816946,35.242358668162915,35.427917427905264,3620300
2019-07-19,35.40729522705078,35.62034472331204,35.39354984455034,35.579108575810736,3221500
2019-07-22,34.967445373535156,35.44164916246512,34.77501268476947,35.396291770217935,2814900
2019-07-23,36.16327667236328,36.35570942571049,35.015564641732375,35.04992679072383,4387700
2019-07-24,36.28010940551758,36.41756061663313,35.76466933008211,36.08080528048322,3516400
2019-07-25,34.8918571472168,35.730307175351356,34.568847194411426,35.48976690053279,4254600
2019-07-26,33.75101089477539,34.56884140008304,33.62043108638124,34.548224639458006,5066000
2019-07-29,33.022525787353516,33.592947375381634,32.97441825844316,33.345535728606244,4219800
2019-07-30,33.26307678222656,33.29056493499586,32.8369776434957,32.8369776434957,4194300
2019-07-31,33.29055404663086,33.970936072180336,32.953801345784186,33.32491881426572,5188500
2019-08-01,32.19783020019531,33.40052400351456,32.1497226577957,33.091261979992595,5803200
2019-08-02,31.33875846862793,32.64454116384745,31.180690478644777,32.08786488651752,5346400
2019-08-05,30.768342971801758,31.01575467910796,30.28726494333573,30.967647138427793,5147300
2019-08-06,30.534671783447266,31.235670635188246,30.057030833069387,31.002004351274586,4702800
2019-08-07,30.850801467895508,30.92639975342558,30.177293521198294,30.307870709691713,4490100
2019-08-08,32.15660095214844,32.17721772402333,31.056993469409917,31.06180422429171,4573400
2019-08-09,32.053497314453125,32.294037571132066,31.682379859003508,31.90230073149285,4468000
2019-08-12,31.40060043334961,32.163451969660414,31.28376863781674,31.88167823857529,4491600
2019-08-13,32.19783020019531,32.82323087305475,31.32502043285119,31.462469055898985,5407300
2019-08-14,30.29412841796875,31.71674261885978,30.239146892493043,31.47620237739871,6178300
2019-08-15,29.813058853149414,30.4934383794364,29.524411007403298,30.47282161247745,3494600
2019-08-16,30.58965492248535,30.795833088628402,29.393835191509947,29.75120735871647,4586000
2019-08-19,31.33875846862793,31.519506474223917,31.029496491775348,31.173819097195093,3615500
2019-08-20,29.661861419677734,31.098221362039606,29.60000849884247,31.098221362039606,5972800
2019-08-21,29.74432373046875,30.40408892964796,29.716835589319835,30.136057924722703,4397800
2019-08-22,28.899011611938477,30.170432268221273,28.878394844115086,29.77182394587385,6072100
2019-08-23,27.97809600830078,28.87839925116971,27.792537204579794,28.86465386330171,6696800
2019-08-26,28.05368423461914,28.41792770620872,27.90936164644181,28.36294879618752,3402400
2019-08-27,28.29422378540039,28.679086668099746,28.121723543877156,28.307969169246498,4152200
2019-08-28,29.22201156616211,29.304481230736712,28.012444251305553,28.280475249083906,4539300
2019-08-29,29.60633659362793,30.04655429830501,29.494535567977035,29.578388336375237,3292500
2019-08-30,29.788009643554688,30.04654896973199,29.53645671406488,29.927761567220827,4099200
2019-09-03,29.208040237426758,29.508505941850615,28.75384981520311,29.445617709167802,3343300
2019-09-04,29.72512435913086,29.899813614651546,29.24298030794401,29.760061677125698,2651400
2019-09-05,30.29810333251953,30.72434552036949,30.109438626477107,30.151365005224214,4041400
2019-09-06,30.214250564575195,30.507727193173384,29.808970269220218,30.42387710865192,3217900
2019-09-09,31.05974578857422,31.183424463270665,30.228223343502012,30.416888032748325,3848000
2019-09-10,32.36642074584961,32.40135805919881,31.290334435198766,31.51393643928905,4704000
2019-09-11,32.757720947265625,32.87650832894178,31.849337601083256,32.506168061897576,4445000
2019-09-12,32.82061004638672,32.97433474057626,31.842349391691123,32.89048466505961,3649700
2019-09-13,33.68008041381836,33.847780563672245,33.016260878910984,33.28877562158292,4027600
2019-09-16,34.2460823059082,34.92387750645273,33.73598997244822,34.0224802601599,5040600
2019-09-17,33.540340423583984,34.30198576065807,33.267825584129845,34.00850639586739,3741900
2019-09-18,33.19794845581055,33.47046596229089,32.85555897150056,33.47046596229089,2588200
2019-09-19,33.288780212402344,33.826823376347335,33.183968270675614,33.624183223911004,2418300
2019-09-20,33.68707275390625,34.13427678649223,32.89049023766919,33.16999409080857,10570400
2019-09-23,33.47745132446289,33.69057244537686,32.925432596012065,33.114097325946396,3599400
2019-09-24,32.56207275390625,33.540333548626336,32.10788233642967,33.38660616688701,4515300
2019-09-25,33.31673812866211,33.51937832366748,32.233665176685506,32.527141873827,4396200
2019-09-26,33.002296447753906,33.323724063646345,32.7954633505853,33.19794757646292,2994200
2019-09-27,32.89049530029297,33.456489490524255,32.84856891620471,33.12108641445832,3722300
2019-09-30,33.29576873779297,33.393594281379464,32.91843935634835,33.02325129638553,2512200
2019-10-01,32.121864318847656,33.93863168881057,32.07295153573266,33.49841397522885,3838400
2019-10-02,31.395158767700195,31.562858989952037,30.996867407918355,31.213480417122565,4759500
2019-10-03,31.660682678222656,31.716581855755514,31.003849349772103,31.339252411609017,3422400
2019-10-04,31.68163299560547,31.9890850239039,31.451041975222427,31.56983201572007,3512300
2019-10-07,31.56284523010254,31.982100934051203,31.2798495624579,31.49995967333334,2977900
2019-10-08,30.640487670898438,31.478996447668745,30.626514879184498,31.269369919862648,2985900
2019-10-09,30.752296447753906,31.12263949502032,30.74531005012847,31.017824871812607,2844600
2019-10-10,31.38816261291504,31.64670461759773,30.75928292321482,30.975898549032284,4325000
2019-10-11,32.93241500854492,33.34468170576073,31.795535580343223,31.968129694362062,3675700
2019-10-14,32.71580505371094,33.03024626110753,32.310527348491604,32.64593041453242,3196500
2019-10-15,32.9813232421875,33.61020279621109,32.513154775275666,32.71579489775311,3216800
2019-10-16,32.92543029785156,33.48443538518716,32.84856659855295,33.18397231650082,3626900
2019-10-17,33.407569885253906,33.91766212585124,32.939401354635486,33.14902790116853,2724400
2019-10-18,33.51239013671875,33.67380498991567,33.09313693967914,33.477452814556585,2757600
2019-10-21,32.92543029785156,34.2181323944583,32.904468440059766,33.95260397839395,3967000
2019-10-22,32.71580505371094,33.10990345639291,32.15679994364291,32.89748338044969,4645400
2019-10-23,33.002296447753906,33.19794757646292,32.52714142184912,32.68785522979534,4152000
2019-10-24,34.56751251220703,34.930866502232334,33.42853776131489,33.994531937891225,6098900
2019-10-25,35.27325439453125,35.46890550906886,34.16921967822346,34.78412394264069,5361100
2019-10-28,35.78334426879883,35.94405805416588,35.23831467794133,35.461916698064734,4504100
2019-10-29,35.979007720947266,36.07683329789215,35.196397774294084,35.60866460966685,3462100
2019-10-30,35.65756607055664,35.96502083248023,35.16843834121677,35.7763561373579,3602100
2019-10-31,35.28024673461914,35.65757353834134,34.73521439049283,35.55276157390892,3744000
2019-11-01,36.551971435546875,36.67774788059461,35.5667243930368,35.62262355442145,3207100
2019-11-04,37.85166931152344,38.019372181647284,36.6567953581111,36.7895609077436,5430200
2019-11-05,37.872623443603516,38.431628414708264,37.48830769256563,37.739857930403296,6044500
2019-11-06,37.92852783203125,38.249958067041426,37.600113865642676,37.84467774120293,3847000
2019-11-07,38.99063491821289,39.08846045880769,38.02634963919289,38.38970355107791,5974300
2019-11-08,39.1234016418457,39.1234016418457,38.44560656749327,38.78100957367029,4812000
2019-11-11,38.997623443603516,39.30507551917919,38.58535676709162,38.81594515738687,3184900
2019-11-12,38.543426513671875,39.207246033171145,38.10320896581825,39.13038235562813,2742700
2019-11-13,37.495304107666016,38.06828468934804,37.355552161160155,37.86564450019187,3426000
2019-11-14,37.69795227050781,37.830715181719064,37.138947031793,37.24375901468171,2595500
2019-11-15,38.33381271362305,38.634278462475024,37.8307067777692,37.92154594186429,3865000
2019-11-18,37.95648193359375,38.36874869092684,37.81672999346368,38.256947671932096,3439900
2019-11-19,37.3066291809082,38.2988653308524,36.8873761215518,38.2988653308524,5208300
2019-11-20,36.80352783203125,37.348560073821716,36.40523657776876,37.131944456458534,5394100
2019-11-21,37.64902114868164,37.676969397849895,36.57992131800419,36.83147421934006,4618400
2019-11-22,37.872623443603516,38.1940509687955,37.45336771611549,37.718896076969976,3115600
2019-11-25,38.57138442993164,38.59234628559642,37.98442848140162,38.30585604081072,5073700
2019-11-26,38.69017028808594,38.955698666605855,38.30585451147977,38.60632020322823,4643800
2019-11-27,38.41416931152344,38.85294770165663,38.14524375590461,38.69725196969477,3926000
2019-11-29,37.77016067504883,38.41417118917479,37.59323467996283,38.22309079052074,1887600
2019-12-02,37.62154006958008,38.0390854880405,37.43045968828366,37.508307550998076,3349500
2019-12-03,36.6732177734375,36.80768054948897,36.12828541837162,36.772295892599246,3950100
2019-12-04,36.99876022338867,37.855084021807,36.94922116476235,37.855084021807,3791400
2019-12-05,36.80060577392578,37.260614425970395,36.57414072359881,37.17568800734052,2692600
2019-12-06,37.664005279541016,38.039087511102906,37.21815103280383,37.21815103280383,2818800
2019-12-09,37.69938278198242,38.20185184581534,37.50122657645414,38.187697445466775,2377200
2019-12-10,37.600311279296875,37.78431311677491,37.288919816320714,37.763082862363376,2609700
2019-12-11,37.57907485961914,38.26554848549862,37.543690205637695,37.86215749082282,3253300
2019-12-12,38.53447341918945,38.626475671412784,37.3809154402649,37.68522829789331,2882300
2019-12-13,37.70645523071289,38.79631966215038,37.68522498194319,38.66893277018104,3198600
2019-12-16,38.33632278442383,38.59817519726411,37.86923827190179,37.940010288754465,4040000
2019-12-17,38.68309783935547,38.739715451259144,38.166474279277836,38.28678265505867,2665300
2019-12-18,38.39293670654297,38.704325451726454,37.89046758374367,38.470784567757875,3659100
2019-12-19,38.58402633666992,38.83172168204587,38.258483111411024,38.520332862190855,3356000
2019-12-20,38.647708892822266,39.10063893908248,38.23016350023688,38.959097624707155,10476700
2019-12-23,38.874168395996094,38.959092092692096,38.37169936600426,38.56277970832699,2678600
2019-12-24,38.85294723510742,39.10064253327576,38.67602125079396,38.9237165489623,926200
2019-12-26,39.07941436767578,39.08649021956893,38.58402104518625,38.909564225799556,1909600
2019-12-27,38.803409576416016,39.31295459385533,38.7255617085593,39.12895275138376,1688500
2019-12-30,38.456626892089844,38.95909597211597,38.38585758774213,38.82463321398495,1943300
2019-12-31,38.732635498046875,38.768020154367804,38.16647289788334,38.2301663591315,2145700
2020-01-02,38.03908920288086,39.30587998425729,37.96124133256394,39.0864907769711,5145200
2020-01-03,37.09783935546875,37.93293022326563,37.09076350390409,37.586156803395234,5004300
2020-01-06,36.949214935302734,37.42337788751109,36.800597784479905,37.02706278564111,4293100
2020-01-07,36.93506622314453,37.554307146609744,36.79352760037914,37.0058382342034,5122800
2020-01-08,37.317230224609375,37.62861900128212,36.74398903379277,37.090765168906216,3629700
2020-01-09,36.93506622314453,37.55784642208173,36.66614068014935,37.33138138604569,2667800
2020-01-10,36.44675064086914,37.41630422239654,36.37598133114567,37.40922837129464,3277300
2020-01-13,37.04829406738281,37.0836814182861,36.42551664668748,36.44674689748877,2665500
2020-01-14,36.970462799072266,37.48708646010696,36.76522796532952,36.935075434879,3689800
2020-01-15,36.99169158935547,37.260619888422596,36.58830049059315,36.935073968635336,2235400
2020-01-16,37.14030075073242,37.41630484277682,36.92091156747029,37.211072761305445,3765600
2020-01-17,37.748931884765625,37.76308628888308,37.10138206969379,37.17569066655303,3897500
2020-01-21,37.2252311706543,37.614470549745214,36.94215117638785,37.49415945993257,4156000
2020-01-22,36.00090026855469,37.36676914930599,35.8678521163106,37.317230087283,5149600
2020-01-23,35.562129974365234,35.915982013911155,34.78365656723493,35.540899715889054,5797600
2020-01-24,34.31657028198242,35.57628261642661,33.99810292224185,35.30027847121034,5919300
2020-01-27,33.389469146728516,33.67255177751673,33.007308405067235,33.48147140668609,4827000
2020-01-28,33.37532043457031,33.771635645296776,33.27624230680782,33.545170581932084,5813800
2020-01-29,35.151649475097656,35.34980839192954,34.39440655990789,34.66333478295947,6828000
2020-01-30,34.30241012573242,34.663337939804656,33.729168974313446,34.18917760566307,5644800
2020-01-31,32.603919982910156,33.87424994669399,32.4977633130715,33.75747814980673,7532200
2020-02-03,33.07808303833008,33.24085461906745,32.363300553704846,32.7737701309631,6364900
2020-02-04,34.00517272949219,34.23871631834219,33.57347290744304,33.72209278201859,5287000
2020-02-05,35.109195709228516,35.20119798471154,34.33779824481663,34.59257211558408,5403200
2020-02-06,34.819034576416016,35.14457774265592,34.36610448431244,35.10919308539963,5985200
2020-02-07,33.99102020263672,34.35195073265101,33.580553311265646,34.35195073265101,3802100
2020-02-10,34.104251861572266,34.479336785165614,33.82824775720489,33.82824775720489,2488300
2020-02-11,34.528873443603516,35.39227035368832,34.32363866756591,34.35194747109029,3705400
2020-02-12,34.9464111328125,35.6470363174935,34.6704071085639,35.16579756250986,2964200
2020-02-13,34.182098388671875,34.67041581544473,33.98394215732995,34.6067223554168,3302600
2020-02-14,34.41564178466797,34.63502826824506,34.23871580775681,34.33071537198377,3207000
2020-02-18,33.78578567504883,34.33779385807347,33.42414785585965,34.104250273146945,3594300
2020-02-19,33.65839385986328,34.175017312357724,33.55223720948841,33.84239566088052,5644900
2020-02-20,34.50764465332031,34.54303201183214,33.57347562174819,33.63009323562597,4154200
2020-02-21,34.182098388671875,34.51472009100397,34.026405363907294,34.380257319689974,3972800
2020-02-24,32.7242317199707,33.290394338030474,32.41284025528059,32.98608142463404,5075900
2020-02-25,31.103586196899414,32.93300008648006,30.84173651610617,32.908230558562806,5529300
2020-02-26,30.466657638549805,31.761757295988712,30.445427381764443,31.457444350241097,6470700
2020-02-27,28.452327728271484,29.826384432894493,28.416358203455992,29.732864217233978,10009300
2020-02-28,29.071016311645508,29.128569752485255,27.373228227060366,27.423586115645595,10280000
2020-03-02,29.797605514526367,29.797605514526367,28.6177876242048,29.53142775739251,7706700
2020-03-03,29.178922653198242,30.750093997078082,28.589013706925922,29.74724769069568,6765300
2020-03-04,30.15011215209961,30.193277223457056,28.927129239957118,29.819188171254734,4967000
2020-03-05,28.848007202148438,29.229291970988704,28.531471440671346,28.79764930246571,5447400
2020-03-06,28.035072326660156,28.553039448038085,27.560267531222962,27.85522198377791,6928400
2020-03-09,21.963329315185547,25.13588859649837,21.891388887394317,24.99920329305952,15081500
2020-03-10,22.58920669555664,23.97765317425874,21.089255235321442,23.38774142289899,12975400
2020-03-11,20.136049270629883,21.819449011647777,20.035333492463714,21.718733233481608,12444100
2020-03-12,17.02823257446289,18.9850040472508,16.107398213777728,18.30876766433219,18163300
2020-03-13,18.481422424316406,20.150433459465628,16.244083622256415,20.092881402120803,17350800
2020-03-16,15.82683277130127,18.29438010018897,15.790863245680818,16.61817468429622,12345400
2020-03-17,19.13608169555664,19.855483252741855,16.359191245733847,18.46703802783046,19873300
2020-03-18,19.020973205566406,20.35186605637767,17.632528298230024,17.86993070291479,16955900
2020-03-19,20.229568481445312,22.553234732676053,18.654078991547838,18.905869762321757,13893400
2020-03-20,19.740375518798828,21.359028727721686,19.128884032109216,20.56768688448509,12649100
2020-03-23,19.121694564819336,20.452587805632067,18.711635870396687,19.52455907854952,11703100
2020-03-24,20.481361389160156,21.553269521160786,19.35190118873498,20.61804806622453,12333600
2020-03-25,21.855417251586914,23.326593393179785,20.574883443044605,20.992136263606056,10539200
2020-03-26,21.351839065551758,22.517268854106618,20.826676242657904,21.783480287003403,14298600
2020-03-27,20.54610252380371,21.051122038657684,19.366284728678256,20.143238145103417,9101400
2020-03-30,20.610855102539062,21.143212109921492,20.00655766234287,20.36625845426205,6817000
2020-03-31,21.035301208496094,21.639598621737598,20.4669746961318,20.538913753587092,7599900
2020-04-01,19.452617645263672,20.337481180354494,19.38067721925599,20.02813830902612,10339900
2020-04-02,20.164827346801758,21.466943858911606,19.369887535777693,19.50297781975731,10680300
2020-04-03,20.121658325195312,20.553299475259852,19.725988071389963,19.984973035858562,8005100
2020-04-06,21.97052001953125,22.287055656298733,21.22234188430051,21.243924420868467,8021100
2020-04-07,23.258256912231445,25.229415917651092,22.88416634873718,23.56759710030718,15028000
2020-04-08,25.027978897094727,25.13588747574587,23.279833028816547,23.718668383841784,7220700
2020-04-09,26.301321029663086,27.15021505799323,25.567531136820126,25.718604800090986,9892300
2020-04-13,25.34451675415039,26.545918792295492,24.869711831986855,26.236575900429944,7170600
2020-04-14,25.445234298706055,26.718575483797622,25.243802725120734,26.16463591213862,7348800
2020-04-15,23.186309814453125,24.35173946593481,22.927326209762448,24.35173946593481,7586700
2020-04-16,22.754669189453125,23.51723440692028,22.04965603798067,23.51723440692028,6918500
2020-04-17,24.04239273071289,24.502811917751995,23.452483820414148,23.769022183022184,6544100
2020-04-20,22.6827335357666,23.61795646353883,22.661150993227732,23.150344313577868,7140700
2020-04-21,22.215120315551758,22.416553253094385,21.308675526984008,21.86980788446408,7315100
2020-04-22,22.905746459960938,23.038836740458443,22.215120228346983,22.87696973807511,5331100
2020-04-23,23.423715591430664,23.977655117450553,23.02804254120279,23.092788790849248,7724700
2020-04-24,23.82657814025879,23.992040164475277,23.193506763508502,23.769027444326525,4979100
2020-04-27,24.776182174682617,24.99559981189787,23.60355991843211,23.963260603139283,4885900
2020-04-28,25.804931640625,26.035139906469684,24.970425990863276,25.52436548814548,5868600
2020-04-29,26.955978393554688,27.40200660992631,26.545919707740584,26.61785876885562,6887300
2020-04-30,26.39484214782715,26.869647065845083,25.934425590270262,26.812096368300047,10990200
2020-05-01,24.409290313720703,25.243795848194118,24.12872420000185,24.984810898823298,8709300
2020-05-04,23.783418655395508,23.8409693582266,22.848195721770477,23.092791011326575,6248300
2020-05-05,24.006427764892578,24.85532177134958,23.905711991973778,24.193473695426622,5041600
2020-05-06,22.992067337036133,24.010020943536034,22.934515281795274,23.531618369475144,4601500
2020-05-07,23.63233757019043,24.31576952649357,23.387740956701904,23.402129315648153,5056200
2020-05-08,24.697053909301758,24.725827882582546,24.006426408884955,24.301380903329015,4175700
2020-05-11,24.387712478637695,24.6323091037345,23.79780345533935,24.60353238447629,4321000
2020-05-12,24.30858039855957,25.47401020661872,24.279803676311374,24.639504471515988,5675400
2020-05-13,23.27263832092285,24.145273274061076,22.86977522180469,24.099951175410283,5865200
2020-05-14,24.107141494750977,24.135918211517257,22.229504634531363,22.438131714638754,6187900
2020-05-15,24.143115997314453,24.445263318427987,23.61795321707021,23.891323818754163,4829200
2020-05-18,26.430810928344727,27.344448370342835,25.689825556166053,25.812125231773692,8544900
2020-05-19,25.639467239379883,26.38764540602523,25.596304908730293,26.35167588238432,4415500
2020-05-20,26.027950286865234,26.617859383385507,25.725800185747907,26.14305443388628,5656200
2020-05-21,25.768962860107422,26.44519931757774,25.65385872385079,25.898455356433516,3941800
2020-05-22,25.984779357910156,26.027944432446255,25.44522827555314,25.66824371087491,3040600
2020-05-26,27.905582427978516,28.020686548242544,27.279701201262835,27.596239590212935,6188600
2020-05-27,28.646564483642578,29.25445956508767,28.078236700060696,28.740087437164586,6895200
2020-05-28,28.346336364746094,29.06396481523787,28.082717180197143,28.97609268485644,5266800
2020-05-29,28.26578140258789,28.55137067088113,27.62138215431677,27.928935960072863,5254200
2020-06-01,28.273109436035156,28.566017462029077,27.95823128287336,28.273109436035156,3014400
2020-06-02,29.730329513549805,30.19166301238954,28.624596770906862,28.705147374733315,6083400
2020-06-03,30.48457908630371,30.975201513516073,30.360091006019946,30.382061133955137,5160600
2020-06-04,31.275428771972656,31.312041921372337,30.25756813427857,30.389377706840822,3901500
2020-06-05,32.198097229003906,33.48689858234405,32.100705185723946,32.739978568677095,7656600
2020-06-08,33.61138916015625,33.63335649374574,32.27865024990562,32.27865024990562,5727300
2020-06-09,32.52029800415039,32.820530322666706,32.1607505352198,32.56423546298368,5535400
2020-06-10,31.91250228881836,32.586193028575394,31.780692745230485,32.50564244156018,4267700
2020-06-11,28.74907875061035,30.784802564123684,28.522075576755896,30.18799740947148,9225100
2020-06-12,30.191654205322266,30.693262859753297,29.27997393234641,30.623695941577274,5034900
2020-06-15,30.740869522094727,31.085039278131138,28.771052997559583,28.910184085142415,5665300
2020-06-16,30.938587188720703,32.58620425794252,30.3454440381752,32.33723090019059,5592400
2020-06-17,30.14772605895996,31.338406243460255,30.0452081227137,31.268107431918743,3525100
2020-06-18,30.447967529296875,30.74819988839449,29.569237787687698,29.766952189055125,4106800
2020-06-19,30.499221801757812,31.48779086264178,30.36741222118603,31.216850188535073,7494400
2020-06-22,30.565128326416016,30.850714836058586,29.781592311487877,30.360089637556175,3316000
2020-06-23,30.2795352935791,31.10700587366126,30.264892268625637,31.10700587366126,3603900
2020-06-24,28.15594482421875,29.81820766873213,28.060748391752877,29.730332749500004,7707200
2020-06-25,29.276329040527344,29.312942200425294,27.592098544576217,27.826426120009156,5986900
2020-06-26,29.14451026916504,29.290965656126502,28.36097716133599,28.96876603953461,8333800
2020-06-29,30.008596420288086,30.16603548523148,29.43009913110963,29.554587197843755,7756700
2020-06-30,29.84748649597168,29.986620341349653,29.115212508604916,29.723001258953047,4835300
2020-07-01,29.84017562866211,30.242925906687063,29.53262178510273,29.840175628662106,4023600
2020-07-02,30.455286026000977,30.938586916991767,29.95733931487052,30.506544999787533,4017500
2020-07-06,31.085044860839844,31.326693929346206,30.4333211751834,31.216854459445056,4679000
2020-07-07,30.528512954711914,30.806777956220646,30.14773000354328,30.565128902508693,4535900
2020-07-08,29.54726791381836,30.59442042265848,29.023691659398303,30.382062991270903,4824200
2020-07-09,28.880897521972656,29.671755110520092,28.683183124835796,29.5765586689198,3671900
2020-07-10,29.84748649597168,29.891423940838973,28.868437649779406,28.88088505611984,3007800
2020-07-13,30.198989868164062,30.63835327998365,29.657105719742415,30.096469131562007,3089000
2020-07-14,31.077716827392578,31.253463868929853,30.19898999991959,30.257570484829042,4350800
2020-07-15,31.72943687438965,32.293285451523964,31.161923351339055,31.963764353911518,3788300
2020-07-16,32.095577239990234,32.41411470651529,31.370624604545945,31.62691943892291,4259800
2020-07-17,31.978410720825195,32.329904770264214,31.458496745861435,32.271321497556315,4610600
2020-07-20,30.975194931030273,31.982071852977146,30.843385365048537,31.736760691501622,3580900
2020-07-21,31.5170841217041,31.802670629824473,31.085042206151485,31.121655359658405,3399600
2020-07-22,32.469032287597656,32.586196026744176,31.40357217779946,31.443847475012692,5792500
2020-07-23,31.355985641479492,31.634250660640816,30.667648797664427,31.48779524037671,6574300
2020-07-24,31.20220947265625,31.839287354017763,30.975203426007955,31.355986410673708,2999600
2020-07-27,32.22006607055664,32.57155736520872,31.070395754693227,31.348660743819476,4733600
2020-07-28,31.209529876708984,32.23471501383643,31.187562541603533,32.02967910377285,3395400
2020-07-29,31.868572235107422,31.953516865732393,31.297399276011472,31.341333938462373,3186900
2020-07-30,30.557804107666016,31.363307458455036,30.272217597200708,31.23881938342387,4118700
2020-07-31,30.067190170288086,30.696943856014855,29.723020282063466,30.382068409854153,7462100
2020-08-03,29.35687828063965,30.19899488551069,29.349556766368163,30.184349063562813,5079900
2020-08-04,30.25757598876953,30.65666696301659,29.21774775018999,29.320265712483188,5408800
2020-08-05,30.748188018798828,31.107000732343487,30.572441020957942,30.682283243783967,3563600
2020-08-06,30.79212760925293,30.987646350280745,30.064247480263486,30.528508466934746,3724900
2020-08-07,31.216842651367188,31.242472130656665,30.348365049237866,30.447955479279116,2913100
2020-08-10,32.80588150024414,32.8717862857594,31.3486574998795,31.3486574998795,4245900
2020-08-11,32.586204528808594,33.735874892082954,32.469040759092884,33.347770428663026,4373800
2020-08-12,32.42510223388672,33.23060556847852,32.168807368982904,33.11344180260756,2577300
2020-08-13,32.53494644165039,32.85714611880657,32.00770806684511,32.11755032606444,2767100
2020-08-14,32.857147216796875,33.0548616139559,32.09558406412353,32.18345619839261,1998300
2020-08-17,32.556915283203125,33.274543774682535,32.3738467049664,33.02557039654439,3257300
2020-08-18,32.73998260498047,32.97431015265833,32.447074567085494,32.52030087820806,2447100
2020-08-19,32.68872833251953,33.025573881603954,32.40314176727817,32.72534149334956,3453400
2020-08-20,31.993064880371094,32.32258889175747,31.875901097812037,32.23471675318941,3324000
2020-08-21,31.919837951660156,32.12487386885522,31.670864569321203,31.85393315064676,2511600
2020-08-24,33.77248001098633,33.794450133046425,32.2347055501694,32.43974140003727,4609000
2020-08-25,33.38438034057617,34.16791349821501,33.29870383598805,33.984844951226414,4188000
2020-08-26,33.933597564697266,34.1679251613575,33.157385654881914,33.45029654740986,3928500
2020-08-27,33.80177307128906,34.380270293148634,33.54547824813815,34.182555946687614,3702300
2020-08-28,34.24046325683594,34.359431095862625,33.43743105251005,33.76459190072919,3772900
2020-08-31,33.54896926879883,34.28508488655588,33.52666368039995,34.195859696542726,3916800
2020-09-01,35.14759826660156,35.15503251634106,33.065659460213595,33.303595161719805,5428300
2020-09-02,36.597530364990234,36.64214154780216,35.25913815227178,35.452462732516906,7305900
2020-09-03,35.980377197265625,37.028782384243726,35.63090785613372,36.64213611747212,6726900
2020-09-04,36.13651657104492,36.95442299462719,35.74987319863694,36.649567711801964,5325900
2020-09-08,35.63833999633789,35.99896208146385,35.270283661682946,35.459886807052854,4280800
2020-09-09,36.60496520996094,37.088273831989376,36.062174064413135,36.11422233614935,4168100
2020-09-10,36.21086883544922,36.99159540741789,36.18112616845196,36.65699749474079,4211300
2020-09-11,37.06595993041992,37.48978312992662,36.46368635028812,36.59008846686276,6225700
2020-09-14,37.24441909790039,37.55670873209681,36.95071651159579,37.22954775773607,5298900
2020-09-15,37.97309494018555,38.33743565623133,37.46748075764989,37.6310626509461,4771700
2020-09-16,36.954429626464844,37.99539775726722,36.75367081836879,37.318767479499485,5863500
2020-09-17,37.89873504638672,38.10692808730769,36.322407393530206,36.709053638395915,5253700
2020-09-18,37.45261001586914,38.09206342376901,37.363384816474586,37.57157789386787,6271100
2020-09-21,35.623470306396484,36.679312482568974,35.08067930035678,36.463682362844104,6468800
2020-09-22,35.54167938232422,35.8056392173121,35.09555064304671,35.67551857139094,4181900
2020-09-23,34.75352096557617,35.779617708341036,34.552762167274125,35.4524567980067,4018000
2020-09-24,34.508155822753906,34.93941618968609,33.972798908332756,34.70147757717366,4648700
2020-09-25,34.2330436706543,34.50072213222164,33.92818827529555,34.03228482447879,4090200
2020-09-28,35.30376052856445,35.89860007701676,34.57508172715803,34.57508172715803,3993100
2020-09-29,34.62712478637695,35.526819644955474,34.396623255192935,35.1178676943669,2716800
2020-09-30,34.98402404785156,35.77962225533121,34.65686309594056,35.08812058544061,4663200
2020-10-01,34.28508758544922,35.318621530081586,34.15124837168495,35.10299137052606,3407600
2020-10-02,35.17734146118164,35.296309313702785,33.55640269782024,33.734853058393284,4559000
2020-10-05,36.12166213989258,36.34695600836841,35.467337313480506,35.61604788808574,3913400
2020-10-06,35.601173400878906,37.02135373184078,35.58630206109075,36.52317377640054,4474700
2020-10-07,35.913455963134766,36.47855541825977,35.69039158302436,36.024989571398706,4506400
2020-10-08,36.716495513916016,36.7388011036619,36.04432689148469,36.151395991399184,2962000
2020-10-09,36.70162582397461,37.24441694471077,36.21088297259548,37.02878677942138,4472800
2020-10-12,36.12166213989258,36.805726812091066,35.88521263827626,36.731372942997595,3005700
2020-10-13,35.601173400878906,36.41907723430146,35.54168804172627,36.047302248851565,6832200
2020-10-14,36.30754852294922,36.411645071018796,35.25914028088739,35.571432761514316,5322100
2020-10-15,36.441383361816406,36.48971592594339,35.57143124454758,35.60117392456141,2793200
2020-10-16,36.657012939453125,37.173779941488604,36.53061080608297,36.70906121041943,2754300
2020-10-19,36.314971923828125,37.42286236098881,36.240618079258354,36.679312569621665,2903500
2020-10-20,36.6867561340332,37.28903263906481,36.59009384241671,36.69419038581074,2503600
2020-10-21,36.09934997558594,36.96558635936319,36.09934997558594,36.716497803607915,4092500
2020-10-22,36.300113677978516,37.29647087116805,35.05838644009085,37.03622948490967,5244000
2020-10-23,36.084476470947266,37.14031882529136,35.99525127533523,36.820592134895584,3123400
2020-10-26,35.058380126953125,35.79449296491038,34.810777865577826,35.64578241250534,4026400
2020-10-27,34.62712478637695,35.088125012326714,34.4932855536144,34.88736616318288,4141200
2020-10-28,33.59358215332031,33.98022841227677,32.961565920967324,33.415128942872116,6157100
2020-10-29,34.38918685913086,34.69404223999292,33.14002265549655,33.18463667577567,4300100
2020-10-30,33.82407760620117,34.3445601348412,33.258978237367636,34.09919020511334,5165900
2020-11-02,35.55655288696289,35.73500609540756,34.114067228003776,34.38917987278918,3675800
2020-11-03,36.233177185058594,36.45624153174253,35.437579218821774,35.876273663080894,3293500
2020-11-04,34.53789138793945,35.94320016233739,34.39066713223936,35.65321617224481,4542300
2020-11-05,36.41164016723633,36.76854378530196,34.8576207347572,34.87249207339549,4253000
2020-11-06,35.86140823364258,37.043652585802995,35.71344084061807,36.60495806930529,3061500
2020-11-09,38.753822326660156,40.285536233974874,38.32256483363707,38.359741763591444,9208300
2020-11-10,39.75017166137695,39.928624861553764,38.71663789231666,38.90996242887633,6148700
2020-11-11,38.820743560791016,39.85799611753613,38.679470086481274,39.77992371043722,4118500
2020-11-12,37.95078659057617,38.71664206002147,37.579011650236865,38.471272074334735,3467600
2020-11-13,38.64228057861328,38.76124842258114,37.3261972092342,37.37824546369407,3482900
2020-11-16,40.09965133666992,40.10708558857359,38.768696168882215,39.81710154522257,4075600
2020-11-17,40.50859832763672,40.5680836812876,39.28174269097396,39.5271126837394,4795000
2020-11-18,41.118309020996094,41.84327187743216,40.54577525597903,40.635003286456495,5903500
2020-11-19,41.148048400878906,41.25958201183034,40.09220614950269,40.82832174166352,3514000
2020-11-20,40.69448471069336,41.207533108279016,40.359886696434145,40.94729178408724,2871700
2020-11-23,41.59418487548828,41.85442907043547,41.10344200196332,41.10344200196332,4560700
2020-11-24,42.925140380859375,43.259738442072546,42.0923651901651,42.38234923107715,4442800
2020-11-25,41.95852279663086,42.71694406595921,41.761482518914654,42.71694406595921,4158500
2020-11-27,41.71007537841797,42.19945178243343,41.41644608955441,42.09404772224688,2847400
2020-11-30,39.91065979003906,41.4089107329868,39.75255372925838,41.326092451993674,8760600
2020-12-01,40.30216598510742,40.9797675489029,39.82784776249553,40.9797675489029,4328700
2020-12-02,40.0537109375,40.328513920931805,39.66973578995991,40.14405684843219,3723000
2020-12-03,40.3548583984375,40.57244447162258,39.75254763632015,39.89559841685345,3213800
2020-12-04,41.44655990600586,41.48420380069804,40.50544817847601,40.51297868064148,3294500
2020-12-07,40.06124496459961,41.363743304059255,39.91819701010815,41.35621567363136,3602700
2020-12-08,41.07011413574219,41.1604600550383,39.7525577518235,39.82784841127442,3161500
2020-12-09,41.15292739868164,41.973576818169796,40.91953069095844,41.36373547530606,3219100
2020-12-10,40.979766845703125,41.49173182466457,40.68614046377861,41.15293104858054,3402000
2020-12-11,40.65602493286133,40.994825715044165,40.33228228233606,40.87436353382859,2674800
2020-12-14,39.94831848144531,41.22822835231179,39.92572984312781,41.10776614545216,3121900
2020-12-15,40.75389862060547,40.76895675125358,40.016067451116264,40.543087663576586,2335500
2020-12-16,40.52803039550781,40.73883847003963,40.083825615569616,40.67860595043362,1948800
2020-12-17,40.52803039550781,40.90447502691155,40.34357045824786,40.806598618574085,2222300
2020-12-18,41.905818939208984,41.97357909208697,40.83671749607276,41.491730392530094,11536700
2020-12-21,41.46913528442383,41.55948117721409,40.45273322036786,40.693657515837984,4458800
2020-12-22,41.160457611083984,41.61219292483217,40.9872934126962,41.41644009392784,2268300
2020-12-23,41.220699310302734,41.98864692977027,41.20564117595489,41.42397981593051,2251600
2020-12-24,41.25080108642578,41.38481355256199,40.908235112467615,41.348674617232874,1074700
2020-12-28,40.874359130859375,41.98863490508529,40.79154085168639,41.61219027033148,3668200
2020-12-29,40.90447998046875,41.27339415557516,40.54309056315743,41.03246979206425,2222000
2020-12-30,41.76276779174805,41.90581571591209,40.8818858720896,40.9195297603386,3790000
2020-12-31,41.78535079956055,42.237083172900206,41.49172446968533,41.762765042506885,2663500
2021-01-04,40.68613815307617,42.25289886746959,40.39251178782768,42.026280177869715,4852800
2021-01-05,42.0112190246582,42.2897872393326,40.65601896683914,40.761423000929746,3112800
2021-01-06,43.99132537841797,44.57857815807914,42.5758925824694,42.87704947421845,6208400
2021-01-07,44.05155944824219,45.000201741889995,43.746640147020884,44.42047653400417,4437600
2021-01-08,43.82568359375,44.315062766687014,43.47935521981792,43.94614576172832,4063500
2021-01-11,44.315067291259766,44.38282744716867,43.10291498669198,43.441715766236534,3455900
2021-01-12,45.95636749267578,46.084357306043316,44.42047249999531,44.661396866841855,6235000
2021-01-13,45.195945739746094,46.159646038951244,44.91737749071599,45.73802697854619,3236300
2021-01-14,44.909847259521484,45.54980200666501,44.73668019556787,45.33146342345803,3578800
2021-01-15,43.14808654785156,44.28494812006206,43.012566244933126,44.13436968659216,6692900
2021-01-19,43.32878112792969,43.818160349840966,42.41025808219125,43.48688720071521,4919300
2021-01-20,44.09672927856445,44.141903673786274,43.08785742830346,43.56970615582305,3724400
2021-01-21,43.336307525634766,44.247302855366904,43.14808520765484,44.05155003632277,3442000
2021-01-22,43.291141510009766,43.50571487913409,42.81682037277091,42.9071691707513,2621500
2021-01-25,43.08784866333008,43.230896577699454,41.90581284657045,42.80928046290787,3682400
2021-01-26,41.966041564941406,43.855792026324835,41.93592531031085,43.584751478738085,3060300
2021-01-27,40.94965744018555,41.469153007855205,39.6471590136138,41.13787980596838,6283500
2021-01-28,40.94212341308594,41.295979452485774,39.90313531210754,40.76142870646342,5817000
2021-01-29,39.074954986572266,41.186809657856095,38.9695480742997,40.54308679266717,8895400
2021-02-01,39.71490478515625,39.78266492715962,38.64580351359683,39.44386421714278,4128300
2021-02-02,41.11528778076172,41.31103774767028,39.80525905068311,40.324754539252446,5229500
2021-02-03,41.672420501708984,41.70630201277427,40.685384907252164,40.88941783321546,3984200
2021-02-04,42.41777801513672,42.44036377228073,41.273386076448304,41.762765209560804,4312200
2021-02-05,43.09539031982422,43.53959517864581,42.49307650498163,42.718945621570164,3732500
2021-02-08,43.17820739746094,43.8633366596866,43.07280333743318,43.47936431643616,2543200
2021-02-09,42.61354064941406,43.30243516812864,42.44037642491473,43.29114228618992,4209500
2021-02-10,43.41911315917969,43.9536666046661,42.523176161210976,42.91467883912547,3453000
2021-02-11,43.41911315917969,43.62239356148398,42.681282183432984,43.52452004603836,2326500
2021-02-12,43.780513763427734,43.870859674882944,43.249725430533275,43.33630896337621,1975100
2021-02-16,44.23225402832031,44.687751788987796,44.07414793725462,44.345188591678806,4072700
2021-02-17,44.07414245605469,44.35271070643802,43.37395514321815,44.10425871881096,3277800
2021-02-18,43.336307525634766,44.168249826460695,42.989976277797766,43.893443978510355,3112600
2021-02-19,45.46698760986328,45.57239165985281,43.47936017564663,43.47936017564663,4037100
2021-02-22,47.040523529052734,47.10075605215881,45.323936829156494,45.64014895932905,5672600
2021-02-23,46.76948165893555,47.40943927549208,46.31021873478355,47.38685064391358,4147200
2021-02-24,47.95151901245117,48.16985760115239,46.636223022151654,46.679137115340126,4668600
2021-02-25,46.703060150146484,47.83505049284176,46.531778690783426,47.563280348459564,3260300
2021-02-26,45.15009689331055,46.47468078008021,44.76185468569916,46.322428990898516,6399700
2021-03-01,46.84770584106445,47.40342250193584,46.109286419924864,46.55081639659526,4083800
2021-03-02,47.75358963012695,48.750836058495274,47.045621301522786,47.357736152544746,7316000
2021-03-03,47.388187408447266,48.25601880960671,47.20548468527414,47.57850141410368,5390300
2021-03-04,46.5888671875,47.66984929983272,45.74387257362691,47.24354780379667,6050400
2021-03-05,47.890621185302734,47.98958529151625,46.246308123728625,47.28922816871829,3883800
2021-03-08,48.29408264160156,48.92592365140661,47.586114284616684,48.08854316015808,4437600
2021-03-09,47.39580154418945,48.49962342423973,47.12936308181521,48.46917248455083,5823200
2021-03-10,48.788902282714844,49.07056913992848,47.47954372189167,47.66985775321683,4238500
2021-03-11,48.963985443115234,49.68717631633406,48.88786100507994,48.97159962929547,3651800
2021-03-12,48.97921371459961,49.51971064585016,48.62903951645833,49.238043803585235,2690800
2021-03-15,47.88301086425781,48.94115640100258,47.54044503122061,48.77367912619292,5353300
2021-03-16,48.096160888671875,48.59097851791448,47.09130306359107,47.723144119925074,6461600
2021-03-17,50.250511169433594,50.43321098679009,48.0961552533795,48.324531477055736,5138900
2021-03-18,49.26848602294922,51.20968521107749,49.19996996731633,50.28856620834713,4203500
2021-03-19,48.65187072753906,49.32939100524684,47.70030072981379,49.26848913149106,6445800
2021-03-22,48.34737014770508,48.56813509774004,47.50237837695157,48.56813509774004,4631100
2021-03-23,46.24630355834961,47.721617526977674,45.97986511095598,47.70791373369974,5523500
2021-03-24,47.22833251953125,48.27886392183095,46.74341155926383,46.89337795303415,4322600
2021-03-25,48.14183807373047,48.19512576955584,46.62693712451337,46.79441439937118,3921200
2021-03-26,48.71277618408203,48.8269628498307,48.02764457374447,48.25602080920319,4256300
2021-03-29,48.644264221191406,49.57299755942183,48.339760630438704,48.43111054607993,3193700
2021-03-30,49.184749603271484,49.321775912742915,48.324529528025536,48.507232241974485,2605100
2021-03-31,48.67470932006836,49.451190816069584,48.34736899614741,48.92592229891392,3643800
2021-04-01,49.177146911621094,49.26849974192846,48.324540823151594,48.68233214861762,3698900
2021-04-05,49.16952896118164,49.64912402369077,48.91070467366884,49.48164675157159,4077900
2021-04-06,49.177146911621094,49.77853997664983,48.81935558615507,48.90309422862259,3420300
2021-04-07,48.71277618408203,49.45880676869328,48.46156029230446,49.09340130720565,2374000
2021-04-08,48.10377502441406,48.74323030592569,47.66985925166993,48.61381815445824,3638900
2021-04-09,48.065711975097656,48.38544106236217,47.608959454961735,48.10377420111537,3721000
2021-04-12,48.560523986816406,48.8345766286622,48.187507245646,48.415883479197035,3143800
2021-04-13,48.19512176513672,48.47678569166255,47.540441094864754,48.40827253072801,4471600
2021-04-14,48.90308380126953,49.31416273811504,48.23318061229298,48.40826914377284,4234400
2021-04-15,49.15430450439453,49.4207429689188,48.568136978479664,49.390292028984184,2632500
2021-04-16,49.23804473876953,49.869888695137924,48.91831857094087,49.68718304958744,3698800
2021-04-19,49.13909149169922,49.5121054145522,48.674721827320106,49.32940554734806,2566600
2021-04-20,47.56328201293945,48.75845679257746,47.41103020819894,48.720391663421104,4532200
2021-04-21,49.3446159362793,49.496864820048216,47.48334516377951,47.548051229777435,4283500
2021-04-22,46.383331298828125,48.75845226260851,46.22346822548561,48.72038713698864,12028900
2021-04-23,47.28160858154297,47.57088666215208,46.01792379230664,46.512738428548445,5682300
2021-04-26,47.350128173828125,47.822106124508025,47.144588686283306,47.47192902897008,4871600
2021-04-27,47.69269943237305,47.84494834071452,46.98473097353044,47.403421279393044,3781300
2021-04-28,48.19512176513672,48.76987089831196,47.73075510813165,47.981968095584044,5584300
2021-04-29,48.76606750488281,49.24566260033281,48.29028531124645,48.583367653623725,4366000
2021-04-30,47.57850646972656,48.49962565802969,47.426254668231124,48.30170034885872,4932300
2021-05-03,49.13909149169922,49.50830122429189,48.05049195710888,48.09616837589093,6327800
2021-05-04,50.410377502441406,50.44843682089909,48.56813631694986,48.910702126644715,7367200
2021-05-05,51.81869888305664,51.944306827752875,50.34947448014078,50.6159129349861,7467100
2021-05-06,52.55712890625,52.595188231612475,51.13357771702849,51.78064432742957,4670600
2021-05-07,52.55712890625,52.77027971363634,51.59794446508755,52.03186026810229,5174900
2021-05-10,52.32113265991211,53.74467780498716,52.267844966908065,53.09761130196006,5039000
2021-05-11,52.1993293762207,52.45054527749888,51.15640645171382,51.643609880174104,5693400
2021-05-12,51.460906982421875,52.602791038871715,51.308658098064285,52.336352587284615,4886200
2021-05-13,51.826316833496094,52.2221674511678,51.24776056958531,51.3543359592632,3068400
2021-05-14,53.15851593017578,53.318379017452656,52.04708269868664,52.146043902832346,4817200
2021-05-17,53.98066329956055,54.110075419789815,52.88445285074298,52.96819147157888,3607500
2021-05-18,52.93013381958008,54.33845639286344,52.91491125360813,54.049181176013086,3523800
2021-05-19,52.18410873413086,52.45816139873475,51.20969603335967,52.14604360541018,4398500
2021-05-20,51.963340759277344,52.31351785314416,51.658837170894884,52.115589649507136,3126500
2021-05-21,52.397254943847656,52.9834195427051,52.18410418062677,52.28306537557284,3855700
2021-05-24,52.94536209106445,53.2955391869711,52.598989184662706,52.975807222949456,3420100
2021-05-25,52.55712890625,53.63049713142377,52.496227016161356,52.87685511732951,4419400
2021-05-26,52.960594177246094,53.013881879508254,51.92528526936069,52.39726620934267,6059200
2021-05-27,52.79908752441406,53.79877538380425,52.476105850593605,53.30662009706826,6256600
2021-05-28,52.61454772949219,53.19129300650434,52.06856290462211,53.12208638940193,3815200
2021-06-01,54.14484786987305,54.23712335669767,52.94521373854729,53.191291481673254,4139100
2021-06-02,53.02211380004883,54.075637291720334,52.952907182493696,54.075637291720334,4797800
2021-06-03,54.29863357543945,54.36784017694085,52.63068759596831,53.32970008573461,4322500
2021-06-04,54.11406707763672,54.706189407694104,53.73725609155532,54.59853080222913,3041900
2021-06-07,53.24510955810547,54.19097416696381,52.975963000122995,54.11407598853381,2803900
2021-06-08,53.3527717590332,53.614232623574196,52.529948874049886,53.07593360455701,3469400
2021-06-09,52.93752670288086,53.45275697201988,52.653002771474604,53.25281695514439,3379200
2021-06-10,52.28385925292969,53.96026508773397,52.25309881311307,53.82184604203622,4022000
2021-06-11,52.29154968261719,53.07592034639674,52.16850792604964,52.652977508842014,2726100
2021-06-14,51.49180221557617,52.42997519075732,51.23803296157709,52.16082864876796,3712800
2021-06-15,51.69173812866211,51.84938318629878,51.09192420560505,51.45335204820459,3255000
2021-06-16,50.438289642333984,51.61485483069981,50.13838259440421,51.53026506159595,5428800
2021-06-17,48.861846923828125,50.59977384918063,47.931365507529826,50.57669911630232,5696100
2021-06-18,47.6622200012207,48.485042867187296,47.5853218194113,48.10054609118505,8745300
2021-06-21,48.53118133544922,49.176367436081385,48.28510364464572,48.55425020225034,5260000
2021-06-22,48.831085205078125,49.077162880094825,48.20051079616317,48.80032476233172,4019100
2021-06-23,48.56193923950195,49.4232081787768,48.5234872188752,49.21558252147436,3254400
2021-06-24,48.53118133544922,49.08485760649582,48.26203184436714,49.04640558385733,4253700
2021-06-25,48.66960144042969,49.11561616446219,48.53118236971813,48.63884099505434,4259700
2021-06-28,48.36968994140625,48.677285566172145,47.808322132590924,48.677285566172145,2727000
2021-06-29,48.43120574951172,49.069471702900984,48.12361013835932,48.661903191245294,2652900
2021-06-30,48.66191482543945,48.92337277084133,48.25434914981923,48.331247337623026,3356500
2021-07-01,48.831085205078125,49.53855778738182,48.769564319585314,49.384761440604336,3324700
2021-07-02,48.83877944946289,49.03871941676476,48.2927947287528,48.700363308186176,3172800
2021-07-06,47.623775482177734,48.79264614545294,47.22005265522713,48.754197050857144,3727000
2021-07-07,47.86984634399414,48.054406078460104,46.98089120113319,47.44690049712824,3424300
2021-07-08,47.22389221191406,47.69297873111323,46.63945842415153,46.90860498427687,4251300
2021-07-09,48.50811767578125,48.96182108345282,47.75450136663599,47.85447135596796,5063200
2021-07-12,48.61576843261719,48.90798384104,47.65836944405179,48.108232856410304,3100400
2021-07-13,48.21590042114258,48.97720245999151,47.92368202501456,48.769573831175116,3074500
2021-07-14,47.92367935180664,48.9425964252174,47.80832914218366,48.40045454685813,2571700
2021-07-15,47.60839080810547,48.23127664286214,47.43921128752221,47.52380104781384,2745800
2021-07-16,46.14729690551758,47.462277970414135,45.98580898063675,47.13929918717518,6961300
2021-07-19,44.44014358520508,44.97074814583423,43.874932785036,44.70929018839132,7815400
2021-07-20,45.078399658203125,45.51672573320351,44.31555763476865,44.709283117859506,6771700
2021-07-21,45.93198013305664,46.1780578115749,45.41291012160335,45.770492206556035,7428300
2021-07-22,46.50872039794922,46.82400757405403,44.60161712133027,45.03225448062243,7111300
2021-07-23,46.224205017089844,47.12392610645603,45.98581594889683,46.78556998398527,4690500
2021-07-26,47.6852912902832,47.70836309277957,46.293414767908374,46.293414767908374,6534300
2021-07-27,47.63915252685547,48.00057751210477,46.80094941331338,47.30079347665057,3568500
2021-07-28,47.577632904052734,47.90830038460025,46.954749969492156,47.546875389694044,4113600
2021-07-29,48.13898849487305,48.392757739851476,47.6852822448778,48.015949660983345,3708600
2021-07-30,47.800636291503906,48.61961332064215,47.41998532680331,48.05440555695593,4646800
2021-08-02,47.07778549194336,48.90029936170255,47.05471369096175,47.90829699034243,3714500
2021-08-03,47.85446548461914,47.88522592886689,46.258803374365556,47.02395402427186,4819700
2021-08-04,46.900917053222656,47.8313985277848,46.89322547511493,47.47766220524544,3340100
2021-08-05,46.908599853515625,47.52379401899744,46.831701682884336,47.1316086552144,3037100
2021-08-06,47.6776008605957,47.96212765726101,47.33155317087972,47.37769384066774,3142800
2021-08-09,47.539180755615234,47.85062220287893,47.18544442866416,47.46228257444416,3178100
2021-08-10,48.53887176513672,48.88491944726838,47.63145914687039,47.69298003857272,3560000
2021-08-11,49.40013885498047,49.446282452695506,48.6157680972798,48.76956444445105,3583600
2021-08-12,49.22328186035156,49.69236842457972,48.679602823231534,49.49242844631308,3581400
2021-08-13,48.977195739746094,49.292482962433326,48.715737828238815,49.192515917943375,2385600
2021-08-16,48.69268035888672,48.904154797648005,47.78526756734797,48.600401937190036,3163400
2021-08-17,47.915985107421875,48.35046537040428,47.0162612045445,48.208200519624405,3974300
2021-08-18,47.585323333740234,48.315867818088456,47.45459290033083,47.60839220232167,4574000
2021-08-19,46.562557220458984,47.20851189697248,46.25496157141482,46.93936533737415,3981600
2021-08-20,46.82401657104492,46.993196089966126,46.38569048427414,46.4549000207894,3203600
2021-08-23,47.7237434387207,48.0005786680857,47.26234552282352,47.293105970578885,3439900
2021-08-24,48.64652633666992,48.854154928639744,48.031332138320806,48.031332138320806,2896000
2021-08-25,49.1156120300293,49.35400106140498,48.308169474498776,48.6772859874991,3246700
2021-08-26,48.94643783569336,49.64621887541407,48.80801876991989,49.09254554579761,3618500
2021-08-27,50.27679443359375,50.64207105066961,49.30786681859089,49.36169613053549,5348700
2021-08-30,49.7326774597168,50.78050206369258,49.70935892852531,50.52554013770472,3925000
2021-08-31,48.8931770324707,49.654946348018136,48.7299384207479,49.51502923238441,5450000
2021-09-01,48.613346099853516,48.97091076841323,48.04590574360212,48.838768464251096,3949200
2021-09-02,48.67551803588867,49.25073307359539,48.520054271760536,48.78434178121097,3414600
2021-09-03,48.286869049072266,48.834878251918866,47.9370762563218,48.54338475216435,3690400
2021-09-07,48.0925407409668,48.4267868627109,47.91375841437289,48.17804597656067,2514300
2021-09-08,47.17530822753906,48.279098518820675,47.03539110659879,48.061450981902595,4629000
2021-09-09,46.856605529785156,47.56396294096345,46.69336988841135,46.83328699965321,4439100
2021-09-10,46.95765686035156,47.758291347472415,46.903244980560345,47.29967481407138,4093300
2021-09-13,47.19863510131836,47.87489928608529,46.806089635894025,47.626158368349735,4549200
2021-09-14,46.36690139770508,47.64947104102029,46.26740326371552,47.60283397794809,4493600
2021-09-15,46.7944221496582,47.1597586404747,46.38244266777348,46.44462936889764,5167600
2021-09-16,46.22698211669922,46.88769951128266,45.916054539703985,46.74778239815733,4650700
2021-09-17,44.88999938964844,45.99378669592129,44.67235185663131,45.706180603687905,9622900
2021-09-20,43.66960906982422,44.40805979442805,42.99334504276489,43.73179280214378,7683900
2021-09-21,43.16435241699219,44.198184021762415,42.91561155791851,43.988308365939325,6156400
2021-09-22,43.762882232666016,44.291457253569305,43.72790444234763,43.73178888667766,6823800
2021-09-23,44.641258239746094,45.11930592053208,43.99608453466716,44.128229796946975,7814100
2021-09-24,44.15932846069336,44.57130504250947,44.10491657121673,44.46248126355621,7964900
2021-09-27,46.39798355102539,46.9343334029788,44.21372783814763,44.21372783814763,12374000
2021-09-28,46.219207763671875,47.140328273521945,45.970466885651,46.75555769114983,6681800
2021-09-29,45.72172164916992,46.3280271108961,45.682856446663735,46.21920335778883,4578800
2021-09-30,44.7423095703125,45.993785826735966,44.73453474986582,45.79945682872158,4929000
2021-10-01,45.53517150878906,45.8694146520137,44.50133983260135,44.82781112072896,6925300
2021-10-04,45.2708854675293,45.861644327042946,44.835587436944074,45.53517302802296,5652900
2021-10-05,45.93937683105469,46.20755181403704,45.16206079015545,45.28643123809031,5646200
2021-10-06,44.43137741088867,45.52739272818926,43.76288525213904,45.36415709832478,8699100
2021-10-07,45.48075866699219,46.22698429388118,44.921093153357035,44.998823568654196,7235900
2021-10-08,45.6362190246582,46.08706370204664,45.395252976255804,45.71395239932434,4260200
2021-10-11,45.26310729980469,46.46794642625529,45.247560625016455,46.055969922654604,4139000
2021-10-12,44.88222885131836,45.37193581497701,44.69567169952554,45.0998763907222,5443800
2021-10-13,44.23705291748047,45.123192672549656,44.0349520645731,45.02214076348338,7689800
2021-10-14,45.6595458984375,45.6906362867414,44.41583844429406,44.6412608095434,6430400
2021-10-15,45.83054733276367,46.429080965290154,45.73727024977481,46.226980124610115,4288200
2021-10-18,45.822776794433594,46.16479475203502,44.77339846106827,44.851131836812975,4660100
2021-10-19,46.009334564208984,46.07152126966843,45.5040809258649,45.93160414760999,3650600
2021-10-20,46.5534553527832,47.11157005068012,45.81578440466606,45.98601502145261,5875300
2021-10-21,46.06373977661133,47.54841305431186,45.05322968106867,46.693366734673816,8916600
2021-10-22,45.3952522277832,46.786645511277804,45.37970555310631,46.359122335950694,5889500
2021-10-25,45.6362190246582,46.27750528083484,45.558488615217115,46.0481984973261,6293200
2021-10-26,45.6362190246582,46.45240018468981,45.22424251721536,45.6362190246582,6875200
2021-10-27,43.529693603515625,45.53517019641419,43.451963193885085,45.53517019641419,11512700
2021-10-28,43.97277069091797,44.198193067220494,43.69293642588388,43.72402978093779,5974400
2021-10-29,43.50637435913086,44.03494943856748,43.26540534887372,43.630744791632125,5894900
2021-11-01,44.64902877807617,45.06878011850112,43.537466690594464,43.537466690594464,7562000
2021-11-02,45.449668884277344,45.65954456664037,44.49357053032931,44.80449516087707,5929500
2021-11-03,45.900508880615234,46.31637281904955,45.154286237574716,45.4652138214542,6234300
2021-11-04,44.43915939331055,45.873308526661674,44.147665859879865,45.86164925976054,9047900
2021-11-05,45.325294494628906,45.66342503798948,44.49356665832525,44.49356665832525,4979100
2021-11-08,45.527400970458984,46.39022226341172,45.31363786987144,45.80723522387343,4894100
2021-11-09,45.69840621948242,45.95491894559707,45.39136605798111,45.50407722854932,4447800
2021-11-10,45.675079345703125,46.087058774321314,45.46520666960721,45.7372660387869,5103900
2021-11-11,46.39021682739258,46.62341102283705,45.87718841132472,45.92382843650364,4140400
2021-11-12,46.68560028076172,47.06648346230198,46.2192088990963,46.47572460379607,3499400
2021-11-15,46.576778411865234,47.2763640747855,46.46795463434999,47.02762316468619,3470400
2021-11-16,45.7528190612793,46.63118694901996,45.73727238585091,46.615640273591566,4004700
2021-11-17,45.34861755371094,45.8460993411615,45.21647228598012,45.612905123947215,3342400
2021-11-18,45.06877899169922,45.371931741573924,44.82780997668917,45.356385066551496,3801500
2021-11-19,44.5713005065918,44.7112176267857,43.55301545745291,44.65680574284643,7424300
2021-11-22,45.69840621948242,46.087064201348625,44.62570935926867,44.74230793991857,5309200
2021-11-23,46.00156784057617,46.421319253578986,45.72950838690342,46.125938300144526,5279400
2021-11-24,45.57403564453125,46.14924779540822,45.542942294423014,45.78391130992422,3307100
2021-11-26,44.77340316772461,44.9055484377694,43.51415200053668,44.02718047348179,4317500
2021-11-29,44.74192428588867,45.937980294783564,44.364222862296195,45.56027887119109,4564300
2021-11-30,43.22325134277344,44.45078331215659,42.81407401964572,44.26979855244076,10398200
2021-12-01,41.51572036743164,43.907832420897336,41.46850956484354,43.66390193631444,9113300
2021-12-02,41.84621047973633,42.078338260819116,40.9727746221422,41.31113271115081,7333300
2021-12-03,41.75965118408203,42.34981019233837,41.49211231360434,41.70456991678109,6969100
2021-12-06,42.39703369140625,43.05643615698306,42.36555781669059,42.77473518288035,6066400
2021-12-07,43.16816711425781,43.577344409381595,42.703908548800456,42.84554695871654,5806900
2021-12-08,43.20751190185547,43.656032547759864,43.105216824211105,43.5222646015131,5013700
2021-12-09,42.798343658447266,42.94785257322024,42.275068460151566,42.68031362235291,5607700
2021-12-10,43.02654266357422,43.482930908934726,42.71572510773578,43.39637674297529,3628600
2021-12-13,41.95637512207031,43.00292531067032,41.75729609310065,42.85341642561075,5398800
2021-12-14,42.39703369140625,42.88489774268055,41.81316912276056,41.90129917060072,4048700
2021-12-15,42.52293395996094,42.546539365018475,41.59441667277292,42.32621424660254,4955200
2021-12-16,42.96357345581055,43.56160291586607,42.703905059981494,42.82980552498731,5605900
2021-12-17,42.57014083862305,43.014729270845194,42.00359015763228,42.9084989544877,10400000
2021-12-20,42.105892181396484,42.16884393954198,41.287540337440355,41.78327192516343,6251000
2021-12-21,42.64883041381836,43.128826949187385,42.41276738050529,42.62522200929402,4422000
2021-12-22,42.67243957519531,42.79047260310027,42.208180934716175,42.58588242162562,3729600
2021-12-23,43.38849639892578,43.8315089456429,42.76686142870594,42.88489444897202,6240200
2021-12-27,43.96291732788086,43.97865526394662,43.412101572396786,43.5222671248571,3249000
2021-12-28,44.56093978881836,44.852084055367335,43.99438618757373,44.07307285365597,4748100
2021-12-29,44.8993034362793,44.93864677421014,44.505864053562284,44.59241819632844,3580900
2021-12-30,44.678977966308594,45.50520311992993,44.63569939153016,45.00946862809802,3678700
2021-12-31,44.63176727294922,44.84501135941785,44.2973413757681,44.72619189011457,3093900
2022-01-03,44.749794006347656,45.56028116606166,44.686845266763555,45.00946543660568,5231900
2022-01-04,45.96159362792969,46.189789215432086,44.93078125113597,45.048814279624686,9068000
2022-01-05,45.91437530517578,46.89010630659857,45.88683466812819,46.260603887150474,6706300
2022-01-06,45.827823638916016,46.31568766515001,45.04094482163982,46.02454334323507,5820800
2022-01-07,46.504539489746094,46.83109493750762,45.97733209363392,46.13470846619288,4633100
2022-01-10,45.95372009277344,46.66190916508795,45.62716469188124,46.29994566134692,5544300
2022-01-11,46.56748962402344,46.795685206232584,45.96159256179806,46.46519453515304,5720400
2022-01-12,46.63043212890625,47.32288625044479,46.339287839846236,46.831087045145516,3742400
2022-01-13,47.16551971435547,47.391355973545714,46.58873914335668,46.661917703657586,4482600
2022-01-14,47.79501724243164,47.865836450958014,46.654042439153045,46.984530077806625,6795300
2022-01-18,47.3701057434082,48.116851777292894,46.87437124445698,47.81075596318307,4796900
2022-01-19,47.08682632446289,47.93665384614259,46.73273027305288,47.810753361386176,4351100
2022-01-20,45.489463806152344,47.2520706099792,45.457987934229344,47.1340405928245,5765700
2022-01-21,44.63176727294922,45.45798942698111,44.49012884634896,45.387170213680974,6189500
2022-01-24,44.55307388305664,44.710450233039076,42.96357845147209,43.82914687552336,8872700
2022-01-25,44.99372863769531,45.21405373436078,42.99426938034322,43.978654296564855,5644100
2022-01-26,45.02519989013672,45.83568398547188,44.57667927410619,45.19044369568396,6126000
2022-01-27,47.35436248779297,48.22779836346109,46.22125819059614,46.22125819059614,11664200
2022-01-28,47.24419403076172,48.078283463918034,46.48092079321714,47.77140127611872,6971900
2022-01-31,47.000267028808594,47.25206798680526,45.85929224942759,46.819285277855,8056100
2022-02-01,48.63698196411133,48.77862039481604,46.97666713884296,47.05535382181023,6659400
2022-02-02,48.518951416015625,49.17206232447821,48.09403610219934,48.55829475950868,5463400
2022-02-03,48.16484832763672,49.13664407950451,48.12156975556699,48.39304388914905,5363800
2022-02-04,47.68484878540039,48.566155104785935,47.637637983732496,48.1569778140078,4995100
2022-02-07,47.141902923583984,48.07828749848624,47.00026451706714,47.944519559944794,6214400
2022-02-08,48.070430755615234,48.13337950494067,47.51174747289392,47.51174747289392,5595500
2022-02-09,48.77861785888672,48.96746708887197,48.196326229406004,48.38517846109565,5515900
2022-02-10,47.960262298583984,49.14844793705225,47.77141007040868,48.69992727205326,6537200
2022-02-11,48.070430755615234,48.71567119515063,47.48813906540527,47.84223516068804,6042100
2022-02-14,47.86583709716797,48.29074935235847,47.31108612260461,48.07829172391107,4472000
2022-02-15,48.67632293701172,48.79435295571929,47.77141111839834,47.8579682664732,4076800
2022-02-16,48.84943389892578,49.50254169596855,48.48746739516395,48.51107579865758,5613600
2022-02-17,48.13337707519531,48.869109869270986,47.704529549343114,48.28288597549241,3927800
2022-02-18,47.67698669433594,48.25140785912259,47.36223397311106,47.80288718248501,5078900
2022-02-22,47.448787689208984,48.03107928084219,47.165510860939,47.936651670282735,5664000
2022-02-23,47.189125061035156,48.14911520601241,47.11437061058564,47.89731421699826,5155100
2022-02-24,46.20552062988281,46.40224031512352,45.261265540386574,46.33928857502848,8108500
2022-02-25,47.50361251831055,47.89781598613494,46.444435820659415,46.52407184154048,5445200
2022-02-28,46.954105377197266,47.12930823778766,46.19755116037022,46.44442764230041,6438200
2022-03-01,45.49675369262695,47.228862964815,44.811872978236224,47.08153298483857,7668100
2022-03-02,47.14524459838867,47.615104415084076,45.79937335776108,45.83122898145014,6499800
2022-03-03,47.51953125,47.734552124542155,46.77890784380248,47.21691197879468,4514800
2022-03-04,46.85059356689453,46.886428869612445,46.054221102017884,46.50815316396398,5869500
2022-03-07,46.173667907714844,47.073569502514054,45.906883902920896,46.78687497405276,6987800
2022-03-08,46.062171936035156,47.16116651251757,45.886969065574725,46.27719281216774,6583400
2022-03-09,47.62305450439453,48.49906570211525,46.9381739615332,47.185050424493525,7484700
2022-03-10,48.28404998779297,48.61056248620433,47.169127631407385,47.177093055079304,5421000
2022-03-11,48.50704574584961,49.765315673439375,48.475190118789655,48.626502828364515,6140000
2022-03-14,48.005332946777344,49.3989848107139,47.59918431168634,48.8733790864032,5836200
2022-03-15,46.88243865966797,47.99337843507014,45.886973237757715,47.67881099719617,8354400
2022-03-16,47.49563980102539,47.90179134374925,46.76297880006948,47.11338149123288,6154800
2022-03-17,50.044036865234375,50.075892487233624,47.09745866452901,47.28858935860518,9420600
2022-03-18,49.685672760009766,50.513900771942964,49.21979564251718,49.55825329955232,9510800
2022-03-21,50.442230224609375,50.744852600948015,49.79716745771063,50.267027316531255,4836500
2022-03-22,50.60945510864258,51.38989953719854,50.362581659173046,50.96782322326496,5136700
2022-03-23,50.410369873046875,50.84041167733776,50.18738658397137,50.49000893194489,2936100
2022-03-24,51.03950119018555,51.127102635087496,50.49797078500153,50.77669989339915,3611400
2022-03-25,51.52528381347656,51.54918008545451,50.8404062081466,51.03949623917572,3962900
2022-03-28,51.05543899536133,51.405844822707394,50.20332070454771,51.206751707322525,3879300
2022-03-29,51.119140625,51.222666838204354,50.02810837082474,50.92800993353478,4225600
2022-03-30,51.17488098144531,51.71641433855513,50.99171269596258,51.35008384342759,3145900
2022-03-31,50.744850158691406,51.59298870659591,50.73688473347862,51.087290532770474,4302100
2022-04-01,51.111175537109375,51.70845477473101,50.52185868597153,51.19877697802764,3317100
2022-04-04,50.975791931152344,51.37397807573848,50.426293107355185,51.37397807573848,3650000
2022-04-05,50.561676025390625,51.47750229985153,50.497964786513826,50.96782454051345,3432500
2022-04-06,49.11227798461914,50.40240329008814,48.80965869975831,50.33869204827372,4977000
2022-04-07,48.77780532836914,49.21580950332572,47.80623011132702,49.21580950332572,4644800
2022-04-08,49.12024688720703,49.5980690829748,48.8335523545786,49.19192052036414,3913900
2022-04-11,49.33526611328125,49.868834112526585,48.69816886122738,48.85744089580135,2760400
2022-04-12,50.378517150878906,50.76874096715422,49.60603798155619,49.78123784538297,4137300
2022-04-13,51.095252990722656,51.15099881229637,50.34666103601375,50.561681935477836,3465600
2022-04-14,52.154422760009766,52.56057435397992,51.27841440261119,51.3580504213131,7000200
2022-04-18,52.465003967285156,52.94283219912694,52.00311265945691,52.154419262091004,4958900
2022-04-19,53.39677429199219,53.63568237741312,52.488910200545725,52.584471004378294,5292500
2022-04-20,53.78699493408203,54.28870738031754,53.38880871698859,53.41269891787988,5021500
2022-04-21,55.3558349609375,57.227308471137526,54.86208199502824,54.94968342568695,10282500
2022-04-22,54.55149841308594,56.72559730058203,54.34443992955345,55.80180258623556,7439400
2022-04-25,54.20905685424805,54.424074680604164,52.18627068329213,53.68345434768982,7252100
2022-04-26,53.65159606933594,54.93375576796158,53.63566522323263,54.34443597889059,6612800
2022-04-27,53.715309143066406,54.416120654799364,53.39756101894119,54.248883201091765,5412300
2022-04-28,54.00200271606445,54.18517101503245,52.648172261536715,54.18517101503245,5532300
2022-04-29,52.958763122558594,54.72272502294482,52.80745042651135,54.24888856186885,6499800
2022-05-02,53.404720306396484,53.60381336578608,52.40925500944852,53.4763969672125,7250100
2022-05-03,54.272762298583984,54.416109526137134,53.40471351066845,53.45249997041098,4599500
2022-05-04,56.23185348510742,56.36723532969372,54.495761476914424,54.80634621488959,5589800
2022-05-05,54.52760696411133,56.032749976289324,53.779015131827165,55.95311396932753,6530600
2022-05-06,54.09757614135742,54.44798193363509,53.07822046473774,54.20906778874775,5807800
2022-05-09,53.062286376953125,54.00200597321827,52.93486996306972,53.22952383783437,7266900
2022-05-10,52.40925979614258,54.03386003824181,51.98718344382123,53.69938512611982,7885500
2022-05-11,53.189701080322266,54.551496841723136,52.41721905802075,52.87911640188897,5683300
2022-05-12,53.3888053894043,53.66753450882935,52.29379336064658,52.9826537720483,6035700
2022-05-13,53.80290985107422,54.40815449139215,53.56400181009704,53.75512945804646,3924400
2022-05-16,54.137386322021484,54.62794947205221,53.10210000314193,53.60381231567335,4028300
2022-05-17,55.722171783447266,55.97780661575071,54.870053650489595,55.435477264336406,4502600
2022-05-18,54.87801742553711,56.048679588244525,54.54752219605498,55.27620357057509,4623900
2022-05-19,54.75856399536133,55.40362364879859,53.99404727532933,54.40019279557712,4988400
2022-05-20,54.24092102050781,55.531046409480524,53.25342101182187,54.85412505410568,5232200
2022-05-23,53.747169494628906,54.256847324836095,53.229526239495016,53.99404906064479,6582300
2022-05-24,53.412689208984375,53.66752809856819,52.1384947610653,53.51621541930835,4664400
2022-05-25,53.59585952758789,53.898478821667204,52.87912322493834,53.1259966996915,6264900
2022-05-26,54.02589797973633,54.38426918719815,53.28527751782753,53.4923299567995,5732800
2022-05-27,55.57087326049805,55.57892173232612,54.17073998248808,54.38799960836445,4784300
2022-05-31,54.70182800292969,55.321425264652326,54.40811710676586,55.23291049309407,7876000
2022-06-01,54.806434631347656,56.15668090098531,54.713898691736,55.24096002574648,5958100
2022-06-02,54.79838180541992,55.49845146396893,53.993706577325106,55.06392610409556,4598700
2022-06-03,53.93738555908203,54.84667259709296,53.655750425745424,54.3880017724206,4966800
2022-06-06,53.96956253051758,54.40408785196825,53.64769123990402,53.945423258078804,3117300
2022-06-07,54.21097183227539,54.28338965533454,53.446526689048646,53.72011945648092,4873800
2022-06-08,54.10636520385742,54.565029877177764,53.79254232943747,53.961523404957035,3200900
2022-06-09,52.995914459228516,53.925313425837544,52.955678239533725,53.832777487561735,3113400
2022-06-10,49.78525924682617,52.36826925615526,49.77721384456082,52.31194223151995,6448900
2022-06-13,47.218345642089844,48.74722990082996,46.647026930401964,48.67480900289821,8509300
2022-06-14,47.12179183959961,47.58045656532129,46.23664707079461,46.896480643572936,7128900
2022-06-15,46.196407318115234,48.006926683069466,45.67739139847725,47.49193499928396,6387900
2022-06-16,44.5951042175293,45.03767809380999,43.97550692992174,44.79627304507772,7641800
2022-06-17,44.072059631347656,45.02962198298547,43.42832010631416,44.38588245795197,12735800
2022-06-21,44.2169075012207,45.61704077740636,44.184719753135546,45.33540565564275,6391700
2022-06-22,42.116703033447266,42.478807512665696,41.49710271780516,42.08451528649618,10383100
2022-06-23,41.086727142333984,42.36616115464525,40.57173230645593,42.04428976592059,9662000
2022-06-24,42.760440826416016,43.29152635040657,41.191323528846354,41.448819354442236,9109000
2022-06-27,42.020145416259766,42.88919314961407,41.818976589976785,42.567324869316906,7507300
2022-06-28,42.26959228515625,43.57316847381293,42.12072932004632,42.486854983265694,5169400
2022-06-29,41.82701873779297,42.65583325531808,41.26374545411109,42.414431296480835,4392800
2022-06-30,41.52928924560547,41.95576613661374,40.917734349857945,41.16718477701712,5848000
2022-07-01,41.593666076660156,41.87530427967716,40.15329959052824,40.96602031097594,5255100
2022-07-05,40.82117462158203,40.89359551608057,39.71474616482749,40.85336236793526,5891000
2022-07-06,41.18327713012695,41.23960414876276,40.261923654452296,40.73265791144822,5657000
2022-07-07,42.06842041015625,42.49490037311005,41.633898115045156,41.95576636810551,5507600
2022-07-08,41.34421920776367,42.55123219963632,41.28386794425148,42.18912768815597,4226900
2022-07-11,41.04648971557617,41.320079467109295,40.64415202623882,40.82923006457581,3919100
2022-07-12,40.57172775268555,41.493081353164264,40.434934423066736,40.94992613154907,6068200
2022-07-13,39.96822738647461,40.402752858114255,39.45323559916533,40.23377175345212,6071500
2022-07-14,39.34862518310547,39.48541851690738,38.841678861619094,39.219877252047816,4969400
2022-07-15,39.87166213989258,40.426890084252946,39.565884653838516,40.0165039454133,4809900
2022-07-18,40.61195755004883,41.07866756094056,40.39469488185032,40.57172133514404,4839000
2022-07-19,42.20521545410156,42.4948990213558,41.10281127391057,41.15913829314419,6999400
2022-07-20,42.28568649291992,42.38224666964369,41.69022848859857,42.20522019058223,5977700
2022-07-21,41.360313415527344,41.39249809601245,40.19353356674203,40.69243141457839,10059700
2022-07-22,40.9177360534668,41.69022664181537,40.58781931714854,41.44077620427033,5074800
2022-07-25,41.50515365600586,41.81897653344828,41.06257978310739,41.17523383453875,5933200
2022-07-26,41.27983856201172,41.68217617581221,40.998203460188336,41.175229922937724,4130900
2022-07-27,42.03623580932617,42.228551914374776,41.207418226358854,41.39249316286041,4342000
2022-07-28,42.08452224731445,42.575374725932164,41.64999680038143,42.20522478354908,6137900
2022-07-29,42.8167724609375,43.28750678006347,42.22131445116945,42.45466795792033,9754300
2022-08-01,42.21326446533203,42.32591851343253,41.38444990894182,42.30982770906897,5913400
2022-08-02,41.48100662231445,42.38224200152076,41.4729612208039,42.084513032152955,5797800
2022-08-03,41.43273162841797,41.843114671692675,41.308809105622885,41.843114671692675,5139300
2022-08-04,41.030391693115234,41.60171037479256,40.925783052799304,41.28788752343719,6963700
2022-08-05,41.43273162841797,41.65803972514976,40.82117669501368,40.85336444300182,5954500
2022-08-08,41.96381759643555,42.45466694482041,41.68217940321287,41.74655489980981,4511400
2022-08-09,42.422481536865234,42.52708711264814,41.93162912732558,41.96381687507074,4339000
2022-08-10,43.484657287597656,43.97953091612379,43.29958232273811,43.33176700431893,5998300
2022-08-11,44.46635055541992,44.83650348325721,44.064012952216515,44.064012952216515,5066200
2022-08-12,45.0054931640625,45.01353856704765,44.50659529997499,44.52268917553819,4389100
2022-08-15,44.53072738647461,44.65947530059352,44.14448364411786,44.643381427629606,5991700
2022-08-16,45.150325775146484,45.4037973570379,44.53072550537518,44.54681937765925,3925900
2022-08-17,44.62728500366211,44.98938945067042,44.2651805566538,44.67556661979396,4198000
2022-08-18,45.07790756225586,45.24286439117936,44.59510057383236,44.83650560284033,3561500
2022-08-19,44.65142822265625,44.9974357348176,44.37783853172528,44.80431540568532,3517800
2022-08-22,43.78238296508789,44.014131072311535,43.371999912569265,43.84675846251424,6342700
2022-08-23,44.756038665771484,44.86869271497353,43.87894247893653,43.983551125878115,3894500
2022-08-24,43.645591735839844,44.77213536862889,43.51684380438987,44.65948131230927,6957200
2022-08-25,44.86869812011719,44.89284046899211,44.06161003496992,44.120352836040404,5736200
2022-08-26,43.82261276245117,45.35954234556874,43.661677100794336,45.04571949361374,5777700
2022-08-29,43.10646057128906,43.4605166392693,42.2776458985026,42.64779584269917,9304900
2022-08-30,41.8916130065918,43.17983145883901,41.793771268268785,43.07384090767328,7452200
2022-08-31,41.581787109375,42.10359727350228,41.239350355504186,41.77746747603969,6069600
2022-09-01,40.73384094238281,41.16596747878056,40.065271331616884,41.14150549091003,6378300
2022-09-02,40.20387268066406,41.38609720045603,39.87366233244252,41.19857191034949,5124900
2022-09-06,39.616844177246094,40.8316859993141,39.41301188637947,40.68492650107141,8104700
2022-09-07,39.92667770385742,40.15089140020109,39.160266154269806,39.41301936257299,6517500
2022-09-08,40.27725601196289,40.36693959419401,39.095028276284395,39.53530670643779,5964100
2022-09-09,41.18226623535156,41.34941017250805,40.78275676888802,40.95397511165811,6265600
2022-09-12,41.524715423583984,42.22589901665237,41.41872175922309,41.81823442628554,5042800
2022-09-13,39.02981185913086,40.45663810265486,38.77298425498091,39.74730249816855,9104300
2022-09-14,38.37754440307617,39.029807127566784,37.814968386371895,38.81782290844509,11484300
2022-09-15,38.24708938598633,38.940117902793176,38.06771598200789,38.40200080109165,6535500
2022-09-16,37.84758377075195,38.15740976872212,37.024102564582506,37.513298889601174,10059000
2022-09-19,38.108497619628906,38.222643238276255,37.07302890581601,37.211633411249274,4900300
2022-09-20,37.57851791381836,37.73342932136332,36.99147997325449,37.46437233876065,4996000
2022-09-21,36.67350769042969,37.98618822324921,36.665355766788714,37.847580639479666,5819100
2022-09-22,36.50229263305664,37.13824848305003,36.485985674052394,36.91810920184437,4652900
2022-09-23,35.79295349121094,36.03755163167289,35.09176987438166,35.87448516795356,6729600
2022-09-26,35.377132415771484,36.08646792735967,35.189607078695715,35.48312607941744,5497600
2022-09-27,35.70326614379883,36.01308899808161,35.28337210661939,35.825563656731276,5444700
2022-09-28,36.7305793762207,37.105630057049844,35.80110459754239,35.9397121771217,8315400
2022-09-29,36.00493621826172,36.43705968543286,35.458667164308316,36.28214826197606,4904800
2022-09-30,35.817413330078125,36.559362805121204,35.711419659290776,36.01309060358719,5869800
2022-10-03,36.91810989379883,37.29316373745719,36.24138818872827,36.640897805999764,6868700
2022-10-04,38.01064682006836,38.10033353061879,37.19939512867567,37.3420771180813,6959800
2022-10-05,37.55406188964844,37.86388472827801,37.1056283675169,37.4399131956843,5564500
2022-10-06,37.11378479003906,37.586674098942126,36.94664081458179,37.26054429182408,5430600
2022-10-07,36.20876693725586,37.0485549551203,36.037548564528244,36.73057708855935,5265100
2022-10-10,36.59197235107422,37.04855467489438,36.33106727739589,36.673504020261014,4686100
2022-10-11,35.833717346191406,36.51859396771752,35.40159077471819,36.10277435273706,5222700
2022-10-12,35.719566345214844,36.06200304894106,35.499427131290794,35.82555688099669,4982100
2022-10-13,37.439918518066406,37.91281098672731,34.98577878828888,35.059158546866115,8304900
2022-10-14,36.78765106201172,37.831274508399936,36.47375070192073,37.74158780259282,5888400
2022-10-17,36.901798248291016,37.56221602041901,36.6857365077833,37.43176347274072,6195300
2022-10-18,37.81496810913086,38.271550457809845,36.99556141518521,37.73343332527106,8009100
2022-10-19,36.79580307006836,37.99433472937997,36.76318915968655,37.70081886664471,8371500
2022-10-20,36.63274383544922,38.83413345557982,36.60828495296771,37.007794547925776,9259900
2022-10-21,38.214481353759766,38.25524719450854,36.649050675319955,36.7061234744151,7483600
2022-10-24,38.35308837890625,38.57322764798388,37.774205362202615,38.23078774822949,5645700
2022-10-25,39.01350402832031,39.086883786470906,37.9413471661191,38.08402916523571,5202500
2022-10-26,39.12765121459961,39.58423359399792,39.046116425254056,39.13580313841707,6020700
2022-10-27,38.82597351074219,39.53123459869262,38.70367600356793,39.23363808845751,4524400
2022-10-28,38.71183395385742,38.948280192201935,38.16556482757979,38.48354275006789,6943200
2022-10-31,38.108497619628906,38.99068151956125,38.01473336989152,38.71183963540345,6434000
2022-11-01,38.263397216796875,38.78520737459321,38.11663772113742,38.66290675813237,4892300
2022-11-02,38.263397216796875,39.64130235911743,38.137022193958856,38.20632442517752,7310300
2022-11-03,37.904659271240234,38.2960169490621,37.4806876760413,37.72528583590067,5122300
2022-11-04,39.975589752197266,40.668621439576775,39.24179533702576,39.35594092759239,10593100
2022-11-07,40.35879898071289,40.38325786360803,39.38855826631547,39.94298242032381,5849000
2022-11-08,40.48109817504883,41.051826157187094,40.318031704337514,40.676775451715024,4739700
2022-11-09,38.8748893737793,40.26910130357499,38.78520268059358,40.23648739510136,5089900
2022-11-10,40.73384094238281,40.7827618078902,40.048964376447756,40.31802447138788,6592000
2022-11-11,43.32658767700195,43.57118578382973,41.50025224313642,41.58178390866779,9009800
2022-11-14,42.356353759765625,43.126839626734075,42.28297400528129,42.780325328982435,5484400
2022-11-15,42.07098388671875,42.967847838981086,41.69593321534207,42.73140163345642,4445700
2022-11-16,41.18226623535156,41.761152186512284,40.94174567435071,41.70407940558892,4294900
2022-11-17,40.87245178222656,40.888758738702734,40.10604037901618,40.48109415750025,3620400
2022-11-18,40.82353591918945,41.19043470931308,40.24465288934679,41.16597582671628,3751300
2022-11-21,40.905067443847656,41.31273207347453,39.608696907459134,40.30987745782054,5719800
2022-11-22,42.04652786254883,42.21774625325352,41.475796783299025,41.5736385296167,4495500
2022-11-23,42.03022003173828,42.185134571739496,41.6959351810157,41.818235806255174,3354800
2022-11-25,42.03837585449219,42.250360083953666,41.92422715068383,41.989454981431464,1648100
2022-11-28,40.92951965332031,41.708157292470304,40.717532354853844,41.459481679019376,5657800
2022-11-29,41.88041305541992,42.0251127614749,41.24373119456097,41.5496681665368,4905000
2022-11-30,42.1450080871582,42.1450080871582,40.82864606700429,41.772920872343555,7194200
2022-12-01,42.227699279785156,42.591516193887635,42.00444691628447,42.37653418878561,4757300
2022-12-02,42.62458801269531,42.74861814531396,41.69850665958588,41.73158178217983,4858300
2022-12-05,42.37653350830078,42.94706521416253,42.16155150665095,42.55017318127381,5109900
2022-12-06,42.21115493774414,42.885047099212855,41.814262962226245,42.541899827784235,4373400
2022-12-07,41.921756744384766,42.450119655585,41.553804699473105,42.02097895259697,4248500
2022-12-08,41.80599594116211,42.52536245277782,41.599281172542426,42.31864768415814,3815800
2022-12-09,41.508323669433594,42.5005551298847,41.442173433435656,41.76464794838347,3807000
2022-12-12,42.26076126098633,42.277298818422594,41.21065002040803,41.607541936228586,5208100
2022-12-13,42.63285827636719,43.682969759777805,42.413737955328834,43.41010473030587,4884100
2022-12-14,42.46748352050781,43.036362349379516,42.14500897891747,42.583243288851314,4064300
2022-12-15,40.95433044433594,41.8076502767956,40.81376591056841,41.72330966400477,6189600
2022-12-16,41.177581787109375,41.3181494717009,40.41687294321156,40.698005158177516,8969100
2022-12-19,40.78895950317383,41.60341303890037,40.317646930630964,41.18585147891047,4674700
2022-12-20,41.061824798583984,41.34709221145828,40.80549732946379,40.80549732946379,4003400
2022-12-21,41.89695358276367,42.11193873821496,41.400839331167205,41.47525678432842,3840500
2022-12-22,41.4835205078125,41.54967075139122,40.63599180292639,41.47525330447377,3340600
2022-12-23,42.05405044555664,42.09621917071023,41.30160886023883,41.508323616141716,2634200
2022-12-27,42.3269157409668,42.351723658569234,41.96309887637452,42.09539620479145,3094500
2022-12-28,41.33469009399414,42.45921588294625,41.264404669383055,42.31038098433751,3340300
2022-12-29,41.88041305541992,42.0060928328098,41.3429533995391,41.40083328196109,2743400
2022-12-30,41.665428161621094,41.78201433197007,41.326416068040196,41.55793559900753,2700300
2023-01-03,42.20288848876953,42.29384349286615,41.59928173474849,41.839068472383026,3962500
2023-01-04,43.2695426940918,43.41424242072034,42.50056339918871,42.71554539957719,4527800
2023-01-05,43.74911880493164,43.80699869482023,42.59978505683324,43.01321464416172,4803000
2023-01-06,45.4937858581543,45.671560682216914,44.08812482535885,44.352719472212456,6100700
2023-01-09,45.70876693725586,46.46120854103311,45.328412534075476,45.51032253308215,6510900
2023-01-10,46.69274139404297,46.78369641336833,45.725314461657646,45.81626948098302,6611700
2023-01-11,47.61054992675781,47.86687423678311,47.14750768128596,47.38729758452409,8926300
2023-01-12,48.387786865234375,48.61765355588028,47.54439034495697,47.92474471070464,7305900
2023-01-13,48.52008819580078,48.59864081310228,47.784184162819,47.95782380233263,4041200
2023-01-17,47.461708068847656,48.35471415255273,47.34594515880029,48.214149635963246,5948400
2023-01-18,46.9986686706543,48.247224452084076,46.94078878931618,47.97436260494966,5641500
2023-01-19,46.80022048950195,47.12269816524494,46.18007620834663,46.77541572760516,4997500
2023-01-20,47.49478530883789,47.5898754926736,46.56870400508138,46.90771610805939,6712600
2023-01-23,47.99089813232422,48.28856788329651,47.308738812048865,47.4865136269786,5213700
2023-01-24,48.123191833496094,48.33817377403752,47.271524964595606,47.718029557508494,5262500
2023-01-25,47.86686706542969,47.93714932350591,47.00693294733788,47.42863280422878,5491500
2023-01-26,48.057044982910156,48.42913216983991,46.16354023914199,46.84983158017525,8002500
2023-01-27,48.759883880615234,49.05755367193839,47.80072741647244,47.99090463776951,6773300
2023-01-30,47.91648483276367,48.978998635835154,47.792454707741406,48.47874926555498,4824700
2023-01-31,49.0740852355957,49.15677303629324,47.80899184998574,48.01570662040395,5739100
2023-02-01,49.793453216552734,50.20274756489915,48.61931172026179,49.01620368747906,5645100
2023-02-02,49.57019805908203,49.95881964717996,49.22787721925076,49.66942025665844,4726200
2023-02-03,49.61154556274414,49.81247234750699,49.12369857187514,49.28080066397233,3960900
2023-02-06,49.68596649169922,49.859606156333946,49.032747005634484,49.61154904196758,4658600
2023-02-07,50.03324508666992,50.3350500601015,49.346953641854554,49.66942820121986,4777500
2023-02-08,49.45444107055664,50.03323988399174,49.24772630741069,49.776915596389614,3410400
2023-02-09,48.8508415222168,50.198619705028484,48.66479631550484,50.04151759746016,3874700
2023-02-10,49.46270751953125,49.47924507883697,48.544893480473824,48.78468335908137,3826300
2023-02-13,49.876136779785156,49.954689397524014,49.29733482396688,49.462707261945944,3520600
2023-02-14,49.41310501098633,49.64462773469758,48.79296060337034,49.64462773469758,3749100
2023-02-15,49.41310501098633,49.41310501098633,48.801230961833724,49.041020889790786,2357500
2023-02-16,48.52008819580078,49.103022172515665,48.19761367835635,48.759878071824495,4302100
2023-02-17,48.0653190612793,48.3753912153613,47.74284452570874,48.172808470324775,4317200
2023-02-21,46.9986686706543,47.85860284227343,46.88290890797806,47.70976796048485,6615600
2023-02-22,47.13923263549805,47.49065025201183,46.882908350965174,46.94905543418701,3735400
2023-02-23,47.28806686401367,47.72630429546538,46.57697074664561,47.469976860247094,4154000
2023-02-24,47.784183502197266,47.854465761854904,46.35371777672041,46.601774851770024,4831800
2023-02-27,47.70048522949219,48.24453164655237,47.54145367337818,48.02691371830666,5443100
2023-02-28,47.876251220703125,48.135718367470275,47.60004055014134,47.80928989709118,5835300
2023-03-01,48.56258773803711,49.094079662540125,47.901359050158106,47.95158004174477,4535100
2023-03-02,48.91413879394531,49.086561373060015,48.001811278510736,48.34498016819388,3992400
2023-03-03,48.81369400024414,49.17360318108601,48.374269035086115,49.01457480534577,3463600
2023-03-06,47.80092239379883,48.75509892630066,47.51634314788673,48.55421814387788,4841200
2023-03-07,46.70445251464844,47.876250107477425,46.48683460375301,47.60841120504078,5499200
2023-03-08,47.089473724365234,47.60004266446423,46.94718569470711,47.04762449169471,4232700
2023-03-09,46.11856460571289,47.43265052879522,45.997202768397955,47.14807442155487,4566100
2023-03-10,45.0974235534668,46.185519601178214,44.62451795020542,46.168779269011345,5399000
2023-03-13,43.858673095703125,44.56175116860162,43.5155042263653,44.31902111170864,8481300
2023-03-14,43.76659393310547,44.980240777303926,43.18488100722232,44.58685098548104,8450400
2023-03-15,42.25163269042969,42.71198066893661,41.57366357764472,42.71198066893661,8006200
2023-03-16,42.61153793334961,42.67012749650547,41.18027313129906,41.51507017891948,6851400
2023-03-17,41.86661148071289,42.55294911212689,41.59877256078995,42.435769983772076,11632000
2023-03-20,42.90449142456055,43.03004232958348,42.36714044770943,42.41066276057163,5403200
2023-03-21,43.57408905029297,44.017696683724125,43.16814477008886,43.875405454785195,4277400
2023-03-22,43.00493240356445,44.07461510538589,42.967265855796,43.58245952858015,4524000
2023-03-23,43.23092269897461,44.31064706103381,42.81660663235173,43.088631461870925,4781100
2023-03-24,43.33972930908203,43.46528021060388,42.22652430001599,42.561321382587494,4338400
2023-03-27,43.523868560791016,44.10976742999544,43.44435277919491,43.73311792887174,4328000
2023-03-28,44.28554153442383,44.327390774565956,43.624312684344176,43.6661619244863,3083600
2023-03-29,44.863067626953125,45.07231701549841,44.49478985255464,44.99698710790642,3710400
2023-03-30,45.1978645324707,45.44896314129491,44.84632711869522,45.40711390530621,3643800
2023-03-31,45.88420486450195,45.942794436841375,45.16438646959792,45.340155186616194,4410800
2023-04-03,46.311065673828125,46.96392259589764,46.04740946076808,46.218995452943126,6588800
2023-04-04,45.41548156738281,46.26921937463049,45.19367774747429,46.11019100389599,5014500
2023-04-05,45.73353576660156,45.76701642768139,44.73751004616364,44.904910158671186,3959800
2023-04-06,45.750274658203125,46.08507487268806,45.37362521513044,45.51591642379855,5022100
2023-04-10,46.712825775146484,46.712825775146484,46.009747835468936,46.03485673559938,4046400
2023-04-11,47.030887603759766,47.491238775518845,46.87185923081064,46.92208022942764,4411100
2023-04-12,47.61678695678711,48.32823674293019,47.53727117307489,48.08550670320283,4679700
2023-04-13,47.64189147949219,47.84277226459821,46.93881671385051,47.39079289277848,5147600
2023-04-14,47.29035568237305,48.07462251888752,47.08110632094662,47.75070363893282,3394800
2023-04-17,47.625160217285156,47.66282357313815,47.2150300271637,47.44101974095812,2874400
2023-04-18,47.524715423583984,47.90973668718157,47.19410103910026,47.7172244589368,3354600
2023-04-19,47.24013900756836,47.36401683757436,46.73794177136226,47.206661533275536,3828000
2023-04-20,46.62075424194336,47.00995814749681,46.34036088871979,46.704452701956136,3334700
2023-04-21,45.92605209350586,46.43662108117531,45.78794993211515,46.336182274829675,4179500
2023-04-24,46.361289978027344,46.369661740859804,45.85072100357511,46.152040607703775,5036400
2023-04-25,43.94236755371094,46.03486124674479,43.94236755371094,45.582881842755405,8369800
2023-04-26,44.00932693481445,44.486415220259275,43.69963558308288,43.74985657893197,5952500
2023-04-27,44.77936553955078,44.796105872432236,43.821003034108685,44.05954719010836,3910700
2023-04-28,45.53266143798828,45.95952872212368,44.50315179004822,44.56174454756857,6014400
2023-05-01,45.28993225097656,45.716799542970854,45.05138810691378,45.58288007951266,4013200
2023-05-02,45.01372528076172,45.105795518163575,44.00933081828508,44.77936699856946,4206000
2023-05-03,44.36085891723633,45.34014427017987,44.28552902909517,44.988606920782125,3343000
2023-05-04,44.662193298339844,44.7040425405592,43.74986576923077,44.27717516129373,3899900
2023-05-05,45.5410270690918,45.683318283217474,45.05557025164964,45.41547618562159,4145300
2023-05-08,45.32341766357422,45.959534383423296,45.206235326990786,45.54940418761178,2725300
2023-05-09,44.92164993286133,45.147639619076564,44.7542530034205,45.10579038671636,3285300
2023-05-10,44.737518310546875,45.67914052534509,44.23531788025253,45.43222459538296,3888200
2023-05-11,43.80845260620117,44.36923944122053,43.47365230360683,44.36087087045721,5499600
2023-05-12,43.7833366394043,44.1432457891328,43.56990140110209,43.98421423424842,3260200
2023-05-15,43.74148178100586,44.07628201098209,43.31461452103321,44.04280134940614,3774800
2023-05-16,42.737091064453125,43.60756598825898,42.67012973568012,43.532236089835294,4611000
2023-05-17,43.088626861572266,43.389946444076344,42.76136184051196,42.95470740189176,4777300
2023-05-18,43.41505813598633,43.52805458313538,42.56132032830495,42.879380262827496,4451900
2023-05-19,43.482017517089844,43.80844600685505,43.19743826062164,43.733116109763706,3747400
2023-05-22,43.331356048583984,43.69963375741595,43.13884702854284,43.54060539987545,3478200
2023-05-23,43.49039077758789,43.79171039845444,43.063523443288396,43.33136239674929,3611400
2023-05-24,42.9547119140625,43.615940712583814,42.845901343863424,43.615940712583814,3162400
2023-05-25,42.159568786621094,42.787316995087906,41.82058577577462,42.68687817574312,4688200
2023-05-26,42.13445281982422,42.51110232037021,42.05912291971502,42.46088132266676,3511000
2023-05-30,42.015625,42.22358021712063,41.50634599213649,42.04108797901809,5222800
2023-05-31,41.40448760986328,41.90528003747627,41.031016553204275,41.701569729450256,8465200
2023-06-01,41.591224670410156,41.88406188024341,41.17531099902259,41.591224670410156,4573900
2023-06-02,43.80659484863281,43.8660106253123,42.44851208958916,42.53339408335769,7786600
2023-06-05,43.71322250366211,44.447436306319595,43.68775952668653,43.87449342103532,5567400
2023-06-06,44.63841247558594,44.884565364881375,43.348235498976905,43.382188291552104,7378400
2023-06-07,45.72488021850586,45.79278581001817,44.74876162489265,44.83364037636621,6453700
2023-06-08,44.79969024658203,46.12382021861783,44.349827008751106,45.92859648827768,5092000
2023-06-09,43.916934967041016,44.714806192767455,43.82780807395681,44.494116271281094,5478000
2023-06-12,43.96786880493164,44.400758908141775,43.59439772040603,43.96786880493164,3888400
2023-06-13,45.10525131225586,45.45325933573943,44.120643008893815,44.2649407560495,4273600
2023-06-14,44.82515335083008,45.716393184110935,44.56626895211713,45.46175369430451,3319800
2023-06-15,45.39384841918945,45.614538353028934,44.62992994445701,44.76573788915946,3283600
2023-06-16,45.122230529785156,45.2495518888889,44.64690112543672,45.2410620713931,9535900
2023-06-20,44.06971740722656,44.51109402574463,43.49253608538248,44.40923887929176,5083700
2023-06-21,44.035770416259766,44.553539234266374,43.509511780102635,43.86600967033543,3591400
2023-06-22,43.61985397338867,43.70473595990491,42.60978261822079,42.79651651272309,4734000
2023-06-23,43.594390869140625,43.71322241199978,42.660708447687696,43.05964568835774,3703100
2023-06-26,44.09518051147461,44.32859867387524,43.54345896777039,43.65380392409453,3073900
2023-06-27,44.621437072753906,44.66387644545952,43.815076039680804,44.07820533112218,3176300
2023-06-28,44.95246887207031,44.96095868939144,44.027276296979714,44.62143723071143,3364600
2023-06-29,45.19013977050781,45.30048150353815,44.72329690800667,44.943986849901194,2559400
2023-06-30,45.20710754394531,45.48721322806728,44.977934287012026,45.478726648813534,4158100
2023-07-03,45.64848709106445,45.826737646093,45.18164749190257,45.19862388942513,2228500
2023-07-05,44.850608825683594,45.35988772010264,44.5789929836046,45.139201062632054,5878100
2023-07-06,44.791202545166016,44.88032620866156,43.93391223130373,44.383778695793445,5287100
2023-07-07,45.07130813598633,45.78430073108058,44.40924473979779,44.49412350005683,5400200
2023-07-10,45.215599060058594,45.55511728754707,44.710561770695534,44.7911988472605,3663100
2023-07-11,45.342918395996094,45.7503454605649,45.300479021162566,45.41082398606315,3470800
2023-07-12,45.92859649658203,46.39543613338568,45.13072193827182,46.14079662584887,5983900
2023-07-13,46.01346969604492,46.217183220221955,45.66546165559314,45.996493299203784,3291900
2023-07-14,44.91851806640625,45.88615329509024,44.77422354472754,45.843710682439564,3885600
2023-07-17,44.50260925292969,44.71905428110741,44.28191931575169,44.59597782343447,4318300
2023-07-18,44.96944808959961,45.287748262859445,44.46016910755059,44.50260848306854,4815500
2023-07-19,44.83363723754883,45.020374363217314,44.587484342425206,44.850613634238385,3731800
2023-07-20,45.02886199951172,45.27501490041299,44.64690115982296,45.258038503324975,3751900
2023-07-21,45.02886199951172,45.13920696162551,44.64690115982296,45.071301373273435,4095300
2023-07-24,44.604461669921875,45.291991179571475,44.354067098838065,45.13071702661355,6687900
2023-07-25,45.39384841918945,46.80710196863216,44.85910322033498,44.93549539159991,9077400
2023-07-26,45.58058547973633,45.8012721752831,45.15618524852448,45.198624624062305,7582000
2023-07-27,46.63308334350586,46.709475493514375,45.66545160200857,45.920091022731654,8079600
2023-07-28,47.0744743347168,47.42248240563007,46.815589926583115,47.0744743347168,4560900
2023-07-31,47.931758880615234,47.948735276901886,47.06598209749519,47.133884444725275,6387600
2023-08-01,47.346092224121094,47.889324041776185,47.142381911458955,47.74502950680025,5563300
2023-08-02,46.429378509521484,47.09993154459088,46.4039122979421,46.734947145143806,4498900
2023-08-03,46.59914779663086,47.30365051357374,46.14079475886067,46.14079475886067,4630200
2023-08-04,46.26811218261719,47.065986696470134,46.21294131773203,46.65007304159819,3626600
2023-08-07,47.12540054321289,47.380040026148265,46.54821598833714,46.573678965255674,3263400
2023-08-08,46.692508697509766,46.78587725981276,46.055908395898335,46.446359041703275,3607400
2023-08-09,47.14237976074219,47.56253509461705,46.565195171336555,47.04052137114103,4619700
2023-08-10,47.51585006713867,47.72805018528662,47.21028137893893,47.44794771304809,5147000
2023-08-11,47.065982818603516,47.528577482315306,46.9140468217392,47.27818291856303,4547000
2023-08-14,47.00657272338867,47.142380674238254,46.53124327645666,46.97261992619704,3637200
2023-08-15,45.436283111572266,46.82831521077141,45.34461445825295,46.42938123565527,5280400
2023-08-16,45.25803756713867,45.63150858159964,45.06281386153976,45.14769260730743,3549100
2023-08-17,45.716392517089844,46.39543222597175,45.580584575313466,45.64000034747084,3614900
2023-08-18,45.852195739746094,45.945564297217224,45.35988997777699,45.63150583337497,2921100
2023-08-21,45.979515075683594,46.174742012642376,45.6824362375576,46.04742066035038,3112700
2023-08-22,45.65697479248047,46.24264590923638,45.432043202086895,46.08986157653195,2745900
2023-08-23,45.32594299316406,45.79278256906199,44.82515062391297,45.538143094746445,3391300
2023-08-24,45.44477462768555,45.74185347535987,44.98642163020237,44.98642163020237,3198500
2023-08-25,45.81824493408203,46.15776638725259,45.533897578853704,45.81824493408203,3282700
2023-08-28,46.34450149536133,46.582167814019144,45.96254389786061,45.971030477351384,3429700
2023-08-29,46.887733459472656,46.92592792159366,46.25113318745796,46.505772648680555,3789500
2023-08-30,47.068275451660156,47.19723094276952,46.71580082603218,46.90493467179942,3482600
2023-08-31,46.90493392944336,47.19723019578734,46.87054536176188,46.97370778533201,4116300
2023-09-01,47.53250503540039,47.76462292119713,47.076864764996145,47.30898265079289,4335600
2023-09-05,46.58683776855469,47.62707047185146,46.41060212410107,47.43793665680226,4913900
2023-09-06,47.188621520996094,47.22301008146798,46.35471696665762,46.38910552712951,4645100
2023-09-07,46.50946807861328,47.23161154228649,46.01084700674138,47.06827077864249,4275500
2023-09-08,46.17418670654297,47.094059477478105,46.07961979522692,46.69000532841037,3988400
2023-09-11,46.13979721069336,47.18862543578191,46.096813146274336,46.5438546310748,3322400
2023-09-12,46.10541534423828,46.612635212715986,45.95496946788348,46.13980063063784,2527600
2023-09-13,45.409061431884766,46.26016039619568,45.20703270765836,46.13120491450568,3079000
2023-09-14,46.457889556884766,46.623811270336134,45.813118709783396,45.90768562540745,4604300
2023-09-15,46.28594970703125,46.51806760401317,46.09251976595004,46.457889254366826,7464100
2023-09-18,45.89048767089844,46.38051321313041,45.77442709120074,46.26875202365548,4593700
2023-09-19,45.477840423583984,46.19138515422692,45.00414660210523,45.94207296181434,3986200
2023-09-20,45.09956359863281,45.98505098531378,45.07377381825935,45.529410762049764,2309200
2023-09-21,43.844417572021484,44.9878127808904,43.82722328924066,44.74709610143299,4359000
2023-09-22,43.199642181396484,44.059336553165565,43.04919632223165,43.9303810856107,4465100
2023-09-25,43.92179489135742,44.14961342343241,43.36299211951448,43.672482683644446,4331600
2023-09-26,43.397377014160156,44.0722370506722,43.281319702175566,43.44036108232207,3451800
2023-09-27,43.844417572021484,44.15390810312808,43.509137256480706,43.71546209090236,3048800
2023-09-28,43.784236907958984,43.999160512149054,43.431762328266224,43.81002669103013,3965200
2023-09-29,44.325843811035156,44.50637884538094,44.00775452636061,44.13670999630692,4234800
2023-10-02,44.102325439453125,44.41181597185564,43.62089863747066,44.093729937763776,4691000
2023-10-03,43.861610412597656,44.74709463011291,43.749849217934155,43.801432064580546,5179200
2023-10-04,43.9389762878418,44.257062261241664,43.16095399417746,44.257062261241664,4727300
2023-10-05,42.86437225341797,43.973379047913156,42.76120982214328,43.66388847461454,5161800
2023-10-06,43.225433349609375,43.77134112969849,42.580662550101,42.78699064891219,4215600
2023-10-09,43.68107604980469,43.75844868124398,42.93313951940016,43.22543576267371,3333600
2023-10-10,44.110923767089844,44.54506710663193,43.89600015285052,43.9561785024796,2906500
2023-10-11,43.74984359741211,44.28285315971992,43.42315883623539,43.930378618270204,3049700
2023-10-12,43.199642181396484,44.11091939608227,42.769794995511944,44.11091939608227,3012500
2023-10-13,42.75260543823242,43.59510562211628,42.64944302047447,43.466153419787375,3659600
2023-10-16,43.1480598449707,43.44035606598224,42.80418405991077,43.268419813189176,2786400
2023-10-17,43.612300872802734,43.87020856265798,42.75260638696911,42.769800670222686,3309300
2023-10-18,43.053497314453125,43.698268117273194,42.92454184209955,43.32000048075547,3495300
2023-10-19,42.51189041137695,43.23403386701709,42.456008174311236,42.81278215144617,3754300
2023-10-20,42.116432189941406,42.61505326137025,42.05625056183758,42.53768063034994,3920000
2023-10-23,41.47166061401367,42.039058804826624,41.37279431191016,41.92729761103005,5592100
2023-10-24,42.331356048583984,42.74400898995155,41.265333490445556,41.63500236532205,5506600
2023-10-25,40.869876861572266,42.150819815790356,40.62916017421259,42.06485167853819,4920200
2023-10-26,41.282527923583984,41.50604703783764,40.74951828230675,40.74951828230675,6216100
2023-10-27,41.359901428222656,41.733866423373456,41.12778352805623,41.282528794833844,4714900
2023-10-30,41.55762481689453,42.16800701548196,41.26102921809242,41.83272674525714,3698600
2023-10-31,41.55762481689453,41.94878403899893,41.35989551085101,41.60060887829987,4660500
2023-11-01,41.44586944580078,41.630703887290224,40.92145529648311,41.47166250984,4702900
2023-11-02,42.116432189941406,42.202400322419955,41.703775971517075,41.7639575996209,3741600
2023-11-03,42.75260543823242,43.04920107869492,42.50329325579943,42.50329325579943,3744000
2023-11-06,42.41732406616211,42.81278272396252,42.24538452119157,42.75260437514394,3641100
2023-11-07,41.72097396850586,42.013270236220976,41.47166505033141,41.87571924432412,5172700
2023-11-08,41.52324295043945,41.79834492315454,41.07620142490889,41.72957106971287,4133300
2023-11-09,41.57482147216797,41.93589154396613,41.471659063007614,41.9101017615445,3340800
2023-11-10,42.537689208984375,42.709628788090804,41.703784381976774,41.72957745050129,3825200
2023-11-13,42.331356048583984,42.57206944451322,42.0433559161983,42.236789134619194,3161000
2023-11-14,43.88740539550781,44.26567309011319,42.924548433690696,42.984726788837115,4848900
2023-11-15,44.300048828125,44.618138099004426,43.732650688021444,44.00775261780052,5032500
2023-11-16,44.222679138183594,44.40321745614649,43.73265358829981,44.2484722004491,5034100
2023-11-17,44.44619369506836,44.600938923520054,44.059330623939104,44.600938923520054,3306100
2023-11-20,44.42900848388672,44.6095435274345,44.15390652815468,44.42040970306597,3761300
2023-11-21,44.47199249267578,44.57515490607482,44.23557849199156,44.43760392838477,2840700
2023-11-22,44.18829345703125,44.51497496770095,43.93038251353829,44.4891851851412,3139600
2023-11-24,44.420413970947266,44.652531883299275,44.23128340788121,44.32585032915139,1679700
2023-11-27,43.94758224487305,44.36023521437018,43.861614106030665,44.18829893668542,3896200
2023-11-28,44.43760299682617,44.67831966234304,43.49623984528026,44.016354571251014,6376900
2023-11-29,44.733917236328125,45.29167446809414,44.420177962335906,44.43760829139051,3551700
2023-11-30,45.099937438964844,45.213232898655576,44.646758924696734,44.8820633450568,4649800
2023-12-01,45.57927322387695,45.85815188037251,44.94308108096546,45.14352490754066,4274000
2023-12-04,45.40496826171875,45.98887267042407,45.291676105511,45.55312440179147,6354700
2023-12-05,44.56833267211914,45.19145283327431,44.42017985558353,45.09123259255798,4691000
2023-12-06,44.3504524230957,45.08250955120642,44.24587378322132,44.829774790722894,3603700
2023-12-07,44.507320404052734,44.677261934268046,44.11079127504863,44.54218105755713,2822900
2023-12-08,44.37660598754883,45.12609360748158,44.35917898082571,44.48118797486206,3664100
2023-12-11,44.690338134765625,44.89949875135914,44.23715956922569,44.333024713310415,3582700
2023-12-12,44.28944778442383,44.76179868433858,44.08900400682666,44.69033533961815,4350500
2023-12-13,45.60541534423828,45.67077492487001,43.97571442758114,44.05414924883467,4774200
2023-12-14,47.26125717163086,47.45298747510661,45.971442685738225,46.084738167291675,7892900
2023-12-15,47.26996994018555,47.39197891392334,46.2938915012928,46.67735207532038,9909800
2023-12-18,47.278690338134766,47.78415995962759,47.0608161891111,47.71443863618209,3219100
2023-12-19,47.862586975097656,47.94973862123489,47.40941171316551,47.47041620321389,3796900
2023-12-20,47.566280364990234,48.237329741602,47.55756353830965,47.74057700465831,4953500
2023-12-21,47.906166076660156,48.10660988279527,47.47913130741894,47.94102341179569,2653900
2023-12-22,48.03688430786133,48.50749319770151,47.80157986294124,48.01074047770194,2341900
2023-12-26,48.55106735229492,48.71229539542054,48.03688430406467,48.11531911903183,2266200
2023-12-27,48.55106735229492,48.68005111659349,48.34191006204595,48.533637024024976,2535300
2023-12-28,48.13275146484375,48.542355885118575,48.071746975589456,48.446490737863165,2172600
2023-12-29,47.79286575317383,48.15889266873055,47.653426453271955,48.019453368828685,2271400
2024-01-02,48.219905853271484,48.52492831689691,47.57063852791869,47.70572275423468,3533500
2024-01-03,47.6098518371582,48.00202590326233,47.01723398715533,47.80157879486846,4120000
2024-01-04,47.22639083862305,47.92359064950815,47.1000234560125,47.583704245678874,4579500
2024-01-05,47.77543640136719,47.958449862885246,47.04337923079974,47.086953389566624,3796400
2024-01-08,48.00203323364258,48.05432090077789,47.40069846562151,47.653433271760925,3966100
2024-01-09,47.008522033691406,47.574996112837596,46.869082720677866,47.574996112837596,4287000
2024-01-10,46.52048110961914,46.99980348889993,46.22852727427516,46.75578554842864,4062200
2024-01-11,46.7470703125,46.77321414286982,45.96272548094848,46.39847371775328,4497400
2024-01-12,46.51176834106445,47.20025138973629,46.20238747540707,47.0782424088568,3673500
2024-01-16,46.276466369628906,46.529201171892666,45.55312594788592,46.51177084161631,5962800
2024-01-17,45.72742462158203,45.858147108181896,45.35268084257056,45.60541563762396,3469000
2024-01-18,45.8407096862793,45.95400515006735,45.404961482704415,45.823282683691865,4230400
2024-01-19,46.02373123168945,46.186701316092325,45.42239652071268,45.919149258348526,4171500
2024-01-22,46.67735290527344,46.72964056666494,45.79713959423683,45.94529572533503,5615500
2024-01-23,46.98237609863281,47.457343419027374,46.83857837850916,47.060810916473415,4668100
2024-01-24,46.26774597167969,47.17410306400657,46.2154549886433,46.81678965782896,6016900
2024-01-25,47.88001251220703,48.04559896104721,46.860363288169246,47.72314288935583,7240800
2024-01-26,47.113101959228516,48.18939734352217,46.848166278696716,47.93230747193047,5240800
2024-01-29,47.1218147277832,47.25254053046944,46.546627180055225,47.20896304657719,3742400
2024-01-30,47.47041320800781,47.527059281051336,46.62506057853977,46.712208894682895,4640900
2024-01-31,46.71220779418945,47.54884690213086,46.69478079096752,47.496555918979816,5471900
2024-02-01,46.6599235534668,47.06952464908802,45.90171920246443,46.98237632861422,5039900
2024-02-02,46.55534362792969,46.848168513616706,45.744854903275154,46.26775149811591,5720200
2024-02-05,46.32875442504883,46.65905301254105,45.63155788064724,45.78842751869952,5482000
2024-02-06,47.095672607421875,47.19153775627396,46.232889592248505,46.38104572897319,5212500
2024-02-07,47.139244079589844,47.40069235504915,46.79936098904322,47.27868338146782,3455800
2024-02-08,46.95622634887695,47.23510492727085,46.625056790348616,47.20895777495618,3554400
2024-02-09,47.05209732055664,47.1653894714933,46.672995147666214,46.877797356314076,3897400
2024-02-12,47.749298095703125,48.17632955532039,46.93008918832244,47.06081500424358,5262800
2024-02-13,46.346187591552734,47.29611898035987,45.84071798810694,47.06081450887602,5105400
2024-02-14,46.69478225708008,46.964944033938615,46.389756499197766,46.61634744213836,3766500
2024-02-15,48.08045959472656,48.26347638362322,46.92137099568915,46.98237548382295,4500400
2024-02-16,48.350624084472656,48.7645869052264,47.897445518060735,48.04560164770272,5060900
2024-02-20,47.679569244384766,48.32447807019084,47.45036525604341,47.74929055506438,4493800
2024-02-21,48.58592987060547,48.65565118635691,47.723146872905566,47.79286818865701,4065900
2024-02-22,48.80380630493164,48.96503436186452,48.507497347957596,48.585932169641765,5088600
2024-02-23,49.14368438720703,49.51842812745684,48.80380130290956,48.82994513262625,4414200
2024-02-26,48.86480712890625,49.222120550980755,48.6730768404045,48.92581161624859,3741600
2024-02-27,49.03910827636719,49.291843058330905,48.761100681106164,49.1262565962535,3913000
2024-02-28,48.62434005737305,49.14500010905725,48.544917223510275,48.95085802234934,4432800
2024-02-29,49.31267166137695,49.45386743429195,48.50962007172797,48.70376215550313,6733400
2024-03-01,49.215606689453125,49.621544179736276,49.07441089429493,49.30385279903702,4651400
2024-03-04,50.318695068359375,50.44224095648497,48.9596835662319,49.003806616794904,7042200
2024-03-05,50.28340148925781,50.9540840595594,49.96571009978584,49.96571009978584,6093400
2024-03-06,50.1775016784668,51.27176819662901,49.728323144836175,51.13939903863057,4840100
2024-03-07,50.24809646606445,50.879065863798765,49.91275858220246,50.62756076771575,4568700
2024-03-08,49.956886291503906,50.90995708317515,49.9215865005304,50.38929694862264,4723600
2024-03-11,50.68050765991211,51.00260894725889,49.90392920550932,50.02747508922441,4438400
2024-03-12,50.901126861572266,51.05997253286905,50.442239740756335,50.865827075423454,4048300
2024-03-13,51.15704345703125,51.83654916774844,50.83052549623193,51.05997073173268,7650600
2024-03-14,50.583438873291016,51.104098971207186,50.23486103629541,50.88348034270666,6871500
2024-03-15,50.33634567260742,51.00702480320476,50.24809620386237,50.60991060978455,20629600
2024-03-18,50.07160186767578,50.66285813442054,49.91187084100259,50.65403487110813,7409100
2024-03-19,50.08925247192383,50.345170891664644,49.78480105045452,50.04512941902411,6782700
2024-03-20,51.33353805541992,51.81007507484144,49.75391132021389,49.921580256807566,7789700
2024-03-21,51.12174987792969,51.73065609275634,50.790821928624794,51.62476009156327,5870700
2024-03-22,50.901126861572266,51.36883724573896,50.812880762573116,51.17469515466625,3376000
2024-03-25,50.64521026611328,51.051147722170114,50.548137533931644,50.980551513729935,3422400
2024-03-26,50.36281967163086,50.90995292150098,50.35399640779542,50.89230302745703,3621600
2024-03-27,51.30706787109375,51.32471776539555,50.68051177205914,50.795234401834236,5126900
2024-03-28,51.12174987792969,51.57181040778014,51.00702724625283,51.360018405393994,4064500
2024-04-01,51.4129638671875,51.483563444390086,50.662861874462244,51.05997608029396,3827200
2024-04-02,52.32191467285156,52.39692419851146,51.19323036344024,51.47473994847675,6330200
2024-04-03,52.93964385986328,53.19555889251526,52.40133390549129,52.40133390549129,4943200
2024-04-04,52.82492446899414,53.557376558476975,52.635192315544856,53.31028477403068,5382100
2024-04-05,52.67490005493164,52.93964508979659,52.14541671794764,52.93964508979659,3862400
2024-04-08,52.52488327026367,53.11613957645465,52.198368643954815,52.90434757909819,3775900
2024-04-09,52.833744049072266,53.16908528056312,52.492228889773806,52.904343620490486,3574800
2024-04-10,51.93362045288086,52.63077608190721,51.51003311744499,52.251311796050985,4251900
2024-04-11,51.58945846557617,52.06599550353809,51.439439416425046,52.03069571560616,3432000
2024-04-12,50.90995407104492,51.73065564756804,50.79523480672851,51.289418385625424,3788300
2024-04-15,50.583438873291016,51.77477812064462,50.22603777235956,51.38649054637801,3885300
2024-04-16,50.1775016784668,50.40694357215464,49.98335620708799,50.283397678140176,3098000
2024-04-17,50.1422004699707,50.61873750456711,50.00982794934736,50.451065196261126,2815400
2024-04-18,49.85098648071289,50.56578867832478,49.453872278499006,50.56578867832478,3856200
2024-04-19,50.00101089477539,50.23045281045868,49.696556079358096,49.85099182805429,3862100
2024-04-22,50.2922248840332,50.57461646397594,49.6656654100604,49.96570688454621,3211600
2024-04-23,50.07160186767578,50.3910571882764,49.815683468768555,49.992179032372604,3099300
2024-04-24,50.28340148925781,50.49519687103026,49.75391808438678,49.78039124471832,4954700
2024-04-25,49.80685806274414,51.09527335224663,48.58904571333988,50.92760104783559,7082800
2024-04-26,50.556968688964844,51.368843673743676,50.43342278835704,50.87466007131249,5573600
2024-04-29,51.00702667236328,51.033503197143546,50.45106678120178,50.50401646438916,4249500
2024-04-30,50.212799072265625,51.139396599553464,50.19514917876635,50.53931368606986,5566000
2024-05-01,50.5040168762207,51.13939961415789,49.79803792649781,50.33634792765313,5102800
2024-05-02,50.15102005004883,50.971718116874804,49.762729172870344,50.80404919851209,4453100
2024-05-03,50.33634567260742,50.680510184780594,50.08042726280629,50.46871482616548,2544400
2024-05-06,50.6010856628418,50.62755881939817,50.053952440315015,50.53048609019426,3862600
2024-05-07,51.5012092590332,52.1807149871021,50.62755807540952,50.83935342386682,6215200
2024-05-08,51.74830627441406,52.3572158589917,51.13057342567688,51.13057342567688,4950700
2024-05-09,52.463111877441406,52.586657773953455,51.84537902850794,51.84537902850794,4208200
2024-05-10,52.42781066894531,53.06319339537831,52.31308803970089,52.674902455281206,3053500
2024-05-13,52.38368225097656,52.87786577302966,52.26895963348305,52.50722813148984,2257700
2024-05-14,52.63960647583008,52.89552152824133,52.52047053043559,52.56018363435813,3516800
2024-05-15,52.11894226074219,53.11613596606307,52.03951942553874,52.98376681830591,3541000
2024-05-16,51.8012580871582,52.42781422580198,51.63358576387794,52.10129957651025,4871300
2024-05-17,52.233665466308594,52.2513153606191,51.80125483800704,52.11894620284997,2668700
2024-05-20,52.27779006958008,52.46310890384432,51.88949914098107,52.15424081369757,1915100
2024-05-21,51.986572265625,52.321913515663304,51.89391284779331,52.22484078278066,2252900
2024-05-22,50.830528259277344,51.765952411834384,50.55696332733579,51.642406524328784,4851900
2024-05-23,50.23044967651367,50.75993642535068,50.14220356822746,50.733463266139466,3423500
2024-05-24,50.97172546386719,51.02467514557977,50.54813810928565,50.556964739424274,2675800
2024-05-28,51.21881866455078,51.50562353843532,50.97172352566092,51.09527277829231,2493700
2024-05-29,50.301048278808594,50.839358281464676,50.2745751201118,50.74228554441218,2969500
2024-05-30,50.64521026611328,50.78640604936666,50.283395861128184,50.301045754831485,3174100
2024-05-31,51.4849853515625,51.59218894579787,50.55677132750744,50.59161411440583,5920100
2024-06-03,50.09132385253906,51.44924851100622,49.528499031740665,51.413512844429015,4696600
2024-06-04,49.26942443847656,49.77864576426236,49.224753150858945,49.64463871729103,4600600
2024-06-05,49.75183868408203,49.97518147412935,49.16221385467473,49.26942084761462,3945300
2024-06-06,49.74290466308594,50.028783151315366,49.51956188116042,49.68930116856527,3463500
2024-06-07,49.787574768066406,50.274463826602734,49.37662484882107,49.46596060241682,4143500
2024-06-10,50.073455810546875,50.18959502246836,49.46596311302933,49.56423449173669,4131500
2024-06-11,50.16279602050781,50.17172823333039,49.59103556957945,49.94838542541707,3276300
2024-06-12,50.25212860107422,51.11869973149151,50.06898587436105,50.814953395629615,3990800
2024-06-13,50.082393646240234,50.30573645938411,49.59103673097102,50.05559019126318,2831400
2024-06-14,49.153282165527344,50.135989089014735,48.7691322899236,49.59996775037444,3446000
2024-06-17,49.340885162353516,49.47489218976457,48.75126037603737,49.13541021947943,3243800
2024-06-18,49.52849578857422,49.885845615065236,49.22474945843901,49.474895700158925,6081900
2024-06-20,48.42965316772461,49.13541725160803,48.300113931472026,49.04608149250869,8512500
2024-06-21,48.233116149902344,48.420723297852895,47.768562682638404,48.331384126490065,10457200
2024-06-24,48.795936584472656,48.94781146867766,48.34031874773933,48.429654509313444,6987500
2024-06-25,47.491607666015625,48.51005017745436,47.4022719189541,48.492182346453994,7021000
2024-06-26,47.52735137939453,47.56755145000023,46.678648006774104,47.035997871437715,4799100
2024-06-27,47.31293487548828,47.73282040288525,47.178931248915525,47.62561682003896,3952900
2024-06-28,47.393341064453125,47.76855873730493,47.3040053084097,47.32187314120652,13623000
2024-07-01,47.01812744140625,47.79535943500443,46.76798118677665,47.348673832808124,3715600
2024-07-02,47.089599609375,47.27720676129896,46.65184958821908,46.92879250545703,3847100
2024-07-03,47.2414665222168,47.53627722432071,47.03599157034063,47.09852727708814,1905600
2024-07-05,46.660770416259766,47.13425599118632,46.37042413792285,46.97345233444574,3223800
2024-07-08,47.16999435424805,47.304001385139635,46.7322444148242,46.90198370040523,3885500
2024-07-09,46.08008575439453,47.116396156610385,46.039882280339604,47.044924828486295,4380600
2024-07-10,46.196224212646484,46.58037410359807,45.544063641666995,46.32129563613013,5481100
2024-07-11,46.82158279418945,47.143196960047284,46.32129371308388,46.464232963693966,3798900
2024-07-12,47.26827621459961,47.670293988569476,46.83945839167879,47.1968082814167,3084300
2024-07-15,47.589881896972656,47.83109251808556,47.067260588531624,47.35760348792742,2396200
2024-07-16,48.867408752441406,48.94781230240396,47.50054840307805,47.64349107673673,3730000
2024-07-17,49.5016975402832,49.662504627244175,48.795933481725676,48.849536980026215,4386300
2024-07-18,48.92994689941406,50.001993149535295,48.92101127789595,49.20689323147722,3287800
2024-07-19,48.1527099609375,48.98354546540797,47.804292323626704,48.98354546540797,3456500
2024-07-22,48.61725616455078,48.76913103160929,48.00976692013815,48.3135132463147,3341700
2024-07-23,48.30458450317383,48.460923794505305,47.88469891393418,48.36712021970642,2477700
2024-07-24,47.63454818725586,48.51898710189015,47.59881252429398,48.340312195021156,3761900
2024-07-25,47.214664459228516,47.56308207441961,45.09737576351621,45.36538643002123,6188200
2024-07-26,47.22359848022461,47.52734480076251,46.77691291519477,47.232530692031425,4087400
2024-07-29,47.22359848022461,47.41120559963144,46.93771999124075,47.348669893162494,3314600
2024-07-30,47.96509552001953,48.250974013616386,47.259334905918806,47.259334905918806,4401400
2024-07-31,48.661930084228516,49.05501218318634,48.268844577330036,48.3760515744518,5059300
2024-08-01,47.59881591796875,49.15328328823603,47.20573382118353,48.84953694728452,4273100
2024-08-02,46.4642333984375,47.14319740114356,46.05328347508102,46.94665465173803,4981200
2024-08-05,45.57086181640625,45.85674372569878,45.025908266163185,45.27605110286102,5124500
2024-08-06,46.88412094116211,47.57201718547301,45.990749726411444,46.017549772312925,5549600
2024-08-07,46.607173919677734,47.92936629612622,46.589309494645796,47.27720232041795,4293100
2024-08-08,47.05385971069336,47.25040246624731,46.750116772750985,46.89305602917003,3362600
2024-08-09,47.04492950439453,47.254872291700146,46.50890812194938,46.96452595623368,2592700
2024-08-12,46.65184020996094,47.30400070788624,46.55803665285596,47.14319363629476,2555300
2024-08-13,47.13426208496094,47.22360124796725,46.642908616218314,46.65184423648925,2379600
2024-08-14,47.13426208496094,47.366540500836756,46.83945136689161,47.20573341536599,2310100
2024-08-15,48.12590408325195,48.31351461941394,47.545214866194144,47.848961201003355,3501500
2024-08-16,48.16164016723633,48.224175877187776,47.70870100633621,48.00976870248012,6049300
2024-08-19,47.929359436035156,48.367109353417185,47.85788811437431,48.24203794845089,2096000
2024-08-20,47.09852600097656,47.84002225000961,46.93771892857126,47.822154418860094,4391500
2024-08-21,47.30400085449219,47.45587230705465,47.17892944463126,47.34866872830818,2809500
2024-08-22,46.955589294433594,47.50858557779213,46.89751798807784,47.446942749777875,2916000
2024-08-23,47.8221549987793,48.250972727746756,47.25933364647597,47.35760160707946,4901500
2024-08-26,48.26884460449219,48.74233365552811,48.17950884811444,48.33138031554475,2823300
2024-08-27,48.03656768798828,48.349246230850056,47.89809624871243,48.14377127297796,3650100
2024-08-28,47.804290771484375,48.05443702152974,47.55861573954311,47.661351517718714,2630800
2024-08-29,48.116973876953125,48.46538810330081,47.41120980371818,48.16164175582885,3065900
2024-08-30,48.497135162353516,48.5134255483553,47.79565415326189,48.14412961049588,5339100
2024-09-03,47.0036506652832,48.02916787376556,46.899558643546094,47.71870798938262,3891400
2024-09-04,46.68686294555664,47.528635282692896,46.49497270409627,46.99460551759226,3776000
2024-09-05,46.442474365234375,46.82262937736894,46.18903423766226,46.723063982910155,4508900
2024-09-06,45.87223815917969,46.804526024670196,45.59164509012586,46.38816478889926,4144200
2024-09-09,46.43342208862305,46.872413090350484,45.917495445079574,45.917495445079574,4022400
2024-09-10,45.99895477294922,46.48772844158077,45.70478524352381,46.433419105238734,3196500
2024-09-11,45.9174919128418,46.134725802640915,45.03950997692635,46.05326352556819,3717200
2024-09-12,45.4920768737793,46.08041591816578,44.82227900610581,45.87223531319616,5680600
2024-09-13,45.39251708984375,46.16188038174659,45.283898414682945,45.61880081720525,4411800
2024-09-16,45.8541374206543,46.19808967588198,45.50837588989844,45.537341562428736,3189400
2024-09-17,46.623497009277344,46.94029629480831,45.89938978248824,46.01705828584635,4029600
2024-09-18,46.74116516113281,47.32950422068332,46.44971299722647,46.75021844360838,3428100
2024-09-19,47.872589111328125,48.162232032161064,47.30235310033129,47.564843076341134,4746700
2024-09-20,46.80452346801758,47.791120617992426,46.43341830809028,47.64629917638215,8466000
2024-09-23,47.10322570800781,47.28425339656998,46.71401738608475,46.94935096424439,5029600
2024-09-24,48.37946701049805,48.5876476486126,47.63725657797971,47.69156246881722,4675800
2024-09-25,47.827327728271484,48.632897227964094,47.55578795182008,48.56953806188595,3863200
2024-09-26,49.52898406982422,49.56518684258846,48.36588583238995,48.38851213376564,5672100
2024-09-27,49.85483169555664,50.38885796913508,49.45657013178206,49.78241924657377,5513500
2024-09-30,49.4475212097168,50.099215998446994,48.85013230590497,49.90913849560134,5537800
2024-10-01,49.366058349609375,49.63940740485027,49.02210612029891,49.393211291749594,5461300
2024-10-02,49.49277877807617,49.85483413507557,49.232098092360815,49.49277877807617,6312700
2024-10-03,49.32985305786133,49.547086957538525,48.786773487891885,49.293646832445845,4066300
2024-10-04,50.09016799926758,50.34813132050495,49.70095969665459,49.87293409320757,3443800
2024-10-07,49.438472747802734,49.90461672048975,49.08094400835929,49.800528129035996,3096500
2024-10-08,48.162227630615234,48.83202898183825,48.07624216226165,48.65100130965779,4219200
2024-10-09,48.3523063659668,48.623849607571614,47.849959655755676,48.044563804070734,3186200
2024-10-10,48.53333282470703,48.922541111569046,48.24368993022586,48.35230515245239,2494200
2024-10-11,48.678157806396484,49.0311598938754,48.60574880392651,48.651004862072234,4288600
2024-10-14,48.46092987060547,48.7234198554666,48.270852344802336,48.51523576208288,2736000
2024-10-15,47.58294677734375,48.47903194853321,47.573896946563096,48.24369491444401,4210700
2024-10-16,47.917842864990234,48.26179511173789,47.39286639104301,47.61009684480882,4492900
2024-10-17,48.04456329345703,48.171281630024126,47.73229064061975,47.97215084238114,3894000
2024-10-18,48.07171630859375,48.406615263284785,47.80922635227193,48.406615263284785,2395700
2024-10-21,47.25709533691406,48.144127181574014,47.1665832222243,48.10792440738762,3542700
2024-10-22,47.130374908447266,47.33855552526887,46.69591056210447,47.28424963998584,4413700
2024-10-23,46.60540008544922,47.05796756035901,46.27140230573293,46.82263053982906,4522300
2024-10-24,46.152828216552734,47.21183434966722,45.90844138903043,47.08511602120725,5804600
2024-10-25,44.985206604003906,45.917494474773775,44.976153321148736,45.817929080261315,5889700
2024-10-28,45.35631561279297,45.39252184163672,44.77702976255706,45.11192874732169,6457100
2024-10-29,44.78607177734375,45.23863920046099,44.64125034005885,45.111920874438624,4900600
2024-10-30,44.659358978271484,45.383466254309994,44.478331296057895,44.713668318780314,4775700
2024-10-31,44.69556427001953,44.93089783500173,44.5009601199548,44.58694559127472,4835200
2024-11-01,44.324459075927734,45.00331028030327,44.2248936801688,44.804179488785394,4980400
2024-11-04,43.401222229003906,44.061970338608894,42.942318829723625,43.71801808538442,14634400
2024-11-05,43.355960845947266,43.355960845947266,42.686159535393905,43.265445288945216,7193500
2024-11-06,43.763275146484375,44.98520944800382,43.423849527087185,44.98520944800382,8862800
2024-11-07,44.261104583740234,44.27920424595839,43.464584786311626,43.93525541875507,20309400
2024-11-08,42.07972717285156,43.98050926930286,41.98016177157551,43.98050926930286,12571500
2024-11-11,41.880592346191406,42.52323729818598,41.790076784266766,41.99826085028562,6734700
2024-11-12,40.76728057861328,41.962058483336435,40.649612063701106,41.962058483336435,7101300
2024-11-13,40.722023010253906,40.83878343024152,40.45953304549466,40.6405607264602,6000300
2024-11-14,40.35996627807617,40.85145387739167,40.160835490493106,40.731071457689154,5542400
2024-11-15,39.86214828491211,40.57720580047325,39.82594205436862,40.34186875475673,9814100
2024-11-18,40.02506637573242,40.3237590972148,39.862141817536354,39.97075703872852,5075800
2024-11-19,39.5091438293457,39.82593969579953,39.23760056916701,39.5815528333283,6289700
2024-11-20,39.762577056884766,39.853089167178155,39.21949748949304,39.41862482270164,4808100
2024-11-21,40.5590934753418,40.85778617746021,39.481980804560905,39.65395863418294,6158200
2024-11-22,41.14743423461914,41.219846688386575,40.42332696102402,40.51383907541747,5494100
2024-11-25,41.51853942871094,41.95391188343958,41.1564875183163,41.47328337151359,9463700
2024-11-26,40.3147087097168,41.192687202498426,39.91192396108656,41.16553426077994,9225300
2024-11-27,40.40522384643555,40.80348543651344,40.332814845486006,40.40522384643555,5700600
2024-11-29,40.65350341796875,40.690286439678516,40.14131229342848,40.42361479401576,4339600
2024-12-02,40.80982971191406,40.96615229323504,40.24890090539143,40.717872157176394,7611000
2024-12-03,40.34085464477539,40.910980956336545,40.267292109368086,40.82822091161457,9478500
2024-12-04,39.40290832519531,40.11096570041189,38.82359152459974,40.04659716701238,10962600
2024-12-05,38.79600143432617,39.559233320465786,38.45576726605547,39.347736215442275,9742500
2024-12-06,38.61209487915039,39.11784915102347,38.373008745508706,38.90635203761553,8620000
2024-12-09,39.292564392089844,40.497182081422714,39.007501226815684,40.32706323165589,12855800
2024-12-10,38.786808013916016,39.14083494314664,38.414389574257285,38.989111120803194,7585200
2024-12-11,38.1615104675293,38.82818605449592,37.940815851504354,38.7960017883904,7135900
2024-12-12,37.959205627441406,38.382203329843655,37.91322860765166,38.04196566619165,5738700
2024-12-13,37.572998046875,37.93162374649946,37.18218807953609,37.93162374649946,7580000
2024-12-16,36.88332748413086,37.416667211179785,36.818958956863256,37.10401857538502,8419800
2024-12-17,37.30632781982422,37.65207982556223,37.01207064439518,37.0580476703393,9702700
2024-12-18,36.92011260986328,38.032772653668445,36.883329589946946,37.56379791928984,11720500
2024-12-19,35.9545783996582,37.31552210311757,35.94538439839325,36.837353357436,9553500
2024-12-20,36.72700500488281,37.04425242589251,35.724690472186566,35.85343104713655,17715600
2024-12-23,36.75459671020508,37.021264865386854,36.490682195488674,36.77298822225593,6718700
2024-12-24,36.86494064331055,36.947700689965906,36.25803480377862,36.69942054999983,3784100
2024-12-26,36.9844856262207,37.11782145872176,36.64424791246396,36.77298849778456,5274200
2024-12-27,36.80976486206055,37.42126943563242,36.690225304804706,36.89252490591104,4855000
2024-12-30,36.26722717285156,36.708612899203,36.07412157528942,36.69022489661588,7954900
2024-12-31,36.9017219543457,37.03505777376334,36.258033122193005,36.359184675394104,6867200
2025-01-02,36.368377685546875,37.33390915355183,36.322400664750795,37.085632539688646,7130500
2025-01-03,36.230445861816406,36.61205828344434,36.04653427467496,36.46033446878778,6839900
2025-01-06,36.55229187011719,36.91091756872341,36.368380266061614,36.59826889417556,6899400
2025-01-07,36.23964309692383,36.73160461943565,36.005155714695704,36.322403143132455,7248700
2025-01-08,35.789058685302734,35.963776281545194,35.24652490949877,35.90860174991779,6196900
2025-01-10,35.4028434753418,35.710893349418896,35.356866458106964,35.60514656056093,7833500
2025-01-13,36.47872543334961,36.49711694433973,35.44882537265708,35.44882537265708,8230600
2025-01-14,36.855743408203125,36.883328918727436,36.469528721753846,36.70861133121537,4516000
2025-01-15,37.15000534057617,37.490239542961575,36.91091919243987,37.22356788074118,5446400
2025-01-16,37.582191467285156,37.747711558062754,36.87413408069699,37.0856347027744,5812300
2025-01-17,37.73851776123047,38.0511664335263,37.68794198278393,37.80288629601296,6194800
2025-01-21,38.23507308959961,38.40058965203942,37.839664422621944,37.99598698463462,5583600
2025-01-22,37.53621292114258,38.12932597106554,37.527018919948794,38.06955619375122,5607300
2025-01-23,38.13392639160156,38.189097416818406,37.60978060510926,37.65575762873065,5442400
2025-01-24,38.041969299316406,38.54772358094824,37.98679827342841,38.363815484225455,5111600
2025-01-27,38.54772186279297,38.5937023927463,37.95461231400063,38.38220528468432,6182700
2025-01-28,38.087947845458984,38.78129346471736,37.95921076947998,38.63048517124353,6009600
2025-01-29,37.74771499633789,38.13852499322917,37.55001062033561,37.913235102192,6765200
2025-01-30,35.44882583618164,36.30401181538338,34.47410029571409,36.15688323336062,18933200
2025-01-31,35.90860366821289,36.12010078901684,35.320089330702395,35.70170530224572,12725800
2025-02-03,34.37294387817383,35.218932228242494,33.71086359876593,35.12697819291211,14986900
2025-02-04,35.44882583618164,35.78906002439265,34.52007731987956,34.55686034234078,10017100
2025-02-05,34.897090911865234,35.35686812148712,34.685593816377775,35.14537102599966,6757400
2025-02-06,35.65113067626953,35.761476241168275,35.11778734825145,35.14537637034283,7610300
2025-02-07,35.47641372680664,35.88561519214144,35.25112035227519,35.77067088147836,5966200
2025-02-10,35.467220306396484,35.862629061287755,35.0810090617989,35.770675005285206,5911100
2025-02-11,35.52239227294922,35.70630387946192,35.34307942125042,35.5407837843827,5446500
2025-02-12,35.18215560913086,35.45802478093417,34.99181065122481,35.292504680981075,5607400
2025-02-13,35.25572204589844,35.55457798010023,34.989050381052394,35.28330756025414,6619000
2025-02-14,35.559165954589844,36.331591768970696,35.50399493716221,35.706298021921015,5387700
2025-02-18,36.52470779418945,36.80057345721479,35.57756422377878,35.60515324555687,7612300
2025-02-19,35.789058685302734,36.22125041349582,35.66951912850964,35.86262472747261,6219800
2025-02-20,36.40515899658203,36.4235505056016,35.79825323022307,35.86262175788071,5747100
2025-02-21,36.33159637451172,36.8649396627313,36.00515495133815,36.63505104011707,5962900
2025-02-24,35.90860366821289,36.267229373394464,35.76607383867205,36.23964386001808,7411700
2025-02-25,36.07412338256836,36.38677205954177,35.848833507459055,36.03734035990746,6180000
2025-02-26,35.72468948364258,36.38676981949115,35.439629845124806,36.35918430810476,6294900
2025-02-27,35.338478088378906,35.66951825438688,35.09019796387293,35.63273523420335,7949600
2025-02-28,35.69438934326172,35.881713011248515,35.23544653533915,35.40403747923709,10056900
2025-03-03,33.77433395385742,36.23762852268288,33.727500351404174,36.21889579628203,10954300
2025-03-04,33.362220764160156,33.91482368195266,33.231095253650444,33.61510720852983,8840500
2025-03-05,35.385311126708984,35.6194648606293,33.90546138624187,33.96165599572519,10393200
2025-03-06,35.066856384277344,35.30101008132944,34.39717666779227,34.95914768445842,9128500
2025-03-07,35.076229095458984,35.23545191517212,34.42996252087609,34.832707218024105,8667000
2025-03-10,35.02939987182617,35.93229375042147,34.805546816593484,34.99193441706471,6310800
2025-03-11,34.34566116333008,35.310376785285925,33.87735378838703,35.22139724071819,6997100
2025-03-12,33.48398208618164,34.46742699930723,33.46524935976278,34.46742699930723,6923900
2025-03-13,33.933555603027344,34.84207315129177,33.362219972588974,33.41841814986069,7958400
2025-03-14,34.626651763916016,34.82334002273878,34.336299877390445,34.44869265773173,5991200
2025-03-17,35.132423400878906,35.38999392808203,34.66411594989309,34.66411594989309,5097100
2025-03-18,35.2260856628418,35.40404120104061,34.95446649435242,35.37594389840453,4866000
2025-03-19,34.832706451416016,35.32911477238402,34.69221636174384,35.12305835338212,5525100
2025-03-20,34.289466857910156,34.65474604182183,34.186438662878295,34.42995692785216,5406300
2025-03-21,33.877357482910156,34.050632516780354,33.54392353883385,33.952288386065526,13257700
2025-03-24,33.98975372314453,34.52175170046876,33.690037257336925,34.21453928604918,6797400
2025-03-25,33.08123779296875,34.017852687612034,32.99225823464891,33.989755384101464,7218000
2025-03-26,33.32476043701172,33.51208056195019,32.90328301009543,33.03440852671331,5801600
2025-03-27,33.006309509277344,33.15616774519077,32.41624114222353,32.781520368956116,6911900
2025-03-28,32.18208312988281,32.98757238024522,31.96197809369056,32.837714164333725,6913700
2025-03-31,32.70658874511719,32.97820790826753,31.779342047330992,31.957297582031853,8477200
2025-04-01,32.41624069213867,32.56141485128539,31.932948513286046,32.294479760617676,6446000
2025-04-02,32.678497314453125,32.940748375426715,32.12589431247111,32.14462704152676,5146700
2025-04-03,29.46590232849121,31.507722987669,29.39097321193657,31.357864754559717,18080900
2025-04-04,26.412540435791016,28.510557560974032,26.26736448569033,28.295134780013083,18677500
2025-04-07,25.7756404876709,27.43344916148793,24.65919435536419,25.494654967483545,19652900
2025-04-08,24.174028396606445,27.1618302211379,23.71508734172686,27.1618302211379,17050500
2025-04-09,27.967321395874023,28.22957242370332,23.471568818437152,23.743187996061657,19876900
2025-04-10,25.56022071838379,26.993240329439754,24.932688682587365,26.974507603248554,15213200
2025-04-11,26.627962112426758,26.702891233586634,24.792195964333025,25.297968872000567,11189100
2025-04-14,27.049436569213867,27.5833085439496,26.468736352166072,27.302323012017464,10448500
2025-04-15,25.944231033325195,26.93704223484706,25.93018059634426,26.29077751370454,12375800
2025-04-16,25.728809356689453,26.39380683096131,25.499339718224945,25.944232130480962,8672400
2025-04-17,26.365707397460938,26.60922747031589,25.97232909307233,25.97232909307233,8474900
2025-04-21,26.33761215209961,26.54366678993499,25.953598394052257,26.384442183191368,7745100
2025-04-22,27.16183090209961,27.489646459932406,26.693523472753064,26.730988924597302,8488300
2025-04-23,27.16183090209961,28.800906904812518,26.913628536210286,28.154642152107986,10727000
2025-04-24,27.873659133911133,28.266101355864613,26.272046754942835,26.71225689330456,13069300
2025-04-25,28.117177963256836,28.17337435352591,27.27422496341654,27.48027958537051,12991600
2025-04-28,28.05161476135254,28.978863224985243,27.82682563097097,28.33259849465299,9347200
2025-04-29,28.707246780395508,28.768127250061855,27.88302644143685,27.91112374555118,9498800
2025-04-30,28.651046752929688,28.69787677814992,27.87365654369759,28.29981620442511,11306100
2025-05-01,28.594852447509766,28.889884843491718,28.35133236844056,28.735344319851325,7009600
2025-05-02,28.491825103759766,29.091258063346984,28.295135047363253,28.903936156701548,8619400
2025-05-05,27.115001678466797,28.09844659470088,27.086902588749695,28.00946882360673,9061700
2025-05-06,26.97450828552246,27.424084793227042,26.81528368177214,27.05880376906387,7691300
2025-05-07,26.64669418334961,27.26485986431358,26.482785506662257,27.161831655335877,8814500
2025-05-08,27.38661766052246,27.854925079723838,26.8424450253664,26.91831024132108,7787000
2025-05-09,27.611406326293945,27.87365913669626,27.35383759071997,27.583309023128386,8162800
2025-05-12,29.016326904296875,30.336953667113317,28.97886324018097,29.643858909684553,11832500
2025-05-13,28.819639205932617,29.241114814261305,28.66041461084372,28.969497438198513,8502800
2025-05-14,28.257671356201172,28.81964064855424,28.145276783150106,28.735345165378725,6434900
2025-05-15,28.004783630371094,28.06004392075876,27.5317939176213,27.91112178817232,6481000
2025-05-16,28.276403427124023,28.37474755973139,27.658237755804745,27.995417894237292,5872600
2025-05-19,28.201473236083984,28.30449965308361,27.541159849275143,27.770629483295743,5937100
2025-05-20,27.901758193969727,28.366317660559375,27.8287012756315,28.229571973528728,5576400
2025-05-21,26.927677154541016,27.789362894944368,26.871480763294358,27.639504660652573,8938600
2025-05-22,26.85274887084961,27.01665576142764,26.52493330324243,26.730989721627523,6885100
2025-05-23,26.524932861328125,26.665424734690237,26.14092090712784,26.365708261797437,7095200
2025-05-27,27.086902618408203,27.199297190948567,26.871481623027893,27.021339862114296,8763100
2025-05-28,26.543664932250977,27.24612606817198,26.468735815877448,27.161830588945374,7731600
2025-05-29,26.965145111083984,27.24612887986842,26.41254215088353,27.01197514373098,10227600
2025-05-30,26.6291561126709,26.917143761350317,26.33157052357442,26.83554662005194,13965300
2025-06-02,26.110782623291016,26.61955771625667,25.77863747385408,26.55236114405134,12390500
2025-06-03,26.677154541015625,26.93154207027174,25.429211745392195,26.110780855111365,10557600
2025-06-04,27.14753532409668,27.195532354553617,26.58116157605198,26.73475427067739,8844700
2025-06-05,27.051538467407227,27.459518704648406,26.830749205628926,27.368323617645007,8634700
2025-06-06,27.406721115112305,27.68990798152139,27.171533108839085,27.214731167476717,6728400
2025-06-09,28.213083267211914,28.601865789597138,27.627511829371922,27.64670954219262,11394400
2025-06-10,29.470624923706055,29.648216120330893,28.366674995737977,28.49147019518078,10985100
2025-06-11,29.451425552368164,29.931403147860554,29.062643040870405,29.816207719315923,7842300
2025-06-12,28.93305015563965,29.230637596362246,28.750659979548214,29.000246729038526,6817200
2025-06-13,28.702659606933594,29.777810217573514,28.597065781857403,28.721859150027157,10271600
2025-06-16,29.345829010009766,29.345829010009766,28.683459435544297,29.125039762177664,10658500
2025-06-17,28.26108169555664,29.384229356566326,28.24668112244921,29.230636670528185,8850700
2025-06-18,27.358722686767578,28.241881527438842,27.339523143695132,28.16508518611826,12211600
2025-06-20,26.648357391357422,27.46431970264836,26.4179683559875,27.373122784023042,22583000
2025-06-23,25.79399871826172,26.518764136082897,25.54441013020579,26.110783881761673,17264100
2025-06-24,26.427566528320312,26.752030746406614,25.95718871404119,26.15877842117402,19116200
2025-06-25,25.74599838256836,26.446765244893086,25.74599838256836,26.427567532271986,15726100
2025-06-26,26.062782287597656,26.44676398628473,25.918789379461153,26.01478526187521,13857800
2025-06-27,25.91878890991211,26.648355039685192,25.66920035254481,26.30277060164291,18629400
2025-06-30,25.419612884521484,25.84199367901083,25.323616999732646,25.822794135859223,11746900
2025-07-01,26.715553283691406,27.30784620183052,25.314019563163253,25.371616362795702,21426600
2025-07-02,27.579513549804688,27.579513549804688,26.494764936432293,27.02273958497323,14120500
2025-07-03,27.320323944091797,27.62751114420525,27.233929661118054,27.521915486948462,5950000
2025-07-07,26.379568099975586,27.339523286999174,26.000385361668656,26.888345008247004,13061900
2025-07-08,27.896297454833984,28.41947310936286,26.561960319655615,26.600357575352724,18326600
2025-07-09,28.645063400268555,29.11544122996101,28.03069265633869,28.189084312709063,15427600
2025-07-10,29.019445419311523,29.688534680839727,28.400273872406526,28.510670332278572,12068000
2025-07-11,28.366676330566406,28.62586468224938,27.95389711944118,28.433874734719595,12318800
2025-07-14,27.11873435974121,28.22268247190851,26.94594213104265,28.07868955831612,13284400
2025-07-15,26.8691463470459,27.689907619459706,26.821149318506915,27.521916188603992,9162900
2025-07-16,27.013137817382812,27.157132557229012,26.499561949440952,26.840345594342715,8757000
2025-07-17,27.320323944091797,27.35872303071944,26.85954589037545,26.888345205346184,7623200
2025-07-18,27.205129623413086,27.589111324642477,26.97474060267545,27.497916242778363,9013200
2025-07-21,27.253129959106445,27.757107948578472,27.195533154669707,27.445121748521448,7026100
2025-07-22,28.472272872924805,28.55387002215123,27.334726402184497,27.334726402184497,9296400
2025-07-23,29.153841018676758,29.643416572674216,28.81305552191676,29.000246498028012,20963300
2025-07-24,24.066076278686523,26.494763564331382,23.394108745431232,26.10118208359021,66003500
2025-07-25,24.48845863342285,24.622851782436964,23.442107265034675,23.65329676076676,36918200
2025-07-28,24.68044662475586,25.08362787074923,23.922082990011894,24.315664464556708,17843700
2025-07-29,24.171672821044922,24.574854088159693,23.97968104395435,24.574854088159693,13123800
2025-07-30,22.962127685546875,24.046876219465094,22.827734547973606,24.027678507646897,16559800
2025-07-31,22.357357025146484,22.709659301916233,22.02137234589131,22.688540903158028,21303600
2025-08-01,20.91742515563965,22.155766439287756,20.91742515563965,22.07417112432438,25059000
2025-08-04,20.725431442260742,21.013417249416175,20.46144414720675,20.994219538316493,18562100
2025-08-05,21.483797073364258,21.7525851948062,20.907825404654677,21.071017865714197,22028700
2025-08-06,20.447044372558594,21.867779414579697,20.39904734648395,21.714186733977826,19480800
2025-08-07,20.744632720947266,21.25820861298175,20.456645058714106,20.879025864741184,12719600
2025-08-08,20.370248794555664,20.90782502774865,20.312651994916862,20.76383028219777,11325700
2025-08-11,20.034265518188477,20.735032363862253,19.585006096082978,20.42784699759261,20712400
2025-08-12,20.840627670288086,21.119015572610508,19.981469110120855,20.05346465553679,15785300
2025-08-13,22.002172470092773,22.069369038733683,20.84062576754407,20.936621650303582,16243300
2025-08-14,22.434152603149414,22.520546881934532,21.57019150560685,21.9109769745127,11822600
2025-08-15,22.4245548248291,22.899731639737357,22.41495505278448,22.63574431690285,10779700
2025-08-18,22.309358596801758,22.693340310066056,22.290159053396234,22.366955396049093,12231500
2025-08-19,22.58774757385254,23.269314918932846,22.36695647596728,22.58774757385254,8879800
2025-08-20,23.115720748901367,23.49010268461226,22.58774613028502,22.62614338552678,12660700
2025-08-21,22.7413387298584,22.990927296407488,22.477351421517564,22.88533164068347,9431100
2025-08-22,24.104475021362305,24.229268388440314,22.952528079395076,23.01972464866548,20539200
2025-08-25,23.92208480834961,23.998881154806217,23.528503303888336,23.998881154806217,10012300
2025-08-26,23.749290466308594,23.994080057736063,23.62929607116902,23.81648703463169,8049300
2025-08-27,23.749290466308594,24.075675367565776,23.43250533637888,23.518901447356907,10348200
2025-08-28,23.58609962463379,24.05647746595201,23.317313333005828,24.05647746595201,11714200
2025-08-29,23.985368728637695,24.238564082748578,23.605576626185577,23.654269112030985,8791800
2025-09-02,23.771127700805664,24.097360859603683,23.44002622206817,23.59583846412953,12152500
2025-09-03,23.30368995666504,23.878248270703985,23.167354715173886,23.61531442717531,11528200
2025-09-04,23.28421401977539,23.35725182099134,22.592797426625758,23.138140274771935,11630400
2025-09-05,23.85877227783203,24.267779876892003,23.152747012410497,23.274475442399435,18476700
2025-09-08,23.352380752563477,23.708802682794715,22.51489044636632,23.70295921313758,15488100
2025-09-09,23.508193969726562,23.72243719676175,23.07971123051309,23.220914798643566,10959400
2025-09-10,23.20630645751953,23.819816891406944,23.094316531390415,23.313428064003176,11492700
2025-09-11,24.365161895751953,24.482020143121904,23.040756042703496,23.040756042703496,25711700
2025-09-12,24.384639739990234,24.822860969055192,24.219089002584784,24.345685751222636,14732800
2025-09-15,23.53740882873535,24.71573911602244,23.415680401167922,24.5550585574962,13192300
2025-09-16,23.83929443359375,24.228825024189394,23.552015274761644,23.761388315474623,11070800
2025-09-17,23.89772605895996,25.09553335384116,23.552015909155237,23.956155184766054,14775200
2025-09-18,23.478979110717773,24.335946401884797,23.264735894854756,24.160657173425363,15350400
2025-09-19,22.87520408630371,23.517929984711103,22.73886885252889,23.517929984711103,19106700
2025-09-22,22.563581466674805,22.777822831074513,22.339601605153053,22.73887070001475,12901800
2025-09-23,22.261693954467773,23.076787347494484,22.242216961563297,22.92389685379373,11016900
2025-09-24,22.524627685546875,22.768084543553957,22.310386319174874,22.368815445016615,11913600
2025-09-25,21.61897087097168,22.422377430190256,21.58488705765245,22.417509110042587,16437600
2025-09-26,22.35907745361328,22.592797677124324,21.760173792258833,21.84295009171659,12623800
2025-09-29,22.290908813476562,22.641487275342822,22.125358079531757,22.631748778354495,11803800
2025-09-30,22.329862594604492,22.35518120059693,21.729010523731457,22.183788855989317,14368700
2025-10-01,22.446720123291016,22.61227085039789,22.217871954517026,22.300646389356316,12531500
2025-10-02,23.069971084594727,23.340694976565036,22.349339048400395,22.524626416046328,17945200
2025-10-03,23.196569442749023,23.40594249201864,22.787561841551224,23.089447829421747,8354600
2025-10-06,22.807039260864258,23.26473749986236,22.690179148019805,23.206308372154375,9417100
2025-10-07,21.911115646362305,23.050493734270276,21.667658805847168,22.92389699447085,19270000
2025-10-08,22.008501052856445,22.349341036664256,21.852688807246327,21.920856432522193,10240600
2025-10-09,21.50210952758789,22.01823873290157,21.239175676347237,21.920855618653725,15428400
2025-10-10,20.109535217285156,21.76504252204392,20.109535217285156,21.638443921276778,18840800
2025-10-13,20.85938262939453,21.151530101480585,20.450375054017055,20.450375054017055,12276700
2025-10-14,21.346298217773438,21.511848961978924,20.343255254948605,20.464983688704745,9683300
2025-10-15,21.61897087097168,21.974417679464047,21.326821511541592,21.609232373247824,10597900
2025-10-16,21.326820373535156,21.88190171217592,21.00058907562217,21.726089471765473,10929900
2025-10-17,21.317081451416016,21.46802536892979,21.1077084092701,21.326819948426103,9111200
2025-10-20,21.063884735107422,21.506976104468684,20.878858876202816,21.41446317501638,10342700
2025-10-21,21.18074607849121,21.492370551193115,21.00058852847824,21.122316954216696,10565100
2025-10-22,21.132055282592773,21.433941255936,21.000588360952573,21.180745909528394,12026100
2025-10-23,23.86850929260254,24.07496059302469,22.738869681063598,22.84598942974911,33606400
2025-10-24,24.16065788269043,24.24830249949306,23.566624416773994,24.092490260161366,14496700
2025-10-27,25.056577682495117,25.368202142440246,24.296993525735946,24.34568415106676,17744700
2025-10-28,24.71573829650879,24.87155238746281,24.14118184627554,24.852075393915015,11767500
2025-10-29,24.2093505859375,24.9786732923729,24.087622156776398,24.647571816460424,12570700
2025-10-30,23.177091598510742,23.85390320821823,23.15761646197019,23.732174782054983,11446600
2025-10-31,23.22578239440918,23.45950073275476,22.98232555978734,23.293950010914777,13052700
2025-11-03,22.622011184692383,23.06997277690122,22.320125195713057,22.972589660557695,13200100
2025-11-04,21.998762130737305,22.368815742561942,21.969546638713606,22.242218991982803,12009900
2025-11-05,22.17405128479004,22.612272518929956,22.027977540076733,22.115620300961965,12998600
2025-11-06,21.638444900512695,22.339601841283745,21.638444900512695,22.232480229237407,15504300
2025-11-07,21.706613540649414,21.891639408474887,21.307342599597998,21.618968926446463,13745900
2025-11-10,21.52158546447754,22.154572889844577,21.132054884053847,22.105882263827237,14784800
2025-11-11,21.72608757019043,21.901376789667104,21.48750091056916,21.64818145680394,9556900
2025-11-12,21.599491119384766,22.096143295356416,21.511846508482222,21.83320946264879,8406100
2025-11-13,22.505151748657227,22.553842375556677,21.492370363779138,21.570276481275272,18599300
2025-11-14,22.329862594604492,22.57331944477257,21.947148767907095,22.25195647684784,12069100
2025-11-17,21.102840423583984,22.22274159347716,21.04927961789471,22.22274159347716,13080800
2025-11-18,21.27812957763672,21.429071639544023,20.693832751977553,21.0054572303482,12329300
2025-11-19,20.752262115478516,21.409596748424637,20.60618837174441,21.307343456125178,13044100
2025-11-20,20.40168571472168,21.185615247668373,20.382208720039806,20.88372925981313,12657200
2025-11-21,21.61897087097168,21.862427741782493,20.684095521195324,20.723049512090743,19595100
2025-11-24,21.940332412719727,21.979284543606266,21.375512584151952,21.618969438835105,15713700
2025-11-25,22.592796325683594,22.738870063568907,22.037713149834037,22.164311751448768,14209700
2025-11-26,23.28421401977539,23.46924175407494,22.592797426625758,22.612272563845362,10506200
2025-11-28,23.570819854736328,23.738829964150387,23.313863105925314,23.452223707199778,7253900
2025-12-01,23.560935974121094,24.000726630629067,23.289155421955446,23.323745571229885,11456100
2025-12-02,23.58070182800293,23.808009057144368,23.131028011648468,23.590584996881475,10733800
2025-12-03,23.48187255859375,24.178619957701958,23.457165578346007,23.69929662380435,10524700
2025-12-04,22.602291107177734,23.649882520536238,22.483694963674058,23.570819053207703,10415800
2025-12-05,22.69123649597168,23.407750249089588,22.666529515179022,22.898779281677974,9023600
2025-12-08,22.592409133911133,22.977843321910377,22.493579323264136,22.63193992715682,11723700
2025-12-09,22.839481353759766,23.565876365828856,22.58252461543497,22.617114764341988,11305700
2025-12-10,24.302156448364258,24.410869422158115,22.90371914009506,22.918544836080784,11997200
2025-12-11,24.292274475097656,24.75677213004286,24.139088175849956,24.252743682240663,11607200
2025-12-12,23.68941307067871,24.59370323625665,23.6498822799275,24.41086932336111,9613300
2025-12-15,23.17550277709961,23.95625431706914,22.83948255432128,23.738830243221564,17458900
2025-12-16,22.572641372680664,22.977841874285684,22.256387506552038,22.93830919850874,17492000
2025-12-17,22.799949645996094,23.102367466436988,22.641822705700488,22.71100300645209,14084900
2025-12-18,22.770301818847656,22.972902077100326,22.483695563990715,22.542992694814917,11153200
2025-12-19,22.98772621154785,23.2792731126442,22.645775711780725,22.760418969343053,15644300
2025-12-22,23.14585304260254,23.46210692330069,22.997609271653005,23.056906403028457,10433100
2025-12-23,22.631938934326172,23.12608608086177,22.503461505636494,22.98772548303877,7884500
2025-12-24,22.79006576538086,22.80983210355641,22.599326068549914,22.68135467545886,3448700
2025-12-26,23.017375946044922,23.037140400110356,22.60229225032123,22.78018364704123,8930500
2025-12-29,23.076671600341797,23.086554769252473,22.711001890733744,22.91854466781446,10431000
2025-12-30,23.234798431396484,23.3435114039174,22.967958527038814,23.027255655222167,7490500
2025-12-31,23.106319427490234,23.442339633353818,23.02231531853521,23.185382894456858,8939800
2026-01-02,23.985902786254883,24.13414655222859,23.032198648960975,23.274329693546285,10052700
2026-01-05,24.60852813720703,24.850661074487384,23.896956906970217,23.966137207615514,13203100
2026-01-06,25.221271514892578,25.36951528598277,24.396044776954863,24.48005077441979,11674600
2026-01-07,24.50969886779785,25.31021864008066,24.262625282900608,25.231155168314416,8259900
2026-01-08,25.616588592529297,26.081086239656415,24.064966827315978,24.213210596822776,10493800
2026-01-09,26.02178955078125,26.17991649227685,25.438695747133035,26.011906381310045,8765100
2026-01-12,26.18979835510254,26.303451970818298,25.764831514152114,26.04155459047423,7686400
2026-01-13,26.239213943481445,26.75312745210872,26.155209829486413,26.328160584783163,10247800
2026-01-14,27.929197311401367,28.19109469926225,26.520876794457358,26.58511645214803,21174700
2026-01-15,27.612943649291992,28.028027336397376,26.891487367760433,27.958847036050113,9559300
2026-01-16,27.24727439880371,27.528938132282562,26.901371006016152,27.02490779736729,14028400
2026-01-20,26.268861770629883,26.847014902080012,25.9970812218382,26.2392122637534,11465600
2026-01-21,28.07744026184082,28.21086021545303,26.43687191264303,26.555468055305575,12572300
2026-01-22,27.998376846313477,28.74948072449289,27.939079717384555,28.275099923018022,11409000
2026-01-23,27.919313430786133,28.275099975057977,27.795776645694158,28.156503831960112,8892300
2026-01-26,27.850133895874023,28.225684903434725,27.64259111102121,28.037910342165272,8707100
2026-01-27,27.484464645385742,28.052734636164892,27.31645453476579,27.879781998308623,12804900
2026-01-28,27.454816818237305,27.820484660093154,26.881606189499045,27.771070698227817,17825500
2026-01-29,26.842073440551758,27.2373907894878,25.517758907849657,26.2886291520413,23608400
2026-01-30,27.227506637573242,27.672239817215765,26.604882071095457,26.970551783803945,18949400
2026-02-02,28.54193878173828,28.68524190878397,26.782776120152118,27.178093466293852,17168900
2026-02-03,30.133092880249023,30.78042632319684,28.47275816018576,28.5617047976907,21848200
2026-02-04,32.02073669433594,32.465466111444414,30.58770921130989,30.647006341256233,26129300
2026-02-05,30.241806030273438,31.852724913766746,29.806956009413796,31.52658786937746,15877500
2026-02-06,31.40799331665039,31.482114257627675,30.449346645827983,30.637123089342957,8977200
2026-02-09,31.704483032226562,32.15909750654324,30.656889714413555,31.131270527184473,10275400
2026-02-10,33.206687927246094,33.592125882170656,32.020737749164475,32.020737749164475,13531200
2026-02-11,33.60200500488281,34.362992041222135,33.11773915628745,33.30551747943665,12754800
2026-02-12,32.2678108215332,34.02697349193573,31.69756533480091,33.80954753670176,15685900
2026-02-13,32.109683990478516,32.76195808833467,31.94265974774048,32.23815953714639,10184100
2026-02-17,31.052207946777344,32.307340314181374,30.56794395092476,31.92190612840565,9911400
2026-02-18,31.21033477783203,32.09979929531499,31.07197417522988,31.27951507913311,10918600
2026-02-19,31.022558212280273,31.35857843308093,30.528411050517178,31.12138802163726,8869400
2026-02-20,30.162742614746094,30.706303728014163,29.144798802874455,30.607473920595844,17925100
2026-02-23,29.945316314697266,30.53829326731956,29.737775418041437,29.737775418041437,9417700
2026-02-24,30.68653678894043,31.10162046395607,30.152858855361323,30.28133628297537,10487400
2026-02-25,29.668596267700195,30.933611804909717,29.297985893591747,30.795251201782886,11139300
2026-02-26,29.549999237060547,29.698243005277252,28.868075641237567,29.638945874994928,9211200
2026-02-27,30.729999542236328,30.860000610351562,29.20400047302246,29.239999771118164,13297800
2026-03-02,30.600000381469727,31.55500030517578,30.139999389648438,30.700000762939453,13479000
2026-03-03,30.739999771118164,31.0,29.385000228881836,29.829999923706055,13304900
2026-03-04,32.34000015258789,32.38999938964844,31.040000915527344,32.0,13279500
2026-03-05,33.720001220703125,34.59199905395508,33.209999084472656,33.5,24545900
2026-03-06,33.279998779296875,35.150001525878906,32.95000076293945,35.0,19447200
2026-03-09,34.310001373291016,35.749000549316406,34.10499954223633,34.95000076293945,27951159
