Price,Close,High,Low,Open,Volume
Ticker,DRI,DRI,DRI,DRI,DRI
Date,,,,,
2018-01-02,76.4037094116211,77.21279918907739,75.80878849965815,76.76859351140322,2015000
2018-01-03,78.1646957397461,78.27574718681277,76.62583132775084,76.72895485134845,1632400
2018-01-04,78.1488265991211,79.41006237424459,78.06157707934011,78.94205466714723,2156000
2018-01-05,78.77547454833984,78.78340852324088,77.64115821147729,78.40265640203647,1303100
2018-01-08,78.35506439208984,78.7754742826824,76.98278327947078,78.52957552822629,1857300
2018-01-09,77.82817840576172,78.66641644688872,77.58868617307928,78.6185192184913,1884900
2018-01-10,77.26935577392578,77.8840591936494,77.11767309902069,77.80422845079761,1353900
2018-01-11,77.91600036621094,78.19541103899925,77.32524550221623,77.47692819202813,1277400
2018-01-12,78.25131225585938,79.36098249672916,78.04375347157057,78.22736363387969,1076300
2018-01-16,77.22943878173828,78.92187857861356,76.88616109951766,78.78616570419261,1565600
2018-01-17,77.80424499511719,78.69836534099102,77.48491586511248,77.89206065813589,1212300
2018-01-18,77.72441101074219,78.07567364824419,77.28533271386468,77.55676459485159,913800
2018-01-19,79.0655746459961,79.12145677488503,77.97985949270097,78.01977790934816,1306200
2018-01-22,78.28321838378906,78.87397927578226,77.18952442484898,78.81011224572431,1200100
2018-01-23,77.82817840576172,78.6983499627188,77.78826607899566,78.00380969747941,818800
2018-01-24,77.87608337402344,78.48280191555699,77.46893865193726,78.19540635769562,732300
2018-01-25,78.12357330322266,78.6744158944182,77.25340158538191,78.23533758394399,985500
2018-01-26,78.62649536132812,78.71431100420705,77.51683160934377,78.22733556304036,838900
2018-01-29,78.4189224243164,79.01766201312134,78.03572640757586,78.50673196056927,809600
2018-01-30,77.06979370117188,78.53869919969394,77.05382389448982,78.29122201239214,1273300
2018-01-31,76.51893615722656,77.54876922211338,76.11179143606306,77.10171217342905,1798300
2018-02-01,77.84415435791016,77.87608787626264,75.8563339526649,76.15969933166559,1561100
2018-02-02,76.67060852050781,77.76430847108986,76.63069010766309,77.57270739826876,1701900
2018-02-05,75.21768951416016,78.49878424783869,75.21768951416016,76.2874350797272,1687900
2018-02-06,75.34540557861328,75.78448381775434,72.76683654713554,73.90843387820674,2462000
2018-02-07,75.90423583984375,76.8223046803513,74.90633625031286,74.92229996383924,1213500
2018-02-08,72.9105224609375,76.36724740815704,72.8306917279112,76.11976421787267,1776500
2018-02-09,73.99624633789062,74.57103742956645,72.03238083512841,73.62902004947446,1648200
2018-02-12,75.21768951416016,75.73659858149041,74.36348760604291,74.44331836470222,1343900
2018-02-13,75.61682891845703,75.84035741844232,74.4273344917097,74.93825851758889,1965700
2018-02-14,76.3273696899414,76.71055984904177,75.1857719360129,75.60888052825602,1276400
2018-02-15,77.98785400390625,78.123566892117,76.5269274806136,76.71053760214673,1836400
2018-02-16,77.05380249023438,78.01178963205469,76.72649463253296,77.75632761237493,1240400
2018-02-20,75.76052856445312,76.74245822675104,75.24161962476403,76.62271516356469,1170600
2018-02-21,76.0798568725586,77.15758706563659,75.71262451336943,75.71262451336943,1160000
2018-02-22,75.99205017089844,76.94204642195608,75.73658812404408,76.32734296538938,867200
2018-02-23,76.11978912353516,76.43911825081625,75.20970506973677,76.223574592052,1406800
2018-02-26,76.89412689208984,76.94202410864239,76.14370468239947,76.29538732240766,806000
2018-02-27,74.1479263305664,77.41305684118153,74.10801400278991,77.00591211740995,1660300
2018-02-28,73.59709930419922,75.0899533305942,73.34163722920621,74.13197207204452,3265600
2018-03-01,73.84457397460938,75.3294491385437,73.26179790009266,73.7567583183028,1115500
2018-03-02,76.21556854248047,76.40716352941139,73.42943501364213,73.42943501364213,2294800
2018-03-05,75.40129089355469,76.30339602466204,75.12188022534718,75.96810322281303,1857300
2018-03-06,75.13787078857422,75.73661071044994,74.30761736602287,75.73661071044994,1468500
2018-03-07,74.55503845214844,74.69075127049456,73.81260126437631,74.44327423813482,1714800
2018-03-08,74.7386703491211,75.26555802775454,74.51513578320706,74.86639829609211,1671400
2018-03-09,75.68866729736328,75.77648292666187,74.81051709507153,75.30547736105505,1209100
2018-03-12,75.64079284667969,76.22356891738359,75.28953022375153,75.72062359988261,1253100
2018-03-13,75.42521667480469,76.20756624575856,75.2974826522119,76.05588361660297,1585500
2018-03-14,75.2096939086914,76.64667172286195,75.03406261021549,75.81641855141848,1280300
2018-03-15,74.7386703491211,75.99203166291332,74.60295141142832,75.28950663714322,1693200
2018-03-16,75.4811019897461,76.0000047291399,74.78656191648804,74.93824455207965,3029900
2018-03-19,75.33744812011719,75.91223330877177,74.77064174483893,75.18576539620567,1629500
2018-03-20,75.92816925048828,76.93405354069688,75.40127544919511,75.59287651731691,1925400
2018-03-21,74.49119567871094,76.38321521545848,74.41136494140275,75.87229118785231,1661400
2018-03-22,68.60761260986328,71.84878938184329,68.55970927526786,70.63534584107899,5256500
2018-03-23,67.2584457397461,69.33407608152766,67.23449711933544,68.51979253408071,2723700
2018-03-26,67.71348571777344,69.3181102336191,67.49794205000755,68.2483585261564,2123600
2018-03-27,67.2344741821289,68.12060937919755,66.79539598873637,67.66556747454297,1430100
2018-03-28,67.3622055053711,67.64162223730514,66.98700041039044,67.2664110516293,1857500
2018-03-29,68.0567626953125,68.36810692889162,67.22650937553594,67.68155141620517,1319900
2018-04-02,67.11473083496094,68.67943657385308,65.76556871557068,68.66347286121032,2188500
2018-04-03,67.50590515136719,68.16052699646123,66.71557043257332,67.26641291966665,1381300
2018-04-04,69.32608032226562,69.4857479178297,66.85927535508665,66.85927535508665,1829200
2018-04-05,69.19036865234375,69.51768266099137,68.70339313601679,69.51768266099137,1852800
2018-04-06,69.34204864501953,69.52565876262365,68.5197803402021,68.66347812779031,1757600
2018-04-09,69.59935760498047,70.69300480873903,69.5430672107514,70.19442836328672,2084300
2018-04-10,69.63151550292969,70.16225874318606,69.05253124336717,70.033591484266,1698400
2018-04-11,69.55916595458984,69.99340888289963,69.18925667533212,69.41441831181992,970000
2018-04-12,69.84062957763672,70.51612073427029,69.69588191087206,70.06579125144941,1040900
2018-04-13,70.54022979736328,70.6688909551074,69.84865843580528,70.18640087697707,1785500
2018-04-16,71.52935028076172,71.66606084530831,70.7654079894988,70.7654079894988,1618500
2018-04-17,71.90730285644531,72.71145521977445,71.47305984402409,72.34154586886652,1318700
2018-04-18,72.18069458007812,72.84009906001602,71.84294603361732,72.01182337444456,1137800
2018-04-19,72.18069458007812,72.45410335057238,71.5293272038416,72.16460810228807,843900
2018-04-20,73.21806335449219,73.45930534355799,72.66319634980995,72.95269164484463,1773800
2018-04-23,73.21806335449219,73.45930534355799,72.25307699264506,73.19393363391042,1500300
2018-04-24,72.69537353515625,73.88551557528761,72.12442610391552,73.64427355184259,1004700
2018-04-25,73.27436065673828,73.57189308475444,72.42195503666075,72.78382725708462,908200
2018-04-26,74.66553497314453,75.18823516119714,73.69251148963475,73.69251148963475,1413500
2018-04-27,75.94413757324219,76.7402465526969,74.58511835901777,74.79419965394335,1346400
2018-04-30,74.67356872558594,76.14516862436923,74.56098791602597,76.14516862436923,2533700
2018-05-01,75.02740478515625,75.1158620204136,74.10262850258957,74.60119895382785,956300
2018-05-02,73.97396087646484,75.06760838465485,73.80508964677007,74.64945193043845,1003100
2018-05-03,73.84530639648438,74.09459164357207,73.25022928346942,73.87747322436587,869500
2018-05-04,74.64942932128906,75.33295727308837,73.80506729335349,73.90156773903524,1198000
2018-05-07,73.90962219238281,74.6574777529306,73.53166972509935,74.6574777529306,1916600
2018-05-08,74.19910430908203,74.7861379841414,73.89352874964428,74.07848641403623,1150300
2018-05-09,73.85331726074219,74.18302252798138,73.2582464943609,74.17497929007013,1132100
2018-05-10,73.45126342773438,73.75684520866672,73.21002143431885,73.60405431820054,1129300
2018-05-11,72.63907623291016,74.18304712335599,72.5908229246372,73.56385257314004,1895400
2018-05-14,69.93714141845703,72.63909421314459,69.69589322296132,72.58280378555513,2307500
2018-05-15,70.20248413085938,70.32310204345471,69.39833199252281,69.71998793970229,1686000
2018-05-16,70.13815307617188,70.62064314994392,69.96928185711137,70.31506753476692,1148400
2018-05-17,69.10884857177734,70.58848581491806,68.34490022836005,69.96124802118689,2345800
2018-05-18,68.40118408203125,69.4787512189664,67.88652716549919,69.18121269667357,1745600
2018-05-21,69.33397674560547,69.50284790581522,67.84629698025981,68.44136765935967,1468000
2018-05-22,69.10884857177734,69.6476291243213,68.65048201980495,69.47875788256252,1431400
2018-05-23,68.92391204833984,69.18124061043471,68.04738874267811,68.55400262377827,1672000
2018-05-24,69.92100524902344,70.30700086049748,68.96406865998007,69.09272977367668,1719300
2018-05-25,70.66889190673828,71.48913057227999,69.91299302372634,70.05774066263403,1478400
2018-05-29,70.82971954345703,70.83775664724277,69.90494338701704,70.21856222008545,1492500
2018-05-30,71.54541778564453,71.60975143010774,70.87797002852525,71.21571245916608,1244600
2018-05-31,70.29093933105469,71.5373714284369,69.9049436162925,71.5373714284369,1792900
2018-06-01,71.1674575805664,71.97160964362365,70.65280075102524,70.99858638354759,1269000
2018-06-04,71.30418395996094,71.61780287050586,70.6528225511669,70.95036111497411,1287000
2018-06-05,71.77861022949219,71.9153145989345,70.45175818412284,71.15940974522978,1106100
2018-06-06,73.10548400878906,73.32260241685205,71.76254508823985,71.97966963149761,1061500
2018-06-07,73.49951934814453,74.41625245315015,73.2743576922056,74.21521438389112,1257800
2018-06-08,73.53971862792969,73.9096340509329,72.8079432924285,73.37889063677623,1378900
2018-06-11,74.23128509521484,74.31170522063645,73.49950980839293,73.8854994155622,1157800
2018-06-12,74.64942932128906,74.79417692221537,73.96590136948976,74.5529288756073,1705600
2018-06-13,74.28758239746094,75.37319283947988,74.27150205200051,74.76203541367276,924500
2018-06-14,74.13479614257812,74.70574349039116,73.63621955066502,74.40820495623734,1681100
2018-06-15,75.67072296142578,75.73505661171602,73.45126110796915,74.0222145853018,1904300
2018-06-18,75.8476333618164,75.97630065549205,74.78615272976938,75.04348118192642,1448100
2018-06-19,76.0808334350586,77.17448082159517,75.49379968125243,75.50988615954512,1791000
2018-06-20,75.0032730102539,76.153210901903,74.93090225713202,76.00846326046484,2889700
2018-06-21,86.09253692626953,86.63936069535453,80.99421466511374,82.43364791219328,8042900
2018-06-22,87.54804992675781,88.07878717453836,84.7254740609243,87.0414301275193,3273800
2018-06-25,86.28553771972656,87.94208936920644,86.20511758765129,87.40330884139236,2510000
2018-06-26,86.71977233886719,87.55609138272324,85.50550690570208,86.37399277453657,2031900
2018-06-27,85.1355972290039,87.17010135175973,85.08734392416127,87.16205811175354,1880700
2018-06-28,86.84844970703125,86.88865977671446,84.86219251450773,84.86219251450773,2003500
2018-06-29,86.09253692626953,88.11900400854704,86.09253692626953,87.21835129029095,1894900
2018-07-02,88.06271362304688,88.23962809768453,85.3446751221496,85.92366571725658,2053300
2018-07-03,87.38719940185547,88.8990091408727,86.9690430468209,88.45672307143829,2591300
2018-07-05,88.60952758789062,88.84273244818272,87.58021381501106,87.93403658994214,1963600
2018-07-06,89.32523345947266,89.60668552011337,88.60953844733133,89.14831898272854,1963500
2018-07-09,89.40619659423828,89.9162541704156,88.8232701203781,89.60860127672304,2254300
2018-07-10,88.89612579345703,89.67335891734552,88.45083308747412,89.45475843371764,1993800
2018-07-11,89.43048095703125,89.85148614054867,88.58847676689689,88.61276433961895,1768200
2018-07-12,90.18343353271484,90.46679886443586,89.62479460953558,90.07008740002644,1386300
2018-07-13,90.75016021728516,90.93637524248078,89.7138492341983,89.95673732325334,955700
2018-07-16,90.09436798095703,90.62871928806653,89.09854043865367,89.65717314156757,1506900
2018-07-17,89.36568450927734,90.47486403703913,89.21995293757797,90.13482576204018,1215300
2018-07-18,90.79873657226562,91.03352673166306,89.47905416520076,89.93244482816493,1215100
2018-07-19,90.52346801757812,91.33308674572575,89.89196639792709,89.89196639792709,801800
2018-07-20,89.43048095703125,90.28058306370646,89.3495203223242,90.21581208518062,1240200
2018-07-23,89.83529663085938,90.32106665019488,88.33750316419953,89.64908777561621,1139200
2018-07-24,87.68170928955078,89.80290636925436,87.38214814137024,89.80290636925436,1798500
2018-07-25,86.66969299316406,88.7423150963068,86.5644385983975,87.43882836449875,2290000
2018-07-26,86.6373062133789,87.41453949050882,86.23249682881743,86.59682280416236,1632400
2018-07-27,86.45108032226562,87.85981507410078,86.37011969090042,87.41452851314209,1193600
2018-07-30,86.15960693359375,86.95303585184044,86.03816291243666,86.43488046000977,632000
2018-07-31,86.58061218261719,86.6291873203946,84.78325796205834,84.84802893036125,1328700
2018-08-01,86.24869537353516,86.783046781129,85.2690573031814,85.72244188399922,1207300
2018-08-02,88.06221008300781,88.34558152705844,86.09483668978814,86.60490034755962,1287500
2018-08-03,88.15128326416016,88.83946411185869,87.45501067669855,88.15938118082383,1114200
2018-08-06,89.77859497070312,90.18340422070247,88.39414807693323,88.39414807693323,972000
2018-08-07,89.04186248779297,90.43440138725218,88.57228218494618,90.03768997541962,837000
2018-08-08,88.96088409423828,89.13090324859431,87.90838368485825,89.03375297576191,735100
2018-08-09,88.58848571777344,89.77052839924988,88.52371473270323,88.93662204139946,884700
2018-08-10,88.62895202636719,89.21997016461562,87.40642617088768,87.81123548411534,892700
2018-08-13,88.51560974121094,88.84755018042644,87.8031413658993,88.68562891889208,754600
2018-08-14,89.99720001220703,90.10244819888807,87.81122624464523,89.03375197149094,818900
2018-08-15,90.95255279541016,91.27640147875283,89.52762847174222,89.52762847174222,1262500
2018-08-16,91.38975524902344,91.92410654784763,91.1063899436926,91.3492780207764,987900
2018-08-17,92.17509460449219,92.34511380288967,91.26022762923884,91.60836394316728,776900
2018-08-20,92.58798217773438,92.7094262012617,91.81074907481894,92.0860164297079,1166500
2018-08-21,92.2965316772461,92.8470726395899,91.5112005509865,92.72562859937132,626600
2018-08-22,92.10221862792969,92.4665445467994,91.49500464521346,92.45844663083118,529600
2018-08-23,92.54750061035156,92.6446570664774,90.84730277799802,91.90790117221434,1101200
2018-08-24,92.5636978149414,93.35712059925926,92.3612931610175,92.660848095609,970700
2018-08-27,92.19937133789062,93.10614646628987,91.85123506489718,92.8713563122338,643700
2018-08-28,93.0899658203125,93.32474982019134,92.0212693262573,92.0212693262573,912400
2018-08-29,93.00900268554688,93.25998870619006,92.55561814797372,93.25998870619006,518300
2018-08-30,93.60811614990234,94.15055919547396,92.51512596534101,92.90374565848067,557500
2018-08-31,93.94815063476562,94.41773094295635,93.25997600484486,93.76193562396578,999900
2018-09-04,94.94396209716797,95.2192356087812,93.89146171650347,94.00480781631505,815500
2018-09-05,96.23936462402344,96.42557344183416,94.52297097871323,95.46213151394892,1066400
2018-09-06,96.19078063964844,96.67655672475658,95.57547497180394,96.01266356536206,1154800
2018-09-07,96.47417449951172,97.31617257505056,96.10174443387987,96.22318848337713,1571700
2018-09-10,96.08553314208984,96.57940096911977,94.91158867404135,95.08969957271319,1006200
2018-09-11,96.65227508544922,97.9071865010004,96.30413880852795,97.56714814035179,1173300
2018-09-12,96.13411712646484,96.95183369551647,95.90742489193174,96.76561868749279,754200
2018-09-13,96.22314453125,96.83845623791768,95.68879960519769,96.68462676702623,862100
2018-09-14,96.38510131835938,96.66846660626085,95.8507500524023,96.66846660626085,815800
2018-09-17,95.51878356933594,96.27982068113535,95.06539305545938,96.01264512103104,992200
2018-09-18,96.2636489868164,96.78180437627184,94.73347038719027,95.46212833389306,1697600
2018-09-19,95.4459457397461,97.0327976121277,94.7901565852196,96.95993489580268,1662900
2018-09-20,94.28009033203125,100.39271367579325,93.02518511722394,99.27544215050477,3697400
2018-09-21,91.3978500366211,94.72538322349591,91.1630598839844,94.64442259287296,3062000
2018-09-24,91.7136001586914,92.08602399839222,89.64097838056509,90.08626493423121,1811400
2018-09-25,91.55166625976562,92.32889931926479,91.18733420953524,92.19126564950852,1475400
2018-09-26,91.11448669433594,92.47464631942174,91.00114057365381,91.81885716734655,1269500
2018-09-27,90.09436798095703,91.567873768425,89.9405384512921,90.90398668125593,916700
2018-09-28,90.02151489257812,90.58824557265119,89.84339777115484,90.1024755358884,1807700
2018-10-01,88.42655181884766,90.01340366531296,88.25653263996568,89.97292026119335,1444100
2018-10-02,86.66969299316406,88.66944619401447,86.58063443308517,88.50752490854435,1715100
2018-10-03,87.35784149169922,88.20793725051922,86.80730063874469,86.98541770542104,1561200
2018-10-04,87.55216217041016,87.97316733638729,87.18783624095707,87.55216217041016,1399600
2018-10-05,87.75457000732422,88.31320888443996,87.00162437260752,87.62503422789041,1574300
2018-10-08,87.71408081054688,88.20794867688856,86.48346319112336,87.78694970039895,1105500
2018-10-09,88.57009887695312,89.1407800189606,88.02387460960912,88.17062207754789,1272000
2018-10-10,87.20047760009766,89.0592751336065,87.12710695954516,88.58642760347415,1220400
2018-10-11,84.82805633544922,87.1678554737745,84.08616455600851,87.09448484237939,2045700
2018-10-12,87.03740692138672,87.52656306881401,85.7085253605924,85.91234094035026,1670800
2018-10-15,87.02110290527344,87.67331528380844,86.06724743313154,86.90696667202356,922100
2018-10-16,89.75223541259766,89.95605101437388,87.43689316199986,87.75484500317408,1562300
2018-10-17,89.62994384765625,90.20062499893162,88.48042096014123,89.58917824258313,1049300
2018-10-18,89.40168762207031,90.4289138809054,88.68425265023212,89.59734887804473,1219900
2018-10-19,86.68685913085938,89.18971464194884,86.53195727259671,89.18971464194884,1439500
2018-10-22,87.33907318115234,87.82008131143347,86.69501503176956,87.05373253774466,1068500
2018-10-23,87.39612579345703,87.73038635921796,85.94495973323093,86.4178134126183,1119700
2018-10-24,84.71392059326172,88.09725464214209,84.59162998692612,86.62978602599074,1381500
2018-10-25,86.76838684082031,87.33091994788953,84.90958936349841,85.15416437790651,918400
2018-10-26,84.71392059326172,86.59717478297067,84.1839987791132,85.95311672823122,1286700
2018-10-29,85.73300170898438,88.0320415552792,84.97480738627232,86.11616983340114,1095200
2018-10-30,88.10541534423828,88.17879220130018,84.8688223262415,86.3689085132545,1390300
2018-10-31,86.86621856689453,88.86360912812097,86.55641484787593,88.86360912812097,1375000
2018-11-01,85.4884262084961,87.70594120267533,85.4558149621159,86.65425183176124,1290100
2018-11-02,85.84712982177734,88.15431759560279,84.69760689753974,86.38519975017498,2956500
2018-11-05,86.69500732421875,87.55103539829683,85.70039234418877,85.75746046779672,2410400
2018-11-06,90.20879364013672,90.22509615277113,86.73577377285838,86.73577377285838,3451300
2018-11-07,90.6734848022461,91.46429032264032,89.12448500373722,90.22508799584983,2126200
2018-11-08,91.50506591796875,93.31494975532388,90.4778395940317,90.8202483686774,1441000
2018-11-09,91.6680908203125,92.69531679307892,91.01587852208458,91.57841147380722,1731600
2018-11-12,91.6273193359375,92.69531084125309,91.37459004108135,92.12462978191431,1634200
2018-11-13,91.35017395019531,93.01330412841925,90.92623392832661,91.88824401492428,2067700
2018-11-14,91.24414825439453,92.57302968412992,90.6245534314069,91.65993373768256,1632800
2018-11-15,91.16265869140625,92.10836624120294,89.53213358068895,90.73057053225972,1732400
2018-11-16,91.19523620605469,91.30121805986217,89.47503235297047,90.5593326432951,1604500
2018-11-19,92.49967193603516,92.9806799904615,90.69794276326775,91.10557396669816,1460700
2018-11-20,90.77131652832031,92.27955700905396,90.2414009215315,91.82300581587697,1128800
2018-11-21,90.66533660888672,91.2686290822331,90.05388976942568,90.85284970977001,707900
2018-11-23,90.95881652832031,91.97789442534817,90.10278860683377,90.10278860683377,638700
2018-11-26,89.90714263916016,92.0675893912317,89.09188018328099,91.83931689877897,1441700
2018-11-27,89.62181091308594,90.58382095524244,89.06743213930152,89.50767465553851,1629800
2018-11-28,92.40999603271484,93.06220847060011,90.26585806159794,90.26585806159794,1693600
2018-11-29,90.70609283447266,92.2958519646012,89.57287864018446,91.47243523106778,1328000
2018-11-30,90.11911010742188,91.21155878227026,89.34460706394874,90.86099568721497,1875100
2018-12-03,89.71963500976562,90.88546056075523,88.21139450299165,90.56750248325001,1959200
2018-12-04,87.84451293945312,90.4941154179053,87.70591984106241,89.36090131702545,1635700
2018-12-06,89.17340850830078,89.35276725047218,86.31998980637903,87.38798789295626,1650200
2018-12-07,85.46397399902344,89.58104611514915,85.01557711174141,89.01036482220803,1753800
2018-12-10,85.89604949951172,86.36890319827286,84.20030216461853,85.46396140993845,1816400
2018-12-11,82.95295715332031,86.84991080375704,82.24367655813121,86.74392892078082,2043700
2018-12-12,85.85527038574219,87.27383125889347,84.89326062783903,85.08892805721295,1993500
2018-12-13,84.96665954589844,86.65425268800354,83.84159330452216,85.98573768050198,1581700
2018-12-14,84.13507080078125,85.57808862234062,83.67037151688,84.13507080078125,1631000
2018-12-17,80.62129974365234,84.21660998035907,80.48270662585476,83.89865813601939,3030900
2018-12-18,84.66500854492188,85.67593229335019,82.6105498019922,83.92312291162698,4334500
2018-12-19,82.03984832763672,86.35258692058328,81.51808091941238,85.2682864985091,2706600
2018-12-20,80.77621459960938,82.21922657012497,79.38211639149644,81.4854890342867,2617500
2018-12-21,80.85774230957031,82.7083856151146,80.40119725867865,80.7436060468474,2561500
2018-12-24,78.84403991699219,80.46641063864558,78.19998176056627,80.46641063864558,907100
2018-12-26,80.36039733886719,80.36855170271224,78.59943416572378,79.10489276488782,1172400
2018-12-27,80.3441162109375,80.3441162109375,78.12660137174171,79.74897189102263,1372900
2018-12-28,80.17291259765625,81.4447263483782,79.84681256820078,80.50717321379528,1290400
2018-12-31,81.41210174560547,81.41210174560547,79.87941071074424,80.36041252925321,1163400
2019-01-02,81.46918487548828,81.61593237969349,80.08324106240761,80.92296047315315,1563600
2019-01-03,80.15660858154297,81.26536607679292,79.82235419162926,80.79251233500354,1857800
2019-01-04,82.6676254272461,82.90405231775512,80.62131464522375,81.02079156093082,2070100
2019-01-07,84.73837280273438,85.51286956693242,82.85511249680597,82.94479185518153,1889300
2019-01-08,86.1080093383789,86.40965241902128,84.5671640357722,85.20306765653586,1676700
2019-01-09,86.10802459716797,86.8716413327083,85.5414684262838,86.65815540007272,1105600
2019-01-10,86.85520935058594,86.93731739090316,85.47577297415397,86.05874820418079,996200
2019-01-11,88.66981506347656,88.84224381013864,87.380699540339,87.380699540339,1340700
2019-01-14,86.97017669677734,88.57951836642332,86.49394121147435,88.39067046792098,1493700
2019-01-15,88.07042694091797,88.27570016762614,86.60888256906645,87.39713100789282,955300
2019-01-16,87.68451690673828,88.56308611290613,86.9209002124472,88.35781287534877,1090600
2019-01-17,88.68626403808594,89.03112162321602,87.70916128244104,87.70916128244104,1116400
2019-01-18,89.51554107666016,89.66333804242716,88.31674624963509,89.21995340956754,1111200
2019-01-22,89.19535064697266,90.38593952676712,88.3332065593048,89.25282691948384,1146000
2019-01-23,88.7519302368164,89.70440102580739,87.9226309024908,89.70440102580739,1106400
2019-01-24,88.2018051147461,89.34312383905446,88.17717332801806,88.96542182552615,837000
2019-01-25,87.38893127441406,88.80942497008328,86.7895306072503,88.80942497008328,1149300
2019-01-28,88.16075134277344,88.54665976296647,86.846997625435,87.08511533009154,674400
2019-01-29,87.21649932861328,88.55487866136235,86.21476486783808,88.55487866136235,960700
2019-01-30,87.1426010131836,88.20181177354965,86.29687619464796,87.66810005119491,925800
2019-01-31,86.15731048583984,87.2657850627195,85.6318113343644,86.92914010526367,1618000
2019-02-01,86.1983413696289,86.68278320725595,85.5989407547519,86.16549689962065,1328700
2019-02-04,87.99652862548828,88.21001454332347,86.47750794370685,86.47750794370685,1312200
2019-02-05,88.7519302368164,88.80941275477029,87.49565907830801,87.93905000444776,2029200
2019-02-06,89.6961898803711,90.1395808141124,88.64519193273625,88.99826214306127,1304000
2019-02-07,89.98355865478516,90.48442577345706,89.21173566794009,89.50732958271175,1035500
2019-02-08,89.83578491210938,90.27916960348391,89.03111104463997,89.52376557406673,856000
2019-02-11,90.55833435058594,91.19057311087974,89.91788290746086,90.20526416213987,806000
2019-02-12,91.56008911132812,91.5765082162157,90.77184052342363,90.92784394540574,1181400
2019-02-13,91.66683197021484,91.96242598345998,90.15602369313356,91.58472391418967,692800
2019-02-14,91.88031005859375,92.36475193276377,90.97710899078275,91.46155086495277,893300
2019-02-15,92.06095123291016,92.9395205096795,91.78998903409392,92.43865326863465,704700
2019-02-19,91.42047882080078,92.06093653331459,91.39584703655824,92.06093653331459,737400
2019-02-20,90.76361083984375,91.98703751922945,90.6650774356437,91.74071340539193,702000
2019-02-21,91.2234115600586,91.37942120135355,89.79471179929988,90.42695051788701,1004300
2019-02-22,91.7653579711914,91.80640886366092,90.56656290977996,91.17416999253533,1035800
2019-02-25,91.21521759033203,92.43043797639189,91.10026507246126,92.43043797639189,1133500
2019-02-26,91.19879150390625,91.73250316140808,91.04278184255168,91.27269312513175,771000
2019-02-27,91.4369125366211,91.65860487949047,90.56655600354867,91.04278515942403,698700
2019-02-28,92.0527572631836,92.24160518721766,91.0920797423742,91.46978185488616,1038400
2019-03-01,91.67501831054688,93.09550543846287,91.19878295223599,92.56180009544828,779400
2019-03-04,91.3055419921875,92.66855942238095,90.32023286669155,91.65040582410946,1585000
2019-03-05,90.87857055664062,92.05273375931147,90.6486655263737,91.65039995634436,1534000
2019-03-06,89.94254302978516,91.36303064951339,89.67979347637369,91.11670646693962,941100
2019-03-07,89.03109741210938,90.04925078561631,88.61233830721845,89.93429828849978,1194100
2019-03-08,88.38243103027344,89.30205724789514,87.65165891843196,89.12141582439435,1379500
2019-03-11,89.3184814453125,89.59765627877529,88.12789928893562,88.43991232450796,910000
2019-03-12,89.86041259765625,89.9671524237537,89.11321502164826,89.6879838334487,838800
2019-03-13,90.35306549072266,91.19879019434762,89.9260936650755,90.13957957789907,1166700
2019-03-14,90.35306549072266,90.95245981305565,89.90967456306221,90.39411637797677,1132500
2019-03-15,90.86214447021484,91.46153878670903,90.04925797853492,90.35306461057667,1903100
2019-03-18,91.21521759033203,92.07736773880525,90.46802622417198,91.25627474576119,1259200
2019-03-19,90.62403869628906,91.45333813447698,90.1970668186319,91.45333813447698,1279200
2019-03-20,89.21176147460938,91.10848442269982,88.94079926361279,90.55835358057426,1907300
2019-03-21,95.33708953857422,95.7065788084143,92.37294390413943,93.18582405645233,3790600
2019-03-22,96.42916870117188,97.05319490168401,95.09078303563274,95.42743418924088,1957700
2019-03-25,97.47195434570312,97.80860550013753,96.3881117799333,96.60981040954688,1678700
2019-03-26,97.79217529296875,98.50652845996397,97.12709196591827,97.2092000132362,1404700
2019-03-27,97.72647094726562,98.12881096526536,97.19276559159185,97.71005184616673,1520200
2019-03-28,99.458984375,99.59857493410293,97.97280817603303,98.14523693963346,1319800
2019-03-29,99.73814392089844,100.47712869751041,99.17158788142243,99.91878534011924,1270100
2019-04-01,98.92527770996094,100.46893014361298,98.49830588368066,100.2800760157502,950700
2019-04-02,97.85787200927734,98.66254597156886,97.15173147025916,98.66254597156886,1374400
2019-04-03,97.2584457397461,98.51472306448254,96.88895646240329,98.51472306448254,1297900
2019-04-04,97.30773162841797,97.48837308784091,96.06787946419519,97.36520788692141,1063800
2019-04-05,97.69364929199219,98.03029416929138,97.23383294560246,97.59511587538528,1564800
2019-04-08,97.98101806640625,98.14523414198034,97.33235391833769,97.71005590371146,1185700
2019-04-09,96.7002944946289,97.70836489158998,96.60114416316705,97.5513684613556,779700
2019-04-10,96.68375396728516,97.22084127998572,95.9070428903316,96.77464595731435,789500
2019-04-11,96.13839721679688,97.08862759878917,95.692201916451,96.66721987556308,1130200
2019-04-12,96.2623519897461,96.95642944166133,96.03099283910768,96.2623519897461,1039000
2019-04-15,95.72527313232422,96.26236052482068,95.48564933246996,96.21278536073518,853300
2019-04-16,95.63436889648438,96.4606551472328,94.82461190102666,96.09709348366688,879300
2019-04-17,94.5436782836914,95.74179721824645,94.04790775742158,95.56827784925522,1657700
2019-04-18,96.56808471679688,96.76639166892899,94.73372807339787,94.92377039717238,1632800
2019-04-22,96.52676391601562,96.91511948004205,96.05578098399859,96.15493760802578,1446100
2019-04-23,96.67549133300781,97.7579243041368,96.00620148723355,96.53502418336251,1395800
2019-04-24,97.44393157958984,97.89839151010256,96.46064898669692,96.642432958902,828500
2019-04-25,98.4520034790039,98.82382975299903,97.18778658254426,97.36956425387874,1793700
2019-04-26,100.49293518066406,100.70776506499843,98.7246831243086,99.27829339435011,1565900
2019-04-29,99.42700958251953,100.70774927642023,98.9477621235598,100.59206972481792,1178100
2019-04-30,97.1712646484375,99.10477780943891,95.87399544926058,99.10477780943891,1617800
2019-05-01,95.46085357666016,97.20431814378287,95.4030137888247,96.98122362043583,1024700
2019-05-02,97.34478759765625,97.75793075025346,95.9070511917559,96.06404760704339,1764900
2019-05-03,97.23735046386719,97.86532967768674,96.71679247981709,97.61744132105558,945500
2019-05-06,98.06364440917969,98.2371637510488,95.86572013737774,96.21276512517923,997600
2019-05-07,98.7081527709961,98.90645970204608,97.55135078242112,97.55135078242112,1691700
2019-05-08,98.22064208984375,98.8899318892719,97.73312995757058,98.53462857390787,886900
2019-05-09,99.44355773925781,99.45182236762808,97.6753055118825,97.99755667361491,974800
2019-05-10,100.60034942626953,100.8234439366301,98.74947001921151,99.27002807942867,984300
2019-05-13,99.3031005859375,99.75756063114126,98.65859819751397,99.2039439476935,1015900
2019-05-14,100.00543212890625,100.82345381916096,99.2204626478824,99.29482539060359,1057900
2019-05-15,99.94758605957031,100.6499281254246,99.6583871270496,99.8814816452616,999200
2019-05-16,98.2867431640625,100.90607526766556,98.06364865886655,100.23677914395061,1405000
2019-05-17,99.0386734008789,99.61707127160763,97.5183033771486,97.5183033771486,1863500
2019-05-20,101.55882263183594,101.85627981361448,98.84859906038984,99.28653596747839,2044100
2019-05-21,103.10398864746094,103.55844856859626,101.7158276113405,101.80671959556757,1696900
2019-05-22,101.65798950195312,103.3931892496121,101.03001022898755,102.81479143508024,1781500
2019-05-23,99.78234100341797,101.71584802895403,98.85689802555068,101.55059328122198,1739000
2019-05-24,99.26177978515625,100.01370341103826,98.50986246333898,99.71623981223492,1232500
2019-05-28,97.60919952392578,99.9723788746836,97.56788899086726,99.75754897302507,2376500
2019-05-29,95.7913818359375,97.08038659229919,94.7750467982997,97.00602384284674,1746100
2019-05-30,97.21259307861328,97.63400089413031,95.56002033202934,95.667435291094,949600
2019-05-31,96.11360931396484,97.04731043867092,95.77483525437049,96.41933747355374,1359700
2019-06-03,96.22103118896484,96.38629222122809,95.34516978219291,95.85746952611329,1402000
2019-06-04,97.518310546875,98.79905688859084,96.55155704726636,96.71681809681343,1633700
2019-06-05,97.51004028320312,97.9644939296687,96.8242211957003,97.74139942017668,1210500
2019-06-06,99.71623229980469,100.286371871902,97.29521315553413,97.50178473335905,1114600
2019-06-07,100.24506378173828,101.33576155566166,99.98891702018551,100.26158673561774,1146000
2019-06-10,98.3115463256836,101.42664288952056,97.88187392125248,100.48467701589007,886400
2019-06-11,98.35287475585938,99.79061140818095,98.09672797464731,98.79907019362786,1094900
2019-06-12,97.34478759765625,99.17087957564824,96.78291265796146,99.02214778855068,1143600
2019-06-13,98.24542999267578,98.74120044960168,97.51003578235527,97.5926631411657,1265900
2019-06-14,98.88994598388672,99.31135376776786,98.01408451125056,98.12976409050196,895300
2019-06-17,97.75791931152344,99.13782207082346,96.61764661324243,99.01387787873426,1833000
2019-06-18,97.44393157958984,98.65030867214865,96.88205671280295,97.78270564264744,2129500
2019-06-19,97.0142822265625,98.54291069508382,95.66743145746675,97.42742539665282,2491700
2019-06-20,98.05538940429688,99.02214281988991,92.9572046700356,94.89897612899688,4003800
2019-06-21,100.17066192626953,100.35243956423624,98.05536532382328,98.3610934357869,2277600
2019-06-24,100.79865264892578,102.43470211293295,100.39377417254465,100.49293078686927,2263700
2019-06-25,101.7488784790039,102.37685773340041,100.8730171560221,101.12916385144587,1561500
2019-06-26,99.1626205444336,102.00504112727063,98.55116414402352,101.64973776640798,1788600
2019-06-27,100.42682647705078,100.55902899221809,98.91472120343188,99.15434496024008,1047100
2019-06-28,100.58381652832031,100.79864638992211,99.2948058383941,99.9723602340482,2434900
2019-07-01,100.4681396484375,101.88935297224475,99.44354648869465,101.52579131792133,1201300
2019-07-02,99.84017181396484,100.54251388474057,99.41876404987383,100.47640946996866,1076400
2019-07-03,100.56727600097656,101.17046760093235,99.93929682777343,99.93929682777343,605900
2019-07-05,102.16204833984375,102.19510055179713,100.236799545997,100.69952420927949,630200
2019-07-08,103.26925659179688,103.43451131743977,101.22006395188097,101.85630158007619,1860100
2019-07-09,102.00440216064453,103.876729631954,101.64657932328805,103.11947414059418,1370800
2019-07-10,101.10568237304688,102.52865047422294,100.4482866393866,102.03768765660953,1128300
2019-07-11,101.79635620117188,102.12921565674203,100.61471116522556,101.29707019219966,958500
2019-07-12,103.8184585571289,104.13467151344739,102.12920446502552,102.37052103638428,1000800
2019-07-15,104.36769104003906,104.8420137390571,103.776868474509,104.00155132332976,842600
2019-07-16,102.52864074707031,104.40929125299493,102.46206758696754,103.33582285421006,1511900
2019-07-17,101.6965103149414,103.09451513978655,100.90597455543046,102.72005216923229,1437900
2019-07-18,103.24430084228516,103.26926419363718,101.48847317783462,101.87125937902177,988900
2019-07-19,103.52721405029297,104.13467664748082,102.536958975577,103.08617164770895,999000
2019-07-22,104.4009780883789,104.66726440570254,103.23597306930051,103.7935154029687,941800
2019-07-23,104.15133666992188,105.2247988073046,103.76022725844504,104.9834821926329,954400
2019-07-24,103.38575744628906,104.90858526892909,102.82822147256833,104.17629949816603,989800
2019-07-25,102.84484100341797,103.46063313499181,102.35387829315889,103.19434687630981,955300
2019-07-26,104.81702423095703,105.13323716846664,102.9446972522827,103.40237971990908,827500
2019-07-29,105.36626434326172,105.47444097152281,104.12636299070962,104.81704527186018,1009900
2019-07-30,103.75188446044922,105.14156569761218,102.97798901631539,104.95849270133628,651400
2019-07-31,101.15560913085938,103.28590601610152,99.97396399570601,103.28590601610152,1159200
2019-08-01,100.5897216796875,101.5716533886264,99.95729582216163,101.18886731209291,977900
2019-08-02,99.93234252929688,101.35531681415542,99.73262940197664,100.63967123009488,890200
2019-08-05,98.2098159790039,99.69104040546893,97.12803056267339,98.82560826314446,1000400
2019-08-06,98.10163116455078,99.3248860488622,97.96016795516182,98.45113074613512,974500
2019-08-07,98.9670639038086,99.33320995295301,96.83677346973117,97.66059573153981,1092800
2019-08-08,101.56334686279297,101.59662709130691,98.93376439660975,99.38312366673341,1075900
2019-08-09,101.87956237792969,103.09449390964157,100.53148453376224,101.28873990113071,1513900
2019-08-12,100.40666961669922,102.12921038544405,98.30133636710823,101.62991805347626,1038200
2019-08-13,100.82274627685547,102.28731770511527,99.79088134255053,100.43163689758444,899500
2019-08-14,97.1946029663086,100.12375251448088,97.17795649996724,99.85746619191976,1173600
2019-08-15,95.62183380126953,97.56905104769224,95.397150981288,97.17794168227424,1480000
2019-08-16,97.44422149658203,97.90190398930324,95.77993075761816,95.96300375470663,839900
2019-08-19,99.4996337890625,100.13206612515717,98.10162914277045,98.57595180764991,921800
2019-08-20,98.91712951660156,99.59116528307128,97.66058814006703,99.37480569368915,698600
2019-08-21,99.46635437011719,99.84082366857369,98.62588560559918,99.30824468751779,947200
2019-08-22,100.60639953613281,101.4801485654145,99.4913211836827,99.4913211836827,844700
2019-08-23,100.29849243164062,102.11256980925697,99.89906616155535,100.56477872795283,1038000
2019-08-26,100.85603332519531,100.9142832569751,99.42474838021118,100.9142832569751,786600
2019-08-27,99.4580307006836,101.0807182893409,99.15014091857263,100.85603544149969,1118100
2019-08-28,100.02388000488281,100.44827595972228,99.05859458950655,99.37480757322594,639500
2019-08-29,101.38859558105469,101.9045280303468,100.16534713870736,100.26520052654304,941800
2019-08-30,100.67296600341797,102.28732396619834,100.44828316172519,101.33035536555191,905100
2019-09-03,99.4580307006836,101.06407182347371,98.70910480459034,100.3317860444811,805800
2019-09-04,101.6216049194336,102.28731747200747,99.54955817211545,99.89074085496276,1200500
2019-09-05,103.23595428466797,103.83509997681831,101.38027363406586,102.49534540097254,1020000
2019-09-06,104.41763305664062,106.19010090545312,103.56884098628126,103.75191403474179,1812400
2019-09-09,106.15680694580078,106.2733068142259,104.07644308282846,104.74216205848627,1166600
2019-09-10,105.64088439941406,105.81564056732314,103.9682762667279,105.50774440096818,1049000
2019-09-11,105.84890747070312,106.50630319252417,105.24144479718016,106.05694385044016,977300
2019-09-12,104.90026092529297,106.06526590867198,104.8253708768249,105.74905290052946,1044800
2019-09-13,105.96540832519531,106.85581013360223,104.81704978387681,105.04173263140063,1088100
2019-09-16,105.6075668334961,106.57285846329921,104.90856145523091,105.05002463756809,1282200
2019-09-17,104.85034942626953,106.46471398078747,103.87674056244404,105.92381805129531,1330200
2019-09-18,105.79065704345703,106.18176645133578,105.14990779032148,105.22479783926859,1519000
2019-09-19,100.42330932617188,103.1111418205177,100.22359620345063,101.53838113919504,4339900
2019-09-20,99.6910400390625,101.14729476046669,99.06693087274641,100.3650759070785,1976300
2019-09-23,99.18340301513672,99.88240203859259,98.52600744854468,99.60779255847851,1528500
2019-09-24,98.04338073730469,100.79778025960424,97.67723469249162,99.73263505516572,2467100
2019-09-25,98.6092300415039,99.14180259036691,97.95183441270868,98.19315734090685,1555800
2019-09-26,96.89501190185547,98.51769288387956,96.22929304582401,98.21812003354196,1216600
2019-09-27,96.82846069335938,97.65228304413023,96.14610156821006,97.09474702637455,1113000
2019-09-30,98.37622833251953,98.69244129294901,97.19458341070016,97.19458341070016,1377700
2019-10-01,97.36934661865234,98.91713775474146,96.78684096007456,98.42616860895781,1735800
2019-10-02,96.4123764038086,97.02816228507838,94.9061951075043,96.62041277506681,2908400
2019-10-03,96.0711898803711,96.95326837652779,94.84794139906667,96.36244586754286,1782800
2019-10-04,96.87838745117188,96.98657044039831,95.88813852249848,95.89645540723362,1329700
2019-10-07,96.3541259765625,96.8700584601762,95.93805323619326,96.70362555476879,1210900
2019-10-08,94.81465911865234,96.18769409750864,94.78969576976641,95.87148109700975,1503900
2019-10-09,94.31986999511719,95.26751108056605,94.05989907746788,95.0746314959171,2019500
2019-10-10,93.95088195800781,94.89852952128449,93.58188599367479,94.44567258274365,2172300
2019-10-11,94.79789733886719,95.71199288117272,94.61339934730908,94.80628535616961,1424000
2019-10-14,92.6258316040039,94.61336878255905,92.57551631280874,94.5546654767712,1106300
2019-10-15,92.49166870117188,93.01161691184062,92.08912711901198,92.8019613040489,1275400
2019-10-16,92.24847412109375,93.10386624774388,91.99688481421803,92.51683306260966,1149700
2019-10-17,91.52726745605469,92.65940665430603,91.48533376797103,92.65940665430603,1007700
2019-10-18,92.6258316040039,92.85226321074309,91.53562643963234,91.74528201718616,1195600
2019-10-21,92.38265991210938,93.52318065344832,92.2484772377271,92.64263084599743,1021000
2019-10-22,91.25889587402344,92.81873416203776,91.04924025894819,92.4916719143749,1172600
2019-10-23,92.58392333984375,92.60908099060755,91.05763067774949,91.28405593280544,1196300
2019-10-24,92.5923080444336,93.36383916510988,91.90463149118291,92.84389094125505,1227400
2019-10-25,94.23602294921875,94.52115155931915,92.33234608274327,92.33234608274327,1102000
2019-10-28,93.38060760498047,94.95722189023493,93.34706193953022,94.3869583739436,867000
2019-10-29,95.39332580566406,95.51912048196748,93.85864483076506,94.94885682781728,1666100
2019-10-30,94.75594329833984,95.535862387204,93.49800969682869,95.08300552287825,1146700
2019-10-31,94.1521224975586,95.31781337706822,93.8753820020817,94.90688384472368,865100
2019-11-01,94.06828308105469,95.12494920897191,94.03473741370378,94.46243667470058,822800
2019-11-04,93.04517364501953,94.34504121661031,92.8522940326256,94.08507026156519,1072500
2019-11-05,94.57146453857422,94.86498755703879,92.80197679967849,93.00324442527445,1150200
2019-11-06,94.5882339477539,94.79788957586804,93.76638107034643,94.73918625592336,837100
2019-11-07,95.1668930053711,95.41847593996398,94.61339903253824,94.99916465079333,926900
2019-11-08,96.36610412597656,96.36610412597656,94.97398785537999,95.06623683225958,989000
2019-11-11,95.90486907958984,96.3996532807165,95.4100784802813,95.75391677450034,921900
2019-11-12,94.29473114013672,96.17324405131082,92.03883420424955,95.88810902831541,931800
2019-11-13,94.4121322631836,94.71403690598457,93.54835202335178,93.92572962776173,895000
2019-11-14,94.31986999511719,95.24235343023634,94.01796539479723,94.35341566161738,613400
2019-11-15,94.42888641357422,94.91528896922715,93.90055657440871,94.7224029908884,1256300
2019-11-18,94.99915313720703,95.6113503604002,94.16891867676195,94.30309494597992,2205500
2019-11-19,95.17525482177734,95.52748109401327,94.67208265910183,95.13332754049341,1020900
2019-11-20,96.23193359375,96.60931116621738,95.16688581492777,95.33460775865059,908500
2019-11-21,95.17525482177734,96.66800167692655,94.94044157240752,96.55059505224165,696200
2019-11-22,96.16484832763672,96.32418866295959,94.71403486812008,95.46879006070068,645600
2019-11-25,96.99507141113281,97.57371652565232,96.19837627944344,96.65962116611524,894300
2019-11-26,98.27816009521484,98.37040907012297,96.80218289486568,97.10408746762303,1578400
2019-11-27,98.50458526611328,99.1419400746801,98.32847533180819,98.747786527253,885800
2019-11-29,99.3264389038086,100.03087864726598,98.32847620239616,98.68069607412485,803500
2019-12-02,100.06442260742188,100.16505959685155,98.94905330108863,99.36836449310735,997600
2019-12-03,99.35161590576172,99.73738151635195,98.16077340374201,99.5696595632892,1316600
2019-12-04,98.91553497314453,99.66190858934291,98.37043539142734,99.20905800721724,1069500
2019-12-05,99.36837005615234,99.64511699394156,98.39557136326181,99.1587144484056,1308400
2019-12-06,100.49213409423828,100.61792874685138,99.46062562062913,99.83800957846839,977800
2019-12-09,99.04132080078125,100.60954725561187,99.04132080078125,100.60115923871184,1369700
2019-12-10,99.44386291503906,99.5948152290563,98.71425899759205,99.04132127826568,1071600
2019-12-11,98.48783111572266,99.69544319767645,98.39558212636882,99.43547226305135,995400
2019-12-12,97.50662231445312,98.30331742259003,97.15440244677883,97.49824069725689,1054700
2019-12-13,96.92797088623047,97.61564094409063,96.399634721046,97.2214874234548,918800
2019-12-16,97.29698181152344,97.78338440796888,96.52545062982644,97.42277646897409,925900
2019-12-17,97.28858947753906,97.66596701014413,96.78541730133851,96.87765988191508,1041300
2019-12-18,97.54017639160156,97.95948762210203,96.45835264912854,97.55695242380328,1610500
2019-12-19,91.43500518798828,94.76433735597358,91.43500518798828,93.95926056745682,5406000
2019-12-20,92.44973754882812,93.79992021178855,91.66143679273473,92.24846995133423,3928700
2019-12-23,91.15824127197266,92.19813752862338,90.49573528667054,92.19813752862338,1871900
2019-12-24,90.99053955078125,91.36791710946108,90.69702296089896,91.15826148837633,668500
2019-12-26,91.33438110351562,91.72852831076361,90.60477721272929,91.30083543516179,1013500
2019-12-27,90.5796127319336,91.00730557529035,89.98419155945324,90.77249231269882,1520600
2019-12-30,91.37631225585938,91.40985792563231,90.14353608397884,90.57123537585586,1478600
2019-12-31,91.4182357788086,91.69497632684846,90.53767964017,91.4182357788086,1601000
2020-01-02,94.14376068115234,94.14376068115234,91.7369118784899,92.08075016380528,2745500
2020-01-03,94.24436950683594,94.36177611416132,92.98643608705243,93.5566994932815,1371300
2020-01-06,94.86497497558594,94.89013262567609,93.61542290353415,94.02635251561209,1595900
2020-01-07,94.05152130126953,95.1668908406565,93.69930136194176,94.10183660740711,1901800
2020-01-08,95.4771728515625,95.66167083011453,93.7747701555849,94.13537809597784,1675800
2020-01-09,96.67728424072266,97.61540684835373,95.20671628066093,95.85748282252061,1906700
2020-01-10,96.8125228881836,97.04916529330944,95.97581466546039,96.83787651044393,1146100
2020-01-13,95.71380615234375,97.09985987129097,95.54477772730964,96.81251025912876,1517400
2020-01-14,94.8348617553711,95.36730719625538,94.37003027625627,95.36730719625538,2080700
2020-01-15,94.05731201171875,95.19827010904262,94.02350503389901,94.83485315750758,1511300
2020-01-16,95.51097869873047,96.22090588056142,93.58402612173604,93.91363609158921,2681700
2020-01-17,95.9420166015625,96.1364051369914,95.46873174733223,95.73918115660989,1050200
2020-01-21,96.8125228881836,96.93084409074652,95.51098321196945,95.59549743551126,1502800
2020-01-22,97.17593383789062,97.57315130875341,96.88857775800814,97.04070593017614,1423000
2020-01-23,99.40715026855469,99.49166449327375,96.93929234981259,97.15058113562127,1525100
2020-01-24,98.95921325683594,99.53391901581826,98.51128205975101,99.51701874997556,1080200
2020-01-27,98.35913848876953,98.87468356462269,97.93656098056341,97.95346769178344,1133500
2020-01-28,99.26346588134766,99.61843593087306,98.57043894354562,98.7479207442974,1391800
2020-01-29,100.75093078613281,101.07208737762733,98.40985418008698,99.56771244943643,1124700
2020-01-30,99.90579223632812,100.21004861447963,98.3169028322209,100.12553438677583,1336100
2020-01-31,98.40139770507812,100.14241495581554,97.89430599057432,99.98183988916894,1081700
2020-02-03,97.12523651123047,98.99302877705921,97.09142952860637,98.99302877705921,1343600
2020-02-04,97.66610717773438,98.66339030952592,97.65766027053077,97.94500986795202,1511700
2020-02-05,99.28882598876953,99.41559409791034,97.6576763549322,97.96193271291381,1700800
2020-02-06,102.68634796142578,102.93989707881092,99.60998381406104,99.71140475061947,2089300
2020-02-07,102.01866912841797,103.066659624179,101.59609158760868,102.68634241665924,1555400
2020-02-10,102.93144226074219,103.08357043940907,101.62144925288729,101.94261232341837,979800
2020-02-11,103.3033218383789,103.46389694002195,101.98487535569579,103.01596572045247,1565100
2020-02-12,103.48922729492188,104.80767348115752,103.31174551847151,103.6582621639372,1150400
2020-02-13,103.33712768554688,103.47235561811826,102.4919724510439,103.2103595587896,1081100
2020-02-14,102.86382293701172,103.64136405495294,102.542666331259,103.51459595269625,736900
2020-02-18,101.83273315429688,102.61028072358701,100.58190725452064,102.39899195489305,1062800
2020-02-19,101.99331665039062,102.44970117334061,101.38480395312399,102.10318449094424,905300
2020-02-20,101.99331665039062,102.26376602161784,100.928419430174,101.75667425656953,757400
2020-02-21,102.34827423095703,102.59336996674239,101.38479799953663,101.4017047112577,1372200
2020-02-24,99.63533782958984,101.22422715381397,99.17049992855576,100.64952140709087,1177500
2020-02-25,94.44608306884766,100.10017278975906,94.37002220437957,100.10017278975906,1481600
2020-02-26,90.49076080322266,95.08840683943569,90.46540718064415,94.5728616869329,2085200
2020-02-27,83.97461700439453,88.32716735716369,83.92390975828786,88.1074252106645,3096600
2020-02-28,82.40262603759766,85.15783359568555,79.63897157069714,81.57437116439776,2593000
2020-03-02,83.50133514404297,83.56049574927529,80.76302769266056,82.61391961753569,2405300
2020-03-03,80.5517349243164,84.8535779716254,79.83335433962084,83.22242828147044,1693800
2020-03-04,80.34043884277344,81.9293345001567,78.96283840078524,81.59972453889559,1789200
2020-03-05,74.33139038085938,79.79109814178194,73.84965221936878,79.79109814178194,2700400
2020-03-06,74.50041961669922,76.49498606846768,70.81554304973858,71.39024874682477,2449200
2020-03-09,65.44037628173828,69.83518133941195,65.27134779799057,69.3618964264997,2492100
2020-03-10,69.80982208251953,69.88588940768862,64.536055148958,68.33925375881948,2301300
2020-03-11,59.33833312988281,67.01234225246982,58.907302264604134,66.80950685328854,3773100
2020-03-12,50.0078239440918,56.921192674573525,48.402031245507324,53.2194157892822,4078700
2020-03-13,55.205528259277344,55.273142211600025,50.10924427934556,54.05611686187731,4062300
2020-03-16,41.590087890625,49.32325949681453,39.02081523025918,49.22184177243494,4490200
2020-03-17,35.437355041503906,42.39298141037952,30.374874368141498,42.17324249401157,9908500
2020-03-18,28.870498657226562,33.02021015122216,22.100805979085735,31.41441413990365,8833600
2020-03-19,35.85147476196289,39.33351580072081,25.77722836962242,28.50707872483559,10989700
2020-03-20,32.961055755615234,38.725014478548054,31.321455681236472,38.45456504821777,8879200
2020-03-23,34.67671203613281,35.69935213717452,31.397512634214944,33.7047856247438,7799000
2020-03-24,45.5453987121582,46.6525528323246,38.03197189200209,38.14184293574629,8707600
2020-03-25,49.399314880371094,57.23390282865058,45.638374144067114,47.886486519240364,7946600
2020-03-26,51.18260192871094,52.771491441041746,47.582238840702416,49.424677501436825,4744200
2020-03-27,46.1961784362793,48.773900891074284,44.37064351765616,47.81042457624692,6019800
2020-03-30,48.04706573486328,48.883770695278926,43.11981322044924,44.827026894743454,4062600
2020-03-31,46.02715301513672,49.86415853002327,44.88619474515598,48.089333838050706,6167900
2020-04-01,38.89404296875,43.22969007844808,38.031984271709895,42.511306218909034,6602900
2020-04-02,37.448822021484375,41.961950189192,36.43463530055927,39.11377530412563,4708200
2020-04-03,38.437652587890625,39.20674358045707,36.493796551910556,37.38966209587146,3640600
2020-04-06,44.28612518310547,47.2272643219758,41.41259677064046,41.58162842266968,4857900
2020-04-07,49.83034133911133,53.532121387939945,47.83577489066476,48.714736922863366,6526200
2020-04-08,53.72651290893555,55.23088805213016,50.18531397253487,52.534844270155425,4056600
2020-04-09,54.377281188964844,58.45938225610156,52.509492238841965,57.44519861925797,4871900
2020-04-13,51.461483001708984,55.09565176790133,50.540264002094446,54.93507026836574,2192100
2020-04-14,51.68123245239258,54.68152900267871,51.31781552398932,53.557474465811694,3110800
2020-04-15,49.68666458129883,50.43039868033155,48.232996909898446,48.90067015190309,3735800
2020-04-16,49.0020866394043,50.700849999228126,47.759707754519155,49.60214591718823,2995500
2020-04-17,53.54057312011719,55.2984972370539,50.9966577435239,53.90399006306063,4037500
2020-04-20,52.22213363647461,54.55476348369255,51.56291047582042,51.841813202253114,2397700
2020-04-21,53.51522445678711,53.87019130036348,51.82491413730802,52.906711710091095,7066000
2020-04-22,57.72408676147461,58.704463169139714,54.90971917695189,54.918172532058335,6672400
2020-04-23,56.5155143737793,58.73826959246576,56.03377630554609,58.721369330431536,4055100
2020-04-24,58.1635627746582,58.56923998341811,55.568937364023114,57.208540012731184,3508600
2020-04-27,61.18922805786133,61.366709847929336,58.05370353728365,59.16085461019327,3282400
2020-04-28,63.217613220214844,65.16991972076102,60.19195597623485,64.57831364423873,4122700
2020-04-29,66.0995864868164,68.60969842712957,65.05159585903012,66.02352561493898,3908800
2020-04-30,62.363990783691406,65.53332216378672,61.51883574899932,65.0262304325757,3299100
2020-05-01,59.03408432006836,61.11316515832856,57.538162582693765,59.49892221903832,3467700
2020-05-04,59.684852600097656,59.752460104335256,55.79713416948392,56.74371015704558,2043000
2020-05-05,58.3072509765625,61.383615153089366,57.977640989650475,61.079358788551815,2524200
2020-05-06,57.64802932739258,60.200401372612426,57.63957597083944,58.89040837181171,2553300
2020-05-07,59.608787536621094,60.93568077157188,58.11286586267874,58.518536695467134,2304500
2020-05-08,63.149986267089844,63.28520772190336,60.639874740904865,60.868063766912,2995600
2020-05-11,62.48232650756836,63.49651020591341,61.26530091113614,61.941427675381306,2728600
2020-05-12,59.431297302246094,63.496490649351635,58.205825173515784,63.014752573806945,3604100
2020-05-13,55.67881774902344,58.86505620607653,53.59973689903128,58.797442248022655,3964800
2020-05-14,56.33804702758789,56.81978521913514,51.73194745771951,53.24477599384704,3676700
2020-05-15,58.831260681152344,59.253838329229566,55.23089731408794,55.78024954619296,2528900
2020-05-18,63.76694869995117,64.70507136184813,62.837279394365616,62.99786092417441,2982100
2020-05-19,64.07966613769531,65.92210470664817,61.37517211355459,63.386639141007855,3251300
2020-05-20,66.19254302978516,66.70808812434878,64.52758655534407,65.92209367263877,3942500
2020-05-21,65.26287078857422,66.12492606012185,63.87681709046483,65.93054401905707,2855400
2020-05-22,63.91908264160156,65.90520243260941,63.50495841727366,65.6601066616335,2551900
2020-05-26,66.3193359375,68.28009593166897,65.93056528196908,67.36732668058434,3052800
2020-05-27,68.93085479736328,69.04917600737366,66.15029346607481,68.83788721120908,3074000
2020-05-28,67.18983459472656,69.64078582552227,66.55596823062537,69.64078582552227,2835400
2020-05-29,64.9586181640625,67.16447337756043,64.12191646350095,65.98125500875358,4400300
2020-06-01,66.18408203125,67.0630439524828,64.9586099336967,65.07693111078376,2337100
2020-06-02,66.02352142333984,67.24054043227112,65.19526655446401,66.7249952844241,1996100
2020-06-03,72.6241683959961,73.11435983669094,66.7841443323193,66.99543307937526,4058200
2020-06-04,72.7171401977539,74.5595784373612,70.84089498288523,72.13398115853224,3023900
2020-06-05,72.33683776855469,77.81344685403356,71.80439226014244,77.644418376195,3542100
2020-06-08,71.61845397949219,75.06668894219997,70.52820293475268,75.06668894219997,3906100
2020-06-09,68.36459350585938,69.9788427942766,67.27434268526784,69.9788427942766,3284600
2020-06-10,65.72769927978516,68.40684543925761,64.84029042874725,68.2716175488019,2890600
2020-06-11,61.63715744018555,63.69933780500203,59.82007281118915,60.85116299359739,4509700
2020-06-12,64.18107604980469,64.78958871264736,60.78354916494017,64.43461869397495,3046800
2020-06-15,64.65435791015625,65.81222258878908,61.02864216339282,61.52728696952702,2501300
2020-06-16,64.83185577392578,68.84634304548777,64.493792398295,67.95893393848236,3040900
2020-06-17,62.70206069946289,65.2544263362652,62.42315796107753,65.2544263362652,2495800
2020-06-18,62.65134811401367,63.81766633221835,60.90187723472864,61.696325128517685,2295700
2020-06-19,59.3890380859375,63.96978301493798,59.211556312470115,63.81765485939153,6749900
2020-06-22,60.30182647705078,60.36098708729617,58.04526348166149,58.98338633556902,3835600
2020-06-23,63.68243408203125,63.7585013923143,61.18077581531552,61.696320930715274,3107600
2020-06-24,59.84543991088867,62.39781232226512,58.239650128605156,61.687878574456775,4127400
2020-06-25,63.040122985839844,64.59521189972904,61.079363188690806,62.82883418680213,6345800
2020-06-26,61.6540641784668,63.29366719467672,59.43976186373256,63.03167116764101,7299600
2020-06-29,64.76423645019531,65.28823496146524,60.715942531249254,62.49922040332004,3880700
2020-06-30,64.03741455078125,64.46844556129355,62.77813495319241,63.84303244174264,2987800
2020-07-01,64.32474517822266,65.18680040909551,62.42314649880659,63.67397224148646,3791300
2020-07-02,63.20069885253906,66.0066135934898,62.60909284764837,65.8967457491592,3669800
2020-07-06,63.378173828125,64.23178221298026,61.52728869901061,63.91907253091893,3023300
2020-07-07,61.01175308227539,63.319023058882905,60.91033214175665,62.79503098625813,2220500
2020-07-08,61.79774856567383,62.15271219077762,59.9891170114529,60.00601727778163,2008500
2020-07-09,60.29336166381836,62.490770079497544,58.966468416392665,62.490770079497544,2369700
2020-07-10,60.927207946777344,61.011728587287365,59.12703049945444,59.16083746605454,1974600
2020-07-13,61.61180114746094,64.3247479394559,60.35252199559259,62.80346635141154,3578400
2020-07-14,61.63715744018555,61.77237889386693,60.022908215721856,61.21457991939667,1741100
2020-07-15,66.86866760253906,67.00388905296799,63.47114080622471,63.682429561537056,3042700
2020-07-16,64.81494903564453,67.13912564502989,63.80921236676167,66.89402988336845,2373100
2020-07-17,65.50798034667969,65.60939484238052,64.18108696107412,64.79804663666205,2224100
2020-07-20,62.78656005859375,65.09382938951941,61.73011640391561,64.93325433866218,1977200
2020-07-21,63.809207916259766,64.57830212659215,63.21760194525138,63.631726124957254,1862700
2020-07-22,65.40655517578125,66.01506790274799,63.0908319186218,63.23450674359396,1397300
2020-07-23,64.37545776367188,65.39809458694947,63.21759948714512,64.6543604740261,1554000
2020-07-24,66.46300506591797,66.59823299429891,63.530315461387126,64.30785670550998,1783700
2020-07-27,64.54448699951172,66.09956904009009,63.91062077575018,66.0319550953639,2379500
2020-07-28,64.0965576171875,65.1022942170465,62.72741052617566,63.21760201585665,2306100
2020-07-29,66.63202667236328,66.97009001050856,64.61210644817308,64.81494831987337,2110600
2020-07-30,66.38692474365234,66.69118104535268,64.61209416772682,65.24596038826576,1532800
2020-07-31,64.14726257324219,66.32776391143626,64.03738830201792,66.32776391143626,2718900
2020-08-03,62.95558547973633,64.51067381867446,62.44004048485108,64.41770626562827,1871600
2020-08-04,64.637451171875,65.42344550604207,63.14152335135364,63.14152335135364,1742000
2020-08-05,64.02050018310547,66.11648771269846,63.31057297909577,65.47416801762647,1656800
2020-08-06,64.64592742919922,65.16147268073377,63.47961543039593,63.49651569935398,1714500
2020-08-07,66.8179702758789,66.83487699133504,63.84302670984488,64.23179734104109,2655400
2020-08-10,68.90548706054688,69.83515628365521,67.40111217165904,67.40111217165904,2636600
2020-08-11,71.11132049560547,72.6664085961516,69.11675476004663,70.51126139394434,4441200
2020-08-12,71.5001220703125,72.00721385418271,70.65496694785485,71.94805325353155,2726500
2020-08-13,71.45785522460938,72.23539624874341,70.85778952222302,71.41559489694136,2035100
2020-08-14,71.05218505859375,71.9226937316327,70.78173569951348,71.17050625019003,1654700
2020-08-17,70.90850830078125,71.17050429669295,69.71683661352894,70.67186592408406,1519300
2020-08-18,70.00420379638672,70.92541983029005,69.0576276912194,70.91697292122426,1640100
2020-08-19,67.50252532958984,69.70838017185778,67.11375484275607,68.67729014468024,3074800
2020-08-20,68.3814926147461,68.76180977702663,66.64046896905408,67.09685343260321,1181500
2020-08-21,69.90277862548828,70.54509831684214,68.4406638908273,68.71956017763279,2086200
2020-08-24,70.04646301269531,71.018392815018,69.42950330681909,70.68032943403324,1629900
2020-08-25,69.81826782226562,71.2381287396078,68.99846629079718,70.73103693656176,1695200
2020-08-26,69.91968536376953,70.5281916290362,69.29426593732204,69.55626840711234,1520300
2020-08-27,72.48050689697266,73.84120719356719,70.80709687606006,70.89161110078813,2312000
2020-08-28,75.94564056396484,76.43583208731819,72.70869486571277,73.39326845824358,2932000
2020-08-31,73.24958038330078,76.0047874165589,73.24958038330078,75.97943379890653,1936200
2020-09-01,73.64679718017578,73.96795371962398,71.998747710873,72.62416052896481,1919900
2020-09-02,76.3259506225586,76.57949971716717,73.7651318487016,74.20461608628695,1804500
2020-09-03,75.3033218383789,78.02472242642726,74.23842455435519,76.18228395953888,1906100
2020-09-04,75.4554443359375,77.19646173333784,74.07784388001622,76.10621735692216,1469600
2020-09-08,75.32022857666016,77.82188702322854,74.61874826127178,74.8638440262155,2200700
2020-09-09,74.86383819580078,75.90337532861362,74.42435394529366,75.58221872095189,1888900
2020-09-10,76.02169799804688,77.11194884123314,74.80467904939144,74.8553862915791,1727200
2020-09-11,73.3594741821289,76.03016127000085,71.76213136468132,76.02170791252657,1960200
2020-09-14,77.42465209960938,77.57678026152627,74.25532076635832,74.43280254725785,1563800
2020-09-15,78.92057800292969,79.82489366862109,76.35130582002574,77.12040002768086,1815700
2020-09-16,78.57406616210938,80.07844112195181,78.2360028519375,78.91212947228125,1920500
2020-09-17,77.4331283569336,78.68395454884309,76.52881247363926,77.8472526348474,1777100
2020-09-18,76.0385971069336,78.65857634231857,75.38782413983485,76.993619944755,2035200
2020-09-21,74.18770599365234,74.2468665866289,72.15933267328025,72.75939195861989,2070100
2020-09-22,76.04705810546875,76.06395837019927,73.90881030383497,74.4750691166429,1601300
2020-09-23,76.0639419555664,77.29786735130538,75.16807981367845,77.1372858549216,2949100
2020-09-24,82.24202728271484,84.17743291931286,78.01625247303026,78.10077312764047,7289300
2020-09-25,82.12372589111328,84.19435991557819,80.88134676603877,83.33229803580224,3601800
2020-09-28,85.00569915771484,85.60575848837892,82.2082314693246,83.3914498662491,3217900
2020-09-29,85.19164276123047,85.99453758453075,83.15481572928825,85.59731362739531,2288800
2020-09-30,85.14093017578125,87.1016899158398,84.66764534308437,84.66764534308437,2421000
2020-10-01,88.63986206054688,88.72438272657453,85.22543477932231,86.03678932664153,2053400
2020-10-02,88.07362365722656,89.29064922295079,85.55506474240813,85.78325381197016,2011900
2020-10-05,87.65103149414062,89.33288827719262,86.56923403673993,88.79198954849227,1594500
2020-10-06,85.57194519042969,88.4116665540723,85.21698163197962,87.73553996348271,2364600
2020-10-07,85.74942779541016,87.36367698317781,85.16626876661141,86.6706501227592,1523000
2020-10-08,87.63123321533203,87.91944145428435,85.11368428940187,86.44451242889085,1355000
2020-10-09,86.45298767089844,87.54647169464063,86.28345797129305,87.5295213115375,1380000
2020-10-12,84.9102554321289,86.28346946355009,84.65596084885085,85.95288197828756,1624200
2020-10-13,83.71505737304688,84.80854156015421,82.706338048406,84.17279539093909,1675200
2020-10-14,84.11344909667969,85.08825459704322,83.63875428381856,83.88457688203472,1288000
2020-10-15,84.87633514404297,85.69008932627325,82.96062500275106,83.1640619315228,1183200
2020-10-16,83.86763000488281,85.18997986160677,83.32512716791176,84.85091397171387,1198300
2020-10-19,81.892578125,85.17303046188235,81.48569775899641,84.41860577625654,1238900
2020-10-20,83.3590087890625,84.20667008551655,81.72302869536296,82.49439711222206,1201200
2020-10-21,82.80804443359375,83.13015343819278,81.96885498924296,83.01995978410072,873300
2020-10-22,84.61355590820312,84.68137036848563,82.43506649198497,82.89280439817756,882700
2020-10-23,84.36773681640625,85.2069197787664,81.83323107998503,85.2069197787664,1454300
2020-10-26,80.86689758300781,83.68113312811037,79.69712073041336,83.68113312811037,1440000
2020-10-27,81.23988342285156,81.83325041425019,80.24812091782225,80.99406725362113,1691800
2020-10-28,76.45059204101562,79.52760092912779,76.19629100653127,79.4004504118856,2993100
2020-10-29,78.41716766357422,79.25635074299382,76.20477061744104,76.45059323002741,1577500
2020-10-30,77.91703796386719,78.87489952943892,75.73006989792296,77.73902983763594,1492400
2020-11-02,77.84921264648438,78.82402445943947,76.4760054449052,78.71383081583825,1185600
2020-11-03,78.91727447509766,79.48520605687064,78.05266269890171,78.83250962914012,1259100
2020-11-04,81.8756103515625,83.18100966496225,78.4934432247023,79.56149838423721,2422700
2020-11-05,86.0545883178711,86.0545883178711,81.96038839326977,81.96038839326977,2770700
2020-11-06,86.56318664550781,87.44475529945407,85.18997281523978,85.5883747178749,5172200
2020-11-09,102.18557739257812,106.77142189112342,95.6162019903024,98.26090123908587,6141700
2020-11-10,96.08242797851562,101.43964830208562,94.80245732606879,100.02405517502814,3203000
2020-11-11,90.76759338378906,96.57407326375373,89.4452370692708,96.57407326375373,2634800
2020-11-12,90.11487579345703,91.09816606089709,88.58908924806973,89.86905322659702,1828300
2020-11-13,91.19988250732422,91.45418350187231,89.47065902611176,90.32679234232828,1653200
2020-11-16,93.31056213378906,95.53990913637533,91.51351775953162,94.14126662783264,2070400
2020-11-17,91.9967041015625,93.75136319634723,90.80997667535169,93.53096938945878,1424100
2020-11-18,93.37837982177734,94.97198087259089,91.20836231231067,91.55590657897756,2031800
2020-11-19,93.07322692871094,93.48857921561122,91.25075357394358,92.22556550483249,1409800
2020-11-20,91.92887878417969,93.12408449544553,90.60652903311401,93.11560607041106,1598200
2020-11-23,92.88671112060547,94.90414234575643,92.20857960826257,94.4718333449593,1830800
2020-11-24,96.17567443847656,96.98942871447244,93.79374765768205,93.96327737333549,1522100
2020-11-25,93.73441314697266,94.098907862032,92.00518285695703,93.55640500247543,1179500
2020-11-27,93.20036315917969,94.63291291498467,92.49680915134142,93.36142088570722,613700
2020-11-30,91.5304946899414,92.60702198555728,89.41981282770249,92.48834988894275,2667700
2020-12-01,93.67505645751953,94.2345095787862,91.27617331414459,92.56461570489725,1994100
2020-12-02,92.92910766601562,93.4546600096608,91.31007791674428,92.7850067945322,1766200
2020-12-03,95.60774230957031,96.47235420260466,92.07299537161707,92.90370002825775,3856400
2020-12-04,97.3284912109375,97.42173449143093,95.63316824508446,96.10785660603726,2790800
2020-12-07,95.03981018066406,96.27739520075946,93.64116740528188,96.19263034376685,1445600
2020-12-08,94.64139556884766,95.29409199416962,93.4461899036844,94.47185941041501,1598900
2020-12-09,96.9639892578125,97.62516413026987,94.63292035422167,95.36190969235246,1450600
2020-12-10,97.85404205322266,98.24396555291487,95.07371346957812,96.67579312865554,1437200
2020-12-11,95.54840087890625,97.8709914702796,93.87850676668808,96.62492808838508,1313100
2020-12-14,95.37037658691406,98.05746140970234,94.21755667841728,96.93007030597286,1347000
2020-12-15,96.9979019165039,97.44716145922,95.25172136416778,96.51473513905441,1440100
2020-12-16,98.74407958984375,100.19357987993041,96.14175922100802,96.26890973076515,1674800
2020-12-17,100.54959106445312,101.17685864890561,97.77773484491316,100.46481975624528,1807900
2020-12-18,98.46435546875,102.54160490471644,97.69298045808418,99.93928455597208,3851200
2020-12-21,99.10857391357422,99.92232811910321,95.22628297014217,96.20957334378775,1911300
2020-12-22,101.41422271728516,101.66852375758978,97.8455685299698,98.99838870296765,1377300
2020-12-23,101.36336517333984,102.81286558303515,100.44788918811837,100.75304784985886,1316100
2020-12-24,99.93081665039062,101.66852536324637,99.43917141384729,100.94800789338547,507400
2020-12-28,99.80364227294922,100.87169734980593,99.066181061548,100.76150370608255,938400
2020-12-29,100.49873352050781,100.54111917736765,98.85427480206715,99.76127224143552,1010800
2020-12-30,99.6426010131836,101.54983917957435,99.18486307719262,100.3037758761228,729800
2020-12-31,100.97344207763672,101.71938188327552,98.66780172020607,99.36288390438936,759800
2021-01-04,98.53215789794922,101.95671068040133,96.96398562409304,101.61764483188409,1947200
2021-01-05,100.10881805419922,100.19358290755085,97.95575714992033,98.28634460499231,913900
2021-01-06,102.4822769165039,103.64356903562611,100.61741773124838,100.61741773124838,1555800
2021-01-07,105.39016723632812,105.91733298669558,102.56729243457893,103.06044686360046,1614500
2021-01-08,105.73027038574219,107.32026554814136,104.7439680480638,106.28294298667208,1314100
2021-01-11,106.5040054321289,107.13319859162573,103.51957879786058,104.19979217736754,905600
2021-01-12,108.26406860351562,109.20786174339553,106.72508703572231,106.95466184650209,1431200
2021-01-13,106.16390991210938,108.23855509958749,105.67075548443077,107.5668461005762,850300
2021-01-14,104.6674575805664,107.92396902779997,104.55692563762268,107.53284851392553,1125200
2021-01-15,102.94993591308594,104.67597027938749,101.18138576468925,103.73217700245453,1597300
2021-01-19,105.53470611572266,107.3457650038353,104.20829066768658,107.17571490159774,1122600
2021-01-20,105.90882873535156,107.13321035814054,105.07557406528393,105.16059912531178,1075000
2021-01-21,106.2489242553711,106.61453781322271,104.70144497290521,106.05336728663394,917600
2021-01-22,103.71515655517578,106.23193602722527,103.6046181357401,105.44968858682084,1196300
2021-01-25,102.0316390991211,103.95323678518034,101.03683217478392,103.44307988708412,2706900
2021-01-26,100.82425689697266,102.96691826479781,100.28008872460448,102.96691826479781,1735200
2021-01-27,95.31456756591797,99.67642486896871,94.28574917999897,99.16626141605211,3004500
2021-01-28,100.99431610107422,103.12847969566936,96.78551359536768,96.86203421070927,3173400
2021-01-29,99.38729858398438,102.84787072033808,99.1577302965241,100.39911421044751,2575000
2021-02-01,101.48746490478516,102.031633095669,99.73592394581506,100.53516732724016,1337600
2021-02-02,104.42937469482422,105.16910635932584,102.07414738607201,102.47376582747313,1206700
2021-02-03,106.74208068847656,107.94945330295535,104.00423117747839,104.00423117747839,1722900
2021-02-04,109.42042541503906,110.2281732450772,107.20973485220446,107.53283917381691,1596100
2021-02-05,112.21778869628906,113.36564977044581,110.36422023614679,110.53427036498658,2175000
2021-02-08,110.76385498046875,113.05956435802673,109.56498005892377,112.69394422335951,1036400
2021-02-09,109.9900894165039,111.59708694961876,109.64147825970329,110.29618480252539,828400
2021-02-10,109.66699981689453,111.40154489468324,108.986786315291,109.91358353604762,853200
2021-02-11,109.6159896850586,110.41523960271752,108.37460551769284,109.7945507625331,849100
2021-02-12,109.21636199951172,110.0921325110834,108.28957774536205,109.87956660101273,576900
2021-02-16,109.62447357177734,110.44073229055125,107.86443476497215,110.44073229055125,646800
2021-02-17,109.06331634521484,109.61598249937006,107.83043022464615,108.92727105453284,888100
2021-02-18,110.51725006103516,111.30800189087137,107.4733115519796,107.57533902396163,2140400
2021-02-19,113.94383239746094,114.26693675125743,109.93909768401,111.37604539558588,1676300
2021-02-22,114.78557586669922,117.25984583802833,112.34532370180305,112.82996716454228,1634200
2021-02-23,114.19889831542969,115.38076416192203,111.43554170555983,114.65804790989003,1150700
2021-02-24,117.99957275390625,118.38218875116955,113.96082094881062,114.29242320963775,1209700
2021-02-25,115.6358413696289,118.45872254822719,114.09686643900419,118.26315259287196,1078900
2021-02-26,116.76669311523438,117.9995726493198,113.48467534283225,115.49129780949248,1267300
2021-03-01,118.20365905761719,119.46204565672775,116.91975261232751,118.28867764023626,1332700
2021-03-02,118.15263366699219,119.11342269724646,116.4946092944262,118.40770236370138,801000
2021-03-03,117.36187744140625,120.53335686837026,117.2088362290451,118.28016363754976,1207200
2021-03-04,116.18002319335938,118.87535737395126,113.85029615027034,117.08981151522771,1194200
2021-03-05,119.59807586669922,119.87015346034079,113.96932225820164,117.28535793778026,1253900
2021-03-08,121.61319732666016,123.15217231185673,120.0146976640729,120.66940424540805,1399300
2021-03-09,118.45873260498047,122.65052598298271,118.16113515129975,122.42946211458677,1399700
2021-03-10,120.81392669677734,122.55696930925149,117.45538876971169,118.50120914760008,1734000
2021-03-11,119.92118072509766,122.62502590647959,119.44503515202256,121.64722788848563,1316600
2021-03-12,123.63684844970703,123.99395764890428,120.17626894306642,120.72894813567692,1133200
2021-03-15,124.34255981445312,125.77949447287024,122.35293302973409,124.62314837350317,1124400
2021-03-16,119.49603271484375,122.82056628424077,118.96887346946338,122.65051617031085,1667400
2021-03-17,120.09972381591797,120.58438025635495,118.79882165073393,119.46202616733788,1554000
2021-03-18,119.01139831542969,121.73223926773426,118.54375073597272,119.95519143979082,1989800
2021-03-19,118.85834503173828,119.77663129281316,117.47242416161009,119.20695622764501,3096500
2021-03-22,116.26506042480469,120.18477651365409,115.98447185316105,119.97221059337808,2916200
2021-03-23,116.27355194091797,117.48942270993138,114.7855905815278,115.16820662200087,2797300
2021-03-24,113.87580108642578,118.34819605797635,113.73976876663956,117.08129858589193,3305700
2021-03-25,123.20317840576172,124.30002560796731,114.09686340545316,119.0368923626651,6563000
2021-03-26,126.6722412109375,126.79127757127787,122.23386510197601,124.18947357098807,2654200
2021-03-29,122.19992065429688,127.31000168428727,120.81398643738908,125.91556949958128,2589100
2021-03-30,123.3477554321289,124.40207406758665,121.0520331700328,121.0520331700328,1765000
2021-03-31,120.73741912841797,124.41906170519871,120.60988479076629,124.1384731883734,1556300
2021-04-01,122.67603302001953,123.15217856736088,120.10823327657941,121.17957373209056,1695500
2021-04-05,122.531494140625,125.09078303602169,122.14887809598336,124.13849190731474,1338800
2021-04-06,122.82909393310547,125.07378947473556,122.22540102643502,122.22540102643502,1469400
2021-04-07,123.92588806152344,124.55508763552523,122.05531121388327,122.05531121388327,2209900
2021-04-08,124.670166015625,124.84124912115666,122.71978989639467,124.37931037813648,1351600
2021-04-09,122.41181945800781,125.28605964354367,121.59060238236788,125.06363988722316,1340300
2021-04-12,122.9165267944336,124.07991011006051,121.84724113862956,122.63423381496492,693400
2021-04-13,122.36904907226562,123.1645913089082,120.78650113213601,122.32627503686696,1293500
2021-04-14,123.31000518798828,125.08074833537881,122.31771811141614,122.31771811141614,959400
2021-04-15,122.4716567993164,124.15685143842984,121.92418326014445,124.07130339523472,1456300
2021-04-16,125.17486572265625,125.42293426771138,122.9935202323126,123.55810622798823,1228000
2021-04-19,124.85835266113281,126.2612549133791,124.2681048932286,125.97039929612546,1467000
2021-04-20,122.27490234375,124.58455574752736,121.28260255306714,124.19961568903075,985800
2021-04-21,122.24072265625,123.1816991906328,121.3339705701007,122.56578965045543,1271000
2021-04-22,124.11412811279297,124.94389487007886,122.16375201703754,122.16375201703754,806800
2021-04-23,123.1560287475586,124.33652412561231,122.00975781533921,124.02000673925203,629900
2021-04-26,121.59058380126953,124.70434243869816,121.26551685497074,124.18253062886092,1229300
2021-04-27,122.03543090820312,123.34423544715962,121.47084497494268,121.47939456079105,1219400
2021-04-28,123.07048797607422,123.78905780034314,121.32541966639796,122.49735247601382,873100
2021-04-29,125.08074188232422,125.8335230523648,123.2244638178392,124.03711818851399,1102200
2021-04-30,125.50847625732422,126.29546894668606,123.9943640888588,125.20052146124317,1132600
2021-05-03,123.70350646972656,126.77449141776727,123.55808520215717,126.18424370934899,975500
2021-05-04,122.96784210205078,123.43833036934957,121.53072854317725,123.43833036934957,1432700
2021-05-05,121.66759490966797,123.39556417719422,119.6830075280367,123.15604523549395,1206800
2021-05-06,121.2569808959961,123.35277795524301,119.70865751409696,123.10470945184566,1132700
2021-05-07,121.7958755493164,123.0790178941586,120.40152335769223,120.71802762585766,989500
2021-05-10,120.35023498535156,122.41182075560711,120.21336329582694,121.8985584462911,1082800
2021-05-11,117.55298614501953,119.35794085190071,116.22706932289866,119.35794085190071,1391500
2021-05-12,112.81391143798828,117.18515146650148,112.30064913196689,116.6462273504593,2106500
2021-05-13,114.61027526855469,115.54270199735848,112.36905739156823,113.01917817383925,1007600
2021-05-14,119.349365234375,119.88827621078673,116.0987349431781,116.15860813931249,1149000
2021-05-17,118.92166137695312,119.25527793520105,117.62140653717587,118.79333928359519,776600
2021-05-18,119.45203399658203,121.32542448087652,117.98924553330458,118.83612443865499,1157300
2021-05-19,119.72577667236328,119.88829712038769,115.81646222506505,117.20225219581884,1155800
2021-05-20,120.71804809570312,121.20564853476778,119.46056734030613,119.7770847149415,1765400
2021-05-21,120.41008758544922,122.29204036234297,119.83695216804993,121.43661202840964,2639300
2021-05-24,120.92335510253906,121.97552834457088,120.4528668877115,121.41094248677778,1011200
2021-05-25,120.1278076171875,121.94132475650495,119.93106273396035,121.47083651156879,1515100
2021-05-26,121.12865447998047,122.0867300147364,120.46142143930398,120.46142143930398,1000000
2021-05-27,121.35106658935547,122.51444967069104,120.58973587785798,122.51444967069104,1063300
2021-05-28,122.52298736572266,122.59142319360744,120.24755808935133,121.54779966076366,1043400
2021-06-01,117.47598266601562,123.30999751330597,117.43320863584577,123.22446250576763,1746800
2021-06-02,116.82588195800781,117.62997382114857,115.91911674137025,117.21937177678679,1712600
2021-06-03,115.0123291015625,116.47511719680422,114.1740130458378,116.34679512372007,1472300
2021-06-04,114.7557144165039,115.91054797538666,113.68642891857598,115.53415739166779,1778300
2021-06-07,117.44176483154297,117.87804168991158,115.25187011271164,115.25187011271164,1107000
2021-06-08,120.41008758544922,121.4793730028659,117.90368883236876,117.90368883236876,1148900
2021-06-09,118.62226867675781,121.45373492684428,118.3912993266846,120.90626120827291,1094200
2021-06-10,117.10816955566406,119.4777104210534,116.04744645056037,118.66505586552265,938700
2021-06-11,118.99862670898438,119.23814557944897,117.7325965289859,117.7325965289859,675000
2021-06-14,117.62141418457031,120.31600863385945,117.21081217529252,118.94733091866598,804800
2021-06-15,116.94561004638672,118.60513000404556,116.62909269566609,118.0918808495367,768900
2021-06-16,116.73176574707031,117.30490121138465,114.48198486776948,116.86007478654308,1538700
2021-06-17,112.83956146240234,117.49309396790561,111.55641888417026,117.3562222935552,1785000
2021-06-18,111.2912368774414,112.75401209002733,109.9995316765999,111.20568881876805,2127400
2021-06-21,114.13982391357422,114.61887486069325,111.79595806598775,112.06968841153783,1081100
2021-06-22,115.99610137939453,116.46657657791282,114.37934215416784,115.3630796364542,2276800
2021-06-23,115.8677749633789,116.82586365384887,115.0978946192242,115.78223995447372,1888200
2021-06-24,119.63166046142578,120.89769076985681,116.80874428423704,118.10899903637745,2380900
2021-06-25,123.27579498291016,125.11496093721574,120.23902136176171,121.1457734342213,4792300
2021-06-28,121.31686401367188,124.03712010652532,119.26382798712422,123.82326300289338,2004400
2021-06-29,123.00202941894531,123.8146967455588,121.1200897709561,122.08672792610692,2682000
2021-06-30,124.88400268554688,124.9438758889046,122.33481653569781,122.33481653569781,2642000
2021-07-01,126.7488021850586,127.00543327051497,124.48192254459231,125.10638151205674,1897900
2021-07-02,126.71463775634766,127.13378940021681,125.74799929912376,125.74799929912376,1078800
2021-07-06,127.356201171875,127.78391542830627,124.4648486215025,127.15944321589828,3131600
2021-07-07,127.27921295166016,128.48537038475527,126.53499426233967,126.53499426233967,2676000
2021-07-08,124.0560531616211,126.74487692871102,122.9357110211685,125.45217749357774,2076500
2021-07-09,128.04620361328125,128.1840947240959,125.18502223896762,125.38324564202122,1132300
2021-07-12,129.2268829345703,129.3992402719745,127.27922003686137,127.55498914670368,1419000
2021-07-13,127.02925872802734,128.8648961266338,126.78795588642876,128.40814338003517,1115900
2021-07-14,126.99481964111328,129.3303028959199,126.77936969011724,127.87385912318317,1096800
2021-07-15,124.79718780517578,126.68453087942301,122.81504625665076,126.20192524674225,1581100
2021-07-16,122.15147399902344,125.83134864108285,121.91878443652213,125.5986722285992,898800
2021-07-19,116.18785095214844,119.7039824311,114.99856306513723,118.5233209577761,2554800
2021-07-20,122.26351165771484,122.87539519282211,116.7652388543038,116.7652388543038,1632500
2021-07-21,124.96096801757812,125.93480597634253,123.71136096740655,123.71136096740655,1339600
2021-07-22,124.27151489257812,124.86615879332598,122.55654189479102,124.11639725761081,1475300
2021-07-23,124.54730987548828,126.50358593929697,123.84062773259892,126.21057716542536,1562400
2021-07-26,126.98615264892578,127.04647177167236,123.60788727464129,124.61620419070027,1454400
2021-07-27,128.84767150878906,128.8907641248284,125.77105334387811,126.19332679101129,1974500
2021-07-28,127.71871185302734,129.26995393019362,126.79659301966889,128.57189828297373,2694500
2021-07-29,129.46815490722656,129.8818281981971,128.12374958661928,128.37367884366634,1591900
2021-07-30,125.71934509277344,129.5629644105971,125.14194086879617,128.2702648539262,1778600
2021-08-02,127.29645538330078,129.11485350357614,126.25367182995856,126.72766435420503,1538800
2021-08-03,126.53804779052734,127.62391064643917,123.84923701397267,127.23610342290063,2731800
2021-08-04,126.16744995117188,127.82211667349796,125.30565039371847,125.51248702151365,1053700
2021-08-05,124.50418090820312,128.07203048675476,124.3576765640376,126.80518410777464,1802700
2021-08-06,124.70240783691406,126.6845496795918,123.61654500223877,125.53835455686936,1927900
2021-08-09,119.1265869140625,122.24631124316964,118.1182826901596,121.79817164920553,3418800
2021-08-10,120.84156036376953,121.22936761602402,118.59226252066907,119.35926376180184,1439700
2021-08-11,121.59129333496094,121.84983582567239,119.64363111830036,120.53989684941375,981600
2021-08-12,122.34109497070312,122.42726705334856,120.48821766855312,121.62579961964282,1005400
2021-08-13,122.3669204711914,123.57343455784311,122.00496624519589,122.80643349918225,976900
2021-08-16,120.84156036376953,121.55685572460445,119.41096964209972,121.41896461046316,1445500
2021-08-17,118.21307373046875,120.56578343763053,116.68768444449704,119.72983660266452,1757400
2021-08-18,118.07518005371094,119.5057708073191,115.92068065973022,117.20476703255018,1207300
2021-08-19,117.85970306396484,118.52329240701425,114.74860612709345,117.04099611216031,1985300
2021-08-20,120.05730438232422,120.35031310059543,117.0151527396395,117.74768768533633,1314500
2021-08-23,122.60824584960938,122.9443472034523,120.5916245765321,121.18626846795105,1464000
2021-08-24,125.7107162475586,126.33121307475731,123.15117012286883,123.15117012286883,1810100
2021-08-25,129.40785217285156,129.95077706728287,125.46942104726295,125.6504047787537,2079600
2021-08-26,127.95143127441406,129.84738841062023,127.3395475638542,128.97697525195898,1409200
2021-08-27,131.92430114746094,132.62235680836014,128.02896277735792,128.20994650241548,1424700
2021-08-30,129.14068603515625,131.79501745137713,128.20131439920016,131.79501745137713,1227000
2021-08-31,129.83013916015625,130.51096839002926,127.50328224861101,129.14070981601085,2599100
2021-09-01,130.27825927734375,130.46785626364564,128.22717178008872,130.3644445074882,830800
2021-09-02,129.75253295898438,131.65711567438348,129.17512886156,130.91596756499965,736600
2021-09-03,127.58944702148438,129.95939617431497,127.21025305302832,129.26134052784803,1103500
2021-09-07,127.15856170654297,127.9341762579129,126.43465303859487,127.42571753756991,1060800
2021-09-08,126.91722869873047,127.94277230996433,125.83135280447435,126.97754783173465,1648500
2021-09-09,127.70145416259766,129.2526960209336,126.21917099798537,126.32258273853515,760400
2021-09-10,128.1151580810547,129.425084274859,127.45156857036397,128.9683314447789,855900
2021-09-13,128.93385314941406,129.2182486273277,127.21886701897226,128.86490759567562,646600
2021-09-14,128.08065795898438,130.1662115044118,127.11544657267586,130.1662115044118,1055200
2021-09-15,128.416748046875,128.47708032824573,125.94338751103041,127.02925022554365,1248800
2021-09-16,129.52850341796875,130.16622680889574,128.04620681470098,128.62361106190104,825400
2021-09-17,128.77870178222656,129.52847634052705,127.37397744314642,128.74423558587625,1617300
2021-09-20,128.14100646972656,128.31336378910134,125.42632937699699,125.86585566392627,1588600
2021-09-21,126.26226043701172,129.40783701089597,125.6417636446298,128.84765935526343,1510600
2021-09-22,129.54571533203125,130.5540192326975,126.99478286494801,127.37397677289448,1647000
2021-09-23,137.45703125,141.57643213765374,135.20773384899928,137.49149744675077,3742300
2021-09-24,136.767578125,138.69801374048814,135.51797147904398,137.9223862998826,1313500
2021-09-27,137.72418212890625,138.41362438963577,135.69896110365895,136.65555911729203,1321400
2021-09-28,134.32870483398438,138.1637237278806,133.87195207965846,137.18988593279914,1369800
2021-09-29,132.44137573242188,135.50939380653736,132.26040515376448,135.38874237075902,834200
2021-09-30,130.5367889404297,133.06185550432423,130.47645665527634,133.06185550432423,1037500
2021-10-01,134.40625,135.62137724849683,131.33823286651642,131.51921653970578,1129700
2021-10-04,134.02708435058594,136.17295704867337,133.0187803448547,134.03569761302128,1324000
2021-10-05,135.10433959960938,136.5004508740712,133.10495802875684,134.49245604042034,901200
2021-10-06,135.59556579589844,135.7506965846611,133.01879302997298,133.5272517125446,1181800
2021-10-07,135.21371459960938,136.99284503696003,134.9967477960935,136.52418932550822,992700
2021-10-08,134.15487670898438,136.22040431823783,134.0246887189951,135.0227436718507,1032200
2021-10-11,132.78367614746094,135.49141746263928,132.7402801407224,134.692981260538,693800
2021-10-12,132.08065795898438,134.08542826273793,131.4818277139469,133.04399069174096,898600
2021-10-13,129.806884765625,132.60140456396314,128.97372654687157,132.60140456396314,1390100
2021-10-14,130.6834259033203,131.41243106899265,130.15402645721525,130.77889181139173,1227900
2021-10-15,129.4423828125,133.00064349840517,129.39900004818085,131.70751665072504,1218800
2021-10-18,129.1385955810547,129.35556230305156,127.78472535460988,128.8782328661389,1090300
2021-10-19,127.14250946044922,129.65931834385543,126.17917660650568,129.58121349578946,1173300
2021-10-20,124.26990509033203,126.71728368067627,123.36731579661748,123.36731579661748,1839100
2021-10-21,126.37879943847656,126.56973125470884,124.25252774963599,124.25252774963599,1107100
2021-10-22,126.18785858154297,126.75198008639495,124.48684664937939,126.01428782720379,712800
2021-10-25,124.52156829833984,126.84745902179934,124.33063647616775,126.73463206071554,1440100
2021-10-26,126.48296356201172,126.81274407496466,125.1377668272299,125.72791013443121,951600
2021-10-27,124.56500244140625,126.57846109439325,124.53896747973876,126.33545929042656,1151000
2021-10-28,125.79731750488281,125.83203960032543,123.8533039232742,124.99888146349366,986600
2021-10-29,125.09435272216797,127.33345124058361,124.3566604522954,125.0683177707701,1177100
2021-11-01,128.46168518066406,128.80882670560132,125.22453153105259,125.38075448709459,975400
2021-11-02,124.66911315917969,128.43566672581966,123.97483002012538,128.3315136608799,906500
2021-11-03,125.9882583618164,127.52438675193189,123.36729615659685,124.35666406626777,1159000
2021-11-04,126.77802276611328,128.85222452702422,125.23322044590014,126.1965534201994,1272600
2021-11-05,134.06813049316406,134.80582296052475,131.0219211807121,131.80299641695,1648300
2021-11-08,133.1134796142578,134.05945171416923,132.2369252390676,133.2176194439426,1029200
2021-11-09,135.0487823486328,135.066143396297,132.80968393352748,133.32172227752696,949200
2021-11-10,131.6467742919922,134.77108818586282,130.9958739087772,133.83380328752318,739100
2021-11-11,131.1346893310547,132.2281968197279,129.79816693563433,131.24750301916862,1021400
2021-11-12,130.39700317382812,131.36033597323555,129.5551712120668,130.73547073888489,779300
2021-11-15,128.1666259765625,131.37774531679972,127.5070516500948,131.14341745712443,1069800
2021-11-16,127.24667358398438,128.4616955041071,127.17724262489723,128.21000662209107,1070500
2021-11-17,127.57646179199219,128.39225897260744,126.31805716433283,126.8040606142481,750700
2021-11-18,126.63916778564453,128.21869229081884,125.3807631178723,127.97569055811529,1065600
2021-11-19,124.24384307861328,125.75392318554209,122.49942193081688,125.75392318554209,1256400
2021-11-22,127.48101043701172,128.21001569511395,124.33064831382394,124.66044208217595,1078000
2021-11-23,128.7914581298828,130.6834150852441,127.44627486741442,128.7914581298828,1025800
2021-11-24,128.77413940429688,129.37296989125588,127.22064970006953,127.61118729164201,613900
2021-11-26,121.97872924804688,122.48209377865837,119.02797302473142,121.90929828769339,1333300
2021-11-29,123.02015686035156,124.86871795239324,121.86589207106829,124.3653534639584,1361800
2021-11-30,119.72225189208984,122.26510912839744,118.4378124197343,121.53609077250944,2213500
2021-12-01,118.60272216796875,126.62180577133155,118.3510332907699,122.91602275451741,1852800
2021-12-02,124.1484146118164,125.27664470215663,118.91517607570792,119.62682034516334,1351900
2021-12-03,123.5408935546875,125.13776592542038,122.53416448690307,124.6604363465052,1452400
2021-12-06,127.26402282714844,129.19068872461028,123.34126007957929,125.44149673735477,1119100
2021-12-07,128.5484619140625,131.6380664621384,128.14925049093813,129.19936219500883,865600
2021-12-08,130.73548889160156,131.51656392169366,128.71335712224766,128.71335712224766,797100
2021-12-09,129.7461395263672,131.88109855200742,129.68538246913673,130.275539020025,784000
2021-12-10,131.7509002685547,132.33236962733494,129.15598615546378,130.72682346304342,927700
2021-12-13,128.26205444335938,131.91578023584583,127.15987291948124,131.07394821045915,1244500
2021-12-14,129.425048828125,129.7374815716867,127.4810213967852,127.4810213967852,1417300
2021-12-15,129.33822631835938,129.88498680136487,126.02298105002541,129.1386206033734,1041700
2021-12-16,127.68927001953125,131.15205071350456,126.36143463058528,130.26683594927314,1624200
2021-12-17,121.3538589477539,124.02689122173064,117.35299106180773,121.17160102885957,4112600
2021-12-20,119.8177490234375,120.37318352727706,116.45910704261097,117.42244020861745,1583400
2021-12-21,124.0268783569336,125.54564563398027,121.31045036092675,121.51005606655353,1517100
2021-12-22,125.95357513427734,126.9429432452552,124.31330660179819,126.52635744082022,1012800
2021-12-23,129.17332458496094,129.3642563895174,126.38747885569576,127.39419453846644,1015600
2021-12-27,130.37965393066406,130.39701497835605,127.35080661707929,128.5137452030551,654500
2021-12-28,129.63330078125,131.6814676083669,129.45973001473513,129.78083659491764,686900
2021-12-29,129.32957458496094,131.5686735627643,129.24278256742798,130.57930547886073,748700
2021-12-30,129.59860229492188,130.70079727651523,129.19937758165284,129.19937758165284,595900
2021-12-31,130.73548889160156,131.3429931641843,129.64198120095264,129.64198120095264,572700
2022-01-03,129.12124633789062,131.46448450112447,126.7432860801087,130.3536158423677,1106800
2022-01-04,131.5686798095703,131.811681579077,129.6853962319885,130.7615563845205,1288000
2022-01-05,130.11929321289062,134.73635201854057,129.65932476138184,132.05464616141958,1410900
2022-01-06,127.94095611572266,131.4558202396502,127.75871145507601,130.7875589178793,1292100
2022-01-07,127.3638687133789,129.02520722157644,127.10154859572786,128.01090988247532,1020700
2022-01-10,128.51806640625,128.5442970854026,123.82258804774415,126.78677487139606,1335100
2022-01-11,126.87418365478516,128.6841667176798,126.28832973951448,128.5267826870596,1035600
2022-01-12,125.5189208984375,127.20649033665343,124.46965361301314,126.78678609091517,1117900
2022-01-13,126.5069580078125,128.08086540351545,125.72001098103887,125.9823311040153,673900
2022-01-14,125.03797912597656,126.08724621244889,123.4815633902424,125.92110969984442,923500
2022-01-18,121.86395263671875,124.25105130351481,121.62787651181914,123.42912106737172,1398300
2022-01-19,121.15568542480469,123.6127234318203,121.12071563497223,122.48476425508369,981200
2022-01-20,118.9434814453125,123.3504223276671,118.83855872883231,121.38304134072642,931400
2022-01-21,117.85047149658203,120.21132560157963,117.44825892530783,119.00467454560311,1326700
2022-01-24,119.43314361572266,119.64300239969037,113.57472265373063,114.94752384897554,1435100
2022-01-25,120.22882843017578,121.78524419629947,115.24479966550135,117.78052961916663,1348200
2022-01-26,119.74791717529297,123.14056057580622,118.61120551966324,122.03007959866244,1314500
2022-01-27,118.3576431274414,122.11752953666131,117.70184945172245,120.9196040163483,789800
2022-01-28,121.12071990966797,121.20815105841264,115.7519563854021,118.64619024932513,1021400
2022-01-31,122.30110931396484,122.42352356473347,118.96968052890547,120.35995952166758,1185300
2022-02-01,122.30988311767578,123.93625178588891,121.15567997280937,122.65089525735813,888500
2022-02-02,123.15804290771484,125.15165437610067,122.82576988226558,123.77885337487491,1369400
2022-02-03,121.18193817138672,123.96251061596699,120.91087888881628,122.11754366119621,853300
2022-02-04,120.54361724853516,121.35679496982482,118.6724199019822,120.91086009126171,960700
2022-02-07,122.49349212646484,123.50778938655287,120.66601724137556,120.66601724137556,1235300
2022-02-08,123.28921508789062,123.5602743480196,121.33057310884978,122.78206636093834,1441000
2022-02-09,128.26449584960938,128.7628920844845,124.62702387761101,124.7232074797316,1629000
2022-02-10,128.40440368652344,131.59592748807611,126.4020395773898,127.15401683957933,1287400
2022-02-11,126.26213836669922,129.85588828142176,125.03799549590961,129.10391099160626,941700
2022-02-14,125.40522766113281,127.69612912771154,124.85435674518384,126.5856615261219,894700
2022-02-15,129.13888549804688,129.27879134311996,126.71681725607259,126.78677017860913,879400
2022-02-16,130.16192626953125,130.59038293090018,128.32569868327153,128.32569868327153,981100
2022-02-17,124.9068374633789,129.16512001542296,124.04118503118448,128.8503385257301,1231600
2022-02-18,126.55941009521484,127.83601400765195,125.08168656387264,125.08168656387264,1006300
2022-02-22,125.824951171875,127.47755083138894,124.04119810373199,126.21843808207728,1240800
2022-02-23,121.58414459228516,127.38135134813517,121.23437997591977,127.38135134813517,958700
2022-02-24,123.78761291503906,123.93625787120887,117.29961614667523,118.06034583574568,1100900
2022-02-25,126.85671997070312,126.900442213979,123.16678678643036,123.60398253487827,738000
2022-02-28,126.9791259765625,127.15400159612112,122.89571955306576,124.77565581209129,1622300
2022-03-01,122.31863403320312,127.04034309094497,121.26936683616675,127.04034309094497,1267300
2022-03-02,122.8257827758789,124.42592092229658,121.82023782467435,122.41481767773116,1940300
2022-03-03,116.41649627685547,123.78762435127148,115.99679204759211,123.35042855432637,2655200
2022-03-04,115.45464324951172,115.7257158112631,111.11766905165848,114.9387554869149,1783200
2022-03-07,102.99457550048828,115.67324556894197,102.74100116516833,115.27103295088112,2938800
2022-03-08,107.29657745361328,111.57235124689926,101.4643878970227,102.99457298336245,2236400
2022-03-09,112.41175842285156,113.79329846262351,110.51433064922132,111.66852705269581,1427000
2022-03-10,113.99441528320312,114.4316110320437,108.95792505973559,109.75361785366503,1398700
2022-03-11,112.79650115966797,116.19788349040897,112.33307474165571,115.45464539396768,1066300
2022-03-14,108.59068298339844,113.23369973347802,107.44522557717478,112.91017914658642,2147700
2022-03-15,108.75680541992188,111.30128772447179,107.01676831399489,110.29573622950109,2093100
2022-03-16,113.3910903930664,114.41414025301684,110.97777450561534,111.45869252906292,1653300
2022-03-17,114.05561828613281,114.09058807217848,111.08268614147029,111.65104189533001,1387300
2022-03-18,116.84494018554688,117.22092212557557,112.91891755506346,113.60094185635468,2328000
2022-03-21,114.70267486572266,117.51821666864372,113.23370349488869,116.9760981878106,1392100
2022-03-22,115.41968536376953,117.84175370910089,115.29727107964572,115.67325304439873,1397600
2022-03-23,114.49281311035156,116.41647153972383,114.02938673143495,114.80759455095095,2729900
2022-03-24,115.76943969726562,117.50074462965749,112.3768094441586,114.54529682379761,2180600
2022-03-25,113.49601745605469,116.95860026610407,113.07631327893012,115.83938023233505,1730200
2022-03-28,113.95071411132812,114.27423471792486,112.71781881385301,113.78457758075479,1316600
2022-03-29,117.48323822021484,118.97845350162909,115.49836585127346,115.84813044390354,1184600
2022-03-30,115.12239837646484,117.08977942721893,114.7726337399257,116.73127567807502,939800
2022-03-31,116.2503433227539,117.99038715204824,114.82509429864886,115.40218252908252,1575800
2022-04-01,113.73211669921875,117.51822041577685,112.43800758309007,116.79248716152706,1711900
2022-04-04,114.79883575439453,115.26227544985667,111.23132407652824,112.99759168800128,1256000
2022-04-05,113.25118255615234,115.56831452529677,111.33626317606664,114.50155590572531,973100
2022-04-06,112.35057067871094,113.19873151648785,109.38637730248313,111.98332784309966,1165100
2022-04-07,111.12467193603516,112.23592053942653,108.6905105715005,111.97133529572497,1644100
2022-04-08,111.5038833618164,112.55339608115955,108.84042253267198,111.51270466236943,1379100
2022-04-11,111.60090637207031,114.16735328561901,110.38382921735129,111.12465703448078,1196100
2022-04-12,115.128662109375,117.07775916243341,113.57644958207901,114.03506302821549,1384900
2022-04-13,116.0458984375,117.95089586955365,115.30507058860023,115.30507058860023,1105200
2022-04-14,115.93122863769531,117.91559737478643,115.74602842502273,116.15171405292766,842200
2022-04-18,116.98075866699219,117.20124411483087,114.86410375068643,114.91701810498951,767300
2022-04-19,119.41488647460938,120.18218481258715,117.00718969044645,117.18357531781855,877000
2022-04-20,120.45561981201172,121.77853259057147,119.70596385454864,120.2968632807549,698100
2022-04-21,121.73441314697266,123.70113939208613,121.24052794258206,123.07496831414895,1130400
2022-04-22,118.22431945800781,121.49631651124386,118.09202009291323,121.49631651124386,849400
2022-04-25,121.82262420654297,122.12248118647713,116.70735911428051,117.34235828200212,1027700
2022-04-26,115.97535705566406,120.92305153374784,115.887157484843,120.22632337077575,737500
2022-04-27,115.27861785888672,117.8627008567563,114.90819046278548,116.20464597704837,668100
2022-04-28,118.09199523925781,119.61776415989918,115.38444105777252,116.68971108299583,654500
2022-04-29,116.17819213867188,119.85588791186287,115.83423536729039,118.31248972741905,997100
2022-05-02,117.12187194824219,117.50992848751208,114.19381875728838,116.41631582751181,891500
2022-05-03,115.22567749023438,117.92443039098919,114.27319229862954,116.57504721193061,842800
2022-05-04,115.95771026611328,116.39868118957759,111.19522967564455,114.25556896107604,1256400
2022-05-05,112.45640563964844,115.68430926759086,110.95710047794259,114.13209647746922,969900
2022-05-06,114.74063110351562,115.31388787828249,111.25695703097793,112.31528447682024,1264200
2022-05-09,110.3397445678711,114.414311578089,110.18099476690921,112.95029834561814,1140800
2022-05-10,111.91841125488281,113.01201715877426,108.81397247594482,112.19181104868525,972000
2022-05-11,107.16474151611328,113.28541254793979,107.00599173553672,111.99777842934387,1315700
2022-05-12,109.51953125,111.12466503130491,104.70412990608529,106.3974565202501,1647400
2022-05-13,112.95030212402344,114.11445839844416,111.13349729031019,111.14231186438796,817400
2022-05-16,111.45980072021484,113.10021971250478,110.87772263917944,112.2270924979289,1025300
2022-05-17,113.779296875,114.3525670695461,111.73319907483165,113.95569598554509,1021400
2022-05-18,105.3744125366211,112.35939019728079,104.74822791769951,112.35939019728079,2055900
2022-05-19,102.89614868164062,105.09218861876053,100.61192263851865,102.93142716125064,1604600
2022-05-20,102.5257339477539,104.8364238792675,100.13567248424165,104.64239560725038,1746000
2022-05-23,102.66683959960938,103.80453850542153,99.86226464052055,103.34593176831504,932900
2022-05-24,101.22045135498047,101.65260765571416,98.39824045570707,101.63496505271034,1092700
2022-05-25,105.9388427734375,106.49446363966698,100.55017827788944,100.81475675904002,1199300
2022-05-26,110.32211303710938,111.38926869600263,106.81198791603464,107.12066624647845,899800
2022-05-27,111.1599349975586,112.41229062283665,109.29903743339018,111.3892417283795,850300
2022-05-31,110.24270629882812,111.88311830684916,109.02562924361415,110.78951254439541,1957900
2022-06-01,109.2990493774414,111.0629330070435,107.37641595202783,110.80716907330935,1016800
2022-06-02,111.90077209472656,112.00660753204295,109.20203236563664,109.41369651158753,718500
2022-06-03,110.93063354492188,111.71556117337201,109.30786393557648,110.77188375890489,945500
2022-06-06,111.05410766601562,111.77729965870394,109.64300215938987,111.56563551488053,951200
2022-06-07,110.16334533691406,110.45438099563523,107.01480688376435,109.37841100246051,1281800
2022-06-08,109.69590759277344,110.41028495419268,108.47000915276767,109.43132911667998,885300
2022-06-09,108.88452911376953,110.72779089500484,108.41710105656432,108.98154324587043,681400
2022-06-10,105.78009033203125,108.25834437180454,105.12744862518007,106.95306768678341,939500
2022-06-13,100.78831481933594,103.3459475625014,99.87109447626435,102.631576808122,1408400
2022-06-14,100.56781768798828,102.00538706131165,99.94163984662845,100.79712442932677,1220600
2022-06-15,102.79032135009766,104.32489822596378,101.05289489592387,101.17636621187391,1443100
2022-06-16,98.63636779785156,100.0386587604099,97.86026143526733,99.9857444055261,1326300
2022-06-17,100.7177505493164,101.49386363721307,98.6451886716215,99.03324521556982,2442900
2022-06-21,100.27677154541016,102.30524020649423,99.42129372336201,102.18176890316022,1713400
2022-06-22,101.52912902832031,102.56982048401268,98.98031810126277,99.87107435696035,2059500
2022-06-23,101.95246887207031,104.01621614528995,99.80935006806777,103.04607480006432,2973500
2022-06-24,105.66546630859375,105.73602328176955,102.41110498288865,103.43415417920458,2375100
2022-06-27,107.53516387939453,108.53175569047819,106.0976011685723,107.12065015705116,1692900
2022-06-28,101.5114974975586,108.86689543915844,101.36156900989349,107.61453299818844,1556300
2022-06-29,100.42671966552734,101.42331152163167,99.13026408513993,101.09699061875821,1236800
2022-06-30,99.7652587890625,101.0969860617539,98.23067521316925,99.8710874986538,1641600
2022-07-01,100.85004425048828,101.46740755238797,99.26255303563622,100.23268767727059,1540400
2022-07-05,104.51892852783203,104.58947876068366,98.58345703027169,99.5976914841034,1639700
2022-07-06,102.9314193725586,105.8330084962732,101.95246350567355,104.70412414890198,1639000
2022-07-07,104.51773071289062,104.59794055697073,101.92439693996634,102.79775071398421,1215400
2022-07-08,104.07212829589844,105.7475531238328,102.93141757000319,104.53554627777604,1052300
2022-07-11,102.87796020507812,104.54446470248884,102.53040007999392,103.47504997902557,1024000
2022-07-12,103.22550964355469,104.75834224122296,102.77100537350833,103.37700880051271,1012600
2022-07-13,103.64437103271484,104.35731187711872,100.77476662611973,101.17579542614861,1095100
2022-07-14,103.51960754394531,103.95628441167634,101.84418259978328,102.20957014157955,1322600
2022-07-15,104.34839630126953,105.80102590930106,103.80478206172157,104.72269754701836,1002900
2022-07-18,103.76020812988281,105.76536545772196,103.38591372715405,104.89200505218314,922100
2022-07-19,107.11107635498047,107.4319021481408,104.49100131056225,104.49100131056225,820600
2022-07-20,108.6260757446289,109.46378824698046,107.30713137834451,107.36951379027454,893400
2022-07-21,108.44783020019531,108.59932935534573,106.67437491635614,107.6903208260988,827800
2022-07-22,108.14483642578125,110.12325976238454,107.3873337714603,108.84887038425008,774200
2022-07-25,105.85450744628906,108.7241121499169,104.55338364137938,108.7241121499169,1144600
2022-07-26,102.58385467529297,104.82072109013501,102.54820661618795,104.55336404643344,1102500
2022-07-27,108.25177001953125,108.58150267723788,103.95627736113987,104.09886280251165,1206800
2022-07-28,112.80570220947266,112.88590524269415,107.87747194803917,108.2785007124907,1697100
2022-07-29,110.9431381225586,113.17109097070558,110.53319561440026,112.91264762441982,2380000
2022-08-01,111.17485809326172,112.25318656227354,109.46379176883833,110.08761590820941,1016800
2022-08-02,110.6312255859375,111.99473163500161,110.01630842688016,110.50646077093637,795200
2022-08-03,113.06415557861328,113.46518437868026,110.3371366209709,111.15702845091353,960500
2022-08-04,112.09275817871094,113.49191224009218,111.852142272255,112.67202725617359,801500
2022-08-05,110.13217163085938,112.17297734478441,110.06087550480379,111.08573521954138,667200
2022-08-08,111.70063781738281,113.34041460641512,110.26584247584151,110.26584247584151,805000
2022-08-09,112.1016845703125,112.13733263440609,110.42626635295163,111.44221238251353,826100
2022-08-10,115.74662780761719,116.68235726331709,113.99099961620301,114.38312155110626,1333500
2022-08-11,116.05850982666016,117.83196509549612,115.93374501768916,116.61105135068395,1029300
2022-08-12,117.55569458007812,117.58242892348571,116.09415821430812,116.68232736761854,753000
2022-08-15,117.82306671142578,118.52709384195192,116.03178388350493,116.95861990155295,1113800
2022-08-16,119.73019409179688,120.58572038894054,117.01208883852156,117.43094507091213,1073700
2022-08-17,118.25975036621094,119.53414663789998,117.70722233702446,118.16171988377333,963100
2022-08-18,117.96564483642578,118.58056200755006,116.94079195011545,118.09933016834357,723800
2022-08-19,115.02476501464844,117.27053186743076,114.38311345718319,116.96753352039053,779000
2022-08-22,113.30477905273438,113.33151340129817,112.0660377086757,113.32260648455896,1002600
2022-08-23,113.15326690673828,114.89997427162109,112.98394031968091,114.01771367346153,762800
2022-08-24,113.7860107421875,114.56134079882678,111.05008485388203,112.68985492412317,1116100
2022-08-25,116.43282318115234,116.45065061343035,114.04446399306656,114.27616621929462,854000
2022-08-26,111.37090301513672,116.62886605920208,111.09463905021845,116.52192867880646,741100
2022-08-29,111.13027954101562,111.82540650463245,109.92718642569429,110.27474650791663,727000
2022-08-30,109.95393371582031,112.42250944079076,109.35684394521007,111.80759223869109,700800
2022-08-31,110.24803924560547,111.49569444171951,109.45488842219041,110.3371560169335,1050100
2022-09-01,112.2264404296875,112.25317477582874,108.98254164721692,109.56181074390935,917300
2022-09-02,111.54915618896484,114.00881835945319,110.8451221807783,113.60778951389649,851800
2022-09-06,109.80242156982422,113.07305454686643,109.0449190011799,112.26208328841753,1109000
2022-09-07,114.1157455444336,114.13357297443397,109.64201249847207,110.14107175172455,1127700
2022-09-08,116.26348114013672,116.33476365475796,113.17998884655795,113.54537632612163,957300
2022-09-09,116.7803726196289,117.50224077810851,115.89811197872929,116.6823421486017,705100
2022-09-12,119.17765808105469,119.22221986072859,117.23488959205548,117.85871371245221,876200
2022-09-13,114.70394897460938,117.03883958574647,114.26726525031964,116.12983086910224,965800
2022-09-14,116.12091064453125,117.52897854280458,113.71471737548704,114.88216934644237,968200
2022-09-15,116.23676300048828,118.22410696324263,115.44361223813029,115.9961538556812,830600
2022-09-16,115.56835174560547,116.0585040415392,113.87511319420926,114.71282555483351,1690900
2022-09-19,118.10821533203125,118.5270714845433,114.70391102669612,114.70391102669612,1585200
2022-09-20,118.3042984008789,118.60729673016719,116.53976352040247,117.70720865845368,1342600
2022-09-21,116.99427795410156,120.47880004048142,116.9229818195321,119.16876246425521,2000100
2022-09-22,111.79866790771484,115.10495582026184,110.87184553345377,114.96236357857717,2561200
2022-09-23,109.07167053222656,111.58480133661205,107.11998145677063,110.95206347726099,1862400
2022-09-26,107.97550201416016,110.77381003804375,107.7883480056526,109.07165092586439,1385000
2022-09-27,110.13217163085938,112.10168121872881,109.05384322116649,109.73113602117625,1447300
2022-09-28,113.8216552734375,114.26724583946306,109.90045693257805,110.80945869563432,1122700
2022-09-29,115.24756622314453,115.90703164775438,111.42439103077702,112.83245904302699,2073500
2022-09-30,112.57400512695312,114.64154516946924,112.31556177174203,114.3741880987894,2138600
2022-10-03,111.7630386352539,113.31369203446506,109.99849685057201,113.24239590597482,2312500
2022-10-04,117.83197784423828,117.91218088760908,113.99989601359958,114.08009905697037,1769800
2022-10-05,118.6162109375,119.0528809775655,116.33477587796125,116.43280634379433,1500200
2022-10-06,116.47574615478516,120.01921572222649,116.29587745921542,119.13784950776349,1542100
2022-10-07,113.04019165039062,115.51342357815265,112.05988888192628,115.21663410004925,1211700
2022-10-10,113.92157745361328,114.40723117598264,112.25776796829568,113.10316595111101,1093700
2022-10-11,115.59436798095703,116.90743539665995,112.57252754947808,114.20935721139999,1236500
2022-10-12,117.15026092529297,117.84276979398983,114.20037734439396,114.92885446200299,1023400
2022-10-13,119.5875244140625,120.14512147003452,113.93956246441249,114.84790826899615,996400
2022-10-14,116.93441772460938,120.88259497096762,116.74554668940422,120.49586426958591,932700
2022-10-17,118.66120147705078,119.52457677915342,118.14856124140614,118.60724223605723,798000
2022-10-18,120.01020050048828,121.09841478759132,119.20977331791293,120.56779745014111,1200400
2022-10-19,119.614501953125,120.83762823630657,119.07488216935917,119.605513321866,1227600
2022-10-20,118.9219970703125,120.60380434278316,118.30143841519086,119.29073681076183,997600
2022-10-21,119.90231323242188,120.33400086302372,118.11258739333356,118.8950237968811,1610100
2022-10-24,120.51385498046875,121.58409215696156,118.91300039275536,120.0641764171088,1271200
2022-10-25,122.28559875488281,122.33056935919906,120.22606309587357,120.73870328349567,1708800
2022-10-26,124.5789566040039,127.14211625471138,122.43848218970905,122.5374120254059,1791700
2022-10-27,126.56654357910156,127.63678091607328,125.26247829443712,125.65819768522694,1254100
2022-10-28,128.14939880371094,128.2573172648952,124.99264658306781,126.56652151647324,1326200
2022-10-31,128.7339630126953,129.6513110135594,126.5035614504347,127.49284593641447,1085600
2022-11-01,128.64402770996094,129.90313582670225,126.82733633100648,129.78621501761424,1009400
2022-11-02,125.64917755126953,128.94081387382892,125.50527713195018,128.3832169028406,1258100
2022-11-03,125.43335723876953,126.34170312445339,123.43678303822652,124.7138686913761,930800
2022-11-04,127.11512756347656,128.23932392382235,125.37037261652387,128.05046662022033,884800
2022-11-07,125.76612091064453,127.69974732985408,123.91344707758941,127.69974732985408,1071800
2022-11-08,126.03590393066406,127.1960685559698,124.63290904495469,126.60250329723914,859900
2022-11-09,125.59520721435547,126.4046367975402,124.63290230172531,125.23546988167308,945700
2022-11-10,130.7035675048828,131.0992868200832,128.14039430976223,129.35453187020886,1294200
2022-11-11,126.9532470703125,131.58493048338457,125.46929967357597,131.58493048338457,1450000
2022-11-14,128.18536376953125,128.9138408100843,125.61320196669085,126.53055003258358,1604200
2022-11-15,128.69801330566406,130.66759393142462,128.36524182935668,130.46074562995315,884700
2022-11-16,130.79348754882812,130.83845814538225,126.91726090779298,127.69070850998578,1446700
2022-11-17,131.3511199951172,132.19651794716722,129.5164236474551,129.72328568123865,919900
2022-11-18,132.33140563964844,134.7236988642895,131.07231116515342,133.55453186762952,994800
2022-11-21,131.9357147216797,133.167843568924,131.3421356031331,132.27747489110413,988900
2022-11-22,133.0958709716797,133.4286287292947,131.6299144103358,132.3943734851338,839000
2022-11-23,133.4016571044922,133.7613945005955,132.46631791766046,133.11385620912796,528600
2022-11-25,133.4556121826172,134.0401888638429,132.72713505819382,133.62649224352668,336000
2022-11-28,132.04364013671875,134.11215086620646,132.01664679353414,132.9429974010535,769400
2022-11-29,130.37081909179688,131.60293400147708,129.7862287077923,130.0020793650849,1179600
2022-11-30,132.19651794433594,132.58323494791134,129.2825957162241,130.64962248383108,1521200
2022-12-01,130.9913330078125,133.11381593815105,130.87442593715298,132.73608766958628,1058100
2022-12-02,130.83847045898438,131.5309792864135,128.6890074831595,129.4804461430785,863500
2022-12-05,129.09371948242188,129.88515816709912,128.39222200213106,129.61534827704088,929400
2022-12-06,128.48216247558594,130.01106687975005,127.4029366445937,129.15668033534374,1167900
2022-12-07,127.89757537841797,130.06501549460438,127.78065456754614,128.41919040438492,798100
2022-12-08,129.30056762695312,129.94810580433665,128.32025800754496,128.99477579872786,1263400
2022-12-09,128.22137451171875,129.79524975804057,128.10445367345613,128.85991049814587,974300
2022-12-12,129.94813537597656,129.98410362819428,126.3596949699645,128.42821941160224,1371800
2022-12-13,130.43377685546875,133.23976699771978,129.2196391160936,132.65519029245155,1432100
2022-12-14,129.4624481201172,132.65516847897695,128.15838310680823,132.56522728229362,1289400
2022-12-15,128.48216247558594,128.92285241761073,126.71941643058784,128.59008094175488,1586100
2022-12-16,125.82005310058594,126.53954152692052,118.62519628344077,118.76909671332776,3701100
2022-12-19,124.51597595214844,126.54853158834237,123.67057816255617,125.97294364780493,1901500
2022-12-20,125.65819549560547,126.2607632035891,124.2012411486332,124.34512787842,1380700
2022-12-21,124.60594940185547,126.75541267473427,124.5699674270134,126.44963450408935,990500
2022-12-22,123.49072265625,124.28216130494106,122.50143806848664,123.94940356542342,840500
2022-12-23,124.86673736572266,125.32541827279547,122.60935596885383,123.55368367524451,659200
2022-12-27,123.87744903564453,125.19050268640754,123.3827998974393,124.9566747861196,813000
2022-12-28,124.8487548828125,125.70314135358612,124.06630490121786,124.2911441684267,911600
2022-12-29,125.98194122314453,126.27873070586887,125.14553200399416,125.54125131429326,675600
2022-12-30,124.40808868408203,125.67618568631313,123.64362954066834,125.56825348577911,800200
2023-01-03,125.87400817871094,126.07185408783398,124.04830089537734,125.67614854648953,1229700
2023-01-04,128.6350555419922,129.111713746522,125.7661039602854,126.35968298886641,1229500
2023-01-05,129.77723693847656,130.27188610587302,127.73569240564069,129.00378925575686,1328800
2023-01-06,132.1875,132.49329183727434,129.84917982189637,129.94810964978805,1431000
2023-01-09,134.30043029785156,134.61780990021452,132.33261311293435,132.39609733561565,1438400
2023-01-10,136.3044891357422,136.65814936082842,134.3094823830247,134.5633915786244,1507600
2023-01-11,135.70599365234375,137.90957971845512,135.1256277542388,136.75791116672602,1427400
2023-01-12,134.84449768066406,136.67628293300405,134.40922677214212,136.15938748656143,1287200
2023-01-13,135.842041015625,135.95991855553464,133.53870364639877,134.07373954681972,649800
2023-01-17,135.12564086914062,135.95085281846497,134.69943310792985,135.09843729604341,729600
2023-01-18,132.8313446044922,135.9054720640054,132.40513695885656,135.74225066968305,812000
2023-01-19,131.84292602539062,133.0217980723348,131.7159714256898,132.63185719231632,1192600
2023-01-20,133.64749145507812,133.83791641279547,131.75222209862528,132.36886853378545,848600
2023-01-23,134.30043029785156,134.62688698174873,133.2938566755865,134.09185114076828,652300
2023-01-24,132.3779296875,134.59964179354995,131.9426588111461,134.59964179354995,940300
2023-01-25,134.01025390625,134.12814528193456,131.33512978037282,131.68879007041062,872700
2023-01-26,135.38861083984375,135.68786394478582,134.34575659467941,134.40017757131685,802500
2023-01-27,134.54527282714844,136.02339818190345,134.0827982546556,136.02339818190345,852300
2023-01-30,133.23037719726562,135.62438835209122,133.10342258439664,134.2188105286751,889300
2023-01-31,134.18251037597656,134.37293532946333,132.74066609438768,133.0217788218282,2240500
2023-02-01,133.35731506347656,134.65407843787946,130.5280332822532,134.21879367383488,1211000
2023-02-02,134.13719177246094,135.34326744091888,133.1124778490838,134.4273816342016,1412500
2023-02-03,133.6837921142578,134.74477294409135,132.06964891977444,132.84951694473952,736300
2023-02-06,135.83291625976562,135.88733722487308,133.7653623700408,133.7653623700408,1027300
2023-02-07,135.65158081054688,135.93269358479728,133.89234286418952,134.84450930120926,664100
2023-02-08,134.61778259277344,135.68784022065682,134.01927648753417,134.85356527260137,696800
2023-02-09,133.99208068847656,136.68534448113942,133.61121691861678,135.47926895807723,897200
2023-02-10,133.32102966308594,134.20971171766405,132.72252357373253,133.7563005294287,1153400
2023-02-13,134.0646514892578,134.76290877409147,130.70034735117866,133.6837876530799,1110800
2023-02-14,132.6771697998047,134.27318591913806,131.83383169430175,134.12809102883315,1239600
2023-02-15,132.99459838867188,133.03086520235428,131.47112931074435,132.33260796509526,1258300
2023-02-16,132.178466796875,133.95584531028044,131.05401554687788,131.91549431205766,1306700
2023-02-17,132.47769165039062,133.34824731203804,131.14466150921936,131.80665187661245,1422800
2023-02-21,134.0646514892578,134.39110818269816,132.0787077572469,132.84951251140228,1508500
2023-02-22,135.03494262695312,135.98710902521586,133.18501696684038,134.73568953966978,1224100
2023-02-23,134.463623046875,135.9417479722285,133.87419402745795,135.2344276141234,1092200
2023-02-24,131.0630645751953,133.9920975938872,130.7547482231255,133.08527502637764,1142900
2023-02-27,129.3763427734375,131.74314965601602,129.15870042851836,131.48924050544915,923800
2023-02-28,129.6665496826172,130.2741190757449,128.99549607496238,129.56679865765514,1187400
2023-03-01,130.2650604248047,130.53710997109997,128.54210302662582,129.21315672921887,971500
2023-03-02,133.4298553466797,133.68376452687409,129.67561094007684,130.10181860047726,1046700
2023-03-03,133.61123657226562,134.44551169139288,132.84950892049918,133.42987482237095,1120800
2023-03-06,134.45457458496094,134.81729804647483,133.50240820222058,133.89233523149736,1066800
2023-03-07,132.87669372558594,135.84200703898878,132.58651773413752,134.69033864242957,1128800
2023-03-08,132.15121459960938,132.94015943780536,130.51893163421678,132.94015943780536,831900
2023-03-09,131.18092346191406,133.7562955952035,130.99956176071257,132.8132064467492,1086200
2023-03-10,130.5552520751953,133.01273359592528,130.04743362827023,131.40766754125454,1073900
2023-03-13,132.41421508789062,133.71096452087716,129.52144932259796,129.52144932259796,1952700
2023-03-14,133.82882690429688,135.98706824825567,132.44138999375457,133.99204826459163,2066200
2023-03-15,133.99208068847656,134.47269548165764,131.87918271231607,132.62278376562267,1922300
2023-03-16,136.34983825683594,137.0480954900159,132.87670625319228,133.17595935312656,1266900
2023-03-17,134.6631317138672,137.03900206777635,133.8197934903543,136.81229645883045,4673100
2023-03-20,136.59466552734375,137.33825271636087,134.8354278189451,134.8354278189451,1500100
2023-03-21,138.2269287109375,139.36953376517104,137.43799766835636,137.82793848691568,1304800
2023-03-22,136.97555541992188,139.77763391099654,136.97555541992188,137.56498457047937,1752000
2023-03-23,136.4949188232422,139.351404001226,133.9830167665216,137.69191726002148,2675400
2023-03-24,138.36294555664062,138.58965112731863,135.94173172224075,137.3563722693499,1608200
2023-03-27,139.46929931640625,140.59375032886345,138.16347273947662,139.54184677479267,1580400
2023-03-28,140.0768585205078,140.97461768607116,138.9161269448162,139.7231983347426,1221800
2023-03-29,140.25823974609375,140.87488626478077,139.3876978617299,140.56655608693038,1190000
2023-03-30,139.54183959960938,140.78418189769036,138.81637889006103,140.19475285450167,1308200
2023-03-31,140.7025909423828,141.37363077733514,139.7413612480891,140.28544647883308,1367400
2023-04-03,139.55091857910156,140.92021561798717,138.74384708093484,140.2854426144314,1767400
2023-04-04,138.82546997070312,140.31265849683714,138.48995003302508,139.65068186625092,1415500
2023-04-05,138.7982635498047,139.2788784160225,137.69193888194096,138.68944926674092,1306100
2023-04-06,136.8330535888672,138.74341154967595,136.32118867566223,138.74341154967595,1282200
2023-04-10,138.47836303710938,138.49664791436442,136.26636709659223,136.3851978778378,1694900
2023-04-11,140.28814697265625,141.17477505189615,138.45091467764234,138.505755351035,1499500
2023-04-12,138.69769287109375,141.52209874647684,138.56972666808426,141.0193693963431,1461500
2023-04-13,140.2790069580078,140.5897800619975,139.12731101231412,139.66659621287351,1171500
2023-04-14,139.3192596435547,141.40328894243817,139.1730085478118,140.0687860487828,746800
2023-04-17,138.7068634033203,140.47097035850317,137.7014044488349,139.96825482853407,996700
2023-04-18,138.7616729736328,140.05961991198447,138.71596776826237,139.35581274890754,736400
2023-04-19,138.52401733398438,139.13642799779032,138.2406646034307,138.78908519400468,840900
2023-04-20,137.0432891845703,138.46921660475329,136.3394818596559,138.33210095711283,902800
2023-04-21,138.79827880859375,138.81654973767652,137.37235134551236,137.4820466563796,1048200
2023-04-24,136.4400177001953,139.163878209168,135.78190169238985,138.93536609388198,1125600
2023-04-25,133.8715362548828,136.677657620781,133.35965742961466,136.677657620781,1201100
2023-04-26,135.75445556640625,136.4399917820397,134.13658619227573,134.20057626709112,1220800
2023-04-27,138.20408630371094,138.30463216451338,135.49851141764861,136.54052581720632,749700
2023-04-28,138.87136840820312,139.31012168758102,137.73795730465665,138.37778840299288,739700
2023-05-01,138.2589569091797,139.10902917957858,137.48202413222566,137.91162799894747,1542500
2023-05-02,138.7799835205078,139.58435065257555,136.33032632160746,138.44179004328527,1140100
2023-05-03,138.45089721679688,139.11814857104324,137.58255412062366,138.83479582940177,1454300
2023-05-04,139.7762908935547,139.91340653294301,138.14928572651107,138.47834373486106,1005400
2023-05-05,139.93165588378906,140.92796521893112,138.9627668828421,140.14189704231205,1225500
2023-05-08,137.32664489746094,140.71775685497022,136.9884374849724,139.67574217418203,1746700
2023-05-09,137.4088897705078,138.52402987037874,136.92444526205398,136.97015046888887,904500
2023-05-10,136.24806213378906,138.04873872790003,135.11465096200902,137.61913483302448,1347000
2023-05-11,134.3742218017578,136.30286407515126,133.71610597736876,136.05608110145695,1492100
2023-05-12,135.78189086914062,136.11094884681395,133.99034989130323,133.99034989130323,1444500
2023-05-15,138.8348388671875,138.87139467374706,135.68137404181246,136.4674563819509,1216700
2023-05-16,139.9956512451172,140.2332987995332,137.56427924141224,138.6428496198441,1582300
2023-05-17,145.0503387451172,145.20572529507123,140.44352712830388,140.96454139633033,1921800
2023-05-18,148.2038116455078,148.35919820468686,145.0594828197683,145.3337001377846,2024600
2023-05-19,147.53659057617188,149.36468780966206,146.74135879545662,148.77054784041275,1621900
2023-05-22,147.37203979492188,149.37380829643138,147.18923287935874,147.88390473740813,1159300
2023-05-23,146.7687530517578,147.48170966256586,145.90039594488925,146.71389843400462,1286100
2023-05-24,146.668212890625,148.36834347819376,146.22032415211137,146.77789423586435,1283900
2023-05-25,147.18919372558594,148.24949307998523,146.32998610899583,147.4268412578741,1211300
2023-05-26,147.41770935058594,149.69369464852073,146.70475278926088,147.63708596455913,1159100
2023-05-30,146.59510803222656,148.02102151065026,146.29347034297942,147.6279733892893,1004300
2023-05-31,144.89495849609375,146.7961808709333,144.41964941556586,146.37571246368327,1970000
2023-06-01,147.8290557861328,148.35920557469453,145.0686394368508,146.20205061828986,1328900
2023-06-02,149.9405059814453,150.2969843294683,147.69195453923047,148.48717225083416,1121800
2023-06-05,147.19834899902344,149.89480295149238,147.08866765355444,149.37378866597095,1330600
2023-06-06,149.0538787841797,149.38292281769836,145.97352620233715,146.63164216391783,1502500
2023-06-07,150.26956176757812,150.79971154989417,149.04474017426486,149.42863885512696,1292100
2023-06-08,149.3189239501953,150.4523488108699,148.66080808880614,149.73939228557654,1167500
2023-06-09,147.99359130859375,150.42496358915471,147.89304541887813,149.35551460432828,1044700
2023-06-12,150.79971313476562,150.95509970146628,148.59686691528213,148.6973988579065,1112200
2023-06-13,151.76858520507812,152.30788434325837,150.73572003121055,151.0830489276365,1068400
2023-06-14,153.23109436035156,154.2182684422307,152.07939823846274,152.44501207000008,1256000
2023-06-15,152.51812744140625,154.45590572425198,152.37187633964774,153.47788111919647,1182700
2023-06-16,151.74119567871094,153.59671313060838,151.07394413842752,153.09399758289877,1927000
2023-06-20,151.56753540039062,152.74665187865676,150.90941933666454,151.79604753509346,1101400
2023-06-21,152.10679626464844,153.34990263569676,150.8636898936001,151.1927478726209,1518200
2023-06-22,148.19467163085938,150.90939649602842,145.47079735543173,147.16179247520458,3009200
2023-06-23,147.43600463867188,151.32071020506478,146.33914938585048,147.35374363284632,2516500
2023-06-26,147.70108032226562,148.48716251859864,145.8455631519572,147.73765006940965,1644900
2023-06-27,149.34637451171875,149.62972729742415,146.96984298152154,147.53656250020472,1131600
2023-06-28,148.12155151367188,148.9350540620109,147.64624242277324,148.85279305029925,1173500
2023-06-29,151.0922088623047,151.3481413079288,148.24036826535075,148.24036826535075,1104000
2023-06-30,152.71920776367188,153.24935750732413,151.0556329873212,151.0556329873212,1155200
2023-07-03,153.05738830566406,153.90746049535107,151.75944136569026,152.4723979390946,631000
2023-07-05,150.7722930908203,153.47788271234674,150.6717472007267,152.6460952531428,1445500
2023-07-06,150.00448608398438,150.36096440827725,148.37748101954284,149.65714322283213,1174000
2023-07-07,150.6033935546875,151.93021679391637,149.20285635111247,149.89390894991908,928000
2023-07-10,152.90689086914062,153.41366554922126,150.63102335455133,150.76924229975518,1091200
2023-07-11,153.46893310546875,154.18762656270266,152.94374052956647,153.67164295848332,850400
2023-07-12,153.74537658691406,154.79577593264844,153.35838883422252,154.19686932813784,1029500
2023-07-13,155.21961975097656,155.99359521674427,153.98492853520446,154.39034827236844,917800
2023-07-14,154.27981567382812,155.23806919835692,153.49661701723522,155.23806919835692,946400
2023-07-17,155.9475555419922,156.38061634831658,154.65759615687875,154.6668051312357,853200
2023-07-18,156.7215118408203,157.01636769790474,153.0082570051074,154.26136627871406,951200
2023-07-19,157.97462463378906,158.5274723483882,156.4358825015399,157.2927950532184,904600
2023-07-20,158.64723205566406,159.24615270662002,157.2467089982137,158.44453624062538,1002700
2023-07-21,156.9794921875,159.45806957399714,156.95185121036064,159.45806957399714,1140900
2023-07-24,156.71229553222656,157.89169078635712,155.88302401761885,157.44942108093326,1088600
2023-07-25,154.62989807128906,156.69383232528372,153.9941275878719,155.9474979524019,1033600
2023-07-26,155.735595703125,155.90144155495568,153.9480709827322,154.8141923676235,881900
2023-07-27,156.87814331054688,157.8364107533894,155.10905040779986,155.367042244065,904700
2023-07-28,154.353515625,158.61960419680392,153.95730481581438,157.9654155962785,921700
2023-07-31,155.64346313476562,156.38979765120428,154.42721793821755,154.64834575968064,2898500
2023-08-01,153.30311584472656,155.38548265276904,153.0635419413092,155.25648672766025,1380500
2023-08-02,151.22994995117188,153.2570346917892,151.21151794585245,152.18820333527256,1107900
2023-08-03,150.12423706054688,151.15621834546576,149.62668545100485,150.53887980458072,1248100
2023-08-04,149.6820068359375,151.05490321391912,149.19366406957212,150.7231973670009,1002500
2023-08-07,151.8380584716797,152.02235039730365,149.82940582977827,150.17954361706384,1027900
2023-08-08,151.8380584716797,152.52911101426963,150.76924122436057,151.09172397520257,1091800
2023-08-09,151.045654296875,152.12370865925024,150.76002148921157,151.59850196683664,741900
2023-08-10,150.7139892578125,153.24784908480058,150.43756537387688,151.40504193790017,689600
2023-08-11,147.8760528564453,150.36383949589128,147.07442225055038,150.24405254178592,1169100
2023-08-14,148.58551025390625,148.61315123171016,147.14812317010183,147.51669297332117,1238600
2023-08-15,149.01858520507812,149.36872303667207,147.63647994499894,147.80233988714934,901600
2023-08-16,147.71939086914062,149.42397861996224,147.2863301726699,148.6407942132061,914200
2023-08-17,146.40179443359375,148.8066580140334,146.03323867531603,148.40123824422733,1238600
2023-08-18,146.01480102539062,146.9362044449693,145.30531645565495,145.58174029342862,2383000
2023-08-21,143.08473205566406,146.51235393037362,142.06197368886362,146.25436209546004,1372900
2023-08-22,143.74813842773438,144.0061302532786,142.18175546993012,143.19530482706818,936300
2023-08-23,144.015380859375,144.83542947461646,142.60563452148241,143.7942389410673,814900
2023-08-24,143.35194396972656,144.57741219007033,143.0294471529781,143.63757677681792,523900
2023-08-25,143.729736328125,144.27336101620347,143.2874525274326,144.0430101423226,694800
2023-08-28,142.96495056152344,144.10748174462552,142.42132594637005,143.62836211406645,942600
2023-08-29,143.57310485839844,143.69287775689145,142.22784951780625,142.22784951780625,907900
2023-08-30,144.78933715820312,145.1118339885849,143.62837387593032,143.62837387593032,682900
2023-08-31,143.28744506835938,145.12104299042053,143.2505951166374,145.05653800053105,873700
2023-09-01,143.33352661132812,144.80777783925168,141.94221238385776,143.97850625123155,866400
2023-09-05,138.85549926757812,143.19531577090754,138.37636552944915,143.19531577090754,1320400
2023-09-06,137.24302673339844,139.56496712157994,137.16010380583825,138.9568375338063,1353800
2023-09-07,138.08152770996094,138.68965738824105,137.00348731273792,137.1969741725079,1141100
2023-09-08,137.69451904296875,139.10426504544364,137.44573620150277,138.05386578753098,862300
2023-09-11,136.45062255859375,138.33029331869233,135.980711898319,138.00779651333727,1293700
2023-09-12,137.97096252441406,138.06309443695886,135.6766627916776,136.36771540351975,1081400
2023-09-13,137.11404418945312,138.22894854236392,136.39535062822168,137.27990412023775,1150900
2023-09-14,139.88748168945312,139.99804560691192,137.15091225633805,137.76825089465171,955300
2023-09-15,138.26580810546875,139.2793575876627,138.0723212421874,139.13192965216143,1329900
2023-09-18,137.38125610351562,139.20563094586177,136.8284084254711,138.68042424576944,1233800
2023-09-19,137.94332885742188,138.09074273720861,136.64414650400536,137.04956630729865,1323600
2023-09-20,137.71295166015625,140.0533099962828,137.38124588989035,138.52377705230668,1932600
2023-09-21,134.05499267578125,139.07663865416404,133.83385078689895,137.77745641854457,2464400
2023-09-22,132.22137451171875,134.37745487512146,132.10158758280792,134.11025410235735,1632500
2023-09-25,130.1666717529297,132.48859836752072,130.02845279714376,131.3829170187391,1356200
2023-09-26,130.2495880126953,131.29077837632838,129.58617642553978,129.58617642553978,1430800
2023-09-27,130.3140869140625,131.35527734139794,129.1623325686034,130.45230587121836,1199400
2023-09-28,131.85284423828125,132.58074680475917,129.77046336550623,130.65501689668966,925200
2023-09-29,131.96340942382812,133.2257277105,131.7791315370843,132.6728940502685,989400
2023-10-02,131.21707153320312,132.22139794119394,130.60894186874035,131.4842723533149,1178800
2023-10-03,128.83982849121094,130.89455396721718,128.29620390429207,130.01001464943377,1317700
2023-10-04,130.10214233398438,130.5259940355115,128.69239641856575,129.29131699551718,983900
2023-10-05,130.01922607421875,131.05119331760164,129.75202529137826,130.4246457939761,986200
2023-10-06,127.35931396484375,130.07502125961028,126.86639531631126,129.6565073002658,1597800
2023-10-09,127.48953247070312,127.87085122249322,125.6852575878378,126.42929036928932,1209500
2023-10-10,128.54049682617188,129.16362028558356,127.45234039763176,127.88945918414018,989700
2023-10-11,127.89877319335938,128.84740131629684,126.74552147432587,128.62420137736916,1125800
2023-10-12,124.85751342773438,128.35444873220717,124.39249475575026,128.35444873220717,1102300
2023-10-13,124.62501525878906,125.34114805136203,124.02979187296404,124.54131529623045,1340000
2023-10-16,129.09849548339844,129.2938095910168,125.48994565522129,126.12237849733516,1576400
2023-10-17,130.9585723876953,131.36779114043114,128.61487401645536,129.1450021801119,1160700
2023-10-18,130.8748779296875,131.86071540753932,130.27035923213563,130.47495442586785,1084500
2023-10-19,132.30711364746094,134.12069790622613,131.34917627355904,132.3350136337886,1338900
2023-10-20,130.828369140625,132.53033941287669,130.78186442889768,132.41873945772758,812500
2023-10-23,131.86070251464844,132.57683529205121,129.66581366505565,130.30754174690085,1179900
2023-10-24,132.14903259277344,133.1534748536692,131.16319505649986,132.71635606815215,1191700
2023-10-25,132.25132751464844,133.09766503180717,131.79561822944433,132.07461812191795,1160800
2023-10-26,132.24203491210938,133.87889580965404,131.97231608895814,133.2650676513575,917800
2023-10-27,132.5210418701172,135.34834948486642,132.40942772564023,132.64193708903636,1031200
2023-10-30,133.32089233398438,134.64154399032057,132.67916413528113,133.4696875609504,1142100
2023-10-31,135.34835815429688,135.67387696039998,132.89305968721482,134.01841132228196,1049900
2023-11-01,135.46925354003906,136.64109557638534,134.46481142692306,136.38998150029516,1337800
2023-11-02,136.6039276123047,137.85946986107732,136.20400406373437,136.4272181972095,894600
2023-11-03,140.1659698486328,140.5751744629594,137.11543353196802,137.16193824919182,1119100
2023-11-06,138.84530639648438,140.30547223330692,138.28729235389895,139.29173466004968,1587200
2023-11-07,138.14776611328125,138.83599898262872,137.5432474055578,138.83599898262872,624500
2023-11-08,137.33863830566406,139.00341340665526,136.97592424201872,138.22217110774923,789300
2023-11-09,137.79434204101562,138.65926999521906,137.20841394865573,137.94315142816168,540500
2023-11-10,139.59864807128906,139.80325747658787,137.6455634538903,138.17569169250473,756200
2023-11-13,140.6681671142578,140.95647645890097,139.18941094520355,139.26381564563493,781700
2023-11-14,143.9604949951172,144.02560443038402,141.40289193026817,141.81211069124333,800500
2023-11-15,144.91845703125,145.05795698646045,143.99771475312087,144.15581943277496,902100
2023-11-16,144.7882080078125,146.31348288721432,144.34179405283163,145.1230220218591,813800
2023-11-17,144.9556427001953,145.52296613260103,144.66733335100065,145.43926616501145,784300
2023-11-20,143.25367736816406,144.91845246790237,142.78865861044326,144.49992423295666,801000
2023-11-21,144.0070037841797,144.58363668699022,142.99326631022095,143.4210898064193,641400
2023-11-22,145.52294921875,147.59692859169678,144.8533211733713,144.86261643827453,769300
2023-11-24,145.0951385498047,146.2483901052701,144.49991514500698,145.4671620473316,399400
2023-11-27,145.77407836914062,146.46229701554665,144.66733150762806,144.80683145183318,757100
2023-11-28,144.55572509765625,145.73687672304212,144.14652050900537,145.59737677137096,754600
2023-11-29,144.83474731445312,145.32766609299554,143.67220034784424,145.32766609299554,785200
2023-11-30,145.52294921875,145.72755857657373,143.2443604879795,144.74172122955625,767300
2023-12-01,148.72227478027344,149.00128882115058,145.2625347323814,145.53223931744168,803300
2023-12-04,149.73605346679688,150.34988168815025,147.88527353559417,148.3409970680379,1026500
2023-12-05,148.8431854248047,150.0522369331964,148.42467141569662,149.39191829890802,725100
2023-12-06,149.97784423828125,151.13109586325567,149.65233962347736,149.82904902154763,749500
2023-12-07,149.8197479248047,150.47077138198946,149.06641976783038,150.47077138198946,810000
2023-12-08,147.82948303222656,150.08017246363696,147.47607837192143,149.77325833327438,781200
2023-12-11,149.9220428466797,150.3126568955147,147.6713537893468,148.88040538311964,978700
2023-12-12,149.81044006347656,150.78698226277956,149.12220721445678,150.29406353011873,785700
2023-12-13,151.0938720703125,151.42868607940886,147.81082721351675,147.81082721351675,967500
2023-12-14,151.67979431152344,152.78654107463424,150.23823352084338,152.23782242122036,1892900
2023-12-15,151.12179565429688,151.7449190646802,142.77004884297492,144.5278191174132,3402900
2023-12-18,155.47439575195312,155.5395052007199,150.89861211376447,151.74494980024056,1447800
2023-12-19,153.88401794433594,156.5253211577316,153.456194430865,156.04169766233983,1175900
2023-12-20,150.79627990722656,153.76310180725025,150.60096578778706,153.4189924729358,1073200
2023-12-21,150.86138916015625,152.25644541053546,150.3219657070601,152.25644541053546,826000
2023-12-22,150.5172576904297,151.1310858140966,149.7360296373511,150.7497670532206,745800
2023-12-26,152.516845703125,152.61915038971725,150.43355671763072,150.43355671763072,622400
2023-12-27,152.1076202392578,152.6377341800098,151.1031781401416,152.6377341800098,812600
2023-12-28,152.7772674560547,153.21438622596068,152.04252986780995,152.1820440106236,744500
2023-12-29,152.80517578125,153.18649459132843,152.12625232784612,152.70287108077156,772200
2024-01-02,150.92648315429688,154.07930968636194,150.84278318586718,151.99602059422097,1298400
2024-01-03,149.1780242919922,151.5961277111226,149.0943243144928,151.37291357987675,1146300
2024-01-04,149.73605346679688,150.34988168815025,149.06642526009276,149.2245299490024,1024500
2024-01-05,150.74049377441406,150.83348901834745,149.51283734801555,149.8755514392247,1003400
2024-01-08,152.47964477539062,152.58194946769737,149.54072287934764,151.01018382736913,1297700
2024-01-09,151.50460815429688,151.8983683993975,150.3233131134457,150.94208534383924,888500
2024-01-10,150.97959899902344,151.73900917942026,149.33892395391933,151.40149831220538,881600
2024-01-11,149.99520874023438,151.0639907925068,146.9482407318072,150.63272133379448,1161900
2024-01-12,147.31387329101562,150.2764527906789,147.19198999540868,150.2764527906789,976600
2024-01-16,147.3513641357422,147.40761356124705,145.0731765694909,146.75134642110578,1428600
2024-01-17,147.85763549804688,148.4763934754536,145.9356990888587,146.7138495103564,904900
2024-01-18,149.92958068847656,150.20147200934989,147.3326223103467,148.53265784348247,848600
2024-01-19,149.29205322265625,150.34208063333384,147.81075637942146,150.34208063333384,1004600
2024-01-22,151.4952392578125,151.81399554052084,149.08579825486314,149.65769125880496,1119300
2024-01-23,151.5608673095703,152.88278598517317,150.7733467687836,152.02963157987912,794200
2024-01-24,151.5608673095703,152.43276198568054,149.98581192244666,151.93587300359727,1184500
2024-01-25,151.99212646484375,152.73278204271543,151.04522776366355,152.0765149079593,851400
2024-01-26,150.93272399902344,152.73277706954997,150.57645857794884,152.3483869368695,556100
2024-01-29,153.39840698242188,153.39840698242188,150.5483266667732,151.01709091185384,889700
2024-01-30,153.5577850341797,153.72654760121213,152.06711816888216,153.02340123393412,1004100
2024-01-31,152.42340087890625,155.3297309436439,152.10464458954715,154.5609649336866,1033700
2024-02-01,156.78289794921875,156.78289794921875,152.35776197713295,153.0327836885054,1108300
2024-02-02,156.1172637939453,156.9610337972207,154.03594919327838,155.99538050026408,881000
2024-02-05,154.23281860351562,155.2641057440622,152.7327814874622,155.05784831595287,845400
2024-02-06,155.55471801757812,157.20476293226395,153.69841570036297,154.15779548327473,1065800
2024-02-07,155.66722106933594,157.80479914485585,155.58284694025664,156.3422427130687,978200
2024-02-08,157.67356872558594,158.4423491205283,155.6860124741585,156.60478658776424,586400
2024-02-09,157.18603515625,157.97355568001723,156.7172708960719,157.46729657346685,574800
2024-02-12,155.02035522460938,157.44855079467115,154.5047116484928,157.03603593377787,1081700
2024-02-13,152.15150451660156,153.13591237094354,150.801475399689,153.13591237094354,976900
2024-02-14,151.0827178955078,152.4515158528843,150.00456580103295,152.4515158528843,877800
2024-02-15,152.2358856201172,152.97652685630368,150.51082227149877,151.66399265082762,787300
2024-02-16,152.31088256835938,155.0297094276635,151.6546011904487,151.71086491569332,998700
2024-02-20,154.9828338623047,156.60475415982722,151.7671179777823,151.7671179777823,1567500
2024-02-21,156.04226684570312,157.12980348551173,155.11410835569467,155.12349279751038,964100
2024-02-22,157.9454345703125,158.35794941756333,156.54851189313126,157.1297893167803,1283400
2024-02-23,158.92047119140625,159.21111708020584,157.5423029758639,157.5423029758639,872600
2024-02-26,158.94857788085938,160.27049651819732,158.85483361284133,159.37984729150185,1147700
2024-02-27,158.939208984375,160.13924434653686,158.42356543683283,159.08921698103273,1336000
2024-02-28,159.80174255371094,160.25175226361063,158.52670312103626,158.88296855688014,941700
2024-02-29,160.0454864501953,160.71112363216744,158.32042324661757,160.71112363216744,1544000
2024-03-01,160.58926391601562,160.64552764738804,158.47982461440122,159.96112148508988,866100
2024-03-04,163.17684936523438,165.7925477633891,161.23615837180458,161.72367723045926,1542000
2024-03-05,163.51437377929688,165.08004489376282,162.60496985269813,162.94248073582293,899000
2024-03-06,164.90191650390625,165.06129466047292,162.95185516180166,163.1487424761206,799500
2024-03-07,162.37057495117188,165.10815665256612,161.55492967493697,164.9393940714706,1275300
2024-03-08,160.85177612304688,162.80182286885585,160.51426528135877,161.95805291741064,870500
2024-03-11,161.0767822265625,161.79868323506705,159.7173686535454,160.22362778974355,853900
2024-03-12,161.55494689941406,162.15496467457453,160.53302977930852,160.67366766280762,805300
2024-03-13,163.66433715820312,164.4518575688591,162.00490790996182,162.00490790996182,1080500
2024-03-14,161.03929138183594,163.78624330898,160.08300820574075,163.51436630983736,889900
2024-03-15,161.2174072265625,162.9424562340023,160.24236957501853,160.24236957501853,2552500
2024-03-18,162.07054138183594,162.89557100990643,160.31736772773525,160.31736772773525,1195900
2024-03-19,163.21435546875,163.53311176904222,161.87369639693478,162.32370613296803,1121400
2024-03-20,163.6737518310547,164.1800110026548,162.95185077206864,163.39249037769827,1359300
2024-03-21,153.04217529296875,157.5798103274873,152.07652197008093,154.43908376491547,3891900
2024-03-22,154.7953338623047,155.3203475424219,152.38587870931337,153.84843521106114,1675900
2024-03-25,152.53590393066406,154.5422146094217,151.92651604861513,153.95158130536623,2116200
2024-03-26,153.28594970703125,154.48598535540043,152.22653764809854,153.18282097292672,1309300
2024-03-27,156.5391387939453,156.54850892918716,153.61405437689322,153.61405437689322,1129100
2024-03-28,156.7078857421875,157.50479070308376,156.48288805387787,156.9891471581244,975000
2024-04-01,156.7922821044922,157.27978665749944,154.88910026509492,156.2860086691108,1478900
2024-04-02,153.73594665527344,156.71729525223736,153.2671823222425,156.32353492915763,1072000
2024-04-03,152.79840087890625,154.32657701123924,152.5358940262485,153.74531388114718,1230700
2024-04-04,148.60765075683594,155.1609807115076,148.12014619296562,153.6421889826214,1827400
2024-04-05,146.5825958251953,148.27952022697806,146.48883724713693,148.22327080236323,1467800
2024-04-08,148.07327270507812,148.8514231772555,146.64822519545504,146.64822519545504,1484400
2024-04-09,149.66148376464844,149.74656358064118,147.68566443665165,148.30961193766043,927100
2024-04-10,147.38311767578125,148.07324788306047,146.42829955467386,148.07324788306047,1089800
2024-04-11,146.54176330566406,147.86528964285642,144.93463757675713,147.72347552180122,1290600
2024-04-12,144.68882751464844,146.11633049008952,143.2613101140113,145.87998807808427,1423500
2024-04-15,145.6436309814453,146.77807155965039,145.02914654226598,145.24657750033325,1126600
2024-04-16,145.7192840576172,146.54175107534252,144.1121584628404,145.53021300385464,1066500
2024-04-17,144.6132049560547,146.74973529670027,143.96089755144604,146.31487331042578,1093800
2024-04-18,143.97036743164062,145.59640472000163,143.75293640622,145.59640472000163,890300
2024-04-19,144.1688995361328,145.4073317093622,143.96091701885166,144.06490827749224,960600
2024-04-22,146.10687255859375,146.75917988166705,144.33902162173834,144.89680064122695,1235400
2024-04-23,147.38311767578125,147.80854554403675,146.15414871254058,146.9009843636728,876700
2024-04-24,148.05435180664062,148.3474141105827,146.8442797241202,146.95771947398242,970000
2024-04-25,147.98818969726562,148.7161285194704,146.29598401599375,147.73295022438268,1550700
2024-04-26,147.57223510742188,149.5480545750029,147.29806978070184,147.31698121621324,886600
2024-04-29,146.99554443359375,148.45140746994255,146.64574782454324,148.33796771846525,960700
2024-04-30,145.02919006347656,146.81593847725603,144.89683886338915,146.1352710410354,1329700
2024-05-01,142.8926239013672,144.64156361052744,141.55966359202756,144.16887876212704,1556900
2024-05-02,139.78236389160156,143.40313155996384,139.40422178310706,143.40313155996384,2574600
2024-05-03,141.096435546875,141.59748036163535,139.69729235236667,140.66155911368043,1864300
2024-05-06,139.42311096191406,142.16469158274097,139.18676855107705,141.52183272416238,1545200
2024-05-07,138.99771118164062,140.55756547654047,138.2603239413028,139.5932987316048,1557800
2024-05-08,139.89581298828125,139.961995795549,137.8065538976502,138.26032734320842,1226000
2024-05-09,138.89373779296875,140.28343263811095,138.3643329805716,139.9620103484697,950100
2024-05-10,140.15106201171875,141.1342401805995,139.22460371841996,139.22460371841996,1082400
2024-05-13,140.91680908203125,141.81490743689895,139.9714393558132,140.46303565250182,1354700
2024-05-14,140.80337524414062,143.18571109331415,139.94308529510604,141.9850874515405,1119800
2024-05-15,143.48822021484375,143.63001990797017,140.82228500768338,141.13424433256148,1181500
2024-05-16,143.1478729248047,144.44302474962473,142.6751880923657,143.90417154174636,1056900
2024-05-17,145.58694458007812,145.67202439733066,143.45041409294822,144.70775761807263,1191400
2024-05-20,143.6772918701172,145.98399638908697,143.60166055840696,145.66257413321682,969300
2024-05-21,141.5124053955078,143.95146117132876,141.33278282836312,143.92310123180044,942700
2024-05-22,140.58592224121094,141.42730062423115,140.1132374322064,141.01133568427588,1189800
2024-05-23,139.59329223632812,140.67101310861378,138.61956260721024,140.6331902428091,921200
2024-05-24,139.5365753173828,140.4346736591045,139.11114740665414,140.17941979770671,843700
2024-05-28,140.2172393798828,141.5407511761344,139.13950408482506,139.46094074265477,1348700
2024-05-29,138.00506591796875,140.30232180923124,137.7876349242104,139.35695210134645,964100
2024-05-30,139.96197509765625,140.31175724092273,138.2319469623836,138.7235432037387,753800
2024-05-31,142.1741485595703,142.24977986656924,139.54602194844418,140.01870679828983,1532500
2024-06-03,142.8831787109375,144.11216223031812,141.21933319905423,141.66365812087028,932200
2024-06-04,141.62583923339844,143.18570796824034,141.4556796033416,142.25923523171696,790500
2024-06-05,142.38214111328125,142.75083474521793,139.6689344994189,141.54076259808224,822600
2024-06-06,141.90945434570312,143.10061504263635,141.4273209642487,142.04180553425127,710600
2024-06-07,140.42520141601562,142.4010349469907,140.13213913264696,141.05861177547212,937500
2024-06-10,139.61219787597656,140.71829317860173,139.20569580722182,140.29286525057776,930300
2024-06-11,138.60067749023438,139.12063380479663,137.79710732907455,138.98828259974437,920300
2024-06-12,139.14898681640625,140.74666412830484,138.83701304320724,139.57440035251446,1320200
2024-06-13,139.42311096191406,139.57437356689678,137.37166056687232,137.63636291299412,1208300
2024-06-14,140.652099609375,140.67101104199952,138.203595604174,138.79918311767562,1229200
2024-06-17,145.18988037109375,146.10689013482994,140.4724803713166,140.68046285949575,2551000
2024-06-18,143.6583709716797,146.39993704558233,143.38420570917222,145.10478530776427,2335400
2024-06-20,145.86109924316406,149.36842752777048,143.51658619191028,148.87683119558557,2727600
2024-06-21,144.90628051757812,146.53231771331593,143.4598658902948,146.53231771331593,2642700
2024-06-24,145.70985412597656,146.4756013676952,143.97982563440553,144.93464395398578,1605100
2024-06-25,144.7266387939453,146.56065825513255,144.13106571313645,145.8989023735692,1009700
2024-06-26,143.81912231445312,144.06491328651367,142.05127085609658,143.86637926758831,959300
2024-06-27,143.8096466064453,144.74556788359683,142.24034373164315,144.02709204242475,1104500
2024-06-28,143.0533447265625,145.35058608993853,142.70354814114754,144.0743312712654,1701200
2024-07-01,140.22669982910156,143.5165825923202,139.64057518728848,143.5165825923202,898900
2024-07-02,138.75192260742188,140.86009311634947,138.52502867376063,140.55756787146782,1066300
2024-07-03,137.47567749023438,138.66683827033563,136.76665012525058,137.5891172525682,603900
2024-07-05,137.28659057617188,137.55129294121826,136.369580802548,137.2015107642349,952800
2024-07-08,136.8800811767578,138.55338969068856,136.605930293498,138.28868731195573,910700
2024-07-09,132.6259002685547,137.04078917553656,132.5313719598005,136.60591279464043,1517400
2024-07-10,131.83335876464844,132.92194308439838,130.74477444489847,132.7118641305341,2387000
2024-07-11,133.64767456054688,134.14421156498096,129.74212645679881,129.8949137984414,1473600
2024-07-12,135.85348510742188,136.50280943495537,133.8863954944084,134.37338874005852,1226800
2024-07-15,136.80838012695312,137.6104917684161,135.77708748624275,136.45505759845474,1299900
2024-07-16,138.76593017578125,139.2433796775081,136.13995791628358,136.96115707147538,1190400
2024-07-17,140.70437622070312,141.95529160378828,138.3171286741734,138.3171286741734,1171000
2024-07-18,136.42640686035156,139.60622207821132,135.29007479074565,139.0428352006996,1681700
2024-07-19,136.4168701171875,136.89431961156788,134.82219055442928,136.89431961156788,1008300
2024-07-22,137.12350463867188,137.22854411334242,133.66676028989772,136.44551992568884,1320500
2024-07-23,133.87681579589844,137.3144574825983,133.81952419622013,136.11127560695328,1477900
2024-07-24,133.1415557861328,133.8290842070461,131.97659245299843,133.7431467970824,1430900
2024-07-25,135.50018310546875,135.94898687012235,132.84556464295844,133.342116279074,1352100
2024-07-26,135.85348510742188,137.23808574633503,135.48107507943,136.55055729918047,1185700
2024-07-29,140.13140869140625,140.18870029211348,134.65984226485915,135.8343637911587,1486100
2024-07-30,141.458740234375,142.2035603042973,139.10013848942017,140.23647065447162,1180600
2024-07-31,139.69215393066406,141.53511638781632,139.44388546161701,141.43007692579624,1841500
2024-08-01,138.79458618164062,140.61843233863203,136.42642598818185,140.3988096314641,1613800
2024-08-02,137.53408813476562,138.46034123835304,134.850824542753,138.46034123835304,2066700
2024-08-05,134.850830078125,136.59829689464584,133.78134792311394,135.40467321428474,1662200
2024-08-06,136.9993438720703,138.0401801573106,135.2518771681877,135.50970394629513,1203000
2024-08-07,135.4619598388672,138.70861030183323,135.27098297115174,136.5123544672038,1665600
2024-08-08,137.97335815429688,138.46035138616944,135.22324444348237,135.44286712798154,936500
2024-08-09,136.6460418701172,138.27891087082932,136.24497149985677,138.14522560427628,954300
2024-08-12,135.6720733642578,137.1521699650656,135.17552172508385,136.73201200658033,601300
2024-08-13,137.69642639160156,138.51764007569415,135.757982678674,136.04445527928337,760700
2024-08-14,134.46888732910156,136.97071810521237,134.1633126480423,136.97071810521237,1063800
2024-08-15,137.7441864013672,138.3362191430643,135.4237887300551,135.77709671195782,955500
2024-08-16,136.8943328857422,138.1357046056232,136.62696230861135,137.3526803650231,768100
2024-08-19,142.92926025390625,143.1011496324934,137.41950409575588,137.4290478393326,1517200
2024-08-20,148.15257263183594,150.20561420493638,144.18974764725496,144.66719714277565,3235600
2024-08-21,148.6109161376953,149.25069663357408,147.75149841038615,148.74460139697445,1196000
2024-08-22,146.9589385986328,149.51807529207076,146.31915806792364,148.66821583240022,902100
2024-08-23,147.12130737304688,148.99290139915922,146.81573267537752,147.97116696635987,969300
2024-08-26,149.15521240234375,150.0241739398642,147.42684764194473,147.42684764194473,962700
2024-08-27,149.67088317871094,149.79501014789435,148.3053699528674,148.88785895944622,767900
2024-08-28,149.88095092773438,150.76899998889442,148.620477275066,149.08838302260543,1275000
2024-08-29,149.680419921875,151.58067419851702,148.7541667158809,150.3965941798744,1308800
2024-08-30,151.01727294921875,151.4947224553125,149.80456169457443,149.80456169457443,1103500
2024-09-03,151.11276245117188,152.1058509718556,150.20561134109883,150.6735025126028,1064200
2024-09-04,152.1631622314453,152.545116005095,150.87404274682322,151.10322375337455,1002700
2024-09-05,150.81674194335938,153.1562414481928,150.47297773979108,152.78383144187728,1208500
2024-09-06,150.32974243164062,153.39497462975993,149.8713949918498,151.8098387943387,1150700
2024-09-09,149.64222717285156,150.3965909640826,148.40085557140853,149.49898358195298,1203200
2024-09-10,148.5918426513672,150.68307391480243,148.0188973896632,149.89050595004002,841900
2024-09-11,150.3393096923828,150.50164078341362,147.03535254789918,148.57274061072425,1273200
2024-09-12,151.36102294921875,152.01990553699275,149.4130355585228,150.77853402371142,592700
2024-09-13,153.02256774902344,153.681450403233,151.74300656089045,151.82894397563012,1034200
2024-09-16,152.91751098632812,155.2092625439124,152.4973531342974,154.03474096344553,1430400
2024-09-17,154.24484252929688,155.37163098609494,153.3472350901365,153.41408501759037,1114900
2024-09-18,151.96263122558594,155.16154880799434,151.8098438836661,155.0087614660745,1256300
2024-09-19,164.5004425048828,165.9041450955319,159.63999588479385,165.68450785112736,3660900
2024-09-20,162.49514770507812,164.88239500856216,161.37791771551974,164.88239500856216,2870800
2024-09-23,164.94924926757812,165.4553445435865,163.07764092133087,164.25216254578413,1801000
2024-09-24,163.3927764892578,165.91370939011662,163.3068390719861,165.1975351049794,1219300
2024-09-25,160.52806091308594,163.62193871498363,160.14610716645228,163.62193871498363,2012200
2024-09-26,160.37527465820312,161.8840167375135,159.62091090384874,161.2633382524346,1301500
2024-09-27,159.1912384033203,160.7477140579474,158.43685994041752,160.48034347050455,1447800
2024-09-30,156.72756958007812,159.76414125211025,155.8108601755278,159.30579383513594,1357300
2024-10-01,156.71800231933594,157.52012846650476,155.6198744159822,156.76575017830802,1345200
2024-10-02,155.362060546875,155.9827536238991,153.54775831994746,155.39070635051897,1371300
2024-10-03,154.5408477783203,155.02785558441514,152.96527028597177,154.37851669982274,1149000
2024-10-04,157.4055633544922,157.4246654161651,155.7440482540447,155.7917815523212,1039300
2024-10-07,152.3541259765625,156.16416335159172,151.34193545015773,155.72491800684307,1269100
2024-10-08,151.95306396484375,154.0633823374382,151.65704764231154,154.0633823374382,1024100
2024-10-09,151.40879821777344,152.07722467035518,150.578040667465,151.81941240546186,1179900
2024-10-10,150.22378540039062,152.0735365623339,149.50123140601855,151.04268580750508,931200
2024-10-11,150.98489379882812,152.20842275944585,150.7344136897346,150.9078196036302,889500
2024-10-14,151.1968536376953,151.78453155006608,150.19490373771865,150.7055074500604,989600
2024-10-15,154.27972412109375,155.64775788275432,151.26426082860917,151.42803796552644,1332300
2024-10-16,156.96762084960938,157.16031367284572,153.97144443362365,154.23155328427546,1127400
2024-10-17,158.2585906982422,158.31639266343015,155.88860722274956,156.5051860187512,911200
2024-10-18,158.56686401367188,158.81735878288887,157.0639541999589,158.81735878288887,723400
2024-10-21,158.03701782226562,159.59774459097432,157.51678536629606,158.63433917588995,1184700
2024-10-22,155.22386169433594,156.3992173701576,154.5205799212291,156.3992173701576,774300
2024-10-23,156.41848754882812,157.2566454688439,153.2296183078869,154.43387495177095,1373400
2024-10-24,156.6208038330078,157.81541697505912,155.65739855050293,157.30481335136338,788800
2024-10-25,154.0677947998047,156.96763985569208,153.7884136929213,156.67862998664037,691300
2024-10-28,156.26434326171875,157.03507047406387,154.3568048039737,156.08129389499192,937100
2024-10-29,156.01385498046875,156.78458215237944,153.66314372132027,155.1564248605726,864800
2024-10-30,154.34716796875,157.54566588712902,153.9328960498707,156.85201290234357,761600
2024-10-31,154.16412353515625,155.83081062386245,153.48009928928107,153.9521731885695,1112900
2024-11-01,153.8076629638672,155.14679585341585,153.6438858133928,154.4627862661641,747700
2024-11-04,152.95986938476562,154.36643294376378,152.1120679845593,153.39339884608975,813400
2024-11-05,155.47434997558594,155.92715163666912,152.16023343506137,153.22961389202834,1041100
2024-11-06,164.6941375732422,167.9408235187961,160.50333322452585,160.63820938217742,1988800
2024-11-07,162.3145294189453,164.54963688943724,161.65942083646257,164.31841431305563,1056400
2024-11-08,162.2760009765625,164.34731661767256,161.68832311972116,162.30490196129247,920000
2024-11-11,163.0563507080078,165.3781610615469,162.51684607988557,163.26830105482708,1327300
2024-11-12,160.96575927734375,165.80205799913364,159.5688245325163,163.7018268010662,1193700
2024-11-13,163.47061157226562,164.5592643141712,160.64784097297985,161.48599891740687,1311700
2024-11-14,162.51686096191406,164.94464671118047,162.11223245376965,163.29721699193541,889600
2024-11-15,160.67672729492188,163.239388801988,160.24319787013792,162.68061198989406,1978800
2024-11-18,158.4320068359375,162.03514813636514,157.902130953463,160.8405202104589,1112100
2024-11-19,154.9637451171875,157.67091160103337,154.45314149498728,156.31250662858469,1279100
2024-11-20,156.64007568359375,157.09287738382457,153.56681019920137,154.2026612719169,1473100
2024-11-21,158.53799438476562,158.769216978908,155.40692675353876,156.02350563751818,1253000
2024-11-22,161.55343627929688,162.3048912334054,157.8250624915739,158.34529488272668,1270800
2024-11-25,168.80787658691406,171.08151366602507,164.5978001613442,164.5978001613442,1920800
2024-11-26,167.488037109375,168.6633928905243,165.05062258790966,167.95046759199766,996200
2024-11-27,168.57666015625,170.43604008326483,167.9408238121525,167.9408238121525,714200
2024-11-29,169.81947326660156,171.16823494082237,168.4225383825015,168.72119170319328,541700
2024-12-02,165.70571899414062,169.2992168073786,165.51304086562257,169.2992168073786,1148700
2024-12-03,164.52073669433594,165.78279535812658,163.73073724654077,165.32999366495602,953400
2024-12-04,164.9542694091797,165.46487308166758,163.9330620642039,164.45329449829367,768200
2024-12-05,164.9060821533203,166.8039917555788,164.89645339253863,165.4552302262369,716100
2024-12-06,163.53805541992188,166.71729596168495,163.37427827721635,166.1585191040079,1112500
2024-12-09,162.4686737060547,163.56695519047258,160.0697891504373,163.0563515433554,1376400
2024-12-10,162.15074157714844,164.59779923947175,158.97150118851317,161.90989025528816,1284300
2024-12-11,161.68832397460938,163.65366444863443,161.4860023800307,162.9985558574258,809900
2024-12-12,158.95225524902344,162.62282730956466,158.36457739284762,161.5149023280402,1512200
2024-12-13,160.59002685546875,160.8790513766331,158.37419179373924,159.15454771060448,1472700
2024-12-16,161.43783569335938,165.32998669784718,160.41661371110808,160.41661371110808,1809800
2024-12-17,159.40504455566406,162.74804736251744,158.2296889346501,161.3125828994416,2161900
2024-12-18,154.0196075439453,159.9156582417754,153.8269294153467,158.95225289838342,2673000
2024-12-19,176.72708129882812,181.91020683120266,170.36860005316126,171.21640147268994,4765800
2024-12-20,180.7252197265625,181.96802095414085,174.45345571656983,176.6596476665033,4153200
2024-12-23,178.0276641845703,181.58263219878373,173.87538957081705,181.07202855071284,2049000
2024-12-24,179.81959533691406,179.9544714923773,176.6307261110056,178.8754622486713,626800
2024-12-26,181.75604248046875,182.0354235416915,178.23960441091296,179.19338092410382,1209700
2024-12-27,180.715576171875,182.25701590186767,180.00265092524907,180.32057645278232,872800
2024-12-30,179.93521118164062,180.95641844294877,178.08547477807147,178.64423691318868,928900
2024-12-31,179.858154296875,181.56338595030712,179.09705580788116,180.1760798390674,834100
2025-01-02,179.68472290039062,181.62117702296135,178.1143822079382,181.57300381635633,872600
2025-01-03,180.85044860839844,181.3225225093309,179.11631608501241,180.08935017016856,1129400
2025-01-06,177.22804260253906,180.85044118006965,176.81377068600236,180.25313460781464,1670900
2025-01-07,177.59413146972656,179.4631401247944,176.9582804364852,178.56718024191667,1145600
2025-01-08,177.00645446777344,178.66351278615704,175.2626931991066,176.5151230491033,1122200
2025-01-10,174.763916015625,177.21032829144684,173.91930754616976,175.12310829454796,1293300
2025-01-13,177.43362426757812,177.55011585831667,173.773693721372,174.4532526894711,1091100
2025-01-14,176.72491455078125,179.87032058814293,176.65696606562145,178.71506302096546,1228100
2025-01-15,175.55026245117188,179.63733371906164,175.51142204587296,179.14222965105776,880200
2025-01-16,175.77354431152344,177.1035393445765,174.60858396909728,175.42405472746816,763300
2025-01-17,176.4434051513672,177.79282042216715,175.72500576185092,176.6958085412257,940500
2025-01-21,181.0449981689453,182.3264500110254,177.05499853862872,177.13266453106894,1839200
2025-01-22,180.22950744628906,182.18083026843155,179.56936874953547,181.20031010382527,1047000
2025-01-23,180.7343292236328,180.99645008924327,178.19083099764924,179.68586057446396,968000
2025-01-24,182.13230895996094,183.0060255309502,178.64713055768686,179.40435553608415,1304800
2025-01-27,186.9960174560547,187.49113632976014,182.5109135754587,182.5109135754587,1353700
2025-01-28,186.78244018554688,189.0152894374687,185.88930344743298,186.229090329805,931900
2025-01-29,188.1415557861328,189.16090152724274,186.89892958412523,187.93768071260172,857500
2025-01-30,190.4617919921875,190.90835295729804,188.4231003122199,188.91821919027518,769600
2025-01-31,189.53952026367188,191.05397007185277,189.316224982083,189.44243407052252,1508600
2025-02-03,192.86936950683594,194.1119957705286,186.1417139454345,186.88922135451895,1324400
2025-02-04,193.73338317871094,195.03425523304344,191.4811286322982,193.50040001272515,868400
2025-02-05,194.5682830810547,195.21871913828514,190.80156371526283,193.82076082466034,974300
2025-02-06,194.57798767089844,196.04390930087123,193.26741284906552,195.53908772419538,733100
2025-02-07,191.46170043945312,194.17023332390363,191.28694825898407,193.8110410824852,775300
2025-02-10,189.6074676513672,192.48105008064877,188.09301785194748,192.36454368688888,882900
2025-02-11,188.5007781982422,189.22888029940034,186.5300496961695,187.42318649599713,895500
2025-02-12,189.12208557128906,189.76281895575138,186.47179815245366,187.72412721001663,798000
2025-02-13,187.81149291992188,190.57827166891607,186.99600741094122,189.62688919059084,908300
2025-02-14,185.60775756835938,188.4133765820992,184.6660778303278,188.4133765820992,1149000
2025-02-18,194.54885864257812,194.8012768295986,185.1126550443432,185.4815648172046,1928500
2025-02-19,191.10252380371094,193.36448113458636,189.86960018581095,192.8014285854595,1551600
2025-02-20,189.4036102294922,191.73353075384986,187.5979166384693,190.12199473764454,1133500
2025-02-21,185.627197265625,189.79193447618766,184.51076523368295,189.48127049097016,1385000
2025-02-24,189.248291015625,189.685149291764,185.27771131155112,186.3261652489749,1300800
2025-02-25,191.91798400878906,192.8499462853279,189.2482766411613,189.2482766411613,1383800
2025-02-26,188.3745574951172,192.44222335325537,186.76303620186823,192.44222335325537,1212600
2025-02-27,189.22886657714844,190.60740467778115,187.481418698433,189.19974368027604,1257400
2025-02-28,194.60711669921875,194.91776586181598,189.60747388212104,189.60747388212104,1132700
2025-03-03,190.18995666503906,197.18943569502096,189.60746913151212,195.70410877912792,1578600
2025-03-04,187.0930938720703,189.98608171380627,186.68535852363289,188.75315816118885,1241600
2025-03-05,188.98617553710938,190.17055611459924,186.09318739840413,187.01544707739382,870300
2025-03-06,186.695068359375,189.41331893287995,186.03492962139714,187.24843301909812,944000
2025-03-07,188.98617553710938,189.68515472425995,183.695303345066,186.2096789918376,1151500
2025-03-10,189.8113555908203,191.58792637997664,187.51054302740843,188.44252017426595,1368000
2025-03-11,183.86033630371094,189.36478624057855,183.3263918167256,188.03479118385803,1578600
2025-03-12,184.27777099609375,185.53009992980017,179.89944144856375,183.9282814403405,1245300
2025-03-13,175.8415069580078,185.61748295373508,175.11340489505127,184.70492599803896,1644400
2025-03-14,180.55958557128906,181.08381247099203,174.95805027686484,177.04526999547647,1047400
2025-03-17,182.12258911132812,182.74390223542326,179.29754975085834,179.96740597171956,1204100
2025-03-18,182.57887268066406,183.0642740353998,180.36542887485732,181.0547053164225,1192700
2025-03-19,182.6565399169922,184.2389532127701,181.36538523558542,181.36538523558542,1536800
2025-03-20,193.19943237304688,197.52921876208936,189.87928904761003,192.61695966398796,3178800
2025-03-21,194.0925750732422,194.52944813519807,189.84046935592042,193.2674016731251,2514100
2025-03-24,202.47059631347656,204.3248329118423,196.43220270507376,196.8302353428267,2129600
2025-03-25,201.12120056152344,202.82010534548567,199.6261708694773,201.61630462292803,1226700
2025-03-26,201.3930206298828,202.9268906999616,199.97565695884182,202.1696657659482,941800
2025-03-27,201.91726684570312,204.83937775482983,200.29602805054455,201.4415681712189,954300
2025-03-28,199.14077758789062,201.4998212161712,197.3156636341997,201.4998212161712,798200
2025-03-31,201.69395446777344,203.15987595875538,197.12148225367318,197.12148225367318,1556300
2025-04-01,203.42198181152344,203.64527708773068,198.53884564191935,200.89790379647897,986600
2025-04-02,203.4511260986328,204.58696346412472,199.7523554203098,200.3736685470731,1117700
2025-04-03,194.82069396972656,198.70390507357544,192.5296136391995,197.4612787054058,2082800
2025-04-04,186.76303100585938,191.66557286478047,184.8990915711122,190.87922503594834,1913000
2025-04-07,183.46229553222656,189.12207721845564,175.74441680128655,181.0547089126332,2115500
2025-04-08,181.13238525390625,188.5493179326746,178.9480789894529,187.39406024935084,1622400
2025-04-09,190.61712646484375,192.84996094598344,175.71529828192334,177.94814757633748,2018200
2025-04-10,187.7620086669922,189.63933364293229,183.06868876731565,187.5664567794333,1289100
2025-04-11,190.1477813720703,192.3966653886051,185.11224937562193,187.73267750435355,1109100
2025-04-14,194.8411102294922,196.02420890676862,191.50689592143414,192.65089018708431,1421200
2025-04-15,195.12464904785156,197.71576005568016,194.00998687336138,194.91932478709566,1105600
2025-04-16,193.4722137451172,195.97531379598593,191.98600741469713,194.85087921552093,1161100
2025-04-17,195.76998901367188,198.44909620587913,192.88555755514273,194.28376776751176,928600
2025-04-21,192.6900177001953,195.61355375222004,190.55846164454536,195.08556211475218,1112800
2025-04-22,198.14598083496094,198.31221561615095,193.39399654282954,194.60644219831394,935500
2025-04-23,197.28553771972656,202.36996143163566,196.55220694628815,200.5024088145625,945200
2025-04-24,195.985107421875,196.2686554394469,193.13000790160976,196.2686554394469,935600
2025-04-25,194.6748809814453,196.61087003612187,193.38421166522582,194.79220913031884,811700
2025-04-28,195.91665649414062,196.4642077842447,193.06155696741658,195.0464378538708,979400
2025-04-29,194.401123046875,195.4082295354373,192.0055637118995,194.57711528620243,877800
2025-04-30,196.1806640625,197.03132305542354,190.63668474929912,193.23756835390813,1155400
2025-05-01,195.41799926757812,197.90153976899572,193.82422216349107,196.02421464327333,881600
2025-05-02,199.35841369628906,199.58329762162316,196.88464575865584,197.94064385798723,820200
2025-05-05,198.17530822753906,199.61263778908938,197.37354097777103,199.04554176639294,934100
2025-05-06,194.0882110595703,196.7868629304319,194.05887902225192,196.22953930172966,877400
2025-05-07,193.5993194580078,196.46419111481688,193.42332723811552,195.1344323343353,1754100
2025-05-08,194.5771026611328,196.72820332471218,194.5086512927331,196.44465531764234,1428500
2025-05-09,194.00021362304688,195.79931485800427,192.31844053656195,195.20287190384798,1321000
2025-05-12,199.31932067871094,201.37263800061407,196.92376142367692,198.09710265865422,3983700
2025-05-13,200.44375610351562,204.5699653495603,198.7815425734172,199.46598168349848,2843300
2025-05-14,202.80996704101562,203.62152159451182,200.512206121273,201.03042536681284,2635100
2025-05-15,204.35484313964844,206.251727802826,202.8881815860146,203.50418421282973,2227000
2025-05-16,206.94593811035156,207.11217288147589,203.68996260850759,204.58951323275807,2316200
2025-05-19,204.09085083007812,205.76285165555535,203.38685205299865,204.8144092730914,1560300
2025-05-20,202.4384002685547,204.75573568533818,202.33084449039467,203.32817853154637,1231400
2025-05-21,198.6250762939453,201.81261523055875,198.4197371205209,200.75663208614003,1696200
2025-05-22,199.34864807128906,199.9059717172252,197.63754288309136,198.91842495111197,2844400
2025-05-23,199.48553466796875,200.1015223865836,197.4322024868442,198.06776479036043,901500
2025-05-27,209.29261779785156,209.3806139150242,200.81531535818573,201.47042242989377,2048300
2025-05-28,209.00904846191406,210.27038578138726,208.13882985065678,209.2632793521677,1066800
2025-05-29,208.96017456054688,210.88637641142483,206.7503948576908,209.32194631594047,1623700
2025-05-30,209.44906616210938,209.9868301601832,207.86506144810713,207.97261723165263,1415700
2025-06-02,212.03038024902344,212.079257032296,207.80638776642502,208.52015888624868,1185800
2025-06-03,212.3824005126953,213.3699473624545,209.87928532143596,211.7175061107446,1255900
2025-06-04,211.44371032714844,213.05703209126312,210.54415968513234,212.3628206343277,811400
2025-06-05,210.2801513671875,211.62948475758805,209.2339405607406,211.14059757783744,835400
2025-06-06,212.69525146484375,213.3112540747175,210.15303220726696,212.35302447721332,761200
2025-06-09,214.81703186035156,215.8828023714885,211.33615739703797,212.68549083807764,1364700
2025-06-10,211.3948211669922,215.12013922395042,210.8766019313323,214.52369624634994,949600
2025-06-11,212.8321533203125,214.18148677587473,210.91572383814784,211.76638279770486,951500
2025-06-12,212.96902465820312,213.06680805916875,211.14059143343397,211.71747470803516,783300
2025-06-13,212.6659393310547,213.8392656675711,210.72995012981988,212.85171886060346,1329400
2025-06-16,219.7645721435547,220.40013446509457,215.25703149363432,215.25703149363432,1914200
2025-06-17,219.7841339111328,221.93523466076536,218.1316927468419,219.40280248242365,2161500
2025-06-18,217.7992401123047,221.29967413432206,216.48902604206518,220.20457161825954,2672000
2025-06-20,220.76190185546875,223.19656547170342,212.18681622814702,218.60102879609605,3826300
2025-06-23,216.42059326171875,218.9041487206366,208.3344092994017,216.92904015340852,2729600
2025-06-24,215.9219207763672,219.9405741242854,215.72636888189723,218.53257661265664,1686500
2025-06-25,212.6268310546875,216.5574734646107,211.4632771125758,216.10770558828486,1711500
2025-06-26,211.169921875,214.06412551803632,210.55391927680384,214.06412551803632,1425100
2025-06-27,211.32638549804688,211.56104180508208,208.97971799012194,211.0428225675083,3490800
2025-06-30,213.12547302246094,213.8196844453999,210.7397012575926,211.5414833738346,1487000
2025-07-01,214.71925354003906,217.6134572652415,212.77347720963522,212.8223689111368,1518000
2025-07-02,214.45526123046875,214.77792857326062,210.48549954828007,214.04459777227544,1314500
2025-07-03,215.37435913085938,215.94147004126557,213.95658931467017,214.95390840432873,604900
2025-07-07,211.2188262939453,215.42325912280094,209.55661282755673,214.44548474026024,1247800
2025-07-08,212.7930450439453,213.37970072553023,210.34860907154197,212.1379379936996,838100
2025-07-09,211.03305053710938,213.64370639468603,210.651719117905,213.54592298682715,1087700
2025-07-10,209.60536193847656,213.41582656001188,209.08351590590706,210.95428300107287,1331900
2025-07-11,206.1197967529297,209.16226082226734,204.80041308211946,209.0145742263068,1471000
2025-07-14,206.2576446533203,207.5770433614374,204.85948977594657,206.43488359432007,1173900
2025-07-15,203.5302734375,205.42073708044236,202.91980042091657,204.56410970893305,1215400
2025-07-16,205.04656982421875,206.2871823170114,202.9493299926243,203.16594701861385,1113900
2025-07-17,203.9438018798828,206.169031740774,202.15179104417408,203.9733391992346,1269100
2025-07-18,206.31671142578125,207.02563711461227,203.21517280519683,204.6428649476235,1052200
2025-07-21,203.6287078857422,206.76963957649315,203.55979248506546,206.15918163877865,926700
2025-07-22,206.04103088378906,206.42503106727654,203.1659498902807,203.62872126833858,754600
2025-07-23,205.3025665283203,208.16780673827236,205.0465714156499,206.74995529317985,1099600
2025-07-24,199.68040466308594,203.82563535701047,199.0994840234069,203.71732684587803,1480500
2025-07-25,201.33456420898438,201.4428727252725,199.25702086859877,200.00533971716024,867200
2025-07-28,199.9856414794922,201.4034929447636,198.8434816853492,201.4034929447636,1225000
2025-07-29,199.61148071289062,200.87178977928812,198.34133088118676,200.55672002472335,1017300
2025-07-30,200.07424926757812,203.87487296780975,199.06009456477645,201.6102499815663,1450400
2025-07-31,198.5677947998047,202.07303043783182,197.82933172918428,199.6607207452857,1223900
2025-08-01,200.35980224609375,200.88164827166753,197.09086523209186,197.65210436755953,1158400
2025-08-04,201.65948486328125,202.2896393907349,199.08963287924533,200.7044047948496,1090800
2025-08-05,201.0982666015625,202.2798044968244,199.91671368223115,200.51733090739913,992900
2025-08-06,201.99424743652344,203.8748702189129,199.87732610074892,201.6397845823771,956900
2025-08-07,203.4810333251953,203.54010796471582,201.1868730047117,202.21086847922825,950100
2025-08-08,198.8927001953125,202.8607068240163,198.56777467428347,202.4668659025637,1027700
2025-08-11,198.4496307373047,199.72963630253633,196.7265503675113,199.7000989838368,793000
2025-08-12,201.9745635986328,202.34870797857366,199.83794573313358,200.06440351889628,675600
2025-08-13,203.73703002929688,204.3474880078694,199.53270953644002,202.1517954188144,997600
2025-08-14,202.8902587890625,203.66811494757863,200.83241203138581,203.07733849868205,744400
2025-08-15,204.16041564941406,204.92841598845328,201.87609616217122,203.95363939317954,1337700
2025-08-18,202.25025939941406,205.04656914962766,201.2656420205443,204.4754892669949,1298700
2025-08-19,204.6428680419922,208.37457624158031,201.5905632472143,202.61455868874924,934700
2025-08-20,204.2982635498047,206.74011042114162,203.79609907560274,205.17457240831283,839500
2025-08-21,203.3628692626953,204.54442215077958,202.40780421586874,203.52041165098242,581900
2025-08-22,205.37149047851562,206.76964532496766,204.28840537432885,205.14503269275605,863600
2025-08-25,202.0828857421875,206.76965927713755,202.0828857421875,204.9875041415048,995200
2025-08-26,202.8114776611328,203.54994067405107,201.79732299198386,202.55548255865244,907400
2025-08-27,203.08717346191406,203.7074872131265,202.1517899646089,202.35856622303598,591500
2025-08-28,203.5302734375,203.81580587862342,201.94503879081458,202.9493377415821,730600
2025-08-29,203.7567138671875,204.80040583924813,202.71302189512687,203.47116642633728,701700
2025-09-02,204.8594970703125,205.31242769204462,202.56533668925056,202.56533668925056,783300
2025-09-03,205.06626892089844,205.24349284032212,203.4613377604615,203.83549717800364,791500
2025-09-04,206.9567413330078,207.23243301323726,204.29827725989836,206.00166121790232,736600
2025-09-05,206.90750122070312,208.13827297894562,204.89888832184184,206.40535175200512,739800
2025-09-08,207.5474853515625,207.95118207230874,205.0564046489183,206.30687289471024,1199000
2025-09-09,208.59120178222656,208.98504273181078,205.63734958813737,206.46442459670575,1201300
2025-09-10,208.2071990966797,209.87118985914162,205.79487448123172,208.21703986187686,1139200
2025-09-11,210.11734008789062,210.73765383674274,206.65149777371465,208.26626965447605,939000
2025-09-12,209.33950805664062,211.96843473739213,209.1819656653275,210.79673761611355,1138500
2025-09-15,208.89642333984375,211.82073810987907,208.80781138295023,210.01888653270095,1004700
2025-09-16,206.80902099609375,211.04287859388373,206.22810036701992,209.15241509014066,1261900
2025-09-17,205.5782470703125,208.64040758768698,205.33209273619582,207.2225712433921,1376000
2025-09-18,189.77516174316406,192.0693220718352,184.02498474951886,190.69084870713795,6696500
2025-09-19,181.88836669921875,189.84407703304484,181.76037665456818,189.7948431586089,3337500
2025-09-22,182.36099243164062,182.60714677781664,179.94866781986033,181.9671364633176,2103200
2025-09-23,183.6508331298828,183.96590287074164,180.6674437482938,182.23298173584675,1515200
2025-09-24,183.7394561767578,185.34438736883678,182.44960976862515,183.62130689481265,1302300
2025-09-25,184.14315795898438,184.576392036726,180.26376283893256,183.90684436456084,1593400
2025-09-26,185.22622680664062,186.66377487033006,184.103763533266,184.9209978060667,1289900
2025-09-29,190.01145935058594,190.05085245958895,185.1966809236944,186.11238290715193,1588100
2025-09-30,187.4317626953125,189.0366938121855,186.6243692423361,188.8496141084925,1166200
2025-10-01,189.4403839111328,189.46008046609685,186.75238258521279,187.18561665000533,1056900
2025-10-02,190.5136260986328,191.32100455396412,188.06192336443158,188.39668967459167,1029000
2025-10-03,190.2083740234375,191.17330985169082,188.59360215713974,189.75545845219648,930400
2025-10-06,190.2969970703125,193.53638150086263,189.47976287710628,190.4249871078513,1115900
2025-10-07,188.59359741210938,191.08469308753305,186.45697960170918,190.10007575422043,1018100
2025-10-08,185.029296875,188.79054249092482,184.96038147068182,188.3573084384027,1142600
2025-10-09,183.81822204589844,185.93514341444,183.54253037996935,185.33452620850832,785500
2025-10-10,179.82798767089844,184.6222114303719,179.76843454214574,184.18546829183865,1190900
2025-10-13,183.63954162597656,185.51554093354687,180.86029461162073,182.0414670198418,1245800
2025-10-14,185.61480712890625,186.5776231155138,182.12087710684335,182.37896086351776,1069200
2025-10-15,186.96473693847656,189.8432493308236,186.12102719636073,186.38903143085503,894300
2025-10-16,186.0614776611328,187.50073388511967,185.24755961446365,185.9522918705815,902500
2025-10-17,186.79600524902344,188.91023234987154,185.75377998188307,187.18311576016,1269900
2025-10-20,186.5279998779297,190.0814832092014,186.17066593551797,189.84325553233987,1026900
2025-10-21,186.10118103027344,187.5801342235991,185.7041349262771,186.66695090304788,830300
2025-10-22,186.0217742919922,187.64962547570073,185.08873486734942,186.79599527291697,703800
2025-10-23,185.0788116455078,186.58754140114016,183.31198299046645,185.6942141735747,714700
2025-10-24,183.4509735107422,185.88282237689293,182.9248854931681,185.88282237689293,786300
2025-10-27,182.269775390625,184.07628596165227,181.1084439208731,183.3516976386297,1036800
2025-10-28,179.98681640625,182.13082003853987,179.35155775361903,181.2871102775914,773400
2025-10-29,181.05880737304688,181.35658816175933,176.0164354936656,178.68651182771245,1842300
2025-10-30,176.87998962402344,180.01658572131814,176.51273522666185,179.62947523211636,1192900
2025-10-31,178.8155517578125,179.42103385277883,175.68889110992342,176.60207448916162,1315400
2025-11-03,176.25466918945312,178.78576811578375,172.24458674175898,178.29940745179988,1965900
2025-11-04,178.88504028320312,179.43096924449023,174.9146698676767,176.25467594122134,1584300
2025-11-05,178.76593017578125,180.67170611678833,177.62443961839082,178.71629751750152,1126100
2025-11-06,176.19509887695312,177.93213584713223,175.81792400540272,177.93213584713223,1035800
2025-11-07,176.74102783203125,178.7857660709921,175.54991979577605,175.92710981313166,1224500
2025-11-10,172.30413818359375,177.7832533342433,171.38103437635803,177.65421145530308,1418700
2025-11-11,170.31895446777344,172.83021244371076,169.3759945608709,172.3736283457734,1702100
2025-11-12,174.3687286376953,174.69628599142044,170.47776772174126,170.80532507546638,1512700
2025-11-13,174.12059020996094,177.31673955939627,173.6937826664967,174.23969647404195,1495300
2025-11-14,172.54237365722656,175.54992802673345,172.0262212638698,173.84266754127435,1210700
2025-11-17,170.51747131347656,174.2595495514698,170.22962613167434,173.6540674765996,1353500
2025-11-18,169.7730255126953,171.599407341559,168.4230990195842,170.65643228898242,1552000
2025-11-19,168.74073791503906,171.10311309249306,168.72088182270664,170.0211756739067,1017000
2025-11-20,167.9565887451172,169.86236458613013,167.74813764958387,169.54472770641462,1538700
2025-11-21,173.42578125,174.080896004633,168.27422320397343,168.69111028080502,2204000
2025-11-24,172.03614807128906,174.5573264846722,171.42073039104565,172.98902843785893,1598900
2025-11-25,177.95199584960938,178.1902235203714,172.86992670610496,173.06844219219298,1563200
2025-11-26,178.66665649414062,180.2845871745919,177.74355270555242,178.3589552312779,1311600
2025-11-28,178.24977111816406,179.57984149400073,178.11080876764024,178.24977111816406,387000
2025-12-01,172.65155029296875,177.89243773688878,172.6217737281774,177.33658833310338,2204600
2025-12-02,173.3463592529297,174.6267969555944,172.79050985810593,174.3389517853321,1849800
2025-12-03,176.0065155029297,177.5946544708128,173.42576885469947,174.1602927827675,1065600
2025-12-04,174.95436096191406,177.4060658218419,173.7632529068879,176.71125405189002,1031800
2025-12-05,176.40354919433594,177.63436940878645,174.86502771271287,175.88739682753277,1139800
2025-12-08,178.55747985839844,179.5599929187316,175.78815320497696,177.40606882256805,1246200
2025-12-09,175.8377685546875,179.97689291957096,175.75837447697873,178.07110184782456,895600
2025-12-10,177.79318237304688,178.76593402986683,176.15541063483232,176.67156302969994,1018800
2025-12-11,181.9422149658203,182.8355421903477,177.9122916910357,178.7063536036111,1220100
2025-12-12,180.92977905273438,185.31703655479882,180.11586099141803,181.9223716589687,1585300
2025-12-15,185.0490264892578,185.82326263186593,181.64444122693666,181.77348310833148,2194300
2025-12-16,184.15570068359375,185.86296113774821,182.98444870580173,184.56266727754286,1918400
2025-12-17,188.12606811523438,190.56785249553093,184.12592127968693,184.18547441041795,2593500
2025-12-18,191.45126342773438,196.53333263716297,185.87288277800656,196.53333263716297,4743900
2025-12-19,188.4635467529297,190.50828502742817,185.3269657369545,189.99214779506204,4788700
2025-12-22,187.85806274414062,189.92265708963018,185.71407432199732,187.88783930932593,2001800
2025-12-23,185.61480712890625,187.6992575453425,183.27228810155594,187.6992575453425,1465700
2025-12-24,188.50326538085938,189.26755078228973,185.02919126095748,185.61481726332968,768500
2025-12-26,186.9746551513672,188.43376742209836,185.43614880432997,187.88783848649138,839100
2025-12-29,185.52548217773438,187.41140201548288,185.21778090222645,185.6148118746701,1280900
2025-12-30,183.57998657226562,186.16073322512867,183.55021000783537,185.0887314683591,1123400
2025-12-31,182.65689086914062,184.48325758192524,182.3789661583152,183.2822138956175,1227000
2026-01-02,185.82325744628906,187.02428594691003,181.9819139890772,183.17302201669875,1498800
2026-01-05,191.23289489746094,191.58029322172368,185.42622210041725,185.42622210041725,2074000
2026-01-06,198.76666259765625,199.1835496605196,191.11376720129718,191.90784428826765,2347700
2026-01-07,198.29022216796875,201.7444400745578,197.90311167107308,199.679845709194,2424800
2026-01-08,201.0,203.10429144965278,195.13377414279515,195.22310384114584,1828200
2026-01-09,202.36000061035156,203.67999267578125,198.75,200.5399932861328,1971900
2026-01-12,209.4199981689453,209.58999633789062,200.97000122070312,202.49000549316406,2416400
2026-01-13,206.5500030517578,210.55999755859375,205.52999877929688,208.1300048828125,1945000
2026-01-14,207.8699951171875,208.49000549316406,204.41000366210938,205.80999755859375,1258600
2026-01-15,214.3300018310547,215.14999389648438,208.16000366210938,208.39999389648438,2091700
2026-01-16,214.6199951171875,215.83999633789062,211.8000030517578,213.0,1882200
2026-01-20,208.8800048828125,214.97000122070312,207.6300048828125,213.64999389648438,2076500
2026-01-21,207.33999633789062,209.36000061035156,204.1699981689453,208.89999389648438,1590400
2026-01-22,205.16000366210938,209.22000122070312,205.02000427246094,208.58999633789062,894800
2026-01-23,206.1699981689453,209.5,205.02999877929688,208.11000061035156,1490000
2026-01-26,196.42999267578125,205.25999450683594,194.52000427246094,205.0,1894300
2026-01-27,196.89999389648438,198.16000366210938,195.1199951171875,195.5500030517578,924800
2026-01-28,196.5,201.52000427246094,195.9600067138672,200.94000244140625,886600
2026-01-29,199.3300018310547,200.75,195.39999389648438,196.6999969482422,1519600
2026-01-30,199.35000610351562,199.74000549316406,195.50999450683594,198.91000366210938,1408500
2026-02-02,200.89999389648438,201.33999633789062,197.32000732421875,201.33999633789062,1401700
2026-02-03,205.49000549316406,205.9199981689453,198.1699981689453,200.27999877929688,1449600
2026-02-04,212.22000122070312,213.22999572753906,206.19000244140625,206.19000244140625,1684100
2026-02-05,213.55999755859375,216.91000366210938,211.6300048828125,212.61000061035156,1862700
2026-02-06,216.27000427246094,220.4499969482422,214.3800048828125,214.3800048828125,1407600
2026-02-09,218.00999450683594,219.97999572753906,214.24000549316406,216.3000030517578,1239000
2026-02-10,210.24000549316406,217.44000244140625,210.22000122070312,215.0800018310547,1372800
2026-02-11,212.7899932861328,213.1699981689453,208.1300048828125,210.47999572753906,1178000
2026-02-12,212.86000061035156,217.13999938964844,212.47000122070312,214.0399932861328,1060300
2026-02-13,211.5,215.02999877929688,210.4499969482422,212.69000244140625,969100
2026-02-17,218.66000366210938,219.13999938964844,212.83999633789062,214.32000732421875,1313600
2026-02-18,216.41000366210938,220.64999389648438,216.3699951171875,216.52000427246094,1104400
2026-02-19,212.97999572753906,215.25,211.25999450683594,214.0399932861328,1321600
2026-02-20,217.27000427246094,218.1300048828125,212.6300048828125,214.0399932861328,986800
2026-02-23,214.25999450683594,218.39999389648438,211.10000610351562,216.86000061035156,1102900
2026-02-24,213.9199981689453,216.22999572753906,213.50999450683594,213.50999450683594,937800
2026-02-25,212.05999755859375,215.67999267578125,210.1699981689453,214.97000122070312,1024800
2026-02-26,214.8300018310547,216.1300048828125,212.61000061035156,213.52000427246094,917900
2026-02-27,213.85000610351562,214.30999755859375,209.94000244140625,212.9600067138672,1177300
2026-03-02,209.8699951171875,212.94000244140625,208.35000610351562,212.94000244140625,962700
2026-03-03,210.60000610351562,211.14999389648438,202.99000549316406,205.99000549316406,723900
2026-03-04,203.41000366210938,211.5,202.5,211.5,1745200
2026-03-05,206.2100067138672,208.52999877929688,201.05999755859375,201.05999755859375,1787200
2026-03-06,203.17999267578125,203.82000732421875,198.10000610351562,203.72999572753906,1252200
2026-03-09,201.63999938964844,201.88999938964844,194.25999450683594,199.11000061035156,1860699
