Price,Close,High,Low,Open,Volume
Ticker,DUK,DUK,DUK,DUK,DUK
Date,,,,,
2018-01-02,59.49821090698242,60.348896470452246,59.26230416960577,60.248815815926385,3167900
2018-01-03,59.31232833862305,59.898517207146874,59.219392431891066,59.37666354729736,2690200
2018-01-04,58.847694396972656,59.49822425127859,58.72616863979062,59.205126944440664,2475800
2018-01-05,58.57602310180664,59.15506184101736,58.15425003629366,58.98349581717447,3827200
2018-01-08,58.76189422607422,58.84052980357128,58.41876211880202,58.604628525066595,3560000
2018-01-09,58.07561111450195,58.64035492489941,57.87544985592771,58.64035492489941,2781700
2018-01-10,57.267845153808594,57.86832923621504,57.13201903584084,57.74680347486917,3227200
2018-01-11,56.67449951171875,57.28928388258046,56.47433817311027,56.838920870711384,4087200
2018-01-12,56.40284729003906,56.910400764856725,56.15264564104259,56.47433269632564,3211400
2018-01-16,56.0597038269043,56.66733789761535,55.90958285324531,56.53866199819531,4375300
2018-01-17,56.05256652832031,56.25987257607631,55.487822531293446,56.01682109719711,4125200
2018-01-18,55.287654876708984,56.21698153131915,55.080348832237156,56.21698153131915,4757600
2018-01-19,54.915924072265625,55.630789007053764,54.7872481658443,55.380587370675244,4536700
2018-01-22,55.00883865356445,55.50924723569702,54.93735327154124,55.15896504599375,3720100
2018-01-23,55.552154541015625,56.081153076242224,55.216167142295106,55.580749793458516,4033900
2018-01-24,55.216182708740234,55.566470559428076,55.194737626858995,55.545020023558564,3601700
2018-01-25,56.40284729003906,56.631603862548246,55.18757356721966,55.20902409769384,4842900
2018-01-26,56.352806091308594,56.50292707839169,55.80235701801711,56.424291496492906,3944500
2018-01-29,55.25192642211914,56.16695291372713,55.16614064328536,56.15265801091555,4901300
2018-01-30,55.51640701293945,55.695123225903096,55.02314851988428,55.11607898719042,3969200
2018-01-31,56.11690139770508,56.1740919055386,55.22332016525755,55.60219773517738,4007000
2018-02-01,54.930240631103516,56.224150381990825,54.80871485322671,55.988243551532015,4328600
2018-02-02,54.708621978759766,55.56646332016677,54.63713656380607,54.91593349991677,4252400
2018-02-05,54.19390869140625,55.46636739636098,54.13672364193752,54.794398069713985,5852100
2018-02-06,53.25030517578125,53.79360423403242,52.13511725188691,53.72211880757558,7810800
2018-02-07,53.18596267700195,54.01520332802509,53.02869148784558,53.2288528362309,4840400
2018-02-08,53.12876892089844,54.23681190127621,52.75704150428703,52.96434756390526,6160100
2018-02-09,54.401241302490234,54.844459695411565,52.79994476178887,53.12878210338004,6312300
2018-02-12,54.908775329589844,55.22331765438573,54.0866849963062,54.41552222041701,4373100
2018-02-13,55.101783752441406,55.25905489152398,54.20105251750501,54.71575608032581,3808000
2018-02-14,53.958011627197266,54.80155253015249,53.93656109623471,54.772957276189445,4563000
2018-02-15,55.122676849365234,55.12991234208592,54.00865380918913,54.08822215286125,3923800
2018-02-16,55.48436737060547,55.621814120015515,54.811610126273784,55.028630728598785,3796600
2018-02-20,54.75375747680664,55.4265149021003,54.1244019760272,55.12992036708072,4017000
2018-02-21,54.493324279785156,55.339694757381615,54.47162332175401,54.67417295546288,4242800
2018-02-22,54.64524459838867,55.15885425109474,54.37758653188082,54.601842675898254,3103900
2018-02-23,55.86052703857422,55.918399926117864,54.52947822038203,54.58011561721714,2839100
2018-02-26,56.366905212402344,57.603909300862135,56.17159110119827,57.22774654188798,5253800
2018-02-27,55.216705322265625,56.63455792652439,55.216705322265625,56.33796352263781,4088600
2018-02-28,54.50054931640625,55.38309165682267,54.47884836034078,54.99245789045492,3321700
2018-03-01,54.65971755981445,55.57119669052397,54.37036401145665,54.507805291207056,3209700
2018-03-02,54.50778579711914,55.195014026352474,53.950774344767495,54.5873596501784,3631400
2018-03-05,56.05585861206055,56.1860698900993,54.16056786613037,54.41375492924348,3840600
2018-03-06,54.8767204284668,55.983513396985614,54.710337225006455,55.867773119022075,3655400
2018-03-07,54.43546676635742,54.76099226696872,54.20398061681791,54.55121260065975,9936900
2018-03-08,54.97075653076172,54.99969297832424,54.42821055685628,54.637995662387276,4733900
2018-03-09,55.072044372558594,55.08651535929648,54.6307731011471,54.90566665852339,3870100
2018-03-12,55.3758659362793,55.50607720173364,55.021398563114765,55.06480599764188,3581800
2018-03-13,55.31800079345703,55.940120757970924,55.11545113413889,55.62906077571398,6365000
2018-03-14,55.701385498046875,55.94010704618504,55.30351625114994,55.491600396870574,3788900
2018-03-15,55.513301849365234,56.15712262260806,55.18777647648983,55.60734668259905,4619000
2018-03-16,56.128204345703125,56.2294847032953,55.513319820625426,55.62906564697946,6667100
2018-03-19,55.73031997680664,56.33073881216896,55.4915984370993,56.280101411539775,5503500
2018-03-20,55.28905487060547,55.96904762677315,55.21671650738969,55.71585507692291,3888500
2018-03-21,55.108211517333984,55.860542709267676,54.862254435805724,55.28906020234505,4051400
2018-03-22,55.11545181274414,56.08479819972007,55.03587794288023,55.22395661795461,3704800
2018-03-23,54.37757110595703,55.643511664071056,54.27629630283293,55.35415271840385,3033400
2018-03-26,54.92013931274414,55.02864965121993,54.42100058625962,54.471638008339646,2805900
2018-03-27,55.77373123168945,56.200536981990965,54.81161493945895,54.97076265926413,4338900
2018-03-28,56.00520324707031,56.251160257442,55.383083509089445,55.9328648978065,4543200
2018-03-29,56.04140090942383,56.35969641518643,55.730340897628054,55.76650732933256,3962500
2018-04-02,55.77373123168945,56.46095952002424,55.39033291710259,56.09926216376288,3741100
2018-04-03,55.88948059082031,56.16436861220582,55.46991030628663,55.70139640825969,2971400
2018-04-04,56.214996337890625,56.359678576107974,55.491601703993084,55.80989710900818,3467600
2018-04-05,56.85881423950195,56.996260979078244,55.52777082972462,56.2005280259233,3934200
2018-04-06,56.540531158447266,57.07584167934388,56.46818727478645,56.851585574309574,3411900
2018-04-09,56.764801025390625,57.18437140925721,56.453740984808896,56.526079373977026,3855100
2018-04-10,56.07756042480469,56.8298916516863,55.882246264307945,56.764788771208764,4187900
2018-04-11,55.759254455566406,56.265628443993464,55.54946936920018,55.954568559941826,2426800
2018-04-12,55.07926559448242,55.976273372557586,54.94905434290192,55.76648827172995,2369000
2018-04-13,55.462677001953125,55.69416311306077,55.16608800915782,55.17331798330251,3993200
2018-04-16,56.395851135253906,56.48266048763382,55.55671613850272,55.57118160436754,2402900
2018-04-17,56.7864875793457,56.96733626590413,56.272877971807446,56.43202569902909,1727800
2018-04-18,56.62733840942383,57.45200795759495,56.62010291680793,56.89499644557416,2057000
2018-04-19,56.80095291137695,56.86606130829705,56.316279757123425,56.5405358808883,2423300
2018-04-20,56.193302154541016,56.94563332675567,56.08479184256572,56.880524931945,2764000
2018-04-23,56.41754913330078,56.591167828950674,56.113724694508534,56.337975277560425,2172700
2018-04-24,56.58393859863281,56.96010144270826,56.25840764756246,56.58393859863281,4273000
2018-04-25,57.068607330322266,57.07584282264597,56.29457522359239,56.540532291026395,3282100
2018-04-26,57.755828857421875,57.81370175665298,56.808183588532074,57.05414065073257,2810000
2018-04-27,58.233272552490234,58.414121225013496,57.50987786239718,57.58221622759379,2600500
2018-04-30,57.9873161315918,58.486454672826596,57.91497225341417,58.33454246296704,2658100
2018-05-01,57.74860382080078,58.08860023401793,57.59669158663088,57.987325411238004,2423200
2018-05-02,57.85710906982422,58.13923255415761,57.56051460118154,57.75582873684949,2586200
2018-05-03,57.69795608520508,57.93667211386365,57.01796338044552,57.69072059371151,3522600
2018-05-04,57.784751892089844,58.16815562118975,57.5677368489492,57.7051780538863,3853900
2018-05-07,57.50987243652344,57.9656090614219,57.46647052531301,57.777530433468044,2901400
2018-05-08,56.33795928955078,57.43028648367319,56.15711067220226,57.37241360154683,4333400
2018-05-09,56.164371490478516,56.38862211102041,55.61458990046866,56.28734728115863,3853500
2018-05-10,56.540531158447266,57.495411920697414,56.092024467442094,57.00350331474652,4605300
2018-05-11,56.35969924926758,56.71416120455902,56.08480565535312,56.57671440760179,4231000
2018-05-14,56.30181121826172,56.583934711704345,55.96181482384018,56.47542440213481,3972500
2018-05-15,55.65076446533203,56.17884511936109,55.39034188513476,55.95458896920732,3889100
2018-05-16,54.99970245361328,55.75203366266053,54.61630411571874,55.650758838275706,5483400
2018-05-17,54.27505111694336,55.10216719825404,54.09938158146125,54.93381885554356,3474800
2018-05-18,54.018856048583984,54.56782814019792,53.52843673590654,54.36287386840508,3721000
2018-05-21,53.9310302734375,54.20917418349484,53.68948116014779,54.150621391779794,3301700
2018-05-22,54.21650695800781,54.392176539546604,53.72609301797625,53.74805101761418,2957300
2018-05-23,54.802066802978516,54.93382035429316,54.30433178517139,54.406806149034566,2901100
2018-05-24,55.438880920410156,55.482802501679174,54.633722666654734,54.80207662857682,4162700
2018-05-25,55.4901123046875,55.643823861956214,55.32176394481746,55.43887511893126,2262600
2018-05-29,56.068355560302734,56.39042101491892,55.25587631574543,55.45350942087212,4468600
2018-05-30,56.34650802612305,56.50021956915653,55.658461094458396,55.82680943873768,2620800
2018-05-31,56.47826385498047,56.778365760322075,55.96588643975135,56.31723111260658,3587800
2018-06-01,55.6877555847168,56.47095590079211,55.2851736344015,56.44899790067227,3403200
2018-06-04,55.16805648803711,55.995172715132064,55.14609290585101,55.870740338251686,3234500
2018-06-05,54.71424102783203,55.270534540385626,54.58980864268201,55.219297347415896,2497300
2018-06-06,53.53578567504883,54.79476321785446,53.433311278256355,54.692288821061986,3949500
2018-06-07,53.78464889526367,54.370216001196134,53.308871782394455,53.53577854730521,3289800
2018-06-08,53.521141052246094,53.98959696471974,53.338150286922485,53.82856419772536,3268500
2018-06-11,52.7891731262207,53.60896810528474,52.67205636667757,53.44793535313017,4922400
2018-06-12,53.05268478393555,53.323507540759636,52.686703255743055,52.79649324665285,4694200
2018-06-13,52.884315490722656,53.34545007214888,52.708645971765044,53.09658538566171,5618200
2018-06-14,53.7700080871582,53.93104086096465,52.97217099712562,53.067324188722516,5079900
2018-06-15,54.384857177734375,54.45805236629013,53.50649816176046,53.64557292912086,6493000
2018-06-18,54.46535873413086,54.641028255731605,54.19453046731993,54.370199988920675,3223900
2018-06-19,55.38764190673828,55.51939547733995,54.597120483128315,54.69960044642722,4039400
2018-06-20,55.76827621459961,56.06837821311202,55.46084743624298,55.84147141537562,3660900
2018-06-21,56.29526901245117,56.492896537222315,55.680417275899494,55.768254833816506,4198700
2018-06-22,56.6758918762207,56.85156142192541,56.18547803622654,56.28795240325714,3184200
2018-06-25,57.88362503051758,57.949499008210566,56.705164364474726,56.72712235703906,4768200
2018-06-26,57.671356201171875,58.21300717075764,57.56888184434304,57.81043093591112,4402500
2018-06-27,58.20569610595703,58.344770864895,57.45909629280681,57.649408239074354,3978400
2018-06-28,57.993431091308594,58.66683571271823,57.898272327033965,58.37404939510353,2659400
2018-06-29,57.88362503051758,58.22032728018217,57.466406418494756,57.86898264585235,3385000
2018-07-02,58.38136291503906,58.454558088713235,57.75187436946036,57.97878108318043,2570000
2018-07-03,58.417972564697266,58.871791691972334,58.15446540491629,58.38137776077143,2568600
2018-07-05,59.003536224365234,59.010857417801866,58.2715732448638,58.52775917080243,3964600
2018-07-06,59.74282455444336,59.801377352707696,58.915702756014376,58.98158233265953,2963000
2018-07-09,57.56156539916992,59.72085384756157,57.363937861682054,59.72085384756157,4505700
2018-07-10,58.20569610595703,58.51312481436909,57.01991960363406,57.40053791173456,3763200
2018-07-11,58.83517837524414,58.98157431208428,58.330127750339116,58.34476455180614,3921000
2018-07-12,58.92301559448242,59.025489957457246,58.63022930693982,58.85714161161316,3655400
2018-07-13,59.0108642578125,59.23777102073995,58.542408343387116,59.0474590603687,3366200
2018-07-16,59.12796401977539,59.274359955019264,58.61559220750662,59.062090037241084,4171500
2018-07-17,59.03281021118164,59.2889961145429,58.952293843777554,59.24508012666207,2271400
2018-07-18,58.87910079956055,59.0986863313437,58.483840141029994,59.0986863313437,3103400
2018-07-19,59.43539047241211,59.83797233658485,58.93033982441768,59.0181718061032,3009000
2018-07-20,59.03281021118164,59.53054521675516,58.55703319954854,59.33291210242372,3013500
2018-07-23,58.535072326660156,59.45734711783401,58.31548122918852,59.45734711783401,2844900
2018-07-24,58.47652053833008,58.65951127867645,57.664041204437474,58.630232090088924,4065500
2018-07-25,58.68879699707031,59.01086252293237,58.33013666972791,58.40333185712342,2582100
2018-07-26,59.39146423339844,59.53785456723704,58.85713448889759,58.88640808811869,2812000
2018-07-27,59.35487747192383,59.80137535230784,59.10601273042955,59.28900348191695,2097200
2018-07-30,59.120643615722656,59.43538790015407,58.996211257430566,59.17920199060153,2306900
2018-07-31,59.74282455444336,59.808698546653766,59.113335901515086,59.43539583749055,3691100
2018-08-01,59.32560729980469,59.61107244189323,58.65951824530817,59.3914812936244,3478500
2018-08-02,58.886444091796875,59.435416555988034,58.198402400760905,59.01819770658022,4075600
2018-08-03,59.69158935546875,59.81602173452611,58.76931434273641,58.937662718064615,3122300
2018-08-06,59.37681579589844,60.18197364306591,59.142587957005496,59.706196774693076,3285600
2018-08-07,59.201175689697266,59.42076686152818,58.55705014846096,59.37685086093619,2629400
2018-08-08,58.87178039550781,59.21580387612285,58.688789657685696,59.01085514327154,2429900
2018-08-09,59.14992141723633,59.19384298958336,58.76198196551304,58.89373551368641,1658000
2018-08-10,59.20848846435547,59.87457749559632,59.17920927331288,59.27436804030996,3467100
2018-08-13,59.24508285522461,59.37683640936893,58.937654172598464,59.2304404689674,4051000
2018-08-14,59.45003890991211,59.67694566494031,59.127973385793524,59.267048150196516,2379000
2018-08-15,59.91847610473633,60.35033148233464,59.515894325252255,59.61105306463925,3683400
2018-08-16,60.5537223815918,60.59073679523954,59.63568245548865,59.902211087013505,3104900
2018-08-17,60.9164924621582,61.242250918683595,60.39824550720251,60.44266506092209,3090200
2018-08-20,60.56852340698242,61.13119555649157,60.427859605956215,60.99052610699726,2643600
2018-08-21,60.176143646240234,60.546321700804675,59.84298565651978,60.494496999104406,2623400
2018-08-22,59.84296417236328,60.56111024415248,59.62826029998024,60.264966777125295,3050000
2018-08-23,59.8799934387207,60.30199614823124,59.72451935084506,59.768944553429684,1828100
2018-08-24,60.27238464355469,60.33160883069176,59.71711764380997,60.020660666467045,2296600
2018-08-27,59.66529083251953,60.4056468759962,59.45059255056345,60.27978770423756,2559200
2018-08-28,59.48760223388672,59.687501512874,59.34693843776859,59.55423720970511,2307900
2018-08-29,59.76893997192383,59.8059543813608,59.36914707011707,59.5912504721423,2322700
2018-08-30,60.20573806762695,60.30198229559258,59.70229585890883,59.9392095072193,2738700
2018-08-31,60.14651107788086,60.56111421831286,59.872583012890054,60.19093627235365,3837400
2018-09-04,60.27978515625,60.620348244037686,60.14652084811846,60.250170237946534,2887100
2018-09-05,61.5902214050293,61.671661022139695,60.346423019169514,60.346423019169514,4884700
2018-09-06,61.797515869140625,62.019619278785314,61.168214402445365,61.168214402445365,3213600
2018-09-07,61.05717086791992,61.59022818460328,60.66478302326939,61.316294383399615,3113000
2018-09-10,60.93870162963867,61.61983345451401,60.90168721806522,61.24225030626883,4512800
2018-09-11,60.250179290771484,61.301489278869546,60.16873966531736,61.034960622559495,4085500
2018-09-12,59.88739776611328,60.3390153883823,59.68009898509828,60.13912174910874,4646300
2018-09-13,60.820247650146484,60.86466720345503,59.63567915801753,59.902207774805056,4725200
2018-09-14,60.487083435058594,60.70919249626141,59.998451408267684,60.70178735462983,3102700
2018-09-17,60.76842498779297,60.812844542587314,60.16133326224082,60.53891077492943,3052100
2018-09-18,60.649959564208984,61.07936738143192,60.45747107935824,61.03494783084602,4191000
2018-09-19,59.29512023925781,60.67958824745356,58.94715759994453,60.62776354385635,4469600
2018-09-20,59.6875114440918,59.77635056200745,58.68802617978995,59.228488623808495,4074900
2018-09-21,59.09520721435547,59.90959756780314,58.140147433583,59.59864944805412,15566200
2018-09-24,58.939735412597656,59.20626399644163,58.806471120675674,59.01376987511711,3633700
2018-09-25,58.347450256347656,59.00636659595398,58.15496177741762,58.93233213109877,4748700
2018-09-26,57.81440353393555,58.6732192973766,57.77738911904362,58.340061321006075,5169800
2018-09-27,58.443687438964844,58.72502060364151,57.74775119398957,57.74775119398957,3256000
2018-09-28,59.24327850341797,59.272893418169204,58.56215240954198,58.584362183488544,4540900
2018-10-01,58.895328521728516,59.22848649889736,58.62879988060599,59.16185716285104,2727200
2018-10-02,59.53943634033203,59.783755209514254,59.16185879538,59.17666343208705,2509500
2018-10-03,58.628780364990234,59.68008429476828,58.1327376628423,59.48018505623202,4127400
2018-10-04,59.18405532836914,59.25068465134137,58.162360521721375,58.56955854588788,3620300
2018-10-05,60.26498031616211,60.50189401331515,59.10262160693185,59.154446301669445,4824800
2018-10-08,60.81285858154297,61.41254530358067,60.22797649836501,60.33903105945671,4450200
2018-10-09,60.894264221191406,61.2200225789417,60.56850586344112,60.90906885178621,4204200
2018-10-10,60.620361328125,61.67907087999258,60.58334690860769,60.85727507721924,5042100
2018-10-11,59.21366882324219,61.01273393041541,58.98415464764127,60.82023981011162,6074700
2018-10-12,59.22108459472656,59.30992936278165,58.49553875858461,59.05820534419336,5821700
2018-10-15,59.32472229003906,59.85777949621387,59.01377413592637,59.169248212982716,3018400
2018-10-16,59.924407958984375,60.27237613344821,59.043382636275275,59.26549166419987,3333200
2018-10-17,59.798553466796875,60.020662532989114,59.369151266476436,59.83557352731831,2670600
2018-10-18,60.161319732666016,60.51668738803943,59.90219630719226,60.33159842006289,4274200
2018-10-19,61.26445388793945,61.760491010916546,60.13911534716647,60.1539199806052,4395800
2018-10-22,61.18300247192383,61.605005049307614,60.95349398288931,61.46433564069087,4275800
2018-10-23,60.931304931640625,62.21211772989564,60.86466995020253,61.42734212753203,4882800
2018-10-24,62.745182037353516,62.98950091596338,60.916501491919846,61.1830301506817,4890200
2018-10-25,61.92335891723633,62.59708540929764,61.75308024567054,62.56006535975733,6787900
2018-10-26,60.62775802612305,62.663737215456315,60.2797897700093,62.2047144193216,5326900
2018-10-29,61.79010772705078,61.9085673918832,60.62034395493531,60.77581802867708,4157900
2018-10-30,62.064029693603516,62.36017315104572,61.17559932127689,62.041819922777016,2996000
2018-10-31,61.17560577392578,61.70866292385395,60.73879850568684,61.612418690631955,4084000
2018-11-01,60.45747375488281,61.17561433116293,59.939221165085215,61.13119477861127,6994300
2018-11-02,61.14599609375,62.06404155207694,59.88739321972476,61.75309340416025,7038400
2018-11-05,61.878944396972656,62.071432854493146,61.21262299045219,61.50876646540206,3057700
2018-11-06,62.43422317504883,62.52306228051226,61.77530678334414,61.9381860079845,2642900
2018-11-07,62.70816421508789,62.76739406325838,61.886368429247334,62.74518428231175,2981500
2018-11-08,62.43422317504883,62.945064976867705,61.69386717102396,62.73776619949563,3002400
2018-11-09,63.35966873168945,63.50033253272052,62.37499388213147,62.56008288474907,4432500
2018-11-12,63.611385345458984,64.38135625336284,63.078328128566476,63.1153481874771,3250900
2018-11-13,63.92973327636719,64.12963254014171,63.15236294076483,63.59657536803296,2833200
2018-11-14,63.98155212402344,64.37393982642722,63.41148059662806,63.59656956179716,3860600
2018-11-15,64.46649169921875,64.57875165036178,62.89486951255122,63.493579735683554,4481100
2018-11-16,64.87065887451172,65.18498233839782,64.27942814399375,64.69104628225985,3351200
2018-11-19,65.58910369873047,65.64149093372225,64.73593689470408,64.7958096517748,4114400
2018-11-20,66.24771118164062,66.77907495820018,65.70887329982311,65.91093679178186,6879300
2018-11-21,64.69853210449219,65.99325369709628,64.45156690837786,65.89596472346227,3640300
2018-11-23,64.92304229736328,65.10265487904381,64.5114241833235,64.8257533384907,1448300
2018-11-26,65.09516906738281,65.33465439081529,64.5563256622146,64.88561441332145,2169100
2018-11-27,65.73130798339844,65.85853332515639,64.75839554809166,65.1251062371862,2383400
2018-11-28,65.5591812133789,65.76873019775329,65.04279427610822,65.63401932068668,2950200
2018-11-29,65.5591812133789,65.9034410748199,64.84821062928278,65.56666673704416,2940100
2018-11-30,66.28512573242188,66.4048712771561,65.26731144130822,65.70138047629706,4829300
2018-12-03,67.0709228515625,67.07840266384088,65.25980906862998,65.85852521816177,3904800
2018-12-04,67.39273834228516,67.87918883762468,67.07840919280704,67.1757038596997,5598100
2018-12-06,67.22810363769531,67.8342997715642,66.12796568379845,67.72952527212469,4758300
2018-12-07,67.34780883789062,67.76691232988044,66.77154938735082,67.3178724663357,4985100
2018-12-10,67.73700714111328,67.84926715867846,66.4572566443463,67.475070906649,3904000
2018-12-11,67.94656372070312,68.08876013949279,67.16074921972547,67.72952918510185,4707000
2018-12-12,67.05595397949219,68.29080250928747,66.99608122064356,67.9465427105787,5225800
2018-12-13,68.02886962890625,68.29080582435859,67.19066809367796,67.19066809367796,4180900
2018-12-14,67.9166030883789,68.36563733874272,67.49001969406625,68.10370116851219,3651900
2018-12-17,65.92587280273438,68.32821703150017,65.58909856269877,68.10369706495648,5527300
2018-12-18,65.60408020019531,66.77905603399226,65.28975105431661,66.18033983304136,4224100
2018-12-19,65.28227996826172,66.09802504857988,64.90808372009046,65.74627966173385,4832800
2018-12-20,65.96331787109375,66.68925954683313,64.63866559056434,65.40950899147293,4622300
2018-12-21,65.61155700683594,67.54241067116222,65.49181719800067,65.75375338274712,6798600
2018-12-24,62.7976188659668,66.15041414591978,62.31116258777607,65.6040908057805,2752700
2018-12-26,63.800445556640625,63.8154108908022,61.94443008268957,62.864955152584315,2616900
2018-12-27,64.33181762695312,64.33181762695312,62.812581788847424,63.90523413689497,3081700
2018-12-28,64.4515609741211,65.24485515783309,64.18961904422552,64.4515609741211,2447500
2018-12-31,64.58625793457031,64.81077219926071,63.845345444685606,64.61618860203825,2240100
2019-01-02,63.388832092285156,64.50394084583652,63.08947970910053,64.44406808528733,2857400
2019-01-03,63.36637878417969,64.06238389675315,62.909858994761585,63.43373706463802,2959700
2019-01-04,63.890262603759766,63.950129657600876,62.90986465623586,62.984708465654016,3278100
2019-01-07,63.620853424072266,63.90524054269052,63.11194625248339,63.5011078732127,3060200
2019-01-08,64.42162322998047,64.48897580953835,63.239161792971494,63.64329439966245,2350500
2019-01-09,63.47116470336914,64.36175358593248,63.119419322532146,63.58342471785905,3264400
2019-01-10,63.8154296875,64.05491507308712,63.33645891632578,63.650788124106725,3758000
2019-01-11,63.32149124145508,63.770525609140655,63.02213309307077,63.770525609140655,3082400
2019-01-14,62.61051559448242,63.10445164623644,61.712441221631266,63.10445164623644,3931000
2019-01-15,63.718135833740234,63.957621200991056,62.36354726051977,62.5656107195389,2722900
2019-01-16,63.8154296875,63.89775332408763,63.11942439348403,63.40381721434383,2279100
2019-01-17,64.09232330322266,64.18961225761285,63.553479873226124,63.830387110802334,1895700
2019-01-18,64.06238555908203,64.37670898329584,63.77051299234339,64.31684193328891,2842600
2019-01-22,64.06986999511719,64.74342425685488,63.50109020634085,63.62083572388557,2693600
2019-01-23,64.45902252197266,64.47399356446905,63.83037577183802,63.98005193812348,2629400
2019-01-24,64.88562774658203,64.93801499341723,63.88278453294202,64.53388806627808,2504400
2019-01-25,64.24949645996094,65.10266347279034,64.08484919261109,64.61620719465174,2472900
2019-01-28,64.09982299804688,64.57879377288016,63.71065567488106,64.37672458706429,2079100
2019-01-29,64.08482360839844,64.48147628037962,63.82288747390483,64.32430888990396,3625500
2019-01-30,64.39917755126953,64.76588828118847,63.80794678519843,63.882784893988585,2215100
2019-01-31,65.69390106201172,66.2177793042733,64.00253219892082,64.42911574959172,6869400
2019-02-01,65.69390106201172,65.89597026009825,65.00538124510122,65.69390106201172,3207100
2019-02-04,65.72382354736328,65.73130907046728,64.72098042311278,65.22988750834202,3301800
2019-02-05,66.23271942138672,66.34497940981969,65.41697454434889,65.79117069927197,3464300
2019-02-06,66.2027816772461,66.44975250474455,65.71632554393157,66.1952961555637,2467400
2019-02-07,66.96614837646484,66.98111371080077,65.74626522110367,66.15788328759616,2844600
2019-02-08,67.57984161376953,67.78939058959942,66.83144915164488,66.92125259283976,3716600
2019-02-11,67.4825439453125,67.84177482349747,67.13079859015541,67.41519136740469,2428100
2019-02-12,67.5274658203125,67.90914192967358,67.09339674832843,67.57985307315317,2676900
2019-02-13,67.04846954345703,67.51247486738049,66.84640611629493,67.28047506030909,5281400
2019-02-14,66.4117431640625,67.00916218118496,65.98069473013167,66.94866273828902,3987400
2019-02-15,66.17729187011719,66.91838959277362,65.80673723924656,66.88813988191424,4472900
2019-02-19,66.5024642944336,66.65370706837295,65.97310304656186,66.27559436398256,4358600
2019-02-20,67.19063568115234,67.34944234654905,66.19998210530215,66.51003156549302,3471200
2019-02-21,67.750244140625,67.80318546779688,66.75202664709366,66.78984023234699,3167800
2019-02-22,67.99224090576172,68.2796045332288,67.57631455195398,67.83342846554932,2538500
2019-02-25,67.66706085205078,68.02248199364698,67.24357064517284,67.99223805058824,2551000
2019-02-26,67.21331787109375,67.97710721324893,66.69152621872772,67.78048697506648,3234500
2019-02-27,67.51581573486328,67.62925072052253,66.9032748896635,67.0998951468367,2112500
2019-02-28,67.80319213867188,68.0527422094496,67.30408045802915,67.46288714653993,4137300
2019-03-01,67.70487213134766,67.9922415310003,67.25113795818507,67.75780768872424,5613700
2019-03-04,67.96956634521484,68.02250191538498,67.28896780575442,67.924194647796,3104400
2019-03-05,67.70487213134766,68.01492737422697,67.6292507307444,67.80318514472063,3513400
2019-03-06,67.73512268066406,68.03005018533332,67.57631600657623,67.79562210970984,3121400
2019-03-07,67.74268341064453,68.55184448559815,67.52337731767953,68.03004703097305,3531000
2019-03-08,68.21153259277344,68.23422420245964,67.53093431028606,67.99223229168713,2443800
2019-03-11,68.33253479003906,68.41572005434851,67.96954402127581,68.25691339599663,3720200
2019-03-12,68.44597625732422,68.71821791733056,68.14348488292349,68.41572654292983,4583700
2019-03-13,68.4837875366211,68.65772196079948,68.30229501061919,68.35523057110072,4510500
2019-03-14,68.33253479003906,68.87701805841269,68.1510422904287,68.41572005434851,3600300
2019-03-15,68.55184173583984,68.83920534464161,68.24178651595093,68.40059317630528,7614200
2019-03-18,68.10567474365234,68.74847111035767,67.85612468397201,68.71065752306558,3977000
2019-03-19,67.39484405517578,68.23425513832527,67.04698088632341,68.12082011663442,4656600
2019-03-20,67.5914535522461,68.18131446703264,67.30408985238427,67.56120383075361,3838800
2019-03-21,67.99224090576172,68.24179094850338,67.4628795673207,67.60656426582572,4461100
2019-03-22,68.58966064453125,69.32320041069877,67.99224748873777,68.18130389158328,4174400
2019-03-25,68.64258575439453,68.91482739460152,68.40059382638194,68.74089876141201,3350900
2019-03-26,69.21733093261719,69.32320205916474,68.53672671228028,68.58966227555406,3342100
2019-03-27,68.42328643798828,69.29294115573491,68.23423006116636,69.26269144309828,3592200
2019-03-28,67.5914535522461,68.74091989078227,67.31921182835829,68.57454930734589,4565800
2019-03-29,68.06031799316406,68.1283755417758,67.16040749788905,67.47802670004441,5434800
2019-04-01,67.51581573486328,67.9317420924329,67.02426797670184,67.87124266414222,4555500
2019-04-02,67.40238952636719,67.75781650192997,67.03940444844115,67.75781650192997,3386400
2019-04-03,67.19063568115234,67.44775535575377,66.71421568496221,67.30407066201936,2998800
2019-04-04,67.56875610351562,67.70487694209072,66.49491713783624,67.32676414266473,4847600
2019-04-05,68.46112060546875,68.52918392748758,67.44021693154605,67.67464508279375,5433200
2019-04-08,68.14349365234375,68.52917034857617,67.79563054635632,68.43842119371448,3115500
2019-04-09,68.24934387207031,68.42327825654777,67.92416671203665,68.10565919661249,2475300
2019-04-10,68.01494598388672,68.87704287963804,67.83344764932724,68.43086668577678,3412300
2019-04-11,68.25691223144531,68.40815501694979,67.90904920915105,68.09054170566492,2424500
2019-04-12,68.40060424804688,68.41573199122031,67.46288610531816,67.83343503945763,3520900
2019-04-15,68.39305877685547,68.61992304046241,68.18131648967115,68.43843047566794,2808900
2019-04-16,67.37214660644531,68.55186265260326,67.19821792183915,68.16618592003944,3166400
2019-04-17,67.34944915771484,67.84856081618862,67.08477135528635,67.40238471820055,4518200
2019-04-18,67.40995788574219,67.79563460506384,67.25871505479543,67.54607874141193,2822400
2019-04-22,67.09989929199219,67.72756214826752,66.94865071192197,67.31164153454709,2615800
2019-04-23,67.31165313720703,67.53851739210236,66.76716969418723,67.16796840375892,2336800
2019-04-24,67.81829833984375,68.0451682818346,67.21331567422966,67.51580700703671,1942400
2019-04-25,68.40060424804688,68.55941670365019,67.50825779575138,67.62169279137794,2506600
2019-04-26,68.30230712890625,69.06609672526093,68.2720574076151,68.58967082685567,1921400
2019-04-29,67.74268341064453,68.27960283705835,67.54606316013404,67.99223921672981,2370800
2019-04-30,68.90727996826172,68.98290137569106,67.62925683539483,67.82587711034594,3242700
2019-05-01,68.37035369873047,68.86189568307482,68.13591985852831,68.57453205550733,2323400
2019-05-02,67.91661071777344,68.6728362223278,67.77293179519717,68.39303647815004,2656600
2019-05-03,68.18130493164062,68.40060528508836,67.92418521968592,68.18886303379838,2988600
2019-05-06,67.66706085205078,68.37790890478591,67.5309400301155,68.19641639871979,2659600
2019-05-07,67.50068664550781,67.78805024527529,67.17550946465984,67.68217914170083,2546200
2019-05-08,66.39662170410156,67.53096030426586,66.33612226073546,67.41752529034054,2832400
2019-05-09,65.6630630493164,67.06207910235888,65.54206419717252,67.06207910235888,3165000
2019-05-10,66.54029846191406,66.6007979032724,65.37571017871552,65.50427293398805,2965400
2019-05-13,66.58567810058594,66.66886339278214,65.64039593430586,66.32099447839194,4046600
2019-05-14,65.79920196533203,66.26050011926904,65.4588969272643,66.03363009389055,4955500
2019-05-15,65.63279724121094,66.21508820811596,65.61766950363129,65.9504104958864,3653200
2019-05-16,65.9217529296875,66.28102130996722,65.524268107359,65.67714553935453,4151900
2019-05-17,66.65560150146484,66.83906149080408,65.49371739516224,65.50900281165592,4428300
2019-05-20,66.47210693359375,66.96132161061807,66.24279083418178,66.73964529885721,3100200
2019-05-21,66.5638656616211,67.29004237168166,66.40334257303618,66.64795001734198,2728300
2019-05-22,67.12187957763672,67.26711726521344,66.61737923073666,66.79318774863289,2225700
2019-05-23,67.95507049560547,68.02386360450012,67.22124817455563,67.35884022424631,3862000
2019-05-24,67.88627624511719,68.37549115961727,67.76397543244306,67.95507519066659,1987700
2019-05-28,66.59443664550781,67.91684352386525,66.44919898311326,67.8862668669453,3837700
2019-05-29,65.59305572509766,66.94604479607293,65.53190825654545,66.80845278600594,2319000
2019-05-30,65.37904357910156,65.95234281193395,65.23380590724224,65.65422767741322,2319200
2019-05-31,65.44019317626953,65.80710139855661,64.56113323619262,65.3943311064589,3182500
2019-06-03,65.75359344482422,65.8453234159815,65.17265445653122,65.76888468930095,3061800
2019-06-04,65.66187286376953,65.86061822942973,64.42354442959622,65.72302618118826,2498700
2019-06-05,66.67086791992188,67.01484506599765,65.36374660017346,65.86060701376095,2819200
2019-06-06,67.04544830322266,67.26712475508478,66.47214894451454,66.74733310324665,2985500
2019-06-07,66.53328704833984,67.72574757532625,66.46448810845145,67.23653270108048,3243300
2019-06-10,65.95999908447266,66.47979070610845,65.77654493327836,66.44921404225902,3028400
2019-06-11,65.46311950683594,66.1128573873659,65.02741237924285,65.76888022470317,2841300
2019-06-12,66.23516845703125,66.40333715475103,65.83003795719779,65.83003795719779,2893800
2019-06-13,66.32689666748047,66.83904841430954,65.98291946059503,66.46448871661492,3753100
2019-06-14,67.16773986816406,67.39705606096139,66.3116109187772,66.33454195486681,3237600
2019-06-17,67.22888946533203,67.71810435694681,66.90019766328757,67.32826506737666,2448600
2019-06-18,66.68616485595703,67.64930919608794,65.98291919956363,67.54229380628466,2532600
2019-06-19,66.99956512451172,67.35883354261667,66.25809725427824,66.42626594631892,2683200
2019-06-20,67.7104721069336,67.90921166935364,67.02251176651218,67.37413464452709,2428300
2019-06-21,68.4366455078125,68.49015320764113,67.24418486483056,67.75633082489055,6867500
2019-06-24,68.72710418701172,68.89526703713418,68.19966710828535,68.50542781815426,3305700
2019-06-25,68.88764190673828,69.31570349250556,68.62774320687835,68.72711881207555,3996800
2019-06-26,67.25181579589844,68.75003689568993,67.21359351927035,68.67359234243375,3437000
2019-06-27,67.68753814697266,67.8174845856947,67.09130198973251,67.32062403727888,2726700
2019-06-28,67.45054626464844,68.13850632844253,67.22123013131696,67.64164595837458,3875700
2019-07-01,67.27476501464844,67.45057353810027,66.68617445411306,67.27476501464844,2848000
2019-07-02,68.13851928710938,68.37548108618753,67.38941161110058,67.39705140133469,2039000
2019-07-03,68.87234497070312,69.25454444982122,68.18438474191028,68.18438474191028,1717600
2019-07-05,68.5512924194336,68.62008551995126,67.42762512243952,68.3525470758814,1744000
2019-07-08,68.53600311279297,68.8417579846962,68.0773591411374,68.71945720231498,2046900
2019-07-09,68.33724975585938,69.00227293924723,67.93211934945074,68.98698753020714,2598000
2019-07-10,68.51306915283203,68.90291421250392,68.26082195600961,68.64302139398973,2401700
2019-07-11,68.3754653930664,68.81881806472879,67.73337324671367,68.40604204268791,2379100
2019-07-12,67.80217742919922,68.48249195687653,67.60343792198826,68.48249195687653,2101400
2019-07-15,68.32199096679688,68.4366520007086,67.68754413203654,67.88628370345425,1847700
2019-07-16,68.0544204711914,68.4366198500766,67.54992032365081,68.11557377146897,1727100
2019-07-17,68.13851928710938,68.55894102602315,67.94741955703965,68.29139673840479,2102700
2019-07-18,68.63536834716797,68.68123040855593,67.77159981026156,68.19201564741779,1911700
2019-07-19,67.61106872558594,68.6582971376751,67.59578331625535,68.52070512610062,2408000
2019-07-22,67.38176727294922,67.79454339759353,67.14479963745461,67.72574446086895,2160300
2019-07-23,67.02249145507812,67.45055294521362,66.78552967759603,67.40469088038493,3141800
2019-07-24,66.64030456542969,67.2518260937136,66.34983504704066,67.22888922508422,2386500
2019-07-25,66.11286926269531,66.80082954349425,65.86826181084477,66.42627565857659,2680300
2019-07-26,66.43391418457031,66.56386060375532,65.94469350123072,66.12050782217007,2426000
2019-07-29,67.1065902709961,67.17538338307872,66.51799976319245,66.67852868852194,2442900
2019-07-30,67.068359375,67.40469676484051,66.43391270584758,66.96898961522936,2693400
2019-07-31,66.28866577148438,67.13714891758669,65.975259459906,66.9766258672295,2824800
2019-08-01,66.88489532470703,67.2823801366007,66.02876656506676,66.3498184948694,3055000
2019-08-02,67.35882568359375,67.82510942733944,66.92311859227894,67.14478911657758,3228900
2019-08-05,66.47210693359375,67.91681993791542,66.1434152757275,67.63399616545074,3969200
2019-08-06,67.9703598022461,68.36020493734873,65.9752778834114,66.73203711600506,3943300
2019-08-07,67.90919494628906,68.41370101566103,67.14479605225932,67.96270846749586,2630100
2019-08-08,68.26844024658203,68.42896326015341,67.5269726373008,67.58812592777527,2252100
2019-08-09,68.60479736328125,68.93348910481589,68.24552896766194,68.40605202768111,2355200
2019-08-12,68.41370391845703,68.79590338168863,68.0085734205357,68.75768110260508,2302000
2019-08-13,68.6583023071289,68.81882536073536,67.87861807076895,68.52071028519477,2400900
2019-08-14,67.88627624511719,69.22397455268188,67.76397543244306,68.91821960504568,3584600
2019-08-15,68.97952270507812,69.21131109669176,67.65834301997718,67.75105955554736,2384800
2019-08-16,69.35809326171875,69.64396477741643,68.94088365827834,69.07222764064375,2285500
2019-08-19,70.05345916748047,70.4011417299739,69.04132877888763,69.30401676890098,2632000
2019-08-20,70.44749450683594,70.72563818895172,70.05345664140143,70.3316003235172,3611300
2019-08-21,70.49385833740234,70.53249170138287,69.60534401746399,69.89894343661898,2754400
2019-08-22,70.5556640625,71.16603462088025,69.9221158453218,70.53248640370205,1945500
2019-08-23,70.10755157470703,70.82608855833679,69.73669719938948,70.65611118022291,3153900
2019-08-26,70.578857421875,70.60976293868843,69.9762145805746,70.25435833727089,2037100
2019-08-27,71.19694519042969,71.73004906453741,70.81836298237157,70.90334577246225,3668000
2019-08-28,71.31283569335938,71.96956158198815,71.00378648264484,71.39782437367147,2639200
2019-08-29,71.66825103759766,71.69915655279523,70.71792560280151,71.66825103759766,2231400
2019-08-30,71.65278625488281,72.12408498634358,71.55234776418365,71.85366913090466,2157900
2019-09-03,72.37132263183594,72.40995599430077,71.33601453756171,71.46735853854453,2620200
2019-09-04,72.60311126708984,72.76536077967786,72.03137404730963,72.54902809622716,2102600
2019-09-05,72.17045593261719,72.51040481331457,71.7068790954969,72.23998892141063,2721200
2019-09-06,72.44086456298828,72.85035228605605,72.1395431858394,72.34042017418949,2578000
2019-09-09,72.40994262695312,72.50265324835613,71.91546633072906,72.2863206055859,2935100
2019-09-10,72.5799331665039,73.04350404174288,72.03909556653888,72.05455126933349,3179600
2019-09-11,73.00485229492188,73.04348564755605,72.04680527473855,72.27859360129965,2756500
2019-09-12,73.36800384521484,73.93974106760254,73.14394330929805,73.52253140168689,2339400
2019-09-13,72.54905700683594,73.39893827104923,72.36362976064643,73.00490021509889,3322200
2019-09-16,71.94638061523438,72.61083432460627,71.65278122597235,72.49494013908827,2934600
2019-09-17,72.5258560180664,72.78081618911288,71.97729641577858,72.1086404273213,2615600
2019-09-18,72.8271713256836,73.15167034873737,72.25542821501915,72.85034898524123,3066500
2019-09-19,73.00485229492188,73.05893545183653,72.4408430720436,73.0512134970073,2049900
2019-09-20,73.60750579833984,73.7388556800233,72.8117081307549,73.56115048399442,5069100
2019-09-23,73.70796203613281,73.95520024347476,73.46072382879086,73.62297334973803,2089100
2019-09-24,74.38787078857422,74.78963658749161,73.82386135208819,73.90885004437362,3166100
2019-09-25,74.17153930664062,74.65828791127569,73.97065640385699,74.31061117862555,2383600
2019-09-26,74.32605743408203,74.64283453080607,74.07881921733666,74.17926361123651,1986100
2019-09-27,74.3724136352539,74.52693529981201,73.9165647039473,74.39559129547526,1960700
2019-09-30,74.06336975097656,74.55011833458711,73.8547590046977,74.36469114482462,2501700
2019-10-01,74.31832885742188,74.32605081424637,73.59206408151896,73.83930227624411,2009200
2019-10-02,73.17485046386719,74.44194698227516,73.09758963120791,74.33378063762743,3044000
2019-10-03,73.4761734008789,73.87021131883624,73.21348538532322,73.39891256657569,3015800
2019-10-04,75.07548522949219,75.23001276882681,73.63841153410621,73.75430571495144,3129600
2019-10-07,74.88233947753906,75.13730552797348,74.48057961487993,74.75099547384508,2311700
2019-10-08,74.24107360839844,74.99051615987099,74.16381276584573,74.91325531731829,2470800
2019-10-09,74.19470977783203,74.60419750158918,74.1483544565384,74.3878648093872,2608800
2019-10-10,74.39559936523438,74.52694338381814,73.79295655561545,74.07110029768945,2382200
2019-10-11,74.14836120605469,74.6351098078165,73.74659540285901,74.39559943316576,2320000
2019-10-14,73.49935150146484,74.2951551939584,73.27529095440828,74.2951551939584,2483600
2019-10-15,73.39889526367188,73.76202758337911,73.13620731004171,73.50706158512223,1904600
2019-10-16,73.49935150146484,73.51480720519224,72.94306995437911,73.19030816240294,2617100
2019-10-17,73.53025817871094,73.87021293061112,73.3525588453987,73.48390285604235,2051700
2019-10-18,73.66932678222656,73.85475395932161,73.01260086343784,73.36027755731902,3041900
2019-10-21,73.65388488769531,73.70796806576861,73.1362307697617,73.52254086874935,1550200
2019-10-22,73.6461410522461,73.87020156838736,73.46071389546897,73.78521289348471,1743700
2019-10-23,74.30287170410156,74.31059955539874,73.60751245294094,73.80839532430366,2199800
2019-10-24,74.22562408447266,74.55785101389468,74.14063538894904,74.21017427375222,1763400
2019-10-25,73.73113250732422,74.44966939838035,73.39117779489496,74.38013052782743,1818100
2019-10-28,72.70353698730469,73.59205111937652,72.53355965312821,73.42207378520004,2761600
2019-10-29,72.26315307617188,72.57993012934723,72.10863142243278,72.46403594173128,2675100
2019-10-30,72.63401794433594,72.91216165455897,72.18589686735174,72.35587423411289,1831300
2019-10-31,72.8271713256836,72.96624317765286,72.3017894287579,72.54902762174508,2454100
2019-11-01,72.91988372802734,73.05123362640407,72.45631284178938,72.85807859925295,2647200
2019-11-04,72.3481674194336,72.95081033527457,71.90004621214788,72.88899929400232,3105900
2019-11-05,71.96956634521484,72.30179323716195,71.39010124725759,71.88457765927788,2626800
2019-11-06,72.13182067871094,72.38678675353596,71.89231030851882,72.00819862014455,2186900
2019-11-07,71.52916717529297,72.08545456634391,70.8878911053524,71.85366618853158,4125000
2019-11-08,69.49716186523438,70.91105778275913,68.93315260499055,70.84924677229826,6146200
2019-11-11,67.6815185546875,69.53580794549198,67.58108006527513,69.52035813736065,4871000
2019-11-12,67.67378997802734,68.07555572061793,67.39565217227988,67.83604538209654,3843000
2019-11-13,68.40005493164062,68.52367697420756,67.45745748824974,67.99056723122865,5441900
2019-11-14,68.91938018798828,69.3645249548396,68.34927957727992,68.48985192250782,3905700
2019-11-15,69.17710876464844,69.28644216727317,68.79443589723829,69.2239642348523,3567000
2019-11-18,69.23175811767578,70.06738089018563,69.05213559653198,69.42699713889978,4274200
2019-11-19,67.96663665771484,68.3024481585136,67.56834721299431,67.97444789026123,16085000
2019-11-20,68.04473114013672,68.419592845617,67.56834724440483,67.92759244300976,6414900
2019-11-21,67.67768859863281,68.38054463478564,67.4980659940933,68.36492812745496,7570900
2019-11-22,68.05253601074219,68.20872489779315,67.44339100972971,68.13844168608745,5763100
2019-11-25,68.4117660522461,68.46643275121251,67.73233793055257,68.09938236177088,6254300
2019-11-26,68.8803482055664,69.05215955717647,68.29463093865436,68.31806463423914,6569900
2019-11-27,69.1614990234375,69.33331039008469,68.73978183936475,68.82568752268834,3229500
2019-11-29,68.85692596435547,69.45045451050446,68.59140364210899,69.34893232109691,1325600
2019-12-02,68.16968536376953,68.85692485577661,68.13844639255677,68.62264150901773,4202000
2019-12-03,68.61481475830078,68.67729268659589,68.0603365506838,68.33367003919595,3954400
2019-12-04,69.46604919433594,69.59881627197474,68.60699859581312,68.60699859581312,3503600
2019-12-05,69.73160552978516,69.77064977925077,69.19274364642324,69.39579400161,3055400
2019-12-06,70.09862518310547,70.23919752741325,69.51290807486012,69.66909692043653,2964700
2019-12-09,69.72378540039062,70.1767415356193,69.66130745934714,70.15331379728408,3798500
2019-12-10,69.54415893554688,69.85653668015166,69.37234760108011,69.70034780784927,3208900
2019-12-11,69.5051040649414,69.78624878276082,69.24738708056975,69.64567642385111,4994400
2019-12-12,69.94244384765625,70.12206641705812,69.42701579142353,69.48949372497407,5842000
2019-12-13,70.36415100097656,70.62186797172212,69.63786151138086,69.75500613064911,5092800
2019-12-16,70.66873931884766,70.90302861004035,69.85654398979692,70.87178964066638,4597500
2019-12-17,70.7155990600586,71.45750520071078,70.37978759510334,70.59845441726507,2969500
2019-12-18,70.76244354248047,70.98892156117643,70.48911005723471,70.8327267423052,4003000
2019-12-19,70.24700927734375,70.87177663371254,69.81748693328541,70.69996531279997,4867400
2019-12-20,70.77025604248047,70.99673406523905,70.0908219742047,70.45787235735747,6715300
2019-12-23,70.40320587158203,70.97330058729376,69.98148878912806,70.7702562558414,5060700
2019-12-24,70.4656982421875,70.68436507978103,70.07522004413492,70.37198132969408,804500
2019-12-26,70.59064483642578,70.69997825006358,70.24702213172172,70.28607233297416,2314000
2019-12-27,71.0436019897461,71.05921849554007,70.45788471177178,70.64531257242078,2596200
2019-12-30,70.90303802490234,71.09827714074636,70.64532096201424,70.7546543902289,2237700
2019-12-31,71.23102569580078,71.25445343223743,70.7702643239495,70.98111991010329,2540700
2020-01-02,70.55158233642578,71.67616120434539,70.30948781389097,71.285683092787,3921800
2020-01-03,70.59846496582031,71.12170436249122,70.40322585140058,70.46570379798888,2825400
2020-01-06,70.94205474853516,71.09824955554379,70.5203436651685,70.59843808956148,2410300
2020-01-07,70.49694061279297,70.98113578761266,70.16112907956203,70.98113578761266,3980900
2020-01-08,70.59846496582031,70.9655154542454,70.25484221780961,70.64532044664908,2583300
2020-01-09,70.77025604248047,70.89520594159573,70.3485389612979,70.5047278247478,2377200
2020-01-10,70.62968444824219,71.24664059454115,70.5750177496194,70.97330114320397,3225000
2020-01-13,71.25443267822266,71.49653312007484,70.6765268342887,70.6765268342887,2979000
2020-01-14,71.30131530761719,71.4106487171521,70.67654786036854,71.19198189808226,3009800
2020-01-15,72.23065185546875,72.30094102593841,71.34817331622725,71.48874569894241,2357300
2020-01-16,72.7695083618164,72.95693620574426,72.37121898002397,72.44931341847526,3244200
2020-01-17,73.19120025634766,73.34738907942483,72.61329446109612,72.73824432791352,3053500
2020-01-21,74.02684020996094,74.0815069065898,73.05064494285769,73.40988408616492,3429000
2020-01-22,74.43295288085938,74.65943095276974,74.08933611505097,74.1908583025041,3638500
2020-01-23,75.0342788696289,75.09675680038492,74.3626560095603,74.4095114785156,3824900
2020-01-24,75.19048309326172,75.44820014159221,74.82343262289248,74.91714953816484,2218600
2020-01-27,75.0499038696289,75.48724347620893,74.75314260227653,75.07333160675881,2481100
2020-01-28,75.13579559326172,75.8230349071026,74.99522323835984,75.20608474982416,3696500
2020-01-29,75.55750274658203,75.82302496088693,75.09674150709218,75.24511911464165,2335700
2020-01-30,76.11981964111328,76.18229758175733,75.29200778136502,75.37790750197011,3273100
2020-01-31,76.24476623535156,76.57277243029993,75.72933814310258,76.04172187445982,3175200
2020-02-03,76.2760009765625,76.44000108583461,75.99485622974638,76.24476200933584,2666200
2020-02-04,75.44036865234375,76.54932503995265,75.40132441679931,76.1822806263644,2802600
2020-02-05,75.86210632324219,76.03391768932299,75.20610578899694,75.29981674633217,2319300
2020-02-06,75.69808959960938,76.05732875985407,75.60437270458858,75.76056752962324,1611100
2020-02-07,75.18267059326172,75.97924946408557,75.12019860902467,75.94801049285478,2747900
2020-02-10,75.15142822265625,75.29200059657896,74.74532760544676,75.25295039784673,2647800
2020-02-11,75.7449722290039,75.94021136163951,75.19830504091442,75.26078299333193,2993100
2020-02-12,76.47125244140625,76.72115826148047,75.69810724152427,75.73715744643967,4377700
2020-02-13,78.94339752197266,79.16419519258434,76.93255042008636,77.12969205688755,5132500
2020-02-14,79.86603546142578,80.252431464936,78.92763915090013,78.98284459625957,6300400
2020-02-18,80.44955444335938,80.78075695710072,80.06315852966047,80.15778867877016,6256900
2020-02-19,79.97640991210938,80.73343300105816,79.93698519839567,80.60726549437572,2809100
2020-02-20,79.98430633544922,80.30761549623317,79.65310982451383,79.77927734550975,2711000
2020-02-21,80.77287292480469,81.21446827288366,79.88179487849236,79.90545091267009,3520000
2020-02-24,80.67034912109375,81.84531143071517,80.2129791425378,80.49686354189774,5282900
2020-02-25,78.28099822998047,80.97001303470148,78.0838565938438,80.83595816603702,4093000
2020-02-26,78.02079772949219,79.24307260664779,77.92616755173769,78.29679489425074,3152200
2020-02-27,74.90594482421875,78.30467119608957,74.8822887871902,77.35050024984051,4784000
2020-02-28,72.3115463256836,73.57325755061471,70.48995961870966,73.57325755061471,7908900
2020-03-02,76.23072814941406,76.44364449039898,72.18538384984033,72.27212665301413,6803600
2020-03-03,75.39485168457031,77.83940689518339,74.76399600996054,76.14398753391951,5060500
2020-03-04,80.15779113769531,80.18933452169951,76.16764029730247,76.24650176545562,4284200
2020-03-05,78.95917510986328,80.03162621630337,78.068096976899,79.14843543426046,4327400
2020-03-06,78.1075210571289,78.46237360662458,75.37119410040276,76.84580973384325,5522600
2020-03-09,74.58263397216797,76.25439139220286,73.21841104297752,74.51954719729866,5616000
2020-03-10,74.9532470703125,76.19129621548082,72.08286553608423,75.4184984102879,6386600
2020-03-11,71.71224212646484,73.47074211833916,70.80538941417502,73.24994445265855,6268200
2020-03-12,63.4638557434082,68.10062614471566,59.931073997445175,67.43034559931742,7684400
2020-03-13,67.63534545898438,67.70631957182412,63.08531944143614,67.03603925601585,6156000
2020-03-16,60.388431549072266,66.75216375747634,59.93106147809403,62.533333659315026,7118500
2020-03-17,67.81671905517578,68.25043303704263,61.62647322839638,61.965557064323654,6712800
2020-03-18,62.51756286621094,65.4352630724334,60.85368675828339,63.88178581387949,6426500
2020-03-19,59.181915283203125,62.430805250928316,58.353918092938116,62.39138053766333,6361700
2020-03-20,53.93795394897461,59.931058606352806,53.70138157427748,59.81277241900424,8975700
2020-03-23,50.586551666259766,53.567332632728814,48.99364667651775,52.35293927300326,7060100
2020-03-24,56.38249969482422,56.70581481865301,52.147895803630284,52.841838111834754,6516900
2020-03-25,58.91381072998047,61.941909641817155,55.349492298806695,56.1380589090588,6573700
2020-03-26,64.02371215820312,64.60724964807889,59.1503712445638,59.284426097485266,6163700
2020-03-27,63.23514938354492,65.99513212583409,61.46875609675471,61.53184286048684,5091300
2020-03-30,65.81375885009766,66.19227341428416,63.53480216433563,64.14988306688942,5300800
2020-03-31,63.779258728027344,66.20804508233614,63.48749296259007,64.9542271884853,5115500
2020-04-01,61.16910171508789,62.88817688500977,60.214936994648816,61.44509878029179,4600700
2020-04-02,62.604305267333984,63.053788012911575,60.12031914017948,60.27014872746736,3665500
2020-04-03,59.94682312011719,62.56486367856311,59.59985794866001,61.76841583947857,2907200
2020-04-06,64.07102966308594,64.6466858690705,61.83150363714076,61.997101884161914,3960100
2020-04-07,63.17207336425781,65.99514335043305,63.08533055344395,65.84531376515713,3522900
2020-04-08,67.42243957519531,68.27409288742204,63.10897961286665,63.47960685149968,6729500
2020-04-09,71.21544647216797,73.33669251418759,68.06906747789344,68.2110097040562,6536800
2020-04-13,68.88917541503906,70.99464669403665,68.1558082709035,70.64767548115539,3800500
2020-04-14,71.30220794677734,71.66494794943819,69.55947605699308,70.45055436681511,3812800
2020-04-15,69.03112030029297,70.53727936504612,68.68414907402526,69.78814350791609,3694300
2020-04-16,69.0705337524414,69.85910021710927,68.6289384574385,69.39384889077188,2335100
2020-04-17,71.04985046386719,71.43624641878431,69.05477790019295,70.43476946975419,4299100
2020-04-20,68.32929229736328,70.56093706263725,68.27409287988904,70.22973454150655,3144000
2020-04-21,67.37513732910156,68.17158532366216,66.53925257875586,67.21742038739193,3682900
2020-04-22,68.72357177734375,69.70927990376497,68.19523366549038,68.40814397363198,3089900
2020-04-23,67.12276458740234,69.53577550300363,66.94927904147066,68.98378150802402,3298100
2020-04-24,67.57227325439453,67.9507818497746,66.00302140317913,67.39878764139297,3723900
2020-04-27,68.40814208984375,69.14150915635744,67.95077208787075,68.03751488190993,2593100
2020-04-28,69.10208129882812,70.29281841682035,68.86551495493707,69.48848322153472,3135500
2020-04-29,68.31352233886719,69.98528569542643,68.17158011032645,69.81968743150983,2997600
2020-04-30,66.76004028320312,68.14003160663717,66.38152573018165,67.81671646590168,3536500
2020-05-01,65.16714477539062,66.20016511889006,64.73343072934118,66.12919701114696,3036700
2020-05-04,65.15924072265625,65.41158173487098,64.09467726538425,65.23810217720434,2947400
2020-05-05,65.5614242553711,66.1528491838352,65.30119584293837,65.31697054348395,2781000
2020-05-06,63.14052200317383,65.74279396638359,63.116865969809496,65.59296440002923,3581900
2020-05-07,63.32978439331055,64.2287498739441,63.11687404949142,63.787154484520165,3426400
2020-05-08,64.48897552490234,64.71766056064212,63.47961124045486,64.26029048916257,2875200
2020-05-11,64.39435577392578,64.87537589728846,63.34556068149245,64.22875148245853,3924200
2020-05-12,64.56782531738281,65.97147879461117,64.56782531738281,65.04885138203663,3524700
2020-05-13,64.5757064819336,64.74130471543529,63.57422973181819,64.30759677520263,3998300
2020-05-14,65.65670013427734,65.72849676065599,63.598444966766436,63.82182036419743,3649300
2020-05-15,64.77118682861328,65.24984937443877,63.95745502283793,65.00254171117591,5250700
2020-05-18,67.74686431884766,68.16170958087352,65.88007889930147,65.96783439370988,6747800
2020-05-19,66.44650268554688,67.316072187249,66.41459104054992,67.316072187249,3020800
2020-05-20,66.46243286132812,67.08469451083155,66.32681298110751,66.97300683458846,2710900
2020-05-21,65.68859100341797,66.82940603085596,65.42533067902592,66.26298823213105,3108000
2020-05-22,66.39861297607422,66.47040958508356,65.32959457860278,65.56892878167714,2760600
2020-05-26,66.06356811523438,67.54742611111698,65.96783926809604,67.37989454210106,3910200
2020-05-27,66.78954315185547,67.17247070667791,65.96783810033672,67.10865350522334,3606600
2020-05-28,68.47283935546875,68.68823532858771,67.55539943865449,67.69101935085989,3957600
2020-05-29,68.31327056884766,68.903626718543,67.54740954692862,68.2414739511001,4017500
2020-06-01,69.75726318359375,69.86895090084643,67.99418583379192,68.48082169523622,2438800
2020-06-02,69.94073486328125,70.28377738596357,69.08711827240055,70.06040199194216,3446800
2020-06-03,71.1852798461914,71.52034300954986,70.20401648318528,70.46728300576306,2449600
2020-06-04,70.55503845214844,71.30494085236882,69.78917718519664,70.8422371880709,3640800
2020-06-05,71.39266967773438,73.04405874884114,71.12142990991568,71.32087306384896,3353300
2020-06-08,73.32329559326172,73.55464433215795,71.08952948243834,71.3687487246605,2771000
2020-06-09,72.0548324584961,72.65316200374042,70.94592885489843,72.59731815631186,3023400
2020-06-10,71.95114135742188,72.55744439225927,71.40067609680897,72.12665237306798,2721400
2020-06-11,69.47003936767578,71.04165236123235,68.87968326223906,70.84220921152257,4974100
2020-06-12,69.19879913330078,70.9937876263194,68.39305312539743,70.94592321419275,3935700
2020-06-15,69.37432098388672,69.7412957363531,67.25224853066409,67.84259869015143,4501000
2020-06-16,69.3663330078125,71.38470302755677,68.93554111106099,71.0017694580278,3865100
2020-06-17,68.77600860595703,69.69344876000706,68.19363773282497,69.40624999723445,4181800
2020-06-18,68.42497253417969,68.91161444443692,67.81069013689235,68.33722312301603,3480100
2020-06-19,65.505126953125,69.35039171474382,65.505126953125,69.19881293075645,8089900
2020-06-22,65.8401870727539,66.65391872314966,64.86690329972383,65.67265551803087,3878700
2020-06-23,65.2977066040039,66.61403302479259,65.01050789086733,66.40661037941088,3771600
2020-06-24,64.19676971435547,64.8908280633484,63.678216245512075,64.68341154502914,3675900
2020-06-25,63.38304138183594,64.00530922801839,62.85651454155595,63.90957430863887,3984800
2020-06-26,62.96818161010742,63.757974655064125,61.8911899876172,63.303244588389546,5321500
2020-06-29,64.02127838134766,64.02127838134766,62.641128518233494,63.4787925391413,2953700
2020-06-30,63.734066009521484,64.20475510808348,62.96820488189218,63.89361812866472,4890000
2020-07-01,65.36151123046875,65.72050647612542,63.63034609973146,63.79787762013938,2835800
2020-07-02,65.28972625732422,66.15132238467305,64.97062199077168,65.92794696347678,2819700
2020-07-06,63.670230865478516,65.30566717136901,63.11977189641872,64.22069592106038,5997800
2020-07-07,64.47599792480469,64.7631966218302,63.14371879981181,63.183603788189885,4129600
2020-07-08,64.9706039428711,65.37746359566293,64.08507585017017,64.50789436377075,3434200
2020-07-09,63.61439514160156,64.88285693444479,63.111800517940765,64.88285693444479,3457400
2020-07-10,64.8748779296875,65.0823005429771,63.63035442299569,63.65428663096701,2545700
2020-07-13,64.95464324951172,65.39342061154188,64.58766858605097,64.73924732684719,2205100
2020-07-14,65.17007446289062,65.79233639223996,64.93074014243722,64.95467235717763,4218200
2020-07-15,64.16485595703125,65.92793282365204,64.07710047659344,65.80029236171133,4501700
2020-07-16,64.67543029785156,64.89082624129585,64.16485627451753,64.38025221796183,2874300
2020-07-17,65.73649597167969,65.91998035198188,64.9865874090753,65.17007787590241,4603000
2020-07-20,64.69937896728516,65.60086621171831,64.5797118186895,65.45726685070832,3271400
2020-07-21,65.68061828613281,66.04759294430443,64.69935532997259,65.01846558080236,3892800
2020-07-22,67.13258361816406,67.41978231856555,65.03443721875738,65.41737084813388,3763300
2020-07-23,67.00494384765625,67.32405422344131,66.59808405289138,67.06078770692932,2373100
2020-07-24,66.04762268066406,67.73092407729847,65.91200274112137,67.29214652404323,2953100
2020-07-27,64.85095977783203,65.92795197563429,64.69140154590164,65.81626425654513,4198700
2020-07-28,67.49156951904297,67.79472704183844,64.78712054028846,64.81903217882075,4851400
2020-07-29,67.7867431640625,67.85056643694057,66.8852561725961,67.43572124975542,2501600
2020-07-30,67.46764373779297,67.47562316981673,66.60604767492552,67.26022111083822,2828600
2020-07-31,67.60325622558594,67.65910007057307,66.69379584349682,67.05279720686207,3292100
2020-08-03,66.86132049560547,67.61122869668344,66.30288210322101,67.54740542711895,2552200
2020-08-04,67.56336975097656,67.78674512599258,66.48637177118542,66.61401832063599,3234500
2020-08-05,66.62200927734375,67.69900135693413,66.43851885239498,67.58731365010392,2861400
2020-08-06,67.1804428100586,67.32404214908156,65.95187203986725,66.43053447443612,3036300
2020-08-07,69.09508514404297,69.15890841259682,66.75761119032502,66.84536666295608,4289500
2020-08-10,67.61921691894531,69.57375763294476,67.4357265167202,69.55780485674042,4323300
2020-08-11,66.74964904785156,67.88248496873092,66.59009692166588,67.80270890563807,4546200
2020-08-12,67.26820373535156,67.63517850105808,66.87729675896125,67.02886945546648,3397100
2020-08-13,66.77189636230469,67.16733504796167,66.1747116639282,67.00592961800344,3219200
2020-08-14,66.2957534790039,66.90100989027238,66.1182106132473,66.70732956262272,2016100
2020-08-17,66.65892028808594,67.07049646694496,65.90033626384125,66.40874955044026,3849500
2020-08-18,65.90032196044922,66.79609579756023,65.77119763550444,66.63469654836594,2606900
2020-08-19,65.90032196044922,66.32803551210212,65.73891655426823,66.07785867176827,2623100
2020-08-20,65.39997100830078,65.85996561707555,65.01260421076007,65.57751386729917,2715200
2020-08-21,65.36770629882812,65.63402065401897,64.78665903549826,65.5291055799807,3911100
2020-08-24,65.74699401855469,65.90032762836778,64.96419466296375,65.67436004027951,2679100
2020-08-25,65.24665069580078,65.7712075703978,64.90770852710276,65.7712075703978,2769200
2020-08-26,64.19754028320312,65.06103928856206,64.00385377503838,64.89963386509143,3367900
2020-08-27,64.19754028320312,64.85928712696429,63.93122595221711,64.30244919071852,2932800
2020-08-28,64.3266372680664,64.55259862947909,63.71330917495674,64.49610828912593,3190500
2020-08-31,64.83507537841797,65.79541769240794,64.24596248100306,64.31859030794968,3569300
2020-09-01,63.92314147949219,64.70594069654761,63.729461166680224,64.43155460949338,3194100
2020-09-02,65.74699401855469,66.09400797545622,63.73754425542068,63.94736206602181,3626200
2020-09-03,65.48067474365234,66.7396061400482,64.83506542617476,66.02944081641226,3134800
2020-09-04,65.34347534179688,66.02943129458122,64.50418581290118,65.54522745479144,2820200
2020-09-08,65.14979553222656,65.56136541283237,64.06032918819045,65.41610364409328,3252000
2020-09-09,66.65083312988281,67.69994670674463,66.05364852737006,66.51364315418158,4411100
2020-09-10,66.17469787597656,66.76381679784888,65.69856581002723,66.35224073344456,3591200
2020-09-11,67.00591278076172,67.31257994212928,65.972942916544,66.23118538259843,3196800
2020-09-14,68.09536743164062,68.5472963280728,67.44976439771482,67.44976439771482,3438100
2020-09-15,68.15186309814453,69.29781980938444,67.73222140115931,68.54730168303782,2582500
2020-09-16,68.46659851074219,68.98308961762949,68.24870892377835,68.59572282671058,2904600
2020-09-17,68.2729263305664,68.41818812485006,67.49819881338256,67.99047455195569,3355800
2020-09-18,66.94133758544922,68.38588321502104,66.90099086369786,67.95009798400623,5035900
2020-09-21,66.63468170166016,66.63468170166016,65.50486873807083,66.21504005306228,3001600
2020-09-22,66.7315444946289,67.7967956225446,66.38453054311917,66.50558306703877,2703700
2020-09-23,65.5936508178711,67.08661533248183,65.5533040864951,66.90100682278236,2322700
2020-09-24,65.90839385986328,66.50558468385506,64.89156741098766,65.5533142465838,2582300
2020-09-25,66.55399322509766,66.65083030643792,65.32733683423915,65.5936511218976,3854600
2020-09-28,66.87679290771484,67.85327239979667,66.70732187093891,66.95749252184825,2424600
2020-09-29,66.50556945800781,67.30450610121143,66.20697411437261,67.03819183448161,2126100
2020-09-30,71.46868133544922,72.2191995974727,69.74975519332514,71.01675847900056,18804900
2020-10-01,72.67112731933594,72.92129801656847,70.69395254353877,71.04096648985504,6249600
2020-10-02,73.90584564208984,74.36584027650174,71.57359138868729,72.00130494175612,5925200
2020-10-05,74.03498077392578,74.36585731576506,72.5500876338353,73.42165855883874,3038400
2020-10-06,73.25215911865234,74.30127263549602,73.00198845292236,74.01882089080311,2993500
2020-10-07,73.67988586425781,74.34969830677929,73.19567579035642,73.93005655398318,2480000
2020-10-08,75.17284393310547,75.39880533077326,73.35707478572121,73.83320685123743,3253300
2020-10-09,75.29391479492188,75.79425625258385,74.27708210056358,75.16479044650083,3686800
2020-10-12,75.14055633544922,75.73774085704942,74.72090849876795,75.20511848832108,3131600
2020-10-13,74.98724365234375,75.26162979999755,73.67989355589545,74.76128221132737,2544400
2020-10-14,74.78547668457031,75.45529522143192,74.25285427287542,74.92266665275076,2420700
2020-10-15,74.21248626708984,74.90651393260535,73.23600691374477,73.49424933647252,2170600
2020-10-16,74.54339599609375,75.10022781354158,74.02691091954019,74.39006237252737,2811200
2020-10-19,74.30128479003906,74.9468941609371,74.0430422730773,74.34163768459042,2284000
2020-10-20,74.29322052001953,74.89041140365683,74.08340268662168,74.33357341866645,2243100
2020-10-21,74.65635681152344,75.0356517853036,73.88969505514184,74.21249968114535,2233300
2020-10-22,75.77001953125,75.78616314744903,74.29319265530347,74.72090612979402,4162200
2020-10-23,74.8742446899414,76.15739135593438,73.41356133282343,75.8587960062035,4532000
2020-10-26,75.19705963134766,75.45530213032706,73.81707570020897,74.19637071742584,2711800
2020-10-27,75.1002197265625,75.81039124809145,74.74514012278514,75.3100436903767,2275900
2020-10-28,73.4216537475586,75.12443642882346,73.30060121196483,74.07532881998215,3658800
2020-10-29,74.43846130371094,75.20512306247639,72.32410300293655,73.21181110946684,3424900
2020-10-30,74.33355712890625,75.05179423711107,73.62339183005949,73.97040574861806,3304800
2020-11-02,75.71353912353516,76.02020014471489,74.44653599302279,74.99530203307195,2929900
2020-11-03,77.08546447753906,77.92475422259696,76.2058279936823,76.55284196368714,3512400
2020-11-04,75.49565887451172,78.0619465327555,75.49565887451172,76.7223092680115,2883700
2020-11-05,76.0363540649414,78.24755598605734,75.8346019075443,76.52055801129703,2531900
2020-11-06,75.40689086914062,77.0935360066667,75.32618507786265,76.26231807519788,2380500
2020-11-09,76.98860931396484,79.79699534327841,76.75457611869105,78.12648805569083,4148100
2020-11-10,78.39280700683594,78.49771589774231,76.10090576928965,77.2468563880628,3146100
2020-11-11,78.53001403808594,79.61948070050927,78.3121243997939,78.8286094713632,2704500
2020-11-12,76.82240295410156,78.17545834121934,76.29259203482464,77.84126771476605,3119000
2020-11-13,77.41740417480469,77.72713674917216,77.10766538178171,77.19732595674569,1887300
2020-11-16,77.44186401367188,78.28956012632831,77.00171375025471,78.28956012632831,2842900
2020-11-17,75.73831176757812,77.43370382808081,75.66495650680092,76.86314218207295,3178500
2020-11-18,74.6053466796875,76.58601987554896,74.54829050608888,76.28443369015253,2948800
2020-11-19,74.74390411376953,74.79281384295803,73.36640341163681,74.4504706132624,3368600
2020-11-20,75.46118927001953,75.54269719433492,74.48307552226673,74.7439046112696,4213800
2020-11-23,76.07250213623047,76.15401005423058,74.99658145012451,75.41227369752178,3795700
2020-11-24,78.46070861816406,78.51776477375391,76.53709220305711,77.00169410390428,4350900
2020-11-25,78.3710708618164,78.4444261323541,77.30329646984676,78.20804878508315,1959300
2020-11-27,77.10767364501953,78.37106826860847,76.70012779465615,78.37106826860847,1293800
2020-11-30,75.52638244628906,76.82237496471838,74.93951556297966,76.72456174461523,5012200
2020-12-01,76.01544952392578,77.14027376966314,75.94208804123866,76.2599732893526,2947300
2020-12-02,76.51264190673828,76.54524631321675,74.91506330122097,75.88501796467328,2173900
2020-12-03,75.27371215820312,76.37408463502001,75.06993924699053,76.19476969682376,2286100
2020-12-04,74.29560852050781,75.53454514865132,73.47236417533958,75.15145106074166,3172200
2020-12-07,74.88248443603516,75.24112059231446,73.80656352988363,73.92882232256021,2030700
2020-12-08,74.58905029296875,75.00474262202032,73.68429792253951,74.44233352428681,2409300
2020-12-09,74.4912109375,74.77649171589675,73.59461154025826,74.57271884294842,2998200
2020-12-10,74.79280853271484,75.04548494406768,74.0347730800008,74.73575236825918,3628500
2020-12-11,74.61348724365234,74.89876806540185,74.0918291071231,74.37710992887261,3225100
2020-12-14,74.2793197631836,76.68384450727838,74.25486800210538,75.2981845991583,3684200
2020-12-15,75.07809448242188,75.67310792114488,74.09183430452896,74.38526780424242,4059600
2020-12-16,73.85546875,75.7872385613734,73.84731609074797,75.3063311640146,4057900
2020-12-17,74.5971908569336,74.8498735167155,74.17334590227222,74.42602234339788,4309900
2020-12-18,73.61907196044922,74.66238819783561,73.55386314094874,74.54012321593603,7342800
2020-12-21,72.62467193603516,73.35825573713781,71.87478903653306,73.20338631838936,4682100
2020-12-22,72.97515106201172,73.00775547274586,72.21711561374572,72.61650876259174,2831600
2020-12-23,72.57574462890625,73.96955028472705,72.55943931719595,73.34193259427667,1956500
2020-12-24,73.08926391601562,73.13002098439034,72.38013818807751,72.72247517526526,733500
2020-12-28,73.56201171875,73.89620223616629,73.13816685281137,73.48865646487128,1473400
2020-12-29,73.244140625,74.2059490792933,73.09742387032284,73.79025057126535,2044400
2020-12-30,73.814697265625,74.2385484028084,73.29303911113446,73.29303911113446,1838700
2020-12-31,74.6297836303711,74.69499244973376,73.57831473810538,73.85544911106908,1638800
2021-01-04,73.12187194824219,75.09439226961658,72.70617346112417,74.80911143283198,2683700
2021-01-05,73.15447998046875,73.51312231797529,72.57576562045531,73.18708439466536,2547400
2021-01-06,74.09999084472656,74.80096399892747,73.25229471432587,73.31749732539032,2823000
2021-01-07,73.2685775756836,74.54827103674812,73.14631260171592,74.29559465089518,2989500
2021-01-08,73.3990249633789,73.68430587252439,72.88551310825963,73.3175108019167,2752100
2021-01-11,72.77953338623047,73.70058470203554,72.16006199771833,73.06481421690853,2193700
2021-01-12,72.48611450195312,72.99962010063143,71.41834622686432,72.65728303484589,2860700
2021-01-13,74.6297836303711,75.29001204377137,72.50239409324249,72.52685206449495,3592500
2021-01-14,74.71129608154297,74.95581982066382,73.62722280400722,74.62978194984753,3097300
2021-01-15,75.07809448242188,75.298166497879,73.84730431521577,74.09998696248098,2914600
2021-01-19,73.66796875,75.7627536909086,73.64351699958023,75.46932024856186,2486200
2021-01-20,73.99403381347656,74.34452354192806,72.95071728747875,73.6027932255559,2331300
2021-01-21,73.50497436523438,73.98587551344322,73.19524173852308,73.76580347684823,2254700
2021-01-22,73.59463500976562,73.90436763670593,72.91810736335376,73.21154089146839,1917500
2021-01-25,75.73014831542969,75.86055971150971,73.18706079600076,73.36638190693317,3469200
2021-01-26,75.73831176757812,76.17030933079201,74.87431664115036,75.63235209579254,2261500
2021-01-27,74.7520523071289,76.74903052290138,74.44231972782858,75.2737104505061,3002300
2021-01-28,74.5645980834961,76.37409659474987,74.54014010664979,75.11886073753483,2001000
2021-01-29,76.61860656738281,77.09136116421197,74.2140889551238,74.99657610574356,4967400
2021-02-01,75.9339599609375,76.94467211677461,75.71388167832286,76.65939121214204,2570900
2021-02-02,75.88502502441406,77.39294320706398,75.5508407095655,75.87687236737231,2240700
2021-02-03,76.1214370727539,76.30075829758665,75.41230483418568,75.59162605901842,2577200
2021-02-04,76.90390014648438,77.00171338855856,76.05620403780978,76.34963754537621,2375800
2021-02-05,77.22176361083984,77.80047780443628,76.6430494172434,77.00169165161756,2465900
2021-02-08,76.29258728027344,77.17288787110492,75.8198325683095,77.11583169680974,2087100
2021-02-09,76.06433868408203,76.66750465407061,75.6323411831988,76.30071596579552,1932900
2021-02-10,76.37409973144531,76.77349919380111,75.64866852162913,76.43115590911657,2356700
2021-02-11,74.46751403808594,76.444091686162,74.40986414467139,76.34526060457969,3633400
2021-02-12,73.97335815429688,74.44279471315161,73.4215655169944,74.05571423274462,2742400
2021-02-16,72.78742218017578,74.28632566820275,72.49917271774117,73.82512652830738,2931600
2021-02-17,73.4627456665039,73.7674700902484,72.38386650996588,72.94389668016039,3772600
2021-02-18,73.73454284667969,74.50870403552,73.38040595001527,73.4709995480016,3658400
2021-02-19,72.82859802246094,73.66040893875073,72.65564835769374,73.66040893875073,3537300
2021-02-22,72.7627182006836,73.00155527209155,71.7167826098378,72.58976851794691,2981400
2021-02-23,73.33099365234375,74.15456724733858,72.69683846551172,73.61924315391836,2640200
2021-02-24,71.93089294433594,73.28979022041125,71.92266173490852,73.24861532317622,2886400
2021-02-25,71.74971771240234,73.1003776015907,71.40381210498272,71.85677999364742,3423000
2021-02-26,70.4896469116211,73.00154838838979,70.46494071404085,71.9309004152239,3877300
2021-03-01,71.683837890625,72.50741138713948,70.82732070024588,70.82732070024588,2828000
2021-03-02,71.84855651855469,72.36741188923459,71.19793264396897,71.70031302455583,2427600
2021-03-03,71.87326049804688,72.02974148225397,70.66261266508427,71.5603048130002,2724700
2021-03-04,71.20616912841797,73.10862203826306,70.83556354036448,71.89797418505012,4197300
2021-03-05,72.91094970703125,73.29803019768345,70.97555353713643,71.44499010841616,3788000
2021-03-08,74.30282592773438,75.1346371879824,72.93569046468573,73.29806493120353,3740800
2021-03-09,74.90401458740234,75.33227636768686,73.94867250195678,74.3028093926903,3228200
2021-03-10,74.77223205566406,75.5216806055236,74.61575109414068,74.90400053639435,4227800
2021-03-11,74.68987274169922,76.01582640212511,74.3522046358199,74.67339775521586,3565200
2021-03-12,75.27462005615234,75.72758171654462,74.6898836181692,74.95342688998367,3462300
2021-03-15,76.04054260253906,76.22172977749545,75.3816812905826,75.66993075830088,4261000
2021-03-16,76.60881042480469,76.90529741154435,75.612287162906,75.92524913966881,3140100
2021-03-17,75.64522552490234,76.84764209371919,75.34050734800823,76.55939262231912,4138400
2021-03-18,76.04054260253906,76.31232336497364,75.18402541034253,75.62051835908264,3471800
2021-03-19,76.36173248291016,76.88058150250798,75.43932794248049,76.15583911719195,11280800
2021-03-22,76.69116973876953,76.78999454148237,75.8511212155059,76.3617390685361,4107800
2021-03-23,77.432373046875,77.90180966229833,76.30408144110963,76.58409339824748,3852900
2021-03-24,77.73710632324219,78.34654898652006,76.92177027394379,77.02883257266217,3024300
2021-03-25,78.67596435546875,78.98068876951137,77.74532869371099,78.21476527118048,2622900
2021-03-26,78.92304992675781,79.02187472529484,78.0747702280236,78.51126317720784,6036000
2021-03-29,80.36430358886719,80.64431556267974,78.5030257206625,78.89010627076456,4941200
2021-03-30,79.2607192993164,80.41372356390895,78.70068901556391,80.3725423717076,3275100
2021-03-31,79.49957275390625,79.71370368736544,78.93130485807454,78.98896105237077,3480700
2021-04-01,79.29366302490234,79.4995564192476,78.51950185148654,79.41720031818305,2876100
2021-04-05,79.8289794921875,80.43019091100938,79.2030618737397,79.3513053548624,2839800
2021-04-06,80.35607147216797,80.38077767346752,79.12071114024982,79.6889789036098,3634300
2021-04-07,80.56197357177734,80.75139827450187,80.17489295391682,80.46314247252522,2549200
2021-04-08,80.39724731445312,80.83374026401904,80.19135393949809,80.65255308871987,4922400
2021-04-09,80.33135223388672,81.31963782568526,80.2489961484646,80.71019525352172,2028700
2021-04-12,80.41372680664062,80.80080740881867,79.94429010010657,80.00194000149258,3784600
2021-04-13,81.12200927734375,81.41025881505652,79.7301677166281,79.98547983577541,3661300
2021-04-14,81.36083221435547,81.4431883131434,80.73491455350565,80.9490454370483,3604100
2021-04-15,82.1514663696289,82.26676617063615,81.31965527661846,81.40201137971394,3271600
2021-04-16,82.90914154052734,83.28798459105619,82.15145543946966,82.23381153160774,3820900
2021-04-19,82.52205657958984,82.97502448715923,82.07733244917027,82.91737459741101,3491600
2021-04-20,83.5185775756836,83.86447687938129,82.4067485113657,82.56322946067156,3171600
2021-04-21,83.25505065917969,83.71625613929001,82.82679515982846,83.48565654091875,3741900
2021-04-22,82.42322540283203,83.35386106049596,82.39028171361832,83.35386106049596,3866800
2021-04-23,82.23381805419922,82.73619842446634,81.8961561646404,82.43147394768162,2849400
2021-04-26,81.698486328125,82.30793522455537,81.54201164033189,82.30793522455537,2749800
2021-04-27,81.21258544921875,81.65731590478592,80.9902170797515,81.50083492503988,3441300
2021-04-28,81.17964172363281,81.66555336843366,80.7678549630821,81.44318499905057,2514600
2021-04-29,81.98674011230469,82.05262121346942,81.18787285411828,81.27022894309933,2172000
2021-04-30,82.9256362915039,82.94210500050946,81.75615688431569,82.24206862545508,2574800
2021-05-03,82.94208526611328,83.92213972802637,82.6703045069222,83.03267885251032,3572100
2021-05-04,82.99972534179688,83.24679987244983,82.44793267782046,82.94207545576003,3096400
2021-05-05,81.83026885986328,82.90091699382577,81.24553239030048,82.7691422091182,3582200
2021-05-06,82.80208587646484,82.96679807392438,81.82203133648815,82.15969950965804,2051600
2021-05-07,83.06562805175781,83.53506471994503,82.51383528594201,82.67854748119919,4544800
2021-05-10,85.4375,88.9459243301426,83.23032310788034,83.41151025537292,8173900
2021-05-11,85.34691619873047,86.14578346776618,84.59746761044799,85.79988411932811,4487600
2021-05-12,83.36210632324219,85.41280247183842,83.30445643258662,85.28926519661452,4477600
2021-05-13,85.64457702636719,86.1351594225395,83.35794996983797,83.48267635078174,3318200
2021-05-14,85.69446563720703,86.33472477004265,85.32860961943398,85.90234082561,2409600
2021-05-17,85.18727111816406,89.80210400015609,85.12906630451052,85.78595282651426,5583000
2021-05-18,85.22050476074219,85.73603747728102,84.77981040582287,84.9793687970634,4857100
2021-05-19,84.11463165283203,85.11243016639338,83.24986998061634,84.97938698119948,4371600
2021-05-20,85.03758239746094,85.4616495736235,84.13956637196925,84.23934240599748,3110200
2021-05-21,85.52818298339844,85.70279741093633,84.74657010826353,85.25378616418958,4136400
2021-05-24,85.07083892822266,86.06864362544981,84.94611889193558,85.71940849230434,2726500
2021-05-25,84.23934936523438,85.02927898168538,83.81528849788656,84.91286936980384,3015000
2021-05-26,84.07304382324219,84.48879421052206,83.7986470451141,84.23103100043973,2607800
2021-05-27,83.15839385986328,84.28091863161815,83.06692826757202,84.23934105554125,4251100
2021-05-28,83.33300018310547,83.79032175638677,83.14175223307548,83.4577265553992,2271200
2021-06-01,83.21659851074219,83.77370250362755,82.8008481261088,83.5990881033432,2816100
2021-06-02,83.71549224853516,84.20607462538888,82.91725232331497,83.49098984675483,1889900
2021-06-03,84.53868103027344,84.82970502848025,83.29974666999452,83.34963468573072,3401900
2021-06-04,84.3807144165039,84.88792413092584,84.30587603644268,84.78814808264212,2771400
2021-06-07,84.6966781616211,84.98770219403879,84.35575976375458,84.43891492488659,3335100
2021-06-08,83.64066314697266,84.92949193560659,83.51594310097713,84.92949193560659,3147900
2021-06-09,84.30586242675781,84.37238401077386,83.50762245010752,83.66560962618378,1584800
2021-06-10,84.57195281982422,84.69667921923158,84.10631436214148,84.29755600989766,1783900
2021-06-11,84.75487518310547,84.86296800126107,84.09798880235796,84.42227360067227,1909000
2021-06-14,85.25376892089844,85.2704024880702,84.61351614942268,84.75486975114697,2003300
2021-06-15,85.8275146484375,86.06865064467009,84.99601383819315,85.31198186230081,2738600
2021-06-16,84.65509033203125,86.39293021895396,84.58857509256588,86.243259828424,3865400
2021-06-17,85.16230010986328,85.7859256344121,84.38900420566887,84.6634009589936,3998700
2021-06-18,82.8258056640625,85.02096754600653,82.74265684232266,84.87129712933542,5190400
2021-06-21,84.23934936523438,84.44722457842968,82.95052684973231,83.2249173098256,3566100
2021-06-22,83.4826889038086,84.37239458401375,83.38290651528017,83.84854497404974,2562000
2021-06-23,82.50982666015625,83.91505868956651,82.38510027216543,83.27480586885679,3997300
2021-06-24,82.37678527832031,82.7010700878359,82.06912769376932,82.50982845342811,2448600
2021-06-25,82.9172592163086,83.00872481007936,82.27700005991326,82.61791842648566,3236200
2021-06-28,83.15839385986328,83.75707542982519,82.85073629089746,83.15007707587841,3192800
2021-06-29,81.58686065673828,83.34963829001721,81.22099827525882,82.95052145917384,2669200
2021-06-30,82.08576202392578,82.27700366010733,81.22100040924765,81.62843403506068,2493300
2021-07-01,82.77591705322266,83.04199708721376,81.77811216786971,82.28532822389157,2406900
2021-07-02,82.74264526367188,82.93388689252716,82.46824848086467,82.93388689252716,1779300
2021-07-06,83.00872039794922,83.05860841231885,81.81967408597777,82.80915565277628,3258100
2021-07-07,83.45773315429688,83.61571398410327,82.46824522473491,83.10849801549145,2044400
2021-07-08,83.61572265625,83.98158505682595,83.02535781958754,83.17502822492789,2386200
2021-07-09,83.69888305664062,84.01485111265657,83.06694060076035,83.94001273337615,2676300
2021-07-12,84.42227172851562,84.51373732025259,83.03366697228694,83.33300775545385,2509100
2021-07-13,84.42227172851562,84.68835171979207,83.9566333297437,84.36406692866913,2774400
2021-07-14,85.39512634277344,85.67783990271631,83.6240319905793,84.39732795863397,2692900
2021-07-15,86.42618560791016,86.47607362035242,85.26208334809756,85.26208334809756,2869100
2021-07-16,87.10802459716797,87.62355102726352,86.31809503981087,86.55923103034003,2758800
2021-07-19,86.3846206665039,87.69007671502352,85.4283934438397,86.81700465038499,5548800
2021-07-20,86.2598876953125,87.65680923605571,86.0021244878635,86.54260125457526,2411400
2021-07-21,85.77760314941406,86.55920938327333,85.74434236484724,86.40953902464564,2078100
2021-07-22,85.57806396484375,86.45114237453346,85.44502713074552,85.78593917249864,2948600
2021-07-23,86.86688232421875,86.96665835180954,85.69446324924988,85.69446324924988,1896100
2021-07-26,86.9583511352539,87.34915750806239,86.43450159559683,86.9749783591863,3170100
2021-07-27,88.43843078613281,88.70451080399566,86.5176658554306,86.78374587329346,2036000
2021-07-28,87.84806823730469,88.47169389018119,87.09971618508327,88.35528427581876,2144700
2021-07-29,87.87300109863281,88.1889691055466,87.28263631674666,88.06424906587498,1477900
2021-07-30,87.39905548095703,88.72945558177659,87.20780749278543,87.87301071511925,2567700
2021-08-02,88.29708099365234,88.68788742455378,87.440636097259,87.63187774822248,3392300
2021-08-03,88.64631652832031,89.43623989097564,88.12247321513456,88.48001887634513,2398900
2021-08-04,88.74607849121094,88.97058090406857,87.61523695538976,88.38021612849018,2261800
2021-08-05,89.74388885498047,89.80209366193336,88.4134887361659,88.7627175778832,2843600
2021-08-06,88.93730926513672,89.85195871653418,88.87078769023778,89.31979880503577,2617800
2021-08-09,88.2638168334961,88.97890807473605,87.69839599958189,88.72113849643453,2435800
2021-08-10,88.88743591308594,89.17014313725394,88.13908393168887,88.55483432759306,2022100
2021-08-11,89.08699035644531,89.64409433960469,88.94563675066111,89.20339995460257,2510400
2021-08-12,88.69676971435547,89.37653284487115,88.51214111033589,88.78069006089744,2227000
2021-08-13,88.9569091796875,89.20028262407044,88.56247657681551,88.94012767439357,2010900
2021-08-16,90.47589874267578,90.95425173256658,89.09119710011042,89.23386232103834,3286700
2021-08-17,90.3919906616211,90.83677429467359,89.5863437484616,90.4591295050625,2151900
2021-08-18,89.83808898925781,90.50106409544442,89.43526243095783,90.4423192226414,2834100
2021-08-19,89.69542694091797,90.81998000076868,89.54436776579509,89.84648611604085,2464600
2021-08-20,89.97237396240234,90.08146977061507,88.6548046976896,89.14994561772687,2569100
2021-08-23,88.81425476074219,90.19056885957609,88.68837104626228,89.84648713351177,2712700
2021-08-24,88.24358367919922,89.09958137600174,87.60577758189434,88.9820916215918,3730600
2021-08-25,88.43659973144531,88.923346657934,87.63934691262287,88.22679568410136,2357900
2021-08-26,87.99180603027344,88.604436595076,87.96663057192865,88.45337744229664,2495800
2021-08-27,87.84076690673828,88.39465272746187,87.70649563071301,88.18484865646877,1724400
2021-08-30,87.94146728515625,88.25197958737668,87.56381614958357,87.69809381628805,1947800
2021-08-31,87.83235931396484,88.63800599443603,87.61416133715682,87.98341206401194,3069300
2021-09-01,89.05763244628906,89.27582406548024,87.84076501905214,88.0337875774111,2499500
2021-09-02,89.50242614746094,89.75418721403842,88.95693423247397,89.12477494352564,2792500
2021-09-03,88.68836212158203,89.49400884938515,88.51212750012925,89.28420481393503,3043700
2021-09-07,86.60710906982422,88.61283527076498,86.58193360831883,88.55409039301526,4472500
2021-09-08,88.39463806152344,88.66318697173,86.19588945734337,86.66584844952708,3616300
2021-09-09,87.79879760742188,88.41142182319192,87.72326482305867,88.19322382723419,2317700
2021-09-10,86.60710906982422,87.94146615401272,86.5651521015524,87.8239763985133,2391700
2021-09-13,86.21268463134766,87.46311499962306,86.06162545645648,87.26170490067203,2801100
2021-09-14,85.27276611328125,86.86727831442224,85.16367030263768,86.43927622192325,3421700
2021-09-15,85.625244140625,85.95253800863316,84.59301160389553,84.97065640460872,2795800
2021-09-16,85.10491180419922,86.27980927766453,84.99580960829813,86.01126036905659,3219100
2021-09-17,83.6446762084961,85.24758220638101,83.56075586995024,84.76083527901906,6699200
2021-09-20,83.6195068359375,84.18178018811908,82.68797628401309,83.32578242828383,4907800
2021-09-21,83.01526641845703,84.3160541122794,82.93974003243834,83.85448263312654,3274900
2021-09-22,82.69636535644531,83.46844272603639,82.39424701135115,83.29220809185004,2732900
2021-09-23,82.5788803100586,83.46005353124643,82.41103321837149,82.75511495429616,2419900
2021-09-24,82.62922668457031,83.1495430360709,82.15087370435793,82.45299205004065,3010800
2021-09-27,81.93267822265625,83.55236580252105,81.82358241774214,82.62083527508673,2772800
2021-09-28,81.4459457397461,82.12570890442493,81.05151304819238,81.7816271427845,3126800
2021-09-29,82.52853393554688,83.10759527398282,81.3620237050112,81.44595046335063,3299000
2021-09-30,81.89911651611328,82.83064713125322,81.87394105127906,82.6795879395356,2962300
2021-10-01,82.62922668457031,82.98169595362965,81.9158941916517,82.41102867875246,4598500
2021-10-04,84.55943298339844,84.7860185586374,82.67119637979644,82.79708010057897,4645600
2021-10-05,84.06430053710938,84.74407013683344,83.87967191502908,84.66014337936956,3411500
2021-10-06,85.47417449951172,85.52453182877854,83.29221351173658,83.86288082263579,2794800
2021-10-07,84.72726440429688,86.07000900604656,84.64334406719588,85.53291116534669,2020000
2021-10-08,84.36640167236328,85.02938322384261,84.26569982835363,84.76083430196465,1745000
2021-10-11,83.6782455444336,84.53424964383238,83.3761272037883,84.07267817820447,1659700
2021-10-12,83.77056121826172,84.39157941639644,83.56915112208236,83.7957366799452,2426000
2021-10-13,84.50907135009766,84.55103472245898,83.1243697001374,83.78734488392226,1798800
2021-10-14,85.30633544921875,85.50774556202242,84.55943347830613,84.85315789337649,3045600
2021-10-15,84.21533966064453,85.59165363914559,84.00553562242533,85.39024355521427,2593400
2021-10-18,83.80413055419922,84.07267948308409,83.20828781832064,83.79573659940895,2057600
2021-10-19,84.86992645263672,84.94545923510873,84.03071030750063,84.21533888386433,1759000
2021-10-20,85.79308319091797,86.07841365304672,84.97064841866008,84.97064841866008,1892700
2021-10-21,86.43928527832031,86.46446074474404,85.74273416127114,85.92736278532878,2057800
2021-10-22,87.0938720703125,88.06736611287556,86.41410887340346,86.61551900531862,2430300
2021-10-25,86.30498504638672,87.02671144136256,86.12036287326055,87.0183238898871,1681600
2021-10-26,86.68264770507812,87.39598024093848,86.13715585905129,86.2630395777824,2298300
2021-10-27,86.23786926269531,87.1274364967987,86.14555495696244,86.98477126165236,1519200
2021-10-28,86.01126098632812,86.31337931101912,85.40702433694614,85.95251611223327,1973600
2021-10-29,85.60845184326172,86.40570472329036,85.26437010590055,85.80146799611788,2301300
2021-11-01,85.86021423339844,86.17072655718464,85.14688168694516,85.70915504922029,1606500
2021-11-02,85.97770690917969,86.27982528776363,85.18045398957398,86.12876609847166,2701100
2021-11-03,86.05323028564453,86.39730559971125,85.13848129430869,85.80985681827465,2062000
2021-11-04,84.77762603759766,86.31339337116272,83.81253243493059,85.92735464955346,3054500
2021-11-05,85.33150482177734,86.16232708015905,84.80280091239109,84.92029067003247,2127800
2021-11-08,85.11329650878906,85.59164943633179,84.34961317658016,85.49933515183137,3686700
2021-11-09,85.56648254394531,85.80985600901998,84.95385830661205,85.42381732732923,2876300
2021-11-10,86.11306762695312,86.35881519412217,85.32498283057299,85.82494733727675,1876700
2021-11-11,84.95213317871094,86.06222881024652,84.70638558372015,85.89275083136965,2002600
2021-11-12,84.6385726928711,85.16396465301722,84.38435578196349,84.95211399467638,2504100
2021-11-15,85.24871063232422,85.5961488438501,84.51147441839196,84.94364514201791,2362900
2021-11-16,83.96066284179688,85.39276903874315,83.85897218818704,85.18939419669314,3758800
2021-11-17,83.88439178466797,84.10471829776097,83.39290313031067,83.89286762194796,2368600
2021-11-18,83.35899353027344,83.60474105254904,83.02850704363313,83.53694729498986,2809800
2021-11-19,83.4013671875,83.6894874501328,83.0115627446655,83.42678823255042,2986300
2021-11-22,84.95213317871094,85.20635661219671,83.3166454683843,83.46917823544167,3913900
2021-11-23,85.36734771728516,85.64699216493625,84.21487950742275,85.15549703848941,3174100
2021-11-24,84.8927993774414,85.74867788074154,84.6724728739329,85.5791934683622,2236800
2021-11-26,84.13013458251953,85.2995543845246,84.01997456479306,84.04539561002461,1805400
2021-11-29,84.92670440673828,85.15550030393665,83.98608683960187,84.67248099636686,2128900
2021-11-30,82.20652770996094,84.50298797102579,81.98620122458819,84.44367004786798,3873200
2021-12-01,81.87604522705078,83.89286117842478,81.84214834570386,82.57091513174007,2825600
2021-12-02,82.74888610839844,83.6217099726893,82.13875504768276,82.28281197447109,2956200
2021-12-03,84.6385726928711,84.69789061859977,82.46074818373403,83.13019703991137,3106800
2021-12-06,85.765625,87.02825319079962,84.96059503506461,85.18091507831191,2972500
2021-12-07,85.73172760009766,86.05374475626667,85.16396935603143,85.48598004703106,4402500
2021-12-08,85.46055603027344,86.13000490014839,84.90974301428324,85.57919188415819,4819400
2021-12-09,84.97754669189453,85.689368363417,84.11319873201356,85.62157459181108,4020800
2021-12-10,86.01985931396484,86.47745759793233,85.04534480913615,85.42667347985726,3039900
2021-12-13,87.3163833618164,87.81634789950657,85.96900957764791,86.01138230278137,3932500
2021-12-14,87.08757781982422,87.70618467233282,86.70624916818639,87.324856020695,2825100
2021-12-15,87.97735595703125,88.22310353792328,87.12147734291352,87.12147734291352,3378800
2021-12-16,88.58747863769531,89.07049791592868,87.82481491807171,88.12988040592116,3066600
2021-12-17,87.3163833618164,89.1213489585416,86.70625232484728,88.51121792157248,7150200
2021-12-20,87.85023498535156,87.98582251851538,86.33338340022075,86.8757206025372,3678600
2021-12-21,87.29940795898438,88.54509074337616,87.01129419492639,88.12986530363503,2054600
2021-12-22,87.41805267333984,87.73158748814186,87.00282075698644,87.20620202975206,1588700
2021-12-23,87.25704956054688,88.03665842596013,87.22315267963731,87.51974230613484,1435100
2021-12-27,87.5282211303711,87.65533282182861,87.01130499290123,87.25705253900732,1269600
2021-12-28,88.61289978027344,88.63832082676021,87.67228226924561,87.67228226924561,1197400
2021-12-29,88.77391052246094,89.00270641158065,88.32478811647692,88.77391052246094,1176300
2021-12-30,88.79932403564453,89.01117469710991,88.23156581455792,88.8077998723505,1690700
2021-12-31,88.8925552368164,89.17219971316126,88.12989142186238,88.7400224738256,1945700
2022-01-03,87.69770050048828,88.90101720531315,87.29942021119554,88.90101720531315,3272700
2022-01-04,87.6299057006836,88.92643064028256,87.51973922531326,87.58753298474596,2558300
2022-01-05,87.8248062133789,88.90948052259486,87.68074932094184,87.70617036488146,2446600
2022-01-06,87.6807632446289,88.78238293635196,87.56212737729211,87.71466013032082,3944100
2022-01-07,88.5535888671875,88.95186920082598,86.65540848544947,87.12147612670107,2990100
2022-01-10,88.60441589355469,89.24844369511253,88.18919041993071,88.68068549125562,2683500
2022-01-11,87.47737121582031,88.72304757821618,86.8841855304632,88.62136340628022,2937300
2022-01-12,87.80787658691406,87.97735455336382,86.60455975050874,87.01131592122617,2226300
2022-01-13,88.25701141357422,88.55360112910643,87.45197479693434,87.74009513857342,2591200
2022-01-14,88.16378021240234,88.70611743874329,87.51127649419327,88.50274259515787,3425900
2022-01-18,86.32490539550781,87.91801995984963,86.21473891953686,87.56211241864062,3082000
2022-01-19,86.57911682128906,87.13840560653263,85.85035011242717,86.33336930642463,2460800
2022-01-20,86.6977767944336,87.73160922572536,86.42660816205954,86.47745672543417,2426800
2022-01-21,87.26553344726562,88.30783515441863,87.00283421227482,87.2994238661326,3453800
2022-01-24,86.92657470703125,88.11293983724154,84.95212476923277,87.80787433332547,5654600
2022-01-25,86.70624542236328,87.40959122649818,86.06221754959098,86.18932924970217,3336300
2022-01-26,86.3927001953125,87.53669897956041,85.75714818858336,86.58760565538394,3111000
2022-01-27,87.49433898925781,88.45190182458451,86.83336584052165,86.86726272829918,3384900
2022-01-28,88.74848937988281,88.78237979920733,87.1130018777646,87.44348842012069,2874200
2022-01-31,89.02811431884766,89.18064704413808,87.67227146358212,88.01970962986479,4306700
2022-02-01,87.66382598876953,89.04509683094473,86.76558099827838,88.59597433569915,3036300
2022-02-02,88.977294921875,89.16372457423381,87.32486203082262,87.57907899435432,3391100
2022-02-03,89.34165954589844,89.621303965459,88.72305278127983,89.163705769406,2238900
2022-02-04,88.34173583984375,89.26540172519944,87.81634381242382,88.60442862096879,2217100
2022-02-07,88.41799926757812,88.82475542965763,87.57907236067837,88.24852130472742,3046600
2022-02-08,88.47732543945312,89.28235547688251,88.18072930076546,89.20608586645227,2298800
2022-02-09,88.7315444946289,89.15524588547243,88.3163189418499,88.76544138171681,2259800
2022-02-10,84.56232452392578,88.40953393604642,84.38437071524773,88.29089806359437,5918200
2022-02-11,84.5284194946289,85.46903701073008,84.36741091245156,84.82500914719019,3953500
2022-02-14,84.6978988647461,85.59615013987948,83.57932753840966,85.20634566640145,5284400
2022-02-15,84.14708709716797,85.68088384971452,83.69795825463443,84.8504263945579,3149200
2022-02-16,84.32503509521484,84.7148395179785,83.80811898857485,84.19792341133851,2955900
2022-02-17,84.50049591064453,84.86852222274463,83.47344254836766,84.27796670268053,2401800
2022-02-18,85.42483520507812,85.7500717072865,83.94417591697669,84.18381974188527,4505500
2022-02-22,85.11672973632812,85.79287148074053,84.363562409165,85.58746339693336,3304900
2022-02-23,83.59327697753906,85.47620515874091,83.53336601217114,85.29647226263717,4055900
2022-02-24,83.05408477783203,83.5504936895513,81.71892228543427,83.38787540093146,4207800
2022-02-25,85.7757568359375,85.87845761290824,83.73877102861447,83.90994987324112,3326800
2022-02-28,85.93836212158203,86.03250230964663,84.72301536267612,84.91130879841383,3069400
2022-03-01,85.44194793701172,86.49466985414634,84.44913044039959,85.93835668531779,2448100
2022-03-02,86.26359558105469,86.6572970854714,85.36492470306132,85.53610352876719,2334300
2022-03-03,87.84695434570312,88.35192367428937,86.49467112722927,86.65728936471018,2607400
2022-03-04,90.08935546875,90.18350219007455,87.64155377392066,87.69290415653242,3276600
2022-03-07,91.32181549072266,91.57001990363165,89.48169035917118,90.20918244952931,3611000
2022-03-08,90.26908874511719,91.96371667699866,90.14926683194595,91.37316768488459,3549800
2022-03-09,90.1492691040039,91.21055173161317,89.96953622971719,90.88532174906645,3293200
2022-03-10,90.88533020019531,91.08217771089724,89.38754957872766,89.54160727527082,2038500
2022-03-11,90.842529296875,91.65560755294149,90.67991103373971,90.8082935293831,2229700
2022-03-14,90.97946166992188,92.1776807422328,90.5001675111933,91.62136754286168,2562900
2022-03-15,91.31326293945312,91.90381197173652,90.83396872436192,91.86957620424393,2113300
2022-03-16,90.697021484375,91.59568578826833,89.15644477798044,91.59568578826833,2636500
2022-03-17,91.15064239501953,92.04075273813433,90.11503494105645,90.72270510678,2675000
2022-03-18,89.90961456298828,91.51009562283329,89.49879194940324,90.97945763713234,4859200
2022-03-21,90.85964965820312,91.46731983385757,90.10647583951767,90.14071160671291,1987500
2022-03-22,90.88533020019531,91.53579022577289,89.74701536072662,91.38173252922971,2574900
2022-03-23,91.4330825805664,92.01507755381627,90.65423358159468,91.30470008812213,2617400
2022-03-24,91.9808349609375,92.50291893627488,91.06504949317926,91.21054659324264,2196500
2022-03-25,93.40157318115234,93.59842717102882,92.03217541398001,92.26326516426124,1703600
2022-03-28,94.18043518066406,94.18043518066406,92.6484189702356,93.29032487534116,2470300
2022-03-29,94.97640228271484,94.9935169010377,93.82097291668133,94.25746424686425,2461600
2022-03-30,95.41290283203125,95.4300174508365,94.4885567012287,95.0020801528507,1979300
2022-03-31,95.56697082519531,96.32869877536048,95.17326272236765,95.32732042744631,3280100
2022-04-01,96.55977630615234,96.62824784428051,94.61694375285404,95.60119436177393,2302500
2022-04-04,95.67822265625,96.07192419006698,94.49711805479902,95.94354169365155,2265700
2022-04-05,96.30299377441406,97.6895127850173,95.84082730068374,95.85794191719802,2489200
2022-04-06,98.55397033691406,98.64811707374406,96.27734056237868,96.80798521271088,3413200
2022-04-07,98.30574798583984,98.61386333572588,97.09896177715213,98.41700932281921,2785900
2022-04-08,98.72512817382812,99.1017150658893,97.71519594223152,98.75936393945229,1678100
2022-04-11,97.76654815673828,99.24720740244365,97.38996128277655,98.81927014741598,2574200
2022-04-12,98.78504180908203,99.05036736741057,96.94491016817994,97.59537667306262,2509800
2022-04-13,98.51969909667969,99.19584063148267,97.91202907852077,98.86205015009683,2092300
2022-04-14,98.29718780517578,98.8706221692762,97.98051841027481,98.58818853892211,2719300
2022-04-18,97.77510833740234,99.12739171532125,97.21878856498714,98.66521866730575,1962500
2022-04-19,97.97196197509766,98.16880946730173,97.37284586492665,97.88637582501742,2018100
2022-04-20,98.79360961914062,99.17019654899276,98.57108038515479,98.84496000782764,2152900
2022-04-21,98.66521453857422,99.56388540485504,98.14313055413366,98.5539532006689,1865900
2022-04-22,97.8093490600586,98.81072078326807,97.68952713744233,98.57107693803555,3185600
2022-04-25,97.37284088134766,98.45124460061862,95.89218162430673,98.27151173570752,3743600
2022-04-26,97.14176177978516,99.13595105572152,97.01337929085534,97.40708080171669,3937200
2022-04-27,96.79084014892578,98.33141679842645,96.03767297017211,97.19310219239563,2483900
2022-04-28,97.39854431152344,98.16882632431886,96.37149074478651,97.20169025571197,2734100
2022-04-29,94.28314971923828,97.1503283430115,93.95791318992454,97.0732962329827,5424000
2022-05-02,93.03357696533203,95.0791169690712,91.98085474456214,94.71965116343297,3831700
2022-05-03,92.74256896972656,94.4885538768965,92.5970718599136,93.58988296606624,2428400
2022-05-04,94.58270263671875,94.8137859025808,92.37454463045958,92.60562789632164,2561400
2022-05-05,94.18898010253906,94.97638298146865,93.35878089179234,94.1632983855667,2200100
2022-05-06,95.27595520019531,95.83227496689916,93.57276666411228,93.96646817583071,2723500
2022-05-09,94.83089447021484,95.96064851635974,92.86238056520591,93.83807694461268,3663300
2022-05-10,93.21331024169922,96.02913206303387,92.46869695365012,94.65117336928867,3372200
2022-05-11,94.06916809082031,95.56694844450878,93.15337612023882,93.39302646186445,3082800
2022-05-12,94.00439453125,94.40165623108422,92.7521567076172,93.95257979309638,3429200
2022-05-13,94.39302825927734,94.71256127462352,93.01987834870287,94.47075036932814,3251300
2022-05-16,95.02346801757812,95.757538759346,94.50530082273336,94.69529699824223,2408000
2022-05-17,94.43620300292969,94.9975535004758,92.51897859624908,94.5052937140729,4076100
2022-05-18,94.0475845336914,95.48118063125658,93.7712282625431,94.84210798963612,4006100
2022-05-19,94.09075927734375,94.52256635358461,92.60534846971176,93.84894836886535,3687600
2022-05-20,94.85074615478516,95.00619696940204,93.43441943887716,93.99576337996564,3375100
2022-05-23,95.69707489013672,96.63841767134811,94.83346080297338,95.55890006239393,2577300
2022-05-24,97.57112121582031,97.87338482468155,95.61935155897667,96.12888070122096,3009200
2022-05-25,97.06159210205078,97.95111360685232,96.46569624048927,97.76111744294268,2771900
2022-05-26,97.78702545166016,98.27064722938327,97.2429443628691,97.64884403582352,2717600
2022-05-27,98.7974624633789,98.88382256269358,97.22568493598017,97.49340322051164,2628900
2022-05-31,97.17385864257812,98.05474874161861,96.81114229066871,97.73520914273485,5037700
2022-06-01,96.4397964477539,97.35523198316508,95.82663115441305,97.19978116310307,2552100
2022-06-02,96.5434341430664,97.03569398337548,94.9284731847208,96.81115244199746,2712800
2022-06-03,95.99935150146484,96.81114431718086,95.835262705515,96.27570776425493,1547800
2022-06-06,95.9561767578125,96.79388360758108,95.80072593425902,96.30162376447065,1483200
2022-06-07,97.01839447021484,97.07885377605665,95.22208234158109,95.81797152652292,2113300
2022-06-08,95.42070770263672,96.7852193851927,95.23071157103375,96.69022131939123,1810700
2022-06-09,93.03713989257812,95.88706216296038,92.91622786982911,95.36889507642287,2379400
2022-06-10,93.07170104980469,93.86623113511932,91.4999234420867,92.32899888666314,3342600
2022-06-13,89.3236083984375,92.40671053304189,88.89180133987189,92.21671437305656,2752200
2022-06-14,87.17321014404297,90.02313274628425,86.06778514034797,89.56541832339674,3899500
2022-06-15,86.5168685913086,88.19228220459135,85.54961834023293,88.09728411792976,4039500
2022-06-16,85.96414947509766,86.21459835816994,84.51327750378937,85.52370443322206,4134000
2022-06-17,84.47875213623047,86.32688624555168,83.65832117148805,85.7050828837512,5533000
2022-06-21,85.67916870117188,85.92961762360162,84.30602521033902,84.58238150597636,2877800
2022-06-22,86.49957275390625,87.22500527872425,85.23005924662347,85.42868675700643,2909900
2022-06-23,89.30634307861328,89.51360863127653,86.83640606412801,86.94003554603309,3724300
2022-06-24,90.27359008789062,90.50676960859053,89.21134832557932,89.5308813585226,2953800
2022-06-27,90.85221099853516,90.999030419731,89.5827036620495,89.8417839681502,1725000
2022-06-28,91.28401184082031,92.25990003458584,90.99038619626101,91.3358331695713,2215700
2022-06-29,91.5517349243164,91.81945319372167,90.94720108556363,91.30992402435643,1767300
2022-06-30,92.58807373046875,93.21851496927523,90.71403257594001,90.91266014389942,3568900
2022-07-01,94.66938781738281,94.81620064515963,92.5880745021753,93.05442694527805,2874200
2022-07-05,91.83671569824219,94.7384594581188,90.2822143482848,94.7384594581188,2951900
2022-07-06,92.90762329101562,93.64169409123367,91.61220190632947,92.1217311549895,1920800
2022-07-07,92.25990295410156,93.46032611798049,92.00945405524762,93.11487913373871,1913500
2022-07-08,91.46537780761719,92.46716679561585,91.3185583945592,92.30307799864974,1697600
2022-07-11,93.23577117919922,93.26167854624161,91.4221830088564,91.57763379996305,2435700
2022-07-12,92.9853286743164,94.11666762705806,92.51897626910922,92.9076065678749,2102700
2022-07-13,92.61397552490234,93.44304428175018,92.1648990857629,92.34625725861841,2417200
2022-07-14,92.363525390625,92.59670488746119,90.84356931808607,90.91265343858133,2274900
2022-07-15,92.7780532836914,92.95941143498419,91.69853577205433,92.78669126866306,2244200
2022-07-18,91.05083465576172,92.51034459045685,91.02492728702676,92.32034843459681,2228100
2022-07-19,91.14582824707031,91.94898958258253,91.0594681592539,91.58627326044214,2097300
2022-07-20,88.94361114501953,91.40490992455179,88.81406771686468,91.24946571738892,2981000
2022-07-21,89.4186019897461,89.59132216896091,88.23544833668188,88.8745274952522,3085300
2022-07-22,90.6622085571289,90.67947793954609,89.76404912782729,90.02312939720021,1501200
2022-07-25,91.52582550048828,91.56036426640486,90.16131363693867,90.35994119079618,1432500
2022-07-26,92.4239730834961,92.68305993502261,91.11992060700899,91.353093502301,1788900
2022-07-27,91.99217987060547,92.28581211901816,91.43083592275923,92.11309191796597,2003700
2022-07-28,94.09075927734375,94.36711554258378,92.09581269354392,92.77806866466686,2326300
2022-07-29,94.9371109008789,95.36028002127135,93.75395705456128,93.7798644267899,2522500
2022-08-01,94.8680191040039,95.47255300083208,94.09940298864173,94.88529507786232,2386900
2022-08-02,94.66938781738281,96.1547986571858,94.50529901642446,95.24800773075258,2182500
2022-08-03,95.70572662353516,95.99072089456168,92.8039823467371,94.49666541006037,2784900
2022-08-04,94.76437377929688,96.70750541586348,94.56573964624168,96.55205462138406,2963500
2022-08-05,94.27210998535156,94.55709760563168,92.67441877049926,94.26347200023636,3033600
2022-08-08,94.16848754882812,95.52436149850145,93.93530803896124,94.88528887345144,3130300
2022-08-09,94.83348083496094,95.13575110039973,94.26349884323731,94.47076442305918,2366400
2022-08-10,95.04937744140625,95.4293698006292,94.58302497931993,95.2566495949025,2907400
2022-08-11,94.5743637084961,95.76841415491566,94.42619128302181,95.13216975271528,2640900
2022-08-12,96.09088897705078,96.16061638807878,94.9578418213475,95.11472517137454,3302700
2022-08-15,96.7271499633789,96.82301685148606,95.55052139177711,96.18677244641788,2163200
2022-08-16,97.7120132446289,98.03449752861556,96.57025516685823,96.72713851453122,2504400
2022-08-17,97.64228820800781,98.40055884845363,97.47668726766894,97.53770374006491,1894500
2022-08-18,98.12166595458984,98.5487347583318,97.7033080910254,97.7033080910254,1744300
2022-08-19,98.69689178466797,99.07166831582231,97.8950464876403,98.29596913615413,2091800
2022-08-22,97.65972900390625,98.73175975942476,97.46798193555078,98.47029192495378,2282400
2022-08-23,96.77072143554688,97.74688531006856,96.57026342666866,97.74688531006856,1489700
2022-08-24,96.68357849121094,97.05835509034854,96.16063610044465,96.91890023970512,1796400
2022-08-25,96.48309326171875,96.84915884192498,95.53308222989547,96.77943143145028,2612200
2022-08-26,94.76610565185547,96.64869928676856,94.66151453063777,96.60511799053481,3367000
2022-08-29,95.17574310302734,95.80327655660415,93.78122801150803,94.48720647156819,1773300
2022-08-30,93.85095977783203,95.21932881379566,93.4849007961387,94.96657190274851,1919800
2022-08-31,93.17986297607422,94.6179529575477,93.04040811871455,93.85097119079028,2890900
2022-09-01,94.29545593261719,94.60922264786896,93.03167148241639,93.29314596165027,1612200
2022-09-02,93.25829315185547,95.2367605573958,92.97939011121602,94.3651877242009,1496200
2022-09-06,93.04911804199219,94.44363325280611,92.75277981930938,93.45875833976288,2037500
2022-09-07,96.09088897705078,96.16932732727835,93.6592003764176,93.66791796518908,3324400
2022-09-08,95.17574310302734,96.50925501666428,94.74867431084353,95.7684128481196,2390800
2022-09-09,95.7684097290039,96.20419609650868,94.92298976168533,95.50694189824439,1456200
2022-09-12,96.63999938964844,96.97120134268538,95.78586168350492,95.8381539289009,1653700
2022-09-13,94.29545593261719,96.32621534298774,93.76379603452793,96.00373768811448,2387900
2022-09-14,95.23674774169922,95.82070651503389,94.40875632141335,94.40875632141335,2309800
2022-09-15,92.63074493408203,94.72252073139605,92.47386158304418,94.60050108609683,3103000
2022-09-16,92.48259735107422,93.77252146910266,92.29956784714747,93.19728683527194,4565300
2022-09-19,93.09268188476562,93.12754559218443,91.8027579581311,92.23854432650778,1783400
2022-09-20,92.07295227050781,92.60461222323765,91.14036961810142,92.40414754861291,1622400
2022-09-21,90.89632415771484,93.14498347983907,90.8788889787122,92.42157649139584,1495600
2022-09-22,91.23624420166016,92.0293720199757,90.28622635823176,90.7307303638569,2324900
2022-09-23,90.39080810546875,90.8788867122109,89.35363441656939,90.59998370127649,2297600
2022-09-26,87.889404296875,90.30366485069965,87.08755885896083,90.20779130382151,2812800
2022-09-27,85.69303894042969,88.49078687979365,85.37927219493346,88.10729271317095,4027900
2022-09-28,86.81737518310547,87.33159999095056,85.55359716585266,86.67792033039083,2338200
2022-09-29,82.88656616210938,86.63433160023169,82.75582892132422,86.5994678927175,3104500
2022-09-30,81.07369232177734,83.75813792286253,80.88195190704744,83.45308879764198,5163600
2022-10-03,83.08702850341797,83.67969821550506,81.44846754375666,82.32875784764457,3786800
2022-10-04,84.64715576171875,84.83018525832573,83.03474070430742,83.67099179690854,3105700
2022-10-05,81.94527435302734,83.78429355185503,81.4484781071092,83.58383552519967,3865500
2022-10-06,79.11265563964844,81.70994536203483,79.00807116531136,81.63150700628202,4230800
2022-10-07,77.63098907470703,79.31312484565831,77.21263120465419,79.08651405564747,3162700
2022-10-10,77.70072937011719,78.5635847237138,77.58742063154946,77.66586565437126,2982300
2022-10-11,78.03191375732422,78.87734045932825,77.27364965725404,77.3956693204739,4892500
2022-10-12,74.92910766601562,77.82272882516848,74.87681543077385,77.56997193887965,4243000
2022-10-13,76.68968963623047,77.15162216127483,73.0029403762771,74.08368879803868,7258400
2022-10-14,75.66995239257812,77.97090411837088,75.30389340201404,77.47410787415593,4711100
2022-10-17,77.65714263916016,78.40669585141114,76.58511171553671,76.69841379661712,3704400
2022-10-18,79.14752960205078,79.40028653040014,78.28467432911557,78.68559704835388,3009900
2022-10-19,77.82273864746094,78.76403889805073,77.41309835417245,78.11035927673665,2611700
2022-10-20,76.02729797363281,77.71814467733631,75.5827939854841,77.56997889781098,4057700
2022-10-21,77.09932708740234,77.65713313294756,75.75710421231776,76.18417966091688,2789000
2022-10-24,77.2998046875,78.28467969688258,76.73328095749773,77.62228241336112,2318600
2022-10-25,78.65072631835938,78.98192823264627,77.30850343045532,77.31722102019252,2781000
2022-10-26,79.14752960205078,79.68790717123628,78.43284012000453,79.0952373581072,2938300
2022-10-27,79.34798431396484,80.45487878561939,79.22596466038317,79.87092663639669,3367400
2022-10-28,81.92782592773438,82.11957296724134,79.53971882108253,79.53971882108253,3139200
2022-10-31,81.21315002441406,82.13701502194192,80.69020769844683,81.67508252317799,3237600
2022-11-01,81.70122528076172,82.06729087849364,80.82094161726883,81.55305951358832,2889100
2022-11-02,80.95166015625,83.13930922959354,80.82964052502649,81.4658914446101,3061200
2022-11-03,81.24800109863281,81.76222575515942,79.81862252679129,80.17596384496596,3132300
2022-11-04,81.58792877197266,82.61638492219024,79.69661742821819,82.49436526450108,4813400
2022-11-07,80.38516235351562,81.54434912504738,78.75531882197231,81.4920568848562,4501300
2022-11-08,81.2305908203125,81.94528032529219,80.4810376017273,80.64663857896018,2876600
2022-11-09,81.44847106933594,82.27646917403611,81.17828564389742,81.60535443078432,2742400
2022-11-10,84.62972259521484,84.85633339860442,82.15445888744901,83.54897412066731,3601900
2022-11-11,82.94758605957031,84.76045917299831,82.32005254726269,84.72559546125088,3286300
2022-11-14,83.19161224365234,84.0544740114851,83.03472889037113,83.36593077483818,4782300
2022-11-15,84.6558609008789,84.95219910096289,83.52282028768676,84.19392839592135,4625600
2022-11-16,85.36184692382812,86.35543943931377,84.8650506660853,84.8650506660853,3645300
2022-11-17,84.11576843261719,85.19011248385961,83.59621234930253,84.81145034643012,2755500
2022-11-18,85.23414611816406,85.6216162290064,84.53846420029419,84.94354353503232,3680500
2022-11-21,85.45431518554688,85.9034277461772,84.6969907572349,85.02281857079257,3314500
2022-11-22,86.01789855957031,86.90731564625943,85.66565357012284,85.85058067791704,2334000
2022-11-23,86.77522277832031,86.89850751662661,85.8153553517764,85.83297129639979,2726000
2022-11-25,87.72626495361328,88.05208596131294,87.09222544234159,87.18028499257088,1275700
2022-11-28,86.83686065673828,87.76150286473225,86.49342365800085,87.3564167815155,2283800
2022-11-29,86.24685668945312,86.50223413255928,85.6304262934511,86.32610828290976,2127400
2022-11-30,87.9992446899414,88.43074115526434,85.64802061835952,85.92981518815384,6052200
2022-12-01,88.33387756347656,89.73404922323128,87.9552154636448,88.8005992105572,3329800
2022-12-02,87.6382064819336,87.84074951214268,86.73998824006068,87.52372972830197,2097700
2022-12-05,87.29476165771484,87.67342377002284,86.75758966773111,86.95132470916957,2212500
2022-12-06,88.51001739501953,88.67732854573792,87.22432898971796,87.38283888727645,2828800
2022-12-07,87.69105529785156,89.17047884628168,87.47090302408824,88.36912134489636,2635600
2022-12-08,88.45716857910156,88.63329440466748,87.4620828590789,87.71746026726453,2065900
2022-12-09,88.3691177368164,88.87106463176191,88.06971388160966,88.13135624700598,1998200
2022-12-12,90.10391235351562,90.20077988071962,88.32508513474993,89.32017088323862,2734900
2022-12-13,90.79077911376953,91.88273230307344,90.19196477411649,91.01093134572267,5581400
2022-12-14,90.9669189453125,92.92186542269545,90.37690576670754,90.91407783291395,4468700
2022-12-15,90.27122497558594,90.98451607223735,89.76927814488437,90.75555586499239,3631400
2022-12-16,88.36029815673828,89.92778771955665,87.34760324662876,89.89256255559874,10623600
2022-12-19,88.2634506225586,89.23211926222457,87.80553014078002,88.17538434016836,3628800
2022-12-20,88.24583435058594,88.87106598585046,87.35641730616105,88.13135758982393,2394300
2022-12-21,89.7516860961914,89.90138804448634,88.63331539270327,88.67734182063509,2269400
2022-12-22,89.77809143066406,89.80451534614853,88.24583353974948,89.55793916455795,2312200
2022-12-23,90.69392395019531,90.83482462272757,88.99434821922966,89.66361297673016,1803300
2022-12-27,91.29273986816406,91.56573324604254,90.3064620183238,90.78198499963166,1698500
2022-12-28,90.61466979980469,92.00603366842523,90.41212676839237,91.58333838128867,1687600
2022-12-29,91.44244384765625,91.95319872764658,90.96692085568083,90.96692085568083,1444600
2022-12-30,90.69392395019531,91.58334096964207,89.8133149024103,91.47766546524286,2055600
2023-01-03,91.31915283203125,91.40721910898242,89.98943804704335,90.87884832133001,2688900
2023-01-04,92.296630859375,92.79857774086153,91.45124699152998,91.82110117399084,2819900
2023-01-05,90.93169403076172,91.90036265959945,90.19197892173985,91.45125015478311,1920600
2023-01-06,92.62244415283203,93.15961611804927,91.58332538453621,91.75944447671678,2157300
2023-01-09,92.63126373291016,93.72321702201728,92.25260159060097,92.49036306669578,2358300
2023-01-10,92.84259796142578,92.87782312416546,91.99721421121198,92.35826037189624,2244500
2023-01-11,93.04515838623047,93.43262181187703,92.62246307273574,92.8426153421881,2358800
2023-01-12,92.5344009399414,93.45903641486537,92.30544070488286,93.15963256160825,2350100
2023-01-13,92.44632720947266,92.86020775756849,91.8122877132647,92.02363197249639,2722900
2023-01-17,91.7770767211914,92.84261287075498,91.67140121600225,92.62246060716299,3552700
2023-01-18,90.04226684570312,92.09408735057163,89.83092257487736,91.94438543867476,3152600
2023-01-19,89.79570007324219,90.63227592901977,89.43464716129783,90.0422695162708,3025900
2023-01-20,89.66361236572266,89.91898979406172,88.10493731791077,89.70764550521739,3968400
2023-01-23,88.93270111083984,90.13032988942551,88.7213568318287,89.40823077750005,3326700
2023-01-24,89.26732635498047,89.37299512282848,87.32118149779805,89.23210119286023,3048200
2023-01-25,89.31136322021484,89.33778041526827,88.04329082805636,88.316277468293,2066600
2023-01-26,89.24091339111328,89.56674114180815,88.72135730276275,88.85344999728842,2093500
2023-01-27,89.45227813720703,89.80452313723899,88.57166899638439,89.1264503364374,2277000
2023-01-30,89.5051040649414,89.9630245371996,89.09121673296286,89.14405784500123,2470900
2023-01-31,90.21839141845703,90.3152589481455,88.98554416517418,89.82212004683235,3722600
2023-02-01,90.29763793945312,90.89645226369,89.15284367536378,89.60195609816964,3054300
2023-02-02,89.85733795166016,91.43362877640716,89.82211278748271,90.35928478379087,3796600
2023-02-03,88.57167053222656,89.64601477762176,86.70477670264519,89.38182934338813,4331100
2023-02-06,89.6548080444336,89.74287432700869,88.09613293315995,88.1930004691813,3050300
2023-02-07,88.78299713134766,89.07359970731028,87.66462668243389,89.01195734742548,2672600
2023-02-08,87.33880615234375,88.31628273873392,87.0305943274716,88.23702443033028,3328600
2023-02-09,85.90340423583984,88.39552241405568,85.41906663452754,87.42685392994404,4403000
2023-02-10,87.27716064453125,87.36522020296458,85.21653204092033,85.73609485715018,2633200
2023-02-13,88.09612274169922,88.41314251045549,87.0834210758674,87.0834210758674,1931400
2023-02-14,87.59418487548828,88.44837674452421,87.24193990536334,88.05209863369092,2190700
2023-02-15,87.40925598144531,87.56776587881822,86.78402436361715,87.18029574779248,3276800
2023-02-16,87.44038391113281,87.84960658048274,85.80348644649962,86.73758624402093,2150000
2023-02-17,88.50792694091797,88.95273510677053,87.07564410389399,87.68058348094284,3041300
2023-02-21,86.8977279663086,88.3655963456274,86.82655702722099,88.06312324812224,3262600
2023-02-22,86.7109146118164,87.64500779198559,86.44402696763393,86.70201654708106,2070500
2023-02-23,86.15043640136719,87.2713548029351,85.75900985755685,87.0667468615138,1889400
2023-02-24,86.22161102294922,86.32836742341308,84.94945942983176,85.25193250419582,2320800
2023-02-27,85.23414611816406,87.10234601000334,85.12739649273409,86.31058116040185,2416300
2023-02-28,83.85523986816406,85.44765396464206,83.78406893053469,84.94946418847056,3155500
2023-03-01,81.76463317871094,83.65951335669074,81.64897872183937,83.64171723075663,3373100
2023-03-02,83.4193344116211,83.59726178010806,81.59562469846671,81.6401014501621,2589000
2023-03-03,84.86050415039062,84.91387896014673,82.9656237444724,83.58835248240771,4061800
2023-03-06,85.38536834716797,85.43874314880668,84.80711644289377,84.94945150967469,2709100
2023-03-07,83.19691467285156,85.5543992616603,82.71652783620773,85.50992251831453,2817000
2023-03-08,84.219970703125,84.36231256428354,83.18801935865955,83.31256509355651,2450000
2023-03-09,83.81964111328125,85.46542975849381,83.39262234242494,84.52243873969557,2750800
2023-03-10,82.58308410644531,84.17549812391609,82.15606528908963,83.99757078867044,2629100
2023-03-13,83.77516174316406,85.8746566639505,82.48522087847218,82.48522087847218,4542700
2023-03-14,84.59362030029297,85.51882217165975,83.70400389942888,84.37121620007694,3778300
2023-03-15,86.14153289794922,86.72867602393838,84.21995876802276,84.51353372463362,3856800
2023-03-16,86.47071838378906,87.76066634083267,85.85688763328491,86.08818302924993,4859300
2023-03-17,85.75011444091797,86.40842860116359,85.14517508664981,85.84797277669912,5914300
2023-03-20,86.5685806274414,86.82657023043923,85.99033532431856,86.16825591185861,3159900
2023-03-21,84.30894470214844,86.42623611465756,83.23250965396888,86.35506517248834,4087400
2023-03-22,82.68983459472656,84.47796530625843,82.65425591453507,84.02425908062683,3089700
2023-03-23,81.44437408447266,83.29477080983126,81.28424288074383,82.73431499039721,2764400
2023-03-24,83.9531021118164,83.98868758228473,81.53334441784702,81.54224248227271,3608700
2023-03-27,84.2377700805664,84.84270943937102,83.90860960435835,84.2822468234699,2718100
2023-03-28,84.29115295410156,85.24304221993027,83.92640697632211,84.13991979673496,3004000
2023-03-29,85.64336395263672,85.75012035919343,84.50465609830182,84.51355416232343,2348400
2023-03-30,85.5455093383789,86.390642134888,85.13627985482857,85.8034921006728,2500300
2023-03-31,85.82127380371094,86.28387123002915,85.33198219076905,85.75900094272131,3205200
2023-04-03,84.59362030029297,86.01701197146309,84.05985181722141,84.61141642916157,6259100
2023-04-04,85.6077880859375,85.6611628973538,84.25556737402603,84.47797147123988,5001100
2023-04-05,87.92967224121094,88.33000365040456,86.08816676317477,86.2927814995049,4461100
2023-04-06,88.73033142089844,88.76591688879397,87.53824878895149,88.51682540075932,2879600
2023-04-10,88.18765258789062,88.43675082834487,87.23576351323362,88.31219831450122,2628500
2023-04-11,88.38339233398438,88.60579644493413,87.760663538219,88.2321591674749,1804500
2023-04-12,88.43675994873047,88.98831771282092,88.04532660345305,88.74812429736762,1941600
2023-04-13,88.19657135009766,88.35670257721296,86.37285497390859,87.68949026210495,3211300
2023-04-14,86.86214447021484,87.45818582733797,86.58636555902777,87.29805460436995,3217700
2023-04-17,87.5471420288086,87.84071024511127,86.7109005474265,87.3425272964923,2214300
2023-04-18,86.65753936767578,87.60053060789897,86.4974081394082,87.31585362289378,1974200
2023-04-19,87.53823852539062,87.6716823175445,86.76426996068473,87.10232847243897,2125500
2023-04-20,87.37811279296875,87.92077927100422,86.95999205213155,87.85850640240508,1989400
2023-04-21,87.5026626586914,88.20546037303151,86.89772328351472,87.89409601534513,2186500
2023-04-24,87.98304748535156,88.32109921311648,86.79095819449995,87.71615989848281,2153100
2023-04-25,88.73033142089844,89.30858339654115,88.0275337012384,88.08091529669869,2770800
2023-04-26,87.49375915527344,88.66805236499192,87.28915121318649,88.07201109058764,2677700
2023-04-27,88.49014282226562,88.5168302278341,87.46708262298951,87.54715162692933,2285300
2023-04-28,87.96525573730469,88.81928655565906,87.34252705326512,88.3211036084274,1995000
2023-05-01,88.15208435058594,89.07728620565146,87.70727615799103,87.938578318566,3231900
2023-05-02,86.82655334472656,88.25883619375549,86.49739964306654,88.07201757699963,2576200
2023-05-03,86.58634948730469,87.83181356951981,86.49738922155359,87.26245293679966,3174000
2023-05-04,87.2802734375,87.61832525665696,86.39065695707475,86.80877778883223,3067100
2023-05-05,88.39228820800781,88.44566302139769,86.95110716136917,87.30695508751589,2588900
2023-05-08,87.98304748535156,88.79259473431578,87.40479557195812,88.16096801844189,3099800
2023-05-09,87.22689056396484,87.5115675399176,86.44402378966886,86.93331552360385,4174800
2023-05-10,88.19657135009766,88.51683380432827,87.2980568653265,87.91189436714096,3008200
2023-05-11,87.47309875488281,88.3808080693417,87.10461740123186,88.07524418686866,1824300
2023-05-12,87.5809326171875,88.40776656644476,87.1854974484909,87.88650332504697,2216000
2023-05-15,86.57437133789062,87.94043332593012,86.34968959364618,87.76069067323164,2020400
2023-05-16,84.48931884765625,86.8080290675889,84.4803296586558,86.71815774781112,2209000
2023-05-17,83.59956359863281,84.93867146235435,83.22209998969738,84.66006149283804,2967400
2023-05-18,83.41083526611328,83.59956707843689,82.67387953653183,83.05135001792064,2775800
2023-05-19,83.14124298095703,84.2376911010011,83.14124298095703,83.81528828196019,2388500
2023-05-22,82.65591430664062,83.77033374567267,82.50313237885844,83.49173060010018,2725100
2023-05-23,81.5594711303711,83.02439359794936,81.42466071583189,82.27845543675181,3694200
2023-05-24,81.02922821044922,82.12566937183057,80.91238931415363,81.77516639642928,2820300
2023-05-25,79.8878402709961,80.89441695157194,79.29468403291477,80.88542776193268,3621600
2023-05-26,79.71707153320312,79.82492122725715,78.65657354026871,79.72606072189312,3065500
2023-05-30,79.09695434570312,80.40010557434407,78.98910465206188,79.80694940117202,3002600
2023-05-31,80.24732208251953,80.66073561495149,79.00708148522364,79.35758441177991,4150000
2023-06-01,79.19580841064453,80.62478073729481,78.78239490375059,80.61579154937021,3659200
2023-06-02,80.59783172607422,80.7955527486592,78.3689859124921,79.08797020248437,3835600
2023-06-05,81.02922821044922,81.81111629861695,80.62479695339508,80.88542860169856,2513200
2023-06-06,80.66072845458984,81.7122371409148,80.63376774828528,81.55945523402816,1970800
2023-06-07,82.29642486572266,82.46718517691197,80.17542875826241,80.74162425683524,2531900
2023-06-08,82.6828842163086,82.70085573938876,81.46061494457156,82.05377805735992,3156700
2023-06-09,82.2514877319336,82.82667929012901,82.08073427342703,82.68287968639453,2647600
2023-06-12,82.13465118408203,82.44920422904192,81.6583270221796,82.44920422904192,3131300
2023-06-13,81.56846618652344,81.80213027467207,80.79556040143369,81.11011348682068,3630600
2023-06-14,81.64933776855469,83.30299883562824,81.55047726068247,82.34136132366022,3433000
2023-06-15,82.4042739868164,82.62895571817386,81.66731818223366,82.09870326666429,3038500
2023-06-16,82.84465026855469,83.55464537966368,82.36832608360949,82.84465026855469,8693700
2023-06-20,81.73919677734375,82.89855513045342,81.70325374056891,82.70083414448634,2851900
2023-06-21,82.36831665039062,82.55704846488221,80.83149456946626,81.50553970268265,2435300
2023-06-22,81.69429016113281,82.91655949684616,81.23593744605449,82.82668816325555,2563800
2023-06-23,80.63377380371094,82.27844557921233,80.47200269699373,81.9638856973932,3800200
2023-06-26,81.64034271240234,81.8380637139372,80.30124164301853,80.93933687549996,2209100
2023-06-27,81.3527603149414,81.8920019691284,81.30782808158746,81.72124165485303,2283200
2023-06-28,80.0765609741211,81.32579074724508,79.89681834679428,81.28085851878424,2410500
2023-06-29,79.87883758544922,80.23832968611289,79.17783176036288,79.4115026543055,2538100
2023-06-30,80.65174102783203,80.77756223116124,79.67213210809155,79.99567430429276,2736200
2023-07-03,81.53250885009766,81.59541946143986,80.41808936771763,80.64277110204583,1181000
2023-07-05,82.3323745727539,83.08730190241423,80.88542366749599,80.93036275667485,3073800
2023-07-06,81.38870239257812,81.99085460097567,81.11009925963869,81.85604420038692,2101000
2023-07-07,80.67870330810547,81.39768750407217,80.61579270521399,80.90338501225239,2208500
2023-07-10,80.18441772460938,80.74162403242822,79.60024384924954,80.47201006769913,2312300
2023-07-11,81.6762924194336,81.73920302370873,80.42706266544073,80.82250466759385,3051100
2023-07-12,83.00643157958984,83.1592135337471,81.74821232773587,81.87403356724694,2566300
2023-07-13,83.8602066040039,83.8602066040039,82.52110541480096,82.99742958471423,2912100
2023-07-14,83.59058380126953,83.99500812928169,83.249063219912,83.66247673604975,2833200
2023-07-17,82.48515319824219,83.47375140986233,82.45819248851268,83.3659085709443,1921300
2023-07-18,81.70326232910156,83.39286636151256,81.03819951425801,82.51211101964122,2279900
2023-07-19,82.36831665039062,83.24008278642916,81.95490312482691,81.9818638330769,1970400
2023-07-20,83.76134490966797,83.88716612798838,82.12566221476057,82.68287536499533,2428700
2023-07-21,85.18133544921875,85.37006727754624,83.73438457529913,84.06691600049072,2694300
2023-07-24,85.17234802246094,85.63968986519644,84.57919181497947,85.37905823304439,2248700
2023-07-25,85.63968658447266,85.80145769972356,84.57918857488171,84.98361293463792,2648500
2023-07-26,85.8823471069336,86.64627051725368,85.2712124927231,85.43298362168301,2196700
2023-07-27,84.87577056884766,86.04411142395846,84.48931772785713,85.50487665569639,2841800
2023-07-28,83.88716888427734,85.67564042311677,83.64451562861287,85.42399797820772,2567000
2023-07-31,84.13882446289062,84.63312020033982,83.53667215994496,84.24666731490134,2902800
2023-08-01,82.81768798828125,84.31856031607902,82.79970960990177,84.10286777272147,2422100
2023-08-02,83.15921020507812,83.6894627132871,82.5660539363748,82.68288598074619,2295000
2023-08-03,81.21794891357422,83.11426313921062,81.06516013604927,82.94350284142838,2880500
2023-08-04,80.40010833740234,82.28743347216216,79.91479498445116,81.5414953499196,3043500
2023-08-07,80.57984924316406,80.97528437780105,80.45402118130067,80.50794945259682,3604500
2023-08-08,82.7997055053711,82.86261611309605,80.2023853544176,81.1370621382898,5240800
2023-08-09,83.41983795166016,83.79730163738095,82.45820035799467,82.56605006394749,3219200
2023-08-10,83.5007095336914,84.47132925790171,83.30298854237816,83.8871554717693,3635500
2023-08-11,84.31856536865234,84.4713473103214,83.52768809112182,83.58160951600672,2428700
2023-08-14,83.39286804199219,84.37247705023779,83.10527571457916,84.37247705023779,2340400
2023-08-15,82.1795883178711,82.97046550592768,82.09869933295218,82.73679459662429,2669700
2023-08-16,82.41326141357422,82.97946379990975,82.07174762922752,82.40427908061913,2382100
2023-08-17,82.43598175048828,83.79022728274218,82.29056355339002,82.56322527329372,2578600
2023-08-18,82.89043426513672,83.1176558578967,82.18150400520604,82.26330738441104,2766400
2023-08-21,81.46347045898438,82.79953432919557,81.0090273430895,82.52687262020963,3910700
2023-08-22,81.42711639404297,81.68161037064279,80.94540778756259,81.46347267641437,2365900
2023-08-23,82.10877227783203,82.1724009658448,81.00902085752253,82.11786308101259,2231500
2023-08-24,81.79066467285156,83.03584122476356,81.67251196682754,81.9269989854954,2376000
2023-08-25,82.32691192626953,83.01766043106012,81.7906654737531,81.98153073962297,2374600
2023-08-28,81.81791687011719,82.86313718508723,81.79974220069818,82.33598162668494,2128800
2023-08-29,82.0633316040039,82.6722836624237,81.75430670610737,81.7997537874675,2279700
2023-08-30,81.75431060791016,82.554134898814,81.31804911673657,81.80884849499539,2250900
2023-08-31,80.7090835571289,82.19056531391807,80.63637100932017,82.03605635051218,3139600
2023-09-01,79.91836547851562,81.46346927642819,79.52754412714928,81.11809500969227,3777700
2023-09-05,78.75498962402344,79.97289378822923,78.20056849427266,79.78202852074554,3155500
2023-09-06,79.51844787597656,79.6275167110669,78.3096345580846,78.99129917533429,3249700
2023-09-07,81.25443267822266,81.99971913081819,80.05470309759932,80.16376501040482,4765200
2023-09-08,82.72681427001953,82.86314857928419,81.14535431160216,81.4089321270469,3302700
2023-09-11,83.41757202148438,84.04470570111556,82.46324569840563,82.57230760147108,3992900
2023-09-12,83.72660827636719,84.22649157976531,82.61776588321723,83.53574298587857,3689300
2023-09-13,85.32624816894531,85.76251666866719,83.90838767979119,84.00836573318053,4383300
2023-09-14,86.75318908691406,86.98950145159264,85.76250641087013,86.02608425334785,4594400
2023-09-15,86.50779724121094,87.32579628794217,86.28057566902181,86.65321544160089,9702900
2023-09-18,86.30784606933594,86.76228923962577,85.58074115742367,86.57142394021434,3701700
2023-09-19,85.28988647460938,86.55324480239754,85.24444632047445,86.3078416199109,3291000
2023-09-20,85.7715835571289,86.71682593107676,85.21716248265709,85.68978020250569,2855800
2023-09-21,84.89906311035156,86.09879261471924,84.70819090657024,85.66252418847127,3129300
2023-09-22,84.82635498046875,85.28988197314219,84.25375220772243,84.53551165919745,1973000
2023-09-25,84.80817413330078,84.88088669783394,83.89928787939164,84.3719126146054,2376500
2023-09-26,82.81771850585938,84.58095313493253,82.4814280933355,84.52642217829423,3000600
2023-09-27,81.88156127929688,83.08129782054124,81.12719094022168,82.79953835967991,3715400
2023-09-28,80.60002899169922,82.35417964591474,80.40916372062932,82.35417964591474,4489700
2023-09-29,80.21829223632812,81.76339589250601,79.64568953321738,81.47255260660485,3900500
2023-10-02,77.65525817871094,79.97291439617128,76.47370305543485,79.7456927904838,6498300
2023-10-03,77.94609069824219,78.21875242653181,75.78293687551636,77.25533517158799,5606500
2023-10-04,78.27326965332031,78.53684744171841,77.13716208311318,77.94607011836064,3322900
2023-10-05,77.69158935546875,78.18238176297206,77.00992475874088,78.05513825965626,3716400
2023-10-06,79.00039672851562,79.10946558249863,75.49209500263,76.64638450429695,3511900
2023-10-09,80.19103240966797,80.20920708258207,78.50958739368015,78.77316522356877,3008500
2023-10-10,80.83634185791016,80.89996361533576,79.85474308541382,80.20920815310669,2619500
2023-10-11,81.68160247802734,81.9088240202041,80.57276024272463,81.25442486925488,2658900
2023-10-12,80.0092544555664,81.82702693233675,79.24579334376367,81.37258381314416,3172500
2023-10-13,80.60002899169922,81.38167168327203,80.02743317848952,80.83634134675067,3277000
2023-10-16,81.30895233154297,81.67250817027623,80.36370992453683,80.89086554398752,2993500
2023-10-17,80.85452270507812,81.58163450339393,80.41826117349025,80.68183209277142,2911500
2023-10-18,80.15467071533203,81.27259678169837,79.64568976284933,80.8636007933694,2790100
2023-10-19,79.78203582763672,80.75454386107451,79.31850188743681,79.90927935094619,3134300
2023-10-20,79.10037231445312,80.76363588107277,79.08219763981475,79.53664078254675,3468400
2023-10-23,78.46414947509766,79.63661353755688,77.97335008144601,78.34598982791665,3172100
2023-10-24,79.76385498046875,80.21829808119162,78.91859053575415,79.17307756267873,3213100
2023-10-25,80.11832427978516,80.38190212424875,79.22761270420982,79.6547903509525,2652800
2023-10-26,81.0726547241211,81.57254495997219,80.18195003838002,80.39099000300712,3033500
2023-10-27,79.55480194091797,80.9999344950905,79.15488982429774,80.76362215942846,2764300
2023-10-30,79.89109802246094,80.5909373423735,79.12763001194132,79.83656013540508,2426900
2023-10-31,80.79088592529297,80.82724220187602,79.90018141888588,80.30008659279792,3094500
2023-11-01,81.38167572021484,81.79067175933127,80.27283338487474,81.0726507891643,3944500
2023-11-02,81.69978332519531,82.3450917216395,80.88178432468447,81.34531824734923,4553000
2023-11-03,82.05425262451172,83.59027266370329,82.00881247085493,82.8540769924941,4022900
2023-11-06,81.54527282714844,82.32691553165667,81.3180512719833,81.96335965654212,3370700
2023-11-07,81.1453628540039,81.80885286400549,80.9999446605971,81.7997620599639,3054500
2023-11-08,80.30918884277344,80.86361000475328,79.21852812682225,80.69091939993118,3623800
2023-11-09,79.94562530517578,81.22715811126037,79.90018515800854,80.46369013578952,3441800
2023-11-10,80.22738647460938,80.60003316665654,79.73659400029388,80.40916788570011,2491100
2023-11-13,79.09127807617188,80.33645472952759,78.71863832112126,80.15468025402754,3396400
2023-11-14,81.66343688964844,81.70888398069863,80.43644170807075,80.55459443684774,5739200
2023-11-15,81.44529724121094,82.63593600717702,81.05447587718555,81.59071543508571,3175600
2023-11-16,82.91173553466797,83.2794980165365,82.14862961232582,82.14862961232582,3872300
2023-11-17,82.75543975830078,83.37143788953522,82.45203518101123,83.33466093945593,3340600
2023-11-20,82.1026840209961,82.78304022154481,81.15569311592998,82.30494677235777,3637300
2023-11-21,82.63591766357422,82.68189060743552,81.5786100996281,82.31412810000425,2483900
2023-11-22,83.07723236083984,83.15078626370537,82.3049304097243,82.74624681243122,2553200
2023-11-24,83.42660522460938,83.47257816881516,82.67269523524497,82.96690384049727,1472400
2023-11-27,83.6012954711914,83.78517322228804,82.90254739094837,83.53693755685893,2439400
2023-11-28,83.78517150878906,84.52069652710645,83.40822002240407,83.62887472210471,2774300
2023-11-29,83.39901733398438,84.30003505834965,83.07722779474173,83.86791467087272,2986800
2023-11-30,84.84248352050781,84.95281437425709,83.77597999220973,84.27245831235213,4959400
2023-12-01,85.17347717285156,85.1826731651607,84.17133146024923,84.76893768509221,4016400
2023-12-04,85.2562255859375,85.7159269905507,84.6034434186384,84.6034434186384,2796500
2023-12-05,85.01717376708984,85.47687514399463,84.49311447799784,85.37574027991667,2601200
2023-12-06,86.36869049072266,86.38707545805256,85.18266018509834,85.3665379163406,3260400
2023-12-07,86.8467788696289,87.24212231425543,85.80785633583639,86.33191559829612,3813000
2023-12-08,86.78242492675781,87.10421448604691,86.23998067173994,86.83758684706844,3271700
2023-12-11,87.67424011230469,87.71101706123726,86.04689344084609,86.46062885547312,4989100
2023-12-12,87.64667510986328,87.8029719104154,86.53419850645406,87.79377591788673,3942700
2023-12-13,90.17503356933594,90.23019549591898,87.20535926567649,87.80297252344553,3970200
2023-12-14,90.38648986816406,91.46219650903045,90.09228124348368,90.80022534987788,6870800
2023-12-15,88.84188842773438,90.23938458650485,87.91329666700379,90.09227677421889,8742700
2023-12-18,89.33836364746094,90.40487420576856,88.95221617544733,89.36594460767814,4277100
2023-12-19,89.00736999511719,89.67853702875894,88.68558046439266,89.65095607105194,2711900
2023-12-20,87.96846008300781,89.4303071663663,87.84894024436103,88.8510859282503,3428500
2023-12-21,88.5936508178711,88.72236664355256,87.545532229044,88.20750334082666,3072500
2023-12-22,89.05335998535156,89.77049308098604,88.5568816081076,89.03496800036825,1927500
2023-12-26,88.933837890625,89.65097096811395,88.65801423875071,88.83270301923689,2228300
2023-12-27,88.53848266601562,88.97979203315694,88.28104401828294,88.6304215329629,1987600
2023-12-28,89.10850524902344,89.23722106189007,88.26265647461824,88.31781839027946,1912700
2023-12-29,89.21884155273438,89.43030025202866,88.58445142587924,88.85107905869538,2295300
2024-01-02,89.92678833007812,90.35890878140242,88.3821912990077,88.7407578406413,3352200
2024-01-03,90.81859588623047,90.91973074249907,89.64176157454392,90.03710500873417,3687400
2024-01-04,90.5519790649414,91.34266602761255,90.4324592271373,91.02087645315025,2423700
2024-01-05,90.59795379638672,90.79102754487032,89.7061319478053,90.55198085006296,2192100
2024-01-08,91.37944793701172,91.42542088492252,90.15664047324942,90.4508491022123,2453400
2024-01-09,91.10362243652344,91.3794460894374,90.5795631075764,90.7910288434087,2024900
2024-01-10,91.27831268310547,91.86672993858099,91.11281989159754,91.48058242989148,3076700
2024-01-11,89.31998443603516,91.03007422459129,89.03496479495129,91.03007422459129,3063500
2024-01-12,90.52439880371094,90.81860741899318,89.45789520374532,89.84404269608702,2791900
2024-01-16,90.12904357910156,90.97489236104686,89.69692319727484,89.97274680701106,3527100
2024-01-17,89.02577209472656,90.73586181177647,88.23508514966106,89.77048609539825,3272700
2024-01-18,88.13395690917969,88.79592807709092,87.67425548862877,88.78673208462354,2453700
2024-01-19,87.85812377929688,88.53848685879468,87.52713823102395,88.53848685879468,2965100
2024-01-22,87.39842224121094,88.52929069806238,87.06743669357083,87.89490056267113,2465500
2024-01-23,87.90409851074219,88.20750310524667,87.3524582572254,87.3524582572254,2903000
2024-01-24,86.92032623291016,88.39136905072256,86.56175976527106,88.2994301898253,3869800
2024-01-25,88.01441955566406,88.06038547988258,86.82838928485042,87.848926796609,2460800
2024-01-26,88.14314270019531,88.53848615669258,87.5639144880678,87.92248099343902,3554100
2024-01-29,88.05119323730469,88.42815171016487,87.62826883826935,88.2902399026676,3149000
2024-01-30,87.83055114746094,88.3730024641993,87.13180303324201,87.97765896708046,3201200
2024-01-31,88.10636901855469,89.17287258284152,87.61908667340313,88.35460467975939,3678500
2024-02-01,89.90839385986328,89.96355577905926,87.1134087173263,87.66504895274458,2745900
2024-02-02,88.46493530273438,89.27400721192755,87.81216018034787,89.04415652033428,2519400
2024-02-05,87.57310485839844,88.33621076268837,87.12259951137187,87.80295552731812,3142600
2024-02-06,87.39842224121094,87.7202188118789,87.1134096363766,87.42600320109992,2171800
2024-02-07,87.8029556274414,87.90409048304025,87.14098457788015,87.77537466945732,2470800
2024-02-08,85.18267059326172,87.52714351824946,84.09777501160691,87.104219073128,5581100
2024-02-09,84.30004119873047,85.2562209096177,84.24487226335191,84.82410049066529,4642800
2024-02-12,85.18267059326172,85.36654834697134,83.82195136655581,84.18051789643025,3925900
2024-02-13,84.22649383544922,85.44010529072897,83.02207837252777,85.1458966656456,3428000
2024-02-14,83.97825622558594,84.5758695042788,83.60130468992534,83.94148628290124,3062300
2024-02-15,85.87976837158203,85.92626307139207,84.17816451350527,84.36413621865023,2951900
2024-02-16,85.4334487915039,85.86117309932077,84.70817683067985,85.6101201490723,4120800
2024-02-20,85.48922729492188,86.27028707249366,85.08939704856654,85.54501525215007,2590700
2024-02-21,86.46556091308594,86.73521455758988,85.56361767659564,85.73098865959481,2781500
2024-02-22,85.6658935546875,86.09361778979515,84.89413411639241,85.81467090294812,4131500
2024-02-23,86.22381591796875,86.78171687893978,85.47064288126704,85.91696790650123,2494500
2024-02-26,84.28973388671875,86.07501940243037,84.16885052442657,85.98203711196302,3797700
2024-02-27,84.4757080078125,84.92203298419257,84.11307206817017,84.28044304755085,2962200
2024-02-28,84.37342071533203,84.84763964655237,84.08517346993068,84.3827210731466,3255400
2024-02-29,85.38694763183594,85.61940692054674,84.39202215991746,84.67096904991374,5245500
2024-03-01,84.48501586914062,85.43344677379679,83.7690371905013,85.31257048121276,3367600
2024-03-04,85.93556213378906,86.06573878912542,83.88992289784997,83.88992289784997,3724600
2024-03-05,86.18661499023438,87.65575241993041,85.85187302040615,86.2702969356439,3679300
2024-03-06,87.46978759765625,87.70224690424023,86.44696806750575,86.9118866806737,4229900
2024-03-07,87.85102081298828,88.45540931107753,87.61856151554018,88.25085108836281,2610600
2024-03-08,88.27875518798828,88.44612618509967,87.218741237648,87.85103088294709,2266700
2024-03-11,89.11559295654297,89.1620876537185,87.86961452610026,88.16716214337724,1966900
2024-03-12,88.34382629394531,89.49682233034837,88.04627870087053,88.6971618438172,2878100
2024-03-13,88.7994613647461,89.54333403580627,88.71577941365199,88.7994613647461,3519200
2024-03-14,88.38102722167969,89.09699873232127,87.72083657790137,88.70646881742586,3540900
2024-03-15,88.06487274169922,88.94822226173237,87.73943116867405,87.73943116867405,6197000
2024-03-18,88.27875518798828,88.55770212044354,87.50698852941379,88.19506614238479,2736700
2024-03-19,88.46471405029297,88.88313796878293,87.91611348631301,88.57629707246802,2492600
2024-03-20,88.71578216552734,89.00402946480892,87.9440154868297,88.33454545890714,2682200
2024-03-21,88.29734802246094,89.31087435537113,88.26945403887456,88.79016065007508,2744900
2024-03-22,87.97189331054688,89.0133134722021,87.92539861541886,88.84594250147349,2308600
2024-03-25,88.18576049804688,88.48331522538612,87.7673365773926,88.22295483896428,2016000
2024-03-26,87.09784698486328,88.39962045623292,87.00486468564289,88.14856753892838,2823100
2024-03-27,89.34806060791016,89.38525495030913,87.43259808598263,87.49768641165701,3166200
2024-03-28,89.924560546875,90.05473719572359,89.05051125252423,89.39455359253567,2637600
2024-04-01,89.32946014404297,89.8129723700177,88.68787020145226,89.72929042659887,1859700
2024-04-02,89.7664794921875,90.52894567295174,88.76225366559231,89.39454321262323,2305600
2024-04-03,89.23648071289062,89.83157597666253,89.11559733193702,89.72929331313031,2278100
2024-04-04,89.37596130371094,90.07333925899992,88.52050562037728,89.95245587319545,2694700
2024-04-05,89.1806869506836,89.45033348890625,88.48330906871989,89.0040156171425,2525200
2024-04-08,89.55261993408203,89.77578597349904,88.83664839971361,88.92033034392377,2348500
2024-04-09,90.49174499511719,90.64981559727579,89.36664297148609,89.91524344748147,2460300
2024-04-10,88.71578216552734,89.33877146775981,87.87892715815012,88.9947291052559,2475500
2024-04-11,88.60418701171875,89.47823624363832,87.87891513591094,89.46893588535764,2116100
2024-04-12,88.24154663085938,89.1899773989866,87.98119336486737,88.92962413299459,2279800
2024-04-15,87.52557373046875,88.92032954080035,87.10714982500723,88.75295855979677,2623100
2024-04-16,86.35399627685547,87.40470991665994,86.24241324223627,87.40470991665994,2655500
2024-04-17,87.86961364746094,88.11137330098566,86.66082247393206,87.00486478494436,1768000
2024-04-18,89.19927978515625,89.29226208311142,87.59995872158663,88.25084899546208,2639200
2024-04-19,91.34719848632812,91.50527619136138,89.24577166137814,89.35734757776117,4212800
2024-04-22,91.23563385009766,91.58896945248677,90.84509681218887,91.24492711488233,2933000
2024-04-23,91.31001281738281,92.10038013529396,91.03106590585098,91.22633087215178,2148800
2024-04-24,92.01668548583984,92.23055115632737,89.8966578734348,90.66842442706661,2652700
2024-04-25,92.08177947998047,92.62108677437102,91.13334862958247,91.90510813669165,2540700
2024-04-26,90.85440063476562,92.25845692716034,90.77071868394187,92.05389158857488,1994800
2024-04-29,91.8028335571289,92.12827517135459,91.31931422105491,91.35650856183716,2043500
2024-04-30,91.36580657958984,91.9980961684972,90.79860531185994,91.39370056093804,2565900
2024-05-01,92.7791519165039,93.50442377583859,90.64982394065783,91.077548188622,4860700
2024-05-02,92.34214782714844,93.05812658158524,91.66337051325488,92.9837378886912,2808100
2024-05-03,93.2254867553711,93.29986834552149,92.14687211609332,92.84425006918296,4338300
2024-05-06,93.3742446899414,93.67179229350693,92.84423779939989,93.43933300653092,3081700
2024-05-07,95.08515930175781,95.1781416080663,93.26267914054968,93.91356237880429,5229900
2024-05-08,95.19673156738281,95.43849122975526,94.53654799568054,95.243226265795,3497900
2024-05-09,95.79181671142578,95.81971778398642,94.84338597309628,95.0758452524421,2996200
2024-05-10,95.46640014648438,96.36834352166437,95.40131181498148,96.22886649870217,2778700
2024-05-13,95.67095184326172,96.54500110789193,95.41059855441742,95.49428049979092,2185300
2024-05-14,95.13163757324219,96.01498713173376,95.05725599195111,95.922004834549,2168200
2024-05-15,96.09867095947266,96.386925308733,95.64305272844749,96.05218335701399,2636100
2024-05-16,96.58233642578125,96.9673919784822,96.07520092319346,96.07520092319346,4143300
2024-05-17,97.56845092773438,97.60601784838721,96.20668408856709,96.86408728709802,3694000
2024-05-20,97.35244750976562,97.60601526100373,97.04252579646338,97.60601526100373,2088800
2024-05-21,98.02862548828125,98.23523995310933,96.9673869323043,97.47452957365769,2753600
2024-05-22,97.14583587646484,98.02863343618209,96.8640875533728,97.57784471742382,3124900
2024-05-23,95.59622955322266,96.8734761331454,95.42718200102237,96.73260197878565,2529800
2024-05-24,95.95309448242188,96.26301615651454,95.48351879385352,95.8122203428201,1864500
2024-05-28,95.02335357666016,96.42268737197936,94.94821973344844,95.69954383525022,2472200
2024-05-29,94.30958557128906,94.722814496364,93.9433170841206,94.41289280255779,2527900
2024-05-30,95.13604736328125,95.19239415897819,93.93392745554196,94.64768458338403,2423800
2024-05-31,97.26791381835938,97.33365413219094,95.27691019707105,95.4365713865107,4000800
2024-06-03,97.11766052246094,97.50270891343537,96.56355740890791,96.81712516246108,3429700
2024-06-04,98.23524475097656,98.48881966661648,96.77956423568075,96.96739166824884,4822700
2024-06-05,96.92042541503906,98.23523885963577,96.7607713904152,98.04741143833202,2228200
2024-06-06,96.60111999511719,97.50270453919713,96.28180477202139,96.77016754495449,1945300
2024-06-07,96.37572479248047,97.46513675327891,95.5398805716023,95.79344831152255,1886800
2024-06-10,96.28181457519531,96.71383059722179,95.71832507341688,96.2630346967044,1915500
2024-06-11,96.13154602050781,96.42268068631971,95.12665422398977,95.80284443569484,2434400
2024-06-12,95.15482330322266,96.97677938371861,94.78855481603219,96.73259800387268,2397300
2024-06-13,95.09848022460938,95.60562288018092,94.3377626586735,95.12665362239272,1811200
2024-06-14,96.13154602050781,96.15971941846932,94.54437772720881,94.75099219913616,2668000
2024-06-17,94.6664810180664,95.88737375863047,94.56317377226728,95.74649959025366,2953100
2024-06-18,93.94331359863281,94.9857722280986,93.63339191632534,94.60072387914774,2469400
2024-06-20,94.00906372070312,94.60073375142731,93.35166053673994,94.14993787874019,3084800
2024-06-21,93.76488494873047,94.90126460091892,93.49253731143565,94.18750743466995,4986000
2024-06-24,95.33326721191406,95.64318174982364,93.7085320249054,93.90575297272314,2026400
2024-06-25,94.10297393798828,95.28630679027123,93.87757959260578,95.07969232152183,2115600
2024-06-26,93.86819458007812,94.11237598938378,93.25775180455054,93.77428085808602,1958900
2024-06-27,94.46923828125,94.75098657445413,93.68035452452919,93.9151423804804,2358000
2024-06-28,94.13116455078125,94.6289137340078,93.58645492322255,94.46925252237313,3898700
2024-07-01,93.30469512939453,95.09847783826456,93.24834833524177,94.60072871616339,2097600
2024-07-02,93.7366943359375,93.92452890580326,93.17320495665261,93.56764680563641,1856100
2024-07-03,93.76488494873047,94.92004447877605,93.48314378992832,93.65219135127262,1072700
2024-07-05,94.44107055664062,94.82612610280042,93.49253272054597,93.91514802057569,1929800
2024-07-08,94.51619720458984,95.2205607611613,93.94331427203252,94.3283697889001,2535100
2024-07-09,94.79795837402344,95.22996722093467,94.19690196395935,94.46924960416791,3200600
2024-07-10,96.57294464111328,96.63868495554273,94.76038206880781,95.08908364095505,3128400
2024-07-11,98.103759765625,98.50759517638349,96.41329145198894,96.7889463004701,3329800
2024-07-12,98.9771728515625,99.45614210751361,97.92532062569026,98.31037616767141,2715300
2024-07-15,98.91143035888672,98.97717067373492,97.69053060866956,98.31976752525301,2863400
2024-07-16,100.04780578613281,100.73338951761326,99.40918249460641,99.84119131458645,3057000
2024-07-17,100.9775619506836,101.84158674046525,99.2213533040248,100.55494665922679,3374700
2024-07-18,100.40469360351562,101.98246129680913,100.22625251980182,100.49860732357011,2638700
2024-07-19,100.4140625,101.0620792364672,99.84117959257519,101.03390584186538,2163200
2024-07-22,100.99635314941406,101.1466136635019,100.0947685694151,100.43286368255937,2373200
2024-07-23,100.60191345214844,101.33445049168944,100.5079925679755,100.94000857273005,1512000
2024-07-24,101.99185180664062,102.29238000103521,100.5267777546117,101.66315021357738,2875500
2024-07-25,101.01513671875,103.3254486329041,100.44225370971482,102.36751722075536,3165200
2024-07-26,101.45653533935547,101.87915781320318,100.87426599539602,101.24053450696964,2270500
2024-07-29,102.06697082519531,102.5553263832375,101.37200082004273,101.69130884546333,3445100
2024-07-30,103.21275329589844,103.33484041382276,101.33445025926756,101.54106473972215,2929800
2024-07-31,102.62107849121094,103.07187435175106,101.83219469171215,102.27359703126095,3946000
2024-08-01,105.74845886230469,105.8517661018804,102.62108260640164,103.09065836259764,3975500
2024-08-02,106.98812866210938,109.5707950819637,104.85625807911678,107.39196406163832,4606500
2024-08-05,104.25521087646484,107.9836435084749,104.25521087646484,107.16657911731576,4918700
2024-08-06,106.04898834228516,107.25110114626078,104.58391425808455,105.64515290046607,4289800
2024-08-07,106.60308837890625,107.79580762684739,105.77663047624722,106.33073358508973,4921300
2024-08-08,105.58879852294922,107.02569910472481,105.09104939751397,105.62636544102168,4716700
2024-08-09,105.81420135498047,106.08655615898718,104.36790713637119,106.07716263742624,2218700
2024-08-12,106.47161102294922,106.51856430012863,105.27888457310337,105.77663373518175,3058600
2024-08-13,106.80030822753906,107.00692270106451,105.9081100159662,106.45281959795925,2732900
2024-08-14,106.5561294555664,107.57041480591646,105.94567954108771,106.48099561513513,1979200
2024-08-15,106.22742462158203,106.37768513270622,105.56062792968714,106.05837706834409,2658200
2024-08-16,106.45018768310547,106.78195439945915,105.79612813374247,106.52601490972059,2642700
2024-08-19,106.84830474853516,107.28434202523414,106.40278635678547,106.43122246996577,1716200
2024-08-20,106.52600860595703,107.5023609305529,106.26059524858013,107.02840644038798,2822600
2024-08-21,106.85778045654297,107.26538159943688,106.41226208733667,106.51653265170289,2798600
2024-08-22,106.2795639038086,106.81039065065644,105.64445935229044,106.79143565197133,5459600
2024-08-23,106.5070571899414,107.11371837919503,106.0710199121636,106.40278662004108,2732500
2024-08-26,107.12319946289062,107.71089842182377,106.17529045096303,106.66819995509778,3038900
2024-08-27,106.07103729248047,107.19904428409397,105.95728558886714,106.89571363976478,2136500
2024-08-28,106.82933807373047,107.7203748201577,106.06153412191983,106.53548860713065,2429700
2024-08-29,107.10423278808594,107.18006724156638,106.02361713789011,106.82933831819801,2021900
2024-08-30,108.01422882080078,108.13746162059023,106.96204924090837,107.11371815388867,3022400
2024-09-03,109.75838470458984,110.34609089199111,107.97631837629991,108.06162671551834,3792500
2024-09-04,110.96221923828125,111.78690262729141,110.13754308124244,110.41243754424582,2795000
2024-09-05,110.76316833496094,111.95753573367865,110.26077770787346,111.6352429039419,2585900
2024-09-06,110.52618408203125,111.21816080985987,110.17546239277844,110.95274745627239,3482400
2024-09-09,111.0570297241211,111.14233806877604,109.90057950565026,110.83900745671583,2829800
2024-09-10,110.8389892578125,112.0238753966192,110.63044814026715,111.2560714929032,2594200
2024-09-11,110.14702606201172,110.42192054772178,109.33182372010518,110.31764997617755,3667400
2024-09-12,109.92900848388672,110.74421080686994,109.80577568475582,110.29869241733589,2390300
2024-09-13,111.19920349121094,111.28451906261532,109.7109866368998,110.18494114122782,2311000
2024-09-16,111.56888580322266,112.14711086865013,111.34138966940633,111.95753196246513,2212000
2024-09-17,110.64942169189453,111.59733069994581,110.26077552724703,111.42670678921772,2251500
2024-09-18,109.84369659423828,111.07598123501703,109.2844337338048,110.55462837192478,2265300
2024-09-19,109.14225006103516,109.52141513654058,108.01423595019888,109.09485171460737,3952300
2024-09-20,110.30816650390625,110.59253484814803,109.33181421595926,109.63515202097129,6277000
2024-09-23,111.19920349121094,111.35087240394238,110.39348228024765,110.77264733010443,2332400
2024-09-24,109.93849182128906,111.63524261066478,109.8057779044718,110.43140133186148,2925300
2024-09-25,110.15650939941406,110.67786226765242,109.36026927189232,110.52619334890231,3496700
2024-09-26,109.17068481445312,110.26078168094521,108.85787308866482,109.12329370058872,3425700
2024-09-27,109.92900848388672,110.27025630429699,108.84839279657812,109.48349009435266,3523000
2024-09-30,109.29390716552734,110.27972613047869,108.38390818992815,110.23233502114783,5539400
2024-10-01,110.16598510742188,110.39348124240847,108.92422663198754,109.43609112771443,3729700
2024-10-02,110.60202026367188,110.72524582777156,109.1327584493859,109.48348737609182,3360200
2024-10-03,109.72994995117188,110.99066344884244,109.46453658324124,110.88640011027415,3856600
2024-10-04,108.10902404785156,108.88630913645216,107.88152068145257,108.65880577005316,3512900
2024-10-07,104.48800659179688,107.86256013476134,104.38373602888763,107.86256013476134,5955000
2024-10-08,104.90509796142578,105.35061639384305,104.3173989501285,105.21790969890674,4810600
2024-10-09,105.52123260498047,105.80560820589247,104.55436857942915,105.02832309296785,3601500
2024-10-10,107.22747802734375,107.5876808752221,105.24634428408187,106.06154667367659,6301600
2024-10-11,108.22277069091797,108.37443960492239,107.2274705626585,107.49288393019435,3406700
2024-10-14,109.0948486328125,109.25599866693132,108.15642070222452,108.22277404616565,2807100
2024-10-15,111.01910400390625,111.91961465560507,109.67306773584748,110.43139782399406,2863200
2024-10-16,113.54053497314453,113.8343844388467,110.85795085937289,111.47409313465907,4776800
2024-10-17,114.29887390136719,114.51688893089649,113.25617540264413,113.54054377576567,4589900
2024-10-18,114.46949005126953,114.5547983878262,113.38887439638901,114.45052782183146,3562300
2024-10-21,113.64481353759766,114.93397040273454,113.43627239294727,114.74439148867347,2703200
2024-10-22,113.63531494140625,113.69219439245222,112.21345160876216,112.53574439145301,2877000
2024-10-23,114.28938293457031,114.32730016077923,113.16136895876211,113.55001510342495,2286400
2024-10-24,112.82012176513672,114.64958635577756,112.72533231508739,114.5074057966893,2283700
2024-10-25,111.10441589355469,113.30356454111079,111.10441589355469,113.26564731229425,2406300
2024-10-28,110.96221923828125,111.91012818713237,110.92430201249064,111.10440702700319,2214300
2024-10-29,108.45027923583984,110.2892178980578,108.42183588912815,109.95745117281015,3478800
2024-10-30,108.06163024902344,109.26547154429136,107.89100633303556,109.03797540029821,2480000
2024-10-31,109.26547241210938,109.78682527953859,107.95736053379436,108.05214999188,3835800
2024-11-01,106.81039428710938,109.38870811438912,106.73455982584296,108.70621242693598,3713100
2024-11-04,106.65872192382812,107.23694701637982,106.23216574891651,106.81039084146819,3050100
2024-11-05,108.13745880126953,108.22276713861797,106.22267860065973,106.72506920585815,2558500
2024-11-06,107.71089935302734,108.29860554901327,106.65871976213344,108.07110940913596,4236700
2024-11-07,105.29373931884766,107.3127829977662,104.56384529830007,106.77247512695858,5593500
2024-11-08,107.33174133300781,108.10902643879889,105.74872777601793,105.9477878020407,3788500
2024-11-11,106.60185241699219,108.21330216418023,106.53549907182382,106.77247633770688,3243400
2024-11-12,106.05205535888672,107.18955048779867,105.93831090837568,106.79143044706674,2876800
2024-11-13,105.5117416381836,106.92413116367473,104.90508049605542,106.65871058601878,2193000
2024-11-14,104.9145736694336,105.75821214317378,104.78186698133774,105.75821214317378,3685800
2024-11-15,107.34041595458984,107.41697323338738,104.68968405913473,104.75666985285659,3868000
2024-11-18,108.65142822265625,108.78539980547242,106.86194022232065,107.16816202602958,5030800
2024-11-19,108.68971252441406,108.73755534882504,107.22558922098395,108.42176934481955,3862000
2024-11-20,108.84281921386719,109.04377659751081,108.13468262851764,108.55574036619231,2325500
2024-11-21,109.91458892822266,110.08683914104886,108.27821555682543,109.21601659262102,3095300
2024-11-22,109.76148223876953,111.00551245387277,109.67536077664435,110.54617608649352,2008700
2024-11-25,110.04856872558594,110.90981985405391,109.25430339039303,110.09641884974123,4163000
2024-11-26,112.00074005126953,112.0581543618574,110.12513046272223,110.42178080196517,2850500
2024-11-27,112.3643798828125,113.47443859672231,112.2304082864309,112.61318740505168,2221900
2024-11-29,112.01031494140625,112.65146576547369,111.8476288882885,112.15385072223896,1899500
2024-12-02,110.22081756591797,112.23997012470716,109.86674563396926,112.01030559363697,3429900
2024-12-03,108.74711608886719,111.20646188843132,108.73754460456911,110.81411864305043,2440600
2024-12-04,108.40262603759766,108.85239093090738,107.86673968007327,108.56530478171699,2218900
2024-12-05,109.1011962890625,109.47440389510926,108.13468072680872,108.33563810691822,2178700
2024-12-06,107.27342987060547,109.42655404985854,107.12988679847449,108.93851052497475,2808800
2024-12-09,107.04376220703125,107.75189876103487,106.48873290482942,106.90021913909578,2573900
2024-12-10,106.32606506347656,107.12033045999122,105.57007830906068,107.12033045999122,2941300
2024-12-11,104.87149810791016,106.21122127862367,104.4791548320099,106.02940686823747,3820800
2024-12-12,104.46002197265625,105.5700733376293,104.08680705499442,105.4648089020408,3087600
2024-12-13,104.13465881347656,105.26385316675612,104.0485373471378,104.93849567049291,5141200
2024-12-16,102.81407165527344,104.50785942104595,102.56526415659991,104.05809454683357,5673900
2024-12-17,103.24469757080078,103.54134790322973,101.94325302073877,102.34516778743038,2784900
2024-12-18,101.20641326904297,103.26384460945548,101.08200585951997,102.75665808761549,4713900
2024-12-19,102.46957397460938,103.57962531241253,101.18726510923752,101.321236696543,4237600
2024-12-20,103.6178970336914,104.0102475852506,102.12506670286872,102.54612440680474,6044500
2024-12-23,103.88584899902344,103.962406279122,102.54613310181894,103.45522707505114,2757400
2024-12-24,104.2781982421875,104.33561255107068,103.45522574397664,103.72316891997012,991900
2024-12-26,103.64662170410156,104.25906539466541,103.22557122990433,104.00069367870131,2914600
2024-12-27,103.67532348632812,104.30691011623666,102.87149392197652,102.96718687474633,2127200
2024-12-30,103.07244873046875,103.47436350257414,102.44086941728946,103.34996339718079,2217200
2024-12-31,103.10115814208984,103.46480158272884,102.5652717675536,103.23512973572392,2987400
2025-01-02,103.17771911621094,104.19207759027894,102.81408296346503,103.80930576671675,2865500
2025-01-03,103.13943481445312,103.99111448668542,103.01503470871165,103.41694948194178,2299300
2025-01-06,101.79015350341797,102.79494049655997,101.34038857752864,102.72795469701718,4358500
2025-01-07,102.21119689941406,103.20641963869203,101.72316066547228,102.08679679484335,2976400
2025-01-08,103.57006072998047,103.78058229429102,101.90497277832279,101.97195857171793,3209300
2025-01-10,101.3116683959961,103.91455005853376,100.9001821657329,102.84277740363697,2998100
2025-01-13,101.57005310058594,101.97196789771458,100.67052324909412,101.88584642728897,2387900
2025-01-14,102.24948120117188,102.27818835759281,101.06287249671125,101.58919470077679,2866200
2025-01-15,101.86669158935547,103.44565073803817,101.77099864417245,103.44565073803817,3791800
2025-01-16,104.36431121826172,104.38345418693532,101.34037194823249,101.53175782954828,2899100
2025-01-17,104.55571746826172,105.16816112610194,103.78058775997623,104.04853824857258,2928400
2025-01-21,106.00069427490234,106.55572360265992,104.59399258689501,105.26385053356516,3144100
2025-01-22,104.13465881347656,105.85716114929427,103.95283709444463,105.7901753529516,4276900
2025-01-23,104.63226318359375,105.01504227936273,104.00068388134333,104.59399184483046,2612500
2025-01-24,105.1298828125,105.50309043950618,104.0581027574874,104.16336719596652,2695300
2025-01-27,107.77104949951172,107.90502109233483,104.71839541824737,106.22079739568164,3585100
2025-01-28,106.51744842529297,107.84760017756597,106.48874126963165,107.54137834900465,3664600
2025-01-29,105.85716247558594,107.37870014053483,105.78060519283392,106.68013501290946,2744200
2025-01-30,107.42655181884766,107.56052341514625,106.03897842732012,107.19687996727482,2204800
2025-01-31,107.16815948486328,107.60835286095053,106.58442304461848,107.4265384605276,3537800
2025-02-03,108.32606506347656,108.57487256422961,106.41217693655364,107.15859943881277,4830200
2025-02-04,107.58921813964844,107.9719972138027,106.5270096767996,107.79017551087613,2087900
2025-02-05,108.95765686035156,109.29258583839925,107.6083621619113,108.2686559335654,4858600
2025-02-06,109.58922576904297,109.96244065303065,108.47917450422679,109.12032524430445,2593300
2025-02-07,110.03899383544922,110.718423232187,109.0150639979847,109.26387149426593,3476900
2025-02-10,110.62274169921875,110.64188467062478,108.76627502257739,110.03900518671011,2606700
2025-02-11,111.66580963134766,111.78063825104265,109.07249199027723,110.4504865329457,2404700
2025-02-12,111.35958862304688,111.46485305913794,109.41698594848724,109.79976505237254,4149900
2025-02-13,109.04377746582031,110.6801583044849,108.01984756906127,110.33565784380858,5658500
2025-02-14,107.78340911865234,110.05304039488519,107.71580333147871,109.39629530442208,3581600
2025-02-18,107.09768676757812,108.3918641140072,106.73068499065417,107.68682604663886,4726600
2025-02-19,107.96691131591797,108.27596738881589,107.1556345192622,107.5129835969946,3860600
2025-02-20,109.2900619506836,109.38664059223527,107.24256085478932,107.69648857540798,3159500
2025-02-21,111.59833526611328,111.99430993948644,108.71058427813469,108.83614315407728,4424000
2025-02-24,111.95567321777344,112.96976742409784,110.86432051557391,111.93636043592424,2731300
2025-02-25,113.27882385253906,113.6844585888932,112.04259949309122,112.43857415425259,3111900
2025-02-26,112.33234405517578,113.13396088270164,111.83979070971394,112.91183071556685,3021500
2025-02-27,111.92669677734375,112.7959193022961,111.06713432724592,111.66593370409713,3239100
2025-02-28,113.47198486328125,113.94523277301147,111.83978578919519,113.09532297168612,5403200
2025-03-03,114.61161804199219,114.65991104576254,112.67036308085183,113.30778799344897,4264900
2025-03-04,112.42891693115234,115.58708349229751,112.39028400041173,115.19110147856473,3888700
2025-03-05,111.28926849365234,112.91181470197782,111.11542399388611,111.65627027383529,3491300
2025-03-06,110.91260528564453,111.7238821180449,109.91783123743988,111.55003760885042,3756100
2025-03-07,112.74762725830078,112.94079191464807,110.41039018008514,110.88363069329914,3479200
2025-03-10,114.44744110107422,115.18145206920019,112.9118207446889,112.95044630805702,5022400
2025-03-11,113.6748046875,115.42290996840674,113.19190406033394,114.23497118344754,6297500
2025-03-12,112.65105438232422,113.28848672819076,111.69491323200299,112.7283202488193,4668300
2025-03-13,114.1673583984375,114.29290990115916,112.39028773616926,112.95044682933221,5370300
2025-03-14,116.01203155517578,116.28245468601544,113.52026293219141,114.11906227082045,5709900
2025-03-17,116.67843627929688,117.31586858448487,114.97863153575177,115.56777083534257,7126500
2025-03-18,116.6301498413086,116.9295458422166,115.59674289753659,115.73195447010653,4384800
2025-03-19,115.229736328125,116.7460438846731,114.6116241629384,116.38870216420855,4220600
2025-03-20,116.05067443847656,116.14725308370701,115.03658024236114,115.50016068685859,4343900
2025-03-21,115.02692413330078,116.77502935670134,114.3315460741004,115.8768339249806,5850300
2025-03-24,114.10941314697266,115.71263930586446,113.9742015685774,114.7758109637841,3904700
2025-03-25,112.1102066040039,114.18668068621506,110.98987365974915,114.06112181266464,5551600
2025-03-26,113.10498046875,113.31745791423751,112.11020639985709,112.3226838453446,3095900
2025-03-27,113.62650299072266,114.18666940752006,113.10496950285726,113.83898041560978,2833500
2025-03-28,115.3263168334961,115.85750303558284,113.61684470166293,114.62127876424466,3941400
2025-03-31,117.79876708984375,118.31064051884636,116.06032207768583,116.18588094263379,6465600
2025-04-01,116.92955017089844,117.86637850729834,116.46596235601248,117.86637850729834,2934100
2025-04-02,116.2728042602539,117.23860544681203,115.79956374201434,116.91988928681306,2541700
2025-04-03,119.80763244628906,120.40642442767661,117.47038812486475,118.79353831813339,7427100
2025-04-04,114.86273193359375,120.98590773406842,113.82932499001139,120.72514466372512,8332600
2025-04-07,112.86351776123047,116.20518870154046,111.75284501637701,113.69410730131374,7214800
2025-04-08,111.9846420288086,114.31222637113426,110.77739057369648,114.12872179204422,4976200
2025-04-09,112.33234405517578,113.81001882851926,108.23734870805416,110.82569642250854,7414700
2025-04-10,112.84420776367188,113.96454068353214,110.7001353064357,112.33233431074476,6360400
2025-04-11,114.87239074707031,115.24905260480723,111.56934522529409,112.88283537429186,6054400
2025-04-14,116.47561645507812,117.0454429614626,114.03214074050395,114.63094010224258,3226200
2025-04-15,116.369384765625,117.58629634331706,116.22451311162953,116.92955123121894,2340900
2025-04-16,116.23416900634766,117.80842962481157,115.96374585847066,117.33518174754867,2506800
2025-04-17,117.63459014892578,119.32474226389036,116.37904563041786,116.8040005200935,3409800
2025-04-21,116.06033325195312,117.77945828033856,114.92068749391983,117.4221165373354,3076200
2025-04-22,118.33961486816406,118.6873038749847,116.37903969377317,117.22894206129136,3522600
2025-04-23,117.26758575439453,117.94365104902799,115.93478268491293,117.06476837654812,4036000
2025-04-24,116.57220458984375,117.36416129742882,116.06033112095662,117.00681956098686,3199000
2025-04-25,115.75126647949219,117.12270234554663,115.33597168980212,116.63980177002227,2717200
2025-04-28,116.54322814941406,116.74604551565452,115.10418643552995,115.88648304366858,2119800
2025-04-29,117.53800201416016,117.74082674856015,115.28769083885105,116.17622616626365,2323600
2025-04-30,117.84705352783203,118.21406268204993,116.53357073785011,118.16576967697556,2999000
2025-05-01,117.18065643310547,118.18509052305313,116.5528842058284,117.6345841569593,2609900
2025-05-02,117.42211151123047,117.8277462462664,116.41767738032357,117.21929414371249,2720100
2025-05-05,116.62049102783203,117.98227421148617,116.12793036901265,117.94364128055149,3875200
2025-05-06,118.735595703125,119.92352699091926,117.36415247049507,117.8374003391566,3959100
2025-05-07,118.40721893310547,119.1508899412903,117.50902357329029,118.3589332969301,3466700
2025-05-08,115.89614868164062,118.25270606274717,115.72230416387902,117.84706394231762,3571300
2025-05-09,116.21485900878906,116.3693833676437,115.28769075022628,116.1279330700447,3036900
2025-05-12,111.8880615234375,116.20519383400541,111.5017395905373,114.9399966880233,5661200
2025-05-13,109.20314025878906,112.07157097205159,109.18382747711948,112.01362525856452,7359400
2025-05-14,108.61399841308594,109.31903650749297,107.41640702855703,109.20313771474056,4203200
2025-05-15,111.97499084472656,112.11020242005903,109.49288211401192,109.68603940206451,4177700
2025-05-16,113.3052978515625,113.34428215884688,111.67773462329927,112.13579093952026,2966700
2025-05-19,114.0167465209961,114.14344738466637,112.80826267877379,113.11038178045519,2773000
2025-05-20,114.32861328125,114.83540186370726,113.53920147012992,113.71462714321179,4459300
2025-05-21,113.48072814941406,114.6599756097976,113.11038093284135,114.31887220150429,2769900
2025-05-22,112.63282775878906,113.72436601939525,111.87265238115994,113.63664947209399,4702600
2025-05-23,113.52944946289062,113.99725371949933,111.94087796147315,113.75360737315022,2683700
2025-05-27,113.42224884033203,113.9387853602863,113.05190905640882,113.90954155178207,3742300
2025-05-28,111.54129028320312,113.31503532198661,111.07349347929107,113.05190054922309,2797700
2025-05-29,112.51588439941406,112.65232576414388,110.50824080224947,111.00528145119195,2292800
2025-05-30,114.72819519042969,114.88412498894021,111.91164396177156,112.51588215480761,8078800
2025-06-02,114.25064849853516,114.679461013837,113.37352016076433,114.03623852313602,2820300
2025-06-03,113.76335144042969,114.61123593817463,112.57435612099832,114.35784166464923,2609600
2025-06-04,113.03241729736328,114.68920949339893,112.68156596059161,113.82182908735132,3288300
2025-06-05,112.79851531982422,113.35402871619219,112.40867966164568,113.35402871619219,2443000
2025-06-06,112.30147552490234,113.14936003859951,111.84341921104483,112.64257891751019,2094600
2025-06-09,112.5353775024414,113.44174222326882,111.49257142024184,111.79469051535213,2407400
2025-06-10,113.37351989746094,113.62690674462014,111.9311302525325,112.65232135724851,2095400
2025-06-11,113.39300537109375,113.62690377601312,112.91546062569694,113.32478469317992,1929700
2025-06-12,114.29937744140625,114.60149654376316,113.48072925353716,113.81208472896131,2432200
2025-06-13,113.89005279541016,115.33243505337734,113.57818575837699,114.51378686947652,2789500
2025-06-16,112.46715545654297,114.70869739151651,111.9116420818434,114.27013694035765,3276000
2025-06-17,111.8726577758789,112.74003817787185,110.77137896229706,112.68156543384873,2344100
2025-06-18,111.66800689697266,112.0188582671701,111.13198190486621,111.97987395542626,2937900
2025-06-20,112.46715545654297,113.19809449880539,111.76545278629162,111.94087845385447,6203100
2025-06-23,113.99725341796875,114.30912044305084,112.8374944330558,112.99343166334504,2440500
2025-06-24,113.9777603149414,114.56251750723335,113.05190715297344,113.75360983532651,2477800
2025-06-25,113.003173828125,114.96209255838373,112.8569919669461,114.96209255838373,2966300
2025-06-26,113.29554748535156,113.80232859818385,112.4184191790109,113.07138958214932,3143600
2025-06-27,113.94853210449219,114.80617208235445,113.14937231134596,113.1981045593598,3578700
2025-06-30,115.00108337402344,115.05955612180375,113.3442910792744,113.65615812659765,3486700
2025-07-01,115.84896850585938,116.29727689501124,114.02649114160373,115.66379490156969,3498600
2025-07-02,114.0849609375,115.41039763443203,113.12012350394528,115.0887826780817,2834200
2025-07-03,114.32861328125,114.88412667342648,113.50996509719906,114.02649418030215,1953900
2025-07-07,114.30912780761719,114.43582123876735,113.61717303349516,114.2214112510541,2050600
2025-07-08,113.3540267944336,113.81208312736543,112.46715793672236,113.57818471062241,3135100
2025-07-09,114.19216918945312,114.41632710239628,112.60359766901777,113.3540251531385,2102800
2025-07-10,115.16675567626953,115.38116565533186,113.29555348072005,113.63665688582076,2072700
2025-07-11,114.47480010986328,114.8548878207517,113.62690813569098,114.73794233155311,2098900
2025-07-14,114.93285369873047,115.58582411618606,113.763354221631,114.46504944659289,2684800
2025-07-15,114.12394714355469,114.84513824681368,112.99343196294572,114.5430191566977,2431500
2025-07-16,114.79641723632812,115.11803220866923,113.7828475097207,114.01674592801574,2160600
2025-07-17,114.47480010986328,115.07904573420984,114.02649171844351,114.29937444056888,2430900
2025-07-18,115.410400390625,116.06337081905421,114.27013726596564,114.35784638224877,2475600
2025-07-21,116.7845687866211,117.22312923686503,115.43963619294635,115.43963619294635,2232100
2025-07-22,117.66169738769531,118.87018118916504,116.8527897296042,117.0671997050497,3194700
2025-07-23,116.47270202636719,117.75915444358749,115.87820434370134,117.7494065077497,3309500
2025-07-24,116.70659637451172,117.04769976199351,116.18031939004143,116.47269797102365,2133200
2025-07-25,116.88203430175781,117.33034272027943,116.55067137950456,116.6383879372028,2317100
2025-07-28,114.61125183105469,116.86254936308508,114.46506252084536,116.58965918079565,2930100
2025-07-29,116.45321655273438,116.49220086407,114.69896715561426,115.02057471201316,2848000
2025-07-30,117.41805267333984,118.40237857721708,116.21930935553846,116.46295570638864,3432300
2025-07-31,118.5485610961914,118.68500245002603,116.46294904700933,116.97947809159703,5490800
2025-08-01,119.78630065917969,120.25409750907792,118.58755728975882,119.13332275980572,4642700
2025-08-04,121.01426696777344,121.34562986923024,119.58162524442346,119.9032402099707,4066000
2025-08-05,120.84858703613281,124.6007392594296,120.81935066443252,123.74310680240347,6746900
2025-08-06,122.02783966064453,123.19734662704185,120.84859219359566,121.48207420429046,3813100
2025-08-07,122.72953796386719,123.12911410569336,121.53079466739582,121.550290538995,2832100
2025-08-08,122.13504028320312,123.31428770807214,121.9985989239949,122.77827020703882,2643800
2025-08-11,122.36894226074219,122.75877791362713,121.73546768973789,122.49564312334036,2244500
2025-08-12,121.30664825439453,122.38843866398348,120.2248578448056,122.21301299119887,3826300
2025-08-13,122.51513671875,122.56386896572381,120.79986423512939,121.22868421490878,3009200
2025-08-14,121.10198211669922,122.50538001605864,120.84858783446215,122.50538001605864,3410300
2025-08-15,120.36963653564453,121.59839969954362,119.8584743593636,121.42145750395115,4024700
2025-08-18,119.3964614868164,120.91029864626299,119.26867281418258,120.91029864626299,3224700
2025-08-19,121.67704010009766,121.71636142059097,119.31781336892479,119.57339820224374,2908400
2025-08-20,122.36515808105469,123.8101773076596,122.07025191248815,122.38481499239727,3455700
2025-08-21,122.03092956542969,122.79767659753443,121.83433045455295,122.20787176512889,2084700
2025-08-22,122.22752380371094,123.12206697202245,121.23468858365482,122.66988303521198,2182900
2025-08-25,121.01842498779297,122.10956725839857,120.78250456435191,121.84415021972421,2454300
2025-08-26,121.18553924560547,121.44112408820843,120.0255864981309,120.91029749192936,3102000
2025-08-27,121.57874298095703,121.74585297156536,120.67437509084415,121.50993254366095,2560800
2025-08-28,120.29100036621094,121.5099313144573,120.17303640356447,121.20520045233948,2496500
2025-08-29,120.40895080566406,121.09706263701655,120.03540952563255,120.3204834629361,2151200
2025-09-02,119.81915283203125,120.68419939800907,119.30799065662961,120.37946853381436,2449100
2025-09-03,119.43578338623047,119.8191569057598,118.57073679084195,119.23918427357071,2152100
2025-09-04,118.81648254394531,120.36963344338464,118.33480199623298,120.12388081691815,3069700
2025-09-05,118.56089782714844,119.416119667998,118.0005821382539,119.24900218201016,1980700
2025-09-08,118.12837219238281,118.77716273439798,117.72534177973482,118.35446791150858,3069000
2025-09-09,118.33480834960938,118.97376671268286,117.86296748133462,118.20701967690484,2182800
2025-09-10,119.28832244873047,119.39645420350732,118.1578588759202,118.3642976803305,2104400
2025-09-11,120.03541564941406,120.15337961217752,118.91478425237409,119.29815775663644,2178000
2025-09-12,119.87812805175781,120.81199253111508,119.79949291120849,120.00592421722853,2136400
2025-09-15,120.29100036621094,120.56624211261091,119.55374247416452,119.58323158988236,2202600
2025-09-16,118.20701599121094,120.74318495338004,118.1578624649012,120.54657834791627,4158400
2025-09-17,119.04257202148438,119.43577772795115,118.22667149302643,118.68868763564177,2437700
2025-09-18,118.34463500976562,119.0622359838515,117.65653065086823,117.9907506252541,2541100
2025-09-19,119.02291870117188,119.58323441236107,117.9612655116212,118.70835562646523,4842000
2025-09-22,119.51441955566406,119.93711437477793,118.6788621224692,119.15070296719747,2062000
2025-09-23,121.00859069824219,121.14621156786009,118.9147810392484,119.39645408291108,2123700
2025-09-24,121.53942108154297,121.84415194529393,120.86114141729713,120.91029494360703,2173100
2025-09-25,120.2418441772461,122.1882082690448,120.19269065228819,122.0014338739347,2285600
2025-09-26,120.9299545288086,121.35264936518675,119.96660838994,120.06490794495869,2644400
2025-09-29,120.71369171142578,120.98893344989196,119.25883287982252,120.95944433502414,4210000
2025-09-30,121.64755249023438,121.82449468475663,120.53675329670723,120.89063768575174,3719800
2025-10-01,120.31065368652344,121.71635899206801,120.24184325197685,121.46077416384858,2489200
2025-10-02,119.50459289550781,120.00593037859622,118.8852989456518,119.43578245663493,3098800
2025-10-03,121.44111633300781,121.72619027390341,119.92727928468715,120.03541103812253,2761900
2025-10-06,122.266845703125,122.34548834462308,120.6940303720391,121.33298870960449,2289000
2025-10-07,123.42680358886719,123.81017710751871,122.22752950497248,122.72886699081502,2723300
2025-10-08,123.1024169921875,124.17389491369265,122.28651641906725,124.11491667941543,2423000
2025-10-09,122.59123992919922,123.94779173448634,122.49294037805232,123.76102483723976,1500800
2025-10-10,124.86199188232422,125.10774451022185,122.89597085914322,123.16138789714667,2955400
2025-10-13,123.94779205322266,124.7931816948549,123.55459384762396,124.06575601476729,2136200
2025-10-14,125.64839935302734,126.30702207497731,124.14439451740128,124.75386371540243,2712900
2025-10-15,126.48396301269531,126.79853358187438,124.9111476656757,126.00228245347121,3023200
2025-10-16,125.23554229736328,127.30968760386948,125.23554229736328,126.65107235252616,2785200
2025-10-17,126.3463363647461,126.46429282302266,124.96029548157257,125.99245199036672,3120800
2025-10-20,126.74937438964844,127.0049517160191,125.52061128287669,126.80835261884555,3759300
2025-10-21,126.14974212646484,127.29986263760763,125.09792116759685,127.29986263760763,2628800
2025-10-22,126.83785247802734,127.82086304671672,125.32401530227263,126.36601160493069,3143000
2025-10-23,125.0979232788086,127.65374917996203,125.00944843042556,127.65374917996203,2531000
2025-10-24,125.2060546875,126.257875661174,124.82268117838917,125.13724424996153,2175000
2025-10-27,125.32401275634766,125.4124876056156,124.1149139812965,124.84233968741205,2308300
2025-10-28,123.51527404785156,125.18638894154617,123.24985700605205,124.7047158839148,3159200
2025-10-29,122.17837524414062,123.92813272413979,121.71635911182683,123.515270116454,3686400
2025-10-30,123.08274841308594,123.74136367279766,122.2668478675937,122.40446874276405,2666400
2025-10-31,122.1882095336914,122.80750345578593,121.64755075265847,122.22752335433469,2961900
2025-11-03,121.56891632080078,121.89331161132543,120.19270001233072,121.76552293616824,3365700
2025-11-04,121.7261962890625,122.39464375252439,121.39196880744396,122.22752626182752,3169800
2025-11-05,121.6672134399414,122.36515753578712,121.07740860521194,121.68687785097177,3822300
2025-11-06,121.89330291748047,122.73869255382564,121.30349811299605,121.50009721456586,4674700
2025-11-07,121.55908203125,123.58408126134465,120.33031890623627,121.99160155140788,5456800
2025-11-10,120.84148406982422,121.57874196315682,119.7699986982978,120.95944803267648,4442000
2025-11-11,121.56891632080078,122.10957513834187,120.2320213354042,121.03808970897195,3101600
2025-11-12,121.79500579833984,122.17837930389754,121.33298965067412,121.55908537179091,3238900
2025-11-13,121.49026489257812,122.47327539903067,121.00859184435338,121.65738237850404,3277900
2025-11-14,121.67371368408203,123.15112852247175,121.21759928984643,122.28848051020707,3878200
2025-11-17,124.12284851074219,124.15259394874423,121.822441337363,122.28847337263203,3879900
2025-11-18,122.75450897216797,124.86651834623943,122.74459130422468,124.58888416354054,3774300
2025-11-19,121.19776916503906,122.83382883858641,120.42434992204213,122.83382883858641,3411000
2025-11-20,121.5051498413086,121.94143645934496,120.83089214296342,121.2473434247449,2639200
2025-11-21,121.76295471191406,122.34796851961318,120.88047138388256,121.90177180407875,4407000
2025-11-24,121.05894470214844,122.36780454703512,120.37477690546079,122.0306719177559,3442700
2025-11-25,120.90029907226562,121.94143482775306,120.5631664451218,121.22751403141471,2835100
2025-11-26,122.38763427734375,122.55619681219957,120.92012954486556,121.37625150324442,3374400
2025-11-28,122.89332580566406,123.08171610640639,122.00092481674427,122.10999646899914,1439800
2025-12-01,119.73026275634766,122.4173758201437,119.65093654307091,122.16948707737694,4050600
2025-12-02,118.67921447753906,120.11696613015896,118.36191719589365,120.07730302433279,3554400
2025-12-03,117.61825561523438,119.54186715129967,117.37036686778065,118.85769935250303,3328400
2025-12-04,116.97373962402344,118.43132662290657,116.84483263788626,117.38027322308602,3151000
2025-12-05,115.53598022460938,117.18196508389285,115.41699847138385,116.84483246483794,3983100
2025-12-08,114.24696350097656,115.43682642490157,113.16616466269318,115.2186831236904,5217200
2025-12-09,114.26679229736328,115.22860182590303,114.07840199777837,114.8220682231486,2929700
2025-12-10,113.03726959228516,114.42544810027098,112.93811560563566,114.30645877731303,3366400
2025-12-11,113.4239730834961,114.52459971189849,113.02734958015904,113.592535613801,2992300
2025-12-12,114.3262939453125,114.37586715608214,113.43389293685223,113.53304692335576,2955700
2025-12-15,115.74421691894531,115.96235266143596,114.4353646391805,114.83198058186473,3797200
2025-12-16,114.61383819580078,116.2300776785924,114.2667954606801,115.99210659807596,3222300
2025-12-17,116.43830108642578,116.9142508032944,114.42544569636726,114.49485424206017,4436700
2025-12-18,116.55728912353516,116.81508796757656,115.66488814233482,116.34905592378506,4611000
2025-12-19,114.58409118652344,116.4977926025013,114.57418108348736,116.4383017244283,6898600
2025-12-22,115.3178482055664,115.47649306996846,114.02882369434036,114.32629321691996,2477200
2025-12-23,115.80370330810547,116.20032680037836,115.13936330840262,115.3872520454527,3627800
2025-12-24,116.48788452148438,116.5176299610372,115.833454591465,116.20033266419989,1060600
2025-12-26,116.19041442871094,116.80518124800342,115.78387325023584,116.17058665742728,1440300
2025-12-29,116.52753448486328,117.03322962794135,116.09125545070385,116.30939875026553,2489100
2025-12-30,116.68618774414062,116.94399415137542,116.25981880966016,116.59694386415153,1834800
2025-12-31,116.22016143798828,116.81509292906904,116.1110897820443,116.70602127312506,1973900
2026-01-02,116.4482192993164,117.07289621347591,115.39716587609412,116.19041288626595,2619600
2026-01-05,115.82353210449219,116.01192996710758,114.12797403584551,116.01192996710758,4310300
2026-01-06,116.74568176269531,116.91425185944153,115.41700171458147,115.77396211421652,3303700
2026-01-07,115.20877838134766,117.30096004581651,114.97079973351875,117.12247984242698,3227800
2026-01-08,116.32923126220703,117.59842044051844,115.20877684556491,115.52607414014277,3214100
2026-01-09,115.8136215209961,117.26129084438806,115.7739584150857,116.39863531200567,2884800
2026-01-12,115.72438049316406,116.49779216506565,115.2880938823625,115.78387137101369,3007800
2026-01-13,116.39863586425781,116.56719839145381,115.00054730786162,115.49632478664796,3284100
2026-01-14,117.67774200439453,118.28259113030362,116.35897210266072,116.57711540249205,4554900
2026-01-15,117.89588928222656,118.40158444299273,117.44968499979848,117.62816519977687,3716400
2026-01-16,118.21318817138672,118.39166837377542,116.8646727677753,117.49926736183194,4499800
2026-01-20,118.54039764404297,118.63955162633923,117.1026384233734,118.0644479380714,4595000
2026-01-21,118.36192321777344,119.81950271498148,117.45960453548986,119.17499801616671,4751700
2026-01-22,116.71593475341797,118.50073672758289,116.62669843719176,118.14377633274991,3807200
2026-01-23,116.43830108642578,116.9439962421679,115.26826591262807,116.89441546740264,4491000
2026-01-26,117.77690124511719,118.68913002608302,117.0134072265829,117.16214198901443,3955600
2026-01-27,119.2741470336914,119.30389247209405,117.20179323372739,117.77689692605846,4812900
2026-01-28,119.22457122802734,120.07730913427028,118.58997663244621,119.18490812018298,4463400
2026-01-29,119.86907958984375,120.71189980044912,119.27414812147313,119.3633844374949,4298400
2026-01-30,120.3251953125,120.40452152649303,119.08575158747432,119.70051839847414,5603000
2026-02-02,118.48090362548828,120.96970876833834,118.03470690601698,120.43426816599425,4273000
2026-02-03,120.64249420166016,120.87055517867022,118.4709939108249,118.4709939108249,4169300
2026-02-04,121.17793273925781,122.3083048069814,120.58300126650289,121.40599371237866,5679700
2026-02-05,122.36780548095703,123.00240007212854,121.39607825793325,121.99100974153602,4224100
2026-02-06,120.83088684082031,123.2304480047974,120.31527403031838,122.95281382912586,4412100
2026-02-09,120.69207000732422,121.02919505993184,119.76000593135079,120.46400903970547,4288500
2026-02-10,122.59585571289062,123.31969416855507,119.4427106101342,121.16801413731366,6608700
2026-02-11,124.1426773071289,124.34099283705474,121.881933220722,123.22053089662462,5980300
2026-02-12,125.04499816894531,127.00827277782926,124.2517511650753,124.34099504636862,7095000
2026-02-13,128.1999969482422,128.25999450683594,124.9800033569336,125.11000061035156,5569400
2026-02-17,126.70999908447266,129.0,126.16999816894531,128.5,4252700
2026-02-18,125.23999786376953,126.9000015258789,124.77999877929688,126.9000015258789,4111700
2026-02-19,126.37000274658203,126.76000213623047,125.30000305175781,125.63999938964844,5483600
2026-02-20,126.77999877929688,127.30999755859375,125.08000183105469,127.18000030517578,5039300
2026-02-23,127.79000091552734,128.61000061035156,126.80999755859375,126.83000183105469,4891100
2026-02-24,128.4600067138672,128.57000732421875,126.5199966430664,127.86000061035156,4231900
2026-02-25,128.92999267578125,129.1699981689453,126.27999877929688,128.0800018310547,3853900
2026-02-26,129.22999572753906,129.8000030517578,128.24000549316406,129.27000427246094,3737800
2026-02-27,130.85000610351562,131.57000732421875,129.3000030517578,129.8699951171875,4691400
2026-03-02,131.6300048828125,132.1999969482422,130.5500030517578,131.0,5034200
2026-03-03,131.42999267578125,132.3000030517578,128.49000549316406,130.85000610351562,3579600
2026-03-04,131.8800048828125,132.66000366210938,130.55999755859375,131.5,3702400
2026-03-05,131.61000061035156,131.72999572753906,129.52999877929688,131.00999450683594,4860500
2026-03-06,132.5,132.6300048828125,130.22999572753906,131.39999389648438,5041000
2026-03-09,131.0800018310547,132.47999572753906,130.5399932861328,131.86000061035156,5518378
