Price,Close,High,Low,Open,Volume
Ticker,ED,ED,ED,ED,ED
Date,,,,,
2018-01-02,62.08396911621094,63.09418967186211,61.82398713509089,62.95305416760459,1998200
2018-01-03,61.497135162353516,62.38107936060712,61.2520069224239,61.95024893900613,1884300
2018-01-04,60.7766227722168,61.51943165756151,60.55377783974057,61.408009191323394,2289700
2018-01-05,60.7171745300293,61.058865812455416,60.18978109407724,60.99201575743247,1748700
2018-01-08,61.57142639160156,61.58628574252948,60.60577259983474,60.813763842552405,1848100
2018-01-09,60.91773986816406,61.497129716926196,60.680041323359596,61.407990637431894,1712900
2018-01-10,60.10807800292969,60.74689393149229,59.95208885765471,60.54633807819034,1461200
2018-01-11,59.71440124511719,60.37550064883506,59.48413232187526,60.19722811687942,1513600
2018-01-12,59.04587936401367,59.56584900744266,58.8156104127019,59.52870629463262,1899700
2018-01-16,58.69674301147461,59.32070528799898,58.36248135178069,59.17214580973076,2754200
2018-01-17,58.8824577331543,59.083019305429104,58.57047936204019,58.852750364918506,1951600
2018-01-18,58.14706802368164,58.72645794173768,57.76823397449845,58.600181814403626,2487700
2018-01-19,58.13964080810547,58.62989732392036,58.00593500080879,58.26592260796101,2584100
2018-01-22,58.332786560058594,58.97160271725919,58.2139400737236,58.3699292748285,3095700
2018-01-23,59.172157287597656,59.528702371474246,58.4442021016449,58.4442021016449,2066000
2018-01-24,58.99386978149414,59.16471828818113,58.74131752581369,59.07557919766865,1773800
2018-01-25,59.70697021484375,59.80353898731332,58.99387443602486,58.99387443602486,2728000
2018-01-26,59.72184371948242,59.8778329267721,58.9047549667915,59.8035531614698,2505200
2018-01-29,58.77846145629883,59.446990545590545,58.76360777306199,58.897313590920334,3332500
2018-01-30,59.12016296386719,59.35786727380491,58.719051108803974,58.808184557847945,2082400
2018-01-31,59.69211196899414,59.72925467359404,58.71160463967568,59.194431463569245,3505400
2018-02-01,58.49620056152344,59.907538597396616,58.362494733552666,59.71440669762059,2924600
2018-02-02,57.90937423706055,58.71160911322428,57.857377846967424,58.2956379924793,2621600
2018-02-05,57.292842864990234,58.47391184847633,57.159137049259385,57.849949486005166,2953000
2018-02-06,56.364322662353516,56.995714597220335,55.39124506941584,56.52774148468701,3234400
2018-02-07,55.903785705566406,56.90657634146749,55.89635603157552,56.2974734193721,2643100
2018-02-08,55.51010513305664,56.98086341034098,55.487816108216514,55.85922051501095,3054800
2018-02-09,57.11456298828125,57.56767676847858,55.65865855264982,55.67351223374016,2788800
2018-02-12,57.493404388427734,57.7905290528976,56.7283122027654,57.211133406949635,2442900
2018-02-13,57.75206756591797,57.879521102132365,56.80740016804777,57.279736726994,2193000
2018-02-14,56.89735412597656,57.4821461554984,56.79239174734549,57.212241261869764,2825400
2018-02-15,57.81203842163086,57.90200863744189,56.72492548401572,56.89736124762683,2234000
2018-02-16,58.306854248046875,58.46430353935602,56.792392952781825,57.60960087804357,3347100
2018-02-20,57.24974822998047,58.42683160519521,56.89737196835181,58.15692662692741,2512100
2018-02-21,56.582481384277344,57.78205581666776,56.57498243531869,57.287233865816376,2210000
2018-02-22,56.8223762512207,57.36218598561734,56.58996039558552,56.76239612072773,1901600
2018-02-23,58.201904296875,58.26188444732406,56.799904030265715,56.88237530712767,1422300
2018-02-26,57.69955825805664,58.509272776131795,57.59459590053055,58.24686688231655,1774800
2018-02-27,56.724918365478516,58.01445697681469,56.71741941842999,57.77454215144742,2417700
2018-02-28,56.14762878417969,57.15976944116889,56.14762878417969,56.934852472961055,1799400
2018-03-01,55.922698974609375,56.9723285193148,55.607811827203996,56.16261952884681,2626700
2018-03-02,55.74277114868164,56.537493782482535,55.27793931761291,55.8777236170613,1723000
2018-03-05,57.04730224609375,57.23473589372059,55.465367522542564,55.66779334517031,2363400
2018-03-06,56.3350715637207,56.97984393958624,56.020184325281015,56.972344990093156,2266600
2018-03-07,55.84022521972656,56.41751823838026,55.60031042080269,56.23008462297036,1849400
2018-03-08,56.462520599365234,56.5000096238166,55.81025504607893,55.93020962828364,1739100
2018-03-09,56.4100456237793,56.50751481010285,56.00518813910826,56.47002578151338,1844700
2018-03-12,56.7474250793457,56.91236763961157,56.37255770420408,56.45502898433701,1764800
2018-03-13,56.597469329833984,57.287229581897776,56.36505340969454,56.859875323543314,2134100
2018-03-14,56.957340240478516,57.30971642859068,56.56747503319735,56.792397708168885,1679600
2018-03-15,57.414676666259766,57.66958368298677,56.91235586034171,57.07729266644806,1855500
2018-03-16,58.06694412231445,58.16441328388132,57.399680767066734,57.51964105206558,3479000
2018-03-19,57.76707077026367,58.4718176187834,57.45967674525332,58.066960125366805,2177100
2018-03-20,57.647090911865234,58.066940442713616,57.47465516313287,57.78954231126916,1429500
2018-03-21,57.482139587402344,58.20188398149817,57.227232617002144,57.67707214830954,1440900
2018-03-22,57.549644470214844,58.64425658459599,57.42218520783795,57.50465649289607,2187100
2018-03-23,56.66494369506836,57.87951011313899,56.53749018305227,57.73706442560031,1592700
2018-03-26,57.29473114013672,57.384701373926774,56.69494674160384,56.792410204859536,1526500
2018-03-27,58.19440460205078,58.71921656011272,57.11478489401326,57.31721072925963,2044500
2018-03-28,58.14940643310547,58.45680032605974,57.75204806027802,58.20938656636782,1976200
2018-03-29,58.4343147277832,58.77919194660001,58.216891014177214,58.28436438045793,1745300
2018-04-02,57.782047271728516,58.83167688985682,57.482152277974535,58.606754214536025,1699500
2018-04-03,58.224395751953125,58.48680173584247,57.624605743044796,57.78204933337841,2116100
2018-04-04,58.681732177734375,58.966635023215844,57.864524104166954,58.17941130388898,2431200
2018-04-05,59.14656448364258,59.31900596529522,57.84952677738114,58.68172695398782,2032300
2018-04-06,58.89915084838867,59.52143196563625,58.69672501459628,59.3414972555962,1646100
2018-04-09,58.824188232421875,59.31901591668185,58.689235747625716,58.99662974300339,2282600
2018-04-10,58.17940902709961,58.921644745975435,58.07444663129986,58.794191225364536,1892100
2018-04-11,58.111942291259766,58.456819591145845,57.85702950089566,58.0744532656108,1435100
2018-04-12,57.21225357055664,58.26938225137037,57.032318842766465,58.22439999942829,1838000
2018-04-13,57.497154235839844,57.864522626131844,57.29472266974512,57.347203868358264,1412100
2018-04-16,58.321876525878906,58.41184676995338,57.69209625740388,57.76707432081085,1318000
2018-04-17,58.824188232421875,59.01162192130418,58.156924757602624,58.381847472270294,1336900
2018-04-18,58.48680877685547,59.37149600048771,58.45681870079751,58.89915945260257,1573900
2018-04-19,58.56177520751953,58.794191123527625,58.17190997806297,58.389333717563446,1574400
2018-04-20,58.17940902709961,58.73421107918709,57.93199521413381,58.55427636067631,1640200
2018-04-23,58.254371643066406,58.584256672053094,58.02945471241053,58.34434184734113,1451700
2018-04-24,58.71171188354492,59.01910580043213,58.141917733250864,58.41182263392522,1441400
2018-04-25,58.771690368652344,59.01160519361349,58.30685289278109,58.47179540744575,1284900
2018-04-26,59.56641387939453,59.61140184666846,58.55427327606092,58.81667925173685,1238100
2018-04-27,60.30117416381836,60.56358021709409,59.38649673238043,59.41648681275808,1551500
2018-04-30,60.07624053955078,60.593559322324495,59.97127813725204,60.50358909748761,1587500
2018-05-01,59.9412841796875,60.15870791894352,59.791339534693755,60.15870791894352,977500
2018-05-02,59.41648483276367,60.1362295777736,59.236550076516885,59.97878595105482,1782000
2018-05-03,59.22903060913086,59.49143656276209,58.48679499171086,59.40896530304645,1322200
2018-05-04,59.41648483276367,59.866324583392036,58.951647182434805,59.221552176816374,1921300
2018-05-07,58.74920654296875,59.521432302955844,58.674234223362284,59.36398871577587,1471900
2018-05-08,57.152259826660156,58.57675071028894,57.047291740899574,58.57675071028894,2204900
2018-05-09,56.552486419677734,57.257238840293105,56.1401300629301,57.16726862063319,2281900
2018-05-10,57.40717315673828,57.4296642776009,56.59745848556085,56.979824700286954,1928400
2018-05-11,57.602108001708984,57.7745437484472,57.27222296270259,57.3996764659475,1702700
2018-05-14,57.4521484375,57.86450467008825,57.0997780533117,57.75954230543304,1886200
2018-05-15,56.68402862548828,57.319734573315884,56.36617565157448,57.069996250324174,1720700
2018-05-16,56.42670440673828,56.789969004683705,56.07857896123367,56.68401803317773,1746500
2018-05-17,55.95750427246094,56.57807683009514,55.8969592000342,56.54023471635446,1361700
2018-05-18,55.98020553588867,56.3434644116566,55.510989899634716,56.13156243847602,1728500
2018-05-21,55.88181686401367,56.086155028348344,55.53369137822022,56.086155028348344,1410500
2018-05-22,56.10886001586914,56.47212466899908,55.73803155926468,55.851552124236264,1410700
2018-05-23,56.83537292480469,56.89591798465881,56.07857699831223,56.15425543618253,1941100
2018-05-24,57.42567825317383,57.49379289542355,56.79754196295554,56.94889885300676,1474900
2018-05-25,57.44837188720703,57.81163063743284,57.402960213008505,57.50891116298217,1474100
2018-05-29,57.50893020629883,57.84949189303844,57.14567133578468,57.4029792212409,2012800
2018-05-30,57.7662467956543,57.86462820851369,57.22892226592201,57.41812128796419,2287600
2018-05-31,58.0689697265625,58.26573256360159,57.44082755150875,57.76625011909956,2786200
2018-06-01,57.16838073730469,58.02355829134981,56.92620620503284,58.02355829134981,1590300
2018-06-04,56.72185516357422,57.56189914510126,56.646176721991466,57.37270015419688,1405400
2018-06-05,56.010475158691406,56.71429568952644,55.828839956356575,56.6083447084455,1970800
2018-06-06,54.784461975097656,56.093721595540096,54.64823846414928,55.98020104076724,2162400
2018-06-07,55.08717727661133,55.58665959559378,54.496877366043506,54.76175479079896,2286100
2018-06-08,55.056915283203125,55.359634872529135,54.81474076652151,55.261247686008026,1509600
2018-06-11,54.02766418457031,55.19313067874858,53.92171320999911,55.10231308316109,2385900
2018-06-12,54.85258865356445,54.928267115387044,53.82334540586703,53.95956894670629,2015900
2018-06-13,54.81473159790039,55.20826295647278,54.549854166756,54.96608848029863,2382300
2018-06-14,55.43531799316406,55.54883857045494,54.75420030331519,54.867720880606065,2323700
2018-06-15,55.798583984375,55.83642032842163,54.96610358079762,55.450452666208164,3218700
2018-06-18,55.92722702026367,56.192104472425314,55.55639858723737,55.81370646250999,1769700
2018-06-19,56.653751373291016,56.72942982165295,55.965064213237746,55.965064213237746,2047100
2018-06-20,56.78240966796875,56.805112626829036,56.26778809618366,56.638616563325634,2559800
2018-06-21,57.10026168823242,57.34243620186629,56.55537336297811,56.67645773284711,1968700
2018-06-22,57.334869384765625,57.5013654367433,56.91862925482143,57.107828264087786,2427500
2018-06-25,58.59114456176758,58.704665115824916,57.49379267830218,57.5164956343346,1800700
2018-06-26,58.63655090332031,58.93926465468884,58.29598927218867,58.424643193909766,1763000
2018-06-27,58.95439529418945,59.0981825731597,58.371659281767215,58.51545233463133,1423900
2018-06-28,58.98468780517578,59.718780920156455,58.8863006203459,59.204159359317124,1363800
2018-06-29,59.014957427978516,59.44633093754404,58.470063358233524,58.92413982505583,1961800
2018-07-02,59.28740692138672,59.35552157651077,58.68954305095575,59.02252942678509,1543900
2018-07-03,59.37821960449219,59.76418722107665,58.99982156538079,59.294971573976014,1008800
2018-07-05,59.779319763183594,59.779319763183594,59.18901975427743,59.484169758730516,1734000
2018-07-06,60.1652717590332,60.218247239060226,59.7187649665046,59.786873823441795,1322700
2018-07-09,58.1673469543457,60.165288136202264,57.91003328567699,60.165288136202264,2460900
2018-07-10,58.92412567138672,59.15116673721002,57.46350944178869,57.81920441709458,2177200
2018-07-11,59.809600830078125,59.900418449747185,58.95442323030676,59.04523507607921,2018100
2018-07-12,59.95338439941406,60.082038343025864,59.62796186481643,59.817160878561666,2095100
2018-07-13,60.135013580322266,60.28637625501251,59.62039203416673,60.05933512992497,1412700
2018-07-16,59.938232421875,60.15014012200696,59.67335501407812,59.99877747905556,1353400
2018-07-17,59.75661087036133,60.13500886658238,59.70363538184619,60.104736334017275,1375100
2018-07-18,59.43875503540039,59.87012849906191,59.241986470287884,59.84742554422103,1559000
2018-07-19,59.620384216308594,59.99121261635659,59.340373409166084,59.52200282108216,1953200
2018-07-20,59.06791305541992,59.65064326665965,58.62140054191186,59.37062674890396,1438600
2018-07-23,58.62141418457031,59.196580729053984,58.34896717791462,59.128466090442586,992200
2018-07-24,58.734928131103516,58.87872119453562,57.52405588979028,58.454911579655274,1802100
2018-07-25,58.568450927734375,58.93927940770874,58.39439105451822,58.545747968088456,1296800
2018-07-26,59.25712203979492,59.590108313818696,58.916560416089,58.93169956766415,1836700
2018-07-27,59.44632339477539,59.771745879921426,59.15117344009583,59.25712440978107,1483900
2018-07-30,59.15117263793945,59.446322588616454,58.803041429243514,59.24198445421254,1031800
2018-07-31,59.733917236328125,59.86257118938583,59.045230004261406,59.49931228970571,2439500
2018-08-01,58.86360168457031,59.39336243646109,58.46250066210355,59.34795074270711,1856100
2018-08-02,59.17388916015625,59.3630881859668,58.34140882747296,58.84089702708293,1763800
2018-08-03,59.870140075683594,60.22583516735518,58.780351841438055,59.21929496621984,1775200
2018-08-06,59.733917236328125,60.21069670736932,59.552287786488066,59.81716527039984,1650700
2018-08-07,59.42363357543945,59.703650240936064,58.924151098541586,59.62040219913698,1567500
2018-08-08,59.41607666015625,59.491755132231276,59.03010894650707,59.28741690634165,1069700
2018-08-09,59.74905014038086,59.78689225516407,59.27227067315112,59.522014773369776,710800
2018-08-10,59.5371208190918,60.24851067833724,59.4614423981684,59.92308827186256,1108000
2018-08-13,59.82473373413086,59.877709229926694,59.32524553900211,59.453899489664,1684500
2018-08-14,59.966007232666016,60.317316034374564,59.660530438026825,59.78271999056323,1532000
2018-08-15,60.93590545654297,61.33302872908386,60.080555403983816,60.156924591788346,2081700
2018-08-16,61.63852310180664,61.71489230422488,60.638073148955314,60.86718075621005,2286900
2018-08-17,61.98982620239258,62.066195404944104,61.30249172623552,61.56979267506086,1986100
2018-08-20,61.32541275024414,62.264765089044815,61.302496743666076,62.127298182562136,1611900
2018-08-21,60.80607604980469,61.302478673996184,60.500593478043854,61.22610948770483,1497500
2018-08-22,60.27913284301758,60.9970161803951,60.0500194040172,60.95882866502944,1224800
2018-08-23,60.34783935546875,60.79078872035508,60.14164200372897,60.32492918600816,1382500
2018-08-24,60.676246643066406,60.783164677332934,60.12638496395109,60.35549254026684,908500
2018-08-27,60.27149200439453,60.84426975467435,59.958376530738455,60.79081073104543,1011800
2018-08-28,59.91254425048828,60.30203471248168,59.79035470602909,60.17984516802249,1220900
2018-08-29,60.492977142333984,60.55407484455937,59.897289112130444,60.065304879951455,1391500
2018-08-30,60.63041305541992,60.92061825269645,60.393666863604714,60.56931538443709,1510300
2018-08-31,60.27913284301758,60.92827981805627,60.11875576635603,60.63043584331385,1623300
2018-09-04,60.760257720947266,61.042830155960544,60.37840591359773,60.47769111253017,1495100
2018-09-05,61.62324905395508,61.65379789898353,60.75262736373173,60.813719227192216,2623000
2018-09-06,62.12728500366211,62.280029215462264,61.24139188160485,61.57741749437337,1780000
2018-09-07,61.15739059448242,61.921094255772374,61.035195211909695,61.70725816286663,1765200
2018-09-10,61.50867462158203,61.707239143763864,61.088635406696376,61.39411794237733,1129400
2018-09-11,61.249019622802734,61.80652575291385,61.18028910316194,61.51632051454921,1500200
2018-09-12,61.210845947265625,61.66906695124355,61.05810172820886,61.24902763208268,1194100
2018-09-13,61.6690559387207,61.67669460495851,60.83662194324853,61.27193269328158,1337900
2018-09-14,61.3177604675293,61.378858151644856,60.500597878920175,61.378858151644856,1551800
2018-09-17,61.36356735229492,61.501034198092626,60.95116681490181,61.34829584791499,1208100
2018-09-18,61.15739059448242,61.54687526659079,60.81372045094402,61.34831650980491,1455500
2018-09-19,59.81326675415039,61.18793558858081,59.43905361512062,61.07337888127891,1480500
2018-09-20,59.9049072265625,59.92781740038652,59.11829351676127,59.744530183198755,1607600
2018-09-21,59.48486328125,59.71397665469474,58.782257481692305,59.56887112974006,4717500
2018-09-24,58.50734329223633,59.39323659027801,58.43860692662267,59.39323659027801,2004800
2018-09-25,57.81235885620117,58.43096272002141,57.461055907493794,58.36222636777653,1628300
2018-09-26,56.827186584472656,57.92691578532649,56.78899907456556,57.83527508410298,2120200
2018-09-27,57.430503845214844,57.613796889861085,56.750808161122954,56.95701137970107,1726100
2018-09-28,58.186580657958984,58.22476234299184,57.415238370502294,57.60616427545521,3163300
2018-10-01,57.86582565307617,58.07202891093576,57.62144070692176,58.07202891093576,1735900
2018-10-02,58.866268157958984,59.01136786328873,57.93454894019927,58.04146696585084,1788800
2018-10-03,58.125484466552734,59.08011401589621,57.54506806910492,58.70590086400055,2454000
2018-10-04,58.49968719482422,58.621882552133364,57.560335148540375,58.056737764471585,1329100
2018-10-05,59.309226989746094,59.477236894818724,58.37750762437923,58.46914833140133,2420500
2018-10-08,59.58416748046875,60.042394418425886,59.06484866716854,59.385608689058046,2168400
2018-10-09,59.74454116821289,60.202762208731556,59.37796083983997,59.73690250000187,1897900
2018-10-10,59.39322280883789,60.47004761634424,59.36267979409345,59.62997487257512,1774700
2018-10-11,58.07966613769531,59.7979993864248,57.86582421684563,59.53069844201184,2508800
2018-10-12,57.45343017578125,58.04147944328037,57.1173986934408,58.01856926522928,2351800
2018-10-15,57.49161911010742,57.96511754703245,57.22432395482612,57.52216796022492,1855500
2018-10-16,58.11785125732422,58.484431602404904,57.00284453815764,57.468704268119986,1963100
2018-10-17,58.125484466552734,58.385140907207905,57.69017362511597,58.10257428962391,1654800
2018-10-18,58.316402435302734,58.63715652182097,57.85054281253291,58.186574232654245,1725200
2018-10-19,59.095375061035156,59.50777565251982,58.22475353232155,58.26294103817202,2101800
2018-10-22,58.6677131652832,59.293949914602116,58.57606663126225,59.04192631599178,1949100
2018-10-23,58.2629508972168,59.26340079256195,57.98037845525531,58.80517977779451,2152100
2018-10-24,59.736900329589844,60.042382954368776,58.30113374110777,58.568434679412114,1966300
2018-10-25,58.660072326660156,59.40086575944198,58.40041589643765,59.40086575944198,1728500
2018-10-26,58.29350662231445,59.37796451147188,57.75127767773574,59.00375131834514,2550200
2018-10-29,59.06483459472656,59.225217480758204,58.293498141241095,58.293498141241095,1791700
2018-10-30,58.980838775634766,59.67580610645261,58.4233325160276,59.27868274978481,2067900
2018-10-31,58.04145812988281,58.57604817675709,57.55268842228505,58.53022783748058,2861400
2018-11-01,57.75890350341797,58.20949167544804,57.49924706569607,58.094934965501665,2496000
2018-11-02,56.926456451416016,58.117831981237124,56.46059687596648,58.117831981237124,3468000
2018-11-05,58.07203674316406,58.11785710593637,57.13267852014914,57.13267852014914,2103100
2018-11-06,58.980838775634766,59.049569311240106,58.27822694984284,58.644807286195004,1580900
2018-11-07,59.76744842529297,59.82854028820556,58.690623497433904,59.187032028150576,1500400
2018-11-08,59.698707580566406,59.996551511289056,59.1335685615793,59.744533757551686,1398500
2018-11-09,60.33259582519531,60.531160430244434,59.614712440738856,59.72163049885827,1361800
2018-11-12,60.61515426635742,61.20320344978847,60.06528676535415,60.27912283205635,1520600
2018-11-13,60.965797424316406,61.14304268819484,60.17973531627676,60.68836443083907,1560200
2018-11-14,61.204708099365234,61.7826926389377,60.10268400873122,60.256816747021546,2987600
2018-11-15,58.985225677490234,59.786697953076946,58.83880110535062,59.686510243903356,9613500
2018-11-16,59.339744567871094,59.755894131427056,58.80029469635186,59.60176139701968,4087300
2018-11-19,59.725067138671875,59.86378365882162,59.22414604482211,59.316625684776135,3635700
2018-11-20,60.195159912109375,60.58048291455301,59.370568922062496,60.11038838120678,3540900
2018-11-21,59.42451858520508,60.071858458079944,59.33203894069601,59.98708692050402,1959000
2018-11-23,59.60174560546875,59.68651711704184,59.10083052016005,59.50156376431922,813400
2018-11-26,60.23369598388672,60.310759410279346,59.43992564131124,59.51699494726642,2148700
2018-11-27,60.91957092285156,60.99663434981194,59.748185666628444,60.19516177438628,1513400
2018-11-28,60.75772476196289,61.2124089364667,60.43405486933703,60.79625941184971,2285600
2018-11-29,61.06599044799805,61.14305387593997,60.29534440945343,60.74232052290434,2286900
2018-11-30,61.92140197753906,61.95222852161965,60.91956575294916,61.166172226031826,2937200
2018-12-03,62.59956359863281,62.60726582367845,61.32028869372405,61.5437766908308,2359200
2018-12-04,63.185264587402344,63.96361870222498,62.53021665612337,62.5918697478952,3962500
2018-12-06,62.907814025878906,63.57056987885516,61.72872690219534,63.424151176147014,2443000
2018-12-07,63.54745101928711,63.83259207769697,62.31441893349983,63.00029321495528,2069500
2018-12-10,63.89425277709961,64.0252611656953,62.653512439078135,63.70929353248767,2570700
2018-12-11,64.1562728881836,64.49535897469802,63.60140688463699,63.917374534263935,1796600
2018-12-12,63.55518341064453,64.44142758207552,63.393348438749605,64.15628641470083,2938300
2018-12-13,64.6803207397461,64.98087221739468,63.609123241549874,63.647652014839736,2562800
2018-12-14,64.6032485961914,64.84985505430765,64.00984794788681,64.81132040665503,3049000
2018-12-17,62.137184143066406,64.89609820218018,61.89057766110756,64.68802637159959,3769500
2018-12-18,61.81350326538086,63.05424356111909,61.605431471735145,62.368369221184444,3047100
2018-12-19,61.72871398925781,62.37605937794893,61.31256464214773,61.990736561686944,2197600
2018-12-20,62.21424865722656,62.884706854929924,60.9966266739659,61.75185639452676,2858200
2018-12-21,61.62086486816406,63.56289644043137,61.482148327287824,62.22196791877327,3542600
2018-12-24,58.04505157470703,62.0524080838943,57.829271653690135,61.60543791017153,1279400
2018-12-26,58.6384391784668,58.676973822314295,56.91219414211191,58.191469059466066,2457300
2018-12-27,59.20872497558594,59.20872497558593,57.67513542545487,58.59220591347117,2211500
2018-12-28,58.93901062011719,59.71735887262503,58.700106354098004,59.47075237963553,1829800
2018-12-31,58.92359161376953,59.23955929145145,58.322488683075655,58.939007826104515,1670200
2019-01-02,57.906341552734375,58.854238745656346,57.63661662127285,58.8157040927779,1764100
2019-01-03,58.05275344848633,58.507431679025736,57.675132747681694,57.906328855131015,1857000
2019-01-04,58.99295425415039,59.008364587300285,57.70597095254272,57.8138609232793,2185100
2019-01-07,58.13754653930664,58.900484569742396,58.06047722184645,58.646169933076,2380900
2019-01-08,58.49202346801758,58.59220531577563,57.682842942191535,58.16835360951174,2979000
2019-01-09,58.02963638305664,58.646149551534755,57.82155870552972,58.34559813249488,1662900
2019-01-10,58.99295425415039,59.0931361185308,57.99111209209651,58.08359172968319,1857800
2019-01-11,58.515140533447266,58.962116544476046,58.22999944788173,58.90046346442491,1378400
2019-01-14,57.37458419799805,58.222299381228275,56.48834612753988,58.222299381228275,3737600
2019-01-15,58.407264709472656,58.45350159091316,57.143405660554954,57.143405660554954,2157200
2019-01-16,58.8619384765625,58.908181233968236,57.99111062632456,58.30707830375424,2226800
2019-01-17,59.36285400390625,59.416798982875726,58.707806150830656,58.83881454553343,2250400
2019-01-18,58.96213150024414,59.38598330409293,58.73864343804191,59.08543181206027,3019400
2019-01-22,59.13936233520508,59.61716489058211,58.607620683746966,59.06229892422462,2766800
2019-01-23,59.32432556152344,59.61716889474241,58.96212103807048,59.12395597586742,2417900
2019-01-24,59.84837341308594,59.879194080219904,58.83882311735172,59.40139730532957,2522600
2019-01-25,58.530555725097656,60.10267411961046,58.45349230841367,59.678822388067665,2803600
2019-01-28,58.253108978271484,59.016052498265616,57.99109224744876,58.653848057784444,2168500
2019-01-29,58.48432159423828,58.7848730490966,58.25312545378015,58.376431629907714,1566200
2019-01-30,58.715518951416016,58.86964579520724,58.1683610125263,58.26854287303437,1716300
2019-01-31,59.84065628051758,60.017901547835,58.276246018899116,58.59220778564664,3342300
2019-02-01,59.0931396484375,59.786722272862434,58.49203666712348,59.70195073656812,2006600
2019-02-04,59.77900695800781,59.78671506389499,58.592211472551725,58.83881794488273,2393100
2019-02-05,59.7944221496582,60.11038984152806,59.347451924432335,59.725066829723396,1976600
2019-02-06,59.54011535644531,59.979383368930364,59.40139883252568,59.686534107565166,1490700
2019-02-07,60.195159912109375,60.210570245199655,59.18561552716703,59.75589192450613,1860700
2019-02-08,60.82710266113281,60.84251299758252,59.979393046870136,60.14893614563541,1755200
2019-02-11,60.857913970947266,61.166173538807115,60.572772841753505,60.780850548872856,1647400
2019-02-12,61.12238693237305,61.355769937103304,60.476699096438836,61.00569543000791,1834100
2019-02-13,60.546730041503906,60.75677004504058,60.06440782591692,60.546730041503906,2668500
2019-02-14,60.7100944519043,60.997932758272,60.344463773192714,60.67119529814357,2062400
2019-02-15,61.07573699951172,61.27022093575444,60.87347204396926,60.982382573450884,1693600
2019-02-19,61.35579299926758,61.5424959121231,60.927925974829314,60.997943276636754,2258900
2019-02-20,61.46469497680664,61.64361684564525,60.81900698798713,61.309104291753755,1852600
2019-02-21,62.234859466552734,62.30487083456683,61.137967219568964,61.192428419373755,1552800
2019-02-22,63.86851119995117,63.9385284898346,62.56157916217698,62.77162509664971,3514700
2019-02-25,63.49510955810547,63.961869758632545,63.121697836577034,63.79072296689776,2269500
2019-02-26,63.29283142089844,63.69735526089516,63.06722941843184,63.67401814601529,1398700
2019-02-27,63.526214599609375,63.72069847099906,62.997218232022384,63.21503921835055,1337600
2019-02-28,64.14079284667969,64.3586198172118,63.440655500235415,63.557341101190744,2315600
2019-03-01,64.30416870117188,64.44419143133923,63.67403673952645,64.14079697895303,1629000
2019-03-04,64.72425079345703,64.75536893508594,64.13302390804381,64.64645840697409,1661700
2019-03-05,64.51422882080078,64.82540438904216,64.41309928357396,64.70093178767348,1428300
2019-03-06,64.82538604736328,65.13656152756076,64.36640087865682,64.6620202556748,2346600
2019-03-07,64.83316040039062,65.61887714361534,64.75536801501299,65.00430720932853,1908200
2019-03-08,65.20657348632812,65.22991060889844,64.57644743621492,65.01208955133727,1773900
2019-03-11,65.556640625,65.64999504822387,65.08210529535296,65.15989768045026,1838100
2019-03-12,66.07007598876953,66.3345712648748,65.47106814071005,65.6966642596572,2578900
2019-03-13,66.26457214355469,66.4901742393496,65.89894136537602,66.14788058570502,1549600
2019-03-14,66.10897827148438,66.567957484724,65.95338757067388,66.27234405595162,1903500
2019-03-15,66.00005340576172,66.45903849571087,65.87558679614715,66.28789171421043,4209000
2019-03-18,65.89115905761719,66.25678982864954,65.54109032608953,66.07786792059908,2556100
2019-03-19,65.19878387451172,65.89114611701827,64.91095148717311,65.89114611701827,2030400
2019-03-20,65.22211456298828,65.82112826845216,64.83314678262167,65.30768794948312,1788400
2019-03-21,65.64997100830078,65.74332539733985,65.06651943095352,65.27656532249729,1349100
2019-03-22,66.05453491210938,66.58352558464676,65.67334207782177,65.88338807796872,1858400
2019-03-25,66.20233154296875,66.45127074708452,65.82114468498682,66.21789358176406,1335800
2019-03-26,66.6535415649414,66.7313339602206,66.05453359259442,66.20233736307108,1081400
2019-03-27,66.2490234375,66.8013572088143,65.9923031685965,66.75467701935376,1519100
2019-03-28,65.556640625,66.48238603263982,65.19101582152487,66.32680126244524,1935100
2019-03-29,65.97672271728516,66.03117797714437,65.27658535771768,65.55663674043775,1623600
2019-04-01,65.59555053710938,65.86782689716883,64.99654254497857,65.86782689716883,1771300
2019-04-02,65.93782806396484,65.96116518408698,65.18322952573263,65.57997837334321,1272100
2019-04-03,65.68890380859375,65.93006201819344,65.08211480690457,65.74335907963818,1217700
2019-04-04,65.33881378173828,65.93782755777234,64.99652613061113,65.79001788456273,1281300
2019-04-05,65.97672271728516,66.00005983791365,65.05098329967862,65.34659671960316,921100
2019-04-08,65.18323516845703,65.86004138647858,65.08210566078057,65.69666966112486,1792500
2019-04-09,65.4710693359375,65.51774357723683,65.11321370204861,65.16766896195723,951100
2019-04-10,65.24546813964844,66.1089772261631,65.17545084159624,65.55663766599245,1006300
2019-04-11,65.71222686767578,65.79780026602484,65.16766833862013,65.3465961538531,1086400
2019-04-12,65.77446746826172,65.86004087223462,65.04320599255824,65.53330335925695,1640800
2019-04-15,65.8211441040039,66.14787569367589,65.54886777927726,65.86004326547003,1017400
2019-04-16,65.05099487304688,66.03897074488786,64.81761175488388,65.852267811465,1850900
2019-04-17,65.268798828125,65.47883883122482,64.87983102335092,65.15988831760247,1494500
2019-04-18,65.04320526123047,65.52552753863839,64.98096897991749,65.2843634323452,1417100
2019-04-22,65.23768615722656,65.33881565827663,65.01986511793217,65.04320223854539,1298000
2019-04-23,65.4944076538086,65.60331817561669,64.94207402601654,65.29992373126865,1407300
2019-04-24,65.59555053710938,65.93006318951943,65.32327417704991,65.69668006079445,1764500
2019-04-25,65.7511215209961,66.10119614054618,65.323260455117,65.48662623683573,1522600
2019-04-26,66.10121154785156,66.82469214134146,66.02341914821194,66.41238708158973,3038700
2019-04-29,65.72000122070312,66.04673274389161,65.43216291588801,65.91448511810259,1334200
2019-04-30,67.02694702148438,67.0814022865387,65.6811155634575,65.79780711291072,2361400
2019-05-01,66.30345916748047,67.01915855298166,66.24900390847881,66.731320221014,1266000
2019-05-02,66.2490234375,66.63021036287863,65.85227447057457,66.38904620034208,1486900
2019-05-03,66.9258041381836,67.29143484942166,66.583510547207,66.583510547207,1721000
2019-05-06,66.45126342773438,67.17474383737897,66.24900442710377,67.17474383737897,1364400
2019-05-07,66.28788757324219,66.700192465549,66.08562266817908,66.49015247830529,1295900
2019-05-08,65.29215240478516,65.93005952800291,65.08211234874116,65.76669372103999,8777700
2019-05-09,65.34657287597656,65.7355405716669,65.04317854815218,65.34657287597656,7437200
2019-05-10,66.35790252685547,66.35790252685547,65.25322957278031,65.34658397226156,2658000
2019-05-13,66.93357849121094,67.05027001607591,66.12452477003858,66.15564290568108,2726800
2019-05-14,66.61970520019531,67.16113335260675,66.48631029211327,67.12975124560711,2130400
2019-05-15,67.09838104248047,67.36517092977913,66.56479528121481,66.77665748661856,1727100
2019-05-16,67.77318572998047,67.86734401532522,66.69816607452073,66.93357376121492,1491300
2019-05-17,68.22046661376953,68.52649306412341,67.5064009051657,67.5064009051657,1804300
2019-05-20,68.27539825439453,68.77759584246495,68.11845776645535,68.40094465807839,1316600
2019-05-21,68.0242919921875,68.80897638573295,67.969364324106,68.46371333683956,3080800
2019-05-22,68.67557525634766,68.8168186861741,67.87519981177572,68.18907476546411,1113500
2019-05-23,69.35040283203125,69.37394839205571,68.54217888452511,68.78543511144444,1376900
2019-05-24,69.16210174560547,69.77415478972557,69.11502258426347,69.36612142253502,1099400
2019-05-28,68.07137298583984,69.428879657616,68.07137298583984,69.428879657616,3027900
2019-05-29,67.17686462402344,68.3774313818669,66.97284490456323,68.22833935764564,1987400
2019-05-30,66.89434814453125,67.50640104652062,66.72956513143158,67.16898649969737,1469300
2019-05-31,67.71827697753906,67.78104718974137,66.88650730917917,66.98067160748438,1795700
2019-06-03,68.55789947509766,68.66775484628188,67.51426746217878,67.726129681843,1503800
2019-06-04,68.68344116210938,68.76975694588916,67.12976902741008,68.55004621869276,1719500
2019-06-05,70.08799743652344,70.2684774493563,68.74618807850212,69.09145106653068,1632500
2019-06-06,70.22924041748047,70.44895104974685,69.8839774315386,70.33909573361366,1445100
2019-06-07,69.29547882080078,71.02178812699387,69.09930771691522,70.50389353913585,2132700
2019-06-10,68.44803619384766,69.12285940170808,68.05569391733893,69.02085256501631,1584700
2019-06-11,68.04783630371094,68.77759307998154,67.57702683213864,68.37740233514482,1710400
2019-06-12,68.83252716064453,68.91884293691386,68.33032954598724,68.33032954598724,1063400
2019-06-13,68.87960815429688,69.27195042538462,68.30679179104283,68.95807541118084,2697100
2019-06-14,69.47595977783203,69.79767727933898,68.99730179916686,69.02084137407383,1560500
2019-06-17,69.15423583984375,69.6407423358691,68.76189362950083,69.39749208118994,1797600
2019-06-18,69.10717010498047,69.80553889602042,68.36172215529412,69.80553889602042,1868400
2019-06-19,69.74276733398438,70.07233942644316,68.81683923676292,69.05224701899512,1508800
2019-06-20,69.74276733398438,70.1351096465923,69.20918154937085,69.79769501828274,2382900
2019-06-21,70.00171661376953,70.16649967117642,69.18564386280055,69.78985439329459,3588900
2019-06-24,70.34697723388672,70.97472133657875,69.87616766020055,70.04095071165727,1409100
2019-06-25,69.78982543945312,70.53527314988594,69.65642455499004,70.42541782385723,1091200
2019-06-26,68.51078796386719,69.65642638444575,68.44801776639238,69.58580766728669,1525200
2019-06-27,68.47156524658203,68.973762804378,68.17338133080703,68.64419677957449,1787800
2019-06-28,68.8011245727539,69.15423013828322,68.2675389712134,68.39309134177188,2607900
2019-07-01,68.550048828125,68.77760808614595,67.89875915723768,68.72268040225596,1327800
2019-07-02,69.38179779052734,69.71921234426401,68.70696868305403,68.79328445168437,1286800
2019-07-03,70.01739501953125,70.4411193476792,69.61720427998357,69.61720427998357,698400
2019-07-05,69.68782043457031,69.72705704967977,68.54218191604383,69.36610294000707,1227300
2019-07-08,69.72705841064453,70.11940062272933,69.26409148731759,69.93892057103682,1267300
2019-07-09,69.6172103881836,69.85261214817909,69.12285531752444,69.69567764151542,1336900
2019-07-10,69.9232406616211,70.16649095615142,69.53874690876103,69.86831298264109,1046400
2019-07-11,70.0252456665039,70.30773257577572,69.27194923733502,69.92323883297102,1006600
2019-07-12,69.8055191040039,70.04876933693234,69.2405454137617,70.04876933693234,1272700
2019-07-15,69.48381805419922,69.7898445442914,69.07577874296439,69.32687755500585,1401900
2019-07-16,68.91100311279297,69.5465957394791,68.46373311870485,69.35042458441119,1335100
2019-07-17,68.73049926757812,69.36609766131478,68.69911716187902,69.1463870014222,1375200
2019-07-18,69.3268814086914,69.46027635041987,68.3067950472364,68.70697987242183,1331000
2019-07-19,68.45588684082031,69.46813075256127,68.34603146931374,69.26411106833388,1427800
2019-07-22,68.12629699707031,68.72265879657779,67.67117862411284,68.6441915566426,1484000
2019-07-23,67.88304901123047,68.12629925910636,67.51424638595616,67.93797667967557,1444800
2019-07-24,67.89875793457031,68.34602792009709,67.4907245739735,68.12631718849354,1828500
2019-07-25,67.55350494384766,68.30680754635702,67.27886648807306,67.94584730543117,1113000
2019-07-26,67.74966430664062,67.98507207719481,67.23962411488704,67.4985654784947,1098900
2019-07-29,68.00077819824219,68.14201569542521,67.46719236887517,67.8987653569401,1147400
2019-07-30,67.01204681396484,68.12629718952569,66.66678377327462,67.78103414883547,1846100
2019-07-31,66.66680908203125,67.39656606719483,66.24307864032315,66.98068414848196,2917200
2019-08-01,67.42792510986328,67.87519494110681,66.37644498846055,66.52553692776384,1362500
2019-08-02,67.58486938476562,68.57357346600583,67.4514744653392,68.32247468198722,2339400
2019-08-05,67.0748291015625,67.96936889138051,66.53339491790051,67.70257306658068,2530600
2019-08-06,67.97720336914062,68.1969200168579,66.26659123953127,67.03558453987547,1709800
2019-08-07,68.31464385986328,68.7069861857052,66.95714276498471,67.93015005680545,1405500
2019-08-08,68.68344116210938,68.82468462768826,67.82813783314221,68.15770392393681,1508500
2019-08-09,68.47156524658203,68.95806576319663,68.22830900160763,68.6834274091937,984500
2019-08-12,68.6285171508789,68.80114872767159,68.12631946566492,68.51081325882312,1695700
2019-08-13,68.6522445678711,68.8580051470603,68.0507938182619,68.6443290738919,1318300
2019-08-14,68.03495788574219,69.19828776503086,67.83711283246865,68.69180491167076,1598000
2019-08-15,68.82636260986328,69.07960412672983,67.80548104687665,67.87670239329817,1194600
2019-08-16,69.00836944580078,69.21413004329644,68.65225067584014,68.81052434298856,1213100
2019-08-19,69.75225067138672,70.02923253513251,68.79468134943598,69.0162668404326,1085900
2019-08-20,69.45153045654297,70.02132518638798,69.26951034760559,69.98175375991187,1013000
2019-08-21,69.86304473876953,69.91052561980955,69.34073693407368,69.40404276287639,1547000
2019-08-22,69.83139038085938,70.17959961701334,69.451531248466,69.78390949874822,1476600
2019-08-23,68.77886199951172,70.26665472996662,68.46230868471748,70.02132877893342,1755700
2019-08-26,69.45945739746094,69.49902883389883,68.70764840716906,69.06376718409605,959700
2019-08-27,69.67313385009766,70.27458466805882,69.62565295633219,69.83140752115156,1445300
2019-08-28,69.45945739746094,70.06090821234655,69.12707906729527,69.74435483410394,1666800
2019-08-29,69.76017761230469,69.82348948805146,69.2616041379898,69.78391805627153,2714100
2019-08-30,70.35371398925781,70.51990313744015,69.57024913704021,70.06881658158724,1719200
2019-09-03,71.730712890625,71.77028432237088,70.17169266878048,70.35371280195767,2005300
2019-09-04,71.89690399169922,72.11058006853484,71.37459609741215,71.85733859662989,1273400
2019-09-05,71.92063903808594,72.0235223406005,71.01055652901165,71.42998711933336,2572400
2019-09-06,72.12640380859375,72.47461309077681,71.80985046458669,72.10266336439997,2236000
2019-09-09,71.53284454345703,71.84148228989073,71.24003174192342,71.77026098121411,2276600
2019-09-10,70.69401550292969,71.5328768295198,70.10048017839816,71.50122088768101,2188800
2019-09-11,71.1688461303711,71.28755440879175,70.14796459635959,70.43286204946763,1481400
2019-09-12,71.37459564208984,71.91273452117403,70.91559359039243,71.596181173874,1695700
2019-09-13,71.0738754272461,71.3983443059638,70.5515674761625,70.71775664413245,1801400
2019-09-16,71.1688461303711,71.39043169662094,70.81272733286296,71.137190186942,1248800
2019-09-17,71.9602279663086,72.37174316317639,71.25589981548892,71.25589981548892,1241100
2019-09-18,72.39549255371094,72.52211029715195,71.77030121900654,72.22929733145367,1133000
2019-09-19,72.71202087402344,72.79116373540492,72.34007719919255,72.62496855670591,1004500
2019-09-20,73.1235580444336,73.22643533392437,72.33217755918594,72.94945337163848,3570900
2019-09-23,73.40052032470703,73.85160683883126,73.19475976314529,73.8120354100782,1336400
2019-09-24,74.35810089111328,74.50054960315147,73.36887540133515,73.55089554806574,2008100
2019-09-25,74.38182830810547,74.46096512587546,73.87534542907486,74.11276192013703,1220900
2019-09-26,74.9041519165039,75.14947789482734,74.38183798332798,74.67465088869203,1254200
2019-09-27,74.8803939819336,75.04658309337627,74.32642423937313,74.90413442103232,1160800
2019-09-30,74.76171875,75.15740901031523,74.3976844350405,74.95164838438014,1396000
2019-10-01,74.4688949584961,74.76962337678253,74.08903574495461,74.52429134537728,1223900
2019-10-02,73.33722686767578,74.58760946209597,73.26600552334045,74.28688705642374,1688400
2019-10-03,73.61421203613281,73.67752392569497,73.1314754820451,73.43219790083423,1439800
2019-10-04,74.50056457519531,74.57179196440526,73.46385798564658,73.84371726891818,1151900
2019-10-07,74.2789535522461,74.47679862221527,74.00197166183973,74.27103805887667,851400
2019-10-08,73.5983657836914,74.31852473410457,73.48757302789744,74.26312231845523,1445700
2019-10-09,73.8832778930664,74.1840002847688,73.57464000644319,73.7091732313295,847500
2019-10-10,73.637939453125,73.986142680035,73.23433380888,73.8278690348716,1179200
2019-10-11,72.9811019897461,73.58255278873187,72.75160094753109,73.47966947181456,1311700
2019-10-14,72.21347045898438,73.07607230387934,72.1897300100796,73.07607230387934,1017500
2019-10-15,71.80984497070312,72.46669205265832,71.72279265681739,72.16596971962272,1521400
2019-10-16,71.88899230957031,71.96021968487675,71.429996268359,71.69114721047384,1295000
2019-10-17,72.25302124023438,72.42711982834203,71.86524055981815,71.89689649522471,1096100
2019-10-18,72.40338134765625,72.5141741057045,71.80193667189506,72.15013989529562,1135200
2019-10-21,73.34513854980469,73.39261944355975,72.4113094001829,72.53001767232408,2118000
2019-10-22,73.81996154785156,73.86744243899989,73.12354898074562,73.34513452310873,1183200
2019-10-23,74.15234375,74.44515668219412,73.63795130157617,73.88327730237852,1465000
2019-10-24,74.6192626953125,74.72213997931163,74.0019869158105,74.30270931056046,1028900
2019-10-25,73.85162353515625,75.125746545828,73.51924519439501,75.07035015570112,1299500
2019-10-28,72.08683776855469,73.77248188543412,72.07892831173369,73.53506535023176,1778700
2019-10-29,72.34799194335938,72.43504426703994,71.74654720961576,71.960217252807,1307400
2019-10-30,72.53792572021484,72.83864807937958,71.98395585301297,72.3954770158204,1207800
2019-10-31,72.9811019897461,73.0364983766426,72.30842985235913,72.59332728147062,2296800
2019-11-01,72.110595703125,73.13147730620136,71.976056425011,72.99693802808736,1607000
2019-11-04,71.1609115600586,72.06308457381773,70.88392967649258,71.8731550019085,2359800
2019-11-05,69.89472961425781,70.66236971028148,69.2616227620567,70.51200547438897,2829800
2019-11-06,70.13213348388672,70.57530457746313,69.70478734175803,70.14795843533446,1824100
2019-11-07,69.02420043945312,69.76018446347041,68.52562691617321,69.57816431226038,2322500
2019-11-08,69.57816314697266,69.57816314697266,68.79469824347996,69.00836829434041,1400200
2019-11-11,69.24578094482422,69.64147112165179,69.11915719011799,69.57024978794423,1211400
2019-11-12,68.97439575195312,69.53309042667073,68.71899438584616,69.3814437723654,1425300
2019-11-13,69.83639526367188,70.06785376154153,69.24578059728923,69.38944428254452,1990600
2019-11-14,69.62886810302734,69.79647469303823,68.9983445943677,69.03825353500099,1698000
2019-11-15,70.01997375488281,70.0279506736058,69.56503972838448,69.67677748301558,1127100
2019-11-18,69.81246185302734,70.76223890671761,69.66879814817715,70.22748695078833,1137100
2019-11-19,69.34156036376953,69.63687077580882,68.87864940363512,69.59696182390446,1860700
2019-11-20,69.68474578857422,69.83639247508017,69.0781712210508,69.58897406172852,1377800
2019-11-21,69.29365539550781,69.46126198666158,68.89459034345138,69.03825400576169,1441600
2019-11-22,68.79086303710938,69.39743777371235,68.39179782601443,69.17396222977949,1874700
2019-11-25,68.67113494873047,68.95846235728487,68.3758245318131,68.71902082040579,1110700
2019-11-26,68.99038696289062,69.03827283363684,68.5274699148402,68.71103647886808,2063300
2019-11-27,69.22183227539062,69.34154692940768,68.8786360589585,69.00633371966002,1007700
2019-11-29,69.34953308105469,70.05986847693565,69.14201752259783,69.50915668648291,747300
2019-12-02,68.28003692626953,69.14999586894359,68.21618505270176,69.0382581348249,1329300
2019-12-03,68.87065124511719,69.03027483911806,68.31993949408951,68.55938097434063,1535600
2019-12-04,69.26173400878906,69.3734717435623,68.59130760014965,68.59130760014965,1356800
2019-12-05,69.18991088867188,69.24577976063776,68.83873164245749,69.11807600228695,1072900
2019-12-06,69.26973724365234,69.58899061734064,69.01433576255204,69.07020464625361,1007800
2019-12-09,69.08615112304688,69.29366668892676,68.89460157183106,69.27770676351312,1458600
2019-12-10,69.27770233154297,69.58897261582437,68.98239197165417,69.15798158622319,1517500
2019-12-11,69.9082260131836,69.95611796910589,69.2936683969779,69.4373320862436,1817600
2019-12-12,69.85234832763672,70.12371574613013,69.45328325104333,69.772536530168,1838100
2019-12-13,70.09979248046875,70.31528500301002,69.37349091448405,69.6049494545478,2174800
2019-12-16,70.4190444946289,70.52279924952317,69.82842364268835,70.2753807859476,2829900
2019-12-17,70.65848541259766,71.36084408234342,70.38712399146998,70.49087875438612,1681000
2019-12-18,71.0335922241211,71.21716486082445,70.60260115856804,70.98570635769872,1810200
2019-12-19,71.59228515625,71.63219410677308,70.9857105152054,71.08946526161412,2234300
2019-12-20,72.33454895019531,72.74159711974026,71.65613939378783,71.94346679708413,3551200
2019-12-23,71.65614318847656,72.70967502660442,71.36881576996429,72.50215942673412,1345700
2019-12-24,71.56834411621094,71.68806488169854,71.22514783608038,71.6321960030378,350700
2019-12-26,71.55238342285156,71.6880641139673,71.16130127641462,71.62421222782424,717500
2019-12-27,71.78382873535156,71.8237315899108,71.44063252204262,71.56035326422014,836600
2019-12-30,71.98336791992188,71.98336791992188,71.47256505611755,71.59227972009477,1264100
2019-12-31,72.20684051513672,72.22280043994331,71.68805466479462,71.98336503234326,1153600
2020-01-02,70.92184448242188,72.35049815879417,70.61057421603765,72.27068636291996,1335100
2020-01-03,70.73828887939453,71.21717194827843,70.60260818486131,70.6824199999249,1379600
2020-01-06,70.5068130493164,71.0814677195433,70.315263522324,70.77019745471202,1395300
2020-01-07,69.9720687866211,70.69837014593548,69.58098671812479,70.2354531975318,1897700
2020-01-08,69.41339111328125,69.74062136019718,69.18991561016779,69.50118593082594,2255000
2020-01-09,69.34156036376953,69.63687077580882,69.20587967009654,69.29367449288522,1523200
2020-01-10,69.82839965820312,70.03591518596618,69.49318648283544,69.51712941118322,1453400
2020-01-13,70.0678482055664,70.38710149073547,69.66878312141755,69.81244679528113,1351800
2020-01-14,70.05987548828125,70.28335099394549,69.54108958484592,70.09978443825736,2134500
2020-01-15,71.00165557861328,71.19320510467371,70.19554244295323,70.2833372443246,1944200
2020-01-16,71.16926574707031,71.2889864903355,71.00165914219903,71.09743695466118,1707100
2020-01-17,72.02328491210938,72.16694862632525,70.9777360465254,71.16928563572934,2538400
2020-01-21,72.4941635131836,72.52608945012578,71.73593621161899,72.1270243722233,2140900
2020-01-22,72.75755310058594,73.10872625342589,72.6378323508506,72.78947295054843,1581700
2020-01-23,74.04253387451172,74.05849988803894,72.78946973962492,72.78946973962492,1741900
2020-01-24,74.71297454833984,74.80076936457648,73.84300939360871,73.87493533489938,1455900
2020-01-27,74.55335235595703,75.15195006578294,74.32987076265137,74.79278778633692,1999400
2020-01-28,75.16792297363281,75.56698818243544,74.60125110784331,74.60125110784331,1496500
2020-01-29,75.37541961669922,75.51908329928094,74.66508421094805,75.08010924437839,1640800
2020-01-30,75.6148681640625,75.76651488014585,74.95242459692507,75.4233185837608,1429700
2020-01-31,75.0242691040039,75.9022114607747,74.6651128046326,75.53507215118883,3781500
2020-02-03,74.90452575683594,75.27964796370107,74.49747760797688,75.15195028497617,1434400
2020-02-04,73.85897827148438,75.0721336412952,73.82705232895634,74.80875527162799,1631900
2020-02-05,74.54537963867188,74.6172084509261,73.57165958865926,73.74724924872731,1270800
2020-02-06,74.60122680664062,74.99230887888247,74.40967727380276,74.68103860455224,1212700
2020-02-07,74.05052185058594,74.99231576664293,74.05052185058594,74.84865208150711,1098300
2020-02-10,74.28998565673828,74.29796257718179,73.65946185432301,74.0744870197186,1029900
2020-02-11,74.36976623535156,74.72094544337041,74.23408557379872,74.45756103735627,1141700
2020-02-12,74.12235260009766,74.3458280780006,73.78713329399316,74.05850072376822,1552200
2020-02-13,74.73690795898438,74.81671975741602,73.61154759582324,74.06648154505858,1244300
2020-02-14,75.263671875,75.40733553849653,74.8246978784135,74.96037853581315,1249200
2020-02-18,75.91947174072266,76.10454575915819,75.34011706968417,75.41253947309026,2172700
2020-02-19,75.54130554199219,76.10456993512278,75.42865389117698,75.85512173198521,1029900
2020-02-20,76.10455322265625,76.16087903569478,75.34012445821546,75.533246793536,1319000
2020-02-21,72.5640640258789,73.77105111470654,71.83182224524433,73.39286084462528,3976900
2020-02-24,71.52604675292969,72.52382092085077,71.29269520399474,71.984701552132,2393400
2020-02-25,71.01105499267578,71.93641274447009,70.82598098669605,71.77547749165029,2328700
2020-02-26,70.5604476928711,71.73524739823556,70.5443510982615,71.15589277333207,2455200
2020-02-27,66.93949890136719,70.72138892805498,66.92340230399823,70.28687288489054,2752600
2020-02-28,63.423133850097656,65.40259149802597,62.6023855137576,65.38650104161054,5357400
2020-03-02,68.01774597167969,68.2510975496845,63.79329108574424,64.04273312403556,3615400
2020-03-03,67.46251678466797,69.54658398108273,67.24526184835734,67.90508109444313,3129700
2020-03-04,70.81796264648438,71.08349515960205,68.24305298682006,68.24305298682006,2415100
2020-03-05,70.47193908691406,70.87426802967235,69.25690396084934,69.72360700782154,2282900
2020-03-06,70.72943115234375,71.2122246680454,68.52467020923956,68.62927352694159,4705400
2020-03-09,71.34098815917969,72.3629012172988,67.20503998934717,68.83850104488067,5398100
2020-03-10,71.9364242553711,73.65034353355249,70.32710830397153,71.94447255406298,4040400
2020-03-11,69.60291290283203,70.80989983178287,68.14648397306163,70.46389666658818,4162800
2020-03-12,67.42228698730469,69.20862852900379,63.10932010038964,64.879565046026,6073000
2020-03-13,70.86621856689453,71.74329883999634,67.60735172850477,69.47415774665222,5699300
2020-03-16,64.01054382324219,69.71556587079503,63.4231408052975,66.50498229674677,5037300
2020-03-17,75.54130554199219,76.14479915952562,65.5152656460566,65.5152656460566,5432000
2020-03-18,74.18944549560547,75.54127082314216,69.54657276643492,71.54212677910402,4117600
2020-03-19,64.44506072998047,74.47914766614063,64.01859294273643,74.47914766614063,5082100
2020-03-20,58.410118103027344,65.57962344064585,57.18704071059371,65.370410653066,4902400
2020-03-23,52.58439636230469,58.490588970242655,49.912932185538075,58.337701993624464,5017900
2020-03-24,56.73643112182617,57.299689204880806,51.96480945576844,54.31440908658588,3372200
2020-03-25,57.07439041137695,59.91483208083191,54.55581315972736,55.80302933752503,3122100
2020-03-26,61.08963394165039,61.74141109679372,56.48698919525628,56.82495022124122,2771000
2020-03-27,62.682857513427734,64.14733478313933,59.55273848014826,59.75390297400454,2291500
2020-03-30,64.96005249023438,65.24972376444072,62.79552019088572,64.14734607308364,2557200
2020-03-31,62.7633056640625,64.37262119391025,62.232228592468,64.17145675267929,3389300
2020-04-01,62.449520111083984,63.1173878553573,60.55052636776139,60.92066838362196,6352500
2020-04-02,63.51165008544922,64.07490817572855,61.15400212633245,61.15400212633245,3021800
2020-04-03,62.682857513427734,63.511654245867106,61.95061580904536,62.94034782000165,3904500
2020-04-06,65.21753692626953,66.78661765655507,64.02664031988469,64.94394999898296,2608100
2020-04-07,64.30824279785156,66.96361570010664,64.09098791703668,66.73831252324644,2173300
2020-04-08,67.45448303222656,68.18671863532084,63.986402804721855,64.82324787901065,1974700
2020-04-09,70.76162719726562,71.91228839441816,67.47862105082372,67.50275980881834,2111900
2020-04-13,68.2671890258789,70.12595337790808,67.6476050012385,69.3454340527381,1095900
2020-04-14,71.85595703125,72.00883786642939,69.26495746295981,70.01328959827933,1814000
2020-04-15,69.98111724853516,70.87428824736995,69.28106247837825,70.80186582470685,1425700
2020-04-16,71.13982391357422,71.86401127549183,70.29493047259837,70.55242081304894,1594500
2020-04-17,72.0651626586914,72.41921411441434,70.52826919590409,72.04102390290173,1211900
2020-04-20,68.77410888671875,71.96055330390755,68.66145727644331,71.5823631241033,1551000
2020-04-21,67.18090057373047,68.39593597887857,66.55326826111408,67.96946818384713,2118100
2020-04-22,67.68783569335938,68.43616790681821,67.2211325625886,68.17867758278149,1497200
2020-04-23,65.80491638183594,68.22693817005266,65.62789067691583,67.68781889710654,1868100
2020-04-24,66.4969482421875,66.66592571501205,65.1048930969429,66.13485453457125,1748600
2020-04-27,66.52108001708984,67.14871231853013,66.40038008087737,66.67396701222921,1518300
2020-04-28,66.86707305908203,68.42006311660205,66.55325695608005,67.494705265086,1687100
2020-04-29,65.4026107788086,69.16036271247467,65.2577720721614,69.16036271247467,2020400
2020-04-30,63.407039642333984,65.03244576243485,62.94033662621665,64.92784245429215,3129500
2020-05-01,62.159820556640625,63.11736538796459,61.668978764033575,63.04494298724186,1786000
2020-05-04,62.00693893432617,62.256387070452796,60.968929454329654,61.81382274752885,1756000
2020-05-05,62.39319610595703,63.22199305033129,61.72532834219837,62.095470368857995,1627100
2020-05-06,59.85045623779297,62.7633202330258,59.70561756092386,62.39317831192764,2274400
2020-05-07,59.60102081298828,60.88043028966361,59.472278718818956,60.38154009450504,2339800
2020-05-08,59.68954086303711,60.30108276624412,58.64348282905572,60.26889570406961,2324500
2020-05-11,58.45033645629883,59.65732303973955,58.10433339015044,59.36764576858968,2294500
2020-05-12,58.218589782714844,58.67399855465839,57.54361989278192,58.45442502787971,2524800
2020-05-13,58.11286544799805,58.18605868208199,56.80357703435063,57.933955547341554,2130200
2020-05-14,58.259246826171875,58.69838762589405,56.31564596712374,57.63306836629027,2131700
2020-05-15,57.21831512451172,57.93394843488674,56.242450955419145,57.877023128429556,3950400
2020-05-18,59.454689025878906,59.99954653442764,58.080341210697,58.560145643826864,2247900
2020-05-19,57.64118957519531,59.438409963532074,57.624927860487034,59.056200726151786,1809100
2020-05-20,57.52733612060547,58.85289226427915,57.242709594305055,58.00714044013439,1714200
2020-05-21,56.860504150390625,57.86890431253305,56.66533252730249,57.28338323887461,1317900
2020-05-22,57.07194900512695,57.17766568488778,56.478293915652515,56.81171808199718,1397000
2020-05-26,57.893287658691406,58.82848818083925,57.5923932253753,57.74690742145556,2232100
2020-05-27,57.94209671020508,58.999288324921054,57.38097126192103,58.617072799533055,1615800
2020-05-28,59.48720932006836,59.59292597986054,58.60892779375454,58.771569763341496,1567400
2020-05-29,61.04047393798828,61.1624585440219,58.91796288794552,59.25138706414444,3220700
2020-06-01,61.04859924316406,61.56906103100673,60.12152629579468,60.9672782521375,1612100
2020-06-02,60.845306396484375,61.4145596571917,60.170330241363395,61.34137261127014,1418100
2020-06-03,61.53653335571289,62.04073344318345,60.991675873629724,61.154317860868424,1512400
2020-06-04,60.853416442871094,61.48772874248386,60.05645598669558,61.17870655160381,1676100
2020-06-05,61.260032653808594,61.97566598938915,60.95913819228384,61.235636979381,1916800
2020-06-08,63.195518493652344,63.244309857290936,61.07300731384108,61.3169765408244,1914900
2020-06-09,62.37416076660156,62.894622649375776,61.699190834013,62.82143560542083,1867900
2020-06-10,62.57746505737305,63.16298621418506,62.21151743656299,62.21151743656299,1784200
2020-06-11,60.72332000732422,61.79677341356412,60.02394819067148,61.6178634784583,2175700
2020-06-12,61.30069351196289,62.130183715800555,60.39801628070088,61.86181887312404,2456700
2020-06-15,61.47960662841797,62.45547714263049,60.05646755736944,60.479346641513054,2742500
2020-06-16,62.10579299926758,63.56958950418424,61.75610714117634,62.634382562368685,1880300
2020-06-17,61.227516174316406,62.3578948312044,60.83716668642954,62.30910347186653,1933900
2020-06-18,60.88595962524414,61.78050297005822,60.59319908266583,60.97541458016496,1406600
2020-06-19,58.09660339355469,61.73983584166564,58.096603393554695,61.73983584166564,4629900
2020-06-22,58.080326080322266,59.10498775506856,57.62492364905405,58.09659399823487,2184300
2020-06-23,57.68999481201172,58.812239408155186,57.49481698315662,58.64959742183668,1395200
2020-06-24,58.16979217529297,58.56014162297605,56.852375973699786,57.18579390215947,2436900
2020-06-25,57.42976379394531,58.047808304208324,56.77104948059464,57.950225594374196,2435600
2020-06-26,57.966487884521484,58.53574724989165,57.299645808352075,57.446026078945074,3422600
2020-06-29,59.12125778198242,59.12125778198242,57.48668545230794,58.35683305120512,1594000
2020-06-30,58.49509048461914,59.348976530234516,57.74692732724643,59.04808199319784,2206200
2020-07-01,59.44654846191406,59.706779347868185,58.405624918097566,58.49507986680621,1692100
2020-07-02,60.023956298828125,60.47123119701147,59.3733819612111,59.44656901487972,1430400
2020-07-06,59.44654846191406,61.08926097056937,58.95861632629929,60.56066523848932,1520800
2020-07-07,58.9586067199707,59.170046219230905,58.64958453212327,58.7227715485637,1775800
2020-07-08,58.90168380737305,59.267631313212696,58.42187948623952,59.09685539686133,1455100
2020-07-09,58.316165924072266,58.633322100440836,56.93369060166532,58.54386715793757,1698600
2020-07-10,58.942359924316406,59.12126363346909,58.112869635033995,58.31617522690204,1746100
2020-07-13,58.6821174621582,59.18631125991802,58.29990203198991,58.95047607525263,1868300
2020-07-14,58.69026184082031,59.57667752421472,58.234859261106386,58.70652976403571,2122900
2020-07-15,58.153541564941406,59.28392032128897,58.04781867121419,58.804115829469296,2357500
2020-07-16,58.42188262939453,58.78783635931581,58.11286041237963,58.291770297533155,1158000
2020-07-17,60.23537826538086,60.276041863996554,58.57640395304399,58.57640395304399,1742300
2020-07-20,59.57666015625,60.05645827652003,59.26763174919458,59.869420644832495,1455000
2020-07-21,60.40614700317383,60.97540629389159,59.275768585762926,59.38148524339652,2174700
2020-07-22,61.609737396240234,61.951289351968704,59.812516443217355,60.20285976279412,1714700
2020-07-23,62.008209228515625,62.43108215496005,61.43082205760369,61.617859738848374,1574700
2020-07-24,61.463356018066406,63.146726289539366,61.20312507479892,62.3091081347845,1619200
2020-07-27,60.796504974365234,61.30883282424233,60.25164128137878,61.30069886346499,1731900
2020-07-28,62.097660064697266,62.34975701153557,60.528140657709194,60.528140657709194,1520600
2020-07-29,62.37416076660156,62.53680898271541,61.398296287498674,62.03260881935506,1515700
2020-07-30,62.56932830810547,62.73197029300421,61.699180659669736,61.894352282427036,2133000
2020-07-31,62.479881286621094,62.707582576142556,61.68292056890116,62.260307754300534,4369300
2020-08-03,61.73170471191406,62.33348744686168,61.18684108257622,62.2521664617704,1645800
2020-08-04,61.72356414794922,62.366010408900415,61.528392563733924,61.60157958116736,2008500
2020-08-05,59.90196228027344,61.76423603303147,59.77184372398953,61.471475485786925,2035900
2020-08-06,60.11339569091797,60.27604388644406,59.48721720022673,60.08900001268762,1579600
2020-08-07,61.08112335205078,61.64224868681669,59.54413380450301,59.56852947916356,1633800
2020-08-10,61.30069351196289,62.08138615979069,61.15431325272057,61.75610220982434,1505800
2020-08-11,59.57666015625,61.32508912850852,59.462809544511586,60.99166504813673,1970600
2020-08-12,60.389888763427734,60.902216570601524,59.723046736334396,59.7799720482426,1370100
2020-08-13,59.99140548706055,60.20284501928086,59.357093094793285,60.0564647591889,1566400
2020-08-14,59.796241760253906,60.25164431641785,59.19445892469519,59.64986148085914,1641600
2020-08-17,60.51188659667969,61.007946592269214,59.69053016982731,60.02394815418044,2529200
2020-08-18,60.269493103027344,60.762493848087026,60.07229405877239,60.51599660997948,1548700
2020-08-19,60.34343338012695,60.71318229032311,59.89973092658565,60.2694798367818,1742300
2020-08-20,59.48889923095703,60.57350319746695,59.42316413750951,60.06406562651397,2444100
2020-08-21,59.32456970214844,59.73540468975014,58.4864690857325,59.71075559350915,3823700
2020-08-24,61.06648635864258,61.07470481017896,59.036961379239195,59.42314710650598,2326500
2020-08-25,59.9901123046875,61.19796788252273,59.72717822622862,61.09936525228456,2057000
2020-08-26,58.157772064208984,59.52995876288375,57.77158635730067,59.52995876288375,2667500
2020-08-27,58.39607238769531,58.987675646228475,57.96880685033418,58.33855575249587,1808700
2020-08-28,58.2728157043457,58.552186672138966,57.59904677699349,58.552186672138966,1479900
2020-08-31,58.61791229248047,58.70829645929717,58.00166002900775,58.01809693325199,2461900
2020-09-01,57.22929763793945,58.33855051365596,56.99923111780181,58.239947889807326,1867700
2020-09-02,59.349220275878906,59.49712111022903,56.9417271921398,57.15535685487805,2391800
2020-09-03,59.48889923095703,60.450251464463726,58.97946166000406,59.66144914962412,3609400
2020-09-04,60.01476287841797,60.40094868700917,59.078059808953086,59.86686206382651,3121300
2020-09-08,59.817569732666016,60.34343795401679,59.22596641643547,59.973682746950864,3104400
2020-09-09,59.90794372558594,61.255481597074386,59.86685773106731,60.26125569553862,1970100
2020-09-10,59.79291534423828,61.008989543944196,58.897298170079274,59.6778820607471,8656400
2020-09-11,59.768245697021484,60.014749087644326,59.25059609932349,59.718947526433574,2176200
2020-09-14,60.98432159423828,61.1979574556002,59.83398284615957,60.34342027899436,2308900
2020-09-15,61.18975067138672,62.11001683024938,60.770697320422876,61.411598757871666,2637300
2020-09-16,62.183963775634766,62.726262523321154,60.80355841492071,61.05006183495058,3961200
2020-09-17,62.38937759399414,62.89881504046262,61.30477389251448,61.8470726088333,3690400
2020-09-18,60.704952239990234,62.381159099092336,60.50775327681411,61.937456730314544,4431900
2020-09-21,59.85041046142578,60.573483719146274,58.938362975709175,60.25303307768979,3213100
2020-09-22,60.55706787109375,60.9596906273414,59.55463587963712,59.68609980112171,2868200
2020-09-23,60.24483108520508,60.77069926966343,60.15444690329724,60.589930905847766,2228600
2020-09-24,60.74605178833008,60.93503861064989,59.61214966094144,60.285918681942235,1878100
2020-09-25,62.257904052734375,62.34828821201144,60.368067697035855,60.38449833106729,1561400
2020-09-28,62.70986557006836,63.40007175556902,62.044314754887445,62.430500728235394,1657600
2020-09-29,63.252132415771484,63.843729297948755,62.652310812976474,63.046715003269924,1608500
2020-09-30,63.9259033203125,64.13953292257291,63.40003522901554,63.638313918548924,1773100
2020-10-01,64.94477844238281,64.97764598497295,63.87660524915292,64.13132713701582,1562300
2020-10-02,65.54459381103516,65.90613051043958,64.30387699052042,64.52572506680048,1718900
2020-10-05,65.67606353759766,66.00473269221365,65.00229459161406,65.40491101487625,1357800
2020-10-06,66.3580551147461,66.73602247225902,65.28988186219509,65.7828824907405,1530700
2020-10-07,66.41558837890625,66.74425763650734,65.60213055585349,66.62921806782899,1335900
2020-10-08,67.59878540039062,67.66452050224758,66.46488310315756,66.76068479266955,1211900
2020-10-09,67.82884216308594,68.13285596656318,66.98251703238554,67.69737199056604,1170200
2020-10-12,68.10822296142578,68.30542199793491,67.70560643347338,67.74668617045542,946400
2020-10-13,67.63986206054688,67.89457770899342,66.42378791959388,67.45909368983894,1213400
2020-10-14,67.5741195678711,67.95208690666841,66.99073478828113,67.70558973902293,1074900
2020-10-15,67.16328430175781,67.59055608671223,66.46486626083004,66.67850215330724,1286500
2020-10-16,67.13042449951172,67.96031280652743,66.80997375826828,67.13042449951172,2205200
2020-10-19,66.3826904296875,67.65627460005726,66.16083611813465,67.12219435346061,2936200
2020-10-20,66.22659301757812,66.79354725744476,65.58569149538656,65.73359232888029,1627600
2020-10-21,66.0047378540039,66.55525512645343,65.65141958220852,66.03760539892014,1487000
2020-10-22,66.91679382324219,67.05647619161915,65.73358724677044,66.20193880514994,1509500
2020-10-23,67.04826354980469,67.45088005131456,66.74424969449566,67.35228367395764,1473600
2020-10-26,67.98495483398438,68.10820655292564,66.50595301321769,66.74423799814605,1342100
2020-10-27,68.23965454101562,68.95450299457012,67.5576673509094,68.15748257587258,1553300
2020-10-28,65.86505889892578,68.14930010366866,65.70072116583852,67.41801443075006,1778800
2020-10-29,65.54459381103516,66.34983293184244,64.7968775913538,65.71714997672746,1599300
2020-10-30,64.49285125732422,65.58567343335554,63.79443328494014,65.21592458587048,2353700
2020-11-02,65.55280303955078,65.79930643970184,64.1970468764037,65.23235238065952,2603500
2020-11-03,66.81819152832031,67.42622545819559,66.04581986817914,66.21836978332577,1722200
2020-11-04,65.37203979492188,67.60698239796918,65.35560915909463,66.81818023257172,1437700
2020-11-05,65.51173400878906,67.0153849347784,65.27344902145147,66.02938371096478,1659700
2020-11-06,63.9259033203125,65.70892501326755,63.49863157810739,65.15840783469763,2928800
2020-11-09,65.1419906616211,67.09756909550057,64.78867234305964,65.96366058675525,2248800
2020-11-10,67.44265747070312,67.60698892019855,65.19949619891717,65.51994691362331,3040300
2020-11-11,67.1468505859375,67.97673875921085,66.89213497852232,67.66450025325163,2693000
2020-11-12,66.15262603759766,67.13862712140089,65.33095637814763,66.92499125466813,2077800
2020-11-13,67.0728988647461,67.17150149069009,66.14441431193336,66.48130191561005,1712200
2020-11-16,67.96028900146484,67.99315653634154,67.31116929254274,67.77952069406359,2330100
2020-11-17,65.7252426147461,68.17179485620954,65.6754842034544,67.86494288342192,3695700
2020-11-18,64.43145751953125,66.06525911531429,64.31535037004703,65.93256161455228,2034800
2020-11-19,63.94215774536133,64.39000241989629,63.427970632921074,64.39000241989629,1722900
2020-11-20,64.18267059326172,64.40659610579314,63.61042353608901,64.21584497761329,4305000
2020-11-23,64.33194732666016,64.7300335816087,63.867518635358834,64.34024250396665,1814500
2020-11-24,65.00372314453125,65.43498386085578,64.38171760655233,64.74662954692424,1869400
2020-11-25,65.23593139648438,65.28568980525831,64.21583972505445,65.03688510665599,1631500
2020-11-27,64.49779510498047,65.17785392696621,64.2821711734624,65.11151150892621,722100
2020-11-30,63.23723602294922,64.4978312553647,62.963552040281535,64.27391202332544,2605200
2020-12-01,63.78457260131836,64.27388039558176,63.32013767907753,63.577237503268094,2241600
2020-12-02,63.88410949707031,63.925579060672874,62.49081694674241,62.89719209510599,3485600
2020-12-03,62.95525360107422,63.68507111634896,62.53228808566739,63.68507111634896,1946900
2020-12-04,62.457645416259766,63.47773725026091,62.20884700537297,62.88890611891795,3239600
2020-12-07,62.067840576171875,62.74790586694387,61.86880062593169,62.34152446235583,3177100
2020-12-08,61.83562469482422,62.44104603446192,61.470719183100655,61.827335845656386,2623600
2020-12-09,61.570247650146484,62.12591069052691,60.99800690829148,61.8024620181302,2905600
2020-12-10,60.83213424682617,61.78587724153124,60.59162470364893,61.56195805436176,3525800
2020-12-11,60.67456817626953,61.462439304182304,60.45064264568895,60.50869624114181,4566000
2020-12-14,60.05256271362305,61.59513058390019,59.96962358229609,61.08094340293027,4119300
2020-12-15,60.5418701171875,61.01459405541879,60.01938776252153,60.367709332298844,3451100
2020-12-16,59.505184173583984,60.948234951914976,59.33931859533582,60.59161826405181,3596100
2020-12-17,59.39737319946289,60.42575372244983,59.38078284493372,59.79545312503433,2229500
2020-12-18,59.0075798034668,60.11889307330102,58.61778874312115,59.59641081877142,6443800
2020-12-21,58.01237106323242,58.841711643563784,57.45671439297836,58.617792470915575,4621900
2020-12-22,57.763572692871094,57.94602863294575,57.46500957772466,57.94602863294575,2362600
2020-12-23,58.111881256103516,59.0905031758294,57.96259973182787,58.062122857133325,2829400
2020-12-24,58.418758392333984,58.43534242157114,57.76357850854133,58.2445976121917,843500
2020-12-28,59.09880828857422,59.37248585629266,58.55144049840505,58.642668463433246,2107200
2020-12-29,58.68415069580078,59.554954649102505,58.54315796561788,59.33933061916161,1472100
2020-12-30,58.89976501464844,59.09051613146494,58.54314831332178,58.69242987032751,1509600
2020-12-31,59.93644714355469,59.97791670779862,58.684147293687275,58.78366412408529,2081400
2021-01-04,58.60121154785156,60.011088078158956,58.23629964841664,59.93644413174417,2488700
2021-01-05,57.94603729248047,58.833431593066216,57.730406937680286,58.634385268311846,2192600
2021-01-06,59.18174362182617,59.438837173944584,57.97920232545108,58.0538399396662,2417200
2021-01-07,57.97921371459961,59.2895672646958,57.90456975835539,59.13199682794494,3066400
2021-01-08,57.99578094482422,58.3855719890219,57.65574830546341,58.3855719890219,2504100
2021-01-11,57.00058364868164,58.13677624960422,56.602497366676815,57.80503873582799,2773100
2021-01-12,56.328800201416016,56.93422149628696,55.4994597756212,56.75176559023365,2766500
2021-01-13,57.73040008544922,57.838212086369,56.395161203701655,56.49468435426608,1930600
2021-01-14,56.77664566040039,58.01236114210251,56.6854177059762,57.94601871582025,4223300
2021-01-15,57.722110748291016,57.78016434348603,56.428341296877974,56.610797261024395,2139600
2021-01-19,57.62260437011719,57.979221184553495,57.17475955705518,57.90457721869226,2555000
2021-01-20,58.00407409667969,58.20311403644513,57.11668005299196,57.20790801025229,2784100
2021-01-21,57.34889602661133,57.97090139278419,57.174735283366815,57.25766806671671,2241600
2021-01-22,57.08351135253906,57.29913533899479,56.27905000979649,56.73518984146482,2364900
2021-01-25,58.58461380004883,58.61778818011771,56.91763758394213,56.97569116722117,3095400
2021-01-26,58.286048889160156,58.58461197310346,57.82162023741094,58.551437594069114,2261000
2021-01-27,59.331016540527344,60.61649044135333,57.82161717492105,57.98748273394199,5693800
2021-01-28,58.22800064086914,59.712521019954764,58.08701426258441,59.14027400208962,3986200
2021-01-29,58.70071029663086,59.231487626522004,57.655739660185546,58.11187939401303,6527600
2021-02-01,58.67584991455078,59.36420416003159,57.65575814966274,58.700729121217115,2429300
2021-02-02,58.26947021484375,59.74569541693798,58.219705478038875,58.80024767340872,2185700
2021-02-03,58.4767951965332,58.767063080098644,58.053829807700524,58.07041383217628,1767200
2021-02-04,58.543148040771484,58.883180713010674,58.078719344412036,58.55144321816831,2390900
2021-02-05,59.297847747802734,59.58811566710897,58.568030361066185,58.89976151034983,1642300
2021-02-08,59.11540222167969,59.67935413301175,58.90806705321007,59.53007255861893,1817600
2021-02-09,59.173458099365234,59.41396766335575,58.443640556039405,59.31444450079736,1447600
2021-02-10,59.9696159362793,59.977911113827844,59.19832893579473,59.54665679180165,1412600
2021-02-11,59.56325912475586,60.06086236536278,59.43056788003264,59.96963436639185,1792000
2021-02-12,58.93292999267578,59.787149638585454,58.63436692630816,59.60470005568565,1595700
2021-02-16,58.735904693603516,59.10483391870156,58.19088790543134,58.911985859541744,2264400
2021-02-17,58.828125,59.1299737881622,58.434035930466386,58.828125,1473800
2021-02-18,58.71073913574219,59.071288078270086,58.53465798666605,58.69397224412626,3041900
2021-02-19,57.16793441772461,58.39212232528516,56.966699714366456,58.28312152703614,4358700
2021-02-22,56.99184799194336,57.084081888538726,55.86827434120676,56.807380198752625,3936900
2021-02-23,56.740299224853516,57.60393806806186,56.43844400237397,57.49493728105238,3356800
2021-02-24,55.885040283203125,56.93314679115092,55.83472682077021,56.798986087509064,3339500
2021-02-25,56.304290771484375,56.47198527738693,55.851507928985086,55.92696853750063,2200300
2021-02-26,55.04655456542969,56.69837143015056,54.97108757104867,56.33782253888086,4072600
2021-03-01,56.2120475769043,56.68159723347853,55.3903292807651,55.44902298783688,4424300
2021-03-02,56.245601654052734,56.72353807180597,55.59996431954827,56.28752208538864,2253900
2021-03-03,56.539066314697266,56.69838057520451,55.67542744441458,56.03597639383832,1999300
2021-03-04,56.144962310791016,57.880626236094216,56.002421377116605,56.59774503875712,2850100
2021-03-05,57.26854705810547,57.57878251686328,56.02758603166926,56.48036884953916,3702700
2021-03-08,58.27471160888672,58.735880950256416,57.29368562502753,57.704541512799324,2990200
2021-03-09,58.434051513671875,58.66882640992698,57.738107073247015,57.93934178473194,3908500
2021-03-10,59.004215240478516,59.549225589721736,58.22442362418548,58.54304574804995,3268500
2021-03-11,58.54304885864258,59.16352624740376,58.333427514061775,58.635282762029,3595300
2021-03-12,59.48215103149414,59.8426999773048,58.84490039298651,59.01259489921388,2896500
2021-03-15,60.22003173828125,60.55542723655671,59.725328336106166,59.750481878977844,3187400
2021-03-16,60.438018798828125,60.63086682534784,59.71692096676567,59.784001322570276,2775400
2021-03-17,60.19487380981445,61.15074675211875,60.144566727736304,60.63927009386897,4615300
2021-03-18,60.55541229248047,61.05850221717084,59.985242005261924,60.30386413156755,3839500
2021-03-19,60.62248229980469,61.10041860619237,60.10261917471475,60.85725713141487,5562600
2021-03-22,60.41286849975586,60.58056300111248,59.87623841885246,60.21162742156571,3343500
2021-03-23,61.41066360473633,61.54482432778279,60.27870969185713,60.320636517093,3325200
2021-03-24,61.56998062133789,61.99760994877966,60.84049605065908,61.00819696197725,2049100
2021-03-25,62.274295806884766,62.668384892256974,61.502890923294515,61.989213896610636,2039500
2021-03-26,62.41685104370117,62.467158117249156,61.58674594734648,61.964068190362845,1649200
2021-03-29,63.26371383666992,63.766810138437926,62.26592067166987,62.41684828277322,1724500
2021-03-30,62.366546630859375,63.12118482935691,61.99761737603335,63.09603128892973,1594900
2021-03-31,62.71870422363281,62.83609165615436,62.13176066388981,62.14853395261305,3505800
2021-04-01,62.291080474853516,62.66839634200858,61.89699131747974,62.4755482844443,2038200
2021-04-05,63.12116241455078,63.33917034939744,62.34975759541233,62.383297769783674,1818000
2021-04-06,63.464942932128906,63.464942932128906,62.67676484551711,62.877999489943996,1255100
2021-04-07,63.146339416503906,63.78359017214679,62.836103883244284,63.52366172057542,1487800
2021-04-08,62.98702621459961,63.48172953518655,62.911559201293805,63.43142245774001,1855500
2021-04-09,63.02893829345703,63.389487227357215,62.88639732815898,62.88639732815898,1680400
2021-04-12,63.154720306396484,63.724890636397056,62.98702578462877,63.17987384494805,1454700
2021-04-13,63.61588668823242,63.77519455688587,62.73547449968888,62.894788765477955,1855100
2021-04-14,63.85904312133789,63.87581001249411,63.154712147209466,63.36433347090535,1408600
2021-04-15,64.7226791381836,64.76459956281958,63.69133945568868,63.69133945568868,3009200
2021-04-16,65.57793426513672,65.80432887756504,64.88198993379797,64.95745693698579,2229700
2021-04-19,65.69532012939453,65.87978791375222,65.09999635078061,65.8043273094977,1716700
2021-04-20,66.53380584716797,66.9111280623484,65.6953205651693,65.8210946368961,2589900
2021-04-21,65.70370483398438,66.86919882205889,65.62823783482243,66.65119086542245,1860800
2021-04-22,65.49407958984375,65.76239459839293,65.16707087308488,65.55277329805344,1490700
2021-04-23,64.94068145751953,65.63662576537665,64.89037438851513,65.48569816122854,1349500
2021-04-26,64.4543685913086,65.09161282600002,64.26990079811124,64.94068521312356,1547000
2021-04-27,63.88420867919922,64.51307276863467,63.82551495340403,64.47953258287508,1592900
2021-04-28,63.900978088378906,64.29506729014325,63.573969260773715,64.16090654182493,1374400
2021-04-29,64.32019805908203,64.55497288838224,63.79195469315656,63.79195469315656,3188100
2021-04-30,64.90715026855469,64.92391715984749,63.93450424805771,64.60529504820289,1962000
2021-05-03,65.19223022460938,65.96363514340167,64.85683483470207,64.98260890555918,1517500
2021-05-04,65.50247192382812,65.93009480773527,65.04130246416165,65.33477103070624,1526100
2021-05-05,64.47113800048828,65.67855895064947,63.800347162146394,65.40185725004828,1928500
2021-05-06,65.28446197509766,65.39346275445938,64.20281523662602,64.73105864033482,1793600
2021-05-07,65.4773178100586,67.18782868908116,65.4773178100586,65.5024777441137,2656200
2021-05-10,66.95305633544922,67.4393793913207,65.73725509290627,65.73725509290627,2391100
2021-05-11,66.52539825439453,67.36388327235544,65.87138096392631,67.14588177362137,1954700
2021-05-12,65.3179931640625,66.6931082709157,65.2006057571702,66.65118145539678,2054400
2021-05-13,66.4751205444336,66.92790342165985,65.09161837465376,65.09161837465376,2065600
2021-05-14,66.21517944335938,67.1626654475252,66.13133220003105,66.75180947722218,1535500
2021-05-17,66.01396942138672,67.00338261510839,66.00558277478297,66.30743808114802,2743800
2021-05-18,65.83189392089844,66.13675014219206,65.40848322029447,65.95044840020878,2344100
2021-05-19,66.03511047363281,66.10285124968406,65.30684383004197,65.78953158584221,2783400
2021-05-20,66.40771484375,67.18678877242407,66.16213592826372,66.16213592826372,1810800
2021-05-21,66.86497497558594,66.96659580562958,66.34841372914248,66.45850457687239,3270200
2021-05-24,66.37384796142578,67.19526561645816,66.32304075331524,67.04283753139305,1344300
2021-05-25,65.89116668701172,66.41619824597916,65.45082243100305,66.28917375227512,1090700
2021-05-26,66.05206298828125,66.24683473468758,65.67945953988685,65.76414684051028,1466100
2021-05-27,65.09514617919922,66.11132900695243,64.7902900387267,66.05205178301237,2866800
2021-05-28,65.40847778320312,65.62018311590707,65.18830888891954,65.36614059310276,1629000
2021-06-01,64.72254180908203,65.62017017529523,64.6971382078847,65.5947665740979,1745700
2021-06-02,65.02739715576172,65.5862957575183,64.59551655845026,64.79028826648725,2678900
2021-06-03,65.42539978027344,65.57782783620245,64.747940318204,64.87496477493356,3276900
2021-06-04,65.40847778320312,65.86576207713172,65.39154419930979,65.67099678905515,1418900
2021-06-07,65.46775817871094,65.67099995964773,65.32380009609814,65.55244548446844,960000
2021-06-08,64.60399627685547,65.53549839343496,64.53624902382657,65.42541395281326,1497500
2021-06-09,65.10362243652344,65.15443611033439,64.62093453009119,64.81570628144257,1229300
2021-06-10,65.23910522460938,65.41693689914433,64.85803181283478,65.10361073311628,1217400
2021-06-11,65.40000915527344,65.48468998964823,64.9342548751118,65.20523742155125,1297900
2021-06-14,65.84033966064453,65.9080868983309,65.16288020524534,65.36612191830442,1451500
2021-06-15,65.84033966064453,66.46698545741286,65.4592727549401,65.84033966064453,1991400
2021-06-16,64.54471588134766,65.7217968869005,64.47696863164006,65.34919347424206,2930100
2021-06-17,64.59552764892578,64.92578743865113,64.34994869694702,64.59552764892578,2658000
2021-06-18,63.079715728759766,64.40076132703804,62.98656487052432,64.40076132703804,3831300
2021-06-21,63.672489166259766,63.79950717980949,63.01196965286862,63.189801332571385,2609300
2021-06-22,63.054298400878906,63.83337226317012,63.0034912022567,63.57085978931232,2235100
2021-06-23,62.2159423828125,63.079696994508346,61.85180907987376,62.944208988689994,2169000
2021-06-24,62.18208312988281,62.34298123089469,61.86875694915791,62.2074867330461,1611000
2021-06-25,62.554683685302734,62.62242447040432,62.04658580227663,62.131273089936286,2076200
2021-06-28,62.5123405456543,62.94422116541655,62.31756882749233,62.554684189825636,2285300
2021-06-29,61.01345443725586,62.39377031431179,60.85255638297847,62.24134227887305,2552400
2021-06-30,60.7340087890625,61.182822926989715,60.59005075628058,61.05579847305716,2270400
2021-07-01,61.428409576416016,61.589307669108535,60.26826222632353,60.861040932661126,2297400
2021-07-02,61.36913299560547,61.530031089985776,61.14048765509313,61.44534380195425,1117000
2021-07-06,61.76713562011719,61.80100924078633,60.60698833994616,61.29291139148177,1940800
2021-07-07,62.10588455200195,62.11435457585007,61.30987675012919,61.58932939050031,1805200
2021-07-08,62.12279510498047,62.791784535184036,61.85181261711479,62.11432508515376,2445200
2021-07-09,62.071990966796875,62.52080512875126,61.62317034411003,62.32603342753,1932000
2021-07-12,62.12279510498047,62.36837399409814,61.690914544067866,62.01271069016171,1154300
2021-07-13,61.50462341308594,62.27523383108279,61.394538979400636,62.05505850297894,1992400
2021-07-14,61.97885513305664,62.17362042070337,61.030412918771894,61.36067272020246,2206600
2021-07-15,62.96961212158203,62.98654569941003,61.82640502660658,61.970363050705565,2135500
2021-07-16,63.452301025390625,63.731753520222206,62.87646245758549,63.08816771838544,2100100
2021-07-19,62.46998977661133,64.06201758132337,61.75866315293918,63.36762453694864,2450200
2021-07-20,62.30063247680664,63.19826083888624,61.49615495917675,61.50461851904837,3083100
2021-07-21,61.63164138793945,62.60548698875462,61.57236416671066,62.334504483032646,1601300
2021-07-22,61.85181427001953,62.046579506113886,61.34372289928485,61.69091619267284,1754300
2021-07-23,62.81718444824219,62.84258804549969,61.90261618258167,62.01270705167317,1403100
2021-07-26,62.63089370727539,63.09664794064115,62.351441167255935,62.868002603995095,1477600
2021-07-27,63.960411071777344,64.10436914066284,62.18208765292795,62.55469108838098,1625500
2021-07-28,63.164398193359375,64.01968952250773,62.673246745415256,63.943478706023484,1513200
2021-07-29,63.10512924194336,63.342244666058015,62.69865857921619,63.14747289714751,1381500
2021-07-30,62.46998977661133,63.78256506742406,62.207477302741694,63.2406000796551,4354200
2021-08-02,63.088172912597656,63.31681177036402,62.61395515679638,62.63935875646683,1495600
2021-08-03,63.38456726074219,63.90112872372325,62.834132173547076,63.088181124785805,1439900
2021-08-04,63.40151596069336,63.46079319597894,62.6055018348006,63.10512332353135,1862900
2021-08-05,63.782562255859375,63.782562255859375,62.82565677979583,63.26600089017293,1740000
2021-08-06,63.95193099975586,64.62092048976251,62.96962181620558,63.765635772039545,2218200
2021-08-09,64.41767883300781,64.44308243150762,63.81643664582793,64.18056996603345,1386300
2021-08-10,64.69713592529297,65.00199205037059,64.13823087573984,64.52776782206512,1938500
2021-08-11,65.30685424804688,65.48468592742252,64.75641916765571,64.81569639411425,1522200
2021-08-12,65.41693115234375,65.92502252934169,65.23062947327362,65.4423347520838,2388600
2021-08-13,65.83189392089844,66.06053931723594,65.26452513266543,65.48470050598516,1448600
2021-08-16,66.26374816894531,66.69562872000985,65.73025322520581,65.9842956676252,2077600
2021-08-17,66.06277465820312,66.34502268001445,65.31011979206858,66.24238525607515,1737700
2021-08-18,65.51537322998047,66.18250002061387,65.224577049596,66.06275964923664,1710200
2021-08-19,65.59234619140625,66.34500080942871,65.48115405411919,65.65221637096076,1558600
2021-08-20,65.81473541259766,66.07132569534572,65.06208058875833,65.44695948751847,1834000
2021-08-23,64.82258605957031,65.81472145673473,64.67718797534665,65.81472145673473,1655700
2021-08-24,64.16401672363281,64.78838288863616,63.915987732779925,64.76272516719355,1575400
2021-08-25,64.37784576416016,64.60022357963916,63.693615868984764,64.10415250101758,1674300
2021-08-26,64.33506774902344,64.45480811158242,63.8561062987875,64.14690245775635,1592600
2021-08-27,64.69430541992188,64.73707264266713,64.22389207117219,64.4377151341744,1547700
2021-08-30,64.7456283569336,65.02787639883488,64.57457249688828,64.7627378581558,1938000
2021-08-31,64.53179931640625,65.09629534813641,64.35218872231816,64.71141643585652,3234400
2021-09-01,65.3785400390625,65.55815062401618,64.5403507839168,64.58311800548941,2834200
2021-09-02,65.96867370605469,65.96867370605469,65.53247945723602,65.56669192240307,1483300
2021-09-03,65.25880432128906,66.02001393717512,65.24169482129032,65.96869196254121,1948000
2021-09-07,64.0442886352539,65.3956521104666,63.99297318251711,65.28446645441596,1828800
2021-09-08,65.7890625,65.90025464202101,63.95018329916496,64.11269087574308,2427400
2021-09-09,65.32721710205078,65.8061851802062,65.25879868405295,65.68644479200778,1925700
2021-09-10,63.88176345825195,65.23311989896227,63.85610574155041,65.07061885139906,2146200
2021-09-13,63.64228439331055,64.77126963511432,63.462667320999536,64.4462544807996,2416200
2021-09-14,63.45413589477539,64.03573490209705,63.24886105075914,63.88178203176595,2048400
2021-09-15,63.28307342529297,64.04428302591072,63.163333029152795,63.27452520082738,2766000
2021-09-16,63.000823974609375,63.71071151193021,62.94094725874237,63.360045117643246,1979900
2021-09-17,62.49618911743164,63.240295541547674,62.376448753830495,62.530401582083456,7274000
2021-09-20,62.70146942138672,63.60808359536806,62.27382331915304,62.51330409234603,2743200
2021-09-21,62.47909927368164,63.30017902174015,62.40211958070271,62.6501551075165,1570500
2021-09-22,62.650142669677734,63.03502148207764,62.15407171453439,62.650142669677734,1865800
2021-09-23,62.530418395996094,63.19754532269036,62.4277809744423,62.60739156813982,1606400
2021-09-24,62.43632507324219,63.03502695010146,62.35935191422931,62.41066735357123,1734600
2021-09-27,62.03432846069336,63.43700683550436,61.98301302819253,62.68435221559803,1871300
2021-09-28,61.7178840637207,62.35079842133888,61.46129381112246,62.20540032336842,2258800
2021-09-29,62.82120895385742,63.31727999179064,61.649462825899825,61.649462825899825,1499300
2021-09-30,62.085662841796875,63.00938006089232,62.085662841796875,62.76134451917064,2752100
2021-10-01,61.238914489746094,62.68436026072814,61.18759905065926,62.68436026072814,2237400
2021-10-04,62.62449645996094,62.84687426095097,61.17049579239436,61.19616003991611,2150500
2021-10-05,62.470550537109375,62.855429462962896,62.18830251129017,62.692928362787754,2160500
2021-10-06,63.81333923339844,63.856106445279195,62.17972831488695,62.367893606585696,2696000
2021-10-07,63.61661911010742,64.40349274029415,63.47977577791867,63.890312299845306,1624600
2021-10-08,62.83831024169922,63.5653072055531,62.78699480494928,63.4797793025163,1788500
2021-10-11,63.223201751708984,65.47262455247807,63.21465352744289,64.72851794351978,7765700
2021-10-12,64.73707580566406,65.07918750289326,63.077806667580575,63.24031429151809,4354400
2021-10-13,65.04496765136719,65.32720908872145,64.48902647414779,64.64297931514146,3608800
2021-10-14,64.71995544433594,65.35287633379087,64.65153050622817,65.01075816861331,3854100
2021-10-15,63.693607330322266,64.78838023612909,63.522544985439175,64.66008510880708,16582100
2021-10-18,62.34224319458008,62.710019073623634,61.623800933394236,62.427771103002996,6172200
2021-10-19,63.060699462890625,63.086357185925515,62.34225059110411,62.73568423681691,1986600
2021-10-20,64.5831298828125,64.66865781632512,63.15478663916316,63.2916365530738,2198600
2021-10-21,64.52323913574219,64.85680253800513,64.18967573347925,64.68574020007479,1519600
2021-10-22,65.07917785644531,65.28445267479051,64.67719601924905,64.77127867965027,1248900
2021-10-25,64.89957427978516,65.24169248854189,64.5745655704154,64.91668377917213,1637500
2021-10-26,65.24168395996094,65.6778847822384,64.78838016589432,64.89956579592688,1625200
2021-10-27,64.99364471435547,65.54103113516818,64.76271871900295,65.54103113516818,1581700
2021-10-28,65.25022888183594,65.438394169985,64.86534355825097,65.10483080476085,1320000
2021-10-29,64.48902130126953,65.5068143944684,64.29230126036127,65.25023069696769,2475800
2021-11-01,65.0962905883789,65.57525213759276,64.25810135189295,64.48903390266513,1659800
2021-11-02,65.3785400390625,65.60091132022696,64.48903533831911,65.16471698192308,1976500
2021-11-03,65.84039306640625,66.04566135682728,64.95088844076666,65.13905375921983,2173500
2021-11-04,65.24168395996094,66.11408560451586,64.59166010083233,65.74630972011745,2128100
2021-11-05,66.89238739013672,67.38845832255029,66.10552030618703,66.10552030618703,3651700
2021-11-08,65.90026092529297,66.75555305138185,65.64367067732188,66.71278583493299,2418800
2021-11-09,66.56739044189453,66.72989151520264,66.04566170177179,66.11408664072327,1688300
2021-11-10,66.6785659790039,67.26016482131888,66.10552188410307,66.71277844330012,2345300
2021-11-11,66.35356903076172,66.61015277008727,65.84894325030695,66.43909694387024,1566800
2021-11-12,65.98579406738281,66.37922769355086,65.87460190593947,66.37922769355086,3386200
2021-11-15,67.37136840820312,67.40558088162584,66.24238288670195,66.45620595157234,1880400
2021-11-16,66.9610595703125,67.78166478019277,66.9437866540901,67.44478689714954,1560000
2021-11-17,66.94377899169922,67.07334891423929,66.38231372082561,66.84012173562716,1603500
2021-11-18,67.08201599121094,67.17702694356144,66.01091034610258,66.77105068652821,1739900
2021-11-19,67.40159606933594,67.74711371250116,67.08199768632385,67.15109594279618,1841000
2021-11-22,67.86803436279297,68.55906955202455,67.03015633766466,67.29793593334689,1899300
2021-11-23,68.38630676269531,68.74909726775473,67.85076075718854,67.96305117345933,1552300
2021-11-24,68.42949676513672,68.72318242463359,68.10125209840528,68.54178717785028,1295500
2021-11-26,67.95441436767578,69.00824010061518,67.9112287857915,68.1012572084427,1337400
2021-11-29,69.40558624267578,69.53515617470602,67.91123191850184,68.26538270317062,3064700
2021-11-30,67.06470489501953,69.0341465036826,67.06470489501953,68.80092593010919,5229000
2021-12-01,67.32384490966797,68.7318212870718,66.94377491740207,67.37567023944982,1775200
2021-12-02,67.9717025756836,68.56771376752144,67.52252765321339,67.66937051278205,1830200
2021-12-03,69.56106567382812,69.58697834101348,67.98896682598159,68.2826590978827,2618700
2021-12-06,70.26939392089844,70.86541179761643,69.8202255172776,69.96706840017268,2842800
2021-12-07,70.45075988769531,70.58032979695004,69.73381869152459,70.01886458364578,2061700
2021-12-08,70.42485046386719,71.02086811973986,70.00159489168206,70.60624570908938,1439400
2021-12-09,70.55443572998047,70.77902319253914,69.49197010228468,70.56307548359456,4671600
2021-12-10,71.35775756835938,71.51324017390428,70.45077460431395,70.76173981540377,1526200
2021-12-13,72.10061645507812,72.54115159198793,71.17636059698145,71.28001127140689,3965300
2021-12-14,71.84146881103516,72.50659132086132,71.61688798062619,72.20425931264951,1532200
2021-12-15,73.00758361816406,73.11988062159138,71.78964221555809,71.89329946713721,2603500
2021-12-16,73.15444946289062,73.61225756063264,72.23019351361866,72.77437937863633,1932100
2021-12-17,72.40294647216797,73.53451034068217,72.25610361400373,73.21491195411305,4627100
2021-12-20,72.59297943115234,72.77437470784929,71.40095050277202,71.89331099386398,1592400
2021-12-21,72.01424407958984,73.10261578361916,71.73783127679177,72.95577292373916,1368200
2021-12-22,72.4288558959961,72.5066004934343,71.81556523038648,71.99696050414138,4738800
2021-12-23,72.3597412109375,72.85210162708427,72.24745079679869,72.63615396052516,1313500
2021-12-27,72.32520294189453,72.49795845711544,71.96240581560986,72.16972034211553,974200
2021-12-28,72.90394592285156,72.91258567623635,72.22155038987341,72.32520765988812,786600
2021-12-29,73.50861358642578,73.57771844883061,72.79166546693105,73.05080540584797,1343300
2021-12-30,73.57769012451172,73.75908537584306,73.12852187219602,73.61224254241291,1396500
2021-12-31,73.6986312866211,73.9404916578109,73.13716594481569,73.45677091543128,1048000
2022-01-03,73.53450012207031,73.79363996886762,72.57569191520034,73.72453513102833,1450500
2022-01-04,73.39630889892578,74.21690756274258,73.15444851759878,73.30129137909002,2844600
2022-01-05,73.8973159790039,74.50196698804356,73.38767590835471,73.42222833604293,3592300
2022-01-06,73.7418212890625,74.40693729022668,73.34447832093576,74.32919928329348,3841800
2022-01-07,74.0009536743164,74.34647130031014,72.99032005520024,73.43948835585168,3727400
2022-01-10,73.232177734375,74.4414860859646,72.98167762945856,74.07005580490923,3870600
2022-01-11,71.75511932373047,73.49997427364322,70.91724098508334,73.2062884919579,2965500
2022-01-12,71.8587417602539,71.91920683834083,71.11588132078656,71.40093379899596,2147400
2022-01-13,72.50659942626953,72.78301220938023,71.55642430601345,71.81556417339249,1584700
2022-01-14,72.14379119873047,72.7570883511937,71.63415788551684,72.55841360473103,2202900
2022-01-18,70.82219696044922,71.64280207160567,70.26937144503013,71.53050506396744,3263300
2022-01-19,70.96041870117188,71.67736667877874,70.48533110391405,70.91722652316622,1976400
2022-01-20,70.86539459228516,71.52187741376156,70.33848170257654,70.7271849076794,2727100
2022-01-21,71.40094757080078,72.31656366992058,71.07270286341782,71.38366806504351,4222100
2022-01-24,70.82219696044922,71.98831307609262,69.19827283268063,71.26273205843006,3852200
2022-01-25,70.6667251586914,71.44413821784883,70.22619658366969,70.26074241723137,3044400
2022-01-26,70.2952880859375,71.21954391461873,69.77701495970322,70.66671836794212,4293100
2022-01-27,71.48731994628906,72.06605813177123,70.74445941947316,70.96040709377546,2890800
2022-01-28,73.10261535644531,73.19763287468326,71.0036033820814,71.48733072680216,2515600
2022-01-31,74.6747055053711,74.76108984999102,72.92121138887026,73.42221159078485,5553800
2022-02-01,74.3292007446289,75.32255488937508,73.53450820255085,74.95112458292364,2343300
2022-02-02,75.27936553955078,75.35710354412531,73.88002214540509,74.03550474475462,1798400
2022-02-03,75.14115142822266,75.72852937002315,74.84746575242244,75.13251826613447,1382700
2022-02-04,74.36373901367188,75.1325188080708,73.6554308955269,74.4673962712785,2578800
2022-02-07,74.80428314208984,75.07206277565095,73.75909704842483,74.46740525199125,1759000
2022-02-08,74.64878845214844,75.24480612596632,74.4501202876757,75.02021870551033,1602400
2022-02-09,74.61425018310547,75.30528548930008,74.45876756872173,75.03751243849518,1461700
2022-02-10,72.58433532714844,74.22553906248,72.41157981404002,73.98367870804805,1592100
2022-02-11,72.78300476074219,73.37038268851504,72.34246966736256,72.74845234261439,1671200
2022-02-14,71.7118911743164,73.17169936587185,70.92584517207825,72.87801373146614,1902600
2022-02-15,70.95320892333984,72.2875049192287,70.56948737813738,72.05204365963704,1268700
2022-02-16,70.70899200439453,71.13631383775665,69.86306443890354,70.85724556750819,2466800
2022-02-17,71.03167724609375,71.4153987019131,70.12471014717988,70.87470089175983,1939000
2022-02-18,73.78748321533203,73.95318232719826,70.74389313216481,70.80493912282384,3880200
2022-02-22,73.90957641601562,74.38050548894644,72.6363266944682,73.8834147986607,2382100
2022-02-23,73.60435485839844,74.50260597551292,73.49970172352026,74.13632998371155,2387200
2022-02-24,72.65377044677734,73.60435141359966,71.1101750372772,73.21190716630962,2479300
2022-02-25,74.9473648071289,75.28747913922318,73.25550925008577,73.49969321635713,1883800
2022-02-28,74.7990951538086,75.11304782913837,74.04038173302268,74.20607417302051,2439400
2022-03-01,74.45899200439453,75.99387124080789,73.52585659464337,75.20898943505593,2122200
2022-03-02,75.79328155517578,76.37757976850637,74.57235524799076,74.57235524799076,1728700
2022-03-03,76.99677276611328,77.101425887804,75.8456150415714,75.87177665861559,1700500
2022-03-04,78.38339233398438,78.40083784783147,76.60432917188146,76.74386666860202,1754300
2022-03-07,78.61014556884766,78.73223756434724,77.33689572041288,78.41828481777267,1809100
2022-03-08,77.39794158935547,79.34270406331618,77.38921883154438,78.88049104853442,1546000
2022-03-09,77.07524871826172,78.33978217534604,76.8833946642509,78.07815272808358,1524200
2022-03-10,78.02581787109375,78.22639465105628,76.76128460247504,76.78745286611176,1353200
2022-03-11,77.91246795654297,79.02874803701395,77.75549824354701,77.88630633771031,1405900
2022-03-14,78.06944274902344,78.81944019017243,77.44154394915587,78.52293297802782,1443400
2022-03-15,78.83687591552734,79.19442907715805,78.27001652641606,78.86303753058405,1545200
2022-03-16,78.17407989501953,78.78453970906182,77.11885270016762,78.61012452033916,1651600
2022-03-17,78.49676513671875,78.95897143283958,77.68572176598344,78.28745889984178,1913800
2022-03-18,77.35433959960938,78.48805866393901,76.83108720588615,78.44445152549741,3430900
2022-03-21,78.1130599975586,78.83689591413953,77.74678398682433,77.79038447180783,1247600
2022-03-22,77.86885833740234,78.3746717538515,77.13629982849085,78.33978738166394,1441400
2022-03-23,78.43571472167969,78.94152146513939,77.31071871262436,78.06071605199458,1265100
2022-03-24,79.71768951416016,79.7351283733597,78.34850286726248,78.88920065163902,1462800
2022-03-25,80.82523345947266,81.06069463380649,79.79616785919174,79.95314419325199,1565300
2022-03-28,81.14793395996094,81.21769606614687,80.01421490212155,80.95607319754058,1185100
2022-03-29,81.55780029296875,81.7060605522432,80.67699476214831,81.18280157318381,1284100
2022-03-30,82.61302947998047,82.63046833994673,81.28744990307105,81.67117135746808,1352300
2022-03-31,82.5694351196289,83.49384787162683,82.36013550009474,82.5694351196289,2073600
2022-04-01,83.81649017333984,83.81649017333984,81.62754450639159,82.29033413471896,1906700
2022-04-04,83.24092102050781,83.47638885746656,81.96767144097663,83.47638885746656,1893300
2022-04-05,83.85140228271484,84.59267698746915,83.28454280725056,83.28454280725056,1545500
2022-04-06,85.81360626220703,85.93569825726743,83.7990750366811,84.23511977718671,1835000
2022-04-07,85.0810546875,86.03163576038781,84.69733980845336,85.81361337207133,1956000
2022-04-08,85.38626861572266,85.63045256104887,84.1740583382587,85.46475346092888,1546100
2022-04-11,84.24382019042969,85.33393175255614,83.90370591532727,84.70602642820923,1861200
2022-04-12,85.29035186767578,85.44732823665,83.45895867847184,83.79907303566353,2667200
2022-04-13,85.37754821777344,85.5432406689566,84.64498970804705,85.46475582158253,1792900
2022-04-14,85.49092864990234,85.97929661809586,85.22930580416205,85.69151215313299,1272500
2022-04-18,84.54035186767578,85.99673962572588,84.19151476334571,85.81360164299333,1003300
2022-04-19,85.47348022460938,85.67405705188288,84.66243685188468,84.95022793816108,1132800
2022-04-20,85.82231140136719,86.5287016068453,85.79614313335662,86.03161097085824,1344100
2022-04-21,85.6304702758789,86.45022988284585,85.17698000915986,85.56942427691844,1913500
2022-04-22,84.14791107177734,85.58686002754355,84.0083802164473,85.46476803406178,2026900
2022-04-25,83.76416778564453,84.60137259387864,82.08975151566393,84.60137259387864,1666300
2022-04-26,82.98802947998047,84.87173910105267,82.96186120934954,83.6595353821994,1436100
2022-04-27,82.61302947998047,83.97348677682243,82.15081652195045,83.07523578449657,1431700
2022-04-28,83.23220825195312,83.6769690222222,82.36883501987262,82.89209394362332,1096800
2022-04-29,80.8775634765625,82.94441760629716,80.77291701407859,82.883371618677,3999900
2022-05-02,80.24095153808594,81.88920005358158,79.3165322038319,81.63629331661208,1721900
2022-05-03,80.47640991210938,82.18570436200017,80.30199469103418,80.33687906595206,1518600
2022-05-04,81.54035949707031,81.66245148168319,80.53745534902383,81.00838442689385,1859800
2022-05-05,80.80781555175781,81.90664352154627,80.38920966789925,81.2525764023087,1606100
2022-05-06,81.9589614868164,82.38628341287321,79.36013225041071,79.88338453894143,1747200
2022-05-09,82.30779266357422,83.25837354037681,80.41536032020055,81.44442604691994,2088900
2022-05-10,80.799072265625,83.73800884980174,80.22349015324417,82.38627447224819,2107400
2022-05-11,82.22058868408203,83.37174644157544,80.86013133073007,81.13047691927714,1662400
2022-05-12,82.28162384033203,82.7874372294296,81.06069749384295,82.2729010843784,2167500
2022-05-13,83.19731903076172,83.25836501450594,81.75837038134736,82.85720474225637,1735600
2022-05-16,82.88337707519531,83.83395132407676,82.72640071762146,83.45895261729002,1639500
2022-05-17,83.98261260986328,84.13210884407187,81.83687669568798,83.44617863131946,1589500
2022-05-18,83.73639678955078,84.77408816215399,83.56051291580563,84.29041589595954,2151000
2022-05-19,83.38463592529297,83.5341321863254,82.07433293225607,83.51654715355608,1991600
2022-05-20,84.2552261352539,84.44869501191303,82.99768514625238,83.58688764588226,2400400
2022-05-23,85.89971923828125,86.91981888218395,84.86202785213251,85.697454458155,2778300
2022-05-24,88.28287506103516,88.36202446881623,85.43362385728746,85.9964387442183,1853100
2022-05-25,88.22132873535156,88.60826653584739,87.68489467894908,88.28288641185921,1877800
2022-05-26,87.82559204101562,88.9248409348986,87.7288576016113,88.73137205608995,1480100
2022-05-27,88.44998168945312,88.52912440464132,87.28037903025528,87.36831761689241,1321800
2022-05-31,87.28915405273438,88.25649169326302,86.91101218215798,87.74643861959578,3889500
2022-06-01,86.73514556884766,87.41228674820849,85.72384179927971,87.35072906911057,1970800
2022-06-02,86.691162109375,87.0517122399907,85.10824109640187,87.01653547200436,1487700
2022-06-03,86.10197448730469,86.78790475472576,86.00524004351114,86.55925909582436,1093800
2022-06-06,86.26905822753906,87.27157275612883,85.89091631171779,86.53288066528724,983900
2022-06-07,86.60323333740234,86.7351378456642,85.12584246132047,86.01403079360539,1810900
2022-06-08,85.33688354492188,86.40975144592728,85.16099971156234,86.26904437923966,1054800
2022-06-09,83.11201477050781,85.57432834198958,83.01528032816671,85.31930178575242,1270700
2022-06-10,83.67483520507812,84.31679286375068,81.80171061551232,82.28538285912872,1946400
2022-06-13,80.15723419189453,83.36704244436703,79.70873874496263,82.87457435604223,2157400
2022-06-14,78.07305908203125,80.62331807708682,77.0177827368347,80.23638028618251,1922300
2022-06-15,77.60698699951172,79.00522864397573,76.66603003174168,78.53035893364448,1924800
2022-06-16,77.09693145751953,78.67105693688099,75.85698199065509,76.88587751387357,2640700
2022-06-17,76.40219116210938,77.6333512402508,75.70746507009183,77.3167670284635,4185900
2022-06-21,77.5718002319336,77.82682679717392,76.19993966925914,76.40219772181588,2130800
2022-06-22,78.17859649658203,78.77658826894904,77.14970096022944,77.22004780282016,1732700
2022-06-23,80.29794311523438,80.58814647703984,78.28411803402297,78.33688655116819,1800900
2022-06-24,81.72257232666016,81.94242213850318,80.3507116477305,80.5881464924361,1667000
2022-06-27,82.2765884399414,82.68111127388231,81.12457761482092,81.42357012757932,1350600
2022-06-28,82.76905822753906,83.34066236157754,82.50523577391846,82.64594287165843,1575100
2022-06-29,83.29668426513672,83.63964937920433,82.86578058246151,82.86578058246151,1257200
2022-06-30,83.63084411621094,84.53662401877008,82.76903684765799,82.9185330684279,2282100
2022-07-01,85.51276397705078,85.750205483951,83.3758239613612,84.03537326608907,2030200
2022-07-05,81.51150512695312,85.56553553463888,79.90220315580858,85.4775902567801,2973300
2022-07-06,81.8720474243164,82.88335763922437,81.0717978049023,81.80169389248512,1835500
2022-07-07,81.16854858398438,82.42608970433174,80.93110704354544,81.8896556573056,1581000
2022-07-08,80.87832641601562,81.63461008632973,80.65847666788436,81.51149476411878,1375300
2022-07-11,81.72257232666016,81.79292587667804,80.42105848846458,80.45623526347352,1602300
2022-07-12,81.62583923339844,82.59317707977638,81.1421669555675,81.37960851351502,1507600
2022-07-13,81.37079620361328,82.0919031844284,80.70245102089015,81.063007865939,1230100
2022-07-14,81.64341735839844,81.83688625316069,79.77029950410495,79.88461898315384,1184700
2022-07-15,82.13587951660156,82.3205525275122,81.08939241215839,82.31175665767374,2464000
2022-07-18,80.57933807373047,82.0655247173345,80.50899124395065,81.78411727036692,1403900
2022-07-19,81.09819030761719,81.59944755240413,80.62331396372171,80.92230645286904,1047400
2022-07-20,79.708740234375,81.02783898941335,79.66476759216043,81.01904311911379,1427900
2022-07-21,79.86702728271484,79.97255759175992,78.96124726858042,79.50647713472242,1302100
2022-07-22,81.29166412353516,81.32684089661825,79.90221177852811,80.28035370256715,1098100
2022-07-25,82.7426528930664,82.79542139805888,80.86073947420333,81.01024241085268,1159100
2022-07-26,83.8594970703125,83.86829293973938,82.58437108399954,82.63713288199573,1484300
2022-07-27,84.14971160888672,84.3167928946016,83.16478208938179,83.54292401381566,1457800
2022-07-28,86.60323333740234,86.7351378456642,84.67734700538047,84.88840092788267,1455700
2022-07-29,87.2979507446289,87.72886115918891,86.50649687636441,86.52408190729521,3687100
2022-08-01,86.4713134765625,87.49141292442782,85.8029682946133,87.08689015119825,3332900
2022-08-02,86.22509765625,87.21881637623643,86.05800965466645,87.09570102010656,1662200
2022-08-03,86.26905822753906,86.43614621873179,84.27282504076003,85.78539270404515,1833700
2022-08-04,85.67987060546875,86.84067736619488,85.64469382977596,86.41856276716541,1820400
2022-08-05,85.46881103515625,85.89971476778447,83.9122706822986,85.60951141938274,1669100
2022-08-08,86.62083435058594,87.14847260883414,85.91731220006535,85.96128485045458,1200400
2022-08-09,86.98137664794922,87.51780397849996,86.77911188322354,87.13966206040845,964100
2022-08-10,87.0517349243164,87.42108772977937,86.22510414371887,87.2627955872336,989800
2022-08-11,86.60323333740234,87.69368643116081,86.5064988918215,86.96378350879013,1199800
2022-08-12,87.1572494506836,87.57056812067329,86.77910755146782,87.02533823760218,1955100
2022-08-15,88.1949462890625,88.29168073749362,86.96378607117103,87.24519354589336,1055600
2022-08-16,88.6558609008789,88.98382443951989,87.90243809527173,88.12403343589462,1155400
2022-08-17,89.1522445678711,89.40043028268656,88.27472209577618,88.31904387165903,1002000
2022-08-18,89.46247100830078,89.7992934908565,89.08132675268766,89.33837815880378,950800
2022-08-19,89.12564086914062,90.02974680388506,88.91290449180457,89.72838041315443,1179200
2022-08-22,88.11518096923828,89.16997026961162,87.9290349183835,88.85973812244299,1597900
2022-08-23,87.53902435302734,88.41653999935572,87.1667390450687,88.25699108524574,930300
2022-08-24,87.64537811279297,87.71629023786649,86.81218431211269,87.36173637505135,1007900
2022-08-25,88.15949249267578,88.23927033453407,87.06924716685482,87.65425536941777,1109700
2022-08-26,87.33515930175781,88.37222392911548,87.15788572466458,88.15949428409291,1098600
2022-08-29,87.93790435791016,88.46973188456126,86.36901213990633,87.03379823885868,1017900
2022-08-30,87.13128662109375,88.15948543765525,86.78559844666289,87.79607261231506,1185400
2022-08-31,86.63491821289062,88.07085854972603,86.62605926771737,87.18447712854324,1962800
2022-09-01,88.14176177978516,88.30131068997792,86.49309196197754,86.67036552327933,1234700
2022-09-02,87.29084777832031,89.16997211582134,87.04265529289312,88.49632032334075,1178300
2022-09-06,86.64379119873047,88.0088195135213,86.42219582482066,87.37948946312397,1264300
2022-09-07,89.72837829589844,89.92337649335981,87.06923450491625,87.14900557262058,1685700
2022-09-08,89.22315979003906,89.96771696023589,88.8863305118087,89.52452623629384,1252600
2022-09-09,89.39156341552734,89.94112232160022,88.62041592057501,89.71952697016731,1146400
2022-09-12,90.3399887084961,90.59704012043554,89.16109984901443,89.49792910175391,1387800
2022-09-13,87.59223175048828,89.87023225203572,87.15790664855456,89.63091218925125,1562600
2022-09-14,88.6115493774414,89.31179149287291,87.53016299063715,87.55675335054981,1476700
2022-09-15,86.54627227783203,88.27471316147056,86.25376481673847,88.27471316147056,1302100
2022-09-16,86.34242248535156,87.19334788747565,86.19173249548015,86.7590160968962,2872200
2022-09-19,87.28197479248047,87.32628980355345,85.66876096576458,86.11195165181348,951800
2022-09-20,86.30693817138672,86.72353164660302,85.51805945999472,86.7146727038156,865800
2022-09-21,85.30535125732422,87.81381245449423,85.26989518681906,86.85651883851675,955700
2022-09-22,85.46488952636719,85.91694591569397,84.41010030134221,85.11033562812173,871700
2022-09-23,84.62283325195312,85.15466073888905,83.5591715155279,84.61396754444739,1206300
2022-09-26,82.58416748046875,84.45443309401091,81.79528844111357,84.30374985335982,1652500
2022-09-27,80.45683288574219,83.16029873251576,80.31501538499754,82.92983768593348,2319300
2022-09-28,80.50115966796875,81.44072180184614,80.02251289338399,81.44072180184614,2224400
2022-09-29,77.70020294189453,80.27070379603138,77.29246151445989,80.1377519855135,2057800
2022-09-30,76.01605987548828,78.48019873272763,75.7412770822883,78.13451057721866,3118300
2022-10-03,77.70020294189453,79.26022946077182,77.04427578475459,77.34564900122098,2289700
2022-10-04,78.9854507446289,79.0652218282892,77.28360000100551,77.7976960972194,1768000
2022-10-05,76.49472045898438,78.04588796847956,75.81220296777643,78.01929084491456,1808900
2022-10-06,74.4560317993164,76.37947766445272,74.25216111767597,76.15788233171666,1887200
2022-10-07,72.31099700927734,74.71308981749117,71.9564430929703,74.58013125355684,1855600
2022-10-10,72.2312240600586,73.23283944868383,72.05395047117031,72.31100190884608,1458400
2022-10-11,72.3287124633789,73.06441056270512,71.84120680769064,72.22235103580098,1955900
2022-10-12,70.44072723388672,72.15144351638236,70.38754651670183,71.99189460227463,1999200
2022-10-13,72.81623077392578,73.02896040884839,69.22638352652191,69.81139847575052,1949000
2022-10-14,72.60350036621094,73.8001138484244,72.03621007486696,73.79124814131899,3156300
2022-10-17,73.58737182617188,74.89035340635533,73.4100982729378,73.59623753259935,1668000
2022-10-18,75.3424301147461,75.41334226022009,74.29649963794509,74.51809502063553,1647600
2022-10-19,74.93468475341797,75.15628010455919,73.83557370527254,74.42944762331815,1455900
2022-10-20,73.94192504882812,74.86376239520274,73.58737118290674,74.76625991301054,2384500
2022-10-21,75.22718811035156,75.70583485404775,73.31260113556684,74.25216320881134,2417700
2022-10-24,75.0676498413086,76.33517563050867,74.75741091270294,75.75902631495336,1595900
2022-10-25,76.09583282470703,76.3262938549262,74.91694407932167,75.09422439585666,1535400
2022-10-26,75.99833679199219,77.00881101307655,75.7767414494289,76.56562032794997,1941100
2022-10-27,76.60107421875,77.64700447644583,76.27311744910453,76.53902779509656,1586700
2022-10-28,78.40042877197266,78.43588483796269,76.90244886857413,76.90244886857413,1605200
2022-10-31,77.96610260009766,78.80816893867794,77.67359513208915,78.40042756733413,2381400
2022-11-01,78.01929473876953,78.29407759555927,77.07973253585712,78.01929473876953,1261700
2022-11-02,78.18769073486328,79.77431401398097,77.833136875624,77.87745864398606,1689200
2022-11-03,78.64862823486328,79.1893146923198,77.07086358935,77.84201787753355,1583300
2022-11-04,79.80978393554688,79.88955501738837,77.744513602194,78.47134609670424,1969700
2022-11-07,77.69132232666016,79.80090738693272,77.10630742241538,79.72999525989347,1600100
2022-11-08,78.25859832763672,79.0031553026283,77.78881736543222,78.13450549847146,1277100
2022-11-09,77.70905303955078,78.97657866841341,77.49632340438977,78.24088050872987,1624000
2022-11-10,80.61637878417969,80.81138375764085,78.41815688574233,79.58817996395649,1711900
2022-11-11,78.99430847167969,80.66956868482977,78.13451747880893,80.50115406404596,2556800
2022-11-14,79.18045043945312,80.6872960831159,79.18045043945312,79.26022151776965,1845500
2022-11-15,80.21781158447266,80.42350128991313,79.43978363838224,79.58286649282188,2197200
2022-11-16,81.68445587158203,82.74866329231082,80.48611039184719,80.48611039184719,3049300
2022-11-17,81.2104721069336,81.59501707696202,80.61129944892618,81.0137272167482,1752100
2022-11-18,83.6429672241211,83.67873965339572,81.970648798615,81.970648798615,1959800
2022-11-21,84.19742584228516,84.77871585169125,83.64296344790054,83.82182558619861,1172000
2022-11-22,85.15430450439453,85.68193238896856,84.36732484890513,84.52829733999232,2231600
2022-11-23,86.4510269165039,86.60305460407625,84.73399147089394,85.0112192332779,1957900
2022-11-25,87.19328308105469,87.31848314682689,86.45102067476807,86.77296565043716,830000
2022-11-28,86.33477783203125,87.19329561627514,85.78031544469147,86.75509532307512,1596900
2022-11-29,86.1201400756836,86.20062291036507,85.33316041448498,85.95022277194444,1342000
2022-11-30,87.67620849609375,88.11440876603778,85.65511081507182,86.02177305729515,4302700
2022-12-01,87.50627899169922,89.06234174986315,87.29165129265043,88.17699652125678,1850400
2022-12-02,87.05914306640625,87.38108806005637,86.4778531154884,86.97866022943984,1719700
2022-12-05,87.0770263671875,87.32742649453546,86.20956390966657,86.3258191622519,1521600
2022-12-06,87.2469482421875,87.63149329455145,86.35265805742415,87.1396377866672,1600900
2022-12-07,86.37947082519531,87.98919561026172,86.21850516958014,87.05018834849106,1368300
2022-12-08,87.27377319335938,87.31849043039028,86.12908288344941,86.30794500868062,1005900
2022-12-09,86.32582092285156,87.29165585337033,86.24533809008761,86.7550831662683,1485400
2022-12-12,87.95343780517578,87.96238261738233,86.34371957551981,86.9071199324655,1225500
2022-12-13,88.09651947021484,89.23226489267746,87.1306845268169,88.97291994549329,1396300
2022-12-14,88.03392791748047,89.40219080766707,87.41686550704627,88.11441075907138,1983800
2022-12-15,86.72826385498047,88.04286467617159,86.35265679746189,87.559953987591,1865500
2022-12-16,85.10958862304688,86.44208580712956,84.27789854302493,85.86973385636128,3946600
2022-12-19,84.82341766357422,86.1469700611309,84.39416222099364,85.05593500832585,1348000
2022-12-20,84.59090423583984,85.42259437010527,84.12587634769552,84.80553878996112,1846800
2022-12-21,85.60144805908203,85.61933085871613,84.64455794069872,84.9575581059845,1521000
2022-12-22,85.10063171386719,85.52094224331871,83.85756245309575,85.52094224331871,1049900
2022-12-23,85.71771240234375,85.86080210615545,85.02911196570466,85.02911196570466,1278500
2022-12-27,86.34371185302734,86.60304997778888,85.65510465545609,85.88762199178201,1352000
2022-12-28,85.82501983642578,86.76402032414323,85.69087496021135,86.57622022659974,1318200
2022-12-29,86.2900619506836,86.97866924515938,85.95917893389012,86.28112396091124,1193800
2022-12-30,85.23479461669922,86.52257465536044,84.55513899442143,86.40631938855064,1224400
2023-01-03,85.63722229003906,86.18273979944158,84.0006697618315,85.36893252961775,2098400
2023-01-04,86.37947082519531,87.13962280991035,85.79818776331882,86.06647067890225,1878500
2023-01-05,85.21691131591797,86.19168432849295,84.44782122210077,85.75348405458537,1891600
2023-01-06,87.48841094970703,87.7030386849572,85.86974106578649,86.09331361334912,1414500
2023-01-09,87.39002990722656,88.22171997546023,86.11119478774665,86.57622263897025,1471300
2023-01-10,87.72090911865234,87.90871603627106,86.80873625527957,87.6314814768145,1259900
2023-01-11,88.18595123291016,88.58837906666962,87.70303373866341,87.76563377553471,1612100
2023-01-12,87.2201156616211,88.48106802532187,87.10386040046328,88.34692314066763,1236900
2023-01-13,86.2900619506836,86.72826907367471,85.94128930855952,86.69249664590649,1236300
2023-01-17,85.39576721191406,86.62989202456812,85.21691190541851,86.3616022419322,2496000
2023-01-18,83.47303771972656,85.80713551214254,83.22263757420784,85.54779737777831,1808400
2023-01-19,82.70396423339844,83.60719246152571,82.42672961998048,83.52670961507387,1416900
2023-01-20,83.87548065185547,83.92019106917266,81.73812756935628,82.77550067788022,2507500
2023-01-23,83.66085052490234,84.60879594888281,83.12427094924506,83.73238855514963,1440500
2023-01-24,84.10799407958984,84.41204946551736,82.92753131600824,83.61613175189225,1176200
2023-01-25,84.4656982421875,84.4835878652244,83.07955266407961,83.58929775435786,1190000
2023-01-26,84.8502426147461,84.8770770490965,83.92018008780104,84.26001469398584,1276100
2023-01-27,84.87708282470703,85.28845548180938,84.26896523966607,84.76976554867892,952300
2023-01-30,85.00228118896484,85.85185409933254,84.71610861488276,84.8770811142347,1161700
2023-01-31,85.23479461669922,85.38682913224137,84.00962144042703,85.23479461669922,3663500
2023-02-01,85.3599853515625,85.8518476244007,84.51935731647336,84.86812990161614,1557600
2023-02-02,85.10063171386719,85.99492163020683,84.51039709409554,85.23476974300566,1625600
2023-02-03,83.10638427734375,84.93073701010175,82.17632169851268,84.86813697224255,1741800
2023-02-06,83.66085052490234,83.75922299224666,82.59664300884619,82.86493279667484,1370400
2023-02-07,83.3925552368164,83.59824497030421,82.6324099852952,83.17792751444516,1388600
2023-02-08,82.06900787353516,83.10638777068455,81.4608902703872,83.08850496892697,1407700
2023-02-09,80.65603637695312,82.57875487380348,80.5576639078342,82.24787186212424,1489700
2023-02-10,82.59662628173828,82.71288152737773,80.79015663170159,80.9064187002324,1373800
2023-02-13,82.99011993408203,83.088492386083,82.4446024540373,82.62345773609813,1300400
2023-02-14,82.18718719482422,83.36902740793869,82.12403595312873,82.96304924020839,1047600
2023-02-15,82.27742004394531,82.34057129928219,81.55569239480545,81.8714486714898,1141800
2023-02-16,82.69241333007812,83.17957617350294,80.77982183567333,81.58274780612852,3701400
2023-02-17,84.1268539428711,84.1900051933003,81.7812272202537,82.6112170496003,3654600
2023-02-21,83.6577377319336,84.25316286953925,83.1795846473933,83.81110408281998,2197900
2023-02-22,83.36903381347656,84.39750090466349,83.08935810764878,83.88326735907002,1740100
2023-02-23,82.6202392578125,83.91935165702272,82.30448301088536,83.74794505610224,1848800
2023-02-24,82.33154296875,82.62925205441125,81.38426738964066,82.04285057331175,1886000
2023-02-27,81.96165466308594,83.58555373846896,81.92556725219188,82.92697053484979,1928700
2023-02-28,80.6083984375,82.08794769878317,80.58133460319114,81.61882517716835,2705000
2023-03-01,79.52580261230469,80.56329317121347,78.51537588731169,80.31068132773852,1969300
2023-03-02,80.84295654296875,80.99632284685026,78.83112680022427,79.5709013704999,1415000
2023-03-03,81.81729888916016,81.84436272228363,80.1392724058168,81.06850071888967,1497700
2023-03-06,82.66532897949219,82.82771886151535,81.85338645234515,81.87142671347273,1592400
2023-03-07,81.79025268554688,83.66674997725566,81.40232160023314,83.4502323826297,2278600
2023-03-08,82.71947479248047,83.32392342560705,81.72708822111483,81.74513536766858,1839800
2023-03-09,82.35861206054688,83.96446404282486,82.21426241213219,83.01718840327118,1902300
2023-03-10,81.75416564941406,83.03523784106326,81.48351349265651,82.6833941670606,1969100
2023-03-13,83.71186065673828,86.31009243161878,81.70003041169251,81.79926907615042,2773800
2023-03-14,84.8125,85.64248981949395,84.0456614301856,84.08174195888535,1936000
2023-03-15,86.28302001953125,86.74312588330376,84.3433647928133,84.78543039346336,2828000
2023-03-16,86.87844848632812,87.71746178897628,85.91313269794533,86.21084176690881,2182200
2023-03-17,86.27398681640625,87.04083213142012,85.73268950454904,86.54463891381923,3638400
2023-03-20,87.42876434326172,87.80767177850804,86.43637789432776,86.5446401113848,1735300
2023-03-21,84.0727310180664,87.49193607420641,83.14350247367175,87.12204524152168,2627700
2023-03-22,83.08935546875,84.8305333630863,83.0171806512822,84.46966615871676,2537000
2023-03-23,82.75555419921875,83.87423627342297,82.15109874158017,82.7645708886539,2373100
2023-03-24,85.76879119873047,85.8048786099289,82.84577972135575,83.08936114323285,1643500
2023-03-27,85.31770324707031,86.43638538844162,85.21846459357283,86.08454175621219,1896500
2023-03-28,85.15531921386719,86.36422340202135,84.86662680643737,85.0741277006697,1762300
2023-03-29,85.80487060546875,86.27399314134574,85.507154653082,85.5161782257823,1635800
2023-03-30,85.4530258178711,86.33714320730896,85.36281074100569,85.90410808516731,2108200
2023-03-31,86.31008911132812,86.34617652274004,85.29064555007885,85.41694804853557,2099900
2023-04-03,85.78683471679688,86.41835411226869,85.17336935206393,85.92216079318156,2235300
2023-04-04,86.62584686279297,86.94160999739184,85.7958570348058,85.9311831092096,1560900
2023-04-05,88.87223815917969,89.09777931295075,87.23931552545777,87.33855418375462,2040500
2023-04-06,89.28722381591797,89.63004385630276,88.02419210891595,89.24211283664434,1578600
2023-04-10,89.5037612915039,89.53984870635966,88.33095128205939,89.08876634511856,1355600
2023-04-11,89.41352844238281,89.8014594713435,88.66473021948696,89.45863942273817,1338700
2023-04-12,89.03462219238281,89.97287415613857,88.6737549935584,89.40450608102508,1185300
2023-04-13,88.48429870605469,89.20602619987959,87.11300476673986,88.54744994780148,1335200
2023-04-14,87.22127532958984,88.09637610817823,87.04986185004002,87.70844504807111,1827000
2023-04-17,88.29484558105469,88.3670135128494,87.37463390023812,87.60017503414838,1520100
2023-04-18,87.97908782958984,88.37604245192644,87.48290143463869,88.23169969660287,997200
2023-04-19,88.53843688964844,89.14288554428742,88.12344198274839,88.21365706981884,1158300
2023-04-20,89.00755310058594,89.05265719591951,88.17755652741502,88.89026731018703,1215900
2023-04-21,89.35037994384766,89.9909159633447,88.881250512433,89.81950249229287,1875100
2023-04-24,90.07209777832031,90.11720875520678,88.98047959076096,89.49471306561072,1110700
2023-04-25,90.57733154296875,91.04645412886947,89.90973163431272,90.2164643091382,1404100
2023-04-26,89.44058990478516,90.60438296079485,89.18798494062226,89.57591595929215,1378600
2023-04-27,89.47669219970703,89.83755944411469,88.60159136898376,89.35038969660988,1713500
2023-04-28,88.83615112304688,89.90972922207237,88.31289399217984,89.38647209120533,2316000
2023-05-01,89.41352844238281,90.33373324809672,88.67375379215189,88.8000562775838,1834800
2023-05-02,88.92636108398438,89.84656591371552,88.48430237343496,89.33233238590147,1425200
2023-05-03,88.44822692871094,89.69321172156582,88.39409924992562,89.66614788217316,1203000
2023-05-04,88.8812484741211,89.51276778916291,88.15952096360525,88.61962681152625,1648000
2023-05-05,89.75634765625,90.61340809424648,88.23169427258135,89.13385880754448,2218600
2023-05-08,89.32332611083984,90.50515962872697,88.63767903281996,89.6210352215721,1524900
2023-05-09,89.10679626464844,89.54886188307421,88.75495261437146,89.44962322448636,1469800
2023-05-10,89.68419647216797,90.20744676910196,88.95343838196678,89.62103833527598,1504400
2023-05-11,89.27820587158203,89.99994028764404,88.90832197350315,89.71124789781314,1628900
2023-05-12,89.78341674804688,90.28863359762686,89.17896812614234,89.72026550222057,1624600
2023-05-15,88.84518432617188,90.21647166700329,88.09638595942282,90.0721220085102,1838100
2023-05-16,87.78089141845703,88.98162457787424,87.68992815214786,88.66324967576595,2261200
2023-05-17,87.23509979248047,87.99919951297352,87.0258780461253,87.93552453626576,1742500
2023-05-18,86.74388885498047,87.12593871082257,86.24358051515019,86.69840375497704,1806400
2023-05-19,86.58924865722656,87.48069830066085,86.30725353568772,87.1896117113688,2209800
2023-05-22,86.09803009033203,87.29876301808726,85.89790677903099,86.73477977169804,1907000
2023-05-23,85.39762115478516,86.21630449089845,85.2338844875625,85.77967800500662,4775100
2023-05-24,85.05194854736328,85.97069346419109,84.84272679677892,85.67960685906424,1578200
2023-05-25,84.7972412109375,85.35212608776061,84.00584631939023,84.85181777585403,3679300
2023-05-26,84.31513214111328,84.72447026987342,83.88759719682282,84.71537186210826,2210700
2023-05-30,84.19686126708984,85.07012090261122,83.90577472191605,84.2150580799417,1939100
2023-05-31,84.8700180053711,85.19749128814829,83.97856141557722,84.39699795689212,3277300
2023-06-01,83.52374267578125,85.27026231784131,83.30542945553678,85.24297403281727,2937100
2023-06-02,83.46916961669922,84.32423265697832,82.3412028945441,83.34181965452886,2244800
2023-06-05,84.5516357421875,85.35212906920009,83.523737740062,83.523737740062,1963200
2023-06-06,84.06043243408203,85.11561871551935,83.86940057084043,85.04284533333698,1543100
2023-06-07,85.08832550048828,85.39760194676005,82.91427114917367,84.06951902914054,1847100
2023-06-08,85.50677490234375,85.73418653772232,83.97856843499764,84.03314500667175,1416400
2023-06-09,85.04286193847656,85.67961874682527,84.93370878394191,85.506783665408,1264900
2023-06-12,84.26054382324219,85.2338651969861,83.73295418386746,85.2338651969861,2020900
2023-06-13,83.71475982666016,84.16048463406143,83.24174673677227,83.86030658665734,1728900
2023-06-14,84.04224395751953,85.09743728370906,83.55103398912637,83.96947056811631,1678000
2023-06-15,84.61531829833984,85.22478675602856,84.10591845554556,84.60622682975591,1997600
2023-06-16,84.56983947753906,85.64322266654499,84.33332943520155,84.94279094809795,4678700
2023-06-20,83.7056655883789,84.81543539845295,83.64199061272147,84.68808544713808,1939500
2023-06-21,84.52433776855469,84.55162604883772,82.79600830343605,83.61469141218181,1907100
2023-06-22,83.796630859375,85.10651698729349,83.64198569325806,84.8791053818849,1914000
2023-06-23,82.54131317138672,84.26054432839989,82.24113513099414,84.2241576392505,1994100
2023-06-26,83.3963851928711,83.5419250132158,82.177455364733,82.80511362385158,1242500
2023-06-27,83.66927337646484,83.99673967389928,83.3418001389796,83.61468987685011,1262900
2023-06-28,81.96823120117188,83.66927233357038,81.74991802558647,83.66927233357038,1490500
2023-06-29,81.47704315185547,82.17746795846101,81.24963150892408,81.32240490027475,1545000
2023-06-30,82.2320327758789,82.27751093009381,81.38606137891051,81.70443621861884,1552100
2023-07-03,82.82331848144531,82.83240994981426,81.72264008420967,82.0501133868488,707000
2023-07-05,84.46068572998047,85.00647230396015,82.48675426639508,82.55042925102516,2334700
2023-07-06,83.84210968017578,84.29693289459364,83.32361149334149,83.96945962500867,1776100
2023-07-07,83.71475982666016,84.28784151908474,82.86878836931808,83.21445845428566,1664300
2023-07-10,83.13258361816406,83.6419833793707,82.74143539008003,83.51463343906904,1560600
2023-07-11,84.17867279052734,84.17867279052734,82.77781659987717,83.1052898361357,1082700
2023-07-12,84.67899322509766,84.98827665806441,83.93308333859851,84.4242933038617,1294200
2023-07-13,85.29754638671875,85.32484161044576,83.94217509045251,84.33332334991815,1712700
2023-07-14,84.66990661621094,85.1611166096675,84.3424332872399,85.07014639824563,1121900
2023-07-17,84.06951141357422,84.65168450444979,83.61468825257451,84.51524310819042,1512800
2023-07-18,83.8148193359375,84.91549065494685,82.97794630760744,84.18777769381036,2012900
2023-07-19,85.04286193847656,85.29756188579482,84.06044884739943,84.124123834229,2029900
2023-07-20,87.22599792480469,87.37154468867942,84.79724355807146,85.32484016703984,2095800
2023-07-21,88.35395050048828,88.99979859828261,87.8354523408477,88.32666221946263,2121700
2023-07-24,88.35395050048828,88.96341885028251,88.16292559325765,88.51768712669326,1124300
2023-07-25,88.88155364990234,89.25451202501118,87.89913381991245,88.32666876111462,1980000
2023-07-26,88.69053649902344,89.91855792407638,88.46312486697465,88.76330988689159,1070000
2023-07-27,87.09864044189453,88.66323331794301,86.90761553587248,88.19021331632082,1482000
2023-07-28,86.99858856201172,87.86274993970652,86.36183880371574,87.6171484443786,1406300
2023-07-31,86.2890625,87.34424876947763,85.8433376842755,87.26238392048914,4358900
2023-08-01,84.9063949584961,86.72568782949932,84.85181839318248,86.31634970954421,1728300
2023-08-02,84.89730072021484,85.68868865164002,84.7790422458262,84.97916556551345,1404900
2023-08-03,82.1683578491211,84.59711197903601,82.14106956856827,84.57892210535114,2229800
2023-08-04,81.24052429199219,83.85121216821581,80.68563938819534,82.40487066715544,2819000
2023-08-07,82.43217468261719,83.11440961020656,81.7408413461119,81.80451632841815,2072400
2023-08-08,82.95066833496094,82.99614649690514,82.04102181545065,82.74144658185061,1462400
2023-08-09,82.74144744873047,83.54193389586742,82.41397414307166,82.43217096008173,1331700
2023-08-10,82.24114227294922,83.62380188044152,82.00463224296497,83.05072709168749,1463300
2023-08-11,82.62319946289062,82.75964783614381,82.05921609213534,82.5322361940727,1156100
2023-08-14,81.46794128417969,82.55952128793857,81.11317969147242,82.37758781728594,2008900
2023-08-15,80.48573303222656,81.50465653221988,80.19198976217213,81.09157546272984,2454900
2023-08-16,81.54137420654297,81.85347336274384,80.64178151483762,80.79783109293804,1353400
2023-08-17,81.00896453857422,82.22065641924215,80.98142720091687,81.49547617956627,1317100
2023-08-18,81.99117279052734,82.2023040606256,80.93553044682085,81.09158003584561,1440600
2023-08-21,81.43122100830078,82.16558270357001,80.77947833036062,81.74332717997746,1268800
2023-08-22,82.04623413085938,82.19310925198967,81.04567363087644,81.34859831566422,1559000
2023-08-23,82.65209197998047,82.68881076403014,81.6882431580045,82.36753015783547,2679900
2023-08-24,82.11967468261719,83.72608461068887,82.1104932363643,82.51439283079331,1939700
2023-08-25,82.50521850585938,83.06516771796117,82.03706975742706,82.34916892304861,1890800
2023-08-28,82.34917449951172,83.17532970473741,81.8075881448259,82.45014941367222,1669900
2023-08-29,82.68881225585938,82.78060571594366,81.76168220120627,82.53276267337688,1484300
2023-08-30,82.45931243896484,83.27628601400197,82.12885043070365,82.6337178853203,1020000
2023-08-31,81.66071319580078,82.83568637793722,81.63317585612455,82.63373654912141,1842400
2023-09-01,81.10074615478516,82.11048807398255,80.11854156922362,82.11048807398255,1572700
2023-09-05,79.4117431640625,81.10076539269785,79.24651211966184,80.8896411158148,1942600
2023-09-06,79.67794799804688,79.80646025260884,79.1363546366278,79.7054853378255,1365900
2023-09-07,81.24763488769531,81.89937757206499,80.3664050467141,80.3664050467141,1626300
2023-09-08,81.92691040039062,82.17475343439519,80.99978037776702,81.45875466572438,1392500
2023-09-11,82.3675308227539,82.68881143154215,81.3669632086511,81.3669632086511,1627600
2023-09-12,82.79896545410156,82.91830326080941,81.50466149896765,82.50522216614695,1815500
2023-09-13,83.9555892944336,84.11163889639779,82.85405362911891,83.07435936150326,1725200
2023-09-14,84.80009460449219,84.83681339126244,83.992302305724,84.26768970480468,2019100
2023-09-15,83.98310852050781,85.44265031579106,83.90049651495535,84.58895790812501,3727600
2023-09-18,84.05654907226562,84.16670542031079,83.26711275308782,83.8729621622487,1519100
2023-09-19,83.68936920166016,84.49716842307163,83.65265041856038,84.13916904208855,1132200
2023-09-20,83.99229431152344,84.7541933068573,83.47824535245087,84.13916944462521,1186600
2023-09-21,83.4048080444336,84.56142520932391,83.21203968418384,83.86378233171162,1814100
2023-09-22,83.37728118896484,84.0014865782665,82.66128233134675,82.98256297215067,1492100
2023-09-25,82.82649230957031,83.1477728686597,82.17474274248637,82.6612613072685,1549400
2023-09-26,80.62342834472656,82.77142473709533,80.43983442012744,82.65209393865,2009300
2023-09-27,79.52188873291016,80.88963725877247,79.43009526892959,80.32050657666512,1787800
2023-09-28,78.47541809082031,80.08182802286613,77.89711303650476,79.90742256397881,1975700
2023-09-29,78.51213073730469,79.63202898010346,78.16331284339645,79.15469886194529,2011200
2023-10-02,74.92296600341797,78.20004217061681,74.40891003368645,78.04398558864207,2440200
2023-10-03,76.35497283935547,76.67625348238607,73.8581512648444,74.5374313391652,2635600
2023-10-04,77.29126739501953,77.37388640872716,75.27178332663722,76.71296231263351,1933200
2023-10-05,77.80533599853516,78.08989786258923,76.38251267147885,77.04343687492712,2524700
2023-10-06,79.26485443115234,79.45762278269306,75.87762910637746,76.47429005016905,2419700
2023-10-09,80.36640930175781,80.37558374606562,79.25568524196495,79.25568524196495,1451700
2023-10-10,80.88963317871094,81.05486420689869,80.03594070030624,80.15527149712271,1830300
2023-10-11,81.19255828857422,81.41287101515016,80.06348532929135,81.1650209486004,1738100
2023-10-12,80.201171875,81.22009538345374,79.28322327303388,80.8529145419889,1906000
2023-10-13,80.79783630371094,81.52301657054737,80.26543141448023,80.94471144790724,1958500
2023-10-16,81.38533020019531,81.62399180537324,78.16332849636963,78.16332849636963,3995500
2023-10-17,81.60562896728516,82.14721525992367,80.87126731268565,81.1466546840084,2943800
2023-10-18,81.0364990234375,81.8534726943413,80.63259940963631,81.55054798399041,2639700
2023-10-19,80.47655487060547,81.55973453628553,80.24706771265116,80.8896359569586,1950900
2023-10-20,79.91659545898438,81.42203046301486,79.38419064296728,80.48572605939253,10175500
2023-10-23,79.48516082763672,80.68767817901721,78.82424376076547,79.26485513867964,2130800
2023-10-24,80.7519302368164,81.01813614081003,79.96249397073636,80.10936208819315,1689600
2023-10-25,81.06404113769531,81.3486099748228,80.19199274202083,80.4031170046656,1472000
2023-10-26,81.97280883789062,82.70716348052781,81.2200913022373,81.3944967655406,1884600
2023-10-27,80.29296112060547,81.96362720836868,80.0267551995992,81.44957825933129,1248100
2023-10-30,80.30213928222656,81.15583168246604,79.66875256493525,80.56833818895194,1370400
2023-10-31,80.58671569824219,81.03650859183534,79.82481661075289,80.77030263343333,2480300
2023-11-01,81.84430694580078,82.45933087514129,79.98086525904938,80.89881393092212,2221600
2023-11-02,82.76225280761719,83.2579389106128,81.54137943466499,81.70661047012764,1853000
2023-11-03,82.67962646484375,85.61705905356072,82.6061888992779,84.26768055409468,2543100
2023-11-06,83.1110610961914,83.5792168094102,82.49603725931843,83.38644145431482,2907700
2023-11-07,82.13804626464844,83.15696279798381,82.04624579919084,83.12942545970343,2220500
2023-11-08,81.4036865234375,81.9636357599427,80.74276237520891,81.77086738394142,2820400
2023-11-09,81.92691040039062,82.51439692870471,81.41286143896376,81.64234858294245,3761600
2023-11-10,82.0186996459961,82.50521124570794,81.61480705563821,82.34916167662895,2497200
2023-11-13,81.11912536621094,82.18394216690683,80.77030039426839,81.92691766340756,2326400
2023-11-14,83.84285736083984,83.87991582553445,82.18452817369806,82.70333254306374,1883800
2023-11-15,83.88916778564453,84.76928319923967,83.50005750734078,83.50005750734078,2902300
2023-11-16,84.42650604248047,85.28809584551854,84.1671038769514,84.66738251111984,2012400
2023-11-17,84.63959503173828,85.06575676515146,84.1393163703804,84.88047151346896,1694000
2023-11-20,84.25049591064453,84.5469565688413,83.29626338795428,84.30608007525029,1559700
2023-11-21,83.83358764648438,84.4450416873801,83.52786769421564,84.33386629771383,1052200
2023-11-22,83.86137390136719,84.20415936122531,83.36110235306857,84.12078312590175,1682100
2023-11-24,84.2690200805664,84.30607854569111,83.43522228570939,84.00035150954695,504800
2023-11-27,84.00035095214844,84.4821039273933,83.55566350996182,84.31534436952845,1703300
2023-11-28,84.12078094482422,84.82487047434078,83.65756080100509,84.00033918379702,1402100
2023-11-29,83.32405090332031,84.63032817721688,83.0368495761794,84.14858228461867,2174500
2023-11-30,83.48153686523438,83.77799748158536,82.77744025083382,83.47227048304818,3843400
2023-12-01,84.93605041503906,84.93605041503906,83.17581236035407,83.67609099072847,1519100
2023-12-04,85.2232437133789,85.94586603762984,84.02813484320284,84.36165392642307,1872200
2023-12-05,84.48210144042969,85.47339237517279,84.2226992620938,85.25104159244555,1301100
2023-12-06,84.90824890136719,85.22323518835617,84.06518489528835,84.86192406237326,1260100
2023-12-07,85.64015197753906,86.30719018974717,84.59326981242052,85.26030802462863,3032800
2023-12-08,84.81562042236328,85.72352804521175,84.17637429227052,85.5938269562334,1910700
2023-12-11,85.11209106445312,85.13988314847408,84.10226724655146,84.53769541135989,1660800
2023-12-12,84.98237609863281,85.31588812066465,84.52841523973662,85.31588812066465,1351200
2023-12-13,87.09466552734375,87.39112617787305,84.66738909176176,85.15840138155909,1881500
2023-12-14,85.14913940429688,87.64125924020598,85.0194312473274,87.44670760702061,3229100
2023-12-15,83.24066925048828,84.76929733742193,82.65701433795553,84.76929733742193,4549500
2023-12-18,83.37963104248047,84.09298699806742,83.11096249427324,83.48154004587559,2183700
2023-12-19,83.66682434082031,83.88917511017296,83.1387536329207,83.49080548363965,1726000
2023-12-20,82.7774429321289,83.84285073633691,82.75891723533505,83.60197426894355,2498900
2023-12-21,82.64773559570312,83.57417586522318,82.08260646584162,82.870079281298,1940600
2023-12-22,83.08318328857422,83.88918905808653,82.96274856961813,83.17582592378506,865600
2023-12-26,83.62977600097656,83.85212679724035,82.75892678757229,82.83304371966022,932300
2023-12-27,83.1943588256836,83.62977991869361,82.96274870319358,83.5093451995436,1333000
2023-12-28,83.98181915283203,84.092987471213,83.03684603752022,83.055378802703,1402500
2023-12-29,84.27828216552734,84.30607424590853,83.41669233281452,83.69462020480563,1305500
2024-01-02,85.61235809326172,85.74205917977227,83.8984377520396,84.02813883855015,1806900
2024-01-03,86.1589584350586,86.23307536448407,85.3436934159166,85.79764723933367,2014300
2024-01-04,86.39056396484375,87.08539423801943,86.06631125099757,86.61290767316984,1727100
2024-01-05,86.64069366455078,87.09465450021257,86.08483089870906,86.2052726612301,1972000
2024-01-08,86.90936279296875,86.9742133316235,86.22379894602165,86.53879232532941,1203500
2024-01-09,86.80745697021484,87.020541358265,86.29791902447737,86.7426064291872,1291800
2024-01-10,87.38184356689453,87.80800523112649,86.51098747536332,86.64995492565546,1572400
2024-01-11,84.53768157958984,86.94642506575607,84.3709220345687,86.94642506575607,2045300
2024-01-12,84.8804702758789,85.25104077384084,84.55621048789344,85.02869706142785,2202500
2024-01-16,84.82486724853516,85.70498972922839,84.34312142728211,84.68590686521672,2038200
2024-01-17,83.88916778564453,85.58454807781389,83.31477228390334,84.36164722586346,1885300
2024-01-18,82.82376098632812,83.6205001785443,82.37906654976489,83.46299996190379,1682300
2024-01-19,83.24992370605469,83.49080015672884,82.29569135337967,82.79596995023596,1689900
2024-01-22,82.63848114013672,83.74094748178837,82.16600162358259,83.24993519898936,1678500
2024-01-23,82.56436157226562,82.94419841747445,82.01775812317776,82.50877034824644,1586100
2024-01-24,81.82320404052734,83.24992289887417,81.60086035569537,83.22213082179248,1932400
2024-01-25,83.07389831542969,83.12022315675915,81.87878950454935,82.58288609732239,1548400
2024-01-26,83.39816284179688,83.6019808635009,82.86083277424373,83.3796371435417,2218900
2024-01-29,83.92622375488281,84.41724305332109,82.99052413683944,83.37962736819482,2173300
2024-01-30,84.00960540771484,84.50988401027973,83.41668419019612,83.7687289542921,1550000
2024-01-31,84.21343994140625,85.01943862480262,83.69462847304669,84.75077710912372,3138200
2024-02-01,85.95513916015625,85.99219762432875,83.37963597969222,83.74094717014988,1625100
2024-02-02,84.3987045288086,85.52896275356761,83.54638120357914,85.26029423553652,1978400
2024-02-05,83.07389831542969,84.22268935315897,83.02758054227863,83.67608591182064,1852000
2024-02-06,83.16653442382812,83.72240420358257,82.64773016878036,82.76816485136563,1621500
2024-02-07,82.88861846923828,83.55565664590075,82.60142422524483,83.50933180156296,1413400
2024-02-08,82.14747619628906,82.8978977963026,81.62867178595276,82.51805380432069,1626500
2024-02-09,82.50877380371094,82.58289072672153,81.7954178572257,81.86026839781528,1457600
2024-02-12,82.8700942993164,82.9720033128862,81.93439454661865,82.52731586110856,1627300
2024-02-13,81.0466079711914,83.09451697170414,80.35462322408733,82.72046865578525,3513600
2024-02-14,81.20557403564453,81.73859768741441,80.84087889923843,81.39260175583871,2413000
2024-02-15,82.49605560302734,82.62697146420415,81.242994616133,81.37391047730982,2168500
2024-02-16,81.65444946289062,82.64567160422683,81.1027336323369,81.8695295997512,2949300
2024-02-20,81.89757537841797,82.91684981753934,81.38325800632444,81.75730635563075,1974500
2024-02-21,82.86073303222656,83.0290544082581,82.02847932139781,82.39317444706982,1746900
2024-02-22,82.20616912841797,82.48670005096616,81.10273037721842,82.20616912841797,1628800
2024-02-23,82.224853515625,83.08515960471436,82.00977342616373,82.37446855380765,1190700
2024-02-26,80.61646270751953,82.06589739659937,80.50424606156932,82.01913867719205,1562900
2024-02-27,81.24298858642578,81.52352663062898,80.56971012222,80.91569895777461,1159000
2024-02-28,81.02791595458984,81.61703728872308,80.84088821284836,81.21493656195247,1185500
2024-02-29,81.55158996582031,82.04720106071022,81.02792648961659,81.38326854355772,2803400
2024-03-01,81.36455535888672,81.45806565866457,80.27981590520373,81.34584901830401,1572000
2024-03-04,83.34700012207031,83.59948578148054,80.94374901156924,80.94374901156924,1960800
2024-03-05,83.21609497070312,84.89930913519764,82.90751165252874,83.73976556320116,2037200
2024-03-06,84.02027893066406,84.42237961174027,83.63688458882567,83.74909408674029,1436700
2024-03-07,84.10444641113281,85.02085730631423,83.90807264787965,84.8712422585692,1007900
2024-03-08,84.27277374267578,84.47849355603753,83.38440802601227,84.31952532710302,1072800
2024-03-11,84.90865325927734,85.09567386456884,83.92677724555003,84.31952479728945,1197200
2024-03-12,84.0950927734375,85.15177267488797,84.07639356796524,84.50654663760999,1316800
2024-03-13,83.75846099853516,85.1891894067094,83.63689831105694,84.534610113551,1673600
2024-03-14,82.91685485839844,83.73040953252061,82.32773348813159,83.41246591924853,1450300
2024-03-15,83.1693344116211,83.43116611244132,82.3370805907088,82.3370805907088,3462300
2024-03-18,83.21609497070312,83.56209097517687,82.70178468415946,83.03842751705837,1355000
2024-03-19,83.88936614990234,83.97353041078277,83.01970683748891,83.59012892059764,1507600
2024-03-20,83.2628402709961,84.356925734345,82.87009274072393,83.6368885955127,1545700
2024-03-21,82.89813995361328,83.90806822659582,82.86073441005341,83.44985566877092,2162900
2024-03-22,82.85139465332031,83.55273265625651,82.64566769762503,83.3657120425585,1507500
2024-03-25,82.75787353515625,83.26283768742834,82.290314927613,82.99165283892788,1163700
2024-03-26,81.7760009765625,82.7859293227383,81.50482325126161,82.70177219441288,1412000
2024-03-27,84.20731353759766,84.2447119503756,82.21550917418732,82.21550917418732,1935200
2024-03-28,84.91799926757812,85.0021635339968,83.9641827658988,84.35693031750918,1785800
2024-04-01,84.46914672851562,85.02086250648914,83.86131906162468,84.89929982686246,1109600
2024-04-02,84.72162628173828,85.77831340083935,84.54395884542674,84.54395884542674,1829400
2024-04-03,84.05769348144531,84.96475840346244,83.96418317837092,84.66552115299709,1404600
2024-04-04,84.3382339477539,84.84319816011585,83.56208485462098,84.61876486503564,1667000
2024-04-05,83.83326721191406,84.16991001002202,83.12257606764406,83.8519664187517,1737900
2024-04-08,84.72162628173828,84.88059451110396,83.68364550396191,83.87067324531463,1437900
2024-04-09,85.21723175048828,85.24529126064436,84.4878414427546,84.88994214245118,1184100
2024-04-10,83.12256622314453,83.92676757511593,82.57085050704073,83.7023414477498,1623500
2024-04-11,82.80463409423828,83.59012914790732,82.42123260301055,83.59012914790732,1325800
2024-04-12,82.87944030761719,83.53402667120938,82.30901820742591,82.98230377711913,1396000
2024-04-15,83.52467346191406,84.37563359387245,83.04776166120794,83.9548265458217,3518000
2024-04-16,81.74795532226562,83.47792095686151,81.7292561147819,83.26284796609298,2098200
2024-04-17,84.46914672851562,84.65616733323033,82.15005270440794,82.30902093185331,2923100
2024-04-18,85.00216674804688,85.26399845902068,83.85196929269303,84.77774058640918,2528800
2024-04-19,85.81570434570312,86.5263954322303,85.21722989422072,85.47906870932522,7398300
2024-04-22,86.71343231201172,86.83499499536046,85.32945553785996,85.52582931913668,1818300
2024-04-23,86.81629943847656,87.32126371065135,86.26458357507327,86.3768002359054,1843800
2024-04-24,87.3680191040039,87.66725638709667,85.39492081616795,86.07755965836249,2001700
2024-04-25,88.00389099121094,88.23767031971073,86.67602611758308,87.36801093231635,2191500
2024-04-26,86.90044403076172,88.25636115366824,86.90044403076172,88.00388264196873,1418600
2024-04-29,87.87297058105469,88.06934435068543,87.25578976131933,87.25578976131933,1146300
2024-04-30,88.27507019042969,88.70522327107582,86.76017767081449,87.25578867385506,3732000
2024-05-01,88.64912414550781,89.24759865520817,87.69530049078736,87.94778616060468,2372900
2024-05-02,89.06990814208984,89.41590405442982,88.33116474074404,88.92963914333701,1991600
2024-05-03,89.35979461669922,90.48193950301491,88.80807891007015,89.77124845511942,2465200
2024-05-06,89.892822265625,90.01439207898429,88.90160022402365,89.4346167924442,2071500
2024-05-07,91.17393493652344,91.23003969040629,89.68710188359883,90.46324380503323,2029800
2024-05-08,91.2394027709961,91.7537201853813,90.36974331945892,91.02432263378606,2179700
2024-05-09,91.75370788574219,91.87527056085612,90.66896844240496,91.22069133427571,1613200
2024-05-10,91.36095428466797,92.15580967044775,91.26744398468757,92.05294620015574,1688500
2024-05-13,91.30484771728516,92.08099674701928,91.22069058928861,91.36095246928285,1558000
2024-05-14,91.14452362060547,91.88960078906926,90.55977760096984,91.76699588623813,1723400
2024-05-15,91.39916229248047,92.12537264729245,91.17280484544875,91.94617480061187,1749100
2024-05-16,91.39916229248047,91.77641031311047,91.05963331747766,91.44631469728684,2388200
2024-05-17,91.57836151123047,91.64438064057161,90.90873685775729,91.52177574195105,1570700
2024-05-20,91.02190399169922,91.71038808200748,90.95588487077178,91.691528559833,1224500
2024-05-21,90.86156463623047,91.67266079582129,90.41829751251662,91.13507447567802,1516000
2024-05-22,90.66352081298828,92.5309303697357,90.34285852299128,90.67295417314864,3657500
2024-05-23,88.53203582763672,90.3145594111322,88.40942374064237,89.9373041817292,2056700
2024-05-24,89.06018829345703,89.2205194264326,88.39056368319584,88.74895219141388,1639100
2024-05-28,87.9095687866211,89.89958322302734,87.83411629719683,88.871570037917,2168800
2024-05-29,86.6834945678711,87.63605522349629,86.64576832474557,87.43799784374615,2013500
2024-05-30,87.19278717041016,87.50402330205769,86.92871064496825,87.10790851389483,1929600
2024-05-31,89.17337036132812,89.48459927948716,87.49458489750444,87.55117786079764,7907600
2024-06-03,88.35283660888672,89.79583118316773,88.12648635296193,89.17336618048833,2211800
2024-06-04,88.39056396484375,88.80554543555691,87.52288197657532,88.09819458077493,3445900
2024-06-05,87.33425903320312,88.32455320187417,86.9947300151185,88.23966734958019,2129700
2024-06-06,86.66462707519531,87.626628277449,86.50429594000138,87.12676095715518,1416800
2024-06-07,86.40056610107422,86.84384053908745,85.81582002606048,85.85354627563038,1312300
2024-06-10,87.07017517089844,87.10790141367872,85.90069042689008,86.1742002903883,1803600
2024-06-11,86.5325927734375,86.92870754748583,85.92898725235088,86.46657364442945,1315600
2024-06-12,85.957275390625,87.42856286759174,85.52343439602058,87.28709845291802,1333400
2024-06-13,85.45741271972656,86.28736844173297,85.04243126095098,86.07045154867829,1598000
2024-06-14,85.70263671875,86.10818485157228,84.92926669750116,85.13675024835956,1258500
2024-06-17,85.4951400756836,85.83466905628214,84.97641324545113,85.2499231017969,1401200
2024-06-18,85.24993133544922,85.76865821578163,84.64632579954181,85.30651710583254,1336400
2024-06-20,85.3819580078125,86.0327230610747,85.12731488010466,85.4008247257432,1383800
2024-06-21,85.20277404785156,86.2496540016987,85.17448116189014,85.49515065905969,3199700
2024-06-24,86.07987976074219,86.59860659655556,85.27821690174923,85.32537650338497,1441200
2024-06-25,84.30679321289062,85.95727860420884,84.20304784122129,85.881826116532,1511800
2024-06-26,84.57087707519531,84.7217820636658,83.48627085608786,83.86352613171817,1838700
2024-06-27,84.58030700683594,84.78779775979788,84.1841922214789,84.55201412153123,1258100
2024-06-28,84.33507537841797,84.8632355294847,83.7220365861613,84.8538021708377,2647300
2024-07-01,83.759765625,84.95755036915445,83.52398201975404,84.6557476422614,1145100
2024-07-02,83.91068267822266,84.19361872796372,83.68433239932067,83.92011603854438,1128200
2024-07-03,83.66546630859375,84.46712924888097,83.5145685200382,83.89181658919993,922400
2024-07-05,84.19361114501953,84.50484724769413,83.44854124425788,83.75034398746038,1551100
2024-07-08,83.39196014404297,84.29736850242924,83.29764812254261,84.20305648092888,1169400
2024-07-09,83.79750061035156,84.15589633287588,83.19389509357364,83.278780942004,1589200
2024-07-10,84.7594985961914,84.88210348861206,83.6088733753919,84.1087335002043,1188400
2024-07-11,86.25908660888672,86.4854368901471,84.69348696981272,85.04244215435045,1345700
2024-07-12,86.94757843017578,87.29653361640531,86.37226576604273,86.66463518056926,1222900
2024-07-15,85.1273193359375,86.63633304987411,85.05186685135443,86.44770903396139,1490200
2024-07-16,86.3439712524414,86.37226413775953,85.16505306054869,85.62718697701786,1526600
2024-07-17,88.42830657958984,88.87158101527864,86.39113228677658,86.7400946968084,2039300
2024-07-18,88.75838470458984,89.6732262830907,88.07932674135026,88.07932674135026,2135700
2024-07-19,88.6923599243164,89.24880576698743,88.26794512658371,89.19222000550751,1809600
2024-07-22,89.25824737548828,89.34313322109821,87.73036691441544,87.80581940039202,1547900
2024-07-23,87.94729614257812,89.0696285514226,87.9190032575729,89.0696285514226,1245700
2024-07-24,90.42772674560547,90.46545298634909,88.38112675519031,88.6546366039231,2179800
2024-07-25,90.4654541015625,92.25741098347939,90.06933936218833,90.9653142053744,1920800
2024-07-26,90.95590209960938,91.50291469281824,90.50319433068059,90.71068509162521,1438800
2024-07-29,91.36144256591797,91.56892611384136,90.54091295189511,91.13508510274563,1320200
2024-07-30,92.57808685302734,92.78557040073974,91.17281125388963,91.2859899853607,1127000
2024-07-31,91.97447204589844,92.65353002811875,91.531204881075,92.65353002811875,1623400
2024-08-01,94.51152038574219,94.55867999544914,91.84244765656324,92.55923198994104,2409300
2024-08-02,96.03939056396484,99.96282645266581,94.37003842249291,97.2843278511689,4425800
2024-08-05,94.97364807128906,97.50124900007097,94.8510431679076,97.0013888305714,2846300
2024-08-06,95.15284729003906,96.36005840228701,94.97364941709588,94.97364941709588,1956400
2024-08-07,95.43578338623047,96.40721078041378,94.49264887606488,95.2565855267245,2139800
2024-08-08,94.78502655029297,95.69986825634435,94.41720463484596,94.90763145692668,1784600
2024-08-09,95.27544403076172,95.37918940141275,93.56837288821433,94.86989590791096,1512900
2024-08-12,96.14313507080078,96.18086131498752,94.78501906225956,95.01136933183466,1238400
2024-08-13,95.82246398925781,96.79389137528571,95.56782083969082,96.21857875327099,1505700
2024-08-14,95.90805053710938,96.50711664908053,94.97616266367547,95.385051130364,1639200
2024-08-15,94.35809326171875,95.53721076767137,93.79705680614569,94.99519643184684,2757400
2024-08-16,95.18535614013672,95.57522971847379,94.1203497891899,94.6148159871564,1684800
2024-08-19,95.48014068603516,95.72737015705309,95.08075605052228,95.37554081183079,1837800
2024-08-20,95.25191497802734,96.20281761074355,95.14731510804366,95.58472944851574,1460700
2024-08-21,95.4896469116211,95.83197246228087,95.099780579088,95.19486939764643,1922500
2024-08-22,95.72737884521484,95.88903057281605,95.09027573891903,95.39456433109109,1845000
2024-08-23,95.66081237792969,96.12675268034134,95.32799787620708,95.88902699985204,1620000
2024-08-26,95.94608306884766,96.72582298605523,95.73688331584847,95.97460898883631,1221500
2024-08-27,94.70040130615234,96.27890335206145,94.62433459987716,95.82246684034911,927300
2024-08-28,95.46112060546875,96.13626064575851,94.54825489233843,94.88106938335285,1019300
2024-08-29,95.86050415039062,95.90805218993677,94.5672758267081,95.36603791124719,1150900
2024-08-30,96.57366943359375,96.83041720812237,95.9080404900221,96.04116627873643,2366500
2024-09-03,98.209228515625,98.42793932611525,96.56417092707866,96.74483750463658,2122600
2024-09-04,99.27424621582031,99.78773455931945,98.47548415210655,98.47548415210655,1501000
2024-09-05,98.69419860839844,100.12055275240779,98.39942107350979,99.84479008065517,1538700
2024-09-06,98.209228515625,99.25522002209907,98.14266561761697,99.0365164664206,1760600
2024-09-09,99.6070556640625,99.67361856142597,98.27579046198143,98.31382743973366,1672900
2024-09-10,99.81624603271484,100.43433416717484,99.2552097321151,99.73066102711341,1271100
2024-09-11,98.72271728515625,99.60705707973203,97.97150328719948,99.39785732652739,2685900
2024-09-12,98.31382751464844,99.44540402550136,98.18070171982005,98.6181160820864,1528600
2024-09-13,99.42638397216797,99.59754674832895,98.14266677836652,98.50400719256777,1274700
2024-09-16,99.70214080810547,100.62451753388527,99.61656305242434,99.88281463206977,1467900
2024-09-17,99.40736389160156,100.12054087902999,98.89387559007571,99.38834177590904,1391000
2024-09-18,98.33284759521484,99.73066841197452,97.5150707268781,99.25521708176996,1347000
2024-09-19,97.1061782836914,97.40095577470866,95.99361670328796,96.50710498928694,1761700
2024-09-20,98.27579498291016,98.48499474276525,96.97306289532314,97.21078857610175,3492600
2024-09-23,98.91289520263672,99.31227984843942,98.21874029755428,98.58959176844749,1053600
2024-09-24,97.77181243896484,99.14111460810219,97.65770150659952,98.1426639006376,1063000
2024-09-25,98.09512329101562,98.36137487885411,97.24881323708378,98.18070104933014,1151100
2024-09-26,98.05709838867188,98.8748753690585,97.23932140828525,97.38195827785269,1391600
2024-09-27,98.9414291381836,99.45491021351262,98.33285198871553,98.38990382934945,1366800
2024-09-30,99.01750183105469,99.30277556110634,98.08562118853561,99.30277556110634,1449500
2024-10-01,99.9874267578125,100.40581903932865,98.47548759550608,99.13161282205532,1834600
2024-10-02,99.32179260253906,99.72117728433322,98.84634121190018,99.19817785270544,996700
2024-10-03,98.91289520263672,99.66410920272631,98.49450294985135,99.66410920272631,952100
2024-10-04,98.08561706542969,98.2662836490431,97.24881802835357,97.74329150568255,952900
2024-10-07,96.17430114746094,97.65770707879274,95.98412350414581,97.65770707879274,1967300
2024-10-08,97.09668731689453,97.88593839691261,96.28842137263591,96.67828775547525,1328800
2024-10-09,97.34390258789062,97.87640572680479,96.67826640943676,96.9540290363205,1114700
2024-10-10,96.59270477294922,98.09513288534099,96.5166308104658,97.68624440550809,1179600
2024-10-11,97.29635620117188,97.32488211912315,96.67826804458622,96.90648989781897,1317200
2024-10-14,97.98101806640625,98.07610688834352,96.34546421176185,96.75435267542295,1976000
2024-10-15,100.27268981933594,101.18556282293908,99.44540908861295,99.6736237121077,2748900
2024-10-16,100.92882537841797,100.96686236203821,100.0444854599827,100.55797385663668,1869200
2024-10-17,100.47238159179688,101.22358833179585,99.8542933930476,101.2140845283713,1727900
2024-10-18,101.51838684082031,101.52789064553136,100.09203261438523,100.7576616847965,6365300
2024-10-21,101.04292297363281,101.84167775964157,100.73863439970397,101.54690024406385,1405800
2024-10-22,100.51041412353516,100.78617678159966,99.50245956667396,100.44385122364454,1207200
2024-10-23,102.126953125,102.18400496640656,100.4438512553868,100.77667300975699,1663200
2024-10-24,101.74658203125,102.45975900810456,101.45180453568976,102.10792242112421,1127300
2024-10-25,99.46442413330078,102.13646573857854,99.36933531123809,102.13646573857854,1734300
2024-10-28,99.66411590576172,100.20613018850656,99.61657512067214,99.82577488854074,1204600
2024-10-29,97.85741424560547,99.27425743860253,97.7623181582421,99.15063542695529,1452900
2024-10-30,97.67672729492188,98.32334142634511,97.18225382422722,98.07610469099778,1641100
2024-10-31,96.68778991699219,98.68468419986414,96.57367897761215,97.76230739060881,3732300
2024-11-01,95.09027099609375,97.04912825707346,94.68138254061807,97.00158747446258,2832700
2024-11-04,94.28199768066406,95.60375176250089,93.37863582481994,94.60530109414985,2088300
2024-11-05,94.91910552978516,94.94763144950616,93.5212774249623,94.14887667807123,2062100
2024-11-06,94.10133361816406,94.90009568665002,93.32159366703917,93.80655609237664,3701800
2024-11-07,92.7890853881836,94.7954906262364,92.46577470401938,94.15838031606884,3061400
2024-11-08,93.31208038330078,94.05379059164146,92.64645138777806,93.32159144175452,2915300
2024-11-11,93.6448974609375,94.11083773454276,92.798587416291,92.83662439339513,1968400
2024-11-12,92.27560424804688,93.64490653726565,92.085419344093,93.64490653726565,2682800
2024-11-13,91.50830841064453,92.91818810619012,91.00956918506262,92.83187207718451,2129500
2024-11-14,91.34526824951172,91.95909560396612,91.17262884873396,91.78645620318837,2112600
2024-11-15,92.49620056152344,92.54415147916139,91.11508534732256,91.11508534732256,2239200
2024-11-18,92.50577545166016,92.97574268395607,91.9015412753634,92.11254577681896,1838700
2024-11-19,93.0045166015625,93.11001885445347,91.42199012559661,92.51537045792244,1861400
2024-11-20,93.8772964477539,93.92525467665544,92.48659561838994,92.64964188881777,2119600
2024-11-21,94.66375732421875,94.67335043289272,93.36896571435395,93.9252489390774,1470600
2024-11-22,94.33767700195312,95.19128084936662,94.18421651291754,94.85559517634988,1186000
2024-11-25,95.40228271484375,95.4118758244919,94.16503499658462,94.43358352754345,3996100
2024-11-26,97.54109191894531,97.64659418017844,95.4790195632413,95.64206585154734,2435300
2024-11-27,97.4260025024414,98.45224576948658,97.27254200919398,98.12614588003534,1330400
2024-11-29,96.47647094726562,97.63699566966719,96.3709760171728,97.2533517985541,952300
2024-12-02,94.47195434570312,96.71625919039668,94.18421957809667,96.71625919039668,1911600
2024-12-03,93.54161071777344,95.31595542463961,93.53201760852164,95.31595542463961,1536000
2024-12-04,92.66883087158203,92.927786290139,91.97827333223204,92.55373550922417,5090600
2024-12-05,92.5537338256836,93.34020049399346,92.46741779353421,92.73596631675244,2615800
2024-12-06,90.94244384765625,92.72638185238013,90.46289077794336,92.55374245458752,2813500
2024-12-09,90.90406799316406,91.517895264545,90.08882933436733,90.76979373488687,2529500
2024-12-10,90.81776428222656,91.10549173867894,89.42705596514263,90.76980604745152,1695400
2024-12-11,88.95709228515625,90.77939536957186,88.62140660793733,90.77939536957186,2352400
2024-12-12,88.82282257080078,89.90660990353315,88.64059005779116,89.61888244432777,2300200
2024-12-13,88.89955139160156,89.34073934254609,88.33367495801238,88.81322803304762,1868500
2024-12-16,87.52802276611328,89.08176993002975,87.31701825807556,88.78444938728498,3004500
2024-12-17,87.12519073486328,88.16102703294769,86.73196105640811,87.09641872392736,2172200
2024-12-18,85.23576354980469,87.07724554470173,85.13026129117422,86.99092218882271,2677500
2024-12-19,85.42757415771484,86.55931957055768,84.75620286085822,85.05352338983782,2555700
2024-12-20,86.34832000732422,86.82787305174334,85.1494373962764,85.1494373962764,4876400
2024-12-23,86.00304412841797,86.21404864585743,85.15903337605907,86.21404864585743,1979000
2024-12-24,85.91673278808594,86.06060017760718,85.45635860509779,85.74409338414031,653900
2024-12-26,85.92630767822266,86.44422582434161,85.3604386199473,85.58103623154182,1879800
2024-12-27,85.89753723144531,86.28118112267408,85.19739389854651,85.36044017416418,1319600
2024-12-30,85.51390838623047,85.82082206347215,84.79457876918909,85.8112289530398,1377800
2024-12-31,85.58103942871094,85.97426911963706,84.96720480055039,85.6481765621568,1641000
2025-01-02,85.38920593261719,86.4058559501378,85.05352029639793,86.06058452245377,1557900
2025-01-03,85.59062194824219,86.17567722478422,85.11106892270928,85.48511969723307,1954100
2025-01-06,84.75621032714844,85.19739826357598,84.11360366652234,84.8233474627483,1981200
2025-01-07,84.40132904052734,85.52348131818607,84.13278052800028,85.07270032184499,2861200
2025-01-08,85.37003326416016,85.39880527545097,83.94095995259553,84.28623872288242,1793000
2025-01-10,84.54520416259766,85.46594514033684,84.19992538127062,84.6123412968891,2243200
2025-01-13,84.85211944580078,84.86171255585425,83.71078082360386,84.756210297463,1883600
2025-01-14,85.71531677246094,85.91672818002844,84.650708391462,84.85211979902951,2104000
2025-01-15,86.54014587402344,86.84705953067247,85.76326496391279,86.14690886407377,1971800
2025-01-16,88.44876098632812,88.45835409568717,86.33872328864337,86.3675026167205,2097600
2025-01-17,89.82028198242188,89.99292136207359,87.988385936262,88.22816244592283,3516800
2025-01-21,89.39828491210938,91.07672070368587,89.09137123148851,90.03129849442705,2761500
2025-01-22,87.05806732177734,89.07219621345195,86.95257237085502,89.07219621345195,1805200
2025-01-23,87.04846954345703,87.70066196810888,86.65523253977932,87.50883636238854,1649700
2025-01-24,86.89501190185547,87.33619983334877,86.66482848485872,86.703193607258,2597000
2025-01-27,91.00958251953125,92.1413280758357,88.01716867979422,88.19940119092607,4043800
2025-01-28,89.5709228515625,90.94244494011289,89.50378571369217,90.5396221128909,2470600
2025-01-29,88.78445434570312,90.01210902386765,88.51590579952952,89.58051419143136,1935900
2025-01-30,90.02169036865234,90.18473663360565,88.90912388859847,89.29276775473423,2274000
2025-01-31,89.90660095214844,90.38615398714427,89.42704791715259,89.72437577468106,6072700
2025-02-03,91.70973205566406,92.13173378288027,89.83947068580885,89.90660782314319,3234900
2025-02-04,91.02876281738281,91.49872275417616,89.81069398128326,90.73143495266154,2186500
2025-02-05,92.25641632080078,92.49619284117513,91.2973102393034,91.89195132669661,1874100
2025-02-06,91.51790618896484,92.40028208222868,90.94244396802752,92.36192427591212,1586800
2025-02-07,92.15090942382812,92.27559057387774,90.76979439448569,91.22057540086263,1520000
2025-02-10,92.74555206298828,92.87024053256272,91.3452581087563,92.07418075527379,1570600
2025-02-11,92.37149810791016,92.77432819606436,91.83440108023547,92.62086772107263,3162400
2025-02-12,90.70266723632812,91.70013849857786,89.69560286382045,91.48913397729822,3704200
2025-02-13,91.74809265136719,92.05500630937671,90.62593295787724,90.73143521382414,1860300
2025-02-14,91.03834533691406,92.44823241400674,91.00957332593642,92.07418163650033,1948200
2025-02-18,91.843994140625,92.14131466401626,90.67388363032647,90.91366013432541,2568500
2025-02-19,92.18269348144531,92.84072684585428,91.44724268994537,91.82464341834867,1857500
2025-02-20,92.66654205322266,92.89878695338508,91.44724340723845,91.94077028014934,2580200
2025-02-21,95.08578491210938,96.13089069404298,92.77299269794769,92.95684986705619,4414800
2025-02-24,96.45990753173828,97.4953416339227,95.12449012552628,95.6180096161009,2943100
2025-02-25,97.70823669433594,98.65657435253328,96.49861706086725,97.0018155799,3481300
2025-02-26,96.7308578491211,97.18567599323019,95.89863898605593,96.95343110070309,2072700
2025-02-27,96.69215393066406,97.56308154948744,95.19223000434883,95.76316693156326,3313900
2025-02-28,98.24046325683594,98.35658939755834,96.60506256018884,97.8437118628324,5254600
2025-03-03,100.65970611572266,100.94033876206315,97.6211421283566,97.6211421283566,3555900
2025-03-04,98.85011291503906,102.44026291931395,98.81140420277751,101.41450788464454,3592000
2025-03-05,96.9631118774414,98.37595417933933,96.45991333239967,97.756622102694,5509700
2025-03-06,97.65017700195312,98.31788201709696,95.7728449742795,97.00181526946032,4345900
2025-03-07,100.29198455810547,100.71777304053431,97.52437418818297,98.0469307667277,2865800
2025-03-10,103.21443176269531,104.48211082680926,100.64035753576145,100.91131116324236,3471800
2025-03-11,100.41777801513672,103.21442533795259,100.35003961248297,102.79831589795612,2731300
2025-03-12,99.32428741455078,100.05005919946785,98.6275453197612,99.10172153495168,3739200
2025-03-13,101.19194793701172,101.94674946800426,100.01135789810219,100.12748405015218,2392100
2025-03-14,102.97250366210938,103.26280794427076,100.44681727776397,100.51455568189486,3779200
2025-03-17,104.14341735839844,104.9272485389509,102.53703889912065,102.9725064083751,3930600
2025-03-18,104.3272705078125,104.52081407655776,103.09830022374221,103.75633359161156,3275700
2025-03-19,104.01760864257812,104.4724268024835,103.35957527178718,103.93051957345529,2293600
2025-03-20,104.97563934326172,105.1111161590916,103.57247606083413,104.29824788117962,1896200
2025-03-21,104.3176040649414,105.82720706171983,103.9014946000688,104.72403450516134,4415400
2025-03-24,103.3789291381836,104.80144293976939,103.3595710905401,103.75632985498,1897800
2025-03-25,102.1402816772461,103.32086420171642,101.23064537817889,103.32086420171642,2543800
2025-03-26,103.98857879638672,104.29824112435576,101.86932285573262,102.44994618074028,1925000
2025-03-27,104.40469360351562,104.88854147724884,103.77568989107594,104.51114072637155,1859100
2025-03-28,105.25626373291016,105.90462549800297,104.62726740023902,105.36271085630155,2392300
2025-03-31,107.01747131347656,107.52067724668724,105.53689797144673,106.06913359639402,2920400
2025-04-01,106.50459289550781,107.10456692407037,105.60463554413032,106.63039806928134,2507600
2025-04-02,106.04010772705078,107.25939912153687,105.52723013339556,106.72717086033731,2015200
2025-04-03,109.07865905761719,109.78507277492938,107.79162202155854,108.79802642233831,4175500
2025-04-04,105.78849792480469,111.15921223108491,104.62726599081941,110.3173142800394,6395600
2025-04-07,101.99512481689453,105.78849006106302,101.81126027755685,103.58214512073914,4405500
2025-04-08,102.62413787841797,104.77241625510474,101.44354787481211,103.37893938683936,2683000
2025-04-09,102.35316467285156,105.1981922191729,99.94360459462348,101.76287712429588,4912800
2025-04-10,104.80144500732422,105.95299784514313,102.15963255469897,103.04023916655143,3381900
2025-04-11,106.29169464111328,107.06585417247213,103.50473361749981,104.68532358050246,2617200
2025-04-14,108.62384033203125,108.81737651530744,105.38206127309603,105.74978297449366,2132900
2025-04-15,108.19805908203125,109.23349323574078,107.9754931947201,108.78835407818583,2314400
2025-04-16,107.84001159667969,109.33026386652045,107.4722825041499,108.99156446383621,2132900
2025-04-17,108.47868347167969,109.74636982376153,107.8012994537215,107.86903785551732,2055200
2025-04-21,107.37552642822266,108.52708680719843,106.42718866677579,108.27548382882281,2333900
2025-04-22,109.63992309570312,109.89151865587071,107.86903823588388,107.89806792490845,1833500
2025-04-23,108.88511657714844,109.44638185330804,107.74323535937954,108.60449132200088,2098400
2025-04-24,107.69485473632812,108.86576564082424,107.2013278648687,108.65287140674636,2389200
2025-04-25,106.88198852539062,107.87872131123599,106.20460447960482,107.78194583361027,2820700
2025-04-28,107.54002380371094,107.67550061525954,105.3433577453736,106.69813324379213,2938200
2025-04-29,108.50772094726562,108.7496448828875,106.75619401590171,107.36583967581309,2000400
2025-04-30,109.10769653320312,109.61089507803659,107.12391727942634,109.16575591604817,4940600
2025-05-01,108.923828125,109.79475575154017,107.93678173687613,109.25284850966293,3265400
2025-05-02,106.47555541992188,108.27546999109099,105.72075396419267,106.79489676901721,3421800
2025-05-05,105.9820327758789,107.09488433855036,105.38206615019685,106.77554297672653,3225200
2025-05-06,106.9013442993164,107.7432348264594,105.50786014000079,106.2916912881497,2186800
2025-05-07,107.45292663574219,108.14966869002868,106.6497374685546,106.6497374685546,3555200
2025-05-08,104.26921844482422,107.3658419327039,104.02729450411697,107.07553763361486,3652300
2025-05-09,104.20148468017578,104.70468325078001,103.58215995500146,104.70468325078001,2248900
2025-05-12,100.1952133178711,103.15635978710478,99.62426901771839,102.21769378007782,3918400
2025-05-13,97.3308334350586,99.97263851159704,96.86633625936311,99.91457913323465,4495900
2025-05-14,96.88189697265625,97.20396007810777,95.42774340754399,96.88189697265625,3383900
2025-05-15,99.55599212646484,99.6340619425992,97.46747376625582,97.73097521815653,3497300
2025-05-16,101.78114318847656,101.9177746756663,99.25344578375132,99.57550890892323,2758900
2025-05-19,102.84491729736328,102.87420185516069,101.40052517204208,101.8396967428549,2047800
2025-05-20,103.16697692871094,103.52807867074846,102.48381952037758,102.52285815026195,2177700
2025-05-21,102.68876647949219,103.36216981302023,102.23007188684888,103.07914533147739,2741200
2025-05-22,100.93206787109375,102.45454468700005,100.47337326707712,102.45454468700005,2266100
2025-05-23,101.595703125,102.1617520654756,99.98539507854346,101.86896607671733,2116000
2025-05-27,101.46883392333984,101.96656712959293,100.98086223567992,101.76161246842156,2638900
2025-05-28,99.6535873413086,101.64451289411134,99.47791722059489,101.13701812500166,1945700
2025-05-29,100.89302825927734,101.2346144135733,99.03874171465166,99.2436889397148,2762900
2025-05-30,101.97632598876953,102.57165207132589,100.47337222673035,100.99062849444812,6398500
2025-06-02,101.36148071289062,102.28862395168008,100.67832332071494,101.14677197653337,2292200
2025-06-03,100.75639343261719,101.39075812487219,99.72189582257059,101.36148101452855,2316600
2025-06-04,99.75116729736328,101.30292107062232,99.4388657282464,100.74663366794985,1845700
2025-06-05,99.80973052978516,100.03420079310793,98.83378710741337,100.03420079310793,2734400
2025-06-06,99.16561126708984,100.08300046239225,98.64836244705162,99.65358297593454,1694500
2025-06-09,98.6776351928711,99.5267086092076,98.16038639571532,98.92162103649981,1781800
2025-06-10,99.93660736083984,100.25867047536173,98.4824537547738,98.96066394412433,2311800
2025-06-11,100.08299255371094,100.22937809811089,99.35103504828406,99.73165235543749,2439100
2025-06-12,101.26388549804688,101.27363957066645,100.20010335981348,100.65879793207009,1902600
2025-06-13,101.45907592773438,102.74732093005431,101.20532855650032,101.43956033572744,3337400
2025-06-16,99.18511962890625,102.00559530475407,98.50196226466716,101.49810804072743,2738000
2025-06-17,98.911865234375,99.312005615063,98.08231480726613,99.16561261125379,2844900
2025-06-18,98.30677795410156,99.43886838014528,98.16038496089276,99.05825106531657,2620500
2025-06-20,98.54100799560547,99.37055841079794,98.09207491733491,98.2482219921929,7504200
2025-06-23,98.7166748046875,100.00491977404532,98.21894159388692,99.36079356643785,3957800
2025-06-24,97.77976989746094,98.90209883090407,97.66265401102591,98.2482185514869,2952900
2025-06-25,95.69125366210938,97.52602457961689,94.99832729348294,96.95021409988307,4396800
2025-06-26,96.04259490966797,96.31585787414814,95.54486168387491,95.94499461161877,2655600
2025-06-27,95.78884887695312,96.28658210970731,95.48630135131248,96.03283473377377,2880100
2025-06-30,97.9359130859375,98.01399034046689,96.22801223385538,96.45248247916318,2930500
2025-07-01,98.35557556152344,99.16561037794847,97.1844464491397,98.345814042594,2749100
2025-07-02,97.51626586914062,98.84354953138607,96.70623103415043,97.98472199234504,2485800
2025-07-03,97.8968734741211,98.33605244203946,97.29179337224566,97.96518920968305,1316600
2025-07-07,97.31130981445312,97.98471310364108,96.86237677028008,97.88712025853509,1800700
2025-07-08,96.92093658447266,97.59433991254353,95.54486026355156,96.26705629406436,3451200
2025-07-09,97.5650634765625,97.935919290286,96.61839718152754,97.0087760330486,2782500
2025-07-10,98.63860321044922,98.9411432942591,96.813586296632,96.813586296632,1851800
2025-07-11,98.1701431274414,98.8728235674618,97.42843150373744,98.04327316582666,1853700
2025-07-14,98.58004760742188,99.51695240347128,97.8871286680267,98.14086859792977,1409800
2025-07-15,97.54553985595703,98.28725892482976,97.09660678544012,97.96519581580982,1731200
2025-07-16,98.04327392578125,98.22870555607318,97.18444640679785,97.37963211015766,1865400
2025-07-17,98.17990112304688,98.54100284894824,97.53578237338094,97.73096806822348,2131700
2025-07-18,98.64836883544922,99.32176477408053,98.07255830987755,98.57029156997206,1813500
2025-07-21,99.61454772949219,100.33674379827428,98.58005005427532,98.60932716646332,1667800
2025-07-22,101.09796905517578,101.82017250235552,99.79997004565347,99.84876274612328,1663800
2025-07-23,100.08299255371094,101.40051457430796,99.5071821109296,100.88326579514339,2563100
2025-07-24,99.59503173828125,100.32698932348413,99.30224572585706,100.00492619898904,2467800
2025-07-25,99.79997253417969,100.18058985827683,99.04849195880841,99.51694805931258,1375700
2025-07-28,98.55076599121094,99.4876707444345,98.05303278154754,99.42910907833127,1995200
2025-07-29,99.78044891357422,99.80972602358638,98.37509551199062,98.58979680069889,1265000
2025-07-30,100.12203216552734,101.16629877588896,99.31200478349959,99.6828606036345,1565100
2025-07-31,101.01014709472656,101.0784628384056,99.01922156283483,99.23393031321399,3483200
2025-08-01,101.92752838134766,102.57164713645646,101.06869344672653,102.09343696795145,2272600
2025-08-04,102.82539367675781,103.14745677466668,101.68354172510675,101.93728163934678,2345100
2025-08-05,101.67378234863281,103.459760533728,101.67378234863281,102.59117151502518,2515900
2025-08-06,101.64450073242188,102.67899829403811,101.26388342405905,101.6542622506985,1993200
2025-08-07,102.47405242919922,103.04010136295665,101.01013739449637,101.05893754066257,2577700
2025-08-08,101.9665756225586,103.60616092749397,101.36148799895301,103.60616092749397,2796400
2025-08-11,101.615234375,102.15199880329767,100.65880652082994,101.93729005363556,2357100
2025-08-12,101.19557189941406,101.86896777138939,100.21962851512687,101.60546633380898,2578800
2025-08-13,102.0024642944336,102.0024642944336,100.60516460674322,101.21525341425308,2728400
2025-08-14,101.21524810791016,102.0024589468201,100.8806808737838,101.79581028337205,2171700
2025-08-15,99.15866088867188,100.56579515537108,98.52889523856581,98.52889523856581,3098700
2025-08-18,98.1451416015625,99.35547703591381,98.12546470756467,99.23739314972849,2789300
2025-08-19,99.48339080810547,99.56211339509161,97.99753388518829,98.28289763246372,3948400
2025-08-20,100.13284301757812,101.43173570085594,99.61131900566042,100.33948418225877,3216400
2025-08-21,99.87699127197266,100.66420208791321,99.50307026347019,99.93602945557865,2282700
2025-08-22,100.02459716796875,101.10700644104024,99.21770943632647,100.56579805080501,2753100
2025-08-25,98.35177612304688,99.84747521735066,98.11561587404063,99.54243458290931,2498900
2025-08-26,98.12545776367188,98.85362290845377,97.79089053018899,98.44034059715045,3309500
2025-08-27,98.46985626220703,98.72570090156506,97.92864789191093,98.28289200566863,4313800
2025-08-28,96.6002426147461,98.37146330080385,96.31487886491462,98.25337941926695,2400200
2025-08-29,96.65928649902344,96.97416933649238,96.44280314062622,96.6986402847329,4220000
2025-09-02,95.64574432373047,96.71831885089144,95.00614399464574,96.71831885089144,3019300
2025-09-03,96.28536224365234,96.32472353850864,95.0651921327046,95.39975187788407,4306700
2025-09-04,96.23616790771484,97.23001246715002,95.79335896352934,97.02337129615658,2033300
2025-09-05,96.48216247558594,96.73799961450028,95.79335112126554,96.40343989096665,1724500
2025-09-08,95.10455322265625,96.58056799329013,94.6814286881119,96.34440773206052,2189400
2025-09-09,95.42927551269531,95.79335434084803,94.61254556146773,94.7404641352242,1282700
2025-09-10,95.52767181396484,95.78350895296366,94.9175830440623,95.51782961403447,1603600
2025-09-11,96.13775634765625,96.21647893498015,94.96678976765969,95.41943338367336,1690000
2025-09-12,95.99015808105469,96.9840025642859,95.54734917082197,96.0098349736122,1249400
2025-09-15,95.4489517211914,96.06887519980971,95.24231056165198,96.03935610664679,1351900
2025-09-16,94.04181671142578,95.33086715289356,93.73677607441256,94.96678832998076,2116600
2025-09-17,94.8585433959961,95.74415369109684,94.61254095332359,94.75030172062829,1879800
2025-09-18,94.8093490600586,95.36039968989006,94.15990645253513,94.20910244138113,1815600
2025-09-19,94.78966522216797,95.36039270424921,94.36654071061105,94.99630637794243,4091700
2025-09-22,95.07502746582031,95.3997449869809,94.43541960855445,94.83885971374137,1939000
2025-09-23,96.97417449951172,97.06273178317146,94.76015231922514,94.81919050833163,2204300
2025-09-24,97.2300033569336,97.68264695204087,96.7183215777598,96.7183215777598,1611600
2025-09-25,96.77735900878906,98.25337365815768,96.65928264157476,97.90897174145141,1848500
2025-09-26,98.02705383300781,98.3222522530728,96.61991959257543,97.1611204497272,1947300
2025-09-29,97.97785949707031,98.19434286311731,97.1808139288057,97.97785949707031,1875300
2025-09-30,98.91265869140625,99.14882644132864,97.51536662099313,97.98769461343917,2199200
2025-10-01,96.6002426147461,98.96186769369005,96.48216624060836,98.6174657567897,2301800
2025-10-02,96.07872009277344,96.88560786057005,95.7539950440823,96.61008630679548,1449500
2025-10-03,97.2300033569336,97.69248915185156,96.04919463121017,96.10823281527671,1676200
2025-10-06,97.74169158935547,97.76136848136584,96.84623910121033,97.0922415420328,1769800
2025-10-07,98.44034576416016,98.75522861416653,96.8167280189338,97.57441980349245,1722000
2025-10-08,99.21770477294922,99.28658515506905,98.11561115163339,98.60761602603175,1570400
2025-10-09,99.18819427490234,100.64452462514839,99.15866767366556,99.65067259068908,1816100
2025-10-10,100.75276947021484,101.06765232669841,99.26691247208949,99.85732439697072,2059200
2025-10-13,99.24723052978516,100.85116382538229,98.54858446210545,100.46740059816948,1515700
2025-10-14,100.26075744628906,101.05780297814432,99.70971436326803,100.08363538283245,1423300
2025-10-15,100.65436553955078,101.16604734346207,99.9753963603654,100.05411894785918,1556600
2025-10-16,99.45387268066406,101.49077271746701,99.36531539999397,101.0381290989996,1558800
2025-10-17,99.57196044921875,100.1033266761794,98.82411085119269,99.77860161958131,1597600
2025-10-20,100.0934829711914,100.30996633900332,99.23739170049868,100.0934829711914,1129300
2025-10-21,99.93603515625,100.36900188045499,99.27675037704634,100.09348033137879,1116900
2025-10-22,100.30996704101562,101.45141456919492,99.25707679625222,99.87700030236172,1509000
2025-10-23,99.15866088867188,101.01844625457112,98.46985705493047,101.01844625457112,1302800
2025-10-24,98.44034576416016,99.44403250249319,98.24353929078158,98.8831471913131,1036400
2025-10-27,98.61746215820312,98.86346460521226,97.49569160043342,97.72200964753843,1537600
2025-10-28,96.97417449951172,98.36162449531027,96.95449009820993,98.1057798301831,1156300
2025-10-29,95.4489517211914,97.27921057128246,95.3308678411407,96.90528954555384,1804100
2025-10-30,96.61992645263672,97.26936902880932,95.51783275357522,95.75399300787443,2073000
2025-10-31,95.85240173339844,96.22632276843456,94.57318594357085,95.68511435564612,2770700
2025-11-03,95.09471130371094,95.3997519548441,93.97294067529931,95.25215648326314,1692200
2025-11-04,96.39360046386719,96.43296175730909,95.48831323690088,96.2164783970782,1614500
2025-11-05,94.57318115234375,97.04304781777925,94.12053755157928,96.43295904767122,2273800
2025-11-06,95.4391098022461,96.80688284375131,94.95694709523325,95.41943290921253,3064400
2025-11-07,96.94464111328125,98.28289502697193,95.69495198445189,96.11807649403643,2924400
2025-11-10,96.66912078857422,97.27920956811286,95.85239835902608,96.49199872402423,2188900
2025-11-11,97.9975357055664,98.17465777587584,96.58056665049016,97.06272936678836,1779700
2025-11-12,98.58794403076172,98.66665910895198,97.38745087642248,97.71217591142879,1340200
2025-11-13,99.3357925415039,99.57196031365342,97.53506020011046,98.59778514518545,1977700
2025-11-14,100.03443908691406,100.9102072014529,99.28658954270824,100.06395817949868,2443200
2025-11-17,102.18941497802734,102.31734105519726,100.12299592479393,100.58548172631832,3007600
2025-11-18,101.26445770263672,102.41574743031309,101.16605071129392,101.88438120813952,2585400
2025-11-19,99.59754180908203,101.31405990418666,99.35941471279878,101.31405990418666,3059700
2025-11-20,100.16310119628906,100.58974968944196,99.15105533132764,99.47848482908027,2462200
2025-11-21,99.37926483154297,102.47493984838998,98.7740191248032,100.68897523942225,4721900
2025-11-24,98.14892578125,99.56777936412365,97.9504877910271,99.547938593071,7708000
2025-11-25,98.0794677734375,99.5082454691959,97.86118145103843,99.07167282439777,2127200
2025-11-26,99.35941314697266,99.50824541852568,98.07946772349482,98.44658631733574,1305700
2025-11-28,99.57770538330078,100.10357288008605,99.25027588042248,99.79599171855298,1063300
2025-12-01,97.11702728271484,99.45863179941024,96.95827841154289,98.96252927587179,2744600
2025-12-02,96.11490631103516,97.36507922879352,96.02560391981024,97.1567170758338,2753100
2025-12-03,95.69817352294922,97.42461575088475,95.4203573216512,96.70030273756599,1761600
2025-12-04,95.469970703125,96.58123550949591,95.14254122128054,95.63864374410291,2303500
2025-12-05,95.84700775146484,96.15459646911961,95.21199711554853,95.25168622653379,1775800
2025-12-08,94.70597076416016,95.81724316609741,94.21979240015432,95.81724316609741,2089300
2025-12-09,95.07308959960938,95.9561515071979,94.81511416157288,95.08301376989799,1823300
2025-12-10,94.66629028320312,95.41044409294246,94.44800395449175,94.89449321236575,1848900
2025-12-11,94.89449310302734,96.48201971465728,94.64644183340003,94.92425804419477,1396800
2025-12-12,96.76976013183594,97.2360977300967,94.70597175098682,94.92425807952795,2638200
2025-12-15,98.61526489257812,98.70456728849034,96.73007367694798,96.90867089884819,2388100
2025-12-16,98.12908172607422,98.88315968954761,97.95048451288115,98.77401652760052,2321100
2025-12-17,99.42887115478516,99.54793849075097,97.74212552985189,97.87110946637179,2330700
2025-12-18,99.21058654785156,99.45863782464782,98.22830561131718,99.05183766706256,2345300
2025-12-19,97.2956314086914,99.28004164387532,97.2956314086914,99.28004164387532,4366200
2025-12-22,97.80165100097656,98.01001315207434,96.35303254339898,96.73999190542678,1526200
2025-12-23,98.1786880493164,98.55573081836653,97.56352575442224,97.9207201830361,1485100
2025-12-24,98.7541732788086,98.79386239155598,98.07947350195157,98.37713806259481,522600
2025-12-26,98.52597045898438,98.99230050198595,98.1489276724022,98.50612211762518,611500
2025-12-29,98.76409149169922,99.2998831265818,98.42673783865888,98.70456161113131,1647900
2025-12-30,99.11136627197266,99.38918248721106,98.55573384149587,98.83355005673427,1019900
2025-12-31,98.54580688476562,99.25027157346668,98.4565120623597,99.06175018848897,1218200
2026-01-02,99.21058654785156,99.81583226882837,97.75204382910171,98.85339210367103,1441100
2026-01-05,97.7322006225586,98.70456493413845,96.20420388717542,98.70456493413845,2112400
2026-01-06,98.54580688476562,98.77401738078728,97.4047695445052,97.94056118871246,1643800
2026-01-07,98.59542083740234,99.38918035391414,98.09931830086099,98.92284275837743,1638800
2026-01-08,99.39910888671875,100.48060883028101,98.28783643092122,98.52597110925772,1717600
2026-01-09,98.4366683959961,100.2127164574447,98.4267442252829,99.38918439650763,1354200
2026-01-12,98.05963134765625,99.89520925927214,97.6131345129881,98.80378516884572,1987100
2026-01-13,99.42887115478516,99.47848443725194,97.47422591640982,97.57344491141929,2073300
2026-01-14,100.6790542602539,101.22476253171203,99.30980635639415,99.51817609213964,1963000
2026-01-15,101.7803955078125,101.97883348918405,100.53021502938516,100.56990413964422,1813500
2026-01-16,103.00080871582031,103.13971682383149,101.08585257546706,101.26444979575632,2201800
2026-01-20,104.23114776611328,104.28075347867484,102.74284013063289,103.19925356378931,2525800
2026-01-21,103.03057098388672,104.79670236977097,102.276500579944,104.38989465692055,2386300
2026-01-22,102.37571716308594,103.66558675355182,100.46076111750591,102.79244146649538,3486400
2026-01-23,103.06034851074219,103.36792967548037,102.16736238900714,102.59401089328475,2105600
2026-01-26,103.77472686767578,104.78678029998046,103.37785088708675,103.61597798942499,1208800
2026-01-27,104.52880096435547,104.65779246617538,103.25877970594408,103.43737691852841,1345500
2026-01-28,104.3601303100586,105.64007576788251,104.02277664749096,104.88599778972309,1399700
2026-01-29,105.13404846191406,105.90796720645328,104.20137327238017,104.70739997839578,1788400
2026-01-30,105.798828125,106.01711446032779,104.26091474687794,105.35233885359263,1873900
2026-02-02,104.59825897216797,106.55290421441474,103.66559133332277,106.4040719366437,2286500
2026-02-03,106.61243438720703,106.97955299738311,104.15176999174714,104.8066214178251,1988600
2026-02-04,107.53518676757812,108.71591326724095,106.67197316927101,107.2573705488161,2463000
2026-02-05,108.02136993408203,109.27154288626475,107.65425132880195,108.41824591069138,1811100
2026-02-06,106.50328826904297,109.73787890737047,105.86827763169232,108.7059847291947,2743700
2026-02-09,105.84844207763672,107.15815252795925,105.27296129357511,106.45368780399043,1294300
2026-02-10,107.58480072021484,108.7159139435968,105.69960949127017,106.30485521587752,2368100
2026-02-11,109.0135726928711,109.12271585509053,106.81087624796807,107.26728966728396,1354500
2026-02-12,110.84915161132812,112.03979466714094,108.59684186368237,109.1425576800522,1523200
2026-02-13,112.83356475830078,113.13122174522542,110.11492491411688,110.898760278632,2275100
2026-02-17,113.03199768066406,114.35163221629762,112.17870073054941,113.7166215887598,2565500
2026-02-18,111.61000061035156,113.26000213623047,111.05000305175781,112.83999633789062,1844800
2026-02-19,111.91999816894531,112.93000030517578,111.47000122070312,112.23999786376953,2764500
2026-02-20,109.80999755859375,114.0,109.05999755859375,114.0,3485300
2026-02-23,112.13999938964844,113.01000213623047,110.0,111.01000213623047,2649300
2026-02-24,111.01000213623047,111.44000244140625,110.0,110.26000213623047,6871300
2026-02-25,111.0,111.5199966430664,109.9000015258789,111.20999908447266,2679200
2026-02-26,110.76000213623047,111.80999755859375,110.55000305175781,111.61000061035156,2713300
2026-02-27,112.5199966430664,112.94999694824219,111.0199966430664,111.68000030517578,5310700
2026-03-02,112.05999755859375,113.75,111.87999725341797,112.4800033569336,2699100
2026-03-03,112.36000061035156,113.30999755859375,109.88999938964844,111.5,2740400
2026-03-04,112.48999786376953,112.69999694824219,110.62000274658203,112.37000274658203,2267100
2026-03-05,110.70999908447266,112.19999694824219,110.25,111.98999786376953,2703600
2026-03-06,112.27999877929688,112.55999755859375,110.0,110.9800033569336,2341300
2026-03-09,111.80000305175781,112.75,111.08999633789062,112.54000091552734,2255727
