Price,Close,High,Low,Open,Volume
Ticker,EME,EME,EME,EME,EME
Date,,,,,
2018-01-02,79.41654205322266,80.25954608545965,78.97081807756942,79.50375293575928,236700
2018-01-03,81.35445404052734,81.3932136007862,79.44558820540236,79.63938600669664,983800
2018-01-04,80.40485382080078,82.10054541508948,80.24981561228977,81.67419773431287,269900
2018-01-05,80.16263580322266,80.89904533292,79.47466279086802,80.78277403487876,192500
2018-01-08,80.23045349121094,80.57928212842202,79.32931407718729,79.95913657911235,152900
2018-01-09,79.86223602294922,80.62772062590766,79.83316820390247,80.33703504281081,200500
2018-01-10,79.29055786132812,79.85256039971088,79.116143535369,79.70721389597323,357800
2018-01-11,80.72462463378906,80.73431637207261,79.43590436202791,79.64907085585399,654100
2018-01-12,81.60724639892578,82.51895321385201,80.81193004965093,80.81193004965093,176700
2018-01-16,80.05538940429688,82.21825800567673,79.98749683384403,82.21825800567673,309800
2018-01-17,80.20089721679688,80.43367074970456,79.65774910702936,80.36577816095077,403500
2018-01-18,79.99720764160156,80.81191858638199,79.80322355969948,80.23968219417709,270900
2018-01-19,81.08348846435547,81.10289057230918,79.78382842142776,79.78382842142776,627600
2018-01-22,80.15239715576172,80.8895219562491,79.74504163433593,80.8895219562491,302400
2018-01-23,79.842041015625,80.49187120857492,79.57047063049596,80.49187120857492,217300
2018-01-24,80.0844955444336,80.95740542036461,79.74503264816491,80.40456373223098,205100
2018-01-25,79.79352569580078,80.37547056503698,79.14369564485494,80.37547056503698,172400
2018-01-26,80.06512451171875,80.37549173718995,79.2795016911992,80.1039139401316,316600
2018-01-29,79.8711166381836,80.627636062995,79.65773784662424,80.01660285058644,214400
2018-01-30,78.80422973632812,79.30857355075673,78.12530394772497,78.96911065645516,220800
2018-01-31,78.83331298828125,80.34635159119152,78.70722890461704,79.48314291135324,307500
2018-02-01,78.82363891601562,79.53166799674922,77.96042994071283,78.53267383879684,366100
2018-02-02,77.34937286376953,78.61993699681399,77.00991001139909,78.43566139109015,278000
2018-02-05,73.4795150756836,77.13602929635832,73.45041930359487,76.77717157427931,473600
2018-02-06,74.39118194580078,75.54536306257889,71.05473748510984,72.13132497728843,510800
2018-02-07,74.58517456054688,75.42898127569259,74.01293076317101,74.04202652579863,348600
2018-02-08,72.96544647216797,74.95373338675111,72.94604436388228,74.86644609867412,495600
2018-02-09,73.62496948242188,74.23600263114058,71.45239237639571,73.5667705636853,445000
2018-02-12,72.96544647216797,74.15841714097061,72.6550793372228,73.8577510601683,510900
2018-02-13,73.16915130615234,73.51831538723226,72.49021785972408,72.82968088306875,210500
2018-02-14,74.02263641357422,74.24571627379795,72.49989641037585,72.51929112008649,205300
2018-02-15,74.19721221923828,74.76944860474212,73.28550554431513,74.76944860474212,254000
2018-02-16,74.3330078125,75.02163474247493,73.68317770389878,74.07113851789879,167300
2018-02-20,74.12931823730469,75.21560686345313,73.52797870144353,74.08082036838161,255500
2018-02-21,73.14971160888672,74.90523217009576,73.13031690311946,74.34268950628878,461100
2018-02-22,73.89654541015625,75.12831285467466,72.73266314316297,73.18851647608848,343800
2018-02-23,74.14873504638672,74.94405149552671,72.80057676552427,73.91596148559255,442700
2018-02-26,75.11860656738281,75.23499700589407,73.62496997169994,74.4202861355216,324200
2018-02-27,74.73065185546875,76.2436905294366,74.6336561253034,75.09921047099712,491200
2018-02-28,74.012939453125,75.50658377451505,74.00324579760176,75.07983353964435,318900
2018-03-01,73.74134063720703,74.72093964770127,72.7811437297435,73.89652786251605,407100
2018-03-02,74.3524169921875,74.54639371776152,72.56780003800797,73.11094078940542,264800
2018-03-05,73.7607421875,74.4881656512831,73.06241447831076,73.86743155416691,335100
2018-03-06,73.77046966552734,73.94505167287656,72.78117655704014,73.83836225728884,559200
2018-03-07,75.642333984375,75.86541375382298,73.33397968182193,73.33397968182193,328500
2018-03-08,75.75875091552734,76.13701063114266,75.06042300985716,76.00122547167749,216700
2018-03-09,77.6888427734375,77.8440300341814,75.81693898919548,76.27279231796084,238900
2018-03-12,77.14570617675781,78.05741288175491,76.70924753299407,77.82463197851975,433200
2018-03-13,77.96041107177734,78.51325272439875,76.96141715561372,77.48516304752911,467200
2018-03-14,78.0768051147461,78.7363361868601,77.63065283063015,78.55205316090976,271800
2018-03-15,77.97982788085938,78.48417176090135,77.29120094862076,78.21260141012974,292100
2018-03-16,78.54236602783203,78.7848405980097,77.4657783442643,78.00891901354653,713500
2018-03-19,77.70825958251953,78.43568335547211,76.24371098104857,78.35808971042022,344800
2018-03-20,77.39785766601562,78.17377156909377,76.9516981070716,77.75671516378571,156500
2018-03-21,77.67911529541016,78.32895247904867,77.00989081037748,77.36874827923654,163200
2018-03-22,75.72965240478516,77.65974772977775,75.71995135096503,76.94202514154311,411400
2018-03-23,73.11094665527344,75.85576120082165,73.07214982709831,75.85576120082165,347800
2018-03-26,74.97312927246094,75.14771123386124,73.37279585958063,74.3814908143674,289000
2018-03-27,73.3145980834961,75.26409544960242,72.90724263378303,75.26409544960242,300700
2018-03-28,73.69287872314453,74.2845098995274,73.05274227039695,73.38251155204368,267100
2018-03-29,75.58416748046875,76.3212921888661,74.1972127500663,74.1972127500663,361400
2018-04-02,73.49890899658203,75.44840710259281,72.71329355971822,75.44840710259281,281200
2018-04-03,75.3416976928711,75.71995742510411,73.52798526928304,73.8674555825958,338900
2018-04-04,75.642333984375,75.76842544526309,74.18748715677593,74.22628396014662,383400
2018-04-05,76.04971313476562,76.45706855848248,75.09920974635777,75.86543012891197,754700
2018-04-06,74.5269546508789,76.31157072014956,73.72194497914995,75.44836213981637,424800
2018-04-09,74.30391693115234,75.93334653728165,74.20692857121057,75.06043649833067,293000
2018-04-10,75.97213745117188,76.28250461868393,74.50758891084766,75.38049888189312,581800
2018-04-11,74.8664321899414,75.82662917908323,74.71124495143151,75.45807058722446,262100
2018-04-12,76.9420166015625,77.04870598253436,74.79854272885211,75.0216151438041,593400
2018-04-13,76.48573303222656,77.4177746014561,76.17505250915005,77.18476606095071,377200
2018-04-16,77.56339263916016,78.03912047731596,76.82552376258732,77.02940712179695,183500
2018-04-17,78.41775512695312,78.58280989504095,77.8740662171274,78.17503580546581,163200
2018-04-18,78.9808349609375,79.32064039719614,78.0876299835711,78.46627138500257,525700
2018-04-19,78.2527084350586,78.96145211903124,77.90319201655234,78.96145211903124,249000
2018-04-20,78.1556167602539,78.6798913516097,77.68959243220252,78.20416358447784,361300
2018-04-23,78.22355651855469,78.67015903213321,77.86432937608345,78.09734518010968,213100
2018-04-24,77.92259979248047,79.6507598824195,77.56337259117673,78.24298361288155,613900
2018-04-25,78.5051498413086,79.36923016428202,77.46631128407049,77.9032031661287,397300
2018-04-26,72.88375854492188,79.0391244727749,72.70900033480098,78.85465541564562,561900
2018-04-27,72.42744445800781,72.9711407780994,70.29151737978042,72.32064736337585,871400
2018-04-30,71.44686889648438,73.1264901654648,71.44686889648438,72.64105143430605,739300
2018-05-01,72.22354888916016,72.37889278494742,70.15558327512338,71.51481273444348,466200
2018-05-02,73.00996398925781,73.28181583294062,71.91287539712943,72.22355581127584,537400
2018-05-03,72.76725769042969,73.30124321981432,71.18473020539102,72.91289078091701,365400
2018-05-04,73.08765411376953,73.60221798319168,71.93230756432244,72.26240975296756,219600
2018-05-07,73.99053955078125,74.34976672810389,73.18470981655173,73.18470981655173,250100
2018-05-08,75.93232727050781,76.000288398221,74.56339386736862,74.56339386736862,281400
2018-05-09,74.4177474975586,76.12649364187462,74.24298928498985,75.95173542930587,309700
2018-05-10,74.4662857055664,74.67987989602652,74.10706584634345,74.67987989602652,289500
2018-05-11,74.47599029541016,74.98085059539173,74.32065379271181,74.74783473053624,152600
2018-05-14,73.31096649169922,74.73815768736753,73.2430053589154,74.50514174021619,271000
2018-05-15,73.27210235595703,73.56336106720893,72.69928096491299,73.04879734417933,551300
2018-05-16,73.97115325927734,74.78668673947541,73.40804257597473,73.40804257597473,645100
2018-05-17,74.75755310058594,75.06823354445598,73.99055913445545,74.0876453843137,816400
2018-05-18,74.30122375488281,75.36918709029857,74.23326265373466,74.98084217356882,388700
2018-05-21,75.33036804199219,75.45658683477153,74.50512379772348,74.79638995791534,232600
2018-05-22,74.76727294921875,75.64106411755381,74.75756210090199,75.14591455429611,173700
2018-05-23,74.25270080566406,74.8934759860911,73.73812960322857,74.45658415430931,160200
2018-05-24,74.08765411376953,74.31095918124012,73.36920689151941,74.07795067268464,204900
2018-05-25,74.28182220458984,74.55366665577937,73.96143092688544,74.27211135784572,327200
2018-05-29,74.05852508544922,74.75755798159904,73.59250809282037,73.74784462129448,262000
2018-05-30,75.90320587158203,76.29155836645562,74.03912278483806,74.52456155162811,363800
2018-05-31,73.71869659423828,76.06821733779253,73.70898574947199,75.86433404092585,262400
2018-06-01,74.56338500976562,75.12648825512191,74.17503258016347,74.3206656671651,189400
2018-06-04,75.10707092285156,75.53425931882096,74.49542087088228,74.80610132053106,611500
2018-06-05,76.14590454101562,76.19445136737154,75.01968335296878,75.15561298532421,196400
2018-06-06,77.5536880493164,77.64107087157527,75.98087132072796,76.32067694682996,277100
2018-06-07,76.53427124023438,77.6216492447443,75.97116054092338,77.57310981651847,378700
2018-06-08,76.62163543701172,76.767268514781,75.92260258948403,76.60222115000529,321100
2018-06-11,76.33038330078125,77.15562760335236,76.15562507376093,76.67989975482188,187500
2018-06-12,75.8740463256836,76.56336817308794,75.54394426220293,76.26239864445905,180400
2018-06-13,75.32064819335938,76.33036127959767,74.97113184015363,75.93229810786714,151700
2018-06-14,75.4080581665039,75.63136326405797,74.75757198024982,75.63136326405797,172700
2018-06-15,75.4371566772461,75.54395376352154,74.52453713162679,75.09735113328118,462400
2018-06-18,75.7090072631836,75.9808516938441,74.82550545633177,74.87405227918052,233700
2018-06-19,76.16532135009766,76.21386817806162,74.72842709171859,74.99056070398842,313900
2018-06-20,77.49542236328125,77.60221945413574,75.65075409340136,76.32066177108756,243200
2018-06-21,75.8740463256836,77.40803391088423,75.55365510715352,77.40803391088423,182600
2018-06-22,75.757568359375,76.63135957028045,75.40805187501282,76.49543731605154,383900
2018-06-25,74.92259216308594,75.65075006713688,74.20414510510648,75.40803076578658,326300
2018-06-26,75.68958282470703,76.12648199287692,74.90317469208811,75.24298021808364,217300
2018-06-27,74.3788833618164,76.06820717238999,74.3788833618164,75.81577709262967,188500
2018-06-28,74.1847152709961,74.45655964637682,73.34004961274567,74.45655964637682,170600
2018-06-29,73.96142578125,75.19443657256409,73.92258980418114,74.57307575387279,218500
2018-07-02,73.82551574707031,74.0973602242042,73.00997490846218,73.20415482584815,286800
2018-07-03,74.00999450683594,74.44688641554484,73.88377569220775,74.0876590767524,94000
2018-07-05,74.82551574707031,74.84493003455674,73.37891059512978,74.31095194580861,121500
2018-07-06,75.42745208740234,75.79638275704862,74.6507473640147,75.00026374881863,185100
2018-07-09,76.45658111572266,76.64105015792663,75.7478374855748,75.91289224253879,162400
2018-07-10,75.99058532714844,76.74787606558668,75.56340422660293,76.55369610424042,203500
2018-07-11,74.86434173583984,75.83521893909835,74.76725549695503,75.03909992871458,182800
2018-07-12,74.39833068847656,75.4274657443823,73.81580574406581,75.4274657443823,271000
2018-07-13,75.09734344482422,75.29152331235643,73.8254967931076,74.42744327165062,132100
2018-07-16,73.78668212890625,75.13620111737156,73.34007941541189,75.13620111737156,355000
2018-07-17,74.07793426513672,75.16531200235659,73.55365968160343,73.55365968160343,209900
2018-07-18,75.0002670288086,75.0585172930883,73.73812364990759,73.89346756426087,189600
2018-07-19,75.7972183227539,76.17625242574951,74.55320819857495,74.6698369282987,212600
2018-07-20,75.56398010253906,76.24429592850447,75.27241194004738,75.80695109965333,221000
2018-07-23,74.84478759765625,75.5251034197168,74.66012726814567,75.3696058381971,115400
2018-07-24,74.13528442382812,75.51535744192901,73.61046635746219,75.41817055887248,337600
2018-07-25,75.04887390136719,75.18493705047236,73.25089021828985,74.0575481980175,246300
2018-07-26,72.93986511230469,77.0412075614524,72.50251305556851,75.56394779318883,597600
2018-07-27,74.14501190185547,75.26267969318052,73.2800359607594,73.33834661277973,277100
2018-07-30,73.92149353027344,75.29185350834187,73.9020591131224,74.43659085596906,417400
2018-07-31,74.78643798828125,75.0585716172664,73.182836024483,74.03809089950094,410900
2018-08-01,74.07698059082031,74.53376713957505,73.4841309102941,74.43657283269438,326300
2018-08-02,74.58233642578125,74.71839952024081,73.07592147572693,73.38692389376055,420300
2018-08-03,73.95062255859375,75.02941399145706,73.86315659019691,74.44628529082699,212900
2018-08-06,75.48624420166016,75.60287297527822,74.13532575385835,74.17420201173104,355200
2018-08-07,75.85552215576172,76.09849306924605,75.22379629772568,75.85552215576172,211100
2018-08-08,75.92355346679688,76.11792723099553,75.13632266755958,75.70001696457301,282300
2018-08-09,75.2626724243164,76.05961672279173,75.10716748076813,75.9235536046289,140000
2018-08-10,74.60179138183594,75.08773320899637,74.20331552442015,74.65038111562168,173000
2018-08-13,73.82428741455078,74.76701582124834,73.75625584988623,74.55320021376421,181400
2018-08-14,74.26163482666016,74.66982418872335,74.00894299614696,74.01866390902008,201500
2018-08-15,74.397705078125,74.61151327763857,73.87288695593423,73.87288695593423,180900
2018-08-16,74.78643798828125,75.16547198862082,74.3879695790272,74.66981670502798,130200
2018-08-17,75.74861145019531,76.06932740836024,74.56291225156775,74.62122289580074,202800
2018-08-20,76.53582000732422,76.68160400460032,75.66112343854981,75.88465988969075,221900
2018-08-21,78.40186309814453,78.86837057714736,76.82741611314025,76.82741611314025,329800
2018-08-22,78.40186309814453,78.71286561251814,77.81873431055462,78.36298685698723,201600
2018-08-23,78.557373046875,79.08219121346866,78.3629918287559,78.45046523063081,281100
2018-08-24,77.94505310058594,78.9558128221574,77.57574004294511,78.82947063754193,231000
2018-08-27,77.75071716308594,78.5379408015986,77.68268558216369,78.37272230719972,220900
2018-08-28,77.5951919555664,78.17832811428778,77.39109726596763,77.87703912164594,186100
2018-08-29,77.9936752319336,78.03255147386031,77.31335953542835,77.64379646947805,249100
2018-08-30,77.93536376953125,78.11030314894766,77.30363782081166,77.79930063163901,181900
2018-08-31,77.84786224365234,78.11998842110958,77.30360988873784,77.55630165989767,159400
2018-09-04,75.35014343261719,77.67294492428917,75.25295654384247,77.67294492428917,283000
2018-09-05,75.42790222167969,75.55424444617118,74.77674185602481,75.2821181688757,214400
2018-09-06,75.27238464355469,75.99158387292344,75.00997932437895,75.56395270031324,126200
2018-09-07,74.35882568359375,75.10717288735907,73.83400758366503,75.05858315016538,188900
2018-09-10,74.650390625,75.02942470527788,74.50461399018911,74.61151438408884,110700
2018-09-11,74.31997680664062,74.95170294181064,73.97009794454299,74.35885305963893,165700
2018-09-12,74.37824249267578,74.5337474106153,73.85342451695375,74.3393662631909,157500
2018-09-13,74.44629669189453,75.00999106861345,74.09641793495761,74.54348358773593,160300
2018-09-14,74.95167541503906,75.40845453651636,74.2519179478369,74.46573355335805,209700
2018-09-17,74.40742492675781,75.02942999542297,74.1255777214431,74.88365335033372,183400
2018-09-18,73.05651092529297,74.40742895202712,72.89129244199701,74.40742895202712,473500
2018-09-19,72.50252532958984,73.95063002219865,72.40533843882335,72.97874628476478,337200
2018-09-20,72.54138946533203,73.57158368236085,71.78332146299888,72.77463944723071,529400
2018-09-21,72.9010238647461,73.41612121919805,72.40536092853014,72.40536092853014,745900
2018-09-24,72.93986511230469,73.24114664714192,72.67745239528634,72.67745239528634,397800
2018-09-25,72.2595443725586,72.96902266502715,72.24982346036492,72.93014643113594,238000
2018-09-26,71.80274963378906,72.58025939241288,71.75415990817669,72.34700943077877,511800
2018-09-27,72.22066497802734,72.43448054762993,71.6569781484824,71.9096625353917,293700
2018-09-28,72.99818420410156,73.28003136265565,71.98742428149232,71.98742428149232,332900
2018-10-01,72.39559936523438,73.62989555449413,72.11375226229224,73.31889313312395,383100
2018-10-02,72.28870391845703,72.90099536941862,72.09433015252617,72.35673547802122,636200
2018-10-03,72.79408264160156,73.38693222687182,71.94854124583496,72.42476213051843,248600
2018-10-04,71.91939544677734,72.85240293035481,71.26823513243957,72.45393445997064,336000
2018-10-05,70.86004638671875,72.04573831004193,70.33522828218992,72.04573831004193,268500
2018-10-08,70.97666931152344,71.06414270505353,70.13113519174522,70.76285369943275,226400
2018-10-09,70.77257537841797,71.073856972412,70.33523065069214,70.75314096569257,323900
2018-10-10,69.30503845214844,71.00583527508485,69.10094372318235,70.62680114773559,596700
2018-10-11,68.15821075439453,69.74238615271899,68.0318685250638,68.60527642920158,486500
2018-10-12,67.07817077636719,69.10199150935014,66.21220720027883,69.10199150935014,385000
2018-10-15,67.25332641601562,67.89549839022958,66.74736554095956,66.74736554095956,362100
2018-10-16,68.54739379882812,68.58631443229503,66.94196035259148,67.41872512169532,475100
2018-10-17,67.62305450439453,68.53767085445898,67.07818046947204,68.33334309136305,334600
2018-10-18,66.4554672241211,67.52575872159206,66.20248680434905,67.30196692268753,319100
2018-10-19,66.16357421875,67.11711134876617,66.0760083454935,66.4360112777966,370000
2018-10-22,66.6987075805664,67.07817445275779,66.17329019829727,66.51383643957783,314000
2018-10-23,65.57978057861328,66.39709176969025,65.21003820072806,65.71599911045945,512900
2018-10-24,62.174293518066406,66.26086373401917,62.086723944200216,65.47274128089953,568000
2018-10-25,66.36788940429688,67.67170462634319,63.54620661401464,63.54620661401464,1151600
2018-10-26,68.23603820800781,69.74418125099245,65.86193888189301,66.8057438576516,646500
2018-10-29,66.85438537597656,69.11173009634605,66.23167010300233,69.03388883138636,977200
2018-10-30,69.64689636230469,69.9096014159061,66.66953035581943,66.83494493971274,533100
2018-10-31,69.06312561035156,70.80477854519607,68.99501631917528,70.80477854519607,994600
2018-11-01,70.04580688476562,70.36689655299173,69.1117339235777,69.1117339235777,489200
2018-11-02,70.9215087890625,71.53449213546808,70.09446564517643,70.59069450084914,488200
2018-11-05,71.0577163696289,71.4274586622937,70.0652662344451,70.94096189687289,318800
2018-11-06,72.37124633789062,72.59503808591221,70.7852697700873,70.7852697700873,657500
2018-11-07,73.86966705322266,74.12264744968857,72.09881912466429,72.81883225868872,346100
2018-11-08,73.39291381835938,74.00589716634877,73.14966539756716,73.8794106599438,257600
2018-11-09,72.2058334350586,73.50964834487921,71.43716782093858,73.07179689657418,478400
2018-11-12,71.69989013671875,72.75071742728504,71.41772114372148,72.22530749367738,407500
2018-11-13,71.31069946289062,73.18857734536338,71.24259021009014,71.87503751372431,369500
2018-11-14,71.680419921875,72.34205571166045,71.36906233982009,71.94313228934807,341300
2018-11-15,72.25450897216797,72.57559122800842,70.29878969922865,71.12583279925501,225500
2018-11-16,72.06963348388672,72.29342527141964,71.22312640498197,71.69016658518676,282600
2018-11-19,70.71717834472656,72.19612541737067,70.32797940244578,71.87504315658998,213200
2018-11-20,69.70526885986328,70.70745119442363,69.21877200437939,70.19176571534717,478900
2018-11-21,70.1917495727539,71.06744519590431,69.9095805706637,69.99715384465435,147400
2018-11-23,69.5982437133789,70.51286023965653,69.384183894603,69.384183894603,138300
2018-11-26,70.70745086669922,70.87285801519239,70.01662622591637,70.34744794625558,301400
2018-11-27,70.1820297241211,70.76583185631364,69.94851332525556,70.60041729307109,333600
2018-11-28,72.04043579101562,72.11827704847096,69.44254506608864,70.35715385946072,314400
2018-11-29,70.43502044677734,72.16694821956501,70.37664319436765,71.75829260599,177100
2018-11-30,70.892333984375,71.03828454959175,70.01663801642864,70.42529366035224,327100
2018-12-03,70.5615005493164,72.09883239198886,69.7344573808809,71.88477258815436,396900
2018-12-04,67.07817077636719,70.55175709375277,66.9711409030663,70.55175709375277,363600
2018-12-06,67.00032043457031,67.07816168157156,64.99595657606251,66.03705912881703,532100
2018-12-07,64.66515350341797,67.22412398865191,64.26622998917597,66.9322303638448,258400
2018-12-10,63.40025329589844,64.61649504184476,63.234838776703356,64.61649504184476,307400
2018-12-11,63.04025650024414,64.35379638110462,62.719166829287644,64.31487574613848,386200
2018-12-12,64.03272247314453,65.10302163980941,63.682444095573096,64.13002779618964,375800
2018-12-13,63.059722900390625,64.58732279915324,63.030534275470515,64.35380637643914,283200
2018-12-14,61.794837951660156,63.24460042531683,61.53213287770767,62.15484834956555,486000
2018-12-17,61.29859924316406,62.67052383705352,61.10399977307275,61.78509606255425,497900
2018-12-18,60.8023796081543,62.44673766989888,60.78291928822119,61.95050879079581,389900
2018-12-19,59.75153732299805,61.619686980560445,59.5277492385435,60.71480262812298,442200
2018-12-20,58.72016143798828,60.47155286235451,58.25312496204928,59.67369841866588,567600
2018-12-21,56.55038070678711,59.44017256530422,56.34605296430171,58.70069914463897,1098700
2018-12-24,55.976322174072266,57.445544629393986,55.84983567496795,56.34606079160487,285400
2018-12-26,58.46717834472656,58.535287591372786,55.74279734385105,56.13199250873294,500400
2018-12-27,58.21421813964844,58.27259538947179,56.36552852059232,57.50392943226702,307300
2018-12-28,57.435813903808594,58.41853956768456,56.87147951754792,58.18501945882332,337100
2018-12-31,58.0779914855957,58.30177958683575,57.036888543807656,57.6206869794427,266600
2019-01-02,57.756900787353516,58.04879812551099,56.58930772304758,57.153645793604596,541300
2019-01-03,56.521202087402344,57.727715863839606,56.48228145004199,57.60122564825657,262700
2019-01-04,58.642333984375,59.041261274948575,57.27041294004377,57.552582019435874,285100
2019-01-07,59.741817474365234,60.39372150242001,58.330975800677194,58.84666129819375,333000
2019-01-08,60.66615295410156,60.86075242759566,59.66397067636987,60.17965612620443,209800
2019-01-09,61.2694091796875,61.454276630501276,60.422902061465294,60.99696844330142,183100
2019-01-10,61.81428909301758,61.979699953480136,60.88994803958655,61.00670624529889,206000
2019-01-11,62.300777435302734,62.51483720959328,61.33751587434713,61.50292300053461,237500
2019-01-14,61.98942565917969,62.89431006679474,61.48346850673112,61.81428650211379,299800
2019-01-15,61.81428909301758,62.31051796272881,61.25968297628838,62.12564678270146,365800
2019-01-16,61.75590896606445,62.495386228336095,61.71698832874989,61.79482589170275,265600
2019-01-17,62.38916015625,62.78858719845467,61.54158457978365,61.54158457978365,386900
2019-01-18,63.22697448730469,63.68485976452689,62.38914343381723,62.934705075076074,449800
2019-01-22,62.30146789550781,63.10032554039754,61.580542324536765,62.5937336126841,473900
2019-01-23,61.74617004394531,63.4315730750382,61.4831297489617,62.82755296817477,337700
2019-01-24,62.28199768066406,62.759364263944896,61.5026210126007,61.63901146496665,230600
2019-01-25,62.74961853027344,63.46079615529122,62.71064877328708,63.012655099029885,196600
2019-01-28,62.25275421142578,62.59373024371915,61.24930355743667,62.13584495775946,382800
2019-01-29,62.94444274902344,63.23671213050486,62.2527464744178,62.77882690145289,636500
2019-01-30,63.41208267211914,63.684870973481,61.892299299566304,63.23672991318263,400800
2019-01-31,63.548492431640625,64.04534020705005,63.0711183894624,63.353643608489534,661200
2019-02-01,63.10032653808594,64.1524875961887,62.76909477871316,63.499760941386654,295900
2019-02-04,63.49976348876953,63.67512367215481,62.69115778578623,63.06136674666676,356700
2019-02-05,64.38630676269531,64.4252765215188,63.69461026720193,63.69461026720193,288500
2019-02-06,64.59088897705078,65.12670634701409,64.08428963038264,64.30836384770129,275500
2019-02-07,63.295169830322266,64.42526286577983,63.080839918583784,64.23042154568299,231400
2019-02-08,63.119808197021484,63.33413810376121,62.33068749013784,62.95419233552978,199000
2019-02-11,63.655635833740234,63.723838481213896,62.58399355931732,63.275690004015026,269500
2019-02-12,64.73704528808594,65.16570532246293,64.06483720012261,64.06483720012261,199000
2019-02-13,65.27284240722656,65.60407415919923,64.65908552007228,64.66882238379826,272400
2019-02-14,65.55534362792969,65.94503358370196,64.80518916234247,64.80518916234247,329800
2019-02-15,66.28604125976562,66.52959666970037,65.7891861423368,65.7891861423368,231800
2019-02-19,66.354248046875,66.79264488810864,65.95481353722977,66.16914352457867,223600
2019-02-20,67.09464263916016,67.33819803324823,66.47114142491237,66.48087828911694,445500
2019-02-21,68.77027893066406,68.8871881640261,65.87684787396144,67.09462451545403,470600
2019-02-22,70.13420867919922,70.7284844309751,69.36457274767439,69.36457274767439,623500
2019-02-25,70.2413558959961,70.91357098728099,69.90037991951782,70.60182046125531,458300
2019-02-26,69.15998840332031,70.58235102889407,69.12101864790066,70.32905876774755,466000
2019-02-27,69.71530151367188,69.84195508986997,68.32216420454405,68.9456654893418,307800
2019-02-28,70.27059936523438,70.71874039676368,69.32561068317172,69.66658674708306,476100
2019-03-01,70.64079284667969,71.13764038838374,70.0757426744117,70.8258898507047,245800
2019-03-04,69.64710235595703,71.2545695345036,69.46200530021929,70.71874466408102,307000
2019-03-05,69.5107192993164,70.09525085371828,69.18922434294268,69.78350019585582,417100
2019-03-06,68.95540618896484,69.83220714768174,68.78004599722146,69.66659125345777,331200
2019-03-07,68.40985107421875,69.0625778495073,68.1468070447776,69.0625778495073,255000
2019-03-08,68.59493255615234,68.88719451743438,67.70838751167544,67.99091261048501,222000
2019-03-11,70.04651641845703,70.08548616430927,67.0946269228006,67.48430951588497,545300
2019-03-12,69.70555114746094,70.27059396737259,69.50095809210929,70.09523380044273,292200
2019-03-13,70.28033447265625,70.67002453733868,69.66657763786726,70.07574886105992,509100
2019-03-14,70.30956268310547,70.72847821833574,69.80297078206239,70.30956268310547,342600
2019-03-15,71.57608032226562,71.81963578413111,70.64082824062888,70.86489510322035,1044600
2019-03-18,71.80012512207031,72.10213885623209,71.36172839851238,71.62476494610303,346700
2019-03-19,71.70271301269531,72.37492833959655,71.51761595071144,72.23853790119941,396400
2019-03-20,71.61502838134766,72.64770084817971,70.9330688351947,71.53708887332094,384500
2019-03-21,71.68321990966797,72.67692257143106,71.3617250301163,71.3617250301163,356500
2019-03-22,71.27405548095703,72.199563023418,71.14740191662469,71.25456688672702,704600
2019-03-25,70.98180389404297,71.59556097778292,70.69927866836888,71.30329888526414,378500
2019-03-26,70.6797866821289,71.68323383500663,70.18293153836711,70.85514688388474,716400
2019-03-27,70.51417541503906,71.32278134113324,70.02706448597841,70.77721947905664,591300
2019-03-28,71.36173248291016,71.44940885955168,70.40699204072791,70.70900579217547,385600
2019-03-29,71.19610595703125,72.14110196082558,71.03049009297159,71.93650891378734,353300
2019-04-01,72.97895812988281,73.08611568907946,71.56633206945968,71.80014321877293,252700
2019-04-02,72.3359603881836,73.10559641420669,71.80987978434294,73.10559641420669,261300
2019-04-03,72.54053497314453,73.34914063516034,72.45285860225438,72.77434606157206,202300
2019-04-04,73.02764892578125,73.3393995348447,72.60873334803466,72.60873334803466,220100
2019-04-05,73.50504302978516,73.7680871181644,72.90103017875235,73.21278090491485,185500
2019-04-08,73.13482666015625,73.50502825031258,72.94972214871703,73.2614728121966,338100
2019-04-09,72.0241928100586,72.81330981391378,71.88780240032362,72.65743824538232,204800
2019-04-10,72.42362976074219,72.69641805066259,71.71245215914651,72.09239798634879,369600
2019-04-11,74.1187744140625,74.15774416646748,72.3846613120021,72.6379535535541,372500
2019-04-12,74.63511657714844,74.99558124109576,74.16748694372274,74.43053093524996,285400
2019-04-15,74.7909927368164,74.99558582393806,74.3525959677759,74.71306065375056,258800
2019-04-16,74.8202133178711,75.37551926921498,74.76175497428956,75.05402439403692,276600
2019-04-17,75.06403350830078,75.22006764329404,74.18631824748921,75.22006764329404,468200
2019-04-18,77.58989715576172,77.86296247949282,74.33260730772348,74.82022608309246,1153000
2019-04-22,77.90196228027344,79.02348679919726,76.57563879640247,78.01899344901653,1448400
2019-04-23,77.82394409179688,78.68215028768532,76.91697305185329,78.07750044756607,1433900
2019-04-24,78.65291595458984,79.59889764143868,77.56064713587743,77.83371248043738,845600
2019-04-25,78.70167541503906,79.0527615644385,77.39486053486445,78.37985264515024,581600
2019-04-26,77.86295318603516,79.04299702919747,77.79468686325042,79.04299702919747,550000
2019-04-29,78.1360092163086,78.4578318460931,77.17051900554642,78.0287325262239,447500
2019-04-30,82.05648040771484,82.51484321063843,78.00924340545068,79.14052244589794,632600
2019-05-01,79.91094207763672,82.65135634969702,79.8914331661124,82.48556780408882,318200
2019-05-02,80.36931610107422,80.58386207479586,78.92596150407962,79.8426870227304,297600
2019-05-03,80.7789306640625,81.2470405365337,80.39858860250256,80.90570887109173,223200
2019-05-06,81.43232727050781,81.67613663359316,79.0722544215547,79.58912908082024,235900
2019-05-07,80.1157455444336,81.38354956795727,79.47208535612195,80.64237457837855,178700
2019-05-08,79.70616149902344,80.91545387548916,79.52086399923262,80.15476984125311,208800
2019-05-09,80.13526153564453,80.63263473123031,78.75042610684719,79.199034452494,190000
2019-05-10,80.53510284423828,80.886188888508,78.99422603221788,80.04748416502706,224000
2019-05-13,78.33106994628906,79.47209595172853,77.99949279208111,79.02348762755074,301400
2019-05-14,79.67689514160156,80.11575644986227,77.96048262007112,78.33107016530519,266900
2019-05-15,79.73542022705078,80.42783796044223,79.05274951153731,79.11126882116352,384100
2019-05-16,80.25228118896484,80.98370919020536,79.79391845104553,79.81341992393831,315600
2019-05-17,79.12101745605469,80.76917124865999,79.0917615208795,79.5501243465488,237800
2019-05-20,79.589111328125,79.67687910783253,78.58461816674529,78.60411963763487,175100
2019-05-21,81.27628326416016,81.63712378925202,80.17426765470223,80.17426765470223,515200
2019-05-22,79.81342315673828,81.24702328771214,79.6768905195475,81.01296840116662,302800
2019-05-23,78.68216705322266,79.0820105858851,78.06777006575358,79.0820105858851,399000
2019-05-24,80.09624481201172,80.27178784125486,79.21853710626687,79.23803858041794,276100
2019-05-28,79.5013656616211,80.90571018274666,79.31607557764708,80.4376003026864,209400
2019-05-29,79.21853637695312,79.49160165537944,78.66265136287932,79.04299334932608,294900
2019-05-30,79.37455749511719,80.56434810530276,78.67238549956704,79.46233271479575,537300
2019-05-31,78.56513977050781,78.68217096270969,77.96049721197943,78.56513977050781,358100
2019-06-03,78.94548034667969,79.94998131962342,78.2823184843968,78.71142540718937,272300
2019-06-04,81.57860565185547,81.68588235537779,79.59887502580432,79.72565320248047,236000
2019-06-05,81.77366638183594,82.03698468475405,80.31081006931483,81.88094310665858,231000
2019-06-06,81.80291748046875,82.18325950399623,81.11049975967586,81.66638482794461,199200
2019-06-07,82.14424896240234,83.1974996930616,82.08572965924789,82.40755978494944,173100
2019-06-10,81.90042877197266,82.78789081389917,81.21775822232856,82.56359040965756,215700
2019-06-11,80.94469451904297,82.62210383690075,80.26203139687759,82.49531822816289,399900
2019-06-12,80.78866577148438,81.68588986896914,80.02798176051758,80.67164204085636,285800
2019-06-13,82.5538558959961,82.58311183053229,81.11050112161332,81.17876744902166,208600
2019-06-14,81.53960418701172,83.20725934178024,81.48109232067745,82.47583125071661,214300
2019-06-17,81.58839416503906,82.11501600518886,81.28606540142881,81.53962930109347,177000
2019-06-18,81.7638931274414,82.94393682922544,81.73463719839177,82.25151178618943,225500
2019-06-19,82.04671478271484,82.38805380428707,81.11048782863402,81.8809262205326,181300
2019-06-20,82.7488784790039,83.28526193818416,82.13448169523626,82.87566408233907,256900
2019-06-21,81.6858901977539,82.33929749796086,81.14950662864598,82.27103117466268,360800
2019-06-24,81.70539093017578,82.87568031382801,81.5200934369915,81.94920028837777,245900
2019-06-25,81.95896911621094,82.29054633007617,81.05199784705802,81.74441565289933,308600
2019-06-26,82.69038391113281,82.92443881476143,81.70539200767516,82.4563290075042,254500
2019-06-27,84.04595184326172,84.04595184326172,82.92442744640127,83.01220267352315,298600
2019-06-28,85.9184341430664,86.08422275527916,84.39706581363616,84.39706581363616,574200
2019-07-01,85.67461395263672,86.3085198236164,85.20650411347789,86.3085198236164,336000
2019-07-02,86.41577911376953,86.48404542822946,85.42103288538739,85.92816045606423,326600
2019-07-03,86.69862365722656,86.70837811650587,85.9086761459956,86.6011013858507,114600
2019-07-05,86.99118041992188,87.06920120419657,85.4308019367855,86.4255483351091,225700
2019-07-08,86.93266296386719,87.33251387721872,86.44504425420202,86.71810954113914,365500
2019-07-09,86.02568817138672,86.76687066157515,85.2942601383045,86.28900642995991,237300
2019-07-10,84.70913696289062,86.77664331518184,84.51409242269074,86.62060173064413,317500
2019-07-11,84.69938659667969,85.39180442046303,83.91920095770685,84.82617225036134,312200
2019-07-12,85.06995391845703,85.91840561718715,84.7091134347918,85.15772170502765,299800
2019-07-15,85.56735229492188,85.58686121526316,85.00172009306654,85.33329733413784,185500
2019-07-16,85.7038803100586,86.27927438123558,85.14799515816091,85.61611249471969,270000
2019-07-17,82.61235046386719,85.19673078675423,82.38805005241632,84.9919318474195,384500
2019-07-18,82.9637680053711,83.26638242051611,82.4659321774779,82.62211377617862,180000
2019-07-19,81.41169738769531,83.50067795762791,81.27503566424217,82.90522011365125,353600
2019-07-22,80.81621551513672,82.36830496181224,80.57217573188561,81.47024034684893,560200
2019-07-23,81.46047973632812,81.8899921542176,80.8650220469826,81.2359672978884,247000
2019-07-24,82.68069458007812,82.94426177713837,80.95289579464766,81.18717195508631,292500
2019-07-25,82.0656967163086,83.11018667420963,81.89975145372222,82.76853247256032,199100
2019-07-26,82.11451721191406,82.74901475420847,81.5971465634605,82.17308438258644,282200
2019-07-29,82.22190856933594,82.61236636672749,81.81191596606665,82.08523940324278,275600
2019-07-30,82.93450164794922,85.02348216607454,81.27503364859906,85.02348216607454,491000
2019-07-31,82.3780746459961,83.62755723576177,81.56786071911552,82.9637686790108,486900
2019-08-01,81.45074462890625,83.38353611561982,80.34767971464032,82.70022749860095,359300
2019-08-02,80.3183822631836,81.0309817958218,79.43983744469267,81.02121811797633,387200
2019-08-05,78.72725677490234,79.18605288261152,77.69252275086511,78.83463490426003,351700
2019-08-06,79.35199737548828,80.13292041572468,78.79558682341163,78.79558682341163,305800
2019-08-07,79.64482879638672,79.79125417184999,78.33677898992384,78.39534616110757,293100
2019-08-08,82.98332214355469,83.09070028560159,80.33793076154825,80.33793076154825,498900
2019-08-09,81.11884307861328,82.78807472656702,80.69909424684678,82.78807472656702,362200
2019-08-12,80.91383361816406,81.57762215669028,80.08409980688216,80.58194307265269,298900
2019-08-13,81.3628921508789,81.93883012373583,80.40626001953173,80.67958348563091,281500
2019-08-14,79.43008422851562,80.89432316572984,79.26413148886137,80.12315643176316,276700
2019-08-15,78.9419937133789,80.03528720289555,78.66866289349642,79.84982202735445,261400
2019-08-16,79.89862823486328,80.31837698458355,78.34653869712085,79.33245411710041,881400
2019-08-19,80.7381362915039,81.4604921014638,80.61123826127589,80.93337262359074,245200
2019-08-20,80.34766387939453,81.29453952458182,80.04505690114026,80.61123104223218,284400
2019-08-21,81.12860107421875,81.54834987657952,80.66980500564947,81.16764834042725,236200
2019-08-22,81.10906219482422,81.86070892942438,80.71860448321753,81.29453482108983,233800
2019-08-23,78.85413360595703,81.65571299996965,78.57104656356525,80.90406629663553,348500
2019-08-26,79.80104064941406,79.95722974720054,78.80536121729654,79.58628436371069,291800
2019-08-27,78.91273498535156,80.85529786530365,78.81512051918713,80.39650168207383,239800
2019-08-28,80.60147094726562,80.89432170843457,78.20988370523479,78.68819966414011,291700
2019-08-29,83.52995300292969,83.78375651230735,81.1969328158741,81.1969328158741,437800
2019-08-30,85.35536193847656,85.6970161654025,84.12539927403961,84.1937301194248,591600
2019-09-03,84.72086334228516,85.42369920335213,84.28158720536622,84.90633598548453,499600
2019-09-04,84.83800506591797,86.31200018986831,84.79895780172335,85.53107724848823,391200
2019-09-05,85.51155853271484,86.40962335741914,85.12109329882018,85.7653620518721,391300
2019-09-06,84.85752868652344,86.19486961555343,84.75015056716678,85.70678996302482,429900
2019-09-09,85.83369445800781,85.86297804776494,84.09613195570446,85.23823664126273,385200
2019-09-10,85.51155853271484,86.08749642839807,84.38897377808203,85.78488196218963,468800
2019-09-11,85.71656036376953,86.01917486266584,85.00396812388088,86.01917486266584,600400
2019-09-12,84.58421325683594,86.7903355798082,84.4573077687967,85.9020269535542,490900
2019-09-13,84.87704467773438,86.02891290243096,84.2718307029389,85.35536807733585,368500
2019-09-16,84.73062133789062,85.26750442811412,84.21325070721555,84.36943975364659,321300
2019-09-17,84.62324523925781,85.04299400212629,84.0375437487408,84.28158355395495,354100
2019-09-18,83.96920776367188,84.66228732187855,83.32494659002651,84.03753860705098,342500
2019-09-19,84.59395599365234,85.17964999747399,83.7642147534431,84.2425381018587,222000
2019-09-20,83.66661071777344,84.97466802133991,83.41280722051351,84.64276999453782,703800
2019-09-23,83.6861343383789,84.37920650024415,83.07114925506598,83.07114925506598,314000
2019-09-24,83.45187377929688,84.1449461323369,83.16878662988516,83.75448828936098,344700
2019-09-25,85.09180450439453,85.35537168634019,83.38352572717024,83.38352572717024,301100
2019-09-26,84.42800903320312,85.22845929741621,84.19373290520276,85.01370307695595,241900
2019-09-27,82.8368911743164,84.94539170474333,82.6807020881708,84.94539170474333,265800
2019-09-30,84.06684112548828,84.5158735072687,82.76854747637061,82.82711465084064,336300
2019-10-01,83.28591918945312,85.21871806627287,82.895453942393,84.59397664997874,257800
2019-10-02,80.98218536376953,82.74903154766062,80.72838182684141,82.74903154766062,264300
2019-10-03,81.09931182861328,81.10906805885638,79.7034038109378,80.63075211430443,225000
2019-10-04,82.26093292236328,82.30974386161115,80.96264683991213,81.32382097933305,157000
2019-10-07,81.68500518798828,82.2902265955698,81.27502009616077,82.055943016665,194700
2019-10-08,80.6600341796875,81.41168095446257,80.09386748859527,80.78693964549579,158600
2019-10-09,81.19690704345703,81.5287975332567,80.2402679332951,81.46046670020958,169300
2019-10-10,81.86073303222656,82.26095453871436,81.15789702838828,81.53859862254974,172700
2019-10-11,83.82282257080078,84.7794547515645,83.14927010347286,83.14927010347286,187000
2019-10-14,83.92041015625,84.19373354892414,83.49089771204555,83.49089771204555,157900
2019-10-15,84.5549087524414,84.93561022738488,83.59826950290183,84.00825456091736,238700
2019-10-16,85.02348327636719,85.19919226838745,83.96922932424562,84.0863711347609,220400
2019-10-17,86.381591796875,86.74309802757121,85.14072553627302,85.72695810185868,315700
2019-10-18,87.43680572509766,88.00350042431232,85.59994173431892,85.90282693884511,318300
2019-10-21,88.44317626953125,89.43000570258422,88.15006370872604,88.25754055066011,326000
2019-10-22,86.78218841552734,88.91217262943965,86.61609054141796,88.22823582172327,354100
2019-10-23,86.44998931884766,86.99713874382806,86.0493924510214,86.76264719802958,229400
2019-10-24,86.54769897460938,86.8212737043781,85.47293791293839,86.60632000117344,154700
2019-10-25,86.78218841552734,87.01667997040838,85.95169159062829,86.22526631371483,179700
2019-10-28,87.67132568359375,88.17939203089237,86.66495073726321,86.95807081162793,330700
2019-10-29,88.47248077392578,90.866266534216,82.62967885019853,84.3786111113469,634300
2019-10-30,90.91513061523438,91.39388631996029,87.86671097071684,88.76560136246583,476800
2019-10-31,85.69763946533203,90.48521862993705,85.53154162079767,90.33865863885052,506300
2019-11-01,88.47248077392578,88.57018494599569,86.14708122516905,86.38158018335746,403000
2019-11-04,89.09778594970703,89.35181527636543,87.94485896433169,89.11732380008473,317000
2019-11-05,90.7001724243164,91.02260291431546,89.61563892475654,89.61563892475654,226500
2019-11-06,89.49840545654297,90.30936442644287,89.40070126297299,90.18234972023711,306300
2019-11-07,89.41046142578125,90.33866231653163,88.7851457290829,89.88921712542663,222500
2019-11-08,87.34886169433594,89.01962758894061,86.9873480680933,88.84375710243746,245300
2019-11-11,87.00692749023438,87.33912328702284,85.53156935576308,86.52816420048173,213000
2019-11-12,87.8764877319336,88.25753927351244,86.23503207038185,87.02644566376074,327400
2019-11-13,87.35865783691406,87.92534515304149,86.68448621498638,87.21209781636209,237300
2019-11-14,88.53109741210938,88.91214888240022,86.96780837317895,86.96780837317895,245100
2019-11-15,88.43341827392578,89.33230879392744,88.07190455302518,88.91217404696002,303200
2019-11-18,87.29024505615234,88.13051444392028,86.45974832294488,87.87648506015886,293100
2019-11-19,87.89604949951172,88.82425815036233,87.42706629968185,87.86673898131656,345700
2019-11-20,86.73332977294922,87.96442344118171,86.02985513116826,87.35865298956321,239000
2019-11-21,85.29705047607422,87.22184585890793,84.89645366233087,87.14368699042824,198100
2019-11-22,85.84422302246094,86.03963142798617,85.28730086692592,85.95169988180567,153100
2019-11-25,87.14369201660156,87.70061405377665,85.89306059658392,86.16663528791888,252000
2019-11-26,88.296630859375,88.36502454119766,87.0166813076191,87.10462030102094,182900
2019-11-27,88.2575454711914,88.6385970395287,87.89603175958975,88.45295385595595,112100
2019-11-29,86.8896484375,88.09143140043882,86.82125476997345,87.97418191852873,59300
2019-12-02,85.39476013183594,87.30001778338926,85.17980645743478,87.15345778226563,221100
2019-12-03,84.22229766845703,84.60334924442414,83.55789871086142,84.60334924442414,218500
2019-12-04,84.84761810302734,85.63903926551204,84.57404336215959,84.95509495899005,235000
2019-12-05,84.49586486816406,85.88328356310822,84.34930487546413,85.27750573864557,266900
2019-12-06,85.27752685546875,86.18619008999475,85.19936051275941,85.49248057074306,185800
2019-12-09,84.80853271484375,85.46315897788664,84.62288953856076,84.83784322597228,133600
2019-12-10,84.45677947998047,84.80852047144712,83.92916799278049,84.71080884265585,198100
2019-12-11,85.99075317382812,86.91895395907223,84.25159362417482,84.73034926940123,413900
2019-12-12,86.29365539550781,87.29025004140323,85.32637126061641,86.2154890632626,312500
2019-12-13,85.74649810791016,86.64538848316668,85.43384026197958,86.40112430808496,236300
2019-12-16,85.82467651367188,86.73333974997597,85.80513865513268,86.32297763147805,300500
2019-12-17,86.55744934082031,86.74309249892505,85.5022337717618,86.19594313316502,194200
2019-12-18,85.44361877441406,86.93852202048292,85.1798167041385,86.93852202048292,275700
2019-12-19,85.36546325683594,85.83444639011479,84.76945795693166,85.43385694103712,186800
2019-12-20,86.7919692993164,86.9580671891724,85.76605653612998,85.76605653612998,783300
2019-12-23,86.3620376586914,87.02643648626272,85.9809861572969,86.86033864295759,123600
2019-12-24,85.84422302246094,86.48907672417646,85.7562840219276,86.48907672417646,49100
2019-12-26,85.54131317138672,86.21547719472814,85.24819319299431,85.9614478314288,215600
2019-12-27,85.10163879394531,85.98099133253466,84.94531359505787,85.75626500709191,111900
2019-12-30,84.84761810302734,85.3459192120951,84.39817282097995,85.03326130048158,158800
2019-12-31,84.32000732421875,85.15050413799615,84.20275782117233,84.69128623567104,197200
2020-01-02,84.56427001953125,85.16027527091178,83.65560688663568,85.16027527091178,185300
2020-01-03,84.66195678710938,84.98438725760481,83.05958454230526,83.33315920053762,180900
2020-01-06,83.97802734375,84.20275368329082,83.35271160026899,83.87055050149372,267800
2020-01-07,83.29408264160156,83.90962567139837,82.56129012569305,83.67513415352592,199800
2020-01-08,82.84465026855469,83.7630860825544,82.76648393239469,83.11822499076257,214700
2020-01-09,84.51541137695312,84.79875873736337,82.96189467655225,83.20615887128334,214800
2020-01-10,84.02688598632812,85.12119230134466,83.56766809114839,84.39816489200335,225000
2020-01-13,84.53494262695312,84.63265426069157,83.9389448963848,84.02687642152812,138100
2020-01-14,83.78260040283203,84.69126330595803,83.56764676595384,84.27112868506428,190200
2020-01-15,84.01710510253906,84.90623029410222,83.44064521694631,83.57743256113277,211400
2020-01-16,84.6528091430664,85.65033952011267,84.41809918547112,84.63325308880638,373500
2020-01-17,85.23958587646484,85.76768135778758,84.15404218241241,84.93641110898645,337400
2020-01-21,84.67233276367188,85.0928586144263,84.34960206072955,84.97549996027686,534800
2020-01-22,84.848388671875,85.47428673118333,84.63323481499525,84.85816296624705,202900
2020-01-23,84.74080657958984,85.14176900191954,83.25429318334608,84.51587098075152,256400
2020-01-24,84.32027435302734,85.16132615518391,83.75305198203013,84.70168069804109,310400
2020-01-27,83.46945190429688,84.25182820711821,82.63818174585758,82.65773779584609,276300
2020-01-28,84.01712799072266,84.59412479809768,83.4010041562712,84.02690228619751,271900
2020-01-29,82.7261962890625,84.47675750795673,82.65773892123059,84.22249154817736,316700
2020-01-30,83.48902130126953,83.58681648069307,81.35705356014302,82.11986640545815,178900
2020-01-31,80.35951232910156,83.22495471555436,80.07590112469511,82.84354834511294,298900
2020-02-03,80.90718078613281,82.31544762837949,80.613787819131,80.89739903088793,345800
2020-02-04,81.27880096435547,82.27632356725844,80.79959944167707,82.08073324082027,171700
2020-02-05,83.65525817871094,83.71393378311278,82.06117541502327,82.3838987005259,356100
2020-02-06,83.9388656616211,84.34960979687837,82.9706734639961,84.30070848784156,207600
2020-02-07,82.58927917480469,83.63570317369428,82.4230266379001,83.63570317369428,204900
2020-02-10,84.56478881835938,84.80928051381603,82.16876572610738,82.54039787842994,262800
2020-02-11,84.63323974609375,86.2077667417688,84.37896631303047,85.24935608563422,241400
2020-02-12,85.57209014892578,86.06107352120536,84.3398499616189,85.327598462786,395200
2020-02-13,85.77745819091797,86.03173162157414,84.77015368572987,85.08310273065524,262600
2020-02-14,85.532958984375,86.0219422903419,85.00485611857557,86.0219422903419,174300
2020-02-18,84.51588439941406,85.57209027581472,84.22249885238776,85.12222646800572,260500
2020-02-19,86.48160552978516,87.05860236775179,84.90707836472093,84.99509925772114,273500
2020-02-20,87.33243560791016,87.45956860203502,85.43517768514052,85.99261844598699,434700
2020-02-21,87.7333755493164,88.42773088265061,86.83364814228834,87.14659713000647,500400
2020-02-24,82.47191619873047,88.838472700147,82.36433928752753,85.4351534806299,426600
2020-02-25,78.74585723876953,82.88265870861028,78.70674514572904,82.88265870861028,323200
2020-02-26,77.37671661376953,79.90964641294502,77.37671661376953,79.4793387405969,492000
2020-02-27,76.66281127929688,78.92191203537489,70.16911279649673,72.95631648152037,810600
2020-02-28,75.22518157958984,76.11513467826148,72.30106382635442,73.64088062080903,792300
2020-03-02,77.80702209472656,77.91459902009981,73.91471911568883,75.41100685423461,527200
2020-03-03,76.19338989257812,79.94877847435619,75.72396258920894,78.68720052417622,520800
2020-03-04,78.81432342529297,79.75317791189637,76.80949640481393,77.31803574553895,472300
2020-03-05,76.11515045166016,77.95372517125524,75.56748402310264,76.58457029180221,332700
2020-03-06,75.25453186035156,75.64572001847054,73.37683765493273,73.66044888303665,444800
2020-03-09,68.32075500488281,71.24487338064836,67.80243384203038,68.63370405384809,521900
2020-03-10,67.48946380615234,70.40379951939018,64.62402193646777,69.79746512254701,968200
2020-03-11,65.77802276611328,66.9809172709992,64.58490255318857,65.3868347102097,609500
2020-03-12,53.7294807434082,61.70968761684994,53.621907556992596,61.064229845124736,919500
2020-03-13,61.465206146240234,61.47498790248899,54.31627189364062,56.634051948554195,797500
2020-03-16,51.41170883178711,59.50927186849899,51.02052066172551,59.50927186849899,649300
2020-03-17,47.274906158447266,52.58526515838993,44.15519401018056,52.58526515838993,1304200
2020-03-18,47.70521545410156,54.61943987276161,40.927905779470905,43.72489119828953,1124900
2020-03-19,49.758934020996094,50.736900471004255,46.43384659870997,47.431372825395805,891700
2020-03-20,48.526702880859375,51.5192820959568,48.38001012551868,49.52422928589185,1183800
2020-03-23,49.99365234375,50.4630758715497,47.49006019548494,48.45824505574476,750700
2020-03-24,51.754005432128906,53.220955750236605,49.44600673205009,51.94959955400611,604800
2020-03-25,53.279624938964844,55.51916955927258,51.558405202320046,51.665982135356636,486000
2020-03-26,60.41877746582031,60.7904058313897,53.837062465467945,53.837062465467945,390600
2020-03-27,56.58514404296875,59.52882165783865,56.49712690601138,58.423722164608165,672300
2020-03-30,57.836952209472656,58.296597769512324,55.19644127434738,56.604715762759284,618800
2020-03-31,59.96891784667969,60.88820520319709,57.65113780835212,57.69025737177335,502100
2020-04-01,55.352909088134766,58.37482608706762,54.52163895506947,57.37729968900131,529800
2020-04-02,57.406646728515625,58.61932336197955,55.20622162697612,55.2551192164365,309900
2020-04-03,54.834590911865234,57.60223837985761,53.475217836888206,56.90787920856953,458000
2020-04-06,57.719581604003906,59.72441212474134,56.85897006437783,57.11324343616659,700200
2020-04-07,58.59976577758789,61.67058450152599,57.92497006417682,60.37966869199788,501700
2020-04-08,59.01051330566406,60.272091297005524,58.14990152893729,59.636411423048244,516600
2020-04-09,61.95418167114258,62.52140408118631,59.17675642035304,60.340539044185356,378700
2020-04-13,59.54838562011719,61.631455520705,58.775791111501285,61.533656622410675,266400
2020-04-14,60.741519927978516,61.817281940214535,59.5875187792503,60.956673822684664,234300
2020-04-15,57.621795654296875,59.1376470101613,57.220829460134205,58.3259328657618,341800
2020-04-16,57.87641906738281,58.56192733386968,56.8383672146668,57.84704136912693,590800
2020-04-17,61.99925231933594,62.14614452816784,58.92425868915285,59.52163005127211,266800
2020-04-20,59.805633544921875,61.22561413607232,59.71749671552028,60.40300497356389,321600
2020-04-21,59.81541442871094,60.745742841638815,57.68054838745768,57.9939228764748,683500
2020-04-22,60.12881088256836,61.558582977964456,59.883986740107936,61.36272291685212,530100
2020-04-23,61.303951263427734,62.84144626536274,60.628238113033866,60.628238113033866,268100
2020-04-24,61.67607879638672,62.655375068928365,60.412785708235475,61.54876923495504,218700
2020-04-27,62.3126220703125,63.203781517491066,61.69566438050619,61.69566438050619,470100
2020-04-28,65.83809661865234,66.48442832176278,63.899086566444666,64.33976693350004,329900
2020-04-29,68.39405822753906,70.4212089848085,66.59215640521788,68.10027378508516,452800
2020-04-30,62.214691162109375,66.83697077604381,62.11676302888621,65.83809186286737,742000
2020-05-01,58.39543533325195,60.70657503742194,56.62290780929004,60.07982231122708,657500
2020-05-04,58.24855041503906,58.7969577532313,56.70126401928001,57.18111717144377,487700
2020-05-05,58.806739807128906,60.3736160683243,58.65984760920728,59.3355606853718,422300
2020-05-06,56.955867767333984,59.061356125807116,56.89710864952127,58.845909762879096,301900
2020-05-07,58.79695129394531,59.12011713336901,57.57283090759095,57.964547189792974,230300
2020-05-08,61.23540115356445,61.392088424187484,59.62935569574856,60.158176634995996,240900
2020-05-11,58.111446380615234,60.34424089477569,58.06248230956629,60.34424089477569,559100
2020-05-12,55.22251892089844,58.37585426865934,55.085418033729525,58.366059213450704,545900
2020-05-13,54.762245178222656,54.88955473828468,53.52833353181153,54.60555792573047,668300
2020-05-14,55.24210739135742,55.31065783754252,51.85374289010834,53.42061556822377,505200
2020-05-15,55.81988525390625,56.26056930568608,54.086530474051344,54.96789857761101,1026000
2020-05-18,60.67720413208008,61.294161910942215,58.31709995421619,58.31709995421619,641700
2020-05-19,60.27568435668945,61.166843808308435,60.236511609521436,60.35402985102548,363700
2020-05-20,60.67720413208008,63.07648479829055,60.34424320618678,61.62712283683551,517500
2020-05-21,62.35178756713867,62.909986105023165,60.67719195348519,60.67719195348519,453600
2020-05-22,60.77513885498047,62.50849401472209,60.28549063140553,62.28325254444447,341500
2020-05-26,63.8795051574707,64.23204497504307,62.91979143262197,63.54654050832134,404300
2020-05-27,67.41476440429688,67.89462504688503,65.27990530407936,65.50513930481836,346000
2020-05-28,63.98720932006836,68.3450818383345,63.56611913192343,68.28632645793044,479900
2020-05-29,62.23427963256836,63.409435949431334,61.89152741902117,62.68475877344045,426200
2020-06-01,63.45842361450195,64.21247872030843,62.19512634937808,62.704361037255254,301900
2020-06-02,64.46707916259766,65.27010185391104,63.8892904430586,64.32997827418596,255700
2020-06-03,66.69988250732422,67.48332266412312,65.37783378023525,65.9849928038873,317000
2020-06-04,66.95446014404297,67.27762209716904,65.56385435481023,66.08288743278668,302100
2020-06-05,69.15791320800781,71.48863590817287,68.8543262489155,69.92176319077457,514400
2020-06-08,70.2645034790039,71.55717418491695,70.07843480715431,70.59746060606403,422700
2020-06-09,68.60948181152344,69.67691843690147,67.7477039403199,68.33528010120577,405700
2020-06-10,67.12095642089844,68.63886091181404,66.73903153488871,68.1002525330129,423800
2020-06-11,61.59773254394531,64.28100204297732,61.57814617163694,63.77177130583376,546400
2020-06-12,61.49002456665039,64.22226253981992,59.7762557910072,64.21246748338477,419600
2020-06-15,61.842552185058594,62.60640197203257,59.071142340371736,59.286588684684716,388400
2020-06-16,63.83054733276367,65.75976266837188,63.42903217415142,64.91756706529988,318700
2020-06-17,61.67607879638672,64.31038442466497,61.450841101988395,64.00680497103711,299700
2020-06-18,61.1766357421875,61.87193515821625,60.5988508259493,60.93181168845468,318400
2020-06-19,60.726165771484375,62.34200626327375,60.34424078797176,61.91111720879886,760000
2020-06-22,62.2636604309082,62.49868945046685,59.28659878789339,60.54009685412324,460600
2020-06-23,62.35178756713867,63.1450225736124,61.049325557314376,63.1450225736124,391500
2020-06-24,59.84480285644531,61.8327733282582,59.49225555912063,61.401884262483165,367300
2020-06-25,61.67607879638672,61.70545648913295,59.031978113380504,59.30618360998096,479100
2020-06-26,62.3126220703125,63.12543602354541,59.77624460746294,60.97098350438399,1424900
2020-06-29,63.918663024902344,63.9872134636251,62.37137689066455,63.40943226173863,331300
2020-06-30,64.77067565917969,65.12322302817523,63.42903664542218,63.48779952121479,298300
2020-07-01,63.34089279174805,65.00569371841549,63.02751823597163,64.74128697225113,303800
2020-07-02,63.497554779052734,65.47573706142208,63.31149360285245,64.92733364283393,244100
2020-07-06,63.977439880371094,65.00569668622012,63.30172292835666,64.80984038170767,290200
2020-07-07,61.38228988647461,63.38005515379918,61.343117139495206,63.13523108875603,251300
2020-07-08,59.9916877746582,61.627114485901345,59.26701062784915,61.078707230590574,282800
2020-07-09,58.03310012817383,59.766455118077495,57.504282937674375,59.70769972786596,378700
2020-07-10,59.198463439941406,59.51183796427157,57.99392941160004,58.36605932441773,227800
2020-07-13,59.56079864501953,61.02974304514803,58.63046644446105,59.96230996495923,216000
2020-07-14,60.804508209228516,60.90243634621779,59.02218921884726,59.24742692249775,246000
2020-07-15,63.174415588378906,64.11453927646785,62.12656495819624,62.616213179374164,317600
2020-07-16,62.723934173583984,63.62488502197211,62.283246333449334,62.77289450819569,231800
2020-07-17,62.61606216430664,63.85152053159919,62.58664773569165,62.74353092228861,194300
2020-07-20,61.243343353271484,62.55724169847299,60.94918778890507,62.066981177731996,181300
2020-07-21,61.95911407470703,62.92983140756592,61.743402021042016,62.11599726845903,481700
2020-07-22,62.29249572753906,62.419964500335304,61.23353503003596,61.40022179874666,239300
2020-07-23,62.96906280517578,63.812311503655394,61.98854175864432,61.98854175864432,333200
2020-07-24,62.29249572753906,63.47892519783841,62.16503069513347,62.969057587434726,290600
2020-07-27,63.23379898071289,63.42990767471872,61.42964388054985,61.95912239280206,229400
2020-07-28,63.469120025634766,64.49866246395142,62.998466710418114,62.998466710418114,396200
2020-07-29,69.2051773071289,69.49932913282132,64.0182200697197,64.02802737481069,634300
2020-07-30,67.85205078125,68.32270415677237,66.87152977296152,67.78341460990107,470800
2020-07-31,67.16568756103516,67.46964667293577,66.25380274455189,67.10685869570767,561900
2020-08-03,69.74445343017578,70.71517457005719,68.22465042544832,69.58757396604567,581600
2020-08-04,71.34270477294922,71.83296523665408,69.34244118333969,70.0190030171023,487100
2020-08-05,72.16634368896484,72.68601861905222,71.08777209132178,72.39186680921222,434100
2020-08-06,71.3525161743164,72.8134979793903,71.07797146701672,72.24479395382257,295500
2020-08-07,73.15669250488281,73.19591425335096,70.89169076652836,70.91129790037063,371100
2020-08-10,75.02947998046875,75.91195056895172,73.4312330952263,73.76461419789018,334200
2020-08-11,75.15692901611328,76.82381156566561,74.76471915716543,76.24530782132268,287800
2020-08-12,75.55895233154297,76.72577481523518,75.17654970728425,76.00019130776764,265800
2020-08-13,74.85295104980469,75.47068391483621,74.21561854194252,74.87256565419473,209200
2020-08-14,74.21564483642578,74.96083549011395,73.97051456015885,74.10778691640574,249000
2020-08-17,74.44115447998047,74.9216151687636,74.15680248481752,74.47056891382806,298300
2020-08-18,73.88223266601562,74.48035088675964,73.75476766910168,74.23522071369338,339100
2020-08-19,73.82341003417969,74.41172100291801,73.05860502674187,74.05873292551905,209100
2020-08-20,72.73504638671875,73.94109048019851,72.56835961598505,72.72523908232813,326500
2020-08-21,72.1369400024414,72.69583675325704,71.83298084275754,72.18596905177611,258100
2020-08-24,73.11744689941406,73.42140599988593,72.11731882254396,72.87231666205773,281800
2020-08-25,72.68602752685547,73.72538499518686,72.3722610694379,73.72538499518686,257400
2020-08-26,72.30361938476562,72.92135242757874,71.90160964842899,72.46050634191874,191400
2020-08-27,73.5390625,74.07835195064544,72.48009820461273,72.9213370680809,258400
2020-08-28,74.47055053710938,74.52938687106756,73.58808781631554,74.12736975893623,251900
2020-08-31,73.54888153076172,74.76472546335017,73.49004518444931,73.73517543187013,306500
2020-09-01,74.4509506225586,74.56861582108937,71.98004129965739,73.01939103728034,340100
2020-09-02,75.15692901611328,75.33342307860077,74.17640810913406,74.48036719644774,279300
2020-09-03,71.64667510986328,75.49031595309128,71.2348580511136,75.49031595309128,433200
2020-09-04,71.0877685546875,73.10763930873624,70.80341658277501,73.0880321813683,329100
2020-09-08,69.43069458007812,70.83284000955538,69.26400779354847,70.27394329882848,272600
2020-09-09,69.52874755859375,70.7740059345034,68.99926532198272,69.94056458236405,270600
2020-09-10,68.0579605102539,69.87192271242701,67.64613603929375,69.79347924359833,307000
2020-09-11,67.19512939453125,68.2344796699775,66.84214109706186,68.2344796699775,247300
2020-09-14,68.54823303222656,68.76394138829394,67.13628026796158,67.76381316746107,248700
2020-09-15,68.27366638183594,69.30321630117194,68.19523039659886,68.98944991788164,164000
2020-09-16,68.63645935058594,69.39145711189902,68.35210740701129,68.5286014588583,352300
2020-09-17,69.24440002441406,69.86212559979387,67.28335790231459,67.82263999742273,298500
2020-09-18,67.53827667236328,69.66601270361924,66.7048354063152,69.51893307295646,844000
2020-09-21,64.00841522216797,66.01848643842602,63.16516649073327,66.01848643842602,305300
2020-09-22,64.95951080322266,65.05756139884492,63.04749800585527,64.30256358369446,348300
2020-09-23,65.11640930175781,68.08738701319399,64.63594858057905,64.95952233628338,408300
2020-09-24,65.48900604248047,65.94985216256855,64.27316195684,65.45959160601228,225300
2020-09-25,65.15563201904297,65.43998407028539,64.54771365088206,64.77322934204393,168500
2020-09-28,66.94017791748047,67.30297344851955,65.94004960168346,66.17537259114458,237000
2020-09-29,66.17536163330078,66.89114527039787,65.18504078794489,66.72445849216352,215000
2020-09-30,66.39106750488281,67.61671859782656,66.29301691360344,66.44989636349432,309800
2020-10-01,66.7833023071289,66.99901817702307,65.69492313141444,66.54797930396408,251200
2020-10-02,67.79322814941406,68.28348869864661,65.74394264439752,65.74394264439752,157000
2020-10-05,69.41109466552734,69.87194081330557,68.53843142088542,68.7933690202318,394300
2020-10-06,69.47970581054688,71.85256439637956,69.15613214499328,70.25431815500238,266800
2020-10-07,69.60719299316406,71.35251940937104,69.40128445335361,70.22492609337797,304800
2020-10-08,70.2445297241211,70.84264818267266,69.41108830048138,70.31316590063773,231300
2020-10-09,70.15628814697266,71.11719464189339,69.26401034947818,71.11719464189339,184200
2020-10-12,72.17616271972656,72.57817250272211,70.31317103160696,70.31317103160696,170900
2020-10-13,70.58773040771484,71.77416035219082,70.50929438453767,71.20546365043097,165400
2020-10-14,69.89154815673828,71.37213722560037,69.85232641204452,70.89168394447188,107000
2020-10-15,70.21546936035156,70.45105670744567,68.51726631165087,68.73321701112822,185600
2020-10-16,69.9798812866211,70.8829723487602,69.82281806406473,70.10748953805815,159600
2020-10-19,69.75410461425781,71.56029422352182,69.25348244419374,70.53940574683985,213800
2020-10-20,70.18602752685547,71.03022370183795,69.89153770239653,70.48051735131442,270300
2020-10-21,69.64613342285156,70.6768403401538,69.56760929203388,70.1271339784926,235400
2020-10-22,69.1749496459961,69.94061411807145,68.44855097879466,69.8620825083236,270700
2020-10-23,69.37127685546875,69.96024899838022,68.89028381249622,69.95043816324913,196000
2020-10-26,67.83011627197266,68.85100461612504,67.58471063604715,68.40927746713339,226400
2020-10-27,65.32699584960938,67.68288441647822,65.07177184216332,67.43747873333045,329400
2020-10-28,62.79440689086914,63.952722005463464,62.51954998165782,63.726945483563384,441100
2020-10-29,65.10122680664062,66.66201102518711,63.226331066325095,63.226331066325095,431900
2020-10-30,66.93685150146484,67.00556478801477,64.97360618382515,64.97360618382515,304000
2020-11-02,69.46943664550781,69.52833910139428,67.81049934024813,67.85957598276867,288100
2020-11-03,70.94187927246094,71.51122231643124,70.22529879400513,70.75537602571667,458700
2020-11-04,70.08785247802734,71.40322311730016,66.69143930962238,69.47924379301683,481600
2020-11-05,72.46337890625,72.87565859443794,70.14674900711879,70.14674900711879,403500
2020-11-06,71.9431381225586,73.03274006319288,71.71736157637466,72.6400894332835,380400
2020-11-09,76.21317291259766,78.76539000222195,75.41806105688944,77.116263846141,419100
2020-11-10,80.04151916503906,80.15931659001522,77.28316166056834,77.49911237257722,438300
2020-11-11,78.89303588867188,80.49307853415765,76.22302037804917,80.49307853415765,307500
2020-11-12,77.71507263183594,78.11754156093903,76.28190429134818,77.76415676583932,353900
2020-11-13,79.65868377685547,80.1004109971457,78.40220791638053,78.5003686887576,240800
2020-11-16,83.33977508544922,83.39867005540225,80.75810239442558,81.73972516930911,319500
2020-11-17,83.72261047363281,83.9778345015408,82.09311301208119,82.64282687905127,447400
2020-11-18,83.43794250488281,84.46864949620657,82.82933363991597,84.36067038324168,337400
2020-11-19,84.8514633178711,85.46006456101607,82.69188901840218,83.17288950376137,396000
2020-11-20,84.19377136230469,84.2330371669917,82.80968732072338,83.7814916468708,298100
2020-11-23,85.38156127929688,86.33372918065898,84.94964481615531,84.99872146657435,335700
2020-11-24,86.74600982666016,87.43314279331832,85.56805796914776,86.38280669331932,291400
2020-11-25,86.39263153076172,86.73619803998947,85.48953279183533,86.62821892434815,285000
2020-11-27,86.431884765625,86.68710128437208,85.91161842543953,86.431884765625,83100
2020-11-30,84.59624481201172,86.66746931369084,84.22323088112051,86.28463705880104,618400
2020-12-01,85.72510528564453,86.67728042624334,84.51770616662455,85.76437108918519,285300
2020-12-02,84.41956329345703,86.08831910707116,84.37047915633221,85.69567596682396,238300
2020-12-03,84.0367202758789,84.74348982092204,83.63425137249,84.28212595184183,285500
2020-12-04,86.59874725341797,86.83433458121615,84.36064891636994,84.78274693531749,201300
2020-12-07,86.01959991455078,86.57912458917107,85.136145420341,86.57912458917107,231600
2020-12-08,87.11902618408203,87.21718696926878,85.16559884887072,85.40118623115647,239400
2020-12-09,88.70925903320312,88.9252097677822,87.76690200246436,88.05156603649769,325800
2020-12-10,88.04176330566406,88.28716903904883,87.1386645150247,87.93378418383966,227000
2020-12-11,88.34603881835938,88.48346539071967,87.47239525584607,87.47239525584607,280300
2020-12-14,87.15827941894531,89.32766466203518,86.9226920706551,89.32766466203518,377600
2020-12-15,87.82577514648438,87.86504094915372,86.69690765959555,87.85522262618986,308100
2020-12-16,88.63072967529297,88.97429618135175,87.41351941560409,88.1693657289334,254600
2020-12-17,88.64053344726562,88.86630247595514,87.81596647892015,88.66016260616549,345300
2020-12-18,88.08101654052734,89.22951341131561,88.01230324456192,88.99392603788951,1127100
2020-12-21,87.83560180664062,88.12026579693749,85.86253809804661,86.42206273311814,232600
2020-12-22,88.38529968261719,88.76813189696216,87.09937647490386,88.15952318968206,271500
2020-12-23,90.17186737060547,90.79028701355776,88.68961490541051,89.1902446101932,224600
2020-12-24,90.52527618408203,90.71178695459034,89.83813557595049,90.71178695459034,50500
2020-12-28,90.36819458007812,91.9289787611473,90.29948128211834,91.27129326793393,164000
2020-12-29,89.35712432861328,90.46636291105278,88.88594956778635,90.46636291105278,181600
2020-12-30,90.31910705566406,91.07495324219765,89.63196666962845,90.16204382827756,170600
2020-12-31,89.77921295166016,90.48598250737881,89.77921295166016,90.48598250737881,197800
2021-01-04,87.60001373291016,90.70194527508035,86.63802761406615,90.47616874316294,253900
2021-01-05,89.73013305664062,90.3583709746873,87.56074033651352,87.60000614253978,293500
2021-01-06,97.45550537109375,98.19172243321123,91.35962899546354,91.66392965126552,432700
2021-01-07,99.26171112060547,99.46785103251544,96.73894054743805,97.73037429197812,195200
2021-01-08,97.21992492675781,99.46784208176332,96.0223438888853,99.43839459545298,199800
2021-01-11,96.19904327392578,96.78801551041828,95.50209192033769,95.7278609912188,163800
2021-01-12,97.38678741455078,97.52421399376334,96.24810897404868,97.06285012532683,242000
2021-01-13,96.45425415039062,97.52421936016272,96.03215606552932,96.8567155861771,181600
2021-01-14,97.35734558105469,98.00521270790921,96.28737287888518,97.23954815381418,126800
2021-01-15,96.423583984375,97.30820553449199,94.58554490142775,95.91247347709468,183100
2021-01-19,96.45306396484375,97.88811327723278,95.95178470094515,97.21974092536797,252100
2021-01-20,97.20993041992188,97.78002078160402,96.27616017254218,96.67915741066797,201500
2021-01-21,93.22911834716797,97.35734955566899,93.21928713623116,96.34494480164643,310200
2021-01-22,95.60774993896484,95.6863846189495,92.46243772973698,92.46243772973698,271100
2021-01-25,92.50175476074219,95.2932183997305,91.292770931818,94.90988370985558,372600
2021-01-26,92.2855224609375,93.37655438046212,91.7842357008546,93.17014394960836,198500
2021-01-27,87.09574127197266,90.38849150731652,86.27009216128354,90.20173602414559,270500
2021-01-28,89.58251953125,90.3098716656384,87.82310771371606,88.56029105910095,250300
2021-01-29,86.79105377197266,89.33678994028645,86.3782254076646,88.93380028579242,252500
2021-02-01,89.24833679199219,89.60218541135474,85.86711998431328,88.11798745230725,270400
2021-02-02,90.62439727783203,90.87012504431098,88.90430291247934,90.68337704111806,108500
2021-02-03,90.5850830078125,90.77183100187982,88.90429856809506,90.20174081174267,143400
2021-02-04,91.67611694335938,91.83338632222554,90.17226412828109,90.65389597679619,189800
2021-02-05,92.53124237060547,93.24877071126537,92.18722501509015,93.08167013942999,156100
2021-02-08,94.15304565429688,94.65433236436427,92.87525835381635,93.12098610398446,195000
2021-02-09,93.53382873535156,94.55604973332946,92.74749681488876,94.55604973332946,147600
2021-02-10,93.88766479492188,94.6739966730418,92.64920221055533,94.3201480777895,177400
2021-02-11,92.97355651855469,94.36929596733337,91.35175921726217,94.28083006963539,223900
2021-02-12,91.85304260253906,92.81629881478815,91.50902520495612,92.26587097865544,161400
2021-02-16,92.0594482421875,92.63936213507043,91.48935806005404,92.06927195293696,217500
2021-02-17,90.50645446777344,91.97098988407114,90.2705504081827,90.88978919083783,172300
2021-02-18,88.87481689453125,90.25089388838465,88.1081474619745,90.25089388838465,246100
2021-02-19,90.68339538574219,90.87997463908545,89.06159029909786,89.37612160385778,228600
2021-02-22,91.84322357177734,92.50177226629084,88.9632934983339,90.07398043829026,226700
2021-02-23,93.46501159667969,94.08425038041884,91.08636856759915,91.77441082741859,211500
2021-02-24,97.0329818725586,97.121440269187,92.95389943888406,93.96629663949625,242900
2021-02-25,98.29109191894531,102.22273559570313,96.3056151617493,98.29109191894531,582700
2021-02-26,95.7060546875,98.85136714810841,95.45049570663294,98.29110813171827,415300
2021-03-01,99.8441162109375,100.54198222611683,96.92486890161275,98.0650419337735,396100
2021-03-02,98.33043670654297,99.69668266571053,97.19025612245123,99.69668266571053,320300
2021-03-03,100.01119995117188,102.63557067101121,99.0676062372639,99.0676062372639,244500
2021-03-04,98.56631469726562,100.48299566256426,97.937252251972,99.47059102499821,315200
2021-03-05,102.6945571899414,103.35310584104407,98.95949193168788,100.00137531994085,320900
2021-03-08,105.23046112060547,106.7736312645721,102.90096658742345,103.84456035389191,213600
2021-03-09,105.495849609375,106.85226422061383,104.58174199120938,106.31166761785953,237400
2021-03-10,109.92876434326172,110.39073372026012,105.39755146216807,105.79070986904541,400100
2021-03-11,110.56766510009766,111.52109004590729,108.92620539907305,110.4202269385469,296700
2021-03-12,113.32965087890625,113.61468849386543,110.88219688274143,111.32451136953797,264000
2021-03-15,111.98307037353516,112.77922602493011,110.19417233650026,112.73008496563173,226900
2021-03-16,110.54801177978516,111.66852982537938,108.81808615715931,110.96083263889534,174400
2021-03-17,111.66852569580078,111.76681530161841,108.55269944738284,110.94117361393083,242400
2021-03-18,111.19673919677734,112.46469552003416,110.88220791884662,111.72751213435116,346300
2021-03-19,110.93135070800781,111.75699245750324,108.56253128568612,110.84288480683799,803600
2021-03-22,107.91381072998047,111.56041001654228,107.18645861461928,111.56041001654228,198100
2021-03-23,103.24501037597656,107.58947679674083,102.85184433132862,106.60656543463026,333800
2021-03-24,104.46377563476562,106.83259464802477,104.17873055646791,104.88642764754974,295300
2021-03-25,107.72706604003906,108.39544595612286,103.0582378391791,103.77576631487888,245900
2021-03-26,110.21382141113281,110.4792116135244,107.99244767468635,109.11296575385435,201900
2021-03-29,108.36593627929688,111.86509699212247,107.31422182353099,109.76166808059071,220600
2021-03-30,110.97065734863281,111.39330939363329,108.31679305478704,108.97534914747341,197100
2021-03-31,110.24331665039062,112.60229737837106,109.59459170088421,111.61938624204026,278000
2021-04-01,111.71766662597656,111.7569764664086,110.03688223540134,110.862531365773,215800
2021-04-05,112.29759979248047,113.89974228024566,111.67836846263633,113.27067973909755,212800
2021-04-06,112.65144348144531,113.80144768614325,112.05186710141989,112.4352018363192,298300
2021-04-07,112.29759979248047,113.17239012310884,111.41297825054812,112.46469288956297,230700
2021-04-08,113.45743560791016,113.64419112817527,110.72494378032414,112.17964809907407,226700
2021-04-09,115.00060272216797,115.47240336623658,113.03478045341296,113.58520828897898,256900
2021-04-12,116.50444793701172,116.8976138648479,115.4723958128351,115.89504787293114,221700
2021-04-13,115.29547882080078,116.24889631997753,114.11598096260609,116.09163443829499,216900
2021-04-14,116.28819274902344,117.34973838075913,115.44288872734674,115.44288872734674,203700
2021-04-15,116.84909057617188,116.98684890342777,115.53054444178939,116.98684890342777,185700
2021-04-16,118.01021575927734,119.03356881621826,117.321424041753,117.56742215619265,253800
2021-04-19,117.78388214111328,118.10860142069775,116.7408526449199,118.10860142069775,297000
2021-04-20,116.140625,118.17748902434212,114.99919768804232,117.5378924451056,217600
2021-04-21,117.39028930664062,118.14796010615848,116.04221709659731,116.04221709659731,251000
2021-04-22,116.98685455322266,118.65963861198216,116.47518181402782,118.0790867058329,288800
2021-04-23,119.0237045288086,119.9289756188912,116.80972191292912,117.3312366168405,246900
2021-04-26,118.81706237792969,120.44065106715563,118.71866465588128,119.82073115444729,198700
2021-04-27,118.73834228515625,119.97817461466617,118.26603021209107,119.70265798750064,170800
2021-04-28,118.63996887207031,119.33860260761182,117.50837605811624,118.49236850376907,185400
2021-04-29,119.66332244873047,120.09628152906899,117.31158109374009,119.53540613284255,221900
2021-04-30,117.88227081298828,119.97817153637857,116.6522805395108,118.63994151825388,571100
2021-05-03,118.59076690673828,120.23404000564452,118.17749187900854,118.90564419080854,596800
2021-05-04,118.7777099609375,119.10242922258013,117.47884042163248,118.19715810581779,578600
2021-05-05,120.3914566040039,120.54889897575349,117.56740350295163,118.6989886440234,385200
2021-05-06,122.11345672607422,122.53657376317257,120.33243286416233,121.34594384651587,232100
2021-05-07,123.30408477783203,123.79608097598125,120.08643294513327,121.33609998523515,174300
2021-05-10,122.3692855834961,125.29174397667578,122.27088785289476,123.57959193369707,204800
2021-05-11,122.18231201171875,122.84158499659853,120.09625331242576,120.5784073976236,235900
2021-05-12,117.60674285888672,122.94982073330809,117.42962396497855,121.78870965263549,267100
2021-05-13,121.20817565917969,122.13313085284548,116.74084957459813,117.30172490309926,308800
2021-05-14,122.78255462646484,122.86127581005023,120.1651390840055,121.91664412882139,211900
2021-05-17,123.19583129882812,123.32375510075613,120.77521117428252,121.52304741425067,147200
2021-05-18,119.9388198852539,123.57958836317135,119.83058013254008,123.09743424206957,177100
2021-05-19,119.49603271484375,119.72234675000314,117.13444958666096,118.16763704399568,244200
2021-05-20,119.84042358398438,120.23402200696835,118.42347226414827,119.53538837212291,201600
2021-05-21,119.99787139892578,121.9068190766881,119.72235472528304,121.32626715826464,178400
2021-05-24,120.95233154296875,121.74937040978054,119.79122033032245,120.49969598648161,134500
2021-05-25,119.3582534790039,121.72967070999468,119.30905086749296,120.7948811494026,176900
2021-05-26,121.3656234741211,121.56242646571565,119.44684122648985,119.52556242312768,187100
2021-05-27,123.29425048828125,123.6091277553914,121.4738585459324,122.96953119515528,254400
2021-05-28,124.09124755859375,124.30772702738555,122.51686165910438,123.88461011309178,253600
2021-06-01,125.70500946044922,126.16748701735654,124.28805822350172,124.96701527574992,266400
2021-06-02,124.03223419189453,126.07894000691154,123.44183279763784,126.07894000691154,382600
2021-06-03,123.72718811035156,124.02238879946509,121.20817025704018,123.39263433613725,190000
2021-06-04,125.3409423828125,125.76405939205848,123.42216031022357,124.36679206190318,387100
2021-06-07,126.14781188964844,126.23636759458786,123.77639431221705,125.331103973011,368600
2021-06-08,127.00389099121094,127.37779784833256,124.61278193940231,126.4430081837325,370200
2021-06-09,125.70500946044922,127.20068187884159,125.62628827900434,126.87596263583028,254100
2021-06-10,122.69398498535156,126.718509321271,122.53654263606879,126.33475297897478,201900
2021-06-11,124.69151306152344,124.78991079607117,122.99904500114512,123.55007832042516,222900
2021-06-14,122.79239654541016,124.65214133923696,122.30040040932339,124.65214133923696,253600
2021-06-15,124.19950866699219,124.68166278947265,122.32007978019203,123.09743459405712,224200
2021-06-16,123.69766235351562,124.92765264122531,122.221674008264,123.84526268949377,229600
2021-06-17,120.5882568359375,123.91414803748883,119.31890589471797,123.91414803748883,270900
2021-06-18,116.5145263671875,119.61409596061243,116.38660256955345,119.44681907922264,646500
2021-06-21,120.17497253417969,120.6374500995548,117.48867785675756,117.62643617317588,203300
2021-06-22,120.33242797851562,120.48002833565324,117.87244705044212,119.91915298434311,193700
2021-06-23,119.9388198852539,120.82441444961002,119.16146507361161,120.25369711843992,242700
2021-06-24,123.50086975097656,124.13062419218743,121.51320119625187,123.05806873285744,304800
2021-06-25,121.65097045898438,125.10478567917148,121.59193332082819,123.91415584700499,934200
2021-06-28,120.55873107910156,121.68048918718806,119.46650655284124,121.39513052455595,300900
2021-06-29,119.84042358398438,122.21184113242983,119.7715444230071,120.78505529478662,216900
2021-06-30,121.21800994873047,121.57224776594215,119.15162017924062,119.51570002117074,231700
2021-07-01,121.35576629638672,122.47751686359837,121.13928679968534,122.26103736689699,233000
2021-07-02,120.17497253417969,121.62144236383708,119.86009530989996,121.62144236383708,128600
2021-07-06,118.3053970336914,120.44065851395031,116.0520537753145,120.42097446396458,186100
2021-07-07,119.48619079589844,119.59443055446799,117.80356478622525,117.80356478622525,152400
2021-07-08,117.61660766601562,119.40747349254055,115.30422708064656,116.86877135717903,132400
2021-07-09,120.59811401367188,121.05074964634555,119.3287628339435,119.85028514608932,121600
2021-07-12,121.47384643554688,121.76904712846145,119.27954781055315,119.33858494622989,153800
2021-07-13,120.10608673095703,121.5131958913213,119.70265382869961,120.72600662780678,143000
2021-07-14,120.08641815185547,121.51320394781797,119.58457998952946,121.00153126797215,175700
2021-07-15,119.95850372314453,121.22784717133517,118.7481899027861,119.11226975284052,155600
2021-07-16,117.78156280517578,121.09130708822006,117.5057520341354,121.04205194398577,173400
2021-07-19,114.94464111328125,116.49115793300749,113.72318269003877,115.00374127350015,215500
2021-07-20,119.4659652709961,120.45100787054623,114.85596560449031,114.85596560449031,319500
2021-07-21,119.86985778808594,122.82498611538965,119.40688648103023,121.08145619372368,194200
2021-07-22,116.865478515625,119.64329894250461,116.47145988810217,119.64329894250461,336300
2021-07-23,119.62358856201172,119.65313864073231,117.13143171951639,118.20512466118804,268100
2021-07-26,119.64330291748047,121.35727536157677,119.19018411112309,120.51013791460585,237000
2021-07-27,119.8993911743164,120.77607852145891,118.35287453230647,118.55973258458155,242700
2021-07-28,121.3572769165039,122.74619095152438,118.90452230806076,120.52984452436621,226300
2021-07-29,121.11100769042969,122.07635292869102,116.66847013078144,121.17011536805715,272700
2021-07-30,119.98807525634766,122.70679581022011,119.7812171457123,121.849805767347,299700
2021-08-02,116.6980209350586,123.36675733956852,116.56011554520676,120.62833957639617,217100
2021-08-03,118.9242172241211,119.16062538522974,115.03329376379168,117.14128469560359,215500
2021-08-04,117.75200653076172,118.78629686775744,117.0821771869209,117.64365123136986,213400
2021-08-05,118.74688720703125,119.70237220630753,118.31346606262818,118.63853192093048,167300
2021-08-06,119.51525115966797,121.16027092053143,118.96362205159022,120.43134131358077,295100
2021-08-09,117.43678283691406,119.19015750520721,117.26932739449929,119.19015750520721,147000
2021-08-10,118.78630065917969,119.14091664754814,116.48130425006447,117.39739430080301,197900
2021-08-11,120.19490051269531,120.19490051269531,118.23466774891375,119.74178179678636,296600
2021-08-12,118.77645874023438,121.70203696292799,118.65825090260235,120.78594688829949,181500
2021-08-13,118.04753112792969,119.7122559435554,117.71262016742396,119.20988198751631,123900
2021-08-16,117.41709899902344,118.23468632839759,115.85088455108809,117.11173813527559,123500
2021-08-17,116.20551300048828,116.46162626071755,114.84614897835532,116.01835244317294,217500
2021-08-18,116.74725341796875,117.9096040639658,114.82642322619694,115.67356051981915,210600
2021-08-19,117.2594985961914,117.50575930203473,115.37806319621384,115.37806319621384,278300
2021-08-20,118.10662841796875,118.4218418005333,117.0723305139364,117.5549993620209,213000
2021-08-23,117.80126190185547,119.35763129064283,117.40725080392244,119.21972590331026,223400
2021-08-24,119.07196807861328,119.48569175621984,117.7027592209515,117.71261175299165,139200
2021-08-25,120.58892822265625,121.14055725736216,119.23942450330543,119.62359056366014,170000
2021-08-26,118.77645874023438,121.20951557904772,118.45139282320622,121.20951557904772,168000
2021-08-27,122.24381256103516,122.90378944731906,118.01797795787233,119.0128733111817,217800
2021-08-30,121.17012023925781,122.96289788357515,120.64804874345424,122.89394518630449,187100
2021-08-31,119.68267822265625,122.47035063842289,119.190156913098,121.78081629587406,294500
2021-09-01,118.67794036865234,119.6334254149654,117.63379006166868,119.54477518485263,168700
2021-09-02,120.49043273925781,120.6874382894569,118.38244178795144,119.64329534589768,207800
2021-09-03,120.23431396484375,120.51997726014956,118.2543834762616,119.92895312153877,165400
2021-09-07,116.83592224121094,120.00776112749993,116.69801685617922,119.96835851530804,207800
2021-09-08,117.88006591796875,117.91946853041374,115.55536439067416,116.29414646463779,232300
2021-09-09,116.31383514404297,117.4367831370621,116.19562732335928,117.11171726664108,207100
2021-09-10,115.15149688720703,116.89501921632615,115.09238921289004,116.89501921632615,216600
2021-09-13,116.52071380615234,116.83592720179088,115.30910785446913,115.683428928545,227800
2021-09-14,114.29450225830078,117.08217487808356,113.95959135062448,117.08217487808356,296700
2021-09-15,116.27444458007812,116.9836765470801,114.23540643258725,114.23540643258725,294200
2021-09-16,115.20074462890625,116.78666403040549,114.80673354789347,116.5305583308031,224600
2021-09-17,113.7428970336914,116.03804863632644,112.55099610859331,115.23031381455417,948500
2021-09-20,111.9205551147461,112.61008200378016,109.50719597256794,111.20147063165675,234500
2021-09-21,110.02926635742188,113.22081010985407,109.29048433394246,112.63963101010499,221800
2021-09-22,111.42802429199219,113.575417512145,110.34447139376188,110.87639531236253,194400
2021-09-23,116.65860748291016,116.78666032865249,111.7136964262527,112.10770749477662,386000
2021-09-24,116.66846466064453,117.46634687604515,116.195640838194,116.24489598136081,213700
2021-09-27,118.76661682128906,119.56449912958448,117.04279182366673,117.04279182366673,209200
2021-09-28,116.0774154663086,118.90449041163706,115.90996002928877,118.82568520058824,189600
2021-09-29,116.63890838623047,117.95886198186678,115.28939719709604,116.69800854266812,229900
2021-09-30,113.65422821044922,117.70275445792358,113.64438319408744,117.70275445792358,146600
2021-10-01,116.35324096679688,116.90486244800923,113.46706569068962,114.68851647706512,391100
2021-10-04,117.96873474121094,118.26424308934952,115.49627506413093,116.25475475782862,246600
2021-10-05,117.28903198242188,118.68779078883217,116.62905518837636,118.39228249305381,146200
2021-10-06,116.45174407958984,116.61919952756485,113.21095283715572,115.80161231882232,176800
2021-10-07,117.22993469238281,119.09166480783568,116.8359161064327,117.20038461361047,232000
2021-10-08,116.44189453125,117.98841124129733,116.24488900097208,116.93441587222404,126300
2021-10-11,114.89539337158203,117.02308945989442,114.86584328956884,116.12669689066644,143000
2021-10-12,113.83154296875,115.52581777834833,113.4572294122053,114.87569344168857,185000
2021-10-13,114.43241882324219,114.60972682560809,112.69874892819786,113.57543640787371,182700
2021-10-14,116.99641418457031,117.4105938877352,115.35941499047563,115.88207140499803,160900
2021-10-15,114.61979675292969,119.10675825577412,114.5409032370516,119.10675825577412,283300
2021-10-18,116.15817260742188,116.6512457532941,113.67307973895437,113.82100318745586,242400
2021-10-19,116.0595703125,117.01613350854083,114.97480327140225,116.78931652984772,123200
2021-10-20,117.50921630859375,118.09103911121014,115.64539256908422,116.19763970526131,115000
2021-10-21,118.99826049804688,119.03770724900662,117.36126171355893,117.5584879446592,164700
2021-10-22,119.451904296875,121.25655391747162,119.32370798030404,119.53079781031846,181000
2021-10-25,119.6885757446289,120.34929194120024,118.58408921142536,119.35328209981574,148300
2021-10-26,118.46575927734375,120.19151540383407,118.43617609039586,119.79706287959598,193400
2021-10-27,114.90576171875,118.42630365221814,114.71839904087683,117.88392771015499,189800
2021-10-28,122.72591400146484,123.72192395206265,119.14620535001501,119.86609551795992,341000
2021-10-29,119.8069076538086,124.94472879271231,119.7477412854796,122.81465677218071,258100
2021-11-01,121.42418670654297,121.86795703930193,120.6056910259144,120.6155470714854,334400
2021-11-02,121.01988220214844,122.52868492540576,120.26054529356428,122.03561174663149,165500
2021-11-03,121.36504364013672,121.94687395958887,118.29812757015932,120.12249700302392,235300
2021-11-04,125.07292938232422,125.07292938232422,121.73975027709135,122.25255053498812,222700
2021-11-05,130.4178466796875,131.06870684160063,126.21686138321834,127.05508422386782,345700
2021-11-08,128.38636779785156,134.0961473019659,128.02149854285616,132.98181240099746,246900
2021-11-09,129.69796752929688,129.93463301450197,128.20887696368806,128.7414044001967,181200
2021-11-10,128.79074096679688,130.1713400697885,127.91307116973755,129.72757714721274,137500
2021-11-11,128.15956115722656,128.92875395573074,127.7157833487543,128.63290709921463,117900
2021-11-12,128.27789306640625,128.93860918157267,127.65661617640669,128.93860918157267,85600
2021-11-15,127.26219177246094,129.48102109998288,126.0492284296544,129.48102109998288,139500
2021-11-16,128.1201171875,129.59933654163933,126.31546776976234,127.025494263541,152500
2021-11-17,126.77896881103516,128.307498620366,124.9644631890392,128.307498620366,157900
2021-11-18,126.8775863647461,127.19314535559,125.41808653267235,126.82827604034595,189100
2021-11-19,127.63690948486328,128.27791361381963,125.85199459778283,126.22672748647658,146800
2021-11-22,128.83013916015625,130.89118110988548,127.49883576919221,128.425815606172,177500
2021-11-23,129.26405334472656,129.50073386378372,127.6171908990396,128.81041944504977,156000
2021-11-24,126.8381118774414,129.52043058553951,126.49296975642778,128.83998734046668,177300
2021-11-26,120.9212875366211,122.92316374435254,119.27441715001521,122.25258381786952,238100
2021-11-29,120.27040100097656,123.01188649194216,119.82663817857102,123.01188649194216,227300
2021-11-30,117.68669891357422,119.92525528648754,116.5822198438085,119.00813890251457,445100
2021-12-01,117.85435485839844,121.0198838052169,117.77546134306161,120.15207018391109,340500
2021-12-02,122.5780029296875,123.22885565410792,118.72216681881015,118.72216681881015,184800
2021-12-03,122.1046371459961,122.55826355074056,119.99428462128519,122.55826355074056,173400
2021-12-06,123.44579315185547,125.28988942670125,123.13022663931653,123.26828651832113,250700
2021-12-07,124.99404907226562,126.36479188820357,124.19527294139948,124.87570880248194,217700
2021-12-08,127.12413024902344,127.26219013684332,124.52069694972084,124.94474018336753,191600
2021-12-09,124.43193817138672,126.42395035072205,124.39249141726039,126.11824741086689,177100
2021-12-10,124.34320068359375,125.33921069202948,123.20913829951472,125.33921069202948,145600
2021-12-13,123.22885131835938,124.39250435315036,122.10464504179687,123.47538791451255,214800
2021-12-14,121.1579360961914,123.65288505356318,120.27040291356724,123.21897827012486,252900
2021-12-15,121.82850646972656,122.22296646747871,119.43217082372823,121.51293997626459,284500
2021-12-16,121.85812377929688,123.74166722229312,121.26643737881612,123.44582026020235,362200
2021-12-17,119.81678771972656,122.37090328690279,118.41646163601528,120.92127439736221,547900
2021-12-20,116.67098236083984,118.38688257544486,114.68883344281372,118.38688257544486,245300
2021-12-21,120.8226547241211,121.03960813790005,117.42045262244216,117.62754246549478,191800
2021-12-22,122.73576354980469,122.99216368598955,120.58596438571377,121.29599090210327,168200
2021-12-23,123.8106689453125,124.74750490547876,123.28800509497127,123.58385198960222,133600
2021-12-27,126.32535552978516,126.33521157638341,122.84425253717473,123.63317263961838,131700
2021-12-28,125.89144134521484,127.05508676640788,125.7829646493919,125.79282069541271,124600
2021-12-29,126.31546783447266,127.20300847584937,125.77309191856294,126.33519497247589,120300
2021-12-30,125.6547622680664,127.558032490001,125.45753601357855,126.9170283536671,125700
2021-12-31,125.62519836425781,126.6113448354577,124.82642213017006,125.68436474494565,136100
2022-01-03,125.5956039428711,127.05509637646354,123.27816144752241,125.93089010172078,296000
2022-01-04,128.2089080810547,128.71185245398146,124.97435611111062,126.45356841855464,309000
2022-01-05,125.33918762207031,130.01351876847224,125.10251462728637,128.1398469011926,199300
2022-01-06,126.08866882324219,126.76911219025604,124.7869559844109,125.60545923405084,220400
2022-01-07,123.83039093017578,126.02950049564369,123.03161483256552,125.7139339797249,201700
2022-01-10,122.12435913085938,123.2682924966036,120.60570038815676,122.80480251302446,170000
2022-01-11,122.93302154541016,123.03163468685491,120.0830513488636,122.76537092888358,148500
2022-01-12,121.39459228515625,123.99801757769846,120.79304251825766,123.19924158585202,296100
2022-01-13,123.1203842163086,124.40237762576764,122.42022113147188,122.42022113147188,253300
2022-01-14,123.05125427246094,123.37702353621067,120.76101063936657,121.67908286258988,161100
2022-01-18,119.08280944824219,122.4589506077252,118.97421969428433,121.73831019796313,322400
2022-01-19,117.71065521240234,120.28718060198054,117.57245142021776,118.95449687360536,430400
2022-01-20,116.46681213378906,120.85973418684983,116.34834852178675,118.52012868770733,291800
2022-01-21,115.47962951660156,118.80640141297545,115.34141821360242,116.23975025962311,363800
2022-01-24,119.52706909179688,119.93180664868962,113.17953788008276,113.70273906734388,377000
2022-01-25,115.44015502929688,118.84590305598462,113.25850091949849,117.71065120324153,366300
2022-01-26,114.85771179199219,118.75705423552613,113.7619478739458,116.94064986816751,305500
2022-01-27,114.31478881835938,117.82912697362372,114.13709714019757,116.04234387155498,315200
2022-01-28,116.36808776855469,116.37796161902855,111.89619000962104,114.60104511079079,303500
2022-01-31,117.68102264404297,117.74025067949036,114.92680602263005,114.92680602263005,344300
2022-02-01,116.30886840820312,118.45103469687771,115.47964566350653,117.72052786966285,232000
2022-02-02,115.578369140625,116.43720596358588,115.11439601341787,115.67708506456344,200000
2022-02-03,114.1568374633789,116.24964972765453,114.04824768593984,114.60106289359884,195400
2022-02-04,114.81822204589844,115.63757839132808,113.2486187752585,113.93963766204195,282300
2022-02-07,113.50530242919922,115.38092754259061,113.41645282728352,114.73927028355781,253200
2022-02-08,114.90706634521484,115.42039356154514,113.82117634531338,113.82117634531338,257500
2022-02-09,115.7066879272461,117.0986071745996,115.52899626868057,116.1607871587932,231300
2022-02-10,113.88041687011719,116.71360954929455,113.39670361858889,113.51515970298027,235000
2022-02-11,113.66324615478516,115.01567763162156,112.84388969367531,114.4332408892095,231000
2022-02-14,113.85081481933594,114.82811527602607,112.92286855915084,113.90016901584097,227800
2022-02-15,116.36808776855469,116.6445028610348,114.758996592208,115.2723238437316,163600
2022-02-16,115.96336364746094,116.77284625419942,115.01567724431895,115.88438789764693,197700
2022-02-17,113.45592498779297,114.94656005822424,113.38682309878178,114.71950669059257,253300
2022-02-18,114.03838348388672,115.10453364448324,113.278262509034,113.278262509034,237000
2022-02-22,113.1400375366211,114.6701605845562,112.8340159396507,113.72246670911849,363000
2022-02-23,113.27824401855469,115.46977203598647,113.0511906295193,114.32464630266323,434100
2022-02-24,110.62273406982422,111.17555672142349,106.40750371629873,110.56350603025832,509900
2022-02-25,115.45001983642578,116.31873795380905,111.28415103318176,113.02157220486536,383800
2022-02-28,114.05809020996094,115.33154563343564,113.40655172428261,113.67309293443839,369400
2022-03-01,109.81324005126953,114.92680197055813,109.14196139088469,113.77181013081285,355900
2022-03-02,114.7293930053711,115.77579530452175,110.56351644842826,111.08671759800359,323900
2022-03-03,113.22887420654297,115.69680962980277,112.69580678287512,114.95642900282483,328000
2022-03-04,113.43619537353516,114.71951736479994,110.91889805246917,111.55068896265468,336600
2022-03-07,110.77081298828125,114.39374039365033,110.73132511759779,113.6434934452882,441900
2022-03-08,110.92876434326172,113.7027213545947,109.81325270947691,110.78068671125457,352600
2022-03-09,114.79850769042969,115.79555590687633,113.07095255347356,113.17954233603422,344000
2022-03-10,115.7856674194336,115.86464316613953,112.69581476209581,112.69581476209581,297700
2022-03-11,115.18348693847656,117.26642512074383,115.15387291727092,116.73335014441774,259600
2022-03-14,114.18644714355469,116.29899949992651,113.47568045701051,116.29899949992651,193900
2022-03-15,116.1114273071289,116.25949740576411,114.98604936825463,115.14399331731255,243900
2022-03-16,116.78269958496094,117.75012598979093,114.97616916600155,116.13116106079563,344400
2022-03-17,116.1904067993164,117.50335036601875,115.65733932938043,115.77579541979205,245900
2022-03-18,118.08577728271484,118.4609007570908,114.96630328097167,116.52604028184325,590100
2022-03-21,117.42435455322266,119.31973452289682,116.20026079503728,117.72050979173002,185800
2022-03-22,116.00283813476562,118.46089969459697,115.17360792050204,117.72051907150575,282400
2022-03-23,112.1923599243164,115.32170062607392,112.15287204880482,115.32170062607392,192700
2022-03-24,113.15978240966797,113.16965626107329,111.41248728802157,112.60696723564052,252400
2022-03-25,114.03838348388672,115.36120109756233,113.40659246980204,114.11735924353306,204600
2022-03-28,112.63658142089844,114.0581147636402,111.79748480724078,113.48555188597568,108000
2022-03-29,114.0679931640625,115.1834974096189,113.55465831135992,114.0976071879603,372900
2022-03-30,113.22887420654297,114.79848505213764,112.69580678287512,113.87053892289876,249900
2022-03-31,111.1854476928711,113.74223325312444,110.92878777681695,112.82416077858801,228700
2022-04-01,112.39964294433594,112.49835884742691,110.74119016516947,111.56054647075173,208700
2022-04-04,110.2278823852539,112.33056086483865,109.40852593520493,112.01466540032533,519500
2022-04-05,110.41543579101562,111.55068765844977,109.14198013431557,109.71454299358382,493200
2022-04-06,111.5506820678711,112.26144868078379,109.2209504062312,109.54671969240638,509600
2022-04-07,113.03144836425781,113.8409309246441,111.06697377226088,111.76786656575644,474300
2022-04-08,111.92581176757812,115.183489747389,111.82709585063816,113.09067766316984,454900
2022-04-11,111.4322280883789,113.56452811145158,111.22492239694827,111.79748527701874,413200
2022-04-12,112.6069564819336,114.92681425887695,112.29106105100779,112.29106105100779,499600
2022-04-13,115.04528045654297,115.57835542038018,112.4095271894101,112.4095271894101,403800
2022-04-14,115.48011779785156,117.26890354926859,115.0353963492399,115.49988755198434,438600
2022-04-18,115.22317504882812,116.7055900758631,114.5610314796745,115.07493957808681,368600
2022-04-19,114.72903442382812,116.65617844460269,114.48196525757133,114.98598846792191,329400
2022-04-20,116.79451751708984,117.92115212819108,115.71729220720627,115.99401596182089,625400
2022-04-21,115.14410400390625,118.59318708373847,114.57090179007974,117.92115872199922,288400
2022-04-22,112.51528930664062,114.98598080454644,112.46588000065375,114.50172738214349,340600
2022-04-25,112.70307159423828,113.16756283240936,109.98531077000143,111.83339084486542,400600
2022-04-26,110.50908660888672,112.84141993528753,110.16319131470692,111.80372651279622,503300
2022-04-27,110.6375732421875,111.47761446682009,109.35281805972222,110.74628428208224,374800
2022-04-28,104.15448760986328,113.16757441669456,103.85800156452511,111.86304938912258,567100
2022-04-29,105.23169708251953,107.11930149280222,103.52197522424423,103.68010310152036,534200
2022-05-02,104.47071075439453,106.71410269284306,103.00806571694713,104.7375496390319,599000
2022-05-03,105.45899200439453,106.6548057507119,104.44106834248522,104.44106834248522,429200
2022-05-04,108.37442016601562,108.55230272319689,104.65849788141921,105.02415541333946,416900
2022-05-05,105.2020492553711,107.58379966622483,104.53002081338295,107.09954620565995,467400
2022-05-06,104.7869644165039,106.57574261088182,103.7690407469971,104.6387214217321,471600
2022-05-09,102.306396484375,104.66838463757908,101.85179012575259,103.64057600679915,492700
2022-05-10,101.318115234375,103.01795221826795,99.80605322008368,103.01795221826795,389100
2022-05-11,99.98394012451172,102.3656903094807,99.31191174625862,101.23905560769639,374100
2022-05-12,100.18160247802734,101.3477691771898,98.550944566663,99.32179911459288,400900
2022-05-13,101.110595703125,102.24711551659217,100.31009391813976,100.8635265062823,354700
2022-05-16,100.8338623046875,102.62264057361458,99.99382868590722,102.62264057361458,307100
2022-05-17,102.64241027832031,102.84994746356818,101.27859125814052,101.77272956776466,325200
2022-05-18,101.04141235351562,104.38179257903377,100.78446582843976,102.18781699752742,279800
2022-05-19,100.98210906982422,102.1482758261738,99.68746906250355,100.16183763528329,355400
2022-05-20,101.318115234375,101.86167038851013,99.52933697432478,101.74307448034824,389000
2022-05-23,101.25882720947266,102.49417305314661,100.83386793765071,102.04945156540505,234100
2022-05-24,101.74307250976562,102.05932071878667,100.03335822160413,101.19952490611023,288100
2022-05-25,103.23538208007812,103.61092450770404,101.02164440679128,101.82214611249908,332500
2022-05-26,104.6881332397461,105.37992379552705,103.56149859750194,104.4015321409364,312400
2022-05-27,106.43738555908203,106.47691752741389,104.74743349764267,105.15263051808033,174100
2022-05-31,104.39166259765625,106.24962757457155,104.30272131597124,105.49853518943658,308700
2022-06-01,103.35397338867188,104.6387285037596,101.25882418597712,104.56954944017758,256100
2022-06-02,106.36820983886719,106.48680574758605,103.21561254993448,104.1445874450661,239900
2022-06-03,105.67642974853516,105.90373671123554,104.89569023658584,105.76537103397031,184500
2022-06-06,107.36637878417969,107.3861485403138,105.36017831387502,106.56587707966179,279800
2022-06-07,107.90003204345703,107.95932622258049,106.29902134755943,106.42750212226235,176400
2022-06-08,106.25949096679688,107.64307963994835,105.735705603521,107.48495931327624,172200
2022-06-09,105.47875213623047,106.71409773749829,105.3799184561681,105.3799184561681,181700
2022-06-10,103.41326904296875,104.56955092495137,102.81041967750038,103.81846609252563,290400
2022-06-13,99.96417999267578,101.3971780523528,99.63804690379962,100.93268684212654,345300
2022-06-14,99.39097595214844,100.69550074406676,98.17539243379291,99.75664100335014,354600
2022-06-15,101.67388916015625,102.99818366327838,99.68745871540067,100.30018535330565,520500
2022-06-16,95.26985931396484,99.73686592670778,94.72630420469287,99.73686592670778,639700
2022-06-17,95.13150024414062,97.7603118753465,95.07219852557554,96.04071283598918,1025100
2022-06-21,98.3236312866211,99.03519160494845,94.51876809884745,96.53485315412438,453100
2022-06-22,98.1852798461914,98.60035421343989,97.02899802030541,97.02899802030541,449100
2022-06-23,98.9363784790039,99.16367789174615,97.55278962683067,97.90856983281672,315700
2022-06-24,104.39166259765625,104.42131723150392,99.49969606621146,99.49969606621146,2272000
2022-06-27,104.32246398925781,105.83452581427073,102.44474468810135,105.37991953315223,290900
2022-06-28,102.45463562011719,105.75548345924113,102.3261623736062,105.36017130234664,221400
2022-06-29,100.76468658447266,102.57323466814283,99.33168845432343,102.57323466814283,211400
2022-06-30,101.75296783447266,102.24710618305107,98.93638075556626,99.36134003694181,234100
2022-07-01,101.81226348876953,103.11678844619277,99.81594784936159,101.23906872653347,193900
2022-07-05,101.84191131591797,102.04944850664029,98.15563611130575,99.83570339236402,362600
2022-07-06,100.68560791015625,102.0494343166229,99.09448212924609,101.38728332596891,186700
2022-07-07,102.43488311767578,103.1760906546489,101.45649128005809,101.93085988134723,211600
2022-07-08,101.45648193359375,102.43487368107915,100.8536325891956,102.43487368107915,138600
2022-07-11,100.86351013183594,101.75296060406467,100.40890378824176,101.26870716805492,133000
2022-07-12,99.83570861816406,102.52382244052585,99.31192317512131,100.44844288471656,372500
2022-07-13,99.341552734375,100.0827601263265,98.57069825313768,98.88694643877226,222200
2022-07-14,99.341552734375,99.5886218650255,97.32547526342422,97.83937573759862,189600
2022-07-15,101.10298156738281,101.48890798227534,99.31188679315257,100.85559245272265,150300
2022-07-18,100.4201889038086,102.15191264019393,100.05405031021782,101.53838494140524,218000
2022-07-19,103.70552062988281,103.88364109570544,100.7962222046854,101.38005689561051,176400
2022-07-20,104.47736358642578,104.89297545080848,103.0227145113704,103.89352140098879,167700
2022-07-21,105.69452667236328,105.73410983807588,103.13157897763712,103.33938493534058,251100
2022-07-22,105.39763641357422,106.28823853256507,104.17058124975799,105.89241452971193,214900
2022-07-25,105.18984985351562,106.06065678014828,104.30914524882003,105.36797031006734,200100
2022-07-26,105.17005157470703,106.1002369941512,104.75443970420835,104.91276480023429,244100
2022-07-27,107.77259826660156,108.12883164839307,105.01173482227144,105.01173482227144,285300
2022-07-28,113.51200866699219,113.87814723653311,110.33553367086415,110.77094088332193,361300
2022-07-29,115.1546859741211,115.39217740648812,113.04692591899965,113.64065827477548,319500
2022-08-01,115.82757568359375,116.48067895943345,114.27397249064842,114.66978899735567,606800
2022-08-02,114.14533233642578,116.03538873572585,113.39326733803843,115.58019368530404,280700
2022-08-03,114.83802795410156,115.22395436196693,112.75006326041124,115.22395436196693,231700
2022-08-04,113.23493194580078,115.25362777926276,113.21514414093554,115.22394229710703,195100
2022-08-05,113.20525360107422,113.45264270092372,111.74070680809007,112.10684539376514,185200
2022-08-08,113.64067077636719,114.55106854174043,112.87871555341368,113.79900344850769,156900
2022-08-09,113.84846496582031,114.74895734914485,113.10629767803718,114.4224019305884,268200
2022-08-10,116.20361328125,116.94578061271935,115.4218627861363,116.78744795814197,270100
2022-08-11,117.05463409423828,118.02439519334352,116.55985586620433,117.2426522368005,168000
2022-08-12,119.98371124267578,120.08266537087086,117.15357938794342,117.77699719031686,189000
2022-08-15,120.12225341796875,120.35974484523993,118.56865013799468,119.43945707113323,227500
2022-08-16,121.1217041015625,121.71543642785271,119.19206460397417,119.19206460397417,331400
2022-08-17,120.92379760742188,121.61649166621358,119.2514523070218,119.73633286337427,248600
2022-08-18,122.42791748046875,122.95238115793636,120.92378754349241,121.22065747965556,308900
2022-08-19,120.3300552368164,122.0419911094472,120.16183246283586,121.9331393028207,315100
2022-08-22,118.65771484375,119.7462254040417,118.49938219148832,118.9051039506216,313400
2022-08-23,118.67750549316406,120.47849793234057,118.65771768601556,118.65771768601556,328000
2022-08-24,120.4883804321289,120.90399227733947,118.8358156290411,119.09310238785908,247600
2022-08-25,122.71488952636719,122.833631460854,120.68629591543557,120.68629591543557,270300
2022-08-26,119.4592514038086,122.97217214067268,119.2217599785724,122.69509755294439,252500
2022-08-29,119.43946075439453,120.46860037059459,117.80669864812336,118.61813463689617,199800
2022-08-30,117.35147094726562,119.37016658402747,117.05460860491873,119.37016658402747,318600
2022-08-31,117.67807006835938,118.45982069502371,117.06454980292193,117.29214359503008,291800
2022-09-01,116.0156021118164,117.03484410031776,115.36249874673621,117.00515861323005,455700
2022-09-02,115.1546859741211,118.65771668782988,115.00625099774801,117.41087345589911,317800
2022-09-06,114.77864074707031,115.51091789350578,113.70992560986632,115.51091789350578,358800
2022-09-07,117.21295166015625,117.47023843610134,114.54115242055671,115.06561610057531,350300
2022-09-08,119.15247344970703,119.16236357655856,115.66923117031793,116.39161056538308,340400
2022-09-09,120.79515838623047,121.19098248546919,119.37019464885772,120.20142601223074,201200
2022-09-12,121.1513900756836,121.93314053585372,120.4784914232407,121.33940820716086,196200
2022-09-13,116.56974792480469,119.21186172319649,115.99580339602345,118.30147163943633,243800
2022-09-14,117.2921142578125,117.71762379501821,115.62965926939437,116.2530846086236,366900
2022-09-15,117.39105987548828,118.35093068401245,115.67913172293136,116.22338315218808,351000
2022-09-16,116.817138671875,117.14368655344809,115.80778689329239,116.30256510444016,1106100
2022-09-19,118.42021179199219,118.55874908309761,115.985903970076,115.985903970076,248800
2022-09-20,117.72753143310547,118.16293868467977,116.40152187136398,117.35149515230347,172200
2022-09-21,117.52960968017578,120.71598247916012,117.30201593722899,119.51862014750307,265000
2022-09-22,116.41142272949219,117.94523828054922,116.1937190977585,117.78690562120954,327600
2022-09-23,113.95733642578125,115.3229217529216,112.90840134433509,115.2239676074275,350100
2022-09-26,113.70002746582031,115.79788212074244,113.19535160744819,113.80887926958128,335800
2022-09-27,112.66099548339844,114.94687591851965,111.67143907590311,114.76875546318185,301800
2022-09-28,116.11456298828125,116.8369425980968,113.06673452489544,113.62088378192607,239900
2022-09-29,114.74896240234375,116.05517658437518,112.93807232847489,114.87760201999328,246800
2022-09-30,114.27397155761719,117.06452018552804,114.09585111116688,115.05571443678232,303900
2022-10-03,117.38119506835938,117.9056588068365,114.63022164908674,116.1838326060565,216400
2022-10-04,120.98316955566406,121.43836460113931,118.88530723547193,118.88530723547193,233500
2022-10-05,120.19152069091797,120.93368799865438,119.47903886753643,119.518622029915,265000
2022-10-06,120.51808166503906,120.89411040036752,119.07333014545085,119.45925655925855,161300
2022-10-07,119.02383422851562,119.92433411316388,117.97490693406,119.92433411316388,177800
2022-10-10,120.6665267944336,121.37900871054431,119.29104380905433,119.9144617107926,205600
2022-10-11,121.6857681274414,122.51699199168293,119.92435870583864,120.19153564799709,285100
2022-10-12,120.13214111328125,121.90344786677576,120.09255795373932,121.73521755129357,246400
2022-10-13,122.40813446044922,123.1601995047261,117.87597148635093,118.17283390271405,282200
2022-10-14,120.6764144897461,123.16020346671878,120.17174610077888,123.12062029998697,194700
2022-10-17,126.25446319580078,126.40308096306939,122.45979299207558,122.73720879283636,321700
2022-10-18,126.79938507080078,130.3562711742018,125.1150630719906,128.80074720134823,386800
2022-10-19,126.66067504882812,127.18578460048494,125.15470034296308,126.19501713855702,336200
2022-10-20,123.66854858398438,127.31460128100724,123.10380707521517,126.68050581709146,171800
2022-10-21,125.51139831542969,126.53189552683878,122.64805869077155,124.06486748033366,325900
2022-10-24,126.90837097167969,127.97840982673614,125.3726741983986,126.31390746076399,288400
2022-10-25,128.90975952148438,129.78164651932414,127.04709734174648,127.04709734174648,245700
2022-10-26,127.92888641357422,130.70305994139142,127.67129030924521,129.51413274890675,507300
2022-10-27,133.1997833251953,136.04330252194893,130.5147766267295,132.79356197765176,588000
2022-10-28,138.7382354736328,140.76932744389492,134.29956727691442,134.3391916288192,682800
2022-10-31,139.79837036132812,140.56125629081905,137.37095931177043,137.95552810087165,559800
2022-11-01,143.00848388671875,143.29581715106485,139.778562286816,140.27394987000514,373300
2022-11-02,139.0453643798828,143.31560234945067,138.857114704895,141.3340522852037,454200
2022-11-03,141.0269012451172,142.46352188363434,137.25205114490745,137.99513234945348,277200
2022-11-04,143.01837158203125,144.55406067624196,140.80893253534373,143.7416330700814,333100
2022-11-07,144.35594177246094,144.67299708906532,142.3050449960336,144.39558124605128,359200
2022-11-08,144.55406188964844,146.93193088540224,143.20660732746248,144.98010298757347,320500
2022-11-09,145.13864135742188,145.63402887846402,142.6517863262527,142.6517863262527,398200
2022-11-10,150.65724182128906,150.71668590151313,147.1697096405538,148.61624777078782,511700
2022-11-11,149.39895629882812,152.00469939881899,148.88376418139086,150.320384914524,478100
2022-11-14,148.14068603515625,152.16323021951268,147.98215840276114,149.30979330850917,470500
2022-11-15,151.420166015625,152.00471971818118,148.19024451120205,149.04229661579174,440000
2022-11-16,152.9558563232422,153.85745012471753,151.15263848423663,151.58858192303038,508100
2022-11-17,151.43008422851562,152.3713176839988,149.80521343775646,151.2418345138129,404800
2022-11-18,153.89712524414062,154.10517958574493,150.51857792884854,153.22339019592116,695400
2022-11-21,153.33236694335938,154.5312116063218,152.60910526892735,152.9756872609766,318500
2022-11-22,153.36207580566406,155.22473788886438,150.469014238626,154.16461636055246,364700
2022-11-23,152.1731414794922,154.31321928864375,151.90564309186925,152.52982111435077,214200
2022-11-25,153.96644592285156,154.5113752565186,152.8567826383139,152.8567826383139,119000
2022-11-28,151.4003448486328,154.14479618547657,150.65726350283975,153.08465954215802,224200
2022-11-29,150.71669006347656,152.50008810957894,150.3798301875536,151.11300913929205,209500
2022-11-30,153.4710693359375,153.4908890725859,148.35868089680162,150.5086612232542,348700
2022-12-01,152.58926391601562,154.70952197259703,152.14341815570245,154.11506599818875,149800
2022-12-02,152.47036743164062,153.79800233193018,150.7266088365451,151.3507868197405,207200
2022-12-05,147.7344512939453,150.63741459942443,145.7925257676871,150.63741459942443,376000
2022-12-06,147.60568237304688,149.101762573322,145.9312698966759,148.33886145017644,298200
2022-12-07,147.9524383544922,149.25035123640356,146.76351133156717,147.20935707541065,194200
2022-12-08,149.4385986328125,150.13213812576913,147.83354793225183,149.1314607943622,160400
2022-12-09,147.18951416015625,149.16116161928693,147.14988981677783,149.0719955081668,194800
2022-12-12,148.051513671875,148.2992074430865,146.58517077935085,147.30843235824054,232000
2022-12-13,148.834228515625,151.82637338550313,147.92271728810482,151.82637338550313,306600
2022-12-14,146.19879150390625,149.9141986414128,145.07921064870123,149.71604661768518,433000
2022-12-15,144.38563537597656,145.9708814106602,142.8202090741838,145.43585444879318,462800
2022-12-16,146.80316162109375,146.85270340539196,142.35457546844364,142.6716307935281,2007700
2022-12-19,145.54486083984375,147.43724497024195,144.77205744634594,146.82296922618696,267600
2022-12-20,145.27734375,146.93193619337907,145.12871842850646,145.1485381616443,339900
2022-12-21,147.9623565673828,149.24046497088673,145.5448627940216,146.1294316194372,307100
2022-12-22,147.7047576904297,148.19024294496302,144.96030635664877,146.7833289612997,311100
2022-12-23,148.46766662597656,149.08194239921036,147.3084463626368,147.53633553879664,130800
2022-12-27,148.69552612304688,150.00334136993274,147.8930007254988,148.41811030952476,132500
2022-12-28,146.2384033203125,149.35933867832014,146.20868127827643,148.8045070696101,132800
2022-12-29,147.744384765625,148.61627173088212,146.94185931716288,147.29853897403814,161500
2022-12-30,146.7436981201172,147.5561258266491,145.98079707330353,147.46695969752264,157700
2023-01-03,146.94187927246094,147.94257198021882,145.03959255013092,147.48680869975024,188300
2023-01-04,144.0983428955078,148.3685814519686,143.20663617322597,147.75430568539593,375800
2023-01-05,141.08636474609375,144.23703734849852,140.58107489992798,143.16699845247584,261200
2023-01-06,146.2780303955078,146.35729421508984,142.19604195421314,143.08773346796252,221900
2023-01-09,143.70199584960938,147.93260922966158,143.10753993489757,146.44644676584255,290100
2023-01-10,145.69349670410156,145.97091255165026,142.3843111526065,143.10757281814205,244300
2023-01-11,146.42662048339844,148.30910192417883,146.287912597701,146.4167181765721,177100
2023-01-12,150.44924926757812,150.5086933721912,146.08982847354739,146.58521616936684,229600
2023-01-13,151.43106079101562,151.71866305861147,149.49714172827362,150.56823885524898,175400
2023-01-17,147.17637634277344,151.33183053115906,147.10696139003514,149.11030991594612,278600
2023-01-18,146.0160369873047,149.5665205500786,145.6391805001329,147.0375430948849,197600
2023-01-19,142.84242248535156,145.61933856026133,142.09860649026726,145.2523941785718,130200
2023-01-20,144.12181091308594,144.1317230129468,141.45398815175665,143.78460278911717,191700
2023-01-23,143.18954467773438,144.4887408794261,142.7134915384619,143.98293631057103,202200
2023-01-24,145.34165954589844,146.53176220216338,142.1382959867664,142.91186346998742,213300
2023-01-25,145.01434326171875,146.03584917946702,143.49696009718113,144.28043948860036,152900
2023-01-26,145.143310546875,146.67060617002093,144.07221362430235,146.25407100007203,137000
2023-01-27,145.3714141845703,145.97638519202374,144.3895715266774,144.3895715266774,153500
2023-01-30,144.25070190429688,147.33505928056854,143.8936696470348,145.03419650385968,176200
2023-01-31,147.0276336669922,147.29541167211806,144.7267555086787,144.7267555086787,331900
2023-02-01,147.85081481933594,149.52688293671994,145.93672009013557,146.7995570998586,247600
2023-02-02,148.34666442871094,148.66401805198313,146.12512853390464,148.22765871160576,189000
2023-02-03,147.41441345214844,149.42767422036306,147.1962262142456,147.87062725857493,263800
2023-02-06,146.19456481933594,147.75161183835246,144.77634772084167,146.77969646386552,284800
2023-02-07,146.9086456298828,147.0673148992646,143.44741587668597,145.28216833814378,301100
2023-02-08,146.39292907714844,147.26567815827053,145.71852793274203,145.86730023501195,212900
2023-02-09,143.9532012939453,148.08883207315984,143.92344986097058,147.27558588391125,428700
2023-02-10,144.66726684570312,144.71685761196,142.66393305912493,143.96312941697803,207200
2023-02-13,146.0458221435547,146.90865920299123,144.58794121976007,144.97472502813542,256600
2023-02-14,145.79786682128906,147.22599614595697,144.64744276128633,145.6987004216732,154800
2023-02-15,147.41441345214844,147.75160640782545,144.2705529661533,144.3598072544839,183900
2023-02-16,147.533447265625,149.49713278070732,145.639206987428,145.639206987428,294500
2023-02-17,149.9434051513672,150.97482344714868,147.9698077236498,148.09874068548876,268400
2023-02-21,145.272216796875,148.5946009253262,144.5680794703155,148.525170836045,203200
2023-02-22,145.33172607421875,146.8491246770605,145.0143724415613,145.926784943293,239200
2023-02-23,160.7832489013672,164.4527529819168,152.20457777169906,154.11865686196577,743200
2023-02-24,164.15524291992188,168.4892061358722,159.67250741851663,164.57177807983916,576900
2023-02-27,164.67095947265625,165.56354786777655,163.40151454593058,164.75030167219876,472600
2023-02-28,165.8412322998047,167.50737303400123,164.78997467470782,164.78997467470782,555400
2023-03-01,165.61314392089844,166.9916825243793,164.63130119481642,166.0891820003726,347700
2023-03-02,165.48419189453125,166.5949523297203,164.41309498932358,164.91888444470945,217500
2023-03-03,167.5569610595703,168.0726777639526,163.99656515866823,166.41644915656622,209200
2023-03-06,165.11724853515625,167.40819951367365,164.22466020869783,166.99166434785013,367000
2023-03-07,164.44287109375,166.9718490160897,164.26436248258585,165.82140974532663,346900
2023-03-08,166.58505249023438,166.63464325609263,163.36184943814956,164.84948161603486,320900
2023-03-09,163.53045654296875,167.43797307161532,163.44120223842071,167.29912799799234,216800
2023-03-10,157.1832275390625,162.71722127418724,155.82451313945143,162.71722127418724,417200
2023-03-13,154.39637756347656,157.4410720152541,153.49389221078238,154.47571976218165,272700
2023-03-14,157.08404541015625,158.80970424565953,156.15179345763073,157.81794942518175,363400
2023-03-15,154.62449645996094,154.66415999395372,151.49054762031992,153.67240518138206,460600
2023-03-16,159.21630859375,159.3154901267293,152.68064810761052,152.98808967367813,453100
2023-03-17,159.07748413085938,159.7717246856769,155.87411995603318,158.7502183221907,898100
2023-03-20,160.31716918945312,162.33043037128357,159.5832802684377,160.15849991081475,337600
2023-03-21,160.6841278076172,164.07592763720177,159.88080878652852,162.51886523199764,314800
2023-03-22,158.59152221679688,161.80479825625483,157.97662391735025,159.57334983641874,374800
2023-03-23,156.34024047851562,159.22625084446983,154.73360239696444,158.4725074418824,327200
2023-03-24,155.40797424316406,156.3600655103465,152.29386477428375,154.60465527587306,339500
2023-03-27,157.8576202392578,158.6411150580344,154.49557184811292,156.7171081963035,435100
2023-03-28,158.20469665527344,158.59148034059535,156.63772258492523,157.49063213883693,185100
2023-03-29,159.23617553710938,159.89073744912255,157.8576367343434,159.2064240986524,205600
2023-03-30,159.61302185058594,160.94196966663503,158.03613533155854,159.6328611840579,239700
2023-03-31,161.24940490722656,161.49734360047205,159.404740424161,160.33699233204035,302900
2023-04-03,163.1635284423828,163.58006370499422,161.43786938329598,161.47754805572347,776300
2023-04-04,157.3914794921875,163.6296254905559,156.7865084751705,163.6296254905559,288700
2023-04-05,152.96824645996094,156.79642010928063,150.35992682318036,156.35011839932514,444900
2023-04-06,151.55995178222656,153.01781718486052,150.27066771994308,152.86906004162486,245100
2023-04-10,155.43771362304688,155.97326964836245,150.90540240445452,150.90540240445452,620300
2023-04-11,153.6426239013672,157.0641743134811,153.35502172010047,156.11209835282784,256700
2023-04-12,153.49391174316406,155.0112955456683,152.95835561699846,154.67410250799603,287400
2023-04-13,154.70382690429688,155.1104348454884,152.73022952938976,153.4938849142701,179500
2023-04-14,154.80313110351562,156.19318583772807,153.84993989258402,154.05845567794606,192600
2023-04-17,156.0640869140625,156.09388786626224,154.2470924060227,155.15062030959953,174400
2023-04-18,155.5775909423828,158.36763908781873,154.29674073760296,156.61020085706642,193600
2023-04-19,154.83290100097656,156.04424078082027,154.03857759855237,155.27970318032183,292900
2023-04-20,157.80169677734375,158.08964645693607,154.24712569839025,154.24712569839025,403700
2023-04-21,156.65985107421875,158.4867844910092,155.89531339147368,157.85132873080119,480100
2023-04-24,158.59597778320312,159.40022468887705,157.0073462221254,157.0073462221254,467200
2023-04-25,158.86410522460938,159.48963748707902,156.82865584632674,156.82865584632674,690100
2023-04-26,156.73927307128906,158.12932770698387,154.36624148934345,157.24564687062232,928700
2023-04-27,170.2228546142578,170.3618600704573,160.65129493613372,160.93922939881182,630900
2023-04-28,169.78598022460938,172.8143296856079,168.30655307141106,170.00441953985901,623500
2023-05-01,166.42999267578125,170.7689785727704,165.85410851335251,169.63707250191686,414800
2023-05-02,165.55624389648438,166.15197513885428,163.6598002014509,166.15197513885428,335400
2023-05-03,164.7817840576172,167.67111318082473,164.39455344416913,166.45977328225186,318600
2023-05-04,164.09669494628906,165.32788205808438,163.13358010211664,163.84846978336753,271600
2023-05-05,166.68817138671875,167.581775940572,165.50661715075,165.84419974660906,232200
2023-05-08,165.2881622314453,167.5718366158033,164.56334904374208,167.15482018655786,237700
2023-05-09,165.17892456054688,165.70516060323425,163.9377989597825,165.27822066879162,210700
2023-05-10,165.1292724609375,167.05550177020672,163.76900368397173,165.99309100976,333000
2023-05-11,163.8682861328125,165.0895646135058,163.5406423116554,163.7590664756072,237200
2023-05-12,163.92787170410156,165.8441623161501,163.53070243055825,164.14631101693573,267300
2023-05-15,164.42434692382812,165.3874617266726,163.38179825420198,164.17612177155814,171100
2023-05-16,163.1137237548828,164.076838633939,161.33643819019508,163.82861346202682,335500
2023-05-17,164.2853240966797,165.0001985213052,163.75907289101332,163.85836900162042,240100
2023-05-18,165.52647399902344,165.71511239610302,163.39172851161635,163.759096903905,323000
2023-05-19,163.77894592285156,166.648427962932,163.59029239055687,166.648427962932,372300
2023-05-22,163.73919677734375,165.20868502111136,162.08105504712458,164.02713120635207,245400
2023-05-23,161.94207763671875,163.898092834076,161.52504609424625,162.35909402873196,413200
2023-05-24,160.53213500976562,163.72927562153012,160.34349665355796,162.60730843263292,539800
2023-05-25,166.29098510742188,166.68815443020247,160.80024610508676,161.0683335041561,386500
2023-05-26,169.64698791503906,170.43137268026666,166.71793433409508,166.71793433409508,373800
2023-05-30,169.80584716796875,172.546247084376,169.1406056533124,170.45122643056484,276600
2023-05-31,163.66969299316406,171.02708835472225,162.2399140394491,168.95193022211575,619100
2023-06-01,164.2853240966797,164.76191209658316,162.27966083599935,163.67965418307887,363300
2023-06-02,171.96046447753906,171.97038802978517,165.1491654727287,165.39739063303452,499200
2023-06-05,169.11082458496094,171.46399397959917,166.8072880961741,170.96754371740818,201800
2023-06-06,173.41006469726562,174.00581105206405,168.90230313421588,169.27961016895216,388800
2023-06-07,175.4653778076172,175.54481166577895,173.26113748262102,173.75758773328755,310800
2023-06-08,175.26681518554688,175.64410710484313,173.43986659814058,174.68099232711901,273500
2023-06-09,173.3505096435547,174.30370087215198,171.60301006666367,173.95617960692803,258300
2023-06-12,173.46961975097656,174.9986795615118,171.57317652359052,173.41997170540685,379800
2023-06-13,175.88238525390625,177.1930211212212,173.4100576771759,173.4100576771759,486500
2023-06-14,174.52212524414062,175.82282247593923,172.5363242428092,175.31644867476507,339900
2023-06-15,175.5746307373047,175.72355978054054,171.97039638637517,174.11506551174458,366800
2023-06-16,174.482421875,177.6398537278171,173.8668283381671,177.341980511444,530100
2023-06-20,173.4994354248047,173.76750764622167,172.01008470398543,173.75758409558145,341400
2023-06-21,176.6568603515625,176.75615646467446,172.8739117590767,173.2412801067634,448500
2023-06-22,176.10084533691406,177.98735035582726,175.15759282745748,176.57743336739924,577500
2023-06-23,174.30369567871094,176.66678870025856,172.77462033783763,174.7703601521824,5885600
2023-06-26,176.29937744140625,177.71923276956272,175.0086040022976,175.54477865645273,450400
2023-06-27,178.60296630859375,178.95047243129892,176.69659895829207,176.73630831643,314800
2023-06-28,178.0866241455078,179.56605126043243,177.5703116727788,179.12917264123544,567300
2023-06-29,182.13766479492188,182.63411503034177,177.25259629644523,177.9774093980298,368900
2023-06-30,183.46815490722656,184.34191220360904,181.04547524031832,182.8823472428153,383200
2023-07-03,182.9617462158203,183.4482576763475,181.64118697211288,183.04118005947825,114400
2023-07-05,181.3533172607422,182.80295903260466,180.36041650344174,181.65119051802498,238800
2023-07-06,181.81993103027344,182.1078806537001,179.34761853162797,180.39015191515082,429500
2023-07-07,183.04122924804688,183.78590468819277,181.26392871330737,181.26392871330737,583600
2023-07-10,184.8582000732422,186.16883595055424,183.0312668658908,183.0312668658908,291800
2023-07-11,184.93765258789062,186.32772246018584,183.47808755473375,184.87808097844916,274500
2023-07-12,186.22840881347656,187.12202832235812,185.16601319403875,186.42698587640842,218000
2023-07-13,186.30784606933594,187.0723836835601,185.4043029934764,186.47663733343182,192200
2023-07-14,186.34754943847656,186.66528485513092,184.67948395241677,186.58585100096732,252300
2023-07-17,187.73765563964844,188.32346338366642,185.72206854378481,186.65539757348748,213800
2023-07-18,189.59434509277344,191.26242579031782,187.73762602895513,187.73762602895513,231100
2023-07-19,190.051513671875,191.19443573211305,186.6426588139559,191.12485983799,275900
2023-07-20,189.50491333007812,190.59814056584653,187.87502055614064,190.59814056584653,250200
2023-07-21,189.17694091796875,190.71737664022749,188.84897278088184,190.69751081234642,300100
2023-07-24,189.2961883544922,190.94596188249093,187.9445690441052,190.13100803200234,296400
2023-07-25,188.64024353027344,190.28008407018956,188.38185130796217,188.95827872519757,302600
2023-07-26,188.03402709960938,189.6241729552158,186.37432051387586,187.90483855372912,450300
2023-07-27,199.32400512695312,199.36376711094897,191.8503444348662,193.7982722023144,796800
2023-07-28,210.5146484375,211.39916312989473,200.60608820085898,200.96387027670153,857200
2023-07-31,213.71478271484375,214.59929737310998,211.2798841759989,211.38920689397585,550300
2023-08-01,213.05886840820312,216.6863688819852,212.5023218860097,213.2476999421092,545400
2023-08-02,214.84776306152344,215.32481593483084,211.98552164545575,212.28367590008403,368000
2023-08-03,213.91357421875,216.12982744489838,212.40293707671455,214.25147530592395,436100
2023-08-04,215.54345703125,216.33851480788763,211.5780404035855,215.07635224686013,381800
2023-08-07,219.4193878173828,220.36353017612998,215.88132961801267,216.0204662270412,360300
2023-08-08,219.81692504882812,220.9002192227316,216.3683235958538,218.48518671658402,314400
2023-08-09,215.66268920898438,219.18086649870395,215.10614275996687,219.05167796466637,385400
2023-08-10,218.5348663330078,218.9920381280248,215.53347367377242,216.75590437653955,299700
2023-08-11,219.6082305908203,221.43688759324374,217.70006478419322,218.3460529668117,276100
2023-08-14,222.033203125,222.11271193173994,218.8827405861075,219.6082375960722,263500
2023-08-15,219.46910095214844,221.43689463330116,218.13736256009327,221.43689463330116,225800
2023-08-16,215.59312438964844,220.9499221483585,215.00676400538197,219.78711912904478,302800
2023-08-17,210.66371154785156,216.1596310694484,209.41148190303693,215.42418594580838,431200
2023-08-18,212.8700408935547,213.80425050119933,208.42758638214204,209.66988316576402,403900
2023-08-21,213.8539276123047,214.8875270158376,209.90840702759007,213.49616070118424,367600
2023-08-22,215.7720184326172,215.921087962837,212.68118379977793,213.66508819349013,197900
2023-08-23,217.76962280273438,218.8827308829948,215.10614613641349,216.56708817039296,177900
2023-08-24,216.59690856933594,219.37965610628018,216.0701760014032,218.14729236662876,158100
2023-08-25,218.7733917236328,218.91252832760887,213.8936473420935,217.5310952007207,340400
2023-08-28,221.14869689941406,223.26556019582716,219.8765862727769,219.8765862727769,314000
2023-08-29,223.33511352539062,223.44443623216918,218.95228750556836,219.8765640564695,157300
2023-08-30,223.0071563720703,225.12403472345264,222.74876412731987,223.9314329684254,180800
2023-08-31,222.8679962158203,224.96499335313675,222.12261830205503,223.52393241947436,350100
2023-09-01,224.60723876953125,226.09799477906353,223.40468891601662,223.73265705788424,251400
2023-09-05,219.2206573486328,223.4941612373918,213.9533160515464,223.4941612373918,427900
2023-09-06,221.60586547851562,221.72513628192522,219.15108581785165,219.5386818082325,227700
2023-09-07,221.21826171875,222.15247129474375,218.6939214124469,220.69152911352035,257700
2023-09-08,221.38719177246094,223.2059158535626,220.53249108677525,221.68534599579385,284300
2023-09-11,221.0791015625,224.77617748503104,220.4132323996723,221.8542934335384,240900
2023-09-12,218.5845947265625,222.45062150947757,218.12742286148105,220.91017054497564,215600
2023-09-13,214.5992889404297,218.73365590268256,213.89367292328694,218.0777196205959,359100
2023-09-14,216.86526489257812,216.924892709988,214.7483863859965,215.72234278811987,333100
2023-09-15,211.5482177734375,215.67263668753392,209.49096719107916,215.67263668753392,1006000
2023-09-18,214.38067626953125,215.3745136882742,210.91217821880642,211.9159485524248,225000
2023-09-19,215.11610412597656,215.44407229068807,213.04892049566968,214.18189453523874,186400
2023-09-20,213.63528442382812,217.64044774980798,213.55577561568714,216.03042092327374,158200
2023-09-21,207.62258911132812,212.16441845511284,207.4337575660181,212.16441845511284,233000
2023-09-22,208.73565673828125,210.1170900437633,207.23496780390286,207.61261568365939,214200
2023-09-25,209.8090057373047,210.9320468071533,208.26855479590506,208.61640393790825,130600
2023-09-26,206.93682861328125,210.43514057456196,206.35046817556747,209.22265771010822,172700
2023-09-27,210.96185302734375,211.15068454527847,207.94057906989613,208.49712554501698,143600
2023-09-28,211.39913940429688,213.73464796761255,210.77301705065403,210.92208658021008,179400
2023-09-29,209.0934295654297,213.74459602900484,208.1492871605582,213.09859268322157,206900
2023-10-02,205.68455505371094,209.62014190156188,203.94533994128759,208.3182175866225,213800
2023-10-03,202.56394958496094,205.72434529151607,201.51046918468705,204.04475763064957,213500
2023-10-04,204.1043701171875,204.9690189169442,201.4210123261682,202.7428178110796,216800
2023-10-05,203.14036560058594,205.90323245605927,202.50431024892492,203.73667412734878,198700
2023-10-06,205.44606018066406,207.11569966563647,201.75891690421807,202.15646094689336,398100
2023-10-09,206.76785278320312,207.48341685060203,204.03480021500704,204.32300635879793,142000
2023-10-10,205.92308044433594,208.77540373696576,205.88333362580863,207.02624042669726,299800
2023-10-11,208.6859588623047,208.71577276910364,206.0125340111336,206.0125340111336,166100
2023-10-12,205.39637756347656,208.73567189788267,203.77641771779648,208.73567189788267,183000
2023-10-13,200.95004272460938,206.34133487678628,200.46263245481347,205.60524868570192,182400
2023-10-16,201.51702880859375,204.8592340113808,200.76105942364447,202.68083037322833,163400
2023-10-17,205.2869415283203,206.520364324702,199.2988213817845,200.81077516035268,589300
2023-10-18,195.40953063964844,203.24780032409245,195.31006938060128,203.24780032409245,380000
2023-10-19,194.5540771484375,197.4387267495937,192.97250203733975,194.98180759704545,344500
2023-10-20,191.5102996826172,195.38963799151253,191.10246752815098,195.3001183023781,274600
2023-10-23,191.48045349121094,193.90753283666615,190.85378533192463,191.56997317740232,241900
2023-10-24,191.79879760742188,194.74311241111144,191.29148894597972,193.86776819370203,200700
2023-10-25,190.5852508544922,193.4897840788932,190.4857744050227,191.55011473804024,319500
2023-10-26,204.94874572753906,208.62916159687248,200.9500477415302,205.64505046690965,719400
2023-10-27,204.23255920410156,206.53032219025738,200.89035435751865,206.02301361857883,382200
2023-10-30,203.87448120117188,208.73858178656266,202.49184363700485,206.14240446933113,302200
2023-10-31,205.5554962158203,206.75909426972606,203.61582719983164,203.61582719983164,252700
2023-11-01,205.5952911376953,206.66957285554415,203.02895400805187,205.2769786977523,323400
2023-11-02,206.2915802001953,210.9368442179348,206.25179873427115,208.54956163519856,281600
2023-11-03,209.10659790039062,212.16033014592148,206.33136627849976,208.34067185696895,301600
2023-11-06,209.673583984375,210.39972860568827,207.01772695536246,208.84799327889206,271900
2023-11-07,207.4852294921875,208.88776527316372,205.27698618791908,208.88776527316372,287500
2023-11-08,206.48060607910156,210.52904244577536,206.2120318169862,208.65900971831294,227000
2023-11-09,207.9825897216797,209.0767698456734,206.26175659755663,207.8731717092803,182800
2023-11-10,209.5641632080078,210.08141336944374,207.4553962714997,209.25580749687393,272700
2023-11-13,210.37982177734375,211.0164315056267,208.88776630374556,208.91760619897968,167100
2023-11-14,216.43759155273438,217.65113137691975,213.1550660476096,213.1550660476096,194900
2023-11-15,213.62254333496094,217.56157633681224,211.74255410584325,216.31819681549175,446200
2023-11-16,208.59930419921875,215.46275315112953,208.49982776537598,213.8413813829242,357400
2023-11-17,213.5330352783203,214.23928156319116,208.67887650584066,209.03697043459692,277900
2023-11-20,212.50851440429688,213.16502254011863,211.36461113143557,213.16502254011863,191800
2023-11-21,212.72732543945312,215.00519014366634,212.02107916219714,212.05091905777397,297300
2023-11-22,215.11463928222656,215.34343208538812,212.58809829728045,213.63254032752837,154100
2023-11-24,215.3533477783203,215.6617034921599,214.478003678667,214.71673802711072,44400
2023-11-27,218.17831420898438,219.75988950939168,214.77642924702405,215.3235193384156,362500
2023-11-28,210.5190887451172,218.76517567260174,210.13115491239788,217.24328023824336,329100
2023-11-29,210.29031372070312,213.0953702736414,209.64374720627154,211.91167043731917,270600
2023-11-30,211.39443969726562,212.4985614381445,210.37983764884265,210.50915398992848,241100
2023-12-01,213.18490600585938,214.169652962977,209.97200210054842,211.02638560266075,197200
2023-12-04,215.64181518554688,216.08944400691868,210.63845663238232,213.1650126090266,273800
2023-12-05,210.64842224121094,215.06490942145405,210.42958619693042,215.06490942145405,354900
2023-12-06,210.7677459716797,213.56286066947916,209.4149484635878,211.851969256952,257300
2023-12-07,211.31488037109375,212.7571978637268,209.22599629350404,210.37985635880074,235400
2023-12-08,213.5927276611328,214.09007952605845,210.88713230169938,211.36460102016954,197500
2023-12-11,215.02508544921875,215.39312094148377,213.84138568137132,214.07017844821408,154900
2023-12-12,215.58213806152344,218.11863564283865,214.1497622425231,215.51251669203086,212700
2023-12-13,216.29830932617188,216.5370436702921,213.682249003315,215.34340230563788,387000
2023-12-14,217.46212768554688,220.6650749558952,216.5768419603869,218.7850854866016,337500
2023-12-15,215.4925994873047,219.4913124353443,214.95546619122692,217.2731123537205,868400
2023-12-18,215.62193298339844,216.7658362079765,213.71210363269074,214.1099790556811,260300
2023-12-19,217.0443572998047,219.85937076070877,215.870614148955,217.83018176952086,543100
2023-12-20,213.83145141601562,217.6113284375933,213.80161151983785,217.0443400542685,258600
2023-12-21,212.886474609375,215.6219095850256,210.45939532977664,214.8858234365985,321800
2023-12-22,214.86593627929688,216.10931587829324,212.1404579121999,214.10996694717758,386000
2023-12-26,215.36329650878906,216.71609417231693,214.01049884526122,214.5575889257273,133200
2023-12-27,215.054931640625,217.64116726851273,213.87123183812193,215.90043583611964,176700
2023-12-28,215.0748291015625,215.78106020877922,214.31885977516785,214.57747726573018,185500
2023-12-29,214.2890167236328,216.52710011044238,214.25917682604663,214.74658711657816,221100
2024-01-02,211.65304565429688,214.080125037182,209.87253276359178,212.5482728859634,226900
2024-01-03,209.40501403808594,210.90701106679668,208.2014159582778,210.4593974654698,284600
2024-01-04,210.01177978515625,210.99652665335444,209.5641510145505,209.5641510145505,572800
2024-01-05,211.3247833251953,211.66297891694956,209.99188410265364,210.02172399733945,526800
2024-01-08,212.69747924804688,213.17493274111683,209.26575475653075,212.04097120884265,232100
2024-01-09,213.08541870117188,214.25916173146956,209.98194814705417,211.33474572822888,243600
2024-01-10,217.41241455078125,217.50193424911984,212.90639242072632,212.90639242072632,296400
2024-01-11,220.02847290039062,220.27714884516456,216.42765007701595,217.29303750787724,235100
2024-01-12,217.9976043701172,221.74074592325866,217.95779050246742,221.63123879930325,216400
2024-01-16,219.291748046875,219.36144129451023,216.1061073694943,216.28529253712838,162400
2024-01-17,218.007568359375,219.3116889819696,216.87268325670217,217.7785892527148,158900
2024-01-18,222.2584228515625,226.81787823395666,219.16237408451403,219.33162481120735,282900
2024-01-19,217.8980712890625,224.2096253058203,216.24551469075615,223.54263286464894,244400
2024-01-22,222.88555908203125,223.36340139915654,217.4400979914088,218.95328305102785,218500
2024-01-23,220.51622009277344,223.99056815173563,218.8935431951448,223.57245424735896,183700
2024-01-24,219.1225128173828,222.4276102772595,218.087185292333,222.16878219358028,321600
2024-01-25,219.49085998535156,222.477401135188,219.4609957890799,221.46198808128395,386000
2024-01-26,223.2041473388672,223.50278931530272,219.54064879446778,219.94881308270905,302600
2024-01-29,223.62225341796875,227.87308609637884,219.63023364979514,222.5371319105887,392000
2024-01-30,229.7147979736328,229.98359093961497,225.49381420215167,225.49381420215167,338800
2024-01-31,227.08663940429688,231.98456517288056,225.97166887853822,229.9238596339992,415500
2024-02-01,232.6714630126953,232.68141268116813,227.27578058539723,228.23146523012642,280000
2024-02-02,234.15480041503906,236.14582795410024,230.3021517975281,231.66601599121256,406500
2024-02-05,232.4325408935547,233.88599761976522,228.71927894247204,232.40267669694995,262000
2024-02-06,235.87704467773438,235.89695920723716,231.8750749064441,232.58189639560888,223700
2024-02-07,237.9178466796875,239.85909553651894,236.57389698400843,237.31058265879818,300800
2024-02-08,240.91432189941406,240.94418609599308,238.18660881930543,238.18660881930543,250700
2024-02-09,244.05020141601562,244.36877312262217,239.94868943063423,240.64554605091723,214400
2024-02-12,242.42750549316406,245.02579691153656,242.41754063414442,244.19951870060066,212100
2024-02-13,241.66094970703125,244.08004069698154,237.86804495567705,238.11692337968017,441500
2024-02-14,247.3553009033203,247.6738574020613,242.89540358860705,243.94068086634127,325700
2024-02-15,251.20791625976562,251.81518020708856,246.13080564852453,248.87841791377267,259300
2024-02-16,251.7853240966797,254.56281583636576,251.08846754221256,251.47671727901093,256300
2024-02-20,250.0332489013672,251.09844076518795,247.19602850376995,249.07754897249532,382300
2024-02-21,250.98890686035156,251.63599987356326,247.49465927420866,249.615108296492,319800
2024-02-22,258.0371398925781,258.1167676138946,252.9500495469745,253.4776705451058,302200
2024-02-23,268.50994873046875,269.17695625796193,259.4607331009242,259.4706979594538,894200
2024-02-26,273.6468200683594,275.02063388221404,267.8529228450019,268.1416303344548,1131700
2024-02-27,276.2252197265625,277.14110580473056,271.06846545130827,273.7662993859419,1125800
2024-02-28,304.07965087890625,306.6082336287124,288.21116116312766,289.614839029153,1055000
2024-02-29,312.11346435546875,316.77249186034544,304.5177198558322,306.61823931517273,964200
2024-03-01,318.554443359375,319.71920784442005,313.35786023507666,314.373303729903,695700
2024-03-04,322.3174743652344,327.6634086970329,320.2667184804558,320.2667184804558,535800
2024-03-05,323.2034912109375,327.73306652993847,321.01334885278237,321.88940579604446,596400
2024-03-06,324.2687072753906,328.7783833831391,322.83516503366025,324.2089788803743,611000
2024-03-07,324.3782043457031,326.53848260192,320.8839412785361,324.88592609205574,799600
2024-03-08,323.55194091796875,329.39560190156317,322.4070757750727,326.4190254436398,423900
2024-03-11,314.990478515625,322.04866666801695,312.0835652820715,321.97897342096394,584300
2024-03-12,321.7798767089844,322.2378044652919,313.3379103168634,315.6475091949905,499400
2024-03-13,322.4070739746094,325.03524490202074,320.9735621004486,321.20251082321374,445900
2024-03-14,325.2543029785156,326.0009384043312,319.50023384545716,322.8352114902347,425200
2024-03-15,327.0262756347656,328.6290382324765,323.46234968179607,323.46234968179607,1105000
2024-03-18,329.35577392578125,335.0302145998642,328.01182425237533,328.97747383008647,329400
2024-03-19,333.1885070800781,333.31792873146134,326.54841684738597,328.5195450547555,343600
2024-03-20,332.6210632324219,334.9505618593932,331.1078932060312,333.3179350389019,362800
2024-03-21,344.3382873535156,345.91118581052507,334.6120979570961,334.73155475374614,408200
2024-03-22,346.41888427734375,348.1709678114857,343.6612917572384,345.3935063341691,302000
2024-03-25,345.5627136230469,346.896698346716,342.47661505065776,345.55274876414865,276000
2024-03-26,349.6045227050781,351.4661286166903,345.99080281516285,346.30937451679426,359300
2024-03-27,350.0126647949219,353.1385924551005,348.5791226092011,351.714984747715,310200
2024-03-28,348.62890625,351.4163324286118,347.1256708568914,350.38098968484167,324700
2024-04-01,353.2779235839844,353.9150669017469,346.43874967966303,348.4496763126031,304100
2024-04-02,356.6328430175781,357.3794783446062,349.73393988719914,350.42084681851856,324000
2024-04-03,360.7841796875,364.2286491177919,355.42831028890043,356.0455240178385,486400
2024-04-04,355.52783203125,367.8721965118106,355.3386819874278,362.59598576484586,387300
2024-04-05,363.3824157714844,366.14000828503333,356.6427986639885,356.6427986639885,375600
2024-04-08,359.489990234375,364.0195964606672,359.30087055391175,363.3326894766874,443200
2024-04-09,350.3212585449219,363.0339877049761,342.9245991806,360.445646056195,397300
2024-04-10,348.4895324707031,353.69608019438886,343.60155643067725,345.6125136006954,512500
2024-04-11,350.8190612792969,353.22821807187745,346.0704713330085,349.7538542090758,370300
2024-04-12,350.3013916015625,353.3974248554998,348.83798513878327,350.4208483935168,373900
2024-04-15,345.9578552246094,356.64732366358936,345.88814282012083,355.4518456133063,352800
2024-04-16,343.94549560546875,346.27665042125665,342.0725941973307,345.4497998986099,409300
2024-04-17,337.9183654785156,344.9716007497738,333.1663691775344,344.9716007497738,483400
2024-04-18,334.7901916503906,341.4748293387142,333.4851439300749,340.0502399039065,383500
2024-04-19,327.3882751464844,336.5833800985637,326.1429982762879,335.0791063129082,686600
2024-04-22,331.3332824707031,333.72420782741153,327.5376812463905,329.0519268784439,449800
2024-04-23,336.8025817871094,340.0303604124152,332.8974101793847,333.8238889615863,399600
2024-04-24,337.6095275878906,345.3103005275289,334.5012908884173,340.329192896811,525600
2024-04-25,348.030029296875,359.91494593613044,346.6153812183806,358.0121589921849,826200
2024-04-26,352.6823425292969,353.9276194680084,344.17463237365365,344.28420215117114,609300
2024-04-29,362.27593994140625,363.8699004110663,351.5566173475337,352.6723805556155,714900
2024-04-30,355.8205261230469,365.19494578095106,355.15304419174475,361.46908626626475,494700
2024-05-01,353.8977355957031,360.6919738997711,352.59268779036915,358.3907045390818,393100
2024-05-02,354.94378662109375,355.9599216631713,347.3326393418539,355.1330711488733,398500
2024-05-03,362.3954772949219,363.73041043154484,358.3807059415149,358.6397332553692,331000
2024-05-06,370.56451416015625,375.27665282017927,366.13131630523867,366.13131630523867,437500
2024-05-07,373.9715881347656,376.3724550972674,368.6019398769834,370.0962720656739,474700
2024-05-08,377.996337890625,378.5641914743812,371.0227869950443,373.58308369182356,357800
2024-05-09,380.8355712890625,382.52916007772654,377.2093406717519,378.35498936889815,286100
2024-05-10,378.8431701660156,383.9139347472973,377.8070911310343,383.1567965599334,287200
2024-05-13,372.14849853515625,380.566582312869,370.22579834999203,379.331246987867,297400
2024-05-14,372.84588623046875,373.7823369176378,364.85616995918673,372.1485189860598,309800
2024-05-15,384.14306640625,384.4419207341841,375.6751825557073,375.6751825557073,389800
2024-05-16,374.1708679199219,384.3123965337159,373.7823573042468,383.79437224539225,325100
2024-05-17,376.94036865234375,378.71364191588856,374.21073114837293,376.7809695452276,257900
2024-05-20,382.3797302246094,385.029683376517,377.7871631591438,377.7871631591438,267000
2024-05-21,386.7730407714844,387.2512380552669,379.62017741433135,381.07465234938394,466700
2024-05-22,387.0320739746094,391.1265299710585,383.1368440477252,387.43055651600844,444500
2024-05-23,388.6260070800781,395.3704155835252,386.9324183959738,391.76409867496136,541800
2024-05-24,397.1835632324219,399.05646456849075,388.8252500235815,388.8252500235815,376400
2024-05-28,392.1925048828125,400.4611622500855,391.0269426578046,399.02660074063743,506800
2024-05-29,392.4117126464844,395.7092039664888,388.6260824332824,390.4192692916891,443100
2024-05-30,394.0953063964844,398.1001063578573,392.64083134617545,392.86994286096666,403200
2024-05-31,387.1914978027344,399.45498349138177,378.13584694098773,394.0953063207584,4335700
2024-06-03,371.6902770996094,390.1602336816503,364.97572298551614,389.5226372781822,1102200
2024-06-04,367.49615478515625,371.1024716630346,358.9385855544073,369.76753853379194,794600
2024-06-05,376.7112731933594,378.76348738125625,367.49622283620994,369.0303823033317,530600
2024-06-06,372.8359375,376.2430287828108,369.56833183566334,375.9441440584824,469800
2024-06-07,374.57928466796875,381.95131770066143,374.2704584345994,377.22923751096636,335300
2024-06-10,377.5978088378906,378.912828427053,372.20824723274984,372.20824723274984,379400
2024-06-11,373.48345947265625,379.99875703495115,372.3776681261245,377.59785940966367,415400
2024-06-12,381.1543884277344,386.0956390275987,378.56420619959886,378.56420619959886,371700
2024-06-13,388.6658935546875,388.68580704104716,377.8767970472972,380.96508996012136,345300
2024-06-14,375.7747802734375,385.06951394439756,373.583080705723,384.5614312259117,336900
2024-06-17,381.58270263671875,385.21890486648346,374.8880932440078,375.7747449319158,399800
2024-06-18,384.2226867675781,386.53392785957107,375.66514804390755,381.0945671811921,352600
2024-06-20,384.45184326171875,390.1402595221988,380.58649897184176,384.22270137157557,488600
2024-06-21,379.82940673828125,381.6724228187715,362.9036111153259,381.5130237110364,880100
2024-06-24,379.34124755859375,380.88537882854035,370.8235653105947,379.560417519709,496000
2024-06-25,377.0997314453125,380.2776805321577,369.9568097567348,379.63014262341653,381000
2024-06-26,367.1275329589844,378.3250831926007,363.73041402602774,374.80842254507365,625600
2024-06-27,368.98052978515625,370.1162065036774,365.613296198313,368.1038499871299,475600
2024-06-28,363.7005615234375,373.9417181630947,360.7118967795422,368.60198508042464,898800
2024-07-01,358.30108642578125,369.38903838271466,356.5676704634867,366.53982862162377,470000
2024-07-02,355.5115661621094,359.77542308362086,353.65860888890563,357.055727625378,652000
2024-07-03,369.6878356933594,369.877120212029,354.1567460345199,356.5576435166688,381400
2024-07-05,361.1701354980469,371.5607179969955,358.4604119191816,368.9406507009795,290200
2024-07-08,362.4652404785156,367.9843163077251,361.389334595243,364.8960234616793,301000
2024-07-09,362.1863098144531,366.66930685788435,362.00699722926055,362.4652506366203,462400
2024-07-10,371.3515319824219,371.67029975319093,364.208610529024,364.4676378448993,337400
2024-07-11,374.0413513183594,376.6614189759776,369.0801872357326,372.66656065373303,253400
2024-07-12,375.0276184082031,380.8056912950688,370.0763960391065,376.50200685949295,294400
2024-07-15,379.2045593261719,383.01263147795305,374.96780411422,376.393340331201,343400
2024-07-16,389.661865234375,390.09051787966007,378.9553451385717,382.2251221195929,360600
2024-07-17,360.1142578125,384.7971079432213,360.084352518419,384.7971079432213,431800
2024-07-18,363.6930236816406,373.31297458185765,355.4189021235225,363.7129808236547,460400
2024-07-19,362.476806640625,365.82635112942756,359.6058076219713,364.04192108800453,379400
2024-07-22,374.5690612792969,374.7883769040928,363.36409853830105,365.59710822896847,284700
2024-07-23,378.02825927734375,382.0855832368648,370.2426000158176,373.11362993879584,388800
2024-07-24,355.6182861328125,374.8382001052286,354.4020869630628,373.0637485712468,636700
2024-07-25,345.5198974609375,395.6033249523823,344.7124240955004,387.39896112658016,1435600
2024-07-26,362.91546630859375,366.9329060428407,350.813315094307,358.2999207459019,1229600
2024-07-29,361.7391357421875,373.6718332776002,361.33040982828356,364.2014393740178,409400
2024-07-30,357.3529052734375,369.0463621612648,354.1130332111066,363.6930710757024,449900
2024-07-31,374.26995849609375,379.5335023676482,368.2786786886293,369.694266700578,474800
2024-08-01,364.97900390625,383.7802436565448,359.72543850021094,374.4095138600451,487400
2024-08-02,348.6101989746094,358.62886675242186,340.39585761452764,354.78091074877545,583300
2024-08-05,339.1597595214844,346.9553970325717,318.49435032809646,328.11430197087697,654100
2024-08-06,349.3379211425781,354.53170672907277,340.5254735549543,342.4395034993921,426700
2024-08-07,346.79583740234375,359.6955123467762,342.01077834120736,358.2001870943842,396500
2024-08-08,355.9073486328125,356.27622109555455,344.7322927262914,352.8867927393471,326400
2024-08-09,354.66131591796875,359.74542905768897,352.42830608380785,355.90742058836696,259200
2024-08-12,354.691162109375,359.0475688660404,350.9927325822127,355.6980242504715,208100
2024-08-13,360.3335266113281,361.8288519659854,353.40520405489923,358.2999060331742,297700
2024-08-14,364.21142578125,366.3148355538843,360.2936805729726,363.30425806342845,293400
2024-08-15,371.0301208496094,373.60206723027227,366.9827757437953,370.40207929483233,188200
2024-08-16,365.4475402832031,371.14971545820754,362.01825840606915,371.0300942987099,220400
2024-08-19,367.3914794921875,367.5310273723346,360.1341683177857,365.44754436124305,279300
2024-08-20,366.1553039550781,370.48180519453115,360.3833702906255,366.8531345865952,299400
2024-08-21,371.9671936035156,372.1665520759637,359.00770641790484,365.1086293638427,243700
2024-08-22,371.59832763671875,377.0911353957233,370.82075967247374,371.847548528111,290900
2024-08-23,381.10858154296875,381.95593867286,373.5721440906499,373.63195467182123,236700
2024-08-26,376.4331970214844,383.9696649346303,373.88117747027616,381.5173094042332,212500
2024-08-27,379.68304443359375,381.96591635120797,372.106723137376,373.8313426837136,282000
2024-08-28,378.5665283203125,381.8263265785122,375.7453612581513,378.8157492079493,231000
2024-08-29,383.9696350097656,391.08736745291174,380.3110591414433,381.21822678642206,287100
2024-08-30,391.8350524902344,392.12415724301485,385.3852145935449,385.6842979171885,552500
2024-09-03,357.51239013671875,388.70488822663384,356.1466643966726,388.70488822663384,524100
2024-09-04,355.3490905761719,359.9746447059687,350.81328273483695,355.19956413285314,350300
2024-09-05,352.3684387207031,354.6513106273557,348.9790406478068,352.99648024099173,383200
2024-09-06,351.78033447265625,359.4363941950853,349.43765162956896,353.28563863571003,384800
2024-09-09,362.96533203125,365.128552449497,354.53170512655566,354.6413477219395,375800
2024-09-10,370.10302734375,370.7809009128346,362.4768432128884,364.1316736944591,362900
2024-09-11,383.86993408203125,383.86993408203125,363.36403332262375,371.5285115668803,338500
2024-09-12,387.2792663574219,392.54281009089243,381.3278705659577,384.0693002276084,408900
2024-09-13,395.18463134765625,399.24192469674443,391.2270020259487,391.55596024574913,249000
2024-09-16,401.43505859375,402.431942191952,393.2805580618514,395.6232101796476,199200
2024-09-17,407.9247741699219,409.3901942532464,402.9602829764714,404.9241448510972,349800
2024-09-18,407.4761657714844,416.4780233360326,404.97397823547004,410.5565324014822,384000
2024-09-19,428.7098083496094,431.5310061606813,411.14472302411684,419.35906511838346,460800
2024-09-20,434.2424621582031,435.7377874201649,426.6661414131026,429.1085181766283,721900
2024-09-23,433.75396728515625,440.5128666550545,433.62439798437305,436.2461760478136,392500
2024-09-24,432.2088623046875,436.24622881959607,425.6892348746186,433.6343985879788,362700
2024-09-25,434.1128845214844,440.7720593921687,432.1490226939578,434.14278981134635,524800
2024-09-26,427.9621276855469,442.5764452665198,427.2942326939409,439.0674258615455,512600
2024-09-27,425.759033203125,429.4275577231787,422.289867159013,427.3640316946951,363900
2024-09-30,429.18829345703125,429.63690324431246,420.5652564343568,424.3035699201237,278100
2024-10-01,426.94525146484375,428.49040867489947,418.89044641029756,427.16456704521966,274200
2024-10-02,428.55029296875,432.1988600670794,422.339697368913,423.675517703446,226400
2024-10-03,429.60699462890625,430.0156901284112,424.7122925587219,428.5503004589043,308800
2024-10-04,433.6443786621094,439.3764595294821,429.44750710185616,436.4855030895628,291600
2024-10-07,438.9876403808594,443.59326809311773,431.8798859828946,431.9995071453609,352400
2024-10-08,438.36956787109375,444.2711319447269,437.81131551010475,442.16769180897,351200
2024-10-09,445.5472106933594,446.7035994552149,437.67183541738007,437.67183541738007,266200
2024-10-10,440.7123107910156,442.1179204571459,434.83070305206746,441.6194786077015,182200
2024-10-11,449.0462341308594,449.14589815384454,440.4231665695036,440.4231665695036,151200
2024-10-14,451.1895446777344,453.4225543116297,447.9197675327557,450.98020763017536,142000
2024-10-15,443.76861572265625,453.23425999872535,440.46710974946603,451.77801405762716,245800
2024-10-16,446.13250732421875,451.2792730590195,443.2399533271823,446.0626796029479,246800
2024-10-17,452.5859375,454.3513857360714,447.66859236052545,451.0897856404959,266400
2024-10-18,452.5759582519531,452.69564553170693,443.28984471316744,452.63580189183,261900
2024-10-21,453.9324951171875,454.9897733640288,448.11743432027185,451.837876357474,217200
2024-10-22,446.7908020019531,452.94495567820945,443.88826402156246,448.84551458915183,221500
2024-10-23,444.4767761230469,448.52635793195253,440.93589567157613,444.20747975461535,172700
2024-10-24,444.96551513671875,446.35196378032435,440.467105988173,444.8159060411861,265300
2024-10-25,427.4804992675781,442.7711884380159,421.0769863045197,442.7711884380159,502900
2024-10-28,430.4528503417969,433.1160139735537,428.3582317068277,431.0114112525504,359400
2024-10-29,435.66943359375,435.8290267700599,426.7224447096005,428.89684466316186,355000
2024-10-30,430.6623229980469,437.43491240337505,430.1835738748441,430.8817598259442,369900
2024-10-31,444.9256286621094,455.58820623636257,435.3901569784596,437.99344649417634,548200
2024-11-01,452.0472717285156,460.68505796982697,450.3616050237736,456.3861178002522,523300
2024-11-04,460.3160705566406,467.3878782587398,449.51386716958433,449.5437889901855,394000
2024-11-05,474.55938720703125,475.2775412676514,460.9444123120899,460.9444123120899,357400
2024-11-06,500.59246826171875,503.2356637917526,485.6309496698811,491.1866675457458,616600
2024-11-07,503.0561218261719,508.1529977703311,500.313176811241,501.7095790946212,796500
2024-11-08,512.8310546875,517.7683075506447,504.7019378586995,506.5671358022387,593200
2024-11-11,519.1047973632812,523.9622983559195,515.0153403927401,520.4413863380071,634900
2024-11-12,512.7611694335938,523.1544203767752,509.5793507906302,520.2718199224688,472000
2024-11-13,499.07635498046875,515.673681107035,497.3308444544778,513.678811934474,454900
2024-11-14,496.83209228515625,501.2108444224102,491.5357174389399,499.0962881182173,556600
2024-11-15,497.5802001953125,503.3454012920631,494.4881773473297,498.02905793223266,436700
2024-11-18,499.5650939941406,504.512360775154,495.97432357272515,500.0737649093466,402000
2024-11-19,512.681396484375,512.920771053445,494.1490745728379,495.97436654057486,448900
2024-11-20,514.4967041015625,519.6135482851054,507.4548185149523,515.673669581639,436800
2024-11-21,525.5980834960938,531.014145129407,517.1697504120264,518.6659020525626,397800
2024-11-22,503.6246643066406,527.0543616098581,496.6027165805388,521.4787365903056,661400
2024-11-25,509.6790771484375,511.8335698945816,501.749490643291,506.6069920904466,651300
2024-11-26,513.4594116210938,521.3989520595178,507.44485177295746,510.16785918385835,451900
2024-11-27,506.6468505859375,521.1495258455258,503.97370307578575,518.6659237588667,391200
2024-11-29,508.8113098144531,518.3866571813908,508.661700719211,512.7511884784544,177400
2024-12-02,503.794189453125,516.4117298278564,503.7742517212083,510.6366059719374,319100
2024-12-03,508.28265380859375,509.4496655912312,499.7645544778471,505.938676596825,340700
2024-12-04,513.3895874023438,513.5491501525532,506.078374702454,509.72898900908825,336600
2024-12-05,512.20263671875,516.7708433670678,506.93615279416946,512.6813858469567,323200
2024-12-06,507.7240905761719,512.4319827103228,503.05610434566995,512.4319827103228,313300
2024-12-09,477.3621826171875,507.7240917993493,467.34793152716804,504.5821791535301,556600
2024-12-10,473.0931701660156,484.06495001171305,472.43485972255945,481.3519268686601,349300
2024-12-11,479.7261047363281,481.7608797077835,475.5169297871483,481.10256926292186,319200
2024-12-12,479.0179443359375,483.29694709360973,475.6067047695562,480.75347071851934,250000
2024-12-13,478.0504150390625,483.3866958034616,475.367313747864,478.5092263947932,266100
2024-12-16,483.306884765625,486.019907879142,475.77626631104914,477.5117926362664,343800
2024-12-17,475.6765441894531,480.54402980067704,469.332874883843,476.3049328439176,440000
2024-12-18,463.228515625,483.6659375426866,463.0589383770592,478.6687812619564,555700
2024-12-19,463.1088562011719,475.9857400837929,460.475644778869,468.97377631172515,371400
2024-12-20,464.62493896484375,469.74178274160136,453.5733478284524,457.43341441392647,867500
2024-12-23,462.071533203125,463.80705955637717,456.27644098015486,463.1188272909248,192000
2024-12-24,462.3009338378906,464.2958029551465,460.0267842617904,463.1487593005818,134900
2024-12-26,465.38299560546875,465.5725106037515,459.0792324285714,461.81219333538405,144900
2024-12-27,458.20147705078125,462.9392910454204,453.3539294299427,461.4132174394555,177600
2024-12-30,456.07696533203125,459.40839320301046,448.84556456952225,455.1094525641654,291900
2024-12-31,452.7355041503906,458.29122150655047,451.58846058683974,456.32627436439356,349800
2025-01-02,456.45599365234375,462.68995980379333,452.1271312094917,454.82018632334524,308500
2025-01-03,472.43487548828125,472.86376504567875,458.3411202186058,458.3411202186058,390200
2025-01-06,477.90081787109375,485.23196785633996,473.7814083346561,475.59674650991445,479400
2025-01-07,468.9737548828125,479.6163945948454,455.1792488770099,478.7386473477558,429800
2025-01-08,474.6391906738281,474.75890838891013,460.89454378308415,468.17583426659115,360300
2025-01-10,465.841796875,470.5097828238699,462.2011671982867,470.2903460259683,351500
2025-01-13,466.57989501953125,468.6445916772422,455.9073340180084,458.82984014809074,312400
2025-01-14,491.6454772949219,493.14162914914135,470.7691790611421,472.5844868437366,407500
2025-01-15,500.7320861816406,508.26273536311527,497.0415965781613,501.00141299362326,444500
2025-01-16,509.9330139160156,515.4615934779309,503.84565605226476,506.021139440826,313600
2025-01-17,505.42236328125,513.4257628725584,501.66017252515024,513.4257628725584,375200
2025-01-21,526.069580078125,526.4188926732606,509.5139294270665,515.1023218601433,411700
2025-01-22,534.8812866210938,544.1620372449784,531.2787685802574,534.142827068003,383100
2025-01-23,530.7000122070312,532.4364034439984,522.4171921164797,529.322861727593,365000
2025-01-24,530.5503540039062,533.2846768141366,522.3872200006831,532.9653313963776,285700
2025-01-27,429.1105651855469,486.11241027422597,428.0427711212488,486.11241027422597,1611000
2025-01-28,437.3634338378906,443.7102941055783,429.2502762078298,440.40714322938084,1086900
2025-01-29,438.5010681152344,449.58807205871074,434.10018670582053,439.81834495637554,506300
2025-01-30,447.76190185546875,454.03889972356626,439.928133232674,444.0396062747952,589800
2025-01-31,447.1331787109375,457.37196549196284,440.97595850328094,452.73159017782956,701500
2025-02-03,447.47247314453125,452.3523727391652,431.2261497374804,436.03618681888327,635200
2025-02-04,444.07952880859375,451.38439488368255,441.63458438955166,449.348606044594,386900
2025-02-05,455.7054443359375,462.6810067037502,447.16315255209537,449.4184876407041,358000
2025-02-06,466.2037048339844,466.7326073477668,456.84310183713876,459.0485220790102,422000
2025-02-07,460.7948913574219,470.80414354544826,459.1981947929591,469.95589564047236,331800
2025-02-10,465.5450744628906,468.31932305696625,460.0464616723143,462.41155466112724,345700
2025-02-11,445.31695556640625,462.80073543791093,442.10361482621283,460.69508407629945,373200
2025-02-12,432.59332275390625,437.8025264811307,430.11847208720155,432.842805632692,603900
2025-02-13,426.6656188964844,438.4312403120784,420.55828272791763,436.67487105151406,519400
2025-02-14,425.4082336425781,428.0327983971863,421.3665927380898,428.0327983971863,303300
2025-02-18,433.012451171875,435.0681875797163,426.8651896143037,427.0148732450782,466300
2025-02-19,433.9505310058594,435.1879563550521,429.6294704354823,430.1384252601453,340600
2025-02-20,423.7616271972656,435.2078717370914,417.9935541575182,434.67896928470867,432000
2025-02-21,403.51361083984375,432.01453223588544,401.8769885506584,432.01453223588544,702700
2025-02-24,390.6203308105469,405.59929279564557,387.4868416480235,402.4657731786688,841000
2025-02-25,397.2066955566406,399.6416509868179,384.7225620601086,389.6523463773976,827700
2025-02-26,420.0094299316406,432.7330570213131,414.27132359708247,419.11129763973094,881400
2025-02-27,401.8769836425781,423.2626787161468,401.00878811503287,417.7540773753869,576900
2025-02-28,408.064208984375,408.16400823398794,395.20085620697984,399.24249740789105,676800
2025-03-03,394.9114685058594,410.2496717609724,393.1950249988158,410.2496717609724,560400
2025-03-04,387.2772216796875,397.5559338333113,375.5116318732572,384.2036062298074,662300
2025-03-05,391.7879333496094,395.3804930271823,384.0040489724591,388.3450573139241,522700
2025-03-06,374.09454345703125,386.5686861041404,369.444179423655,379.4334826008839,689200
2025-03-07,374.5736083984375,381.82855970678264,363.0474808766587,375.0725741667971,583600
2025-03-10,360.4129333496094,369.2246548295031,354.79457430095493,364.08531385003783,640000
2025-03-11,371.8293151855469,379.2040137727662,359.2553711059477,361.44084371653196,620400
2025-03-12,381.59906005859375,389.19330453667135,376.82891801286837,384.7026125612482,530000
2025-03-13,372.1486511230469,381.7287697449538,368.9552579461083,379.463476065118,335700
2025-03-14,387.7063903808594,389.49266590117645,378.5154190169527,380.0322944408957,330500
2025-03-17,394.27276611328125,397.82539993796274,383.53501306202276,385.03191036302184,391200
2025-03-18,385.740478515625,391.7480156177584,382.3275391381199,388.0357089503207,359700
2025-03-19,397.71563720703125,401.04872483515476,385.32131430688884,387.8660579600331,412300
2025-03-20,398.693603515625,405.70906112250935,389.9118180216527,389.9118180216527,559600
2025-03-21,394.3226623535156,395.07111096869386,389.6323721832844,393.0353222081624,1255900
2025-03-24,411.99603271484375,414.66049280964387,403.60342500579213,404.16226421872597,560900
2025-03-25,411.4272155761719,415.9378551896289,406.2978632783971,410.87836540897484,359400
2025-03-26,391.4386291503906,411.008051161034,390.3209507480273,410.9082823750356,296600
2025-03-27,378.54534912109375,389.1234292971428,376.5994009347034,387.8660562941615,637100
2025-03-28,370.1028747558594,379.50340350109167,365.9614648506908,378.93457519979273,400400
2025-03-31,368.86541748046875,368.9352799930719,351.3716798705918,360.4328843005668,775900
2025-04-01,374.7232666015625,376.3099739827047,365.2029918602577,367.7576939844875,408300
2025-04-02,384.15374755859375,384.25351634618795,362.0495402138744,363.94563444940957,400000
2025-04-03,353.8066711425781,366.8895395471931,351.4515367758498,361.4009158534369,491200
2025-04-04,341.3125305175781,347.0406782019353,320.22626289571286,339.2967197929994,1172100
2025-04-07,349.75506591796875,361.24123752383565,324.12816017948785,325.12609174463955,1144100
2025-04-08,353.5272216796875,374.7731613120156,346.96081537851813,368.386405825592,819300
2025-04-09,390.1911926269531,395.8494772857217,349.05645749551934,349.99451548448235,931500
2025-04-10,374.4239196777344,385.43110316019687,365.1032124513438,375.23224177515135,643600
2025-04-11,382.9362487792969,384.473041295154,366.2208968823566,374.5037157898063,455200
2025-04-14,384.99200439453125,392.1870820286757,378.20605187810645,392.0373983936011,388500
2025-04-15,389.2930603027344,394.86150433036414,385.21152437324787,385.6805533675847,395700
2025-04-16,381.6090087890625,388.50471927628644,374.2243216003725,382.05809015676425,498400
2025-04-17,378.27374267578125,383.4064809641155,373.5903795435955,381.5391025941636,359200
2025-04-21,362.1965026855469,375.17809857713746,356.4646385590597,373.540436172873,400600
2025-04-22,372.67169189453125,375.8072309092518,365.35205153778736,370.2051873291714,370600
2025-04-23,383.5862121582031,396.9472756690373,381.5890434534297,392.1440873720074,404700
2025-04-24,400.0528869628906,402.129959629922,381.7688086021582,382.7074803984242,331800
2025-04-25,409.65924072265625,414.0630014354325,403.8574679917867,404.6663188906255,524500
2025-04-28,409.67919921875,416.72920184499515,403.5279163556719,410.27832541127873,689300
2025-04-29,412.4352722167969,414.2527029372647,405.98442624041695,408.30114910556006,501100
2025-04-30,400.1327819824219,400.2326160430977,374.10967491002265,384.4549946847474,1128000
2025-05-01,411.9360046386719,418.35692516264356,406.9031614617516,410.8875032620741,606900
2025-05-02,429.58099365234375,433.21582475241405,415.13147723572985,416.0701489401471,678600
2025-05-05,435.372802734375,439.0176601732924,425.67655674475577,425.67655674475577,551400
2025-05-06,432.4569091796875,436.6709361355499,429.12164128182474,431.0189453528471,411800
2025-05-07,433.535400390625,436.84071223452906,427.29424804573415,433.4654921705118,430400
2025-05-08,439.61676025390625,447.8051640347132,434.4041487781854,439.70662918761474,312400
2025-05-09,438.80792236328125,443.39142096432215,436.0019027217358,440.75517407438997,219900
2025-05-12,456.66259765625,464.34171359428615,451.13043193350586,457.84091985216605,441800
2025-05-13,471.71124267578125,473.62850740990297,456.4129243345931,456.9521683736032,750100
2025-05-14,465.90948486328125,478.0722343416642,465.25041556736835,475.15635477256836,599300
2025-05-15,463.6327209472656,468.7654284885814,460.34737001239984,463.0335642623528,489900
2025-05-16,469.7640075683594,471.66131165411963,462.3445334916202,465.3003345033638,424000
2025-05-19,469.3246765136719,470.22342686104344,459.46865327527155,460.3673731482654,298800
2025-05-20,471.8510437011719,477.48307379562385,470.7326341581423,471.9609038211343,564800
2025-05-21,463.1134338378906,475.0664892310462,462.6041765630692,466.7782516592506,355100
2025-05-22,457.6611633300781,461.545670844334,451.35010330593633,459.3487732174574,455700
2025-05-23,462.66412353515625,464.6213403925443,450.0420023093432,452.27885204930647,397600
2025-05-27,474.91668701171875,475.346070931889,466.2889348073887,468.9351770151947,340500
2025-05-28,468.4758605957031,476.1649415436178,467.3973724688658,476.1649415436178,280800
2025-05-29,467.59710693359375,476.3247242038944,464.1419832189923,471.65135686517795,343800
2025-05-30,471.1919860839844,471.3617588283619,463.5029050478788,466.7882560177434,807400
2025-06-02,468.88525390625,469.46444987582004,456.65259602173074,467.6669798204086,330900
2025-06-03,483.0951232910156,485.88118208921514,468.1662754498861,471.52153462690467,435300
2025-06-04,481.956787109375,489.30635363007667,479.78984556314435,481.89684400923807,340400
2025-06-05,483.374755859375,488.10803610123077,479.3205056867249,483.1351053583323,350900
2025-06-06,488.1280212402344,491.03390542685514,483.3747498659765,489.3063434882537,336300
2025-06-09,473.1192626953125,486.0609066539836,471.1919718412242,483.52449400631315,488900
2025-06-10,465.2703857421875,473.7583524774832,454.495682851521,473.7483873568402,404800
2025-06-11,471.22198486328125,471.7112814443454,463.55283387336885,467.75689594014324,329900
2025-06-12,474.25762939453125,475.44594713722705,465.8295755514927,466.90806365002084,380700
2025-06-13,477.2434387207031,480.77840532452524,469.35459809588,473.4388043684955,401000
2025-06-16,485.12225341796875,488.98676991907286,479.3404415846645,482.3162338741664,376700
2025-06-17,480.7085266113281,486.23069675293283,478.72132306641043,482.50596622068167,571500
2025-06-18,484.5231018066406,492.6915449143578,480.45888668048286,480.69853717163204,541500
2025-06-20,484.3433532714844,488.6272885526839,477.48308384404345,487.02954754000024,1452500
2025-06-23,493.8998107910156,495.52750810859516,482.8854269598523,484.5929976143107,389200
2025-06-24,499.9412536621094,502.657404339866,492.7714252722642,498.40342521512093,359700
2025-06-25,501.8585205078125,504.9441423473743,498.603125928004,503.6260037534718,266700
2025-06-26,510.2666015625,511.9941329651282,503.86567229347946,505.6731379832424,340400
2025-06-27,529.8687744140625,531.7361221017153,516.9171658356233,518.4449680579091,681300
2025-06-30,534.1328125,537.5379584110432,522.7589218085001,528.920170354231,421500
2025-07-01,530.1284790039062,535.1014096983865,516.1782235621212,530.7076750082896,635600
2025-07-02,541.032958984375,541.032958984375,528.2910136250044,528.990034821439,388800
2025-07-03,546.4452514648438,549.401082826611,532.3253162987667,536.7090548948676,302500
2025-07-07,550.3598022460938,553.1857521194966,544.3283136667051,547.5637782103272,481000
2025-07-08,540.57373046875,551.8078054790524,531.4965710429724,551.8078054790524,416900
2025-07-09,545.5066528320312,547.3140879511468,538.676309500589,545.7063209301672,389100
2025-07-10,546.8148803710938,550.0802100450614,536.3496739937045,545.2271042938836,383300
2025-07-11,553.4353637695312,555.8219948840585,541.2326928286826,546.8547273367328,215600
2025-07-14,556.0716552734375,559.217220291857,551.2185500582336,552.8162606064384,283900
2025-07-15,549.2283325195312,562.225760201991,546.3810521913564,561.7362438410404,341600
2025-07-16,552.7648315429688,555.0426555769568,545.9114812250531,551.176403550534,258200
2025-07-17,558.7091064453125,561.4864469626997,553.5640630147315,553.5640630147315,287700
2025-07-18,565.0130615234375,569.4487701722454,559.5383805787048,561.5064461825116,415100
2025-07-21,559.8980102539062,565.7723286819777,558.1597027350927,564.28377939233,263500
2025-07-22,558.4393920898438,561.346611981516,539.4777671208107,559.098787951846,315000
2025-07-23,573.1051025390625,573.4648006721711,562.655258962247,564.3136265035517,231700
2025-07-24,578.2401733398438,579.918541129307,568.4896034405709,576.1322287628503,253700
2025-07-25,634.44580078125,635.7645314635015,605.3140296359026,606.4229414677528,658100
2025-07-28,631.049072265625,641.3391595493283,626.0439688351797,634.4458083948647,578500
2025-07-29,635.6146240234375,636.6036567473363,627.732301508907,635.9143826467845,418000
2025-07-30,638.711669921875,641.9285263339266,632.0780773624109,633.9063244964344,560800
2025-07-31,626.8831176757812,666.994311274336,615.4441792680332,666.994311274336,731400
2025-08-01,624.0657958984375,631.6884209647459,595.0439055421878,608.1812111220304,508800
2025-08-04,628.6114501953125,634.2260711746119,620.4194292206396,630.7893955698128,340100
2025-08-05,624.3955078125,635.0052314031601,613.1863889247894,635.0052314031601,404700
2025-08-06,621.668212890625,625.1048884542322,615.2044384167835,622.1876685270822,299300
2025-08-07,616.9127807617188,624.3355874695729,612.8966492196873,620.0696977167411,220100
2025-08-08,617.6220703125,619.8499550716399,609.410049407064,619.5102570670646,321400
2025-08-11,614.0955200195312,623.3965136413857,610.6987838560342,618.4612888026796,299100
2025-08-12,631.9581909179688,633.1670425675204,614.7448751418347,617.8118522045914,347400
2025-08-13,616.1135864257812,639.760677508825,602.3069447731627,635.6346668560933,364000
2025-08-14,609.1602783203125,617.5421785390147,603.7954768112273,603.7954768112273,239200
2025-08-15,605.0342407226562,612.7767449388409,596.2827036201826,609.160251073371,233200
2025-08-18,612.3272094726562,612.7567862895266,603.8754304190333,604.0152486789458,261900
2025-08-19,606.5128173828125,611.278223578188,604.3049938143542,611.278223578188,229500
2025-08-20,604.5447387695312,606.8525021581419,588.7300320634076,599.4196954949593,302700
2025-08-21,610.2591552734375,611.0783694782277,601.2079206366785,604.414837843417,225100
2025-08-22,609.6497802734375,624.6552727902625,609.0703241626667,613.0365161783557,222900
2025-08-25,608.5708618164062,619.4703450324572,605.1341861602392,609.6498344346329,279300
2025-08-26,618.2415161132812,619.1905485404787,607.8715502456531,609.4100388842178,422900
2025-08-27,623.396484375,627.722313591494,615.0045842333482,615.0045842333482,372800
2025-08-28,632.6375122070312,633.6565451618715,623.3964589296289,623.3964589296289,322900
2025-08-29,619.400390625,632.6375763923891,611.0484903147144,632.6375763923891,353400
2025-09-02,619.8099365234375,620.9688487627635,595.5933902736294,605.2740209180384,298700
2025-09-03,626.6734008789062,627.3626750583289,619.6201699091447,622.5673292256732,303200
2025-09-04,639.9505004882812,641.4590498961601,625.8941005225391,630.779385949396,330100
2025-09-05,624.795166015625,639.9704773790168,611.9076179172042,639.9704773790168,429800
2025-09-08,620.9788208007812,636.9333452429918,619.0206945742945,629.9501157732392,577500
2025-09-09,622.4274291992188,630.9890865612185,617.7919024135628,630.9890865612185,560800
2025-09-10,633.7864379882812,641.229183629362,627.3926036245875,631.1089764029965,767700
2025-09-11,639.3809814453125,647.5630623812904,634.2958777477616,641.3790470123291,666600
2025-09-12,628.4716186523438,639.9304964705187,627.982102299327,637.0732770796797,455300
2025-09-15,628.1419067382812,629.7303958050951,615.5541171726247,627.3926320980368,523600
2025-09-16,618.391357421875,627.0130161211039,612.9566160735606,623.536401184153,431200
2025-09-17,616.12353515625,625.4944685502057,610.6488544269329,621.0088206266171,381600
2025-09-18,628.311767578125,638.4919154817733,615.9237959438741,617.7919826279826,706300
2025-09-19,631.4087524414062,634.1060923173657,613.2163425487367,626.7632253641423,10505000
2025-09-22,655.1957397460938,655.2856185571508,621.9878971294897,624.5054184809887,837700
2025-09-23,644.0764770507812,659.7912439385732,641.0993177565998,659.3616671392386,546300
2025-09-24,625.9640502929688,652.4584222635057,624.9050778600053,651.2695706756962,462900
2025-09-25,624.3955078125,627.39260625,608.4109828125,614.8048172029495,357400
2025-09-26,639.9505004882812,645.3253022710982,625.9141006925385,628.9711388721669,396300
2025-09-29,640.0103759765625,650.2804012673905,635.5446677336777,643.3771115736329,410400
2025-09-30,648.9117431640625,650.5501715908457,639.5508107032172,640.0103877427656,300800
2025-10-01,654.28662109375,657.2437804802246,640.3600997882037,643.8467149132345,407900
2025-10-02,659.6414184570312,663.5276097779006,649.0316338299158,652.3984305252196,342400
2025-10-03,653.777099609375,662.6085773606484,649.311451771544,662.3588191332226,321600
2025-10-06,669.3519897460938,678.3632852995129,656.8640794896368,657.0039587187789,592100
2025-10-07,672.4290161132812,685.1566842672595,662.6584460314497,680.1115808073588,485300
2025-10-08,694.3578491210938,694.7274864071481,672.299186144228,676.2153779450932,417600
2025-10-09,680.1715087890625,696.8253682589404,678.0235639086399,694.3277862938546,414700
2025-10-10,663.0980224609375,697.2349562431672,663.0180827634367,687.314567833186,423300
2025-10-13,676.365234375,686.2456228430342,671.8495864156529,674.1873500960219,241600
2025-10-14,673.488037109375,680.3613881687164,660.3707305801469,667.3539606214877,452000
2025-10-15,690.22802734375,692.1568687215124,679.5943597804276,685.6607461647877,662900
2025-10-16,686.8099975585938,695.4948158264039,682.6425023249883,692.3766819971062,416500
2025-10-17,688.5989990234375,691.6971254007303,674.9471133767277,682.5126050128075,524700
2025-10-20,699.7623291015625,703.670030911191,692.9463899721866,699.5824437930083,289500
2025-10-21,689.5384521484375,700.8216956240946,680.094076940477,698.0233780436336,384400
2025-10-22,662.5345458984375,699.8722455094662,646.1643119118212,694.615434410116,568900
2025-10-23,695.8646850585938,697.6835457151903,665.262894350272,665.6027183732748,470700
2025-10-24,747.7936401367188,752.0711162534382,729.4546109229368,729.5645306645706,689900
2025-10-27,754.3997192382812,755.1193214887554,741.0577067065175,749.4227092509379,477600
2025-10-28,750.9917602539062,758.2673859348628,746.5644101172514,754.6396073884488,399100
2025-10-29,776.5364990234375,778.1755353599174,755.3391293878434,755.3391293878434,684700
2025-10-30,647.6134643554688,715.4030204586236,631.6829702151698,664.603323759856,1422400
2025-10-31,675.3768920898438,681.7130757976305,657.0977639672125,657.0977639672125,962900
2025-11-03,673.1182250976562,681.4332690465731,669.6802748206882,672.6185233771594,428100
2025-11-04,654.1095581054688,664.1035926066983,645.824525463498,660.6156843255685,449600
2025-11-05,675.01708984375,678.8947802746593,656.9179072337638,656.9179072337638,314600
2025-11-06,653.3600463867188,672.3087589458743,652.7803752697392,669.3404987939913,337400
2025-11-07,648.9526977539062,655.2389238309044,635.7305479244346,644.7551908397684,578100
2025-11-10,655.9384765625,665.602690743344,645.6146219522526,664.1235931724017,290300
2025-11-11,640.4677124023438,655.0590401887773,639.3284387645856,650.261915559864,299200
2025-11-12,642.9962158203125,655.5786714737836,640.4676957366001,645.2748240352859,328900
2025-11-13,618.5908203125,643.7357858579543,615.1528697881275,641.2272732807414,497200
2025-11-14,619.490234375,630.0539366131949,600.6414991414746,602.9201683843389,489000
2025-11-17,611.0353393554688,626.5060863970698,606.2981154097941,620.2698181632074,382400
2025-11-18,614.223388671875,623.697713788817,602.2504939495051,602.2504939495051,381900
2025-11-19,605.4786376953125,624.7671128676712,603.2199760463436,617.8112426122734,673000
2025-11-20,582.732177734375,626.2261741774578,577.5352676211243,623.1580592804979,666300
2025-11-21,581.2330932617188,584.9508449297343,564.5829971174941,583.8215141168833,545600
2025-11-24,602.4804077148438,613.63372347139,584.7709467122497,589.7180060311902,582600
2025-11-25,605.2487182617188,608.4768329352847,587.1894903155112,599.9219417082935,310100
2025-11-26,610.3556518554688,617.6213345297874,609.0864509403254,609.0864509403254,237600
2025-11-28,614.703125,619.0305592834723,612.6543600016354,616.5519970963596,146000
2025-12-01,607.41748046875,610.5056030835718,600.6414955490472,605.2287843927728,273800
2025-12-02,606.00830078125,617.7813033948984,602.1506178767903,611.3951003336493,341200
2025-12-03,611.6349487304688,612.374497568807,590.6374712046114,604.3892732757369,355100
2025-12-04,634.98095703125,638.5688422317825,606.6378900218238,608.6266931139907,508400
2025-12-05,623.2479858398438,637.4295234908407,622.268589960794,632.8822499111493,387700
2025-12-08,628.8446044921875,644.9350365075411,621.3990976483269,626.4260652422101,475700
2025-12-09,623.367919921875,635.9304290471223,622.1686235402259,625.4067420703028,408600
2025-12-10,626.64599609375,633.3919696542034,610.7854675804059,623.4578965193043,330100
2025-12-11,639.198486328125,641.8169185310468,617.9611626602021,623.2080308605125,306700
2025-12-12,623.2780151367188,641.3872016176116,604.6191079336242,640.967408229885,534600
2025-12-15,623.7177124023438,631.9427830975906,618.1110128105786,623.7376589917634,280500
2025-12-16,624.1874389648438,630.5336267033624,620.0998518664194,624.6271789387665,311900
2025-12-17,596.1141357421875,624.9669689398013,590.8972791071003,620.7894089155907,591100
2025-12-18,612.494384765625,617.2315473668563,601.9406867556838,607.4774209172672,477300
2025-12-19,611.0452270507812,623.2779763280586,608.4867566984002,613.4338158989451,891300
2025-12-22,621.4690551757812,627.5853992818239,613.4837705385223,618.840619277413,263400
2025-12-23,625.3167724609375,627.3455298274657,618.2210320773189,618.7806955920938,197900
2025-12-24,625.696533203125,626.2561967022788,618.0410685196589,622.4684795382509,97500
2025-12-26,626.7159423828125,628.6547875345807,623.8475983346265,628.0051508862771,151300
2025-12-29,622.8882446289062,629.4443292485162,621.1292846823951,622.9082522188097,251900
2025-12-30,616.9317626953125,623.1580879223898,616.2921298214758,622.5884206127616,200000
2025-12-31,611.425048828125,619.6301735699477,609.6361385123679,617.9611867949817,265500
2026-01-02,638.26904296875,640.6176166959841,614.5831688100385,616.112224381712,286100
2026-01-05,653.1801147460938,662.254715076856,644.1754799761036,644.3254148918646,473000
2026-01-06,655.5487060546875,660.8055779985488,625.6765220838842,651.3511993353452,395500
2026-01-07,650.5816650390625,657.0678449723088,646.564104461035,654.9990724140621,484500
2026-01-08,627.895263671875,650.8815444357223,617.7213432449438,650.6116859680251,424200
2026-01-09,645.884521484375,651.6110840376832,630.5236945212393,630.8434499633403,319500
2026-01-12,660.2559204101562,664.0636451537387,645.2148495344766,646.9138476166418,412200
2026-01-13,670.1499633789062,670.6596688922587,661.9648467789547,661.9648467789547,327300
2026-01-14,660.72998046875,667.4500122070312,640.6500244140625,667.2000122070312,320600
2026-01-15,682.1300048828125,689.7999877929688,669.760009765625,672.739990234375,454700
2026-01-16,698.6900024414062,708.3599853515625,689.0900268554688,689.25,485400
2026-01-20,687.760009765625,696.739990234375,680.0,684.7000122070312,303700
2026-01-21,708.7100219726562,711.0499877929688,687.7999877929688,693.969970703125,272200
2026-01-22,702.8900146484375,724.739990234375,690.0,720.5,290200
2026-01-23,694.2100219726562,703.75,688.6199951171875,702.010009765625,248100
2026-01-26,706.8699951171875,709.0,694.239990234375,697.8099975585938,247300
2026-01-27,716.280029296875,719.2999877929688,704.3099975585938,711.2000122070312,227000
2026-01-28,727.3499755859375,735.5900268554688,713.9500122070312,719.1599731445312,286800
2026-01-29,730.4000244140625,747.780029296875,718.0,737.8699951171875,347800
2026-01-30,720.72998046875,731.1300048828125,712.4600219726562,720.5700073242188,306700
2026-02-02,731.6699829101562,731.7100219726562,714.6500244140625,714.6500244140625,252200
2026-02-03,744.530029296875,747.5399780273438,726.239990234375,740.0,354800
2026-02-04,708.6199951171875,744.8599853515625,687.3300170898438,737.8400268554688,554200
2026-02-05,717.6799926757812,726.8599853515625,696.739990234375,704.969970703125,324000
2026-02-06,764.3499755859375,766.4099731445312,734.9099731445312,735.1799926757812,371400
2026-02-09,776.239990234375,787.9000244140625,761.4299926757812,761.4299926757812,404300
2026-02-10,779.0900268554688,792.8400268554688,768.7000122070312,779.3300170898438,349700
2026-02-11,808.510009765625,816.5999755859375,785.1799926757812,800.0,440900
2026-02-12,782.9299926757812,835.0,781.5,815.0,527500
2026-02-13,800.8200073242188,809.0499877929688,777.52001953125,784.6799926757812,309500
2026-02-17,797.5,806.3900146484375,788.0599975585938,798.0,364100
2026-02-18,783.0599975585938,806.3699951171875,780.6400146484375,797.5,415600
2026-02-19,803.5499877929688,806.239990234375,778.6099853515625,784.2000122070312,308800
2026-02-20,812.7899780273438,821.9000244140625,799.1900024414062,803.8699951171875,368000
2026-02-23,806.6599731445312,815.7899780273438,797.0999755859375,805.5499877929688,308600
2026-02-24,806.7999877929688,815.0,790.6400146484375,796.1599731445312,385300
2026-02-25,801.7999877929688,815.8499755859375,798.9299926757812,815.8499755859375,476900
2026-02-26,746.1799926757812,780.0,713.97998046875,780.0,881100
2026-02-27,724.6199951171875,747.6199951171875,712.9099731445312,745.0,642100
2026-03-02,735.780029296875,749.97998046875,714.7100219726562,719.280029296875,411900
2026-03-03,736.2999877929688,742.0599975585938,710.6599731445312,720.6199951171875,513100
2026-03-04,740.8699951171875,750.8499755859375,735.0,745.02001953125,368300
2026-03-05,719.010009765625,736.8200073242188,704.1199951171875,730.510009765625,579400
2026-03-06,705.7899780273438,715.1500244140625,700.0,706.469970703125,397000
2026-03-09,719.1799926757812,718.6900024414062,687.0,695.280029296875,294401
