Price,Close,High,Low,Open,Volume
Ticker,FCX,FCX,FCX,FCX,FCX
Date,,,,,
2018-01-02,17.888086318969727,17.906182925272788,17.173285902085123,17.236622298358473,21899900
2018-01-03,17.616636276245117,17.96046477330002,17.336145879227413,17.924271573278762,20673600
2018-01-04,17.860944747924805,17.93332946087919,17.48092457346735,17.76141512044214,19540500
2018-01-05,18.005712509155273,18.01476081316149,17.670933889862834,17.815703302387274,13870600
2018-01-08,17.924274444580078,18.087140419191826,17.842841457274208,18.05999551482752,15237200
2018-01-09,17.119001388549805,17.906186669459878,17.0556649790328,17.897138364416342,32628500
2018-01-10,17.652835845947266,17.860941643800125,17.191382733890457,17.254719130994598,28035200
2018-01-11,17.987611770629883,18.04190158220057,17.526160452788965,17.77045770170853,21236100
2018-01-12,17.869993209838867,18.15953206420136,17.7433203925022,18.041907551786988,14187600
2018-01-16,17.480920791625977,17.869989186754708,17.309006488381055,17.64378679198566,22835400
2018-01-17,17.888086318969727,17.933326108940012,17.47187300293616,17.49901791239075,16886600
2018-01-18,17.553306579589844,17.924278391998314,17.526163395034907,17.824750505651174,23341000
2018-01-19,18.059999465942383,18.240962083054146,17.56235485756616,17.62569125581905,22636100
2018-01-22,18.087148666381836,18.25906302083607,17.81570640211753,17.960475839830206,17637600
2018-01-23,17.68903350830078,17.842851266015916,17.137100622442457,17.734275040445226,27792100
2018-01-24,17.73426628112793,18.222862506444336,17.553303693507253,17.99666013481206,26371300
2018-01-25,17.93332290649414,18.322391243595177,17.48996648596579,18.059995676420225,31662900
2018-01-26,17.679983139038086,17.85189574698407,17.51711710979442,17.824752559301874,18346700
2018-01-29,17.761409759521484,17.879035961186588,17.5171125056539,17.64378528364355,17668900
2018-01-30,17.309005737304688,17.833795201365596,17.2909108581067,17.61664111890459,16342600
2018-01-31,17.643781661987305,17.71616633823578,17.45377253400511,17.589493586247652,15107600
2018-02-01,17.598548889160156,17.815703004313615,17.46282605712518,17.598548889160156,10716700
2018-02-02,16.25942611694336,17.444727806203332,16.223234634300983,17.42663120198856,25449200
2018-02-05,15.969891548156738,16.874701287154714,15.707497621256888,16.413248113171232,29892000
2018-02-06,16.956127166748047,17.001368670133317,15.44509546941791,15.59891312935404,38602400
2018-02-07,16.15989875793457,16.720879700089654,16.078465762172183,16.621351825325686,31024200
2018-02-08,15.526538848876953,16.40420389293893,15.255096549910006,16.1689548209212,29904000
2018-02-09,15.89750862121582,16.06037466862938,15.056035193437639,15.779884101299256,34794800
2018-02-12,15.89750862121582,16.18704749404534,15.725594268302862,16.05132636312998,26314100
2018-02-13,16.10561180114746,16.259429517569334,15.834169584302993,15.969890692725226,23234600
2018-02-14,17.29996109008789,17.354249185311158,15.680351004804738,15.888456807983461,35128700
2018-02-15,17.29996109008789,17.508066893266612,16.9832773706752,17.435682191039778,21663100
2018-02-16,16.947084426879883,17.426634165395964,16.874699723498914,17.227576662545165,16549400
2018-02-20,16.67563819885254,16.97422524400987,16.530868827005776,16.576108608537748,12946500
2018-02-21,16.947084426879883,17.31805624743078,16.68469052429417,16.68469052429417,16481500
2018-02-22,17.33615493774414,17.553309073979147,17.109952496775882,17.128049106242383,16885300
2018-02-23,17.68903350830078,17.761418233943903,17.34520649294294,17.34520649294294,15111700
2018-02-26,17.67093849182129,17.860947748072498,17.42663939739433,17.734274910571692,13857800
2018-02-27,17.272815704345703,17.57140280853963,17.137094607127988,17.553306202033966,15050400
2018-02-28,16.8294620513916,17.345203343682424,16.8294620513916,17.173289004322925,17068400
2018-03-01,16.775171279907227,16.965180472824912,16.467535869270343,16.965180472824912,15127700
2018-03-02,16.576107025146484,16.775166186761435,16.322761511508368,16.539915548535415,16260600
2018-03-05,16.458492279052734,16.63945322044456,16.33181772171177,16.458492279052734,16410800
2018-03-06,16.919939041137695,17.091851610691545,16.666591749360688,16.829457742232535,18429800
2018-03-07,16.395151138305664,16.757074642573333,16.34990962165508,16.60325693753615,13955300
2018-03-08,16.1689453125,16.38609936913006,16.02417421562626,16.313714683586706,12134400
2018-03-09,16.67563819885254,16.684686500316342,16.358954550767606,16.386099455159012,15467400
2018-03-12,16.793264389038086,16.811360993822124,16.458485829469463,16.639446699948195,10999100
2018-03-13,16.720876693725586,17.064705219744585,16.657540314139695,16.928982434018348,12003000
2018-03-14,16.883747100830078,17.1461427148071,16.829459007719695,17.028516499649346,12497300
2018-03-15,16.657541275024414,16.9470800131401,16.603253193074476,16.856598726032196,10488800
2018-03-16,16.612300872802734,16.811358316362636,16.585155969949906,16.73897363454204,15208200
2018-03-19,16.331811904907227,16.548967718494954,16.205139118470452,16.52182281034967,11531500
2018-03-20,16.729928970336914,16.811361970810328,16.39515039131272,16.431341877196836,16664700
2018-03-21,17.354248046875,17.408536138536977,16.802313649985056,16.829458558709703,15725900
2018-03-22,16.331811904907227,17.118996983247715,16.331811904907227,17.100900377817524,17976600
2018-03-23,15.852269172668457,16.494683345347386,15.843220866967478,16.413250319826417,16437500
2018-03-26,16.060367584228516,16.105607365981943,15.680347549823738,16.042270981212322,12987800
2018-03-27,15.598920822143555,16.168951965407196,15.49034461204707,16.168951965407196,15943300
2018-03-28,15.155562400817871,15.60796724860348,14.938408280975283,15.58082233645283,19249200
2018-03-29,15.89750862121582,15.924653537714017,15.27318934805978,15.27318934805978,16127800
2018-04-02,15.508440017700195,16.069422874676373,15.372718887624801,15.897508522827382,14724900
2018-04-03,15.725589752197266,15.797974449617067,15.42700265961717,15.526532265739641,12783400
2018-04-04,15.689397811889648,15.707494417167204,15.03793555398303,15.291281124719747,16268900
2018-04-05,16.3861026763916,16.3861026763916,15.788928468682524,15.807023349380236,17297500
2018-04-06,15.680349349975586,16.259426906677188,15.571771445200412,16.114657517501787,16346600
2018-04-09,15.770833015441895,15.978938827876108,15.44510097804051,15.788929623250308,14785100
2018-04-10,16.4675350189209,16.594207807658236,16.01513022967348,16.214187715658912,14184900
2018-04-11,16.268476486206055,16.440390796516347,16.19609178593657,16.377054399503972,11123700
2018-04-12,16.2049617767334,16.304767192004192,15.860174398598812,16.186814708284274,12857700
2018-04-13,16.21403694152832,16.404575987606666,16.04164323512419,16.33198943711017,9707000
2018-04-16,16.477163314819336,16.53160279760796,16.177743563581977,16.41365029646595,12325600
2018-04-17,16.604188919067383,16.70399607708033,16.331989781613785,16.504383491654348,10121700
2018-04-18,17.40264320373535,17.565963382968732,17.066929309688962,17.07600284526859,19424200
2018-04-19,17.756505966186523,17.874460221556763,17.221179374830033,17.402646661276414,22122700
2018-04-20,17.565963745117188,17.856309967251356,17.384496490983334,17.774649875951123,13230200
2018-04-23,17.06692886352539,17.48430283627748,16.97619524070103,17.203028432461974,14924600
2018-04-24,14.589909553527832,16.694921112750293,14.16346294789229,16.694921112750293,77549000
2018-04-25,13.94570255279541,14.571761692758061,13.900335747801053,14.453809211192501,39947100
2018-04-26,14.181612014770508,14.254198570810408,13.718872071041144,14.06365864488067,31647200
2018-04-27,13.90034008026123,14.09088002838518,13.755166951271573,13.90941361714811,16203700
2018-04-30,13.800531387329102,14.054584319191123,13.782384316688981,13.900337679949908,17564400
2018-05-01,13.564623832702637,13.882190627118042,13.283351177351758,13.718870462527274,19461300
2018-05-02,13.709799766540527,13.94570652750789,13.573700178067092,13.818679610379291,20459700
2018-05-03,13.800531387329102,13.92755828591009,13.600917936787537,13.864044403969618,18971900
2018-05-04,13.991070747375488,14.109024105955946,13.673503946174261,13.718870755674423,15428800
2018-05-07,13.84589958190918,14.217905914197559,13.809606302302997,14.045512187093163,13111300
2018-05-08,13.882192611694336,13.927559426710662,13.600919050833133,13.782385445598413,12799300
2018-05-09,14.226978302001953,14.299564855355026,13.963851829772068,13.963851829772068,14097200
2018-05-10,14.716937065124512,14.889330777851969,14.417518182318862,14.444737923428471,19718600
2018-05-11,14.76230525970459,14.998211998386655,14.680645168214646,14.76230525970459,12881800
2018-05-14,14.69879150390625,14.943770035511424,14.589910810504021,14.834891072709105,10837300
2018-05-15,14.48103141784668,14.598984784829325,14.236051148275035,14.499177623759405,14673800
2018-05-16,15.098015785217285,15.333922498186281,14.580836415885175,14.58990995068396,18976000
2018-05-17,15.225049018859863,15.406514588316574,15.116168292705492,15.125241830768392,18221800
2018-05-18,15.306705474853516,15.578904629324644,15.143385289930832,15.152458825826539,16113200
2018-05-21,15.143386840820312,15.524466734467685,15.016359055871058,15.488172587167842,13431100
2018-05-22,15.578903198242188,16.132376722837932,15.116163293668674,15.370217083610953,27675900
2018-05-23,15.742220878601074,15.7694397488833,15.243186912698691,15.488167128836247,18864500
2018-05-24,15.769442558288574,15.896470321101415,15.497243423375151,15.696856006938336,13010000
2018-05-25,15.497245788574219,15.696858402602402,15.37021973697448,15.606126497516964,9003300
2018-05-29,15.107091903686523,15.606126019367522,15.070799488884328,15.26133856044609,12993400
2018-05-30,15.53354263305664,15.64242163031005,15.170608027277385,15.252268140517671,13255700
2018-05-31,15.333925247192383,15.760372806188105,15.297632832090688,15.642418563257328,15414400
2018-06-01,15.53354263305664,15.733155281754865,15.36114886837154,15.578908593478818,12802000
2018-06-04,15.615195274353027,15.842028454263557,15.551682260874049,15.660562948695025,9196300
2018-06-05,16.014423370361328,16.114230530884925,15.687784743320385,15.74222422606055,14530800
2018-06-06,16.513456344604492,16.54067521886515,16.041642910621544,16.17774247372436,20784800
2018-06-07,16.268482208251953,16.676781051046714,16.04164894094359,16.504389013924712,15733500
2018-06-08,16.359216690063477,16.45902215592703,16.204969991255535,16.28663011007154,10326200
2018-06-11,16.5043888092041,16.658635498284532,16.241261391702,16.286629082961223,12672600
2018-06-12,16.2049617767334,16.49530794952061,16.032568087666107,16.431794940548368,11926300
2018-06-13,16.15960121154785,16.413655089752815,16.0325751377456,16.241261324878,9608100
2018-06-14,15.950911521911621,16.32291785401911,15.887398498956696,16.259404831064185,12549400
2018-06-15,15.324850082397461,15.742224060618907,15.098016887664047,15.742224060618907,22848300
2018-06-18,15.243191719055176,15.342998889825935,15.034505571625521,15.152459815372808,13392700
2018-06-19,14.753231048583984,14.907477688715426,14.417518027503778,14.862110011853284,17789100
2018-06-20,14.789525032043457,14.907479273827173,14.617133033436643,14.834892713729541,11160300
2018-06-21,14.843964576721191,15.025430091208793,14.753230954177438,14.762304489491804,12194700
2018-06-22,14.916548728942871,15.234115491457642,14.871181059669544,15.143381883510617,19348900
2018-06-25,14.281418800354004,14.798598246112048,14.027365845544793,14.689719273636705,14838900
2018-06-26,14.744156837463379,14.762303907376525,14.208830389224413,14.335857282716685,16300000
2018-06-27,15.333925247192383,15.442805953697706,14.735085687913399,14.798598712291454,24679200
2018-06-28,15.234119415283203,15.352071924575416,14.716938235955599,15.134312247774355,17572300
2018-06-29,15.660567283630371,15.842032839429613,15.388366354031053,15.424660503551083,19795500
2018-07-02,15.569836616516113,15.578910155630474,15.234124322287855,15.442810530116299,14426400
2018-07-03,15.488173484802246,15.923692894040201,15.36114742309125,15.60612773976271,8460000
2018-07-05,15.397439956665039,15.760374531002237,15.116167219093988,15.488173600249338,17618100
2018-07-06,15.887399673461914,15.978133311790922,15.14338695424443,15.352073110981001,15283900
2018-07-09,16.431798934936523,16.44994427719688,15.932764814874107,16.20496571598091,16786000
2018-07-10,16.431798934936523,16.45901781362712,16.177745106690196,16.286625813252943,15083800
2018-07-11,15.79666519165039,16.08701143431965,15.615197924682045,15.896472361542992,26590600
2018-07-12,15.732973098754883,16.197044206228696,15.651077789063054,16.07875194533212,20100400
2018-07-13,15.287092208862305,15.587374321464035,14.977710427929097,15.496381109317785,26062200
2018-07-16,15.259799003601074,15.423589606021581,15.05051178299031,15.305295621791334,15983200
2018-07-17,15.259799003601074,15.505484907231834,15.168804031635823,15.196103043900818,15905000
2018-07-18,15.541876792907715,15.651071070820002,14.90491393218507,15.241594698129134,19202600
2018-07-19,14.377150535583496,14.986813708262437,14.240658081091397,14.968616102797908,38238700
2018-07-20,14.331650733947754,14.695628818169228,14.25885511710346,14.358948873316313,20405000
2018-07-23,14.404447555541992,14.58643748066609,14.095065724181758,14.358950074260967,21358500
2018-07-24,14.622832298278809,15.096004646337745,14.550036685930072,15.041408370972269,28247000
2018-07-25,14.431745529174805,14.950415421272325,13.703789308322616,14.63193392380529,35148000
2018-07-26,14.531841278076172,14.559139421509649,14.313453527231353,14.377150352299244,13221200
2018-07-27,14.55003833770752,14.804823877644504,14.386248625224887,14.604634619270982,11573900
2018-07-30,14.631933212280273,14.832120729383728,14.559137593734977,14.559137593734977,9135500
2018-07-31,15.014108657836914,15.123302939005512,14.741125558291749,14.777522494958468,12271000
2018-08-01,14.176960945129395,14.70472964261491,14.16786127536082,14.668332699125155,19388900
2018-08-02,14.040468215942383,14.122363501544962,13.858478306695675,14.022268877900832,20206500
2018-08-03,14.295255661010742,14.422648448761754,14.12236625487014,14.176962544054597,11971000
2018-08-06,14.013168334960938,14.131461421477171,13.849378641762584,14.122362620816036,16632600
2018-08-07,13.97677230834961,14.386248762957091,13.958573836918308,14.286154132812037,11081800
2018-08-08,14.004071235656738,14.186060287871538,13.90397660609441,14.022269706982092,13128800
2018-08-09,13.931273460388184,14.340748981496764,13.913074124084988,14.32254964519357,15046400
2018-08-10,13.749285697937012,13.840280657961538,13.66739127526564,13.749285697937012,13921800
2018-08-13,13.576395988464355,13.885777803750385,13.567296319122477,13.831180655491343,16222300
2018-08-14,13.467201232910156,13.767483349269627,13.285212202963832,13.621892125312568,16722600
2018-08-15,12.429863929748535,13.030428233454696,12.084084298082997,12.930334472101086,35976400
2018-08-16,12.52995491027832,12.957628839720584,12.502655909664732,12.63004864248549,17867200
2018-08-17,12.71195125579834,12.757448748658257,12.311574359982055,12.548160628619632,21904700
2018-08-20,12.848438262939453,12.930333547185404,12.584553940253718,12.866637600679525,12683000
2018-08-21,13.030426025390625,13.139619437761864,12.793840732482325,12.875735140916678,15806000
2018-08-22,13.221515655517578,13.257913462233281,12.94853167125372,13.1032225667435,12230400
2018-08-23,12.903036117553711,13.05772702567781,12.71194739974113,13.048627356307632,17069100
2018-08-24,13.166919708251953,13.458102169251365,13.066825086439266,13.230615654647528,13288900
2018-08-27,13.40350341796875,13.50359802778854,13.148718795121443,13.166918130649433,10476700
2018-08-28,13.33980941772461,13.612793415769504,13.27611346970461,13.576395607216332,12144200
2018-08-29,13.348908424377441,13.458101844618286,13.121421915260978,13.26701314224877,10064100
2018-08-30,12.875736236572266,13.203317369353469,12.766542814909256,13.166919562132467,15530800
2018-08-31,12.78474235534668,13.021328539934595,12.69374740195373,12.830239832043155,14284800
2018-09-04,12.266072273254395,12.49355878456364,12.18417785812849,12.402564700715246,19908400
2018-09-05,12.43896198272705,12.502657925511349,12.193276144343958,12.320668897704689,17341700
2018-09-06,12.347965240478516,12.730142577229232,12.284269306950733,12.56635290990179,13986300
2018-09-07,11.99308967590332,12.338869292278122,11.874796580738872,12.165979050194617,26776300
2018-09-10,12.011287689208984,12.202376394464698,11.993089219456724,12.093182972574601,11848900
2018-09-11,11.865697860717773,11.911195342157477,11.08314447756553,11.692808472597633,15438400
2018-09-12,12.402567863464355,12.539059457939429,11.85659974997927,11.929395382738296,25530600
2018-09-13,12.357067108154297,12.784741988357128,12.284271494646433,12.702846706212737,15259600
2018-09-14,12.45716381072998,12.639153755403008,12.302473746225697,12.411667192354093,13819800
2018-09-17,12.484461784362793,12.721047130726873,12.429864631945051,12.466262444292779,13739900
2018-09-18,12.748343467712402,12.966730296006617,12.666448190154044,12.739243799585449,21543100
2018-09-19,13.012226104736328,13.339806305283938,12.848435570566522,12.848435570566522,24725400
2018-09-20,13.094125747680664,13.403506717692304,12.994031113219217,13.257915468794522,23289900
2018-09-21,13.29431438446045,13.558198761938424,13.239718095488382,13.494502802206888,52922200
2018-09-24,12.957632064819336,13.421704777252081,12.957632064819336,13.285213211379961,20775200
2018-09-25,13.18511962890625,13.257915252165692,12.912135607787206,13.103224335791309,15317800
2018-09-26,12.739246368408203,13.121423828883833,12.730146698446333,12.984932250624947,16234500
2018-09-27,12.620953559875488,12.630053230051923,12.293373243654635,12.548157934048632,20502600
2018-09-28,12.666447639465332,12.793840384327797,12.557254230065537,12.602751700930137,16080600
2018-10-01,12.466262817382812,12.648251884568017,12.375268717686373,12.566357455178919,15925600
2018-10-02,12.63914966583252,12.830238351675934,12.448060979989105,12.484458783588227,14328200
2018-10-03,12.693747520446777,12.994029654537504,12.602753433996611,12.675549050273624,20127400
2018-10-04,12.402567863464355,12.812043514681971,12.23877725586035,12.766546027259482,23346400
2018-10-05,12.074986457824707,12.266074326226352,12.029488974389512,12.247875853527665,19861600
2018-10-08,12.093184471130371,12.17507976464424,11.802001976674207,11.920295081995095,16162200
2018-10-09,11.99308967590332,12.175078719313161,11.81109976470127,12.056785624148713,11831100
2018-10-10,11.620011329650879,11.82019883333577,11.38342515134092,11.774701357846597,26419400
2018-10-11,12.038585662841797,12.15687875188386,11.529016367667545,11.638209788062028,31623400
2018-10-12,11.63669204711914,12.303473139565805,11.536218565718944,12.294338949142784,31107300
2018-10-15,11.718896865844727,11.928978869484475,11.709762676320333,11.709762676320333,19083600
2018-10-16,11.581888198852539,11.791969343951651,11.399207881794153,11.773701834896398,20373000
2018-10-17,11.326136589050293,11.728032258510186,11.262198997988907,11.600156205303067,23013100
2018-10-18,11.088652610778809,11.399207215233112,11.015580836662002,11.097785929230216,21377700
2018-10-19,10.979043960571289,11.262196841995411,10.905971321952872,11.088651611872644,15817300
2018-10-22,10.960776329040527,11.052116480216228,10.814632784026799,11.024713912212974,12401600
2018-10-23,10.604549407958984,10.695889547275918,10.275726474369447,10.595416090894592,24002400
2018-10-24,9.773360252380371,10.951643857752925,9.672886767192644,10.695892613857746,45767700
2018-10-25,10.275727272033691,10.650220304352114,9.773358208961872,9.965171819549868,34417700
2018-10-26,10.504079818725586,10.577151608647355,9.92863881977831,9.956040523227863,28577600
2018-10-29,10.129585266113281,10.750696264984978,10.010843406265202,10.668490295006745,25835200
2018-10-30,10.42187213897705,10.494943916991273,10.001708979853113,10.038244868860225,22696200
2018-10-31,10.641084671020508,10.759826496797723,10.3944677029325,10.568012912247463,23361800
2018-11-01,11.216529846191406,11.39007599500178,10.741563226936295,10.832902525866222,21668100
2018-11-02,11.179991722106934,11.591020663006523,10.969910592501192,11.399207041108815,19501300
2018-11-05,11.161721229553223,11.262194672789612,11.01557772263338,11.143452855646236,9791300
2018-11-06,11.143457412719727,11.317003551471068,11.079519820066269,11.170859113702013,11479300
2018-11-07,11.262200355529785,11.280468738654728,10.99731489780927,11.116056774868046,14378300
2018-11-08,10.896842956542969,11.207398545241782,10.842038670443646,11.15259425914246,14289300
2018-11-09,10.36706829071045,10.604551123399354,10.211790551403704,10.558881917437354,21444400
2018-11-12,10.193522453308105,10.467542052059414,10.111316486574284,10.440140353509571,14531600
2018-11-13,10.275727272033691,10.504076766967772,10.102182039160834,10.19352131448395,17216400
2018-11-14,10.540616035461426,10.622822019404044,10.266596379347526,10.321400659004095,16141900
2018-11-15,10.924241065979004,11.12518888737841,10.513212104408986,10.558882182602163,23687300
2018-11-16,10.924241065979004,11.061250429474246,10.741561624290583,10.933375255834497,15981800
2018-11-19,10.513214111328125,10.969913238272861,10.485811536530631,10.878573064450132,16917600
2018-11-20,9.93777084350586,10.29399639498227,9.8372973720514,10.29399639498227,21391200
2018-11-21,10.42187213897705,10.494943916991273,10.074780757867337,10.138719216943011,17056200
2018-11-23,9.837298393249512,10.138719709987331,9.828164202782464,10.120451329053234,7880800
2018-11-26,10.129585266113281,10.24832712596136,9.782493876807587,9.819029766677433,10586300
2018-11-27,10.266593933105469,10.293996501946724,9.919502567541285,9.946905136382542,20866200
2018-11-28,10.933374404907227,10.951641912112192,10.029109714529532,10.348799365916545,29088100
2018-11-29,10.79636287689209,10.960774777298484,10.613683471487272,10.869434639054017,19450700
2018-11-30,10.905974388122559,10.951644473442459,10.577151341771252,10.69589321516922,17146000
2018-12-03,11.042980194091797,11.572750879718276,11.00644431477563,11.371803107937312,27171000
2018-12-04,10.504079818725586,11.243932780539065,10.421873837292482,11.143458416083297,22402700
2018-12-06,10.184388160705566,10.19352235049148,9.800760900540034,10.083914686313367,25177100
2018-12-07,9.9743070602417,10.49494368484787,9.956038680600079,10.275728355654143,21263900
2018-12-10,9.764223098754883,9.983439255230413,9.545007813363465,9.919500810344832,17917900
2018-12-11,9.828164100646973,10.175255495028669,9.691153858318115,10.056513633444062,19184200
2018-12-12,10.111315727233887,10.385335305406853,10.001708070181547,10.01084225937363,15313400
2018-12-13,9.9743070602417,10.32139843367391,9.855565205824025,10.257459976012525,17063900
2018-12-14,9.654617309570312,9.956038602621954,9.490206249504869,9.718555766730915,26978300
2018-12-17,9.67288589477539,10.010843082926927,9.508473960129232,9.66375170483187,16416800
2018-12-18,9.682021141052246,10.175256127719623,9.535876699264096,9.718557033728185,29402100
2018-12-19,9.298391342163086,10.083913259863348,9.161381128008424,9.709420242458757,26465400
2018-12-20,9.35319709777832,9.59981502301273,9.133981744959543,9.417135562330415,23589600
2018-12-21,9.179651260375977,9.572411858789721,9.124846990017327,9.462804189156746,30525400
2018-12-24,8.93303394317627,9.207053570984554,8.878230540265243,9.070044192622603,9724400
2018-12-26,9.49933910369873,9.49933910369873,8.768621381171318,9.04264009157698,19614900
2018-12-27,9.745956420898438,9.764223927355864,9.15224808814302,9.261855740140135,20161100
2018-12-28,9.563279151916504,9.937772264910269,9.471938985832198,9.809896206609118,20165600
2018-12-31,9.417134284973145,9.599813720876488,9.170516393190436,9.56327783369582,16811000
2019-01-02,9.46280288696289,9.590678919479599,9.070042342597652,9.143114112297427,17940900
2019-01-03,9.197918891906738,9.490206885893462,8.987837740091733,9.380599214805066,22417600
2019-01-04,9.88296890258789,9.983443268764649,9.435403963879759,9.572413354558751,25597600
2019-01-07,10.047380447387695,10.24832830023909,9.873835168391782,10.01084455333148,16813100
2019-01-08,10.230057716369629,10.293996170523076,10.029109906758094,10.18438764085552,22809600
2019-01-09,10.513214111328125,10.59542009355169,10.211792757231354,10.357936338480158,20616000
2019-01-10,10.513214111328125,10.531481623441998,10.266596164657427,10.348802146880994,19481400
2019-01-11,10.595418930053711,10.72329411406203,10.38533690176462,10.5132129568573,21532900
2019-01-14,10.595419883728027,10.677981735721177,10.45781650545432,10.466990238976976,16085200
2019-01-15,10.613763809204102,10.980705184217726,10.49450792793881,10.870623034170187,26038900
2019-01-16,10.907318115234375,10.980706222203308,10.668806330157722,10.742194437126654,22312700
2019-01-17,11.127481460571289,11.210043292386779,10.87979596512482,10.916490015392242,23115300
2019-01-18,11.521944999694824,11.604505969858426,11.265085731890375,11.301779788025966,31366400
2019-01-22,11.356820106506348,11.384340426978689,11.109134597689625,11.255911681537617,26656300
2019-01-23,11.292606353759766,11.512770679336146,11.173350458692077,11.375167319709462,25720300
2019-01-24,9.815668106079102,10.898143953475682,9.723933413412318,10.522029701374892,66363100
2019-01-25,10.31103801727295,10.53120232461528,9.815667888325109,10.063353390226624,36134500
2019-01-28,9.430381774902344,10.136743493985994,9.356993657965777,10.109223168848622,54798400
2019-01-29,9.586333274841309,9.714762937442279,9.412036687962958,9.567986680101457,38234100
2019-01-30,10.338560104370117,10.411948213153227,9.723934037170114,9.742280626938259,37813200
2019-01-31,10.677982330322266,10.788064514157906,10.283520515436315,10.301867108647874,31833200
2019-02-01,10.558725357055664,10.66880752988804,10.45781604248448,10.60459314778299,24240200
2019-02-04,10.879796981811523,10.980706285618,10.476162391151362,10.494508980571927,21269300
2019-02-05,10.888969421386719,11.017399031506576,10.79723473546266,10.916489739678422,18497100
2019-02-06,10.925665855407715,11.05409549355915,10.806409950307527,10.879798065006822,18136700
2019-02-07,10.879796981811523,11.13665623254142,10.82475633869458,10.870624124528865,25184000
2019-02-08,10.650456428527832,10.962356249192126,10.457812473109007,10.87062157390295,23718200
2019-02-11,10.577072143554688,10.659633993415872,10.503684026979272,10.549551818552747,15561600
2019-02-12,10.540376663208008,10.733020661941676,10.52203007396707,10.595418180641301,15617900
2019-02-13,11.274260520935059,11.33847490647483,10.916492783951934,11.02657583752781,36169400
2019-02-14,11.155004501342773,11.283434146042746,11.054096057199827,11.136657909160139,15313400
2019-02-15,11.265085220336914,11.576985120753559,11.219217433536478,11.356820793937787,16573400
2019-02-19,12.008140563964844,12.164090509589471,11.494422941638677,11.586158512543248,35617600
2019-02-20,12.246651649475098,12.714500584792033,12.19161013510271,12.512683740088724,38188400
2019-02-21,11.943924903869629,12.173262931595035,11.815495293395548,12.09987395785617,20123200
2019-02-22,12.127397537231445,12.292520354781336,11.998967901487912,12.292520354781336,23876800
2019-02-25,12.164091110229492,12.209958897946644,12.026487747078038,12.154917377715005,20071800
2019-02-26,12.090702056884766,12.191610482108544,11.943925847521012,12.090702056884766,13448100
2019-02-27,12.072355270385742,12.182437433582708,12.008140893901329,12.154917111497284,17655100
2019-02-28,11.833845138549805,12.035662903468092,11.760457019462317,11.98062225158017,21053700
2019-03-01,11.80632209777832,12.063180455520738,11.732933995566201,11.907230519606188,15988500
2019-03-04,11.723761558532715,11.833843724005407,11.457729439926554,11.806323401351055,18449000
2019-03-05,11.778801918029785,11.833842557914862,11.549463877179845,11.806322237972322,17481200
2019-03-06,11.503596305847168,11.843016507571983,11.476075985397916,11.815496187122731,13683700
2019-03-07,11.292606353759766,11.49442321477715,11.12748267214985,11.466902892793918,12689900
2019-03-08,11.090786933898926,11.109133520816973,10.806407400400563,11.090786933898926,16287900
2019-03-11,11.338472366333008,11.347646097885052,11.063267418613258,11.127481789767174,13129200
2019-03-12,11.604506492614746,11.74210986546341,11.439383669993832,11.503598052410002,13272700
2019-03-13,11.613678932189941,11.769628879134787,11.51277050322485,11.742108557572536,12709900
2019-03-14,11.301776885986328,11.622850450869837,11.283430300057171,11.466900533624141,15132500
2019-03-15,11.329301834106445,11.503598395080301,11.274260308356327,11.3017806338037,15387400
2019-03-18,11.576985359191895,11.586159091711977,11.402688815586766,11.49442351622173,12641600
2019-03-19,11.632026672363281,11.962273163509032,11.586158885434775,11.74210883607853,14700800
2019-03-20,11.760454177856445,11.89805752403878,11.301778106959015,11.586157655851698,22588400
2019-03-21,11.852190971374512,11.925579080342041,11.576985125318643,11.65954696662093,18399400
2019-03-22,11.17335033416748,11.705414552474954,11.10913508378192,11.677893355943178,20823900
2019-03-25,11.356820106506348,11.558637831299023,11.145828649937819,11.200870165737717,13195100
2019-03-26,11.650375366210938,11.668722834237892,11.430210999020044,11.45773132620505,14315600
2019-03-27,11.659546852111816,11.861364587218093,11.49442317112893,11.687067173990545,12661300
2019-03-28,11.677891731262207,11.806321339310367,11.54028926716821,11.613677364665694,9593400
2019-03-29,11.82466983795166,12.1090485219762,11.696240218642224,11.971446045816611,16889300
2019-04-01,12.017313957214355,12.26499859190518,11.962272441252386,12.072354598321109,19060700
2019-04-02,12.035660743713379,12.182436955549909,11.797148962051404,12.06318106471892,17950300
2019-04-03,12.072355270385742,12.365907705577651,12.017314626214892,12.22830522029526,20937800
2019-04-04,12.439295768737793,12.475989820421466,11.916404438676459,11.989792542043803,20719000
2019-04-05,12.228304862976074,12.475990379073163,12.219131130930574,12.448469182936659,14640900
2019-04-08,12.60441780090332,12.60441780090332,12.338385723586617,12.338385723586617,17947100
2019-04-09,12.274171829223633,12.576897967680624,12.118221894278493,12.576897967680624,16000200
2019-04-10,12.375081062316895,12.448469168887598,12.237478581210635,12.30169295574619,12390500
2019-04-11,12.301692962646484,12.356734480033007,12.06318117873029,12.237478588074909,16534500
2019-04-12,12.614761352539062,12.872581050304133,12.531890515867918,12.550306647630169,26915900
2019-04-15,12.605550765991211,12.633174958110724,12.384562497811032,12.550304138010826,15439300
2019-04-16,13.03831958770752,13.056735715040379,12.568718878271026,12.587135005603885,20299800
2019-04-17,13.075155258178711,13.517132799892442,12.973869158973068,13.231688879397161,31700500
2019-04-18,12.890995979309082,13.029113442121343,12.688422939472275,12.93703542628964,27426700
2019-04-22,12.568721771240234,12.808126212895921,12.20040792110032,12.780502893667798,24351200
2019-04-23,12.393771171569824,12.605551386128822,12.209614272359968,12.56872000628685,19119400
2019-04-24,12.504264831542969,12.53188814583272,12.135951047248504,12.32931600353543,31512700
2019-04-25,11.242789268493652,12.06228855412865,11.187541760576845,11.997832981870816,46459300
2019-04-26,11.509817123413086,11.684765957312047,11.26120465204527,11.2888288453946,23605200
2019-04-29,11.44536304473877,11.59268857134973,11.325660834835015,11.463778296500438,15525500
2019-04-30,11.334870338439941,11.528235336191702,11.205960047228928,11.390116978866434,19578600
2019-05-01,10.782398223876953,11.279622358002495,10.736358773320434,11.224374841708777,31549800
2019-05-02,10.598243713378906,10.810024004787554,10.515372859130416,10.635075106586049,21879600
2019-05-03,11.003388404846191,11.058635930539408,10.690321141553776,10.727152532639376,23411700
2019-05-06,10.791605949401855,10.846852585824406,10.542993451112011,10.55220151655892,19892000
2019-05-07,10.533783912658691,10.773188312024176,10.469329219802342,10.66269417650072,22783300
2019-05-08,10.469331741333008,10.662696744603203,10.349629512820075,10.450916486708463,18093300
2019-05-09,10.386459350585938,10.487746309362771,10.082600230514258,10.340419903699141,17882700
2019-05-10,10.469331741333008,10.533786449713226,10.064186480168075,10.275966738062813,19163100
2019-05-13,9.861612319946289,10.128640068443719,9.70507872136544,10.073392554420707,28910500
2019-05-14,9.999731063842773,10.156264682398369,9.916861099427656,9.962899675837313,18222200
2019-05-15,9.990522384643555,10.064185149662448,9.778741276617165,9.870820171955495,16125900
2019-05-16,9.815572738647461,10.147056062047422,9.806364673413142,10.110223801110152,15201300
2019-05-17,9.548542976379395,9.815570664851998,9.4748802263269,9.695868476484383,25625100
2019-05-20,9.392010688781738,9.566960402518246,9.34597124421269,9.493297642459517,14752000
2019-05-21,9.530129432678223,9.585376066035476,9.392011093026284,9.42884247464092,19315300
2019-05-22,9.263101577758789,9.50250511612193,9.24468544812272,9.410427102329765,18387100
2019-05-23,9.161815643310547,9.18023177500152,8.96845065120279,9.115776192212607,22137200
2019-05-24,9.281517028808594,9.364387857693755,9.143399566086266,9.263101776906009,16447000
2019-05-28,9.235478401184082,9.484090909895238,9.207855081814895,9.392012007825294,15714800
2019-05-29,9.198647499084473,9.217063631717451,8.986867242582427,9.106569470308184,14107300
2019-05-30,9.042113304138184,9.28151774423104,8.940827215543273,9.226271106135446,15900300
2019-05-31,8.940825462341309,9.005280153523774,8.719837197033447,8.876370771158843,22076200
2019-06-03,9.13418960571289,9.152604853794285,8.894785233750156,8.968447982334192,24158300
2019-06-04,9.502506256103516,9.502506256103516,9.069737695290927,9.235478491251909,29427600
2019-06-05,9.299931526184082,9.576166403134112,9.023695771104792,9.530127842395279,25823500
2019-06-06,9.382802963256836,9.484089920594265,9.226270251073297,9.318348265408943,20227700
2019-06-07,9.530129432678223,9.880027118952565,9.474881921191566,9.511713302806202,31108800
2019-06-10,9.76953411102295,9.852404948832197,9.603793313533961,9.613000501412039,19845300
2019-06-11,9.778743743896484,10.257552715457233,9.769535676413474,10.165473796886427,28608100
2019-06-12,9.751115798950195,9.870817985118757,9.622205549661922,9.723492487720291,12642800
2019-06-13,9.972105979919434,10.036560678004996,9.778741007533348,9.852403770525248,14470500
2019-06-14,9.806364059448242,9.981313775429145,9.760325492417941,9.898442949767599,14385700
2019-06-17,9.889235496520996,9.972106327306108,9.622207751840877,9.769533282956884,12378700
2019-06-18,10.248340606689453,10.450913620785698,10.064183720297093,10.082598969871679,24961100
2019-06-19,10.303589820861816,10.377253472045632,10.119432888226081,10.18388847324573,18815600
2019-06-20,10.478538513183594,10.745566258222242,10.423290999876196,10.662695427325863,22356400
2019-06-21,10.441705703735352,10.542991773142822,10.39566626195766,10.478537081531641,22171500
2019-06-24,10.441705703735352,10.50616039534653,10.32200350636508,10.46932901755024,14296500
2019-06-25,10.441705703735352,10.607447342883313,10.42328957577255,10.478537081531641,13721700
2019-06-26,10.579822540283203,10.589030603733125,10.322002910590243,10.450913164501355,15438800
2019-06-27,10.644280433654785,10.856060670532742,10.506162086094442,10.653487620988578,17177500
2019-06-28,10.690317153930664,10.708733281668831,10.49695220332642,10.708733281668831,18130800
2019-07-01,10.542990684509277,10.561406810570492,9.999727259512557,10.487744062584078,39649200
2019-07-02,10.542990684509277,10.552198747539885,10.24833969256362,10.469327936522864,16519500
2019-07-03,10.414082527160645,10.506160533800147,10.340418892467987,10.478537219621229,9252700
2019-07-05,10.395666122436523,10.432497499738496,10.054975662860947,10.20230117206884,11436900
2019-07-08,10.331215858459473,10.54299614915813,10.294384465375806,10.34042304813313,15674300
2019-07-09,10.008936882019043,10.156262400946416,9.76032528836144,10.137847150145173,24168600
2019-07-10,10.082600593566895,10.285173640285368,9.972106443937575,10.174679490656048,16509400
2019-07-11,10.22071647644043,10.26675503576222,10.045766789752397,10.20230035020833,19004900
2019-07-12,10.19296932220459,10.340961469979874,10.18371959244294,10.239216206807281,11815000
2019-07-15,10.303963661193848,10.387208584583629,10.18371981793821,10.322462239023977,14485100
2019-07-16,10.2854642868042,10.544450553299571,10.26696570882022,10.368710092989128,19193700
2019-07-17,10.22996711730957,10.322461766431136,10.100473550016066,10.257715423835764,18415100
2019-07-18,10.313214302062988,10.340963496786722,10.128224081086195,10.146723544235352,12662000
2019-07-19,10.627694129943848,10.821934009592285,10.470452280604512,10.572197525531507,30374500
2019-07-22,10.627694129943848,10.738688220871152,10.525949767119476,10.692441344561743,13686100
2019-07-23,10.775688171386719,10.849684245190877,10.655445213032047,10.673943790431698,13936300
2019-07-24,11.043925285339355,11.164169138055218,10.66469514790626,10.67394487860045,20942100
2019-07-25,10.562949180603027,11.145668895853074,10.414957039987664,11.145668895853074,25283600
2019-07-26,10.69244384765625,10.720192156358282,10.41495811432744,10.562950270208717,14341700
2019-07-29,10.738689422607422,10.794186915332952,10.590697284809636,10.683192811984613,14526400
2019-07-30,10.609198570251465,10.673944921163235,10.525952757877548,10.609198570251465,15139900
2019-07-31,10.22996711730957,10.609197207544339,10.035727207420694,10.544449982846206,18292800
2019-08-01,9.896986961364746,10.239219121024586,9.758244503863173,10.072728348443306,23839600
2019-08-02,9.52700138092041,9.859983629734359,9.360509815462155,9.758239274233514,25816700
2019-08-05,9.314265251159668,9.434509102726633,9.092277009237362,9.295766672050906,25537600
2019-08-06,9.379011154174805,9.416009189252106,9.157022061608256,9.342013119097503,17080700
2019-08-07,9.323514938354492,9.388261288087985,9.147774468176642,9.221770548472879,21874400
2019-08-08,9.360513687133789,9.582501944827968,9.31426591292177,9.453009235557825,24263300
2019-08-09,9.018279075622559,9.305014490767533,8.981281042904111,9.286515033356968,20112800
2019-08-12,8.805542945861816,8.990533158568384,8.74079570983733,8.944285384866014,13866400
2019-08-13,9.147774696350098,9.258768819562986,8.703797321395664,8.80554259591797,29866400
2019-08-14,8.657546997070312,8.888784906114845,8.648298151106522,8.824038573855214,27274500
2019-08-15,8.315317153930664,8.685298433609963,8.121077224677315,8.67604870314484,26881200
2019-08-16,8.417061805725098,8.546554494300608,8.30606681251354,8.407812075940337,18373200
2019-08-19,8.555806159973145,8.71304807348143,8.537306696217826,8.61130366913612,16936200
2019-08-20,8.500306129455566,8.518805587723591,8.333815415556957,8.491057282424276,13179000
2019-08-21,8.454060554504395,8.620551294132934,8.454060554504395,8.574304405521197,17332900
2019-08-22,8.444809913635254,8.592802058286903,8.40781187747234,8.528055715527497,13827300
2019-08-23,8.167325019836426,8.491058530281375,8.139576710459183,8.361564949682824,22529000
2019-08-26,8.1765718460083,8.259817626673945,8.102575792550514,8.195070418321478,19840600
2019-08-27,8.0563325881958,8.34306811884727,8.028584273004702,8.250572558739561,15942200
2019-08-28,8.2783203125,8.315318357613291,7.936088174676311,8.084080355129476,15456200
2019-08-29,8.435562133789062,8.565055731340626,8.380065507769084,8.463310446799053,14882600
2019-08-30,8.500306129455566,8.57430308042494,8.407811484423611,8.528055316857602,12318300
2019-09-03,8.389315605163574,8.472561438678161,8.21357508715741,8.324569237809161,18071900
2019-09-04,8.592802047729492,8.703796156081857,8.53730455250193,8.6113015068396,12091700
2019-09-05,8.814789772033691,9.036778858440712,8.75929316200897,8.768542008944616,24776100
2019-09-06,8.713047981262207,8.82404211631041,8.694548517702687,8.82404211631041,18782500
2019-09-09,8.97203254699707,9.018280314775453,8.731544860231718,8.75929405016043,19778200
2019-09-10,9.360513687133789,9.416011192608796,8.972033795117515,8.972033795117515,30521000
2019-09-11,9.323514938354492,9.453008519924335,9.027530617169543,9.369762709065354,20235100
2019-09-12,9.59174919128418,9.730492477977858,9.277265466635075,9.517753124555295,27660800
2019-09-13,9.952483177185059,10.146723121646765,9.822989586842947,9.850737898308072,27450100
2019-09-16,9.684246063232422,9.887734833999348,9.647248024719998,9.813738756974498,21058100
2019-09-17,9.62874984741211,9.739743977738991,9.443759630200638,9.527005448471535,22280300
2019-09-18,9.582502365112305,9.674997917593156,9.332765784778749,9.554754052209235,26245500
2019-09-19,9.66574764251709,9.850737854975698,9.536254934847522,9.545503783893267,19849600
2019-09-20,9.684246063232422,9.924732872511772,9.637998294566186,9.711994371591036,23390300
2019-09-23,9.554752349853516,9.7489922697735,9.434508505893257,9.434508505893257,18743100
2019-09-24,9.258769989013672,9.545504623004605,9.184773897525496,9.536255773145827,20225500
2019-09-25,9.314265251159668,9.41601052361787,9.0737784301286,9.184772551089752,23425800
2019-09-26,9.064528465270996,9.295766431823303,9.055278734904222,9.258768392459048,19347000
2019-09-27,8.92578411102295,9.157022050501292,8.888786075990524,9.092275709720232,22210100
2019-09-30,8.851787567138672,8.953532819608663,8.84253872045269,8.898035328979333,11988000
2019-10-01,8.48180866241455,8.879538246158987,8.444810623143173,8.833290476544056,26848600
2019-10-02,8.204322814941406,8.435560777759719,8.18582423660941,8.361564700226085,25488900
2019-10-03,8.195073127746582,8.241320896973601,7.954586315551174,8.158075088785532,28429400
2019-10-04,8.167325019836426,8.296818600434975,8.06558063071797,8.213572790200397,21138400
2019-10-07,8.102578163146973,8.370814155935722,8.074828973404733,8.130326470786416,21117800
2019-10-08,7.871340274810791,8.047080734157962,7.843591084832709,8.019332426282682,29695600
2019-10-09,7.908342361450195,8.019336531878922,7.79734819102147,7.954590152987978,20374500
2019-10-10,8.287567138671875,8.454058724361001,7.982333152976923,8.12107555298275,61232700
2019-10-11,8.88286018371582,8.985175529370858,8.492200300955963,8.501501937939038,45962300
2019-10-14,8.836352348327637,8.901462029142605,8.501501420782676,8.5573094651804,24309100
2019-10-15,8.854957580566406,8.947971304162095,8.66892835926889,8.761942969917648,19444600
2019-10-16,8.836352348327637,8.966572597010446,8.761941031095423,8.817749075493147,17311500
2019-10-17,8.780547142028809,9.050288503196715,8.743341467628174,8.92006908632112,14449500
2019-10-18,8.910765647888184,9.087493230919945,8.80845028569558,8.80845028569558,17182200
2019-10-21,9.133997917175293,9.301423829971712,9.068888234222419,9.115395530782859,23376900
2019-10-22,9.236315727233887,9.310727059640252,9.022382481275796,9.10609545199622,23467400
2019-10-23,9.422343254089355,9.654878869776496,8.920066359687247,9.27352060197806,36496000
2019-10-24,8.920066833496094,9.515357473561435,8.845655503487926,9.403740478549183,32498200
2019-10-25,9.43164348602295,9.626973409572482,8.938667415555702,8.938667415555702,35421900
2019-10-28,9.524658203125,9.608371163163001,9.478150904542451,9.533959840252098,17882100
2019-10-29,9.51535415649414,9.552560695580992,9.394436452672737,9.42234046993516,14533700
2019-10-30,9.422343254089355,9.478151305104602,9.245615689417459,9.38513759106153,19786300
2019-10-31,9.133997917175293,9.440944832600128,8.966572891431776,9.329327853086815,23321500
2019-11-01,9.7850980758667,9.868810143338033,9.22701230374053,9.264217962745414,31504600
2019-11-04,10.045537948608398,10.222264611687304,9.878112035231506,10.008332288641634,28404600
2019-11-05,10.147855758666992,10.510611696817504,10.129253367687877,10.27807604373328,34170400
2019-11-06,9.89671802520752,10.18506174733174,9.775799375362373,10.18506174733174,21392100
2019-11-07,10.482705116271973,10.761747122436745,10.147853289589598,10.175757312795495,38830300
2019-11-08,10.715239524841309,10.715239524841309,10.259469132058136,10.3710860995603,24304900
2019-11-11,10.315278053283691,10.48270394796511,10.194359450130756,10.380387729191884,19063400
2019-11-12,10.268771171569824,10.445497821967649,10.16645583576612,10.31527846495436,15505200
2019-11-13,10.082743644714355,10.45480024571555,10.026934711037722,10.296675968526815,22247000
2019-11-14,10.054841995239258,10.175759753822309,9.93392334960309,10.092047664123223,14364000
2019-11-15,10.380389213562012,10.454800535827099,10.110647948587834,10.194360907899291,20827500
2019-11-18,10.240869522094727,10.34318488159416,10.166458190267312,10.315280853922141,15201100
2019-11-19,10.492006301879883,10.501307939019268,10.231566671347673,10.41759497887068,20572000
2019-11-20,10.259471893310547,10.54781646891964,10.166458172217936,10.333883225005852,24073800
2019-11-21,10.240869522094727,10.268773549766745,10.092046858439897,10.166458190267312,17158200
2019-11-22,10.557117462158203,10.678035203485829,10.352485868971547,10.352485868971547,22244000
2019-11-25,10.845460891723633,11.0314892054563,10.575719615048023,10.668734215440843,28558500
2019-11-26,10.891968727111816,10.994284082928946,10.752447706720003,10.808255760055523,28062500
2019-11-27,10.7989501953125,10.929170417498257,10.678031607651302,10.910567148449138,13480100
2019-11-29,10.585021018981934,10.696638004759153,10.482705670449388,10.687336367514481,11141800
2019-12-02,10.650129318237305,10.845459239665798,10.408292103696725,10.575718004079102,24408400
2019-12-03,10.157154083251953,10.28737432582543,9.9525225269373,10.268771053863722,29930400
2019-12-04,10.333880424499512,10.538511974732485,10.315278040143498,10.34318206020392,17331900
2019-12-05,10.538515090942383,10.575720757708826,10.324582728798593,10.398994062331482,13960900
2019-12-06,10.826857566833496,10.91987127212319,10.715240588254128,10.743144611135746,18135100
2019-12-09,11.254724502563477,11.394245521474618,10.919872637891933,10.95707830207177,31400000
2019-12-10,11.422150611877441,11.431452250552146,11.198916606003037,11.245423912323476,17322900
2019-12-11,11.94302749633789,11.952329132403788,11.561669288164486,11.561669288164486,33362100
2019-12-12,12.147659301757812,12.25927627566174,11.756999449567633,11.784903471280401,39236800
2019-12-13,11.970932006835938,12.445304820954266,11.933726348104278,12.184865209832642,26652700
2019-12-16,12.045343399047852,12.370893580259771,12.017439376589163,12.342989557801083,22353600
2019-12-17,12.054644584655762,12.277878530081109,12.026740563240805,12.184864829680304,24572200
2019-12-18,12.073248863220215,12.119756164240233,11.933727847213147,11.961631873003963,20294900
2019-12-19,12.091852188110352,12.156961877573988,12.063948162204934,12.110455463415956,15473300
2019-12-20,11.82210922241211,12.138357761158522,11.794205200479444,12.138357761158522,26321400
2019-12-23,11.952330589294434,12.008138638386683,11.82211032965761,11.831411966857301,15808600
2019-12-24,12.082549095153809,12.222070981981918,12.036041799544439,12.04534343607689,9206400
2019-12-26,12.249975204467773,12.259276841152044,12.110454202415317,12.15696061173087,10464100
2019-12-27,12.119755744934082,12.324387330110747,12.10115335740145,12.296483305285324,12060900
2019-12-30,12.101154327392578,12.222072960732483,12.08255105131581,12.175565657593593,8524300
2019-12-31,12.203469276428223,12.231373302556907,12.01744095714866,12.07324900940603,11716400
2020-01-02,12.277878761291504,12.510414347251771,12.212769081079546,12.417400645099383,22771700
2020-01-03,11.905823707580566,12.17556498645386,11.896522070054907,12.091852022828878,20401300
2020-01-06,11.952330589294434,12.026741912786063,11.654684408274973,11.74769900616598,19145300
2020-01-07,12.138358116149902,12.2685774803459,11.943028182803017,12.036041887649745,20849500
2020-01-08,12.259276390075684,12.380195001363337,12.073247211446764,12.212769095418453,17484700
2020-01-09,12.054644584655762,12.296481802392979,11.952329248099023,12.296481802392979,16540900
2020-01-10,11.998836517333984,12.13835840854428,11.980234130737692,11.998836517333984,12266100
2020-01-13,12.584827423095703,12.687143662935393,12.045344859214937,12.119756186160355,28779700
2020-01-14,12.332756996154785,12.678186115309074,12.304749470370165,12.454124128345729,26529300
2020-01-15,12.11803150177002,12.258070925757979,11.996665247461051,12.192719728769568,20449800
2020-01-16,11.996664047241211,12.351428415694023,11.996664047241211,12.183382370201427,16998900
2020-01-17,12.015335083007812,12.211389538968726,11.959320032929362,12.118029935047083,20145200
2020-01-21,11.455180168151855,11.800609279248022,11.315140761809191,11.791273140756543,28941600
2020-01-22,11.50185775756836,11.623224872974639,11.315139460921419,11.548537554315862,20845900
2020-01-23,11.175102233886719,11.221782035951136,10.474907873949961,10.680297578484328,57230700
2020-01-24,11.05373477935791,11.119085966118982,10.876351714801935,11.081742303635064,29554000
2020-01-27,10.176158905029297,10.614947672926176,10.110807708445416,10.614947672926176,44484900
2020-01-28,10.549593925476074,10.680296287040324,10.204164856517174,10.353539492786638,47002000
2020-01-29,10.54025936126709,10.689634019830862,10.353541038062374,10.680297881084828,22382000
2020-01-30,10.568266868591309,10.605610533166631,10.23217388741341,10.344204881139376,33247600
2020-01-31,10.362874984741211,10.465569818194885,10.176155810690156,10.381546367940512,30505000
2020-02-03,10.680296897888184,10.782992633954306,10.43756354523897,10.446898792782433,29622200
2020-02-04,11.240452766418457,11.333812365097499,11.007054660063968,11.081741982869955,34272400
2020-02-05,11.585882186889648,11.65123337361998,11.305804273220426,11.501858723754568,32753800
2020-02-06,11.50185775756836,11.641897147810866,11.436506576327698,11.576545076227136,23101000
2020-02-07,11.01639175415039,11.240453742015449,10.895024621471018,11.19377393862443,25463600
2020-02-10,11.361821174621582,11.380492562264957,10.876352631088805,10.923032435712068,20093400
2020-02-11,11.576545715332031,11.996663018909846,11.5298668063506,11.576545715332031,29614000
2020-02-12,11.828615188598633,12.00599734399059,11.6885766917283,11.949982301379677,20173300
2020-02-13,11.772600173950195,11.847287496819328,11.641897804100774,11.80060858778346,21059500
2020-02-14,11.427170753479004,11.74459231168838,11.212444929009774,11.669904990973597,30484300
2020-02-18,11.221782684326172,11.296470015807277,11.09107940906263,11.240454072024837,16416300
2020-02-19,11.296469688415527,11.315141075573063,11.221782359098995,11.277797410914797,16686600
2020-02-20,11.277796745300293,11.669905646241457,11.221781696790494,11.231116944646699,21148000
2020-02-21,11.1470947265625,11.212446810913992,10.94170500529565,11.212446810913992,18498900
2020-02-24,10.493578910827637,10.558930987676959,10.288189213138736,10.502915048997988,24486900
2020-02-25,10.017448425292969,10.605611885086113,9.933425837045354,10.568268215750514,39353400
2020-02-26,9.765377044677734,10.082798619549632,9.709361106029636,10.00811129491426,29846400
2020-02-27,9.149206161499023,9.578658722865605,9.07451883694337,9.457291597876882,53912400
2020-02-28,9.298583030700684,9.31725442112593,8.589052387674295,8.673075870446283,67995400
2020-03-02,9.802720069885254,9.812056207443675,9.055845981730142,9.373267535971797,35073500
2020-03-03,9.401274681091309,10.08279755967851,9.08385313958574,9.812055813749003,46929800
2020-03-04,9.756040573120117,9.774712848812444,9.335924163816976,9.662681865687814,25141500
2020-03-05,9.326589584350586,9.672018729288395,9.261238389194132,9.391941669850299,26564600
2020-03-06,8.803773880004883,9.158538988557174,8.645063150117204,8.925140961115625,40678900
2020-03-09,7.683466911315918,8.047568357244792,7.552764513041433,7.739482860821634,33742800
2020-03-10,8.402332305908203,8.486355771422192,7.758153887539568,8.28096517687057,30694900
2020-03-11,7.580771446228027,8.159598723980793,7.422060640515129,8.056903863366724,33944300
2020-03-12,6.693858623504639,7.235342228751485,6.357765182424259,6.693858623504639,37820700
2020-03-13,7.029951572418213,7.366044544797112,6.404444539400106,7.263349692489352,40387000
2020-03-16,5.825615882873535,6.507138296591578,5.7882722255606165,6.012334614609642,40627300
2020-03-17,6.049678802490234,6.1337022613990655,5.349484498707437,5.956319651020171,31925400
2020-03-18,4.957376003265381,5.601554866311831,4.52792342790108,5.498859569114738,37912700
2020-03-19,5.358821392059326,5.7509303612678915,4.499916560902052,4.826673886851973,38977600
2020-03-20,5.153430938720703,5.732258221924276,5.013391964998129,5.666907027312933,39899900
2020-03-23,5.0320634841918945,5.489524043757484,4.910696796706132,5.097415119893149,35098700
2020-03-24,6.525811195373535,6.759209314438481,5.666906491158663,5.676242184432038,47531300
2020-03-25,6.768545627593994,7.160654548971722,6.208390216413638,6.497803838103962,39768400
2020-03-26,6.525811195373535,6.8805764431934335,6.367100848353502,6.777881591328397,32481300
2020-03-27,5.788272857666016,6.255069070225261,5.760265334208534,6.217725408834245,37285500
2020-03-30,5.825615882873535,5.881631814014424,5.592217802082034,5.85362384844398,22468300
2020-03-31,6.301749229431152,6.656514478077345,5.862960960442554,5.900304623966197,35490500
2020-04-01,5.8909687995910645,6.311085704388997,5.825617162354513,5.928312465105777,27051100
2020-04-02,5.96565580368042,6.292413081612451,5.732257684418743,6.1056947642717425,32168900
2020-04-03,5.900304794311523,6.292413272630181,5.788273355334595,5.9376484589133005,26937200
2020-04-06,6.712530612945557,6.787217947109195,6.283077996333011,6.292413690517653,39115800
2020-04-07,7.085968017578125,7.48741312281775,6.95526473229601,7.338038003234139,43593400
2020-04-08,7.49674654006958,7.534090199546097,7.01127896687486,7.132645637587772,26970700
2020-04-09,7.646121978759766,7.870184849428212,7.478075938687387,7.758153859265572,35022100
2020-04-13,7.748816967010498,7.776824489240732,7.375379924292244,7.7674883517162945,22290100
2020-04-14,7.767489433288574,8.094247169398143,7.590107247340341,7.870185179670943,21245200
2020-04-15,7.160654544830322,7.347372866725253,7.001943748633833,7.282021676647824,24947800
2020-04-16,7.076631546020508,7.282022158877903,6.899248905887893,7.263350325451924,24789600
2020-04-17,7.786159992218018,7.842175032113438,7.459402328237038,7.478074601764183,38253400
2020-04-20,7.487412452697754,7.758154248423997,7.282021848592022,7.366044872842908,19590000
2020-04-21,6.917919635772705,7.263349166808108,6.815224790897433,7.0019430953720665,30596600
2020-04-22,7.132646083831787,7.244677514441964,7.048623067338609,7.048623067338609,23653400
2020-04-23,7.291357517242432,7.590107283472476,7.244678158412852,7.34737301494089,21015100
2020-04-24,7.916862487792969,8.04756573380255,7.65545688611683,7.674129159979493,34635000
2020-04-27,8.262293815612793,8.38366005467937,7.832841238602598,8.04756708193611,21960600
2020-04-28,8.327644348144531,8.617057495947495,8.038230309998466,8.486355128685421,21404000
2020-04-29,8.645068168640137,8.850457910972061,8.54237240713084,8.663739558696069,22248700
2020-04-30,8.243620872497559,8.579713818082876,8.159597413515455,8.383659377238999,21663600
2020-05-01,7.898192405700684,8.094246861848484,7.674130424486961,7.91686379229691,25342500
2020-05-04,8.122254371643066,8.13159051009521,7.683465658167153,7.814168925467663,16969500
2020-05-05,8.215616226196289,8.542373148449864,8.131592737794584,8.252959899892224,20285300
2020-05-06,8.01955795288086,8.3743231316617,8.01022181625276,8.327643338864197,10883500
2020-05-07,8.374326705932617,8.523701394365284,8.215615876887064,8.22495201749995,18687300
2020-05-08,8.598384857177734,8.673072167679408,8.505025273879156,8.561041201926896,20157200
2020-05-11,8.383659362792969,8.449011436523717,8.262293133742501,8.35565183996156,16171500
2020-05-12,8.094247817993164,8.56104411250099,8.084911678420621,8.467684497462114,21145600
2020-05-13,7.842175483703613,8.13158950763916,7.636785805135736,8.122253370337969,18122900
2020-05-14,7.739482879638672,8.019560847161584,7.2913583987050075,7.571435921056262,33955000
2020-05-15,7.916862487792969,8.075573254253523,7.692800543499136,7.748816474744105,17750400
2020-05-18,8.570378303527832,8.701080666454075,8.411667528251904,8.421003665701798,33445500
2020-05-19,8.533036231994629,8.67307475843071,8.495692565588792,8.533036231994629,27629300
2020-05-20,8.514362335205078,8.757096565875575,8.486354813310195,8.710416769155392,25585500
2020-05-21,8.30897331237793,8.59838739370645,8.187607064766832,8.449012728637497,27813700
2020-05-22,8.159600257873535,8.299639701774478,8.028897845311414,8.168936398868947,21058900
2020-05-26,8.645068168640137,8.719755509550533,8.44901367616451,8.523701017074908,26165000
2020-05-27,8.673074722290039,8.831785526439312,8.374325392288226,8.794441860189083,21025400
2020-05-28,8.486358642578125,8.83178786962531,8.439678824794782,8.822451727999947,18119600
2020-05-29,8.467682838439941,8.589049958074439,8.308972058175067,8.467682838439941,24503800
2020-06-01,8.719754219055176,8.79444154891209,8.411668760809603,8.44901242573806,15140300
2020-06-02,9.10252571105957,9.242564212015564,8.813111681315954,8.822447818804507,23764200
2020-06-03,9.46662712097168,9.63467314513214,9.223892886765029,9.223892886765029,24780300
2020-06-04,9.522642135620117,9.597329455088268,9.24256424244301,9.457290953671254,20941400
2020-06-05,10.138813018798828,10.446898435782833,9.998774516658129,10.045454314152723,27840400
2020-06-08,10.502914428710938,10.521586703948884,10.120141689763923,10.381547310693552,21779000
2020-06-09,10.521588325500488,10.568267240103173,10.166823054392081,10.29752543982876,21768700
2020-06-10,10.708307266235352,10.736314794664446,10.325534446445717,10.568267843403328,28484600
2020-06-11,9.251900672912598,9.98010250595625,9.139869690163044,9.97076725848445,34219900
2020-06-12,9.793386459350586,9.868073798403639,9.382606094558792,9.75604278982406,19856400
2020-06-15,9.774713516235352,9.840064704934491,9.130534206354914,9.345260939762785,19925400
2020-06-16,10.064126968383789,10.446899753502974,9.774713790029711,10.362877175826213,21965500
2020-06-17,9.98944091796875,10.194831544940412,9.942761108610194,10.101471926223299,17837700
2020-06-18,9.858736991882324,10.008111646399103,9.68135392188627,9.784048774280762,15121300
2020-06-19,9.802720069885254,10.204165081466533,9.709360474987209,10.110805486568488,28464700
2020-06-22,10.07346248626709,10.176157335104717,9.802720711746854,9.868071898248695,17164300
2020-06-23,10.344204902648926,10.48424342251178,10.27885371209202,10.334868763899884,15893200
2020-06-24,9.868071556091309,10.297524103233936,9.746704435122401,10.232172918998028,18618100
2020-06-25,10.344204902648926,10.372212428552857,9.784049042511121,9.858737262160265,18005200
2020-06-26,10.07346248626709,10.362876537126787,10.064126348097359,10.269516936115753,20899500
2020-06-29,10.306861877441406,10.306861877441406,10.036120069324522,10.213502264845273,17307300
2020-06-30,10.801664352416992,10.904360091649389,10.297524465458853,10.334868127813415,24033000
2020-07-01,10.726978302001953,10.969712581313395,10.493580161974009,10.867017720224668,20636800
2020-07-02,10.736313819885254,11.193773934180607,10.717641542398981,10.876352339659523,25268500
2020-07-06,11.903302192687988,11.921974466629406,11.109748357038246,11.203107946059284,38609200
2020-07-07,11.884632110595703,12.13670251323532,11.66990626272627,11.856624584861253,32091800
2020-07-08,11.968657493591309,12.146040595765106,11.688580410737242,12.071353254958243,22607200
2020-07-09,12.034006118774414,12.2300605545148,11.725920704088532,12.164708482372621,27364300
2020-07-10,12.108695030212402,12.202053746437608,11.940648094526564,11.977991759085285,20659700
2020-07-13,12.155374526977539,12.948927601425314,12.099358586380403,12.398107895316677,45000700
2020-07-14,12.603498458862305,12.659514399319352,11.903304100036621,12.108694694588241,24372200
2020-07-15,12.63150691986084,12.902248723053875,12.304750062403444,12.874241195921694,21774700
2020-07-16,12.575491905212402,12.6781867652494,12.332757628386876,12.463460905987521,17612000
2020-07-17,12.678187370300293,12.752874706681242,12.519476557904957,12.668851230666855,14041600
2020-07-20,12.538148880004883,12.650179884959028,12.38877420673269,12.57549254832293,22039800
2020-07-21,12.491466522216797,12.687520963453009,12.44478672376187,12.612833642062366,17782300
2020-07-22,12.715527534484863,12.790214850284299,12.314082544305622,12.388770750448092,21831300
2020-07-23,12.435452461242676,12.827561402844314,12.192719075290949,12.827561402844314,21017400
2020-07-24,12.248733520507812,12.342093126853541,11.856624598404855,12.11803024969243,26054000
2020-07-27,12.659513473510742,12.687520996519451,12.304748250809045,12.46345903176357,15877700
2020-07-28,12.351425170898438,12.659511435775626,12.34208992496025,12.472792271524492,11826700
2020-07-29,12.416780471801758,12.538147604070407,12.258069675015307,12.435451858889062,13548300
2020-07-30,12.08068561553955,12.2393963993821,11.884631170224822,12.04334195406737,17433300
2020-07-31,12.062013626098633,12.127364807817408,11.884630575228995,12.118028670330991,14627400
2020-08-03,12.230062484741211,12.323421203425386,12.06201554462919,12.27674139891169,15975300
2020-08-04,12.090024948120117,12.108697228961667,11.613892470780856,11.959322543602688,17646500
2020-08-05,13.042287826538086,13.471740423750333,12.44478828987746,12.44478828987746,36743800
2020-08-06,13.593106269836426,13.779824579104138,12.995606789836616,13.060957975494533,32102000
2020-08-07,13.032950401306152,13.285019895257308,12.790216155024947,13.266348509574284,21120300
2020-08-10,13.425061225891113,13.434397365247381,13.182326944687663,13.238342890482018,20166800
2020-08-11,13.032950401306152,13.546426417564666,12.995606739596976,13.481074341816264,18491200
2020-08-12,13.042287826538086,13.285021206432928,13.004944161143248,13.257013679972603,12009500
2020-08-13,12.874241828918457,13.21967098167675,12.771546964155704,12.930257776280227,18253400
2020-08-14,12.864903450012207,12.98627057288459,12.762208603124707,12.930255525616182,9307200
2020-08-17,13.163653373718262,13.35037167816852,13.07962991412987,13.182324758991735,12216300
2020-08-18,13.453064918518066,13.705135267219465,13.331697812514763,13.331697812514763,13580100
2020-08-19,13.947872161865234,14.18127029696591,13.555764114011874,13.593107780014252,28040600
2020-08-20,13.723809242248535,13.817168846143062,13.53709092480265,13.630450528697176,13829100
2020-08-21,13.406388282775879,13.51841927846923,13.275685899638574,13.481075613238113,11532500
2020-08-24,13.593106269836426,13.72380864115226,13.406387070225584,13.583770131787258,12816700
2020-08-25,13.499748229980469,13.677130421696228,13.443732285555726,13.649122894655473,9565300
2020-08-26,14.013223648071289,14.050567312482583,13.415724127147413,13.471740068935947,15336400
2020-08-27,13.910528182983398,14.321309390113386,13.882520656697375,14.171934729463649,17636400
2020-08-28,14.610721588134766,14.657401389028546,14.162597636378035,14.227948823423437,16416800
2020-08-31,14.573380470275879,14.834787044790312,14.461349462773967,14.834787044790312,15362200
2020-09-01,15.105525970458984,15.124198246631536,14.592049950174534,14.648064998005923,18879300
2020-09-02,15.18955135345459,15.254902547636718,14.81611379586598,15.1708790749207,23304400
2020-09-03,14.526700973510742,14.909473789829693,14.143927266848523,14.825450314960992,18692300
2020-09-04,14.956151008605957,15.086853377698585,14.181268480224983,14.620057167297796,21907000
2020-09-08,14.676074028015137,14.89079987094974,14.358652442509054,14.564043037308844,19275000
2020-09-09,15.068181037902832,15.208221324977108,14.834783824037105,14.890798870455084,17462800
2020-09-10,14.722755432128906,15.320254114246378,14.657403346014858,15.133534885741401,20855400
2020-09-11,15.18955135345459,15.348262159619683,14.81611379586598,14.918808656772644,21087200
2020-09-14,15.273574829101562,15.413613356759635,15.180215217100683,15.366932660415952,22376700
2020-09-15,15.320250511169434,15.581657013460482,15.301578236573048,15.506969695761056,16686300
2020-09-16,15.665687561035156,16.011115894028997,15.236233954315479,15.450959867331857,27622400
2020-09-17,15.899078369140625,16.05778913994387,15.357594877109447,15.544312278786972,25035300
2020-09-18,15.871073722839355,16.33787000880522,15.815058667115677,15.917752639161337,26836600
2020-09-21,14.610721588134766,15.413611670546965,14.3866596122564,15.413611670546965,29936700
2020-09-22,14.638731002807617,14.816113189908684,14.489356342018676,14.778769524711448,16426300
2020-09-23,13.789161682128906,14.582714774635892,13.70513821449263,14.56404338757405,30695300
2020-09-24,14.358652114868164,14.554706566716328,13.695801433890384,13.798496283775366,29015400
2020-09-25,14.283966064453125,14.36798953565148,13.789162266704539,14.115919122056416,16654300
2020-09-28,14.844120979309082,14.881464645168174,14.405333128050557,14.601387596396597,17461200
2020-09-29,14.302635192871094,14.862790985474945,14.293299945590732,14.760096142646244,13617400
2020-09-30,14.601387023925781,14.760097820190216,14.339980482817774,14.377324147212748,18614300
2020-10-01,14.517363548278809,14.750761673201803,14.283965423355816,14.65740206709533,30596900
2020-10-02,14.881464004516602,14.99349499727091,14.209278047990756,14.24662171224219,23936200
2020-10-05,15.236230850219727,15.441622360553273,14.974826063521117,14.974826063521117,15741300
2020-10-06,14.676074028015137,15.478963239915158,14.676074028015137,15.338924724118083,20309800
2020-10-07,15.759040832519531,15.871072717557247,15.170878332959132,15.170878332959132,28829700
2020-10-08,15.684350967407227,16.095132105229098,15.647008198888575,15.91774905787868,16492800
2020-10-09,16.085796356201172,16.113804768780806,15.721695896096733,16.057789724307696,15791200
2020-10-12,15.693692207336426,16.113809619055953,15.656349426676186,16.020449996375316,14085400
2020-10-13,15.70302963256836,15.871076611006558,15.42295252229592,15.53498265413016,12754700
2020-10-14,15.815056800842285,15.889744126555803,15.656346011115275,15.824392939142264,9852800
2020-10-15,16.067127227783203,16.123144063912978,15.404277359759442,15.450956275847746,11602600
2020-10-16,16.011110305786133,16.15114881841205,15.88974406969335,16.104469907765512,11006200
2020-10-19,16.001773834228516,16.6552892537862,15.955094924554222,16.16048462008188,15826700
2020-10-20,16.44056510925293,16.683299382007004,16.188494697467572,16.244509750968835,15762500
2020-10-21,16.54326057434082,17.11275264198145,16.496581655646533,16.561932854093175,21426800
2020-10-22,17.13142204284668,17.178100953696706,16.15114888881937,16.384547004442116,21339200
2020-10-23,17.140756607055664,17.43950588270773,16.97270969432984,17.243450557632222,16469800
2020-10-26,16.207168579101562,16.84201185055011,16.067128260462848,16.776658870864956,24926900
2020-10-27,16.54326057434082,16.70197139086264,16.104472684280076,16.263183500801897,15993700
2020-10-28,15.74970531463623,16.06712510738208,15.572322251674453,16.011110059331195,26441600
2020-10-29,16.31920051574707,16.49658363328625,15.693693314549062,15.740374019526119,17138300
2020-10-30,16.188495635986328,16.375214866064077,15.833729454975913,16.216504054703954,14410600
2020-11-02,17.028724670410156,17.038060807822806,16.440562258902283,16.533920071656514,15480200
2020-11-03,17.523529052734375,17.75692714310957,17.224779781963903,17.29013096235918,21732700
2020-11-04,16.804664611816406,17.36482045501422,16.412555699646568,17.22478193938635,21800100
2020-11-05,17.570209503173828,17.80360761406761,17.2807963442577,17.30880475861201,17004000
2020-11-06,17.85028839111328,18.130365413267818,17.766264928329665,17.868958886753646,17437600
2020-11-09,18.475797653198242,19.876186495932103,18.21439109484078,19.46540527013795,40988000
2020-11-10,18.503801345825195,18.587824805473137,18.186379782863238,18.47579471306669,17163700
2020-11-11,18.23305892944336,18.4571208759871,17.952980160749135,18.4571208759871,18504300
2020-11-12,18.223724365234375,18.76520789461986,18.130364767612143,18.35442673349377,20898900
2020-11-13,18.802549362182617,18.8772366789671,18.373097735843373,18.373097735843373,19951400
2020-11-16,19.605440139770508,19.61477627732893,19.073292763743666,19.250675815981335,20642000
2020-11-17,19.63344955444336,19.66145618786178,19.166653336816246,19.36270689349023,17941900
2020-11-18,19.334699630737305,19.754816963893553,19.325365272832823,19.605442307812744,12593100
2020-11-19,19.708139419555664,19.764154474302348,19.157319669268237,19.35337325122487,13501300
2020-11-20,19.83884048461914,20.1936048486068,19.764153156375087,19.988215141107244,20375900
2020-11-23,20.455007553100586,20.473679826832697,19.960202983315853,20.146922159264893,21932300
2020-11-24,21.5753231048584,21.706025484190878,20.725754077824547,20.753760713003583,35904500
2020-11-25,21.976768493652344,22.088798597431037,21.16454222816805,21.48196382335167,19468200
2020-11-27,21.958097457885742,22.480908793353546,21.75270595486566,22.43422987758707,12314300
2020-11-30,21.836727142333984,22.275516739635137,21.49129892816745,21.9767674363496,25715200
2020-12-01,22.070127487182617,22.760985765978315,22.00477629307426,22.49958098954488,20458900
2020-12-02,22.480905532836914,22.583601269452483,21.53797696948243,21.93942199732195,18433600
2020-12-03,22.770322799682617,23.059737785940357,22.63962040633174,22.695635463384036,24569800
2020-12-04,23.39582633972168,23.741256330333627,23.05973426799486,23.143757731098134,31954000
2020-12-07,22.947704315185547,23.283798195790748,22.620946573562314,23.25578977884484,19790700
2020-12-08,22.845012664794922,23.143763823745864,22.54626328653073,22.602278349783578,12594000
2020-12-09,22.83567237854004,23.134423483255574,22.238173730481837,23.022391596401445,16007300
2020-12-10,23.2091121673584,23.535868146636144,22.723643597164983,23.115752552984812,17239000
2020-12-11,22.975711822509766,23.143758756159293,22.546258349773602,22.910360632909697,14650300
2020-12-14,22.21949577331543,23.265119920845017,22.19148914427514,23.115745297010214,15436000
2020-12-15,22.68629264831543,22.7889883732652,22.312856076706304,22.499575252853884,11687700
2020-12-16,22.770322799682617,22.95704203077235,22.26618372483884,22.910363113343195,13379200
2020-12-17,23.07840347290039,23.507856902595712,22.92902883144624,23.125084161283677,13306100
2020-12-18,22.994382858276367,23.246453264661817,22.79832928487862,23.078406327071516,23159100
2020-12-21,23.2091121673584,23.43317417344308,22.36887741868267,22.36887741868267,13488800
2020-12-22,22.639619827270508,23.37715881245544,22.415557824105676,23.283799199298468,13336800
2020-12-23,23.2091121673584,23.573212704660193,22.89169054690013,22.89169054690013,13462600
2020-12-24,23.14375877380371,23.395827393783808,22.9663757014066,23.15309313173681,5107700
2020-12-28,22.994382858276367,23.703913383276298,22.88235275367377,23.4798513933847,10089500
2020-12-29,23.097078323364258,23.32114031052632,22.6956332619415,23.10641446208181,9894800
2020-12-30,24.768207550048828,25.04828456384673,23.162427447594602,23.17176358547936,32167000
2020-12-31,24.292076110839844,24.85223194007799,24.133365322233807,24.786878972439734,16527900
2021-01-04,25.33770179748535,25.91652997478731,24.712194703925746,25.431061410687153,31398600
2021-01-05,26.48602294921875,26.682076541256922,25.30969605492998,25.337702693400246,26109100
2021-01-06,28.15715217590332,28.483909936265608,26.924810250593243,27.307583067373297,40670400
2021-01-07,29.100074768066406,29.669566693839517,28.623942437111438,28.988042898147405,29770900
2021-01-08,29.081405639648438,29.27746098804884,28.110470378266108,28.99738217328917,27541700
2021-01-11,28.30652618408203,28.52125204589498,26.18727064178945,27.55965284704286,22233900
2021-01-12,28.932025909423828,29.016049361045525,27.84905895595089,28.465229747385976,21250100
2021-01-13,28.53058433532715,29.165427476489082,28.455897011701406,28.885350458064114,19828200
2021-01-14,29.86562156677246,30.332419561595227,28.913356862569252,29.044061013394124,21668100
2021-01-15,28.33453369140625,29.342813554349814,28.073127141499977,29.268126223046085,19927600
2021-01-19,29.604215621948242,29.800270961657937,28.605271989165043,28.922693563410245,19517800
2021-01-20,28.913360595703125,30.23906208624558,28.857345541366538,29.8469531445165,17343200
2021-01-21,28.045122146606445,29.184104460821935,27.933090252750667,29.006721370836342,16866800
2021-01-22,28.465234756469727,28.60527327358673,26.924807506809984,27.372931473858937,17457100
2021-01-25,27.055511474609375,28.651955649440584,26.17793576609439,28.3812129571827,29254100
2021-01-26,25.216331481933594,27.802382913113764,24.992269514779945,27.41027402542332,33161600
2021-01-27,24.077350616455078,24.628168534618318,23.069069041053453,24.338755367986177,37297900
2021-01-28,25.944538116455078,26.18727061523177,24.572155912593463,24.581492051882798,26791400
2021-01-29,25.12297248840332,26.29929917978472,24.749535867493258,26.131252255203623,20156500
2021-02-01,26.355314254760742,26.672735828031183,25.73914338445607,26.4300015790193,22619600
2021-02-02,26.27129364013672,26.448676722236097,25.599107648946156,26.411333946402074,17952300
2021-02-03,27.26090431213379,27.31691936888373,26.52336531206559,26.794108017615653,19500400
2021-02-04,27.821056365966797,27.821056365966797,27.120861976413742,27.270236637063483,16730700
2021-02-05,29.62288475036621,29.781595520623412,28.203823955206058,28.203823955206058,33126400
2021-02-08,29.98698616027832,30.201711979682525,29.62288570296805,29.884290428960597,17556000
2021-02-09,29.893634796142578,29.97765827067714,28.960042217479934,29.71625170760445,18609800
2021-02-10,29.165430068969727,31.71413899820818,29.04406382504714,30.799218757295105,39036500
2021-02-11,28.932025909423828,29.566868974705077,28.521244788238427,29.09073667574414,15555500
2021-02-12,29.156091690063477,29.454840988169266,28.549256955700304,28.838670115654505,12012400
2021-02-16,30.71519660949707,30.892577913577266,30.06168110605337,30.351092520006695,28964900
2021-02-17,31.882184982299805,32.28363003821498,30.50046496204083,30.976599126671715,27492900
2021-02-18,31.87285614013672,32.5637163470172,31.32203627129412,32.07824768622595,18734500
2021-02-19,35.00038146972656,35.168424829233224,32.69440704761938,32.703741404836016,40020200
2021-02-22,35.551204681396484,36.503465912708165,34.83233801746683,35.3738198242642,33293500
2021-02-23,35.33647155761719,35.46717748754529,32.56370450096119,34.636277244892625,26070200
2021-02-24,35.37382125854492,35.59788503823859,34.12280709523995,35.24311887096235,25156600
2021-02-25,33.310577392578125,35.47651149359295,32.85311554578846,35.12174538147275,25657100
2021-02-26,31.658119201660156,33.04917349124534,30.948590520904474,32.22761115454995,37782500
2021-03-01,32.58237838745117,33.01183006575713,31.96620750424661,32.72241512009566,21582800
2021-03-02,32.843780517578125,33.79604518136468,32.57303787014058,32.65706132757388,21625500
2021-03-03,32.67573547363281,33.61866227315373,32.218273609998036,32.80643784570774,18613200
2021-03-04,30.52847671508789,32.45167506473264,29.40816495683851,31.714139666109304,38045300
2021-03-05,32.69441223144531,32.85312125889927,30.34175852748766,31.490076961317047,31507000
2021-03-08,32.14358901977539,33.12386040078024,31.555424766623425,32.42366604843782,24959400
2021-03-09,31.611440658569336,31.90085203633499,30.603159111666642,31.163316713736762,24411800
2021-03-10,32.171592712402344,32.50768654061331,31.424719517140378,31.714134438404777,20367800
2021-03-11,34.98170852661133,35.112410893385714,33.31991162532618,33.31991162532618,25590500
2021-03-12,34.93503189086914,35.00038664654188,34.09480072356959,34.47757353077086,19752500
2021-03-15,34.50557327270508,35.07506519040708,34.13213846009734,34.72029909126329,18329100
2021-03-16,32.66640853881836,34.57093484682168,32.62906397791921,34.57093484682168,21242400
2021-03-17,33.7120246887207,34.150814289614,31.760816282391435,32.180933606504944,31499300
2021-03-18,33.06784439086914,34.67362461838431,32.93714201167562,33.60932974623969,25504200
2021-03-19,32.66640853881836,33.02117118324028,31.592775561894452,32.731759739705204,33270600
2021-03-22,32.68507766723633,33.263907684302325,32.3023048166596,32.85312463201376,21113500
2021-03-23,30.06167984008789,31.919526959518752,29.94031181536885,31.83550349030908,40041500
2021-03-24,29.510862350463867,31.135311463286353,29.48285393170651,30.631174171146366,27289000
2021-03-25,29.044065475463867,29.398829869208498,27.49430194889374,28.306526489089887,38038200
2021-03-26,30.771207809448242,31.116639597111913,29.688240656683305,30.60316087528017,23769200
2021-03-29,29.968320846557617,31.097970592080912,29.76293111689937,30.547150819097855,19461700
2021-03-30,30.509809494018555,30.827231152112933,29.29613792463217,29.688246926943656,17474700
2021-03-31,30.743200302124023,31.415388019728475,30.463123273579715,31.004605053915693,15946000
2021-04-01,31.518081665039062,31.714138799369866,31.069957686261006,31.125974519123066,16423800
2021-04-05,33.01182556152344,33.35725372856239,32.1902633088896,32.42366139282416,19365200
2021-04-06,32.68507766723633,33.81472749965649,32.451679500753606,33.34793116669104,22081100
2021-04-07,31.723478317260742,32.470351736701794,31.564769273730377,32.35832161412898,16292900
2021-04-08,32.087581634521484,32.45168223509347,31.144654529485663,31.83551116611618,15831400
2021-04-09,31.779489517211914,31.807496152539567,31.03261623036819,31.66745585315579,14028600
2021-04-12,31.434062957763672,31.76082252356089,30.836564228889536,31.76082252356089,15141300
2021-04-13,31.49007797241211,32.2182790608138,31.0419539517516,31.854178516612954,10889700
2021-04-14,33.97428512573242,34.657325931339074,32.617558673255026,32.70176937911387,35697600
2021-04-15,35.39651107788086,35.67721226223165,33.89943214582798,34.591831731915185,27185800
2021-04-16,35.686561584472656,35.98597660804647,35.0315898819142,35.6772064265585,19010500
2021-04-19,34.928672790527344,36.52867267169422,34.4046946557699,36.1637607938115,21560500
2021-04-20,33.57194900512695,34.844464885240406,32.84212162135052,34.666684726827626,20581200
2021-04-21,33.59067153930664,33.74973428060511,32.01874017333122,32.58950143433911,21914300
2021-04-22,32.505279541015625,33.39416597952333,32.03744307051304,32.72983904804382,23923800
2021-04-23,34.189491271972656,34.5918309356946,33.272532187234695,33.394167103757795,22558300
2021-04-26,36.538028717041016,36.56610133323465,34.5824720695161,34.713465714056,27041600
2021-04-27,36.2011833190918,37.27720858487814,36.07018968380835,36.07018968380835,19766600
2021-04-28,36.81873321533203,37.118148306808315,35.19066410159342,35.57428991062925,18574600
2021-04-29,35.92984390258789,37.40820535671081,35.21873043812641,37.380136309456255,18860200
2021-04-30,35.284236907958984,36.20119625183221,35.0409634368539,35.555583003302836,13696400
2021-05-03,36.21989440917969,36.76258636409524,35.75205799396639,35.939193273913425,22861600
2021-05-04,36.69709396362305,36.75323205584066,35.46200596450927,36.40703406636564,26489200
2021-05-05,38.86785888671875,39.0549942083326,36.67838383324831,37.36142472322588,37185800
2021-05-06,39.3637580871582,39.47603783423912,38.1099562752767,39.298261270585265,25202200
2021-05-07,41.14154815673828,41.63745376729323,39.214060247952546,39.74739363987647,32390400
2021-05-10,39.990665435791016,43.13452370540915,39.89709599456745,42.06785706062506,53054600
2021-05-11,41.918148040771484,42.42341229757312,38.23159785042689,38.86785575099729,40448900
2021-05-12,40.00001907348633,41.77779912669825,39.59767941480478,41.225751937063734,40183100
2021-05-13,39.270198822021484,40.7298464871644,38.250315060687555,39.550900021525166,36124000
2021-05-14,39.56960678100586,39.77545238658722,38.531009317600244,38.57779224753652,21487600
2021-05-17,41.338035583496094,41.41288757136275,39.40119265793267,40.131016493852385,25784600
2021-05-18,40.82341003417969,42.09592576197989,40.785982261171704,41.852648806736916,24144200
2021-05-19,38.100608825683594,39.12984778233736,37.3239984587483,38.587159253888316,42376400
2021-05-20,38.568443298339844,38.82107544383706,37.30528257085378,38.38130797915939,23677500
2021-05-21,38.24095916748047,39.139208069541965,37.969616677112086,38.77429255688372,20823700
2021-05-24,38.895938873291016,39.20471277617789,37.84798577460083,38.203542628719255,13460100
2021-05-25,38.063175201416016,39.242121526544395,37.950895448858304,38.91463742770567,18214300
2021-05-26,38.66200256347656,39.054987023500374,38.231593901462304,38.33451848788066,18366200
2021-05-27,39.850311279296875,40.34621680305735,39.33569186812726,39.83159739188773,28490600
2021-05-28,39.97195053100586,40.14037195161587,39.35440651187219,39.831598157394474,14723100
2021-06-01,41.36610412597656,41.54388428743694,40.60821125005601,40.767273953142265,22142700
2021-06-02,40.552066802978516,41.17896598178069,40.196510073740896,41.169610822544314,14691300
2021-06-03,39.176631927490234,39.485405765570796,38.87721681927797,39.36376726245031,20223800
2021-06-04,39.04563522338867,39.78481777580168,38.6620094227822,39.494757850734594,15799200
2021-06-07,38.60586929321289,38.849146290197915,37.838617661446904,38.746221681420366,16725100
2021-06-08,38.71814727783203,39.223407953034176,38.072530664520336,38.71814727783203,14799600
2021-06-09,38.0818977355957,38.9146462639986,38.06318384436859,38.61523114298429,13874800
2021-06-10,37.55791091918945,39.092413956571804,37.473700212537544,38.194168798490765,16410700
2021-06-11,38.22224426269531,39.27955585280392,38.016398610220136,38.736867317157184,20060200
2021-06-14,36.940364837646484,38.166097594188635,36.64094980188652,37.997676190410054,19426500
2021-06-15,35.18130111694336,35.76142090965684,34.095920649295145,35.44329196727845,51189800
2021-06-16,34.67604446411133,35.405868299799145,34.17078016126157,34.60118890695903,36697100
2021-06-17,32.8889045715332,34.385979816074084,31.878376104486414,33.81521876368383,59951400
2021-06-18,32.711124420166016,33.16960572137224,32.233932801555305,32.53334785035201,46250200
2021-06-21,33.47836685180664,33.66550209889341,32.87018176040957,32.9731063247727,28159300
2021-06-22,34.14270782470703,34.629254622114324,33.33802850934185,33.955572519153186,27500700
2021-06-23,34.788326263427734,35.63043348405354,34.713470701901166,34.94738897770726,21647600
2021-06-24,35.10645294189453,35.41522318951784,34.404698160839544,35.32165731310093,20393500
2021-06-25,34.8444709777832,36.0702005657005,34.7228324643338,35.84564100012769,44083100
2021-06-28,34.37662887573242,35.405867786488805,34.21756260374462,34.909962220127376,14933300
2021-06-29,34.87253952026367,35.256165377697826,34.47019977108762,34.591838282755006,14898700
2021-06-30,34.72282791137695,35.04095689531607,34.404698927437835,34.72282791137695,12448900
2021-07-01,34.70411682128906,35.74271457526225,34.301777086519095,35.48072366956637,13946100
2021-07-02,34.75089645385742,35.07838416245254,34.41405358527247,34.9754595560172,10221500
2021-07-06,33.68423080444336,35.04095748126201,33.487740314718394,34.90996382144537,18992900
2021-07-07,33.880714416503906,34.40469251871433,33.066680003382615,34.217557227259974,14745200
2021-07-08,32.45849609375,32.82341157331011,31.410543300589726,31.85031076643518,24061700
2021-07-09,34.15206527709961,34.32984186619343,33.440955351415006,33.66551487771149,18023100
2021-07-12,34.18013000488281,34.34855141296985,33.45030628271158,33.674869349930574,11999800
2021-07-13,33.43158721923828,33.9742791322147,33.122817065099674,33.918137481776625,14532700
2021-07-14,32.36737060546875,33.89572657184679,32.16108842268413,33.47378736924955,19482500
2021-07-15,32.24547576904297,33.014341158963155,31.795408485442138,32.26422901962844,15838100
2021-07-16,31.129684448242188,32.26422929211889,30.914027429913155,32.198594702923835,25881000
2021-07-19,30.379575729370117,30.42645707310951,29.404428041594812,29.723226186566844,31431700
2021-07-20,30.89527702331543,31.345344352149475,30.08890505118132,30.37019668460045,20933300
2021-07-21,32.4892692565918,32.60178519993442,31.392227184344847,31.48599345114482,24349400
2021-07-22,32.62991714477539,32.864327474230414,31.46724391369644,32.24548434754187,20607000
2021-07-23,32.9955940246582,33.061228625465404,32.14234063734715,32.62991451249882,15945500
2021-07-26,34.36454772949219,34.55207308795004,33.623810402406065,33.848842263282265,22801000
2021-07-27,34.083251953125,34.467684654271835,33.44565573022534,33.961361187583066,17933500
2021-07-28,34.39268493652344,34.5052008967932,33.58631280481804,34.19578111184688,14851500
2021-07-29,36.07105255126953,36.174193639669795,34.85211631761194,35.152164746056705,23065900
2021-07-30,35.7241325378418,36.35235407649939,35.14279592621395,35.7241325378418,15910600
2021-08-02,34.33642578125,36.643026257293776,34.27079117185221,36.249215024089054,21801100
2021-08-03,34.35517120361328,34.52394689695469,33.45503655700387,34.12076091584101,17245400
2021-08-04,33.42690658569336,34.3739225211931,33.40815333450901,34.13013740943038,11763600
2021-08-05,33.614437103271484,34.16764557926076,33.117488389470395,33.13624164353312,10531000
2021-08-06,34.56144714355469,34.93650138999072,33.82070990988002,34.35516498308415,13856000
2021-08-09,34.1864013671875,34.552080906470806,33.62381801087746,34.05513215583634,9479600
2021-08-10,35.83665466308594,36.07106500792178,34.26141685964361,34.41143933726583,17807400
2021-08-11,36.31483840942383,36.755530859302446,35.50846651254671,36.10855622832033,16883100
2021-08-12,35.99604415893555,36.16481985668866,35.199050590403715,36.11793851327218,11489500
2021-08-13,35.7241325378418,36.28671947083904,35.639744676733095,36.099190493173296,12872600
2021-08-16,34.542701721191406,34.81461852581796,33.876977332057955,34.542701721191406,13430700
2021-08-17,32.54552459716797,33.70820123766157,31.936059974426783,33.65194147903829,23492800
2021-08-18,31.76728630065918,32.451763978536114,31.729779792519146,32.01107144993443,18157900
2021-08-19,30.398324966430664,30.745254774090128,29.67634262586354,30.585853915497392,32408600
2021-08-20,30.754629135131836,31.082805685114604,30.19204587347159,30.660866450460844,21881100
2021-08-23,32.06732940673828,32.254858360063,31.532874214694083,31.598508811835142,16189600
2021-08-24,33.014347076416016,33.183122785119586,32.629914312550646,32.77056192874278,15470700
2021-08-25,32.92058563232422,33.23938380787802,32.45176499632261,33.051854838113854,9923500
2021-08-26,32.38612747192383,33.070605109522376,32.31111446005794,32.68617236575285,11336100
2021-08-27,34.28954315185547,34.53333190067274,32.695552175496516,32.695552175496516,18805800
2021-08-30,34.35517120361328,35.030273976978904,34.27078335694258,34.95526096801955,13357900
2021-08-31,34.120765686035156,34.43956386504715,33.31439361107436,34.27078814811035,16216100
2021-09-01,33.651939392089844,34.02699727268437,32.854945866847764,33.50191695521544,16478200
2021-09-02,34.00824737548828,34.411433385011016,33.745708979266,33.88635301574905,10981300
2021-09-03,33.886356353759766,34.2520358921817,33.6800741210837,33.85822825905584,12687100
2021-09-07,34.0926399230957,34.38330645127961,33.708207114192895,33.72696037033668,10296400
2021-09-08,32.22673034667969,33.876981030896665,32.217355507518114,33.8676026149174,18265700
2021-09-09,32.63928985595703,33.14561336069819,32.348619810584566,32.35799464832432,12518800
2021-09-10,33.267513275146484,34.31767054164452,33.01434969203381,33.07060945833143,22605900
2021-09-13,33.08936309814453,33.642571620968674,32.404885362585475,33.539430503300444,13867400
2021-09-14,32.62053680419922,33.164366816876964,32.48926761413277,32.967463031777285,14925200
2021-09-15,34.448936462402344,34.495817803229194,32.94870851822381,32.94870851822381,18871400
2021-09-16,32.161094665527344,33.351899500976685,31.626639430765817,33.3331462464636,35807800
2021-09-17,30.98904037475586,32.42363381660982,30.538973036250564,32.1235853474557,37559800
2021-09-20,29.226272583007812,29.620081908789196,28.61680623769122,28.841839882650802,38463200
2021-09-21,28.579303741455078,29.53569820788073,28.147989641934895,29.488816862596774,35686600
2021-09-22,29.591957092285156,30.248304888540538,29.507569237445235,29.629463600395674,28813500
2021-09-23,30.107664108276367,30.36082770020756,29.69510141643393,29.976393104084856,20270400
2021-09-24,30.22955322265625,30.651488892281407,29.713849500514574,29.713849500514574,15164300
2021-09-27,31.795413970947266,31.832920478589017,30.267057764311502,30.267057764311502,22469300
2021-09-28,31.47661018371582,31.92667746452263,30.76400454997591,31.898549377227454,19761000
2021-09-29,31.045305252075195,31.907933565568126,30.857776269240865,31.673523231229673,12717000
2021-09-30,30.50146484375,31.654763005544794,30.50146484375,30.5108432580766,23041700
2021-10-01,30.792139053344727,31.035924206605625,29.873251049795883,30.848398816474567,16091200
2021-10-04,30.670244216918945,31.626638714521704,30.407705813316518,31.289087294565732,20137600
2021-10-05,30.19205093383789,30.717127778908868,29.77011162846461,30.651493173274996,20005300
2021-10-06,29.73259925842285,30.173291732393256,29.001240324443913,29.845116980485734,22783900
2021-10-07,32.179847717285156,32.339248591233286,30.58585686189158,30.707751227049847,37035100
2021-10-08,32.0016975402832,32.826819282411435,31.78604047744394,32.44238650486013,17625300
2021-10-11,33.033103942871094,34.28954348017031,33.01435068687345,33.098738550453916,27084300
2021-10-12,32.45176315307617,33.26751001187598,32.29236228594438,32.86432400166998,21591600
2021-10-13,33.58631134033203,34.07388524933152,32.43301296160579,32.93934012596884,26459800
2021-10-14,34.88766098022461,35.61115988009794,34.35208447767138,34.75611637739703,28961400
2021-10-15,36.30647659301758,36.65413077966631,35.33868085900944,35.86485939354321,30048400
2021-10-18,36.21250534057617,36.69170400439263,35.13195434399375,35.27289702505103,23196100
2021-10-19,36.50379180908203,36.597754817443246,35.91184098585659,36.494397300407044,16543100
2021-10-20,36.57895278930664,36.71989547336614,35.78028713782643,36.306465511763,14281700
2021-10-21,36.09975051879883,36.20310800916479,34.53060631945043,35.74270193212541,19571900
2021-10-22,35.395057678222656,36.46621459705785,34.96283854049353,35.676943153050324,19058200
2021-10-25,36.96420669555664,37.24608859093548,35.723923488431524,35.92124045676444,19215100
2021-10-26,36.50379180908203,37.27427055603264,36.04338561324002,37.05816101328525,15564400
2021-10-27,34.7655143737793,35.98700470248012,34.61517715769799,35.20713151415898,19544200
2021-10-28,35.7990837097168,35.91183931450256,34.91585297816098,35.376262736897566,13978400
2021-10-29,35.4420280456543,35.77088953383812,34.94403318370557,35.30108535967758,16052200
2021-11-01,36.01519012451172,36.29707191537535,35.32927286817091,35.49840265955338,10873400
2021-11-02,36.2219123840332,36.40983482904763,35.61116891813946,36.25949758990059,14574500
2021-11-03,35.92123794555664,36.36285515418168,35.254116670122336,36.30647734531811,17054400
2021-11-04,34.7655143737793,36.2594920267281,34.53061224963214,36.17492711866224,16309500
2021-11-05,34.8031005859375,35.14136022803735,34.54940585436262,34.90645809705935,12536200
2021-11-08,37.048770904541016,37.377632512055364,35.61117075694587,35.65815047454468,25103800
2021-11-09,36.8326530456543,37.38702219091457,35.84606486085466,36.86084015300455,16030800
2021-11-10,35.254112243652344,37.208496109339784,35.01921011269862,36.654126936916136,24055700
2021-11-11,38.42998504638672,38.73065944805298,35.95881394739059,36.75747965475631,39436900
2021-11-12,38.74006271362305,39.08771689708977,37.92260422329553,38.21388059958288,18481700
2021-11-15,38.39240646362305,38.74945872122861,37.7722649553198,38.54274369035346,13962100
2021-11-16,37.208492279052734,38.30783600259583,37.076947672751544,38.22327110078482,19165300
2021-11-17,36.522579193115234,37.99776416257888,36.32526228022891,37.24607812468686,19209100
2021-11-18,36.44741439819336,36.64473132199761,35.413842902620765,36.53197930615546,17613600
2021-11-19,35.96821975708008,36.89843394376992,35.799089904954656,36.14674770339177,18915800
2021-11-22,35.46083068847656,36.29708178189339,34.67155930892044,35.13196552280677,19073700
2021-11-23,36.34406280517578,36.87024493861155,35.6393563189084,35.74271384371922,15861800
2021-11-24,36.31586837768555,36.663522503939966,35.921230961019006,36.33465739266421,13430300
2021-11-26,34.991024017333984,35.150755750533875,33.168181134376105,34.08899708426356,21122400
2021-11-29,35.68632888793945,35.836666098197156,34.38966820926562,35.55478427700419,17219200
2021-11-30,34.84069061279297,36.22191289691284,34.28632136352827,35.667543647648145,27056100
2021-12-01,34.042015075683594,36.21251197239895,33.995035368167905,35.51720011447219,19234100
2021-12-02,34.85947799682617,35.09438014932317,33.750739550294526,34.19235674397206,18548800
2021-12-03,34.352088928222656,35.244714158576095,33.45946011354716,34.8312876983669,20762700
2021-12-06,35.1131706237793,35.60176750148272,34.16416756230296,35.01921120220341,13602900
2021-12-07,36.42862319946289,37.21789450936271,35.89304662320824,35.89304662320824,18048200
2021-12-08,36.38164520263672,36.92661631276329,35.949422533675744,36.513189829759604,14213800
2021-12-09,36.1467399597168,36.48499959150267,35.64874501988894,35.827272927954795,11526700
2021-12-10,36.05278015136719,36.832656991952156,35.592373955149064,36.62594195771088,10018500
2021-12-13,35.35747146606445,36.531982177679325,34.981626604618796,36.278287433851844,11557800
2021-12-14,35.667537689208984,36.43801637007508,35.1319611326148,35.291696440967115,12609600
2021-12-15,35.00041961669922,35.197736558327826,33.619193856654405,35.00981412540056,23245200
2021-12-16,35.96821975708008,36.84205613162054,35.789695395091115,36.09036989124238,17549100
2021-12-17,35.70513153076172,36.34406575016328,35.282306887874974,35.94942822202804,19628600
2021-12-20,35.16014862060547,35.36686363918225,34.49302744069933,34.81249447653526,13373700
2021-12-21,36.81386184692383,37.01117877452823,35.77089582341195,35.87425333339198,13560800
2021-12-22,37.71588897705078,37.744076088326615,36.644735736700355,36.82326008198463,13244500
2021-12-23,38.646095275878906,38.796432479541366,37.43399955516938,37.50916636483978,17727500
2021-12-27,39.45416259765625,39.50114230591754,38.17629446074596,38.52394860306591,11409000
2021-12-28,39.45416259765625,39.6890647232847,39.125297471183224,39.275634688212556,10835200
2021-12-29,39.444766998291016,39.66087653740852,38.91858491327305,39.172279655103736,14596200
2021-12-30,39.10649871826172,40.187049759874775,39.05951901739189,39.51992868828758,12001000
2021-12-31,39.209861755371094,39.4353693694849,38.88100021845713,39.12529684811866,8793200
2022-01-03,38.9749641418457,39.51054075495574,38.79643979891647,38.9749641418457,12658000
2022-01-04,39.60449981689453,39.93336135906391,38.956167656157774,39.294427290573125,14448600
2022-01-05,39.16289138793945,41.0796940199244,39.01255413744982,39.6420902537743,22270600
2022-01-06,38.08233642578125,39.369602822794604,37.847434269521905,38.97496533643124,16145800
2022-01-07,39.350807189941406,39.56691672693965,38.007166672860066,38.52395065997084,16974600
2022-01-10,39.10649871826172,39.341400806932256,38.223268155216196,39.09710421181632,12066900
2022-01-11,40.39376449584961,40.42195159933344,38.80582409226111,39.30381895451096,17291600
2022-01-12,42.42333221435547,42.70521409403997,41.4931180686418,42.27299497290223,28622600
2022-01-13,41.79169464111328,43.045537832564676,41.70684783896468,41.951958825021656,22954000
2022-01-14,41.556007385253906,41.91424622403472,40.59441154144594,40.820667271594886,19204600
2022-01-18,41.75398254394531,43.55461696795194,40.94322504270055,41.386314280885486,25895000
2022-01-19,41.556007385253906,42.894697311400094,41.527722721782794,42.461037498389636,18064400
2022-01-20,40.71696853637695,42.329057826872045,40.641551152293424,41.98967060782044,17598500
2022-01-21,38.6429328918457,40.2832992721409,38.36953729637335,40.16074200584822,24839300
2022-01-24,37.671913146972656,37.76618936381891,35.32449108968531,37.323100135316416,30985600
2022-01-25,37.36081314086914,37.57764305982896,35.84300011188022,37.06856224334754,27054500
2022-01-26,36.229515075683594,38.473238309945735,35.57902547250794,37.30423859235179,24866900
2022-01-27,34.975677490234375,36.814022519759256,34.63629386920524,36.2106690651249,24521300
2022-01-28,33.97637176513672,34.39117633054874,32.93935495720174,34.334610600427574,30157400
2022-01-31,35.088802337646484,35.12650922424177,33.59927063091028,33.91980254272253,20213700
2022-02-01,36.785736083984375,36.851727633691056,35.37162528237884,36.01268913347493,22363000
2022-02-02,37.134559631347656,37.577648959284865,36.154108333741,36.79517236707837,19673300
2022-02-03,36.012691497802734,36.88001112018647,35.81471683568514,36.47463237607712,16367000
2022-02-04,36.220088958740234,36.606616023361866,35.55074405437192,35.852420732291996,15184300
2022-02-07,36.67261505126953,37.172266476678004,36.00326641411789,36.22009634582855,13817400
2022-02-08,38.30354309082031,38.36953463048453,36.748020007262745,36.927139386884306,18641700
2022-02-09,41.06578063964844,41.29203636317527,38.90690386515638,39.029461146557516,26474800
2022-02-10,41.3957405090332,42.951263971619085,40.349297844704886,40.405863576601305,29329400
2022-02-11,40.34928894042969,41.650271716786094,39.906203391966365,40.16074013865395,23462800
2022-02-14,40.019344329833984,40.537851007183406,39.36885093066377,40.30216582690908,17130400
2022-02-15,41.16947937011719,41.188334613254796,39.444265980129956,40.06647461859141,15759100
2022-02-16,41.716270446777344,41.89538986138318,41.046925501583544,41.10348763447492,11736000
2022-02-17,40.735816955566406,41.67855747439703,40.50013182585875,41.44287234468937,12251700
2022-02-18,40.556697845458984,41.3391706116968,40.33043853694184,40.886655590932214,15846700
2022-02-22,39.93449020385742,40.96207754541867,39.40655420211969,40.54726940252839,14429600
2022-02-23,40.02876281738281,40.71696298608376,39.642239336433796,40.1136096105799,13945700
2022-02-24,41.216617584228516,41.41459223464204,38.888047298231136,39.01060457545989,20397700
2022-02-25,43.68659973144531,43.71488079875777,41.23547559965237,41.33917404522138,29087900
2022-02-28,44.26166915893555,44.70475476813984,43.38492016731695,43.46033754060437,23876900
2022-03-01,45.16669845581055,46.712792343013206,44.4690688842273,44.789600806911004,27302500
2022-03-02,45.40238571166992,45.99631327778201,44.72361135039897,45.41181153501208,19132900
2022-03-03,46.27912902832031,46.30741009113263,44.70475060016153,45.958597130126094,22678700
2022-03-04,47.2407341003418,47.570691886214675,45.85490420713544,46.25085714645303,25481300
2022-03-07,44.45022201538086,46.55253318269221,44.03541383775901,46.1000181131439,27210600
2022-03-08,43.997703552246094,45.47780965248324,43.450915855957625,43.74316674642205,23946900
2022-03-09,44.299373626708984,44.83673537487209,42.329046018021174,43.05495297192838,23418100
2022-03-10,44.978145599365234,45.10070286371158,43.69601802356475,44.921583474489516,16686600
2022-03-11,44.2428092956543,45.04413723402188,43.94113264147337,44.43135810358472,14331200
2022-03-14,41.97081756591797,43.57347751986257,41.6125750829726,43.51691178162789,21012000
2022-03-15,41.74454879760742,41.91424237778222,40.537842090826324,40.858374009348765,18570100
2022-03-16,43.76200866699219,44.101395794346004,42.376182691989875,42.677859339355635,20461600
2022-03-17,45.80776596069336,46.00574062386016,44.082548934116986,44.327663504364445,18150900
2022-03-18,45.326961517333984,46.637370137223385,45.23268531674558,45.562646624400976,27493100
2022-03-21,46.67508316040039,47.13702761337013,45.58150426362099,45.58150426362099,15327100
2022-03-22,47.005035400390625,47.87235481415315,45.91145671558143,47.08045275989345,15558200
2022-03-23,46.95791244506836,47.53298121303403,46.835355155246766,47.146457695538345,11371700
2022-03-24,48.504005432128906,48.96594632024506,47.19359655076057,47.269013930010736,18021600
2022-03-25,48.956520080566406,49.01308581172606,48.004350052197395,48.18347306940128,11525800
2022-03-28,47.39156723022461,48.19289524822897,46.1471500089895,48.19289524822897,14166900
2022-03-29,47.22187423706055,47.22187423706055,44.912159173059855,46.22256796059463,15729400
2022-03-30,47.87236785888672,48.48515070456885,47.27844385355552,47.71210367860468,11190300
2022-03-31,46.89191818237305,48.33431012360571,46.89191818237305,47.68382041597077,10964400
2022-04-01,48.04205322265625,48.88109166091732,46.97675908675618,47.02389539074185,16632900
2022-04-04,47.98549270629883,48.81510175383455,47.67438661627074,48.81510175383455,12298500
2022-04-05,46.27912902832031,48.607699100386256,46.090580218276166,48.070337329335565,13805900
2022-04-06,45.308109283447266,46.222565114078975,44.72360758982502,46.109437262136105,13635800
2022-04-07,45.70406723022461,46.128301250794664,44.7613265606335,45.732348299505865,11154300
2022-04-08,46.1660041809082,46.52424298737593,45.4683746172901,46.1094384553382,9620300
2022-04-11,44.987579345703125,46.08115821916333,44.88387731176186,45.930319877867774,9370600
2022-04-12,45.251548767089844,46.49596607048321,45.11013623868469,45.854902175247844,11646600
2022-04-13,46.745750427246094,46.774120150925555,45.506887451783,45.85679754570036,11976500
2022-04-14,46.51878356933594,47.681989182125,46.471499492239246,47.00109053533618,12110200
2022-04-18,48.012977600097656,48.55202393322553,46.73628606831327,46.972710025212976,14267000
2022-04-19,47.89004135131836,48.15483505748865,47.020002826733894,47.35099495944675,10278500
2022-04-20,47.190223693847656,47.77655410248332,46.225613507518666,47.105110924243824,13101800
2022-04-21,42.509029388427734,46.14050161461977,42.06455118232415,45.85679357973077,31430900
2022-04-22,39.634117126464844,42.17803793365131,38.89647543976221,42.064555429745624,32547600
2022-04-25,39.38823699951172,39.79488653875849,37.41173235789729,37.84675162068194,31955300
2022-04-26,37.9980583190918,39.55845786440641,37.903490180151685,39.23692114144947,18707700
2022-04-27,39.426063537597656,40.57981377093474,39.26529695494253,39.81379873949136,22816500
2022-04-28,39.567909240722656,40.15423957955378,38.33850552089884,39.61519330541917,15184900
2022-04-29,38.34797286987305,41.13777684895464,38.18720627817642,40.17316647614283,17202000
2022-05-02,37.9980583190918,38.44253650870548,36.90105131268754,37.77108973507497,21723800
2022-05-03,37.96969223022461,38.66950518341323,37.65761084829787,38.14937315441226,16184300
2022-05-04,39.0572395324707,39.16126665756962,37.10910830804922,38.092629291840076,17667500
2022-05-05,37.48738098144531,38.84918524396769,36.75919478163392,38.782983218945574,22061300
2022-05-06,35.82295608520508,37.080729559068196,35.55815882159469,37.04290086318914,22379500
2022-05-09,33.59111785888672,34.943463246565464,33.43034768447266,34.13961958958206,30392800
2022-05-10,34.111244201660156,34.64083510155517,33.08989470387896,34.64083510155517,26543200
2022-05-11,33.95994186401367,35.76622100781781,33.874829083099605,35.227174597876626,22542800
2022-05-12,32.47520065307617,33.59112221717048,31.614617440855366,32.44683092760487,27193400
2022-05-13,33.13718795776367,33.85591531421961,32.71162404586166,32.88184961062247,18988000
2022-05-16,33.241214752197266,34.16799636887938,33.042615856980944,33.25067012456765,17882500
2022-05-17,35.59599304199219,35.766218592324044,34.57464334754462,35.07586101933088,22673600
2022-05-18,33.42089080810547,35.558161798607486,33.21283657089487,35.14205693172959,18276000
2022-05-19,34.725955963134766,35.54871041826183,33.69514724744125,33.69514724744125,18860200
2022-05-20,34.33821487426758,35.46359154732037,33.572199998129946,35.283910648862786,21630900
2022-05-23,36.267433166503906,36.54168581945278,35.05694367423751,35.5581613032147,19211900
2022-05-24,35.444671630859375,35.87969075302494,34.71648556590789,35.86077640759915,15922900
2022-05-25,35.775672912597656,35.99318250801986,34.92454527177764,35.05694210311785,12859800
2022-05-26,36.399837493896484,36.607888142856886,34.97183463659926,35.586538426701026,10011800
2022-05-27,37.49684524536133,37.54412932057686,36.598433386091514,36.9672542233338,11914400
2022-05-31,36.95779037475586,38.77352442089423,36.588966014562565,37.87511276768201,16890100
2022-06-01,37.48738098144531,37.808917698147184,36.7402804327052,37.18475861367216,12817600
2022-06-02,39.45443344116211,39.974565455936045,39.019410592719936,39.51117288538328,19239100
2022-06-03,39.08561706542969,39.66248858998327,38.773535656572776,38.80190538190744,13459900
2022-06-06,40.45686721801758,40.63655173794309,39.416603228363705,39.57736979088299,15137400
2022-06-07,41.033748626708984,41.25125827255229,39.86108761368039,39.955655770118724,12694800
2022-06-08,39.90836715698242,40.797319992137496,39.75705595934872,40.59872472165767,12373400
2022-06-09,38.3195915222168,39.974559054455085,38.300677174657494,39.889446294209684,13547900
2022-06-10,38.026424407958984,38.20610890534691,36.844304746377,37.071273308719626,23307200
2022-06-13,35.151512145996094,36.4282036765372,34.32875778689846,36.11612232211273,30274600
2022-06-14,34.820526123046875,35.605455527717105,34.47061961625774,35.44468533321794,16368800
2022-06-15,34.896183013916016,35.529797587240814,33.94102805638502,35.46359915741714,17094500
2022-06-16,32.976409912109375,34.07341684179036,32.626503493451075,33.55328489891061,20474600
2022-06-17,31.983434677124023,33.0993561147387,31.6051548785096,32.664336871612576,30089700
2022-06-21,32.18202590942383,32.881842366776276,32.06854342709802,32.39008013330703,13634400
2022-06-22,29.619197845458984,30.498695396663965,29.477343809019583,30.498695396663965,31329200
2022-06-23,27.9642276763916,29.193633437535087,27.302241623872924,28.805896456264293,41337600
2022-06-24,29.307113647460938,29.307113647460938,27.56703317048412,28.143908205806156,35347200
2022-06-27,29.335487365722656,29.893448093208228,29.051777512349165,29.86507656673934,17053700
2022-06-28,29.108518600463867,30.54597490619523,29.01394865572283,29.82724765521538,22635000
2022-06-29,28.645124435424805,29.600275532335395,28.36141463507397,29.5813629886625,15424300
2022-06-30,27.67106056213379,28.427616514464663,27.415722251807743,28.106079783781123,21029200
2022-07-01,27.614322662353516,27.68052109073149,26.40383118819148,27.3211556170055,22967500
2022-07-05,25.77967071533203,26.45111394542048,25.164968734770486,26.32817427081689,35842200
2022-07-06,25.893150329589844,26.0917473864657,24.786686166343227,25.64727100777646,35581200
2022-07-07,27.63323402404785,27.935858232422532,27.217129119604813,27.718346800813883,24755700
2022-07-08,26.47948455810547,27.63323287877938,26.470027382882108,27.62377570355602,17509200
2022-07-11,25.44867706298828,25.826955070235254,25.297365860089492,25.581073914581765,22219500
2022-07-12,24.87179946899414,25.637814385744218,24.607005792482486,24.919085342493823,25721900
2022-07-13,25.00419807434082,25.486503160700195,23.992303831963394,24.361124625861656,26774600
2022-07-14,23.862890243530273,24.157728154504664,23.587072787345903,24.062618624300967,31890900
2022-07-15,24.55718994140625,24.852027890936032,23.663163143082798,24.148220177894554,29197400
2022-07-18,26.078933715820312,26.74469861176954,25.688986275469976,25.717519678689538,29351200
2022-07-19,27.10611343383789,27.210734101275815,25.926759944228696,25.964802668893018,22850400
2022-07-20,27.172687530517578,27.80991899404666,26.839805097797015,27.12513367472749,25186600
2022-07-21,27.49605941772461,27.629211668037165,26.05039967638152,27.09660085272358,27566100
2022-07-22,26.40230369567871,28.48519485984124,26.335727572259554,28.18084401639704,20926700
2022-07-25,26.90638542175293,27.22024561436645,26.611545684704257,27.144158349916612,16260800
2022-07-26,26.563987731933594,27.2773064065223,26.421324359828493,26.83980334279503,14626600
2022-07-27,27.857473373413086,27.971603347647594,26.402302596448855,26.611542091920942,17466300
2022-07-28,28.371063232421875,28.903674036947816,27.74334290214333,28.475683892156074,18827100
2022-07-29,30.006942749023438,30.17813954721137,28.314000664861624,28.580305182875318,26279200
2022-08-01,28.51372718811035,29.502863373351254,28.237911553344215,29.341177720535466,17320500
2022-08-02,27.895519256591797,28.523239628249602,27.12513549393239,28.180846038595003,17031900
2022-08-03,27.28682518005371,28.152318602430373,27.106117223956165,28.152318602430373,17600000
2022-08-04,27.353397369384766,28.0001400123176,27.134646714882024,27.410462363154295,12475300
2022-08-05,28.78954315185547,29.008293784362362,27.106110585387782,27.220242375514093,17881000
2022-08-08,29.122426986694336,30.111561354813357,28.922696797803784,29.42677602303865,15915700
2022-08-09,28.58030128479004,29.246066117147134,28.294974536101698,29.18900113022211,12976800
2022-08-10,29.864276885986328,30.044984804028257,29.093893171900902,29.44579605991256,17104900
2022-08-11,30.121070861816406,31.22433878006102,29.99742975275438,30.5205294039554,14663700
2022-08-12,30.07352066040039,30.140096789832555,29.540907996816156,29.71210479482084,10878800
2022-08-15,29.00829315185547,29.24606604654281,28.30448560126853,28.75149799021797,16050600
2022-08-16,29.854766845703125,29.930854106498227,29.22704649062768,29.436287818361752,11931700
2022-08-17,28.770519256591797,29.198511177769667,28.542257503317987,29.189000044625363,12467000
2022-08-18,29.702594757080078,29.86428042627142,29.055852080314715,29.198517293296838,12556200
2022-08-19,28.960739135742188,29.502861042331702,28.570791735772076,29.388729255335544,13799000
2022-08-22,28.39959716796875,28.447151024706887,27.857475219275248,28.43763989054659,14027500
2022-08-23,30.23520278930664,30.472975688949266,28.90367310005733,28.989271489053735,18021900
2022-08-24,29.788192749023438,30.102052947947495,29.388734149114317,29.550419816079046,10531400
2022-08-25,31.604774475097656,31.623796743100282,30.339822677936176,30.339822677936176,18058800
2022-08-26,30.615638732910156,32.23249525432179,30.47297716309915,32.16591912945131,15736100
2022-08-29,29.95938491821289,30.46346229710616,29.588459780678107,29.93085151760897,12645500
2022-08-30,28.304487228393555,29.674059688462222,27.990627061926084,29.616992884331168,19734800
2022-08-31,28.152313232421875,28.44715113629423,27.686278541119325,28.24742276033458,19624100
2022-09-01,26.716163635253906,27.14415558802618,26.23110669346643,27.096599918794098,19731900
2022-09-02,26.9158935546875,27.705299568791382,26.773230166897815,27.467526651120775,13699900
2022-09-06,26.74469566345215,27.5055681914617,26.487900504975222,27.17268578018382,14929200
2022-09-07,26.991981506347656,27.08709103866188,25.96480254829362,26.288173869723913,13627400
2022-09-08,29.122426986694336,29.14144744091834,27.058558043163185,27.182199158904307,21393900
2022-09-09,30.596616744995117,30.70123740735783,29.607482368881403,29.769168022504065,17883000
2022-09-12,30.596616744995117,31.176783234005264,30.33982337729366,31.053143931328176,12635900
2022-09-13,29.53139877319336,30.159119197125293,29.150962427486675,29.24607196742924,17693700
2022-09-14,28.561279296875,29.198510694490945,28.08573353190976,29.02731392885336,20529700
2022-09-15,28.323511123657227,29.350690074205566,28.057204797936013,28.39008725157167,13837400
2022-09-16,27.895519256591797,28.19035717320357,27.286821154151124,27.838454263003843,27657400
2022-09-19,28.99878692626953,29.122429868308256,27.08709231175167,27.08709231175167,18022100
2022-09-20,28.26644515991211,28.47568649853234,27.9240533755523,28.45666422882805,14182100
2022-09-21,26.725675582885742,28.51372707700169,26.70665331461369,28.466173220384906,18878100
2022-09-22,26.963449478149414,27.629212565398692,26.773230416613384,27.353396921641203,16103400
2022-09-23,25.375123977661133,25.917245895125568,24.756914805360697,25.774582519065966,26058200
2022-09-26,25.203927993774414,25.92675784449101,24.842513975447766,24.899578964854435,17105500
2022-09-27,25.555835723876953,25.99333705133327,25.118332582357112,25.774586387605112,15322300
2022-09-28,26.49741554260254,26.621056666348327,25.498768161622916,25.650942689647028,14899300
2022-09-29,26.792251586914062,26.820784989193427,25.536810911635477,26.611543667271437,17580400
2022-09-30,25.993335723876953,27.030025807462295,25.955292999723504,26.48790383631579,16108400
2022-10-03,27.905029296875,28.028670413810755,26.52594567179371,26.678120191436193,16515200
2022-10-04,29.274599075317383,29.474327433568785,28.48519314753971,28.580300852956647,17325900
2022-10-05,29.017803192138672,29.265087210985126,28.142798900090895,28.532746287562528,13118100
2022-10-06,28.361549377441406,28.608833395048496,27.8004052248067,28.247419408738534,18258700
2022-10-07,27.53410530090332,28.39008746374694,27.353397370882558,27.962095475293406,12667300
2022-10-10,27.828941345214844,28.63736959450728,27.69578909735373,27.886006335146273,11617700
2022-10-11,27.75285530090332,28.399597928618995,26.849317486171707,27.267798330116566,13833900
2022-10-12,27.42948341369629,27.553124530380607,26.735186942481448,27.486548404930332,15818400
2022-10-13,28.070045471191406,28.500273266689643,26.29176547719835,26.473418185634177,16285500
2022-10-14,26.425613403320312,28.175210783198438,26.358689202357123,28.13696916416849,13972100
2022-10-17,27.553773880004883,28.079610359091177,27.228711859783683,27.286077032915426,13874400
2022-10-18,27.23827362060547,28.270823064918222,26.607271283722568,28.165655400921718,14492100
2022-10-19,27.113983154296875,27.467725911360482,26.645511883007206,26.8654062264303,12703600
2022-10-20,27.840593338012695,29.255568070442383,26.922770657823207,27.113984248064167,26954400
2022-10-21,30.622737884521484,30.71834650128847,27.525091643187412,27.85971268413233,27259400
2022-10-24,29.6857967376709,30.39328594708385,29.284249645850466,29.752722772597632,19179500
2022-10-25,30.278553009033203,30.603613156385745,29.207760312500362,29.217321173238336,15134000
2022-10-26,31.87518310546875,32.28629103588733,30.91911882953639,31.062529929764555,19799800
2022-10-27,31.30154037475586,31.884736414730494,30.966915750044542,31.846496622356586,14606700
2022-10-28,30.78527069091797,30.98604331536388,30.068222477529023,30.756586282357258,13156900
2022-10-31,30.297677993774414,30.947800182049793,30.01085761138582,30.345480479065216,13138500
2022-11-01,31.454519271850586,32.25761348955602,31.25374298210212,32.2098073533183,16684600
2022-11-02,29.647550582885742,31.922982539843122,29.599746279527736,31.23461515986955,20061600
2022-11-03,30.17338752746582,30.278555179574855,28.949626442042288,29.207762406281404,15062200
2022-11-04,33.64390182495117,34.19842087649456,32.620913302920634,33.17543235446402,30363400
2022-11-07,32.93641662597656,33.68214563014867,32.62091364907547,33.433570511123285,12396400
2022-11-08,33.902034759521484,34.619082890545684,32.82168486802036,33.271032550103996,18453300
2022-11-09,32.53486633300781,34.18885710238352,32.19068260812578,33.35708219864915,14161900
2022-11-10,35.1353645324707,35.336137168781775,34.14105674250726,34.29402689118656,21126200
2022-11-11,36.368682861328125,37.535078699467,36.08186433218235,36.08186433218235,22053500
2022-11-14,36.22526931762695,36.8467124612303,35.64206961454279,35.83328317004345,14006700
2022-11-15,36.41648864746094,36.75110968732442,35.91933478316675,36.56945878669793,15132100
2022-11-16,35.7376823425293,36.02450088535208,35.355255187368485,35.699438897594085,12620100
2022-11-17,34.76250076293945,34.81986229048013,33.75863391292044,34.2271034076178,13618400
2022-11-18,34.74337387084961,35.058873166689,34.255782723790354,34.84854151849459,9136200
2022-11-21,34.542598724365234,34.762493040982584,33.59609361213855,34.43743108444057,10425300
2022-11-22,36.19659423828125,36.22527499962165,35.19272747331364,35.36481933554761,11848000
2022-11-23,36.368682861328125,36.51209030235327,35.469980183683774,35.51778631112096,8632400
2022-11-25,35.51778793334961,36.36868452242037,35.46042276606219,36.21571439008288,5219800
2022-11-28,34.5999641418457,35.26920985104821,34.533039935635024,34.92502613505288,10420000
2022-11-29,35.861968994140625,36.014939130736614,35.2883318936796,35.44130203027559,8912700
2022-11-30,38.05135726928711,38.05135726928711,36.12010700356058,36.64594527046554,23334200
2022-12-01,37.83145523071289,38.328608988346346,37.00923954105352,38.13739544354963,12098000
2022-12-02,38.45290756225586,38.51983177192188,36.75111061720257,36.990126693751456,15008700
2022-12-05,37.15266036987305,38.81621025823084,37.00924926183366,38.529391689248044,12200500
2022-12-06,36.77022933959961,38.108720717857075,36.52165424500096,37.343870064750924,14971800
2022-12-07,36.85626983642578,37.468150268769705,36.56945133965145,36.66505628954454,12273600
2022-12-08,38.10872268676758,38.29037358654802,37.554203655181304,37.92706813989135,12677600
2022-12-09,36.89452362060547,38.77797156780583,36.8467211322549,38.309498428939634,10601800
2022-12-12,37.171783447265625,37.229144974892755,36.20615639845303,36.43561345024988,9557200
2022-12-13,37.53507995605469,39.351603446616714,37.066610527088926,39.284679242478745,12513200
2022-12-14,37.69761276245117,38.13740143156909,37.152656444827755,37.315185612812186,11163700
2022-12-15,36.47385025024414,37.20045742878475,36.08186407884155,36.722425334533035,11046700
2022-12-16,36.67462921142578,37.3343123028832,36.18703434839963,36.492974649982436,29060700
2022-12-19,35.718563079833984,37.0283701587523,35.460425279388026,36.85627829178833,9245700
2022-12-20,36.139225006103516,36.70330301399681,35.99581756842613,35.99581756842613,7608100
2022-12-21,36.76066970825195,37.143093205080014,36.45472945195129,36.68418282062902,7266700
2022-12-22,36.01494216918945,36.3686886031773,35.230969697107064,36.3686886031773,11351300
2022-12-23,36.426048278808594,36.44517000241162,35.68031929376996,36.20615392801761,6598000
2022-12-27,37.171783447265625,37.53508527922448,36.722432029673854,36.971007159282344,10559300
2022-12-28,36.21571731567383,37.267386604563434,35.928898750258114,37.181340670229126,8305500
2022-12-29,36.62682342529297,36.875398530286525,36.387807358258655,36.4547315652606,6455800
2022-12-30,36.330448150634766,36.53122080458515,35.814172485822624,36.330448150634766,6820100
2023-01-03,36.25395965576172,37.35343515514141,35.93846030583556,36.282644067279506,8576100
2023-01-04,37.2865104675293,37.4299215820121,36.06274923976833,36.33044609656701,10415600
2023-01-05,38.089603424072266,38.50071138174409,36.96144721191647,37.190904258073594,12341000
2023-01-06,40.422393798828125,40.72833405552519,38.75884410892482,38.92137327469083,16483800
2023-01-09,40.948238372802734,42.23892380259295,40.948238372802734,41.30198116553627,17009500
2023-01-10,42.745635986328125,42.85080364780533,41.120325870535105,41.34022387931255,16052500
2023-01-11,43.32883071899414,43.37663320119325,42.28672055983295,43.0420121787039,18910300
2023-01-12,43.261688232421875,43.98111766195798,42.43674556028793,43.674161398092494,12834900
2023-01-13,43.213714599609375,43.57822643053454,42.666948682824746,42.93553442181895,11109600
2023-01-17,42.35041046142578,43.34801640880111,42.244893568144015,42.85880604628483,12644000
2023-01-18,42.129783630371094,44.48951482784175,42.101007625506725,43.43434951926034,19797400
2023-01-19,42.340816497802734,42.65736718121534,41.228099203831185,41.31443087574308,13731200
2023-01-20,43.55904006958008,43.58781606680144,41.602191755992166,42.06262600756471,12365100
2023-01-23,43.11780548095703,43.693347573435794,42.331229580272606,43.39598574464497,11735800
2023-01-24,42.7724723815918,43.64537983186074,40.959511035587596,40.959511035587596,9720800
2023-01-25,44.73891067504883,44.8252423397157,42.177744055276094,42.427144609198876,18821700
2023-01-26,43.59741973876953,44.58543488415194,42.45592281781781,44.38399554252761,15945700
2023-01-27,42.99309539794922,43.68374870850477,42.85880251183157,43.156167944811145,10871300
2023-01-30,42.18734359741211,43.18495333869553,42.158567589616005,42.56144633559152,8850300
2023-01-31,42.80125427246094,43.02187886066038,41.65976088328799,41.91875591966316,10931900
2023-02-01,42.9835090637207,43.47271943650081,41.419948172446844,42.465519027219116,13159900
2023-02-02,41.928340911865234,43.10820458627659,41.074618683493284,42.86839480710663,14696200
2023-02-03,41.40076446533203,42.95473097251848,41.208915890062876,41.61179826404882,13162800
2023-02-06,41.19932556152344,41.34320925015397,40.4415256934313,40.94992131316557,11026500
2023-02-07,41.90915298461914,42.06263108701053,40.61418172439218,41.26646457435725,12585600
2023-02-08,41.26646423339844,41.82282097776793,41.1417621327337,41.52545921514524,6826000
2023-02-09,41.18972396850586,42.28325957195147,40.844400980225096,42.1777426897518,9417800
2023-02-10,40.63336944580078,40.98828689332677,40.105788665055265,40.95951089085912,8030400
2023-02-13,40.3935546875,40.75806653038152,39.626164222912365,40.0961892815695,8600600
2023-02-14,41.228092193603516,41.391164728023256,39.84678933709047,40.25926240395599,9376200
2023-02-15,40.58540344238281,40.662140659661794,39.64534966067531,40.03863750464688,10787200
2023-02-16,41.017059326171875,41.698121818691696,40.24007805350978,40.60458990960688,11010300
2023-02-17,40.038639068603516,40.41274170806664,39.520649109713105,40.403147268527995,11621300
2023-02-21,40.921142578125,41.669347954883975,40.662147564814504,40.748479235918005,15233000
2023-02-22,40.086605072021484,40.74847877011091,39.770054395191565,40.316820419527815,9818800
2023-02-23,38.935516357421875,40.15375048925984,38.31200946045051,40.02904837802419,12760600
2023-02-24,38.2640495300293,38.31201075621686,37.41991804414168,37.75565394586859,11207300
2023-02-27,38.47507858276367,38.95469810404628,38.18730760183542,38.50385458309454,8130300
2023-02-28,39.30002975463867,39.67413244345503,38.494268709800735,38.858776957812715,11700900
2023-03-01,41.247283935546875,41.62138662297755,40.604595453900735,40.86358680734735,14042800
2023-03-02,41.074615478515625,41.20890835889908,40.163337656933784,40.163337656933784,9786500
2023-03-03,41.94752883911133,42.09141617957743,40.997884101497704,41.41994802274742,10232200
2023-03-06,40.988285064697266,41.26646527349668,40.86358296088949,41.26646527349668,8697800
2023-03-07,38.50386047363281,40.58541141723416,38.35038234971069,40.47030007988724,16238900
2023-03-08,38.88755798339844,39.75087106647972,38.51345528147583,38.51345528147583,9938600
2023-03-09,37.57339859008789,39.23288566516748,37.28562755517028,38.85877929464663,11896900
2023-03-10,36.33597183227539,37.89952865954104,36.21126974631962,37.55420571715035,18172000
2023-03-13,36.076988220214844,36.75804719897576,34.82997794633537,35.56859259652111,18949400
2023-03-14,36.48945617675781,37.40073405196459,36.05779785069073,37.25684672353998,17198000
2023-03-15,34.06257247924805,34.91629819278617,33.506215807780265,34.76282011177374,26465400
2023-03-16,34.62853240966797,34.66690285449633,33.45826311605927,33.746034133857904,25292000
2023-03-17,34.753231048583984,35.00263525580759,34.033801746465116,34.753231048583984,18290700
2023-03-20,35.92350387573242,36.0865727610879,35.252035795407146,35.472660342232786,11952500
2023-03-21,36.70048522949219,36.86355777427448,36.12494325084015,36.41271424016617,11516000
2023-03-22,36.297607421875,37.774836503157566,36.240051758986304,36.78681774920533,12672800
2023-03-23,36.2496452331543,37.669318613719206,35.86594814253388,36.690894325923125,15292600
2023-03-24,36.46067810058594,36.652526660423305,35.25203839426228,35.84676563647189,13894800
2023-03-27,36.43190002441406,36.80600268224727,35.86594881765938,36.75804145981857,12486000
2023-03-28,36.80600357055664,37.045813347694605,36.54700857214282,36.80600357055664,6945900
2023-03-29,37.83238220214844,38.18730324200508,37.3143959592985,37.41031838892098,11948800
2023-03-30,38.56141662597656,39.47269459909731,38.398344058959914,38.74367075691785,12550600
2023-03-31,39.24247360229492,39.42472772404778,38.59019068552779,38.61896668917114,11181300
2023-04-03,39.520652770996094,39.664536444546556,38.820408647271236,39.45350632483117,10302400
2023-04-04,38.61896514892578,39.136955149088905,38.09138436766637,39.09858470629012,12783000
2023-04-05,38.6765251159668,38.762856792265225,37.95709569988229,38.24486673447464,10516000
2023-04-06,38.64774703979492,38.81081594228518,37.93790844390185,38.59019137227698,8095600
2023-04-10,38.4942626953125,38.73407244905493,37.9187170908068,38.36956059878863,9373900
2023-04-11,39.45351028442383,39.818018554699584,39.14655402566149,39.34799338437291,11684300
2023-04-12,39.443912506103516,39.96190252114606,39.20410272053274,39.597390622500534,9918400
2023-04-13,41.350162506103516,41.6486130112641,40.06007582197186,40.16597903577884,17383700
2023-04-14,41.552337646484375,41.8411622441697,40.811018853109495,41.52345628849705,11637600
2023-04-17,40.55107498168945,41.44643379138849,40.19485810584698,41.263512405978354,12149100
2023-04-18,41.35978698730469,41.41755337629791,40.82064871378411,40.83990050417781,14166400
2023-04-19,40.32965087890625,40.84953745600868,40.28151404901263,40.531827768022296,11655000
2023-04-20,39.81937789916992,40.23336108088843,39.54017925613125,39.65570833605637,11494200
2023-04-21,38.18270492553711,39.183966857777385,37.431760312658724,38.30786358521805,22431500
2023-04-24,38.057552337646484,38.07680780163897,37.01778299028179,37.73021679498266,12908000
2023-04-25,36.34385681152344,36.85411375841212,35.71806707950186,36.767466005864584,20736100
2023-04-26,35.891353607177734,36.632672266303665,35.689176792671574,36.574909560789536,10484500
2023-04-27,36.074283599853516,36.09353906187616,35.31370937667652,35.804710804140385,10761200
2023-04-28,36.49789047241211,36.51714593323497,35.53513946689071,35.650668559224265,9463200
2023-05-01,36.22832489013672,37.412508301404664,35.95875208499811,37.412508301404664,9629300
2023-05-02,35.23668670654297,35.79508407436106,34.890099416032584,35.66992541043567,10714600
2023-05-03,34.976749420166016,35.6988127491775,34.92860892681538,35.33296630081589,12554000
2023-05-04,33.9080924987793,34.97674673117545,33.465224233187314,34.832332607434026,19129300
2023-05-05,35.111534118652344,35.35222189588993,34.427978040118546,34.572392175502706,13540300
2023-05-08,35.198177337646484,36.02614009985146,35.092274141668156,35.81433738049835,9274700
2023-05-09,35.29445266723633,35.54476631947608,34.813077151495186,34.947861708286105,11133300
2023-05-10,34.890106201171875,35.621795520236155,34.18729457117797,35.573658693243225,11944500
2023-05-11,33.253421783447266,33.6577754571594,33.01273402358897,33.46522451475201,17097700
2023-05-12,33.68666076660156,33.68666076660156,33.0897524729011,33.407462081413,10943100
2023-05-15,34.78419876098633,34.89972786628351,33.657778048375626,33.91772128974733,13039800
2023-05-16,33.93697738647461,34.94786534006154,33.859955533102145,34.61090391306727,12940400
2023-05-17,34.48574447631836,35.159670988033156,34.0910166680089,34.976749599217946,14459700
2023-05-18,34.35095977783203,34.524255270831055,33.53262280625088,33.811817835990176,9791600
2023-05-19,34.39909362792969,34.8900987065583,34.11026905540893,34.68791820045044,8720600
2023-05-22,34.293190002441406,34.69754733703875,34.27393454149833,34.3894673071568,6280800
2023-05-23,33.388206481933594,33.92734838842361,33.22453689478686,33.90809292684142,11101800
2023-05-24,31.972963333129883,32.858696259968895,31.81892330314971,32.82981122943236,17677500
2023-05-25,32.3773193359375,32.483222540676834,31.82855152283719,32.15588703175701,12397000
2023-05-26,33.474853515625,33.82144447157546,33.18602894320085,33.57112714889848,14099700
2023-05-30,32.95497131347656,33.445976454991346,32.579498953850056,33.4267209913433,13296500
2023-05-31,33.06087112426758,33.13788929832808,32.06923872038942,32.4735923975656,16890300
2023-06-01,34.148780822753906,34.5531344997676,33.38820661396668,33.56150209628792,14008700
2023-06-02,35.804710388183594,36.160930922558336,35.25594258102704,35.900987697178316,20451100
2023-06-05,35.66029739379883,36.05502515105433,34.918978694054864,36.05502515105433,10166900
2023-06-06,36.334224700927734,36.40161697775931,35.54476549463675,35.54476549463675,8924700
2023-06-07,36.170562744140625,36.8830002570278,36.132051814232256,36.38236918603224,15290200
2023-06-08,36.430503845214844,36.65193617011047,36.01652055483479,36.469014772832566,9407100
2023-06-09,36.478633880615234,36.6326738898187,36.15129840198244,36.39198614590057,9268800
2023-06-12,36.411251068115234,36.76746799335319,35.50626623794697,36.074289608106966,10721100
2023-06-13,38.33675003051758,38.6255746374658,37.7109603216263,37.77835628009822,17147800
2023-06-14,38.56781005859375,39.23210698978021,38.047923587610974,39.087692856972566,10557700
2023-06-15,38.587059020996094,39.00103854192665,38.39450810055653,38.51966307712941,12694600
2023-06-16,38.404144287109375,38.654461652552676,38.105693769409555,38.30787063738769,16144200
2023-06-20,37.932395935058594,38.182709612543356,37.14294030343205,38.076806400783,11959300
2023-06-21,38.28860855102539,38.54855176744275,37.46064208523759,37.518408468642676,10526700
2023-06-22,38.24046325683594,38.288600062700056,37.691695590258625,38.01903101177868,10897100
2023-06-23,36.940757751464844,37.114053238923475,36.48826724319298,37.04666095742333,12456600
2023-06-26,37.80723571777344,38.09606031004456,37.00815055079926,37.00815055079926,9130600
2023-06-27,38.9047737121582,39.001047357838296,37.980533492254324,38.09606260159127,12084700
2023-06-28,37.759098052978516,38.26935494366076,37.31622977062766,38.26935494366076,14802000
2023-06-29,37.884254455566406,37.932394948827,37.162191127905515,37.47990075492623,10597100
2023-06-30,38.51004409790039,38.596691844024825,37.97090215839234,38.423396351775956,12637600
2023-07-03,39.24173355102539,39.771249598574606,38.77961345984027,38.904772132225,6915700
2023-07-05,37.72058868408203,38.712221149532304,37.33548677205652,38.6833397915418,13610800
2023-07-06,36.49789047241211,37.171816910797816,35.814338139916785,36.863736882839255,17541100
2023-07-07,37.20069885253906,37.68207436289305,36.40161741510537,36.62304970915576,11158400
2023-07-10,37.52804183959961,37.556923200754326,36.79635253371289,36.81560799868418,9122300
2023-07-11,38.2308464050293,38.346379184644825,37.50878305915066,37.87462951605831,11554100
2023-07-12,39.203224182128906,39.530559688127966,38.904770032581474,39.087691411114776,11778100
2023-07-13,40.662357330322266,40.81696689983676,39.802337683328595,39.802337683328595,16155700
2023-07-14,39.696041107177734,40.672013188548334,39.53176638881888,40.672013188548334,13132300
2023-07-17,39.096927642822266,39.16456909278494,38.488154593158214,38.7104055982045,8037400
2023-07-18,39.048614501953125,39.49311653087294,38.71040723781472,38.85535162836716,8934200
2023-07-19,39.29985809326172,39.36750323990756,38.420515421063286,38.76838789554761,15002500
2023-07-20,40.478759765625,41.07787144345685,39.91830140537798,40.343476840261346,17041800
2023-07-21,39.24187469482422,40.89426496304882,39.13557993730407,40.89426496304882,11550700
2023-07-24,40.68167495727539,41.18415691373863,39.30951566885001,39.34816897769697,16669400
2023-07-25,42.21810531616211,42.759240534700254,41.43539615366652,41.53202573124949,19515400
2023-07-26,41.947547912597656,42.469356582409944,41.45473107078571,41.77361168932689,12767000
2023-07-27,41.83159637451172,42.846222000507204,41.72530159428855,42.218118491652106,13403200
2023-07-28,42.160133361816406,42.40171101669657,41.56101812366223,42.40171101669657,9641100
2023-07-31,43.14577865600586,43.19409345872615,42.546663306488135,42.60464328146238,10282600
2023-08-01,42.27608871459961,42.60463446577179,41.94754296342742,42.20844726755084,9046100
2023-08-02,41.135841369628906,41.80259434724317,40.77830748477914,41.512701908549246,10714400
2023-08-03,41.599674224853516,41.93788517609234,40.739658305554244,41.09719222663965,8557900
2023-08-04,41.07786560058594,41.705969020357294,40.84595310043045,41.45472986415839,8161900
2023-08-07,40.86527633666992,41.26146353694819,40.70100161713958,41.26146353694819,6637300
2023-08-08,41.25180435180664,41.3291109807272,39.3385095202182,39.76368860691538,10580500
2023-08-09,41.00056457519531,41.90889533451127,40.95224977592435,41.51270808259673,8842900
2023-08-10,40.95224380493164,41.580343476240635,40.77830760397042,41.14550666001993,9092400
2023-08-11,40.02458572387695,40.54639436438773,39.6767169830524,40.26616338861165,8627800
2023-08-14,39.82166290283203,39.84098955909656,38.604113047628694,39.290192757197104,12482600
2023-08-15,38.507476806640625,39.09692687576431,38.26589915117567,39.02928542712872,11486800
2023-08-16,37.69578170776367,38.73939911404667,37.67645873610635,38.26590521241463,9967700
2023-08-17,38.28523254394531,38.990638979708734,38.25624439976616,38.6427701910095,10921000
2023-08-18,37.5315055847168,37.96634611203496,37.22228647333112,37.753756590638844,12635600
2023-08-21,37.42521286010742,37.947021521277804,37.154647044470686,37.73443198831592,8988200
2023-08-22,37.57982635498047,38.30455945368392,37.30926051104313,38.20792984833006,7596600
2023-08-23,37.93735885620117,38.42051423671724,37.512183448372916,37.60881305000292,9647200
2023-08-24,37.10633087158203,37.84072535231279,37.009697593734145,37.51217957999524,8152600
2023-08-25,37.0386848449707,37.4445335032514,36.468561477731974,37.309250617157836,8446600
2023-08-28,37.6474609375,37.86005045385664,37.135317487567164,37.35756848822071,8445700
2023-08-29,38.83601760864258,38.865009430202065,37.40587851316932,37.570153214733004,9229100
2023-08-30,38.83601760864258,39.183889977900236,38.52679854400955,38.73938803326301,6655900
2023-08-31,38.56546401977539,38.980977960170065,38.34321297731504,38.90367132652307,8605100
2023-09-01,40.09223175048828,40.4111123581955,39.5027816456731,39.54143127138906,10985300
2023-09-05,39.425472259521484,40.44009766558391,39.35783081152949,39.956942359251094,6392900
2023-09-06,39.048614501953125,39.106594469883724,38.35286963151674,38.7780486906424,7647800
2023-09-07,38.42051315307617,38.48815829572888,37.96634961480509,38.265903583119076,7450800
2023-09-08,37.966339111328125,38.40117955846499,37.8503792013037,38.207916727939505,6337000
2023-09-11,38.758724212646484,39.24187958067014,38.45916655744597,39.02929003916119,6583400
2023-09-12,38.71040725708008,39.193562598194085,38.45916441543847,38.517144383397934,8955000
2023-09-13,38.40118408203125,38.89400085605105,38.26589750439965,38.62343507315252,5233600
2023-09-14,39.30952072143555,40.005265625377625,39.299855549890296,39.64772800186134,7455300
2023-09-15,39.00996017456055,39.599410264871985,38.87467727242663,39.29985263430216,11064400
2023-09-18,38.83601760864258,39.06793375020836,38.33353570706841,39.04860709789604,6683100
2023-09-19,37.51218032836914,39.11625591081925,37.357570766910676,38.845690099812614,12864800
2023-09-20,37.38655090332031,38.265893287008076,37.36722425150298,37.724761780850635,7265000
2023-09-21,35.975746154785156,36.65216436765933,35.94675801397916,36.60384957092175,12882000
2023-09-22,35.8984489440918,36.69082353277956,35.85013045346331,36.58452875129015,7816000
2023-09-25,35.94676208496094,35.98541540120158,35.1930371630009,35.51192149271152,6611100
2023-09-26,35.33797836303711,36.04338465901325,35.1253888513629,35.33797836303711,11739900
2023-09-27,35.31865310668945,35.71484032110288,34.825836302880575,35.53124262677851,10358400
2023-09-28,36.07237243652344,36.22698196779957,35.67618159605998,35.782476339971446,10314500
2023-09-29,36.03372573852539,36.93239495576038,35.772821415504005,36.69081728846458,10169400
2023-10-02,35.405616760253906,35.87911053559982,34.97077629027952,35.53123815962031,8687500
2023-10-03,35.1157341003418,35.54090951903061,34.796849771687846,34.88381788984955,11198100
2023-10-04,34.65190124511719,35.31865428095189,34.25571401753147,35.31865428095189,13597300
2023-10-05,34.17840576171875,34.816170626540064,33.84986000189065,34.5939196252126,13218400
2023-10-06,35.43461227416992,35.75349658060798,34.110767622100234,34.28470384630593,12692300
2023-10-09,35.58921813964844,35.90809869370513,35.019094786703846,35.10606288075242,7766200
2023-10-10,36.03372573852539,36.55553438456816,35.78248290027547,35.89844283462897,11390300
2023-10-11,35.8984489440918,36.3526125292966,35.52158462257936,36.3526125292966,6235900
2023-10-12,34.99612808227539,35.898440532285115,34.559524686927695,35.86933487297079,11862200
2023-10-13,34.394588470458984,35.29690094113634,34.268457775330255,35.228985267096256,9435300
2023-10-16,34.782676696777344,35.267790757826546,34.47220399379598,34.73416603089773,10920500
2023-10-17,35.39392852783203,35.57827057548853,34.1617381222275,34.375189536134094,11333800
2023-10-18,34.54983139038086,35.16107627401093,34.414000016491364,34.85059980367121,12195000
2023-10-19,34.18113327026367,34.95731495897737,33.79304427646994,34.45279593603191,15584400
2023-10-20,32.8713264465332,34.08411147495033,32.71609011094086,33.82214946467709,16094400
2023-10-23,32.5123405456543,32.97805326977741,32.09514588638479,32.677281239849215,11470800
2023-10-24,33.3952522277832,33.550492289891416,32.405622739730894,32.62877477732126,12380500
2023-10-25,32.83251953125,33.676616954254555,32.74519885293046,33.31763358833045,10861900
2023-10-26,32.706390380859375,33.14299379302504,32.42502332622742,32.6772847204239,10294400
2023-10-27,32.66758346557617,33.43406467286278,32.52205144846454,33.28853265575115,10565300
2023-10-30,33.026573181152344,33.38555662628105,32.78401609909534,33.06538320255203,11163100
2023-10-31,32.77430725097656,32.91013860613041,32.27949249989801,32.63847589582272,9175200
2023-11-01,32.706390380859375,32.97805678238841,32.298896330255886,32.861626738393085,9698600
2023-11-02,33.967689514160156,34.08411956934921,33.28853269785932,33.28853269785932,9225600
2023-11-03,34.103519439697266,34.91851119757923,34.03560376830098,34.58863349317161,9307300
2023-11-06,34.31696701049805,34.54011903033706,34.11321999687893,34.4527983529108,7805900
2023-11-07,33.04597473144531,33.6572158494112,32.72579764011626,33.62811018697291,12611900
2023-11-08,32.609371185302734,33.259422318532465,32.30859910360016,32.87133324979331,10634700
2023-11-09,32.25038528442383,33.20120842581238,32.10484958169912,33.016862708877525,9730500
2023-11-10,32.67728042602539,32.822816111330106,31.852588078968605,32.10484573888706,9922100
2023-11-13,32.434730529785156,32.919844652335186,32.38621985775556,32.60937190999333,8944500
2023-11-14,34.122928619384766,34.6177471407486,33.52138809057464,33.52138809057464,11724600
2023-11-15,34.92821502685547,35.29690277734335,34.239353896540706,34.423695921221224,14733400
2023-11-16,34.48190689086914,35.02523224756904,34.239349870591994,34.82148523880658,10034700
2023-11-17,34.92821502685547,35.16107142219698,34.41399526776513,34.83119368778716,8961500
2023-11-20,35.55886459350586,35.99546431748503,35.00583482208055,35.083451152584495,12322100
2023-11-21,35.8984489440918,36.41266878514639,35.752913211164774,35.86934327795736,11351800
2023-11-22,35.79171371459961,35.93724940882132,35.43273035694623,35.704393038291876,7624400
2023-11-24,35.74321365356445,36.11190147413905,35.510357213957455,35.646192296052604,3536700
2023-11-27,35.500648498535156,35.578264826696994,35.083450093926004,35.44243347656875,8251400
2023-11-28,36.11188888549805,36.38355155273137,35.37451350139865,35.6170705117502,11345400
2023-11-29,36.063377380371094,36.46117446195228,35.675288353730245,36.31563876375787,9792300
2023-11-30,36.20891571044922,36.35445141922205,35.83052730899204,36.16040504123388,10439000
2023-12-01,38.071754455566406,38.2852021330397,36.61641222211569,36.7134335572284,18671400
2023-12-04,36.49028396606445,37.43140652433274,36.38355826962657,36.95599306778044,15675100
2023-12-05,35.481239318847656,36.21861470587139,35.46183431380743,36.21861470587139,13057200
2023-12-06,35.17076873779297,36.07308116977681,35.12225807286269,35.7723091254067,9356900
2023-12-07,35.28719711303711,35.75290618530799,34.96702374509382,35.48124348509832,10691600
2023-12-08,37.01420593261719,37.266463626731216,35.79171637349265,35.946952731668986,19549100
2023-12-11,36.74253463745117,36.907475327934364,36.18950495376713,36.41265695761102,8606700
2023-12-12,36.30594253540039,36.645524673478725,36.06338545154188,36.577608986088535,13640500
2023-12-13,38.02323532104492,38.06204533067623,36.03426859151836,36.37385062410294,15442500
2023-12-14,40.72047424316406,41.060052595226736,39.10019140344364,39.10019140344364,29234600
2023-12-15,40.264469146728516,40.71077321767484,39.73084439223819,39.73084439223819,23084700
2023-12-18,40.118934631347656,41.17648351849455,40.10923397783337,40.33238601993064,12242000
2023-12-19,40.924224853515625,41.35112391952789,40.74958348534543,40.77868914633154,16499800
2023-12-20,40.109222412109375,41.08915098406649,40.06071175627253,40.52642071433267,10798700
2023-12-21,40.97273635864258,41.04065203641448,40.584647300106965,40.72047865565077,7032300
2023-12-22,41.11826705932617,41.564571087775626,40.846600680209036,41.26379905062417,6984600
2023-12-26,41.55487060546875,41.79742762641743,41.24439421361813,41.33171488920471,6701000
2023-12-27,41.913856506347656,42.12730418098309,41.50635876181339,41.758620151555235,7172600
2023-12-28,41.73921203613281,41.96236404820777,41.603380698445996,41.67129636728941,5426700
2023-12-29,41.30260467529297,41.642182986714396,41.011537022485165,41.14736834705374,6509700
2024-01-02,40.8369026184082,41.2735060222511,40.516725555214535,40.71077192371434,9620900
2024-01-03,40.13833999633789,40.44881272733135,39.38156317718219,39.75025093315951,13723000
2024-01-04,40.3129768371582,40.34208619694037,39.50768943829684,39.895778457836435,11897500
2024-01-05,40.177154541015625,40.7204837320516,39.87638242972525,40.02191815802353,8420600
2024-01-08,40.94363021850586,40.99214088761495,39.80846131549366,40.041317708794836,9226300
2024-01-09,40.45851516723633,40.671962846487965,40.22565877944842,40.390599491866254,9119800
2024-01-10,40.07041931152344,40.41000136314632,39.90548231303272,40.312976333628455,8167500
2024-01-11,39.95356750488281,40.49887711580825,39.534848354722136,40.49887711580825,8279700
2024-01-12,39.865928649902344,40.67415519816919,39.69065069279912,40.265172060055725,7622500
2024-01-16,37.879451751708984,39.25245995466322,37.704173792640965,39.25245995466322,16524400
2024-01-17,37.23677062988281,37.31466988864839,36.61355798666709,37.003065424349636,11757200
2024-01-18,37.207557678222656,37.402311410257745,36.8277899437944,37.38283566559239,10158600
2024-01-19,37.75286102294922,37.80154851909864,36.7888322548722,37.18807566668598,13539600
2024-01-22,36.496700286865234,37.197812055251646,36.486964274356545,37.09069734456844,19429000
2024-01-23,37.16859817504883,37.704171751326044,36.827782003433946,37.14912614920027,18432900
2024-01-24,38.677940368652344,39.91462215273903,38.62924915529127,39.583541960821194,27944600
2024-01-25,38.40528106689453,39.0771811333693,37.74312072827413,38.92137891925966,15599800
2024-01-26,38.55134963989258,39.09665928013896,38.376071673906885,38.63898862288542,10135100
2024-01-29,39.174556732177734,39.23298395635729,37.98656250951849,38.69741406920721,8875500
2024-01-30,38.921382904052734,39.08692114834684,38.42476074193407,38.80452844554353,10859000
2024-01-31,38.64872360229492,39.739342853597456,38.609775833376766,39.10639424729899,16275400
2024-02-01,39.12587356567383,39.15508532368725,38.47344915796736,38.833744841684805,10854300
2024-02-02,39.04796600341797,39.2037682188802,37.86971151682124,38.48318436534907,14120200
2024-02-05,37.66522216796875,38.20079205661032,36.9933258038131,38.181316315162896,16202100
2024-02-06,39.11613464355469,39.16482586073924,37.908668235591875,37.9963072260584,13060700
2024-02-07,38.17158126831055,39.06744310986934,37.889188582099116,39.047967367928756,9705200
2024-02-08,37.11991500854492,37.87945411680259,36.89594953900039,37.83076290265187,13849300
2024-02-09,36.37984848022461,36.915418303073004,36.28246978495019,36.84725507368961,15822200
2024-02-12,36.70119857788086,36.973855282018235,36.331170581996055,36.496708835741615,12932600
2024-02-13,35.69821548461914,36.14614637683358,35.30870809988276,35.912444917685924,14272300
2024-02-14,36.224056243896484,36.27274374761389,35.59110755171491,35.92218777745908,9269200
2024-02-15,37.24650192260742,37.34387691237498,36.37985188397579,36.37985188397579,10171000
2024-02-16,37.8112907409668,38.70715261598035,37.78207526965594,38.07420398043784,12614300
2024-02-20,37.13938903808594,37.49968097554921,37.00306255983594,37.41204199458594,10516300
2024-02-21,37.84049606323242,37.986558536477744,37.392565201892154,37.460728432330136,11343900
2024-02-22,37.65548324584961,38.01577889841126,37.49968102555358,37.61653547673906,9548500
2024-02-23,37.93787384033203,38.122891520537735,37.577581922242736,37.77233561553508,10291600
2024-02-26,37.03227233886719,37.40230398480993,36.613553198236175,37.35361649012167,10433100
2024-02-27,37.15886688232422,37.72365228373525,36.905689653338065,37.49968309723215,6760200
2024-02-28,36.42854309082031,36.84726227579902,36.31169234826895,36.749887276109234,10166200
2024-02-29,36.81804656982422,37.40230393453351,36.759619347506195,37.17833848757436,16037500
2024-03-01,36.934898376464844,37.34387780075922,36.613554216275396,36.94463438982611,10343200
2024-03-04,37.31466293334961,37.44125338419324,36.65250264148415,37.00305852713263,9192600
2024-03-05,36.14615249633789,37.265983631077894,35.785860518961215,37.01280267375067,13885400
2024-03-06,37.13938903808594,37.743122176600764,36.925159592482835,37.17834052176249,11704200
2024-03-07,38.76557540893555,39.3887842445357,38.22026582047658,38.28842905470674,12895700
2024-03-08,38.804527282714844,39.08691997705588,38.51239857443222,38.94085748022359,7670800
2024-03-11,39.35957336425781,39.60301457620285,38.7363644560174,38.7363644560174,9599800
2024-03-12,39.301151275634766,39.71013074351356,38.75584160384481,39.60301601203533,8841400
2024-03-13,42.27112579345703,42.61194195515008,40.44044710372029,40.459922843619545,26393300
2024-03-14,42.18349075317383,42.68011288035144,41.803723076283845,42.54378268834921,16004500
2024-03-15,43.43964767456055,43.722040353857764,42.358768168339914,42.49509464396812,33978700
2024-03-18,43.31305694580078,44.277085711924165,43.205942225718424,43.78046359420011,14482200
2024-03-19,43.1669921875,43.303318655119845,42.22243921239445,42.534043628273416,13528600
2024-03-20,44.802913665771484,45.24110853790805,42.77748495567689,43.12804085338614,20140800
2024-03-21,45.026885986328125,45.18268820574305,44.277086644575704,45.172948477557036,17023900
2024-03-22,43.91679382324219,44.89055868597144,43.897321794851585,44.89055868597144,14515000
2024-03-25,44.16023254394531,45.27032754501741,44.023906065204336,44.2576112534874,7754800
2024-03-26,43.55649948120117,44.29656281657359,43.43964874415951,44.29656281657359,10490000
2024-03-27,44.676334381103516,44.73475789739343,43.37148927443347,43.76099300329991,10700000
2024-03-28,45.78641891479492,45.95195713900378,44.754226944244934,44.98793211828902,20169000
2024-04-01,46.088294982910156,46.55570169405325,45.98118024844892,46.28304499325602,10376000
2024-04-02,47.11073684692383,47.558667713810465,46.06880892347915,46.5946390341377,22037500
2024-04-03,48.308475494384766,48.44480198099741,47.3639223876855,47.43208563099182,19957500
2024-04-04,47.88975524902344,48.93168333327904,47.57815079660782,48.67850610867313,24836900
2024-04-05,48.17214584350586,48.27926056584212,47.3833950182626,48.00660389590857,14155200
2024-04-08,48.68824005126953,48.951156993300536,48.1234546836582,48.717451806622556,12745900
2024-04-09,49.954132080078125,50.66497991816008,49.18485701839107,50.100198281781985,17624600
2024-04-10,49.584102630615234,50.03203726893053,48.28899735738292,48.66876504115316,16142600
2024-04-11,49.40883255004883,49.99309000289623,48.64929340380525,49.69122154730804,12975700
2024-04-12,48.31497573852539,51.19609616436029,48.17824505432557,50.698005282542134,19983800
2024-04-15,48.852134704589844,49.85808509745843,48.51030426069157,49.51625837919196,15047100
2024-04-16,48.25638198852539,48.451713161247675,46.95743658234186,47.28949473264783,20075200
2024-04-17,48.65680694580078,49.945987409731025,48.30521159643216,49.28186368884186,15795700
2024-04-18,48.98886489868164,49.848319714625326,48.52007237879375,49.63345507923146,15717500
2024-04-19,48.45170974731445,49.88738948118739,48.21731161143708,49.07676647547813,17066700
2024-04-22,47.80711364746094,48.25637264983795,46.68396241588688,47.09415817178485,20147900
2024-04-23,46.86953353881836,47.55318699360515,46.0003100844159,46.3421405374412,19439600
2024-04-24,47.11369705200195,47.328557971947006,46.27377568361762,47.10392844504012,11838300
2024-04-25,48.24660873413086,48.50053660666284,46.86952960757174,47.79734599714105,15974700
2024-04-26,49.32093048095703,49.53579513268029,48.383345369926175,48.77400397003967,19037100
2024-04-29,51.18633270263672,51.29376502195252,49.59438885182369,50.05341649776144,22023300
2024-04-30,48.77400588989258,50.00458965648713,48.73494263628605,49.320932422338174,17226600
2024-05-01,48.74470138549805,50.19991451118033,48.227077015422154,48.979099505807575,19247700
2024-05-02,47.641090393066406,48.236848797019434,47.09416757682017,48.217315307063174,24389400
2024-05-03,49.272098541259766,49.36976225972079,47.992682965880896,48.83260435692107,14498100
2024-05-06,49.79948806762695,50.30734383874232,49.359993914131174,50.004584097381056,10952000
2024-05-07,50.190147399902344,50.25851274418922,49.62369115786367,49.80925370298064,13121500
2024-05-08,48.79353713989258,49.52602620165265,48.27591272845104,49.027935278933896,14197700
2024-05-09,49.88739013671875,50.1510829203018,48.53960922038569,48.90096944754767,10234500
2024-05-10,50.38547897338867,50.785906161405244,50.15108084413493,50.46360919938534,14535000
2024-05-13,50.824974060058594,51.27423311318435,50.561277556972094,50.77614220222004,9210500
2024-05-14,52.231353759765625,52.40715143547572,51.10820608232012,51.10820608232012,17714100
2024-05-15,52.35831832885742,52.82711087771001,50.92263858662437,52.553649488954,17286800
2024-05-16,50.824974060058594,52.788043059971024,50.69800824917281,52.55364865209321,14800500
2024-05-17,52.96384048461914,53.081037688017965,51.323064734507966,51.498862402422155,17946500
2024-05-20,53.57913589477539,53.95026474352105,52.13369120437335,52.73921447554519,15774400
2024-05-21,53.05174255371094,53.667034428931565,52.33878695730767,53.59866907897729,18146900
2024-05-22,50.03388595581055,51.51839757470734,49.41859409799726,50.600345954414024,26299700
2024-05-23,50.00458526611328,50.756607785086764,49.623691566058426,50.67847383346942,16864800
2024-05-24,50.326881408691406,50.86404304300052,50.092486991567505,50.307347919659065,9650000
2024-05-28,52.37784957885742,52.63177746818797,51.059367098780044,51.821158218035364,14922100
2024-05-29,51.53792953491211,51.957890217798166,51.17656931671897,51.49886255845016,11570900
2024-05-30,51.08867263793945,51.43049938232338,50.20968425862065,50.30734797826403,13146600
2024-05-31,51.49885940551758,52.04578586560432,50.01434792153789,51.508628011850966,18379900
2024-06-03,50.824974060058594,51.909058441981315,50.30734593520054,51.909058441981315,10249400
2024-06-04,48.539608001708984,49.8580867890495,47.27972595341262,49.83855330082414,24814600
2024-06-05,49.31116485595703,49.42836206166107,48.50054184622679,48.83260370041489,12639500
2024-06-06,50.05341720581055,50.08271557489955,48.73493843795902,49.48695723254393,11009100
2024-06-07,48.119651794433594,48.6372762408369,47.6899261904037,48.49078065396939,16056400
2024-06-10,48.83259963989258,49.04746427051025,48.24660993446654,48.35403852414369,11051100
2024-06-11,48.18801498413086,48.28567870432614,47.15276241215316,47.76805428115335,10672900
2024-06-12,48.0512809753418,50.07295039429422,47.77781587149628,49.672523208067695,10109900
2024-06-13,46.86953353881836,47.96338279210913,46.498404716482746,47.96338279210913,12397800
2024-06-14,46.986732482910156,48.041514799120336,46.27377690676067,46.596070158013326,8370200
2024-06-17,46.156578063964844,46.38121133261315,45.48268943491657,46.25424551242763,11361400
2024-06-18,46.576534271240234,46.80116379251978,45.78544850621919,46.05890988418875,9008900
2024-06-20,48.207542419433594,48.38334007421427,47.094159756243755,47.35785623841477,14675800
2024-06-21,48.40288162231445,48.65680954060451,47.08439899186917,47.94385392220029,18825000
2024-06-24,49.203731536865234,49.53579338433938,48.207545994442796,48.31497831651266,11347400
2024-06-25,48.71540451049805,48.86190008025323,48.31497732548961,48.79353473590777,7944700
2024-06-26,48.31497573852539,48.82283522671881,47.8559481053131,48.69586942326252,8416200
2024-06-27,47.19182586669922,48.529838106753004,47.0453265717132,48.49077485697099,8987900
2024-06-28,47.46528625488281,48.33450967439642,47.21135837124442,48.051279696991934,12546100
2024-07-01,47.27972412109375,48.5298375140135,47.10392645951044,47.973146160876944,6817200
2024-07-02,47.57271957397461,47.65085352482049,46.586302661152274,46.76210032492367,8470200
2024-07-03,49.467430114746094,49.9655210440463,48.256379877356004,48.256379877356004,8913700
2024-07-05,50.317115783691406,50.6296441523279,49.83855462354877,49.9166885785239,8300600
2024-07-08,49.936222076416016,50.18038509731001,49.35022859089121,49.91668858766865,9030800
2024-07-09,49.613922119140625,50.59057414402777,49.46742655078664,49.8678537319651,9349900
2024-07-10,50.38547897338867,50.75660779236048,49.56509110944839,49.75065365611835,9197100
2024-07-11,50.307342529296875,50.72730318441375,49.750651191236216,50.43430833158683,8219400
2024-07-12,50.08271408081055,50.75660635480885,49.916685026750066,50.737072867454955,8004100
2024-07-15,49.38726043701172,49.98476658743288,48.68201052237992,49.57337111527783,9112900
2024-07-16,49.04442596435547,49.14237618984923,47.64371606773749,48.45671713826973,11035800
2024-07-17,47.5065803527832,49.054219197000606,47.37924208085817,48.93667445219537,12056600
2024-07-18,44.979427337646484,47.04620919566235,44.597416233380336,46.92866817971004,17498900
2024-07-19,44.95984649658203,45.35165118276644,44.53865374992632,44.74435149041528,9671000
2024-07-22,45.06758499145508,45.19492327443696,44.528851275617036,44.91086238800108,12381400
2024-07-23,44.34274673461914,44.56803525565592,42.648182326033265,44.078276626472885,18792700
2024-07-24,43.27507400512695,44.822709374378206,43.2163016227901,44.65619322926667,18534000
2024-07-25,43.61790084838867,44.33294797449452,42.38371078855595,43.11834870755587,16904600
2024-07-26,44.07827377319336,44.568032370673286,43.46117689413141,44.50925999381353,10390500
2024-07-29,43.47098159790039,43.89217436273828,43.22610225725335,43.57872910563504,9192600
2024-07-30,42.95182800292969,43.32404558757219,42.59920494736277,42.991009587957656,11608700
2024-07-31,44.47987747192383,45.42021312032697,44.19581657712651,45.06758631803536,13050800
2024-08-01,42.73634338378906,44.509267410701625,42.29555982529399,44.19582215500784,12260100
2024-08-02,41.11033630371094,42.3935013888781,40.77730032063581,42.3935013888781,17152400
2024-08-05,40.03287124633789,40.140618747838,38.279538108544635,39.18069223643283,26149100
2024-08-06,40.19939041137695,41.01238781770978,39.49413676805254,39.86635438386953,11307900
2024-08-07,38.71052169799805,40.79689446138287,38.68113737655488,40.7381220819348,14519900
2024-08-08,40.19939041137695,40.5128356447296,39.09253482928435,39.180691534699896,10231400
2024-08-09,40.20918273925781,40.80668886516636,39.84676239962348,40.75771374952309,9182000
2024-08-12,40.708736419677734,41.09074753210365,40.36590315569841,40.78709585313253,8945700
2024-08-13,41.03197479248047,41.21808545134616,40.25815530992482,40.689145268088254,7439400
2024-08-14,41.051570892333984,41.30624375244298,40.532427906402916,41.30624375244298,9124700
2024-08-15,42.68736267089844,43.17712128582901,42.33473587029855,42.46207041985608,12988400
2024-08-16,42.55023193359375,42.81470206396242,42.168220768581925,42.41310010374972,8973100
2024-08-19,43.3436393737793,43.4905684595016,42.69715812241252,43.08896652663075,10891900
2024-08-20,42.63838577270508,43.725650545490176,42.50125395209468,43.52974634323453,9390400
2024-08-21,42.99101257324219,43.216301097954585,42.57961711156612,43.12814439380087,7041700
2024-08-22,42.4130973815918,42.79510852208537,42.129036474253844,42.706951817620556,7143500
2024-08-23,43.7452392578125,43.90196186484721,42.70694965085649,42.80490361560424,11801100
2024-08-26,44.26438522338867,45.067589106499824,44.03909669388793,44.66598716494425,11046800
2024-08-27,44.303565979003906,44.66598632516399,43.901964044998984,44.0488931311362,6755700
2024-08-28,42.97142028808594,43.402410265241144,42.64818154178127,43.14773369027457,9080100
2024-08-29,42.93224334716797,43.29466368753433,42.58941006384903,42.98121846291016,8612600
2024-08-30,43.37302780151367,43.41220939295636,42.62859624691355,42.99101662635294,7811600
2024-09-03,40.51283645629883,41.521738087828254,40.01328053674943,41.49235376428841,18809000
2024-09-04,40.757713317871094,41.26706273560268,40.16020719829055,40.483449683924,9787500
2024-09-05,40.5520133972168,41.45316742372485,40.45405943570837,41.22787891709783,7371500
2024-09-06,39.18069076538086,40.55201643679393,38.91622065432712,40.28754632574019,13200100
2024-09-09,39.5724983215332,40.03286888732088,39.35700333123146,39.78798957527318,8663400
2024-09-10,39.58229064941406,39.61167497026881,38.53420752456275,39.46474962943343,9559500
2024-09-11,40.454063415527344,40.56181091550588,39.445161800386366,40.062258740633126,13306400
2024-09-12,40.953617095947266,41.42378492214433,40.73812210772963,40.92422903792376,11414200
2024-09-13,41.78620529174805,42.15842288903222,41.198496442614505,41.27685587877017,10831600
2024-09-16,42.011497497558594,42.7951106107341,41.8155932851242,42.344533537728445,11120200
2024-09-17,42.24658203125,42.61879591348057,41.95272758970304,42.03108703038665,6921300
2024-09-18,43.02039337158203,44.04888941464249,42.158420931093154,42.2857554760026,11573700
2024-09-19,44.21540832519531,44.910864679979234,44.0684829787749,44.763939333558824,16920500
2024-09-20,43.61790084838867,43.95093685446443,43.451384713631626,43.76482992681333,16304200
2024-09-23,44.21540832519531,44.83250524253404,43.901963102290956,44.07827650724488,15471600
2024-09-24,47.72208023071289,47.976753064234614,46.566249610332385,47.19314003428893,26361600
2024-09-25,47.32048034667969,47.97675511970043,47.15396046886609,47.75146659747412,12454800
2024-09-26,50.846736907958984,51.532399684556495,49.75947223509974,50.04353311543552,32403100
2024-09-27,50.28841781616211,50.99367146063528,50.10231087623144,50.190467581790585,15967700
2024-09-30,48.897491455078125,49.475406689009525,48.42732369915174,49.18155230862568,14992400
2024-10-01,49.348079681396484,49.69090922135507,48.525285048934144,49.51459581893016,9102100
2024-10-02,49.77906799316406,50.39616492731985,49.318693674731435,49.81824958123533,10744200
2024-10-03,48.750579833984375,49.024843501213276,48.27061467977157,48.62324152995857,10383900
2024-10-04,49.51459884643555,50.07292340939855,48.956274283472546,49.573371229691325,11506600
2024-10-07,49.74968338012695,50.14148804886793,49.01504542260551,49.38725929742516,8895500
2024-10-08,47.59474563598633,47.96696325528149,47.06580539855036,47.96696325528149,13040400
2024-10-09,47.86900329589844,47.957159991110686,46.73276352236361,47.03641519177502,6977000
2024-10-10,48.52528762817383,48.80934854013048,47.5163822747695,47.917984215736446,6959900
2024-10-11,49.005245208740234,49.25012451317977,48.358763994482324,48.45671795819513,6415200
2024-10-14,47.85921096801758,47.99634277810517,46.58583935591078,46.93846240903819,13573500
2024-10-15,46.454185485839844,47.29916494655634,46.267505458871256,47.151787161497374,11855000
2024-10-16,47.13214111328125,47.23039298056188,46.50332016732085,46.97493587679115,7360400
2024-10-17,47.112483978271484,47.55462482075049,46.78824611109754,47.417066976815235,8317600
2024-10-18,47.338470458984375,48.24239959694785,47.31881933667191,47.96729138070998,8823000
2024-10-21,47.1026611328125,47.84938879465129,46.847204036752935,47.584104263319226,10150400
2024-10-22,47.68235778808594,49.244586472730994,46.807903421800255,49.12668348183377,14468600
2024-10-23,47.083011627197266,47.27951911064348,46.4443669910827,46.68017297276336,10849200
2024-10-24,46.02187728881836,47.35812368075736,45.83519724067661,47.15179250943197,10171700
2024-10-25,45.78606414794922,46.37558655533749,45.707463409138384,46.17907908620806,8528900
2024-10-28,45.91379165649414,46.14960135412475,45.71728419981329,46.041522065546886,6446400
2024-10-29,45.756591796875,46.72930175986993,45.71728955132465,46.660524704191026,8471900
2024-10-30,45.16706848144531,45.54042853174178,44.774053562317604,45.47165148310464,9017100
2024-10-31,44.233665466308594,44.77405822533767,43.93890612029895,44.61685299092797,9481400
2024-11-01,44.7937126159668,45.36358022674965,44.50877693654102,44.80353630405413,7733200
2024-11-04,45.46183395385742,45.91379854841825,44.83301299654348,45.167074598625085,9147800
2024-11-05,46.169254302978516,46.17907798957099,45.6092067174355,46.05134757545991,5991500
2024-11-06,46.05134963989258,46.40506234216867,44.13540833460928,44.48912103688537,12911700
2024-11-07,47.73148727416992,48.35048078489184,47.348295996206396,47.39742567794144,12733400
2024-11-08,45.550262451171875,46.08083154311126,44.68563175483383,45.707467691590736,16197400
2024-11-11,44.11575698852539,44.833006015532014,43.93890065331083,44.74457784792473,12737200
2024-11-12,42.83846664428711,43.349384604023854,42.17034344679048,43.21183048949252,18145300
2024-11-13,42.36684799194336,43.10374819558556,42.337373183179515,42.985845212461925,11931900
2024-11-14,42.51422882080078,42.80898814771383,41.96400866197975,42.71073628809888,11905700
2024-11-15,41.954185485839844,43.05462206880634,41.26641121596019,42.740211616530196,12902500
2024-11-18,42.78934097290039,42.88759658964626,41.81663472956185,42.288250445736374,11886900
2024-11-19,43.34938430786133,43.4279888002385,42.37667807713899,42.789340417913685,12764400
2024-11-20,42.93671798706055,43.37885884552661,42.64195866410589,43.23147731001521,8733700
2024-11-21,42.995670318603516,43.33955934049559,42.50440349995916,43.005497753894694,8872100
2024-11-22,42.95637130737305,42.99566980386215,42.61248228959799,42.917069062815614,9109800
2024-11-25,43.6048469543457,43.830829257126446,43.08410154108963,43.08410154108963,13286800
2024-11-26,42.720558166503906,43.31008054344416,42.36684548995336,43.19217381921529,11821000
2024-11-27,42.995670318603516,43.45746232751109,42.75003690928134,42.848292521851235,7050400
2024-11-29,43.42798614501953,43.74239659916796,42.80898892363495,42.85811485433284,6512500
2024-12-02,42.87776565551758,43.614665854679046,41.91488317838145,43.41815838528901,14413000
2024-12-03,43.064449310302734,44.046982906269655,42.789337354745605,43.8799502459598,12218800
2024-12-04,42.288246154785156,43.46728719961948,42.062263881302705,43.162700440716264,18548200
2024-12-05,42.04261779785156,42.59283426945588,41.70855619091954,42.3668519688943,11873600
2024-12-06,41.33518981933594,42.31772345658769,41.295887574309454,42.31772345658769,9471100
2024-12-09,42.9661979675293,43.96838278468018,42.92689572025234,42.98584909116777,18310000
2024-12-10,41.92470932006836,42.95637265775673,41.84610857655092,42.77951629975692,10835500
2024-12-11,42.24894714355469,42.366850132635676,41.65942845008131,42.06226709850409,7339000
2024-12-12,41.34502029418945,41.983664956513316,41.246764674399785,41.85593452482108,10184500
2024-12-13,40.86357498168945,41.06008246288173,40.3821318401718,41.00112909410351,9669300
2024-12-16,40.028419494628906,40.7947944837467,39.79260978747905,40.56881221126499,10232800
2024-12-17,39.91051483154297,40.077547496928716,39.37012208695301,39.448726576091794,11733800
2024-12-18,38.033878326416016,39.91051752863921,37.89632420919577,39.72383747642153,12501000
2024-12-19,37.57209014892578,38.534972720333805,37.012042494508314,38.06335699646469,15766500
2024-12-20,38.181251525878906,38.60374122094463,37.29696989712094,37.3166210164342,22372300
2024-12-23,38.5644416809082,38.652869849971864,37.88649488346552,38.240203811652115,8562500
2024-12-24,38.53497314453125,38.70200207546022,38.132134475037596,38.682350951574115,3962500
2024-12-26,38.5054931640625,38.63322359057546,38.24020862349027,38.35811536245693,6127100
2024-12-27,38.181251525878906,38.49566193875557,37.886492232315504,38.22055376450543,7892500
2024-12-30,37.49348449707031,37.80789496994595,37.080822156946724,37.74894160075608,11047300
2024-12-31,37.414886474609375,37.798074032047026,37.29697972765259,37.45418497552621,9247000
2025-01-02,37.2183723449707,38.10265030114465,37.149595295537225,37.7194628119958,8790300
2025-01-03,37.05133819580078,37.52295383634718,36.54042031485853,37.33627381656879,10153500
2025-01-06,37.89632034301758,39.065533968175224,37.83736697819392,38.15178117585189,18974400
2025-01-07,38.0633544921875,38.485840505051506,37.739116595071266,38.15178266884935,15304600
2025-01-08,39.0458869934082,39.134315167512696,37.64086364267474,38.08300076512896,15589000
2025-01-10,38.29916000366211,39.93016566063251,38.05352659900953,39.792611553718,11971100
2025-01-13,38.72164535522461,38.90832537222258,37.94544298527303,37.97492153916483,10418100
2025-01-14,38.81007766723633,39.14413924518084,38.35811310533148,39.01640882618398,9801900
2025-01-15,39.48074722290039,39.89498635992194,38.9777465876126,39.89498635992194,10618000
2025-01-16,39.48074722290039,39.85553429689973,39.03692468214591,39.6385517126334,11793800
2025-01-17,39.66814041137695,40.25004514000096,39.32294052286966,39.53992309493964,12045600
2025-01-21,39.74704360961914,40.37826157815679,39.31308219683847,40.20073105421109,16558000
2025-01-22,38.553646087646484,39.94429932091753,38.484606858944474,39.88512122673475,15882700
2025-01-23,37.97174072265625,38.168997271089246,35.95973070088,37.58709252250756,30475400
2025-01-24,37.29121017456055,38.34652839876437,36.94601026871969,38.198585044496035,19076400
2025-01-27,36.166847229003906,36.709303660465,36.07808573551639,36.709303660465,18550500
2025-01-28,35.34823989868164,36.49232340075151,34.97345282110618,36.37397097291141,16842900
2025-01-29,35.782203674316406,36.334521311339884,35.446868637972884,35.48632070397944,12599900
2025-01-30,36.13726043701172,36.31479095052796,35.575081731662195,36.16684760181254,11821900
2025-01-31,35.35810089111328,36.137262209500825,35.20029640050936,35.861105291532915,13385200
2025-02-03,35.36796569824219,35.644122615508465,34.41127386006141,34.884687330670374,15940400
2025-02-04,35.97945785522461,36.482462257550154,35.5356315479832,35.5356315479832,14490600
2025-02-05,36.17671203613281,36.502182131850695,35.47645488751821,35.77233781881326,14888300
2025-02-06,36.64026641845703,37.41942397041726,36.275340478928264,37.02491462714688,13748200
2025-02-07,37.69558334350586,38.65227138362219,37.35038344745186,37.96187911622556,21532000
2025-02-10,37.93228530883789,38.376111563007136,37.87311098318558,38.34652440018098,16243400
2025-02-11,37.0742301940918,37.69558705833804,36.93615172700509,37.19258262840097,13957900
2025-02-12,37.43914794921875,37.91256139260037,36.94600847540178,37.153126151439565,10946500
2025-02-13,39.66814041137695,39.79635396545867,37.952013389930634,38.15913106562165,21444700
2025-02-14,38.92843246459961,40.24018154888046,38.74103705087683,39.97388577334471,17559200
2025-02-18,38.76076126098633,38.97774382990093,38.070365256367126,38.938291769669995,12261300
2025-02-19,38.04077911376953,38.42542730546013,37.665992056223665,38.4155661713154,12101200
2025-02-20,38.4254264831543,39.0862353273795,38.06050432991816,38.40570045293132,11471600
2025-02-21,36.47259521484375,38.41556595537578,36.33451676345976,38.41556595537578,16151100
2025-02-24,36.60081100463867,36.926281088981234,36.433141633273046,36.67971136112714,8418400
2025-02-25,36.255615234375,36.71916757919427,35.5257708641871,36.67971551530414,10618900
2025-02-26,37.429290771484375,38.18872609291809,37.30107344127972,38.011195562590416,16632700
2025-02-27,36.90655517578125,38.31693432454756,36.76847672972393,38.257759997583264,13147000
2025-02-28,36.40355682373047,36.51204811297817,35.73288681961352,36.20630027622153,14779600
2025-03-03,35.0424919128418,37.96188063279275,34.914278350835,37.577228659704865,18101200
2025-03-04,34.421138763427734,35.13125708829539,33.78991704014253,34.9142782656983,18310700
2025-03-05,37.63640594482422,37.81393646324342,35.85123962621141,35.920278854223795,29191000
2025-03-06,37.16299057006836,38.47473959713275,36.788203521326146,37.478599528265306,18546800
2025-03-07,36.43313980102539,37.13340065230457,35.43699980602782,36.66984838329749,16969400
2025-03-10,34.02662658691406,35.19043614507815,33.51376103904888,35.111532016626924,21433000
2025-03-11,35.38768768310547,35.72302265673457,34.09566098069665,34.28305261564762,18345200
2025-03-12,36.27533721923828,36.72902837864661,35.53562803442605,36.30492814503249,13995800
2025-03-13,37.064361572265625,38.2084449057775,36.226022279158336,36.226022279158336,20682700
2025-03-14,38.31694030761719,38.41557047188426,37.47860460430542,37.567369870967745,15203300
2025-03-17,38.96788024902344,39.44129746306375,38.45501849813183,38.45501849813183,12880700
2025-03-18,39.29335403442383,39.75690635096416,38.74103646072377,39.56951094009603,14569900
2025-03-19,39.86539077758789,40.53606072124808,38.97774203734731,39.253898921552555,17519000
2025-03-20,40.14155578613281,40.96016539427634,40.01333846352391,40.48675192890013,22075600
2025-03-21,39.697731018066406,39.81608344838732,38.67199992233604,39.411709195964605,22336000
2025-03-24,41.03907012939453,41.72946618754204,40.762913211077866,40.92071770188108,21356100
2025-03-25,42.419857025146484,42.67629166535914,41.51248217480807,41.6209734639476,20804700
2025-03-26,40.92071533203125,42.853821173007226,40.782633118513864,42.64670349626458,19408300
2025-03-27,39.43143081665039,40.15141397761738,39.06650866927929,40.13168794771145,18010200
2025-03-28,37.89283752441406,39.71745593906696,37.74489793124057,39.34266886412031,20227400
2025-03-31,37.34052276611328,37.66599287292563,35.83151713142135,36.74875312099562,17462500
2025-04-01,37.60681915283203,37.60681915283203,36.689579386005214,37.53777992413374,13121200
2025-04-02,37.67585754394531,37.69558357489998,36.89669625183689,37.08408790237261,13166400
2025-04-03,33.050209045410156,35.49618438069702,32.96144378112672,35.48631948335665,31999800
2025-04-04,28.750032424926758,30.890257926538276,28.09908843652675,30.722590421575976,44734500
2025-04-07,29.953292846679688,31.215728711684413,27.280475886531576,27.645399929495643,40398800
2025-04-08,28.809207916259766,31.34394645863364,28.24702920228902,31.22559215408187,35158100
2025-04-09,33.27705383300781,33.71101522183575,28.562637836289696,29.519329633374632,38575500
2025-04-10,30.919845581054688,32.36967496606621,29.815212324966517,32.271048575618295,25658400
2025-04-11,32.89240264892578,33.27705461350277,31.412986052418432,31.48202528038862,26250000
2025-04-14,33.28691482543945,34.164702495896364,32.606383699011836,33.60252379094406,19645900
2025-04-15,33.05905532836914,33.494957801268775,32.66278481927602,32.97980273821119,18742000
2025-04-16,33.009521484375,33.6633714046143,32.53399461321475,33.05905482486326,17261100
2025-04-17,32.59343719482422,33.26710121340411,32.0683731991021,33.03924104254919,16988000
2025-04-21,32.64297103881836,32.989708209981515,31.820703205557546,32.81138515648283,11419900
2025-04-22,33.74263000488281,34.43610437589694,32.98970957470764,33.10859035557407,19264300
2025-04-23,34.862098693847656,36.12026530446481,34.73331275308474,35.109769197217524,21643100
2025-04-24,37.27936553955078,37.45768860581198,34.941355363372345,35.23855921409035,23970900
2025-04-25,37.00197219848633,37.30908498736514,36.46700677603733,36.6651401581248,10958800
2025-04-28,36.89299774169922,37.54684768215656,36.45709526195982,36.70476575121112,13380800
2025-04-29,36.823646545410156,37.200106747413734,36.39765678051486,37.021783692735816,11269600
2025-04-30,35.694271087646484,35.83296596234872,34.1289954999545,34.56489421746895,15777400
2025-05-01,36.07073211669922,36.575978282947084,35.565485950451354,35.70418082827814,11614600
2025-05-02,37.24964141845703,37.63601057014531,36.66513889152581,37.2694555118117,11932200
2025-05-05,37.00197219848633,37.33880423884786,36.82364913128599,37.33880423884786,7701000
2025-05-06,37.56665802001953,37.92330412943709,36.79392730238265,36.8434606444347,9778700
2025-05-07,36.675045013427734,37.4180564510276,36.29858482688135,37.160477036334754,11879300
2025-05-08,37.13076400756836,37.60629095378493,36.496728079279606,36.81374604342398,9814600
2025-05-09,37.50722122192383,37.67563534836762,37.021785377838206,37.47750197117538,7306000
2025-05-12,38.745574951171875,40.21178390787131,38.55734294607027,39.73625698508923,15649500
2025-05-13,39.10221862792969,39.538117334934014,38.70594432763354,38.963523756571576,11879600
2025-05-14,38.69603729248047,38.874360341042944,38.48799121638982,38.725756540857006,10292800
2025-05-15,38.111534118652344,38.36910975128769,37.21991889193086,38.25022898077534,13149000
2025-05-16,37.66572952270508,37.764796209543036,36.64532828749703,37.73507695932202,13552200
2025-05-19,38.43846130371094,38.487994648472736,36.942533128653594,37.05150875462073,11107300
2025-05-20,38.04219055175781,38.32948546141557,37.72517261208916,38.08181495985244,7848000
2025-05-21,37.65582275390625,38.329486844804016,37.48740862075785,37.76479838319149,11012400
2025-05-22,37.34870910644531,37.70535520199078,37.00196816726429,37.32889501456483,9415400
2025-05-23,38.65641403198242,38.70594737863596,36.873187098390204,36.873187098390204,15295500
2025-05-27,39.270633697509766,39.637184977687404,38.71585419867915,38.775292699752775,11247800
2025-05-28,38.52762222290039,39.15175293859354,38.33939400413981,39.032872157226436,7689500
2025-05-29,38.666316986083984,39.13193873222642,38.369113143948084,39.00314901494517,8927600
2025-05-30,38.12144470214844,38.56725237897784,37.37843316715013,38.47809084361196,17241200
2025-06-02,39.775882720947266,40.162248085688255,39.22109945566555,39.71644044208257,15316700
2025-06-03,39.86504364013672,40.01364366629866,39.14184248537194,39.32016554008767,11741400
2025-06-04,40.47926712036133,40.8160991514916,39.99383127758609,40.13252615290704,10979300
2025-06-05,41.30152893066406,42.21295828531362,41.093486629189776,41.58882760173905,17270000
2025-06-06,41.09349060058594,42.084172641426925,41.09349060058594,41.618550872903,8501800
2025-06-09,41.94547653198242,42.50025981910106,41.39069324486379,41.58883040305987,9938400
2025-06-10,41.796875,42.103987800925054,41.51948523087554,42.03464035864394,9460600
2025-06-11,40.627864837646484,41.21236733544213,40.10280461695184,41.004325034316146,13530900
2025-06-12,40.79628372192383,41.291624705648836,39.874949189863166,40.023552996641385,8750100
2025-06-13,40.55852127075195,40.84581996873676,39.71644305020565,39.8056045847819,9722100
2025-06-16,41.51948165893555,41.935570055978125,41.18264963433987,41.23218297754327,10508000
2025-06-17,40.9845085144043,41.440225053549526,40.88544183758878,41.35106353275497,10291600
2025-06-18,40.79628372192383,41.18264908456504,40.7665644722289,40.98451193524468,6185500
2025-06-20,39.84523010253906,40.944887695554016,39.785787823755186,40.855726166954106,13986900
2025-06-23,40.55852127075195,40.67740583628832,39.47867769828497,39.67681486169353,11692400
2025-06-24,41.61854934692383,41.717619814866666,40.419825028454966,40.56842884079326,10817900
2025-06-25,41.2222785949707,41.56901578306017,40.80619019011143,41.400601657174406,7114000
2025-06-26,44.04572296142578,44.48162548134506,42.97578831439648,42.97578831439648,20484500
2025-06-27,43.461219787597656,43.80796076710202,43.13429668143006,43.67917104447742,13661000
2025-06-30,42.94606018066406,43.52065751441575,42.698389698009365,43.19373066331876,10256300
2025-07-01,43.63954162597656,43.956559565691585,43.19373396726733,43.58010312424996,9385700
2025-07-02,45.34351348876953,46.25493907247059,44.006090583358095,44.333017442175915,23271300
2025-07-03,45.373233795166016,45.779413254609295,45.14537739393216,45.33360560908574,7607300
2025-07-07,44.709476470947266,45.13547000233984,44.02590352193742,44.82835724415051,19630200
2025-07-08,45.83885955810547,48.66230192904955,44.432089061964234,45.23454289435726,45175000
2025-07-09,45.16519546508789,46.5917762772636,44.600506990738,46.30448135075643,24277000
2025-07-10,46.77009582519531,47.07720860248684,45.690252305291914,46.34410226730623,18640600
2025-07-11,45.928016662597656,45.97755000519044,45.234538528843366,45.47230386410122,17122800
2025-07-14,45.20481872558594,45.46239437140546,44.768916246142794,45.40295587268266,11484600
2025-07-15,43.85304641723633,45.16505932043772,42.96843205888558,44.96627247395318,20312200
2025-07-16,43.713897705078125,43.92262618603188,43.15728463091842,43.62444210015275,11377600
2025-07-17,44.19099044799805,44.310267108752456,43.43559055463418,43.60456013661204,11027900
2025-07-18,44.5289306640625,44.66808296809891,43.93256256344477,44.57862737384466,13554700
2025-07-21,44.91657257080078,45.79124911515939,44.91657257080078,45.29427440907638,11250300
2025-07-22,45.52288055419922,45.980096356083884,44.88675356173082,45.334031538190146,15316100
2025-07-23,44.56869125366211,45.7912485608327,44.30032446063207,44.38978005830875,23135900
2025-07-24,44.310264587402344,45.04578499545444,43.872924439420736,44.68796261678437,13223900
2025-07-25,44.61838912963867,44.6879652861343,43.912685947116614,44.30032561662546,16011000
2025-07-28,43.525047302246094,44.558755639682005,41.95460535210889,44.40966170561512,26374100
2025-07-29,42.96843338012695,43.684078182648086,42.42176195225272,43.63438146949882,16495800
2025-07-30,38.90317916870117,43.41571038477317,38.108020401723216,42.92867350721513,64894200
2025-07-31,39.99652862548828,40.30465053674459,38.52548006280669,38.66463617455381,26276800
2025-08-01,39.78779220581055,39.93688612847415,39.04233017572447,39.64863990018637,15601200
2025-08-04,40.17543411254883,40.3543453131531,39.50948981488997,39.93688837282058,12727200
2025-08-05,39.78779220581055,40.2847668925346,39.360393671898585,40.125735144447546,11521300
2025-08-06,39.61882781982422,40.42392449109897,39.589010548033734,40.00646751956635,9498400
2025-08-07,40.55313491821289,40.83144332958609,39.97664623562798,40.46367932020295,9660400
2025-08-08,41.616661071777344,41.924786756352255,40.83144391315221,41.129627980241665,11828700
2025-08-11,41.209144592285156,42.31242912338958,41.08987171615981,42.302491296885954,10676300
2025-08-12,41.89496994018555,42.42176192412758,41.44769193890638,41.4874508260459,12573800
2025-08-13,42.48139953613281,42.8292803136777,41.934724326253544,42.391943937390394,13120800
2025-08-14,42.02417755126953,42.14345420393284,41.328416035479684,42.034119168132754,11933400
2025-08-15,42.103694915771484,42.54103126316017,41.984422055868365,42.44163784517688,8885300
2025-08-18,41.49738693237305,42.14345555096059,41.13956454617786,41.88502658687917,8325000
2025-08-19,41.209144592285156,41.725998777650126,40.811567074661895,41.52720812303031,7630500
2025-08-20,41.06005096435547,41.2787172534461,40.7718047291723,40.90101921246408,5526200
2025-08-21,41.46757125854492,41.49738852800236,40.712167571616355,40.86126150213588,6181200
2025-08-22,43.01812744140625,43.16722136327925,41.53714500612666,41.576903890841585,10822100
2025-08-25,43.4256477355957,43.58467948725201,43.08770478937404,43.15728094374767,12596800
2025-08-26,44.0816535949707,44.141291922899406,43.18710142573612,43.26661540469173,11824700
2025-08-27,43.60456085205078,43.79341367220245,43.20698335119462,43.67413700949101,11201800
2025-08-28,44.101531982421875,44.29038478720286,43.64431618742267,43.853044642755016,9253900
2025-08-29,44.13135528564453,44.45935661904401,43.83316742958815,44.061779130329,7371000
2025-09-02,44.66808319091797,44.67802480789354,42.481397616667785,43.495222634452034,12166300
2025-09-03,45.93040084838867,46.019856446022885,44.837058025407,44.9762103347011,12237800
2025-09-04,45.7912483215332,45.87076609310406,44.90663396669562,45.4433675499508,8509000
2025-09-05,46.05961608886719,46.735501995072994,45.46324795591671,46.43731792859775,8069200
2025-09-08,46.377681732177734,46.46713733539716,45.22470050824751,46.24846724050161,10436400
2025-09-09,43.62443923950195,45.831008155222314,43.35607244232385,45.04578720699186,24956700
2025-09-10,44.60844802856445,45.194878298555246,43.96237943240623,44.022017758573654,16678900
2025-09-11,45.642154693603516,45.880704218257335,44.52893242565652,44.59850858042721,14919200
2025-09-12,44.44941711425781,45.22469641084084,43.66419620065319,44.92651235766398,16046300
2025-09-15,45.36384963989258,45.473184679660704,44.09159563157111,44.23074793977927,12670200
2025-09-16,45.025909423828125,45.62228137008466,44.538876315582364,45.3737940070485,10043200
2025-09-17,44.81718063354492,46.00992072604995,44.509054940566116,44.827118459685295,8951800
2025-09-18,44.65814971923828,45.16506227754882,44.32020674982582,44.727725878386465,13174400
2025-09-19,44.66808319091797,45.423486833192264,44.439475291486936,44.97620885968985,21120200
2025-09-22,44.886756896972656,45.1054269887376,44.270509301181555,44.558755550941484,11980600
2025-09-23,45.085548400878906,46.00992170792569,44.86687830496185,45.115365671552574,14308500
2025-09-24,37.44207000732422,41.73593466614266,37.43213218218489,41.576902922602414,91311700
2025-09-25,35.12617111206055,37.30291888129688,34.93732209553479,37.30291888129688,86778600
2025-09-26,35.53369140625,36.09030444081222,35.076475587653945,35.28520405375874,41515800
2025-09-29,36.89540100097656,37.87941258421228,35.83187543666002,36.13005950104124,40224700
2025-09-30,38.982696533203125,39.09203157344628,36.97491829783771,37.720380345005346,38973100
2025-10-01,38.85348129272461,39.24112094303749,38.60499394851215,38.79384296513187,19117000
2025-10-02,38.63481140136719,39.71821637898221,37.958925518545925,39.13178609217012,23508900
2025-10-03,39.42997360229492,40.10585954432209,38.68451150078993,39.41009794954382,23921600
2025-10-06,40.07604217529297,40.99047765587027,39.320642249265035,39.94682768302977,26706800
2025-10-07,40.44380187988281,41.060053270741484,39.91700988308013,40.46368132393789,19846800
2025-10-08,42.590728759765625,42.769639948736774,41.61665883737602,41.696176606525825,25769000
2025-10-09,43.047950744628906,44.51899543121608,42.29254706213357,44.26056645871436,23238000
2025-10-10,40.632652282714844,43.40576820996053,40.49349997423278,43.40576820996053,24243400
2025-10-13,42.521156311035156,43.236801129250296,42.02418158541159,43.0280726544763,15475300
2025-10-14,41.716060638427734,42.173276486494395,40.254953698283906,41.30854150573939,16563400
2025-10-15,41.606327056884766,42.73351945790627,41.167422066012946,42.73351945790627,16028100
2025-10-16,41.59635543823242,41.935510520662746,41.107571658617964,41.915559774023805,15081000
2025-10-17,41.0776481628418,41.88563629244084,40.608815121630705,41.49660243397144,14027500
2025-10-20,42.08513641357422,42.11506443685235,41.31704977317827,41.825784311531294,12617500
2025-10-21,41.20732498168945,41.40682483566163,40.55893904063248,41.097597778875276,12932200
2025-10-22,40.67863845825195,41.09759651013446,40.02027906690718,40.54896431821643,12134400
2025-10-23,41.12752151489258,42.14498674015657,40.95794587995646,41.346975917954154,18292600
2025-10-24,41.267173767089844,41.52652966780677,40.35943572501226,41.05769663550636,10605300
2025-10-27,40.99784469604492,41.6262799006154,40.34946254993392,41.6262799006154,14374400
2025-10-28,41.06766891479492,41.845732789157566,40.39933604621297,40.489112500746515,11973800
2025-10-29,42.08513641357422,43.38190833943664,41.446727726807694,41.616307174664016,19707800
2025-10-30,41.626277923583984,42.234762352498244,40.75844140958637,41.65620213968938,11822900
2025-10-31,41.59635543823242,42.41431702434981,41.157446622607395,41.48662823432617,11939500
2025-11-03,41.0776481628418,41.48662896308469,40.32951227421095,41.466678216095296,13717200
2025-11-04,39.322017669677734,39.93050209111169,39.02276409665556,39.87065365963664,14388400
2025-11-05,40.11005783081055,40.56891359555596,39.52152411334459,39.79085348966453,12057600
2025-11-06,38.55393600463867,39.82077604008094,38.44420880348641,39.81080256961971,25307300
2025-11-07,39.71105194091797,39.91055178833568,38.653685245611975,39.830752610411736,17305700
2025-11-10,40.84822082519531,41.14747442359646,40.249709823177064,40.68861865236697,13890600
2025-11-11,40.967918395996094,41.23724775569262,40.3494604988498,40.72851705752073,10730700
2025-11-12,41.70608139038086,42.15495985802905,41.36692631812987,41.36692631812987,12842900
2025-11-13,40.439239501953125,41.78588258013185,40.11005788427358,41.74598108613144,10381700
2025-11-14,40.0601806640625,40.56891136567143,38.783363369659135,39.53149921657655,10358500
2025-11-17,38.9030647277832,39.93050342471972,38.773386779896846,39.89060573747571,17578500
2025-11-18,39.90058135986328,41.706084036274845,39.84072911794574,41.6462317943573,23695200
2025-11-19,41.1474723815918,42.115062646779485,40.66866588686826,40.808317305510656,19873600
2025-11-20,39.53150177001953,41.795860202909616,39.21229742580044,41.795860202909616,15648000
2025-11-21,39.77090072631836,40.199832251464606,38.75343551354464,39.73100303960984,18896900
2025-11-24,40.68861770629883,41.01779551532145,39.8008304027575,39.8008304027575,15241000
2025-11-25,40.967918395996094,41.68613002185351,40.86816847250064,41.13749783219717,11446600
2025-11-26,42.04523849487305,42.384393583516975,41.45670477649729,41.676155383114484,13339400
2025-11-28,42.873172760009766,43.302104299493415,42.2148133421165,42.65371835230673,8848100
2025-12-01,42.962947845458984,43.8208108970354,42.89312213709493,43.292129446503026,14614800
2025-12-02,42.863197326660156,43.31207578700347,42.204837938912206,43.07267444884913,11131900
2025-12-03,44.41931915283203,44.97792863875465,44.02031563878656,44.2198192984172,22864300
2025-12-04,44.499122619628906,44.628800570572494,43.551483080055036,43.92056238096971,12392100
2025-12-05,45.08765411376953,45.85574070051929,45.007851130889506,45.157479821181724,20208100
2025-12-08,44.888153076171875,45.60636474305971,44.618823701088935,45.267209656497776,16538400
2025-12-09,44.68864822387695,45.08765554047148,43.820811686282006,44.02031534457927,10310100
2025-12-10,46.33454895019531,46.33454895019531,44.5789213119998,44.76845150096416,17054800
2025-12-11,47.990421295166016,48.19989841858292,46.314596697399416,46.464225388534736,20741000
2025-12-12,47.262237548828125,48.87820995536128,46.693654594580984,48.63880480373395,17034900
2025-12-15,47.40188980102539,48.73855939181768,47.27221184973221,48.69865789830965,15437700
2025-12-16,47.42184066772461,47.56149209014009,46.504125340797906,47.192412787296895,15481500
2025-12-17,47.701141357421875,48.12009941095571,47.25225908764123,47.990421465193364,15613000
2025-12-18,47.8008918762207,48.17994844266265,47.20238471254668,47.950520569747084,15029500
2025-12-19,49.02783966064453,49.51661963934507,47.95052216395489,47.95052216395489,21954800
2025-12-22,50.51413345336914,50.82336431691356,49.78594832813468,49.87572478495623,15316600
2025-12-23,51.77100372314453,52.160033766687896,50.863265686471415,51.48172360684251,14155700
2025-12-24,51.790950775146484,51.86078029062369,51.10266714319177,51.80092805102144,4073900
2025-12-26,52.90816879272461,53.63635390457563,52.50916147969206,52.918142263203336,14848300
2025-12-29,51.352046966552734,52.090209384692955,51.04281609587498,51.44182342544525,15231700
2025-12-30,51.28221893310547,52.249809190120054,50.723609458038624,52.110157772657274,10055700
2025-12-31,50.663761138916016,51.38196897394222,50.534083191602164,51.1724918472769,8776800
2026-01-02,51.800926208496094,52.06027829378256,50.87323745634548,51.60142255546729,11518400
2026-01-05,54.27476119995117,54.314662691296775,53.157546078783746,53.4967011447901,26935100
2026-01-06,56.010440826416016,56.97802730610343,55.53163051672049,55.87078559971224,35253300
2026-01-07,55.36205291748047,55.441855901342535,53.716152524874495,55.09272355476954,20894000
2026-01-08,54.085235595703125,54.48423909920619,53.157546837365324,54.48423909920619,22333100
2026-01-09,56.38949203491211,56.56904494476833,54.434364577828504,55.31217838099051,19272700
2026-01-12,58.5640754699707,58.68377994990643,57.017928753684714,57.60646246177993,20373700
2026-01-13,59.192508697509766,59.940644548689,58.27479340801773,59.87081884032953,22060100
2026-01-14,60.19999694824219,60.55910276750451,58.973054602573065,60.060345530799225,19747500
2026-01-15,59.959999084472656,60.5,58.70000076293945,58.97999954223633,18285700
2026-01-16,58.709999084472656,58.849998474121094,57.70000076293945,58.630001068115234,21629900
2026-01-20,60.06999969482422,60.380001068115234,58.349998474121094,59.099998474121094,19583600
2026-01-21,60.58000183105469,62.130001068115234,59.75,61.54999923706055,25719800
2026-01-22,58.849998474121094,61.75,58.2400016784668,60.779998779296875,25597200
2026-01-23,60.40999984741211,60.810001373291016,58.380001068115234,59.75,24545800
2026-01-26,61.16999816894531,63.58000183105469,61.099998474121094,63.41999816894531,31620200
2026-01-27,62.869998931884766,63.18000030517578,61.27000045776367,61.5,20123700
2026-01-28,63.630001068115234,64.66999816894531,62.02000045776367,64.12999725341797,22636500
2026-01-29,65.12999725341797,69.44000244140625,63.11000061035156,69.38999938964844,48277600
2026-01-30,60.22999954223633,61.91999816894531,58.65999984741211,61.7400016784668,40774400
2026-02-02,60.7599983215332,61.25,59.560001373291016,59.880001068115234,21334600
2026-02-03,64.66999816894531,64.95999908447266,62.599998474121094,64.08999633789062,31102700
2026-02-04,61.86000061035156,65.6500015258789,60.97999954223633,64.9800033569336,31834200
2026-02-05,59.220001220703125,60.93000030517578,58.22999954223633,59.95000076293945,22330400
2026-02-06,60.66999816894531,61.0099983215332,59.709999084472656,60.36000061035156,20119100
2026-02-09,63.61000061035156,64.16999816894531,61.279998779296875,61.36000061035156,14752000
2026-02-10,63.2599983215332,63.52000045776367,62.06999969482422,63.25,11647400
2026-02-11,65.45999908447266,65.5,63.06999969482422,65.0999984741211,15495800
2026-02-12,62.040000915527344,65.9800033569336,61.25,65.97000122070312,23459900
2026-02-13,62.84000015258789,63.349998474121094,60.15999984741211,61.150001525878906,14370600
2026-02-17,61.09000015258789,61.58000183105469,59.20000076293945,61.2400016784668,12238400
2026-02-18,62.54999923706055,63.18000030517578,61.54999923706055,62.7599983215332,17244800
2026-02-19,62.56999969482422,62.58000183105469,60.13999938964844,61.43000030517578,13357900
2026-02-20,64.33999633789062,64.38999938964844,61.900001525878906,62.04999923706055,14680000
2026-02-23,65.55000305175781,65.93000030517578,63.880001068115234,64.23999786376953,15631300
2026-02-24,67.87999725341797,68.83999633789062,64.80999755859375,65.4000015258789,20299300
2026-02-25,68.81999969482422,69.75,68.13999938964844,69.0,16182000
2026-02-26,68.37999725341797,68.5999984741211,65.81999969482422,68.27999877929688,17726800
2026-02-27,68.08000183105469,68.93000030517578,66.87000274658203,68.38999938964844,19425700
2026-03-02,68.29000091552734,68.63999938964844,66.41000366210938,67.16000366210938,15851100
2026-03-03,65.56999969482422,65.69000244140625,60.849998474121094,64.16000366210938,25564300
2026-03-04,65.93000030517578,67.8499984741211,65.7699966430664,66.87999725341797,17438500
2026-03-05,62.65999984741211,64.30000305175781,61.369998931884766,64.1500015258789,23068000
2026-03-06,59.36000061035156,61.20000076293945,58.70000076293945,60.63999938964844,25912800
2026-03-09,60.4900016784668,60.4900016784668,55.5,57.2599983215332,25732287
