Price,Close,High,Low,Open,Volume
Ticker,GWW,GWW,GWW,GWW,GWW
Date,,,,,
2018-01-02,210.59437561035156,213.3461800760055,208.173128503522,211.7915911890724,636700
2018-01-03,209.2720184326172,211.55031026280378,207.63700932231657,210.2816175743939,901200
2018-01-04,210.90704345703125,211.70221054120748,208.31605326353545,209.9957239296095,949800
2018-01-05,212.8636932373047,213.19426418011395,210.24590074150177,211.16614982519977,771100
2018-01-08,212.8636932373047,213.524848755839,209.7098272256182,212.00597833847416,954800
2018-01-09,212.00596618652344,214.23065342713303,211.22867190267016,213.09597227553715,763800
2018-01-10,207.05621337890625,208.45893083966087,203.3841479490707,205.93940532400384,835800
2018-01-11,212.39016723632812,212.64033124127283,207.0116138641854,207.7263740067056,677400
2018-01-12,210.55857849121094,214.15916753895965,210.26373944938874,213.09596380318354,932500
2018-01-16,207.1099090576172,212.22042605475335,206.52917406686313,211.89878464818824,921000
2018-01-17,201.23098754882812,204.01855040026933,199.79253787995194,203.36632452233607,1752900
2018-01-18,203.2859344482422,205.8679949661144,201.86535741202067,202.03511447287391,1291700
2018-01-19,205.5373992919922,207.18133781396537,202.9195935854607,204.13468154363946,658200
2018-01-22,205.36767578125,205.93948117063707,199.4619920665715,204.7065202613991,970300
2018-01-23,205.00135803222656,206.46661018529497,201.9278989714207,203.31274418733116,1231000
2018-01-24,242.9906463623047,245.02770329726064,229.86591506002966,230.85765485597875,4080700
2018-01-25,255.91880798339844,266.38105846914334,245.0366365678676,245.69777822785392,4860000
2018-01-26,254.8645782470703,259.33181111396374,252.23784314007088,257.29475401729337,1377100
2018-01-29,245.2332305908203,257.2947595928028,244.4916546499839,255.1058045342607,1548700
2018-01-30,246.09991455078125,247.27032759468898,240.42652231909906,244.33982338870288,1096000
2018-01-31,240.92686462402344,247.85107724539463,239.00595947900302,246.57345487970264,1726000
2018-02-01,237.77294921875,243.27658357438384,236.08432204864374,238.57704570963682,901900
2018-02-02,232.0191650390625,236.9331216631831,231.82260568346456,236.87057385325917,845500
2018-02-05,227.0337371826172,234.09197415869295,223.66543937019188,230.37523268518328,1348100
2018-02-06,231.41162109375,235.06581455011573,220.8332026000564,220.8332026000564,1207800
2018-02-07,232.19789123535156,234.53871738090703,229.31204838868828,231.41165372506364,1038400
2018-02-08,231.04527282714844,236.7901273398655,229.90166238553584,231.92977614655604,910100
2018-02-09,240.0421905517578,241.83797265574475,230.3180425153111,232.93986904231426,1808100
2018-02-12,241.91880798339844,244.22639483447247,240.50015201122451,241.91880798339844,1331600
2018-02-13,243.6606903076172,244.74713080772975,238.79413615238033,239.89852460900056,880700
2018-02-14,237.70770263671875,241.99066110967894,234.82547961633335,241.18253712510693,1160800
2018-02-15,242.0354766845703,244.10960253891895,236.7469133603062,239.47648205604278,807000
2018-02-16,239.4495391845703,243.50802359880572,239.38668024507686,241.93671452020362,507000
2018-02-20,236.69305419921875,240.69766814089382,235.75926720604477,237.48320273302838,478500
2018-02-21,235.05894470214844,239.68307889756178,235.04995702168804,237.3395686189761,549800
2018-02-22,236.68406677246094,238.98266547908463,235.69638121849184,236.70201472745745,683800
2018-02-23,239.0095977783203,239.36874868344702,236.28000157673353,237.8243751300903,470000
2018-02-26,243.1668701171875,243.6606992531522,239.04555332688844,239.95240468937604,499000
2018-02-27,237.74359130859375,246.0221478921168,237.74359130859375,243.95700943608827,608700
2018-02-28,234.8433837890625,239.95238585166476,234.8433837890625,239.37774985137065,741400
2018-03-01,229.59971618652344,235.70537779443274,228.07329050899898,234.3226179666778,1043300
2018-03-02,229.2315673828125,229.61765392356543,223.35037878912397,227.52556631936275,902300
2018-03-05,233.29896545410156,234.8074428939856,228.31568224085942,228.8274865972227,701100
2018-03-06,240.4192352294922,245.34864666296633,234.19683152653266,236.04651167502848,1232400
2018-03-07,243.56195068359375,244.00190855797192,236.08250241039266,237.64485157104414,1008800
2018-03-08,246.65065002441406,246.83021176997167,242.38566809666307,245.17809574297556,647000
2018-03-09,251.79554748535156,254.40841338565613,247.07265981600443,247.7370903372208,905700
2018-03-12,251.1760711669922,253.90566804010214,250.5744994182369,251.38259600394073,699000
2018-03-13,248.40158081054688,253.33102184996415,246.9290535754221,253.33102184996415,715200
2018-03-14,251.5980987548828,254.4982973484359,247.1625138007269,250.23331392339878,731000
2018-03-15,252.55874633789062,253.55541946623947,251.07723186203117,251.73267466933615,722300
2018-03-16,259.2661437988281,259.8677430982294,252.801314707152,253.70819379678923,1297300
2018-03-19,257.1380615234375,261.9507447401264,254.5521307317697,259.74194027285273,1072100
2018-03-20,256.5364685058594,262.60622134686645,256.0695749801907,258.5746989192251,548900
2018-03-21,256.3209533691406,258.4220150906653,254.65984948374413,256.53643844782226,473900
2018-03-22,251.56214904785156,258.3412155555318,251.3107406483982,254.6329211124992,570800
2018-03-23,242.47549438476562,252.9808318128222,242.44855874629218,252.9808318128222,932900
2018-03-26,248.3835906982422,249.39821190832535,244.2622743132751,244.72916776684016,794100
2018-03-27,245.1511993408203,248.9941720493615,243.6966201821916,248.38361269414025,640600
2018-03-28,249.14683532714844,250.35896640574282,244.26230549153763,245.12427328562714,842500
2018-03-29,253.44775390625,255.8990068894027,250.5745183399506,250.5745183399506,917300
2018-04-02,248.39260864257812,254.88434380008943,245.32180900432925,252.3343363479842,815200
2018-04-03,254.88433837890625,255.45001414772025,248.4015636373415,249.95492508174652,708000
2018-04-04,258.99664306640625,260.83730846504363,251.54413209796002,252.95382739819968,859000
2018-04-05,263.7734375,266.6466997509351,259.75986350773223,260.8283560234484,737700
2018-04-06,257.3984375,264.61746176077884,252.8730589682947,261.51975410154125,849700
2018-04-09,257.3625183105469,261.0079538135102,255.2883921589112,260.44227806279855,871200
2018-04-10,262.18414306640625,263.80932340494115,259.67005950443394,259.8136979352989,807800
2018-04-11,250.66424560546875,259.8317051556612,247.41385712831993,256.05159167163976,1269600
2018-04-12,254.9112548828125,255.95281175330956,251.40948538805642,252.15472287738606,581800
2018-04-13,250.1614227294922,257.05724710643244,250.1614227294922,257.05724710643244,1151900
2018-04-16,255.10879516601562,255.3063322887566,251.24787469598542,253.33994874011776,756200
2018-04-17,254.5969696044922,256.6980585547427,252.01106666852502,256.6980585547427,716500
2018-04-18,255.62057495117188,259.5982252553681,254.73167168538518,256.2580698487837,1079500
2018-04-19,269.25958251953125,278.16664672353966,261.74423853444256,272.9588893995279,3255100
2018-04-20,258.9518127441406,271.9532869910874,256.4556763413645,271.60309627559826,1298500
2018-04-23,256.86859130859375,261.1066370351185,255.95275254534647,259.84959537925374,687000
2018-04-24,251.01437377929688,260.0651292507102,246.6057262429478,259.4365946702254,1071800
2018-04-25,248.94924926757812,251.61598643909758,246.75839319528475,250.06262525789037,1235900
2018-04-26,248.61705017089844,250.29610194334833,242.6370928701509,249.40717122740656,959600
2018-04-27,254.88433837890625,255.94384328478506,247.75508095890567,248.57216513591908,825300
2018-04-30,252.62164306640625,256.8417144046483,252.31636340885794,254.30968256228675,822600
2018-05-01,253.1514129638672,253.39383369063142,248.39260120653196,251.34664312690558,652700
2018-05-02,252.21762084960938,257.59600752004184,251.31972969143956,252.3792346817287,608100
2018-05-03,251.26588439941406,252.7923104867477,244.52271233572682,252.7923104867477,691500
2018-05-04,257.4881591796875,258.7631762927939,248.60803257742336,250.38583899246584,593900
2018-05-07,259.82275390625,261.69934309423684,255.99772889450352,258.36817464867397,452100
2018-05-08,260.45123291015625,263.18080165304417,258.6195277105274,261.21444569345636,447900
2018-05-09,265.6230773925781,267.5355895702294,260.37043706421645,261.12466220161474,550700
2018-05-10,269.51995849609375,269.71749561579435,264.97660474298067,267.5805106121589,814400
2018-05-11,267.0304260253906,273.12780269176966,266.6966987568761,269.7904749542876,523600
2018-05-14,266.72381591796875,269.85367961405746,263.66612585198556,268.6450328084503,346200
2018-05-15,271.3599853515625,271.5674225972499,263.95475644749564,266.01126441757924,709300
2018-05-16,276.3388977050781,277.5024566208182,270.80977011673446,271.08037993672076,744600
2018-05-17,276.7266845703125,278.75613393490426,274.56194408664834,274.56194408664834,462400
2018-05-18,277.4573669433594,278.16993708469033,275.3377412175878,276.96129018332283,708700
2018-05-21,283.13079833984375,286.38695219433015,278.521705443302,278.7832591609804,843000
2018-05-22,275.90606689453125,283.8254327271124,275.3738756451973,282.5085250126904,896700
2018-05-23,275.3017272949219,277.25903167379334,272.29815265516316,273.6691493108856,664000
2018-05-24,280.4519348144531,281.1374467118842,275.11224195647577,275.8067549135945,642700
2018-05-25,279.4507141113281,281.19152431959947,278.27812668426776,279.61306347738844,636200
2018-05-29,273.22711181640625,279.50486924160697,269.9348710118825,278.4495431638451,701200
2018-05-30,277.3219909667969,278.82830548443144,272.14464899006225,274.291359817343,495200
2018-05-31,278.70208740234375,279.6130937095802,273.33533647426844,276.6185210674406,947900
2018-06-01,279.34246826171875,285.3947301319041,276.8259430996572,279.4416725832141,534900
2018-06-04,281.44415283203125,283.43751621143,278.44057864544726,281.41709459705953,472700
2018-06-05,283.73516845703125,284.7814660277343,279.5860649942235,281.51628320869855,462900
2018-06-06,280.28045654296875,281.41695690808626,276.23961529129156,281.41695690808626,583100
2018-06-07,281.74176025390625,283.617889411715,280.00094978120836,280.70449133384244,459500
2018-06-08,283.7531433105469,284.0868706341543,280.5962215611337,281.669577158028,433700
2018-06-11,285.17828369140625,286.01711629368117,282.90528241276047,283.275096549781,694100
2018-06-12,287.52337646484375,290.74344295554334,285.6292456125928,286.3778748747661,649800
2018-06-13,284.7543640136719,289.8595334491692,284.0327653554188,288.57874056080317,636600
2018-06-14,286.2786865234375,287.3069266840534,282.6256606914072,284.9347211682757,856100
2018-06-15,288.29022216796875,288.3353375865293,283.59092419843154,285.91801547391987,880100
2018-06-18,285.1241760253906,287.4332644112212,282.16569007857305,286.29676362714054,518900
2018-06-19,281.5162353515625,285.0610284891247,280.7946642312086,282.7158810587138,578700
2018-06-20,285.86376953125,286.2696704835421,281.41702633045105,281.65154932743525,432200
2018-06-21,282.4813537597656,284.8084715109206,279.42366384053554,284.3574826860179,608900
2018-06-22,281.5072326660156,285.6382782295917,281.11938887922093,285.4849574423351,651100
2018-06-25,275.65338134765625,281.8319338662005,273.8313963714022,281.8319338662005,590800
2018-06-26,276.4380798339844,277.8541636184208,274.7062708866073,276.65454563009297,401600
2018-06-27,275.4459533691406,280.6593833540109,275.0400523952342,276.1765531012323,471100
2018-06-28,277.4123840332031,278.56691490764393,273.6691803991621,275.59039816881307,451200
2018-06-29,278.169921875,281.8229481374301,277.35814743651844,277.4483507132776,528400
2018-07-02,276.2757568359375,278.5217000132125,272.09059464674937,277.02441373708746,948900
2018-07-03,268.5728454589844,280.56010734045935,267.3641988389927,280.56010734045935,672200
2018-07-05,268.6902160644531,270.63846415052086,264.20738469661654,269.6463104584947,785200
2018-07-06,269.628173828125,273.2270833897102,268.25717770181905,269.20424322918836,431600
2018-07-09,275.644287109375,276.1764504493846,269.7002596017448,270.0971318427968,455200
2018-07-10,275.35577392578125,280.0370407779974,272.0184451493275,276.9883514956949,433800
2018-07-11,280.00091552734375,283.1217780179096,271.59447721573275,274.25532229602203,852400
2018-07-12,278.9004211425781,282.61656358636424,277.5835418600889,280.8757538293947,516200
2018-07-13,280.0460510253906,282.5986358488071,278.584824004254,279.55897535167844,622400
2018-07-16,273.22711181640625,280.5150799162167,271.46824419552854,279.0538803671436,935000
2018-07-17,275.0671081542969,276.73577238311526,272.39726190389223,272.66784419994946,1035400
2018-07-18,305.7613830566406,308.2959379539913,290.93286885637326,296.95810024754155,3338100
2018-07-19,307.9803161621094,313.16668826526336,304.47160947454125,308.14266555209963,1695700
2018-07-20,306.8979797363281,307.98036422419534,303.2269230858805,307.98036422419534,914900
2018-07-23,309.0445861816406,313.60859058665636,306.67238071486463,306.67238071486463,968500
2018-07-24,304.1017150878906,312.8057926427892,301.9910909961387,309.25199901510786,655700
2018-07-25,309.5496826171875,310.5779227272892,302.3518917417925,303.3170143422579,725900
2018-07-26,307.15936279296875,312.5712266871188,306.67228733516953,310.1809923057685,536400
2018-07-27,306.06817626953125,309.2431563803249,304.8234697773862,307.6917531515099,568100
2018-07-30,303.4883728027344,307.01510815733127,302.6495403277222,305.96881094634193,592600
2018-07-31,312.5895080566406,314.0146487777703,303.61481552759994,305.29250899946095,915100
2018-08-01,308.4493103027344,315.37649232314186,305.96887166687554,312.1383957343798,764200
2018-08-02,307.58343505859375,310.1089616965812,304.24610644123266,305.57201480772005,517100
2018-08-03,305.7704772949219,309.69408626987115,305.11202358483314,309.2881852452915,439100
2018-08-06,311.001953125,311.2003893539758,306.5281506753931,306.76267372586807,514500
2018-08-07,315.0337219238281,315.6921755136074,309.7932340123961,310.8215017394893,455700
2018-08-08,317.9832458496094,319.13777627639496,313.1847175807726,313.9694338244081,394300
2018-08-09,317.18951416015625,323.4763004817954,315.6200816078688,317.48715472048815,626200
2018-08-10,318.09490966796875,319.1814960268075,314.3824661468541,316.45599412596357,451400
2018-08-13,319.7791748046875,321.09210362824376,317.03557275673364,318.0044425484018,438800
2018-08-14,327.2403259277344,330.50005805433125,321.907065387493,321.9613919535159,847300
2018-08-15,324.0620422363281,325.2300907899924,321.11923412724286,323.96242513114805,621100
2018-08-16,325.9273376464844,327.4123095687691,324.6687079526638,325.3478175371754,547200
2018-08-17,323.917236328125,327.0592517334479,323.4011063097386,326.38917802021035,480300
2018-08-20,331.8944396972656,332.8542456873035,324.5328874726429,325.0942803008116,661800
2018-08-21,334.2577819824219,336.89273088053875,330.9980499624296,331.89449353857987,526700
2018-08-22,332.8542175292969,335.00019918648314,331.8491210727319,333.7959237988726,381700
2018-08-23,332.7727355957031,335.1541507850247,331.8038660277292,333.6419880627545,323600
2018-08-24,330.63580322265625,334.1581314147215,328.4264312369941,333.8321444557844,353200
2018-08-27,329.49493408203125,332.7818013112623,328.8067608496103,330.98896966496176,304200
2018-08-28,326.6517028808594,332.8361152009813,325.0761775224265,330.0110238135682,520500
2018-08-29,328.04620361328125,329.6669921599477,324.09829828928474,326.6245940457871,517000
2018-08-30,320.9110107421875,328.535133081314,319.02759780303364,327.828860137392,557800
2018-08-31,320.6031799316406,323.1204122032589,318.801256673504,320.07798627057934,416600
2018-09-04,322.23297119140625,323.36482051704724,317.24377052140784,321.62631542736517,686600
2018-09-05,322.0066833496094,325.2392524789877,320.69375437725336,321.9432931392967,684800
2018-09-06,319.7611083984375,327.74741819838357,314.708516294688,322.55903730189146,769400
2018-09-07,316.2749328613281,321.490475835339,313.63998427893404,318.6472846593009,532200
2018-09-10,318.90087890625,319.94217497309876,316.2568661799732,317.2347996726828,468000
2018-09-11,325.4112548828125,326.0450740070407,317.19854848549153,318.9823443579378,580800
2018-09-12,320.59405517578125,324.6687127429702,319.99643541662874,324.55099599196495,452400
2018-09-13,320.5760803222656,322.66773647697966,319.4623302058,322.41420323498556,413400
2018-09-14,321.99761962890625,327.36713519725623,320.1866602470398,321.59017034781465,499500
2018-09-17,318.39373779296875,322.7400280228747,316.27491923341165,322.14240828048077,394900
2018-09-18,320.2409973144531,321.30039302164914,312.788889908946,317.4702041860621,550300
2018-09-19,318.09490966796875,323.41009708306154,317.053613860021,319.75195248354595,457800
2018-09-20,321.4634094238281,322.86691960972524,316.96317398163086,319.0820209040033,466400
2018-09-21,322.4321594238281,325.70095445938654,321.39086363012143,322.7853096571846,1351800
2018-09-24,319.2449645996094,321.5992171997528,316.18443898272756,321.5992171997528,461000
2018-09-25,321.4180908203125,322.7582105599603,319.13629220387395,319.996481233618,466400
2018-09-26,322.7129211425781,325.1939540157462,320.3948955971242,322.76724770746813,554200
2018-09-27,321.689697265625,326.1537322745693,321.3728015418878,322.8034470166912,436400
2018-09-28,323.6274108886719,325.7643291093029,321.3546486452221,321.7530618106007,441900
2018-10-01,322.3507080078125,327.0320492685992,319.88780261658843,323.4825574039073,470600
2018-10-02,321.03765869140625,324.722965889857,319.81528380402364,319.85148307842616,397600
2018-10-03,324.12542724609375,326.6154958185717,321.5538688362996,322.8034349412296,361200
2018-10-04,318.8465270996094,326.01790985761085,314.95294834809437,323.75421092058247,576300
2018-10-05,317.8504943847656,321.3999864804075,314.24667572521975,318.819364162793,403800
2018-10-08,313.1963806152344,316.6371923552019,309.0130412707063,315.42385289672814,702500
2018-10-09,303.6797180175781,312.38136271680605,303.09116187134487,311.8561967672702,843400
2018-10-10,286.3941345214844,300.1030805352205,286.21302755832113,300.1030805352205,1327900
2018-10-11,279.7931213378906,291.482863153765,279.4671620331994,284.6464774279846,1075100
2018-10-12,282.09307861328125,285.80554992467364,278.07274760155445,285.80554992467364,758300
2018-10-15,287.9515380859375,290.45064265860833,281.9663043579354,281.9663043579354,1640400
2018-10-16,253.5433807373047,263.9111067673638,242.72288722223777,262.58911413689344,4225200
2018-10-17,252.93667602539062,257.7176073569642,251.09855348546668,254.49410209121626,1476200
2018-10-18,248.94354248046875,253.0091653720395,246.8066235219293,252.49303527961203,1398400
2018-10-19,250.16595458984375,252.7465775108769,247.3227624262268,249.45061782045136,1099200
2018-10-22,249.22422790527344,252.30288104260367,246.3810359694582,252.30288104260367,822100
2018-10-23,248.0923309326172,249.28757056028905,239.95207869055648,244.70584628725618,1021400
2018-10-24,246.17269897460938,251.7776191019797,245.94632910721327,248.65370387869754,1316300
2018-10-25,245.59324645996094,249.41437154891622,244.75112941506023,248.97066774612802,953900
2018-10-26,248.73524475097656,251.16192332585362,242.36066094808118,243.50157402967633,879600
2018-10-29,249.50485229492188,255.42669565654913,246.5892073500757,252.20319101355642,898400
2018-10-30,256.386474609375,256.5585178979831,248.29148694079214,249.50482596416097,947000
2018-10-31,257.1291198730469,262.80646871189873,256.92991319625986,259.0577964180641,1034400
2018-11-01,259.4380187988281,260.47934250047194,251.55129880194733,257.8987199770452,775000
2018-11-02,261.90087890625,264.89801380820734,257.70850444528344,263.2138352202734,536700
2018-11-05,259.9269714355469,263.4311730618134,257.59988223456895,261.90997396767426,548500
2018-11-06,260.3977355957031,262.41696446525964,256.12387201941704,257.4730550221143,575400
2018-11-07,268.03997802734375,268.7372147880253,260.6874903793135,263.0055152250067,453500
2018-11-08,266.5482177734375,269.50460894210704,265.68405854971536,267.7671572624804,382600
2018-11-09,267.21221923828125,268.19463833180515,262.9732067439467,264.4923488518025,471000
2018-11-12,265.3292541503906,268.66771393492945,262.8549812715528,267.43056361521974,491400
2018-11-13,269.22259521484375,272.01525423301445,264.91082163383544,265.8113749107342,550400
2018-11-14,273.24334716796875,275.14453095400944,269.8503094480472,270.0868296474641,650200
2018-11-15,278.45556640625,279.49259048201645,269.7137610347205,272.4609198716884,624600
2018-11-16,282.503662109375,283.3132718449854,275.38104522915387,277.1366802209065,604300
2018-11-19,277.5368957519531,286.2696254794824,277.07296089674793,281.55757196178985,666700
2018-11-20,270.15045166015625,275.6720588903349,268.3584229044953,272.44278159832646,570100
2018-11-21,275.1808776855469,278.0099030764594,269.08615294879127,271.1510683200305,368100
2018-11-23,271.0328674316406,274.48955998253035,270.8963963946807,273.9983364269963,132600
2018-11-26,280.12030029296875,281.12093040791956,273.479802934752,273.67082348742167,499300
2018-11-27,276.9638366699219,280.29319145830704,275.4356164341146,280.00209395798595,445000
2018-11-28,283.5497131347656,283.7043673325285,273.6071499422428,277.5823541251264,671200
2018-11-29,283.0767517089844,285.460053554957,281.0573078662634,281.87599531372626,438000
2018-11-30,285.66925048828125,287.0610273085497,281.1755339029789,283.09490059996426,600400
2018-12-03,288.53466796875,292.06414844405674,284.4412034967756,289.1805179235873,519400
2018-12-04,273.4434509277344,289.1259603353508,273.18874756475395,287.60684562919135,697800
2018-12-06,272.5063781738281,273.1067560592826,263.4188717264628,267.9762692711655,673200
2018-12-07,263.28253173828125,275.7721566726406,262.49113304827176,273.2160177439647,496600
2018-12-10,259.5347595214844,263.2734717620459,255.0228594810452,262.0817931506231,633400
2018-12-11,260.8265075683594,267.31235223574816,258.415889264007,260.95384537942925,551100
2018-12-12,261.7998046875,267.55796072669256,261.0539055320726,264.74711822475757,438400
2018-12-13,259.8076477050781,265.8386902498841,258.39768760873517,262.7003839114027,553300
2018-12-14,258.7159729003906,262.67299285996535,257.1968310166673,257.2059364848957,468500
2018-12-17,258.80706787109375,264.5560911398617,255.94162006840494,258.2794501522611,597300
2018-12-18,257.3059997558594,262.5911413812857,254.70438967214153,259.2072105223613,675400
2018-12-19,253.27627563476562,261.4450210918146,252.4121164904378,257.3060571795926,653500
2018-12-20,250.28347778320312,255.29567773702138,246.8085753067879,251.8662748464534,734100
2018-12-21,247.61819458007812,256.7966478144826,247.1906538674877,250.24712162912132,951700
2018-12-24,242.36036682128906,248.6370064556699,242.04198071623458,247.0542091615914,247000
2018-12-26,253.4763641357422,253.6492014911324,242.305757603004,243.8430828626892,365000
2018-12-27,256.4601135253906,256.4601135253906,247.79106577478123,251.9482133916679,404500
2018-12-28,256.0416259765625,260.03501308709576,255.07739001089482,257.4515858054409,337200
2018-12-31,256.8512268066406,259.11629593149144,254.10406742377552,256.25087647151355,460400
2019-01-02,251.59336853027344,254.62254727628607,249.78315676255417,253.6947054790759,789200
2019-01-03,243.824951171875,251.88451477006896,242.2694146448872,250.5291320489773,891300
2019-01-04,253.91297912597656,256.0415766644144,247.4452928171385,248.1639307982481,529500
2019-01-07,252.0936737060547,257.3514989166652,248.9735516002286,253.85841348101923,658100
2019-01-08,253.77662658691406,255.40489588061,245.98084386801537,252.41213836234724,865200
2019-01-09,254.71363830566406,257.4335099693004,248.80993222103902,251.0750021223524,606700
2019-01-10,258.788818359375,258.8616066079603,251.438787605486,253.89484966387295,413800
2019-01-11,258.79791259765625,259.4710511846471,255.97796493990637,258.4522378333371,287200
2019-01-14,255.8051300048828,259.28913857271107,255.74147499025332,257.06956899587453,408700
2019-01-15,266.7301940917969,268.63137793510884,257.1514866144915,261.0630089316462,692400
2019-01-16,262.7185363769531,268.6222126689409,262.4911216937723,266.92115528044144,579600
2019-01-17,272.24267578125,273.82547315886166,262.91867338169226,262.91867338169226,802800
2019-01-18,277.8008117675781,281.01190734827725,274.21675261669554,274.97175747105206,688700
2019-01-22,273.4524230957031,278.32820699733827,271.55124019857163,276.1905040113762,561700
2019-01-23,270.3141174316406,277.6823566767592,269.0860729306919,274.7441497905573,1039600
2019-01-24,260.3623962402344,268.34919489656363,255.3501701911575,262.163529643853,1596400
2019-01-25,265.4656677246094,265.583927789069,259.3436828665938,261.890715945037,815900
2019-01-28,262.82769775390625,264.7834585275274,260.926514284808,263.08240109520693,432700
2019-01-29,269.40460205078125,269.45917936776226,262.2183017888656,264.0830915604236,423300
2019-01-30,269.331787109375,271.99710870735066,264.5742889667177,271.99710870735066,673600
2019-01-31,268.7040710449219,270.9054293426695,265.4656608425997,268.8678029327389,654100
2019-02-01,266.05706787109375,271.94256256899683,265.10190928786966,268.8406221228413,428800
2019-02-04,271.63311767578125,271.97879235551056,265.06540980322404,266.25706024508565,307200
2019-02-05,272.8885803222656,273.070523217031,268.9406637990326,271.58777468251645,357600
2019-02-06,276.0995788574219,278.02807848220067,271.73322851434864,272.42457796022364,409300
2019-02-07,275.6811828613281,278.81041123106496,273.55258468434124,274.27122288103203,391700
2019-02-08,274.5206604003906,276.27509027426834,272.83020036090335,275.1328913132252,362100
2019-02-11,280.3779602050781,280.83483995275014,275.6446927117704,275.9736327449454,368800
2019-02-12,285.568115234375,287.71545568414336,281.3831089012811,282.16892870355986,488700
2019-02-13,286.2899475097656,287.44129324553364,280.6429212656405,286.39047554157736,399300
2019-02-14,284.91937255859375,287.5692697648397,282.31515217708,284.6178441667563,296000
2019-02-15,289.31451416015625,289.4150422007765,285.49500633109744,287.83422830487586,328100
2019-02-19,287.514404296875,289.56124441956166,287.0575245735729,288.4007520755101,293000
2019-02-20,284.2155456542969,287.0024988468228,282.5159397815781,287.0024988468228,477200
2019-02-21,282.8907470703125,286.17113971225416,281.7028710979447,285.0106754043034,361900
2019-02-22,285.4310302734375,285.6229119468008,282.79028000664056,283.32939472704925,232200
2019-02-25,284.5263366699219,287.8615520850065,284.2247805258559,286.73761825972633,356100
2019-02-26,281.9404602050781,285.54982109804735,281.8582252028889,285.17517638647973,262600
2019-02-27,284.288818359375,284.3801998759711,280.6063691149139,280.6063691149139,350600
2019-02-28,278.48651123046875,284.8828286136932,278.2489526899602,283.8594222940942,337900
2019-03-01,276.43963623046875,283.3110970303385,273.6435346359922,282.11407442093883,631800
2019-03-04,276.5217590332031,280.52402813078976,274.76735727457344,277.2527830040598,404800
2019-03-05,275.3155822753906,277.56344954804877,274.75820265690794,277.46292155502147,425900
2019-03-06,276.3665466308594,278.9981503259533,274.1278249064999,275.9370785897435,312800
2019-03-07,272.0262145996094,275.8091644331382,270.3083422760281,274.79490477218604,329000
2019-03-08,268.0969543457031,270.7559970695473,266.07755424153845,270.07982415813444,356900
2019-03-11,269.5499267578125,270.1255997489003,265.31009685159484,266.43400327635754,218300
2019-03-12,269.89703369140625,270.6097647077426,267.82281047499913,270.2077084538384,308900
2019-03-13,273.66180419921875,274.721768489852,270.7560558891882,271.2403472741933,401000
2019-03-14,271.8708190917969,273.82627749171013,269.9793305391457,273.82627749171013,383900
2019-03-15,271.551025390625,274.1186872022792,270.7195009487201,271.75205358411546,444200
2019-03-18,276.01019287109375,276.26604441615774,271.78862843467385,271.78862843467385,247800
2019-03-19,273.70745849609375,277.9290218456191,273.150050842953,277.9016101830528,347900
2019-03-20,272.318603515625,277.8011606638933,270.07076289283873,273.6892428026921,235300
2019-03-21,278.6783447265625,279.2539897098383,272.08100091179193,272.29114772155634,310200
2019-03-22,267.2838134765625,277.7006667141776,267.1376086030504,277.7006667141776,446300
2019-03-25,264.6246643066406,267.9507332238003,263.2905837108256,266.69888760796186,308500
2019-03-26,264.3779296875,266.7445904888782,261.8650919576333,266.7445904888782,421400
2019-03-27,264.9901428222656,266.9638658530207,262.73315669728186,265.10893596869346,367300
2019-03-28,268.4443054199219,270.1987361951507,265.02685329617015,266.20558315183126,384200
2019-03-29,274.9776306152344,275.5807152117231,269.3580154518651,270.445391452026,427700
2019-04-01,284.4167785644531,284.57210205671305,275.4984773076136,275.4984773076136,509300
2019-04-02,284.4259338378906,286.29915770444353,281.96791834192976,284.10614029413733,442000
2019-04-03,284.7090759277344,287.56002802230654,283.649139807595,285.78733296423604,389400
2019-04-04,286.5915222167969,288.29110137860357,284.1791839262939,284.1791839262939,304400
2019-04-05,289.204833984375,291.39785084502677,286.5549374491824,286.91128909474867,410200
2019-04-08,287.7976379394531,289.2139816676752,287.11231842487797,288.2362524676413,313200
2019-04-09,278.95245361328125,287.22196458718554,278.76969058875596,287.22196458718554,339400
2019-04-10,277.0244140625,277.983850155243,271.3865070173717,274.11863834977265,497200
2019-04-11,282.3424377441406,286.2442072569774,279.6103067422131,279.6103067422131,415700
2019-04-12,278.5687255859375,281.6846490263383,276.46708975592963,280.0673046468486,687700
2019-04-15,278.50469970703125,279.765691979438,277.2437074346245,278.5777881799631,292500
2019-04-16,279.6103515625,280.5332573979509,276.6040755955417,279.57379338174474,301900
2019-04-17,281.7303466796875,283.5304540800628,278.9707750355944,281.86740503286774,314800
2019-04-18,281.602294921875,284.9192451778023,280.0671862055553,282.2327909813843,520600
2019-04-22,266.0958251953125,281.43785091521823,264.6338048082194,276.63146830408004,881900
2019-04-23,267.90509033203125,268.43505845420566,260.9422489554474,263.40938232419967,633900
2019-04-24,268.97412109375,270.7102857297781,266.9090444454837,267.9141850543117,584300
2019-04-25,269.5589904785156,269.90622347033883,263.9210833909937,267.97817686837544,468800
2019-04-26,266.7354736328125,270.5823923771944,265.90394934527455,269.51330964015995,280700
2019-04-29,260.2844543457031,268.0514117426936,260.0651330569015,267.00971230665135,566700
2019-04-30,257.6800842285156,260.9696227958102,256.55615041802264,259.75430749178076,1038200
2019-05-01,251.1558380126953,259.73605020678144,250.7903399132066,258.9319376564757,594900
2019-05-02,254.89317321777344,256.5013706571023,250.3700534339303,250.56193508293973,466600
2019-05-03,259.0964050292969,259.88225242677646,256.39168565724685,257.01303520874046,556300
2019-05-06,255.22210693359375,255.7429564252922,250.4979869855996,252.87373884847256,499500
2019-05-07,252.6178741455078,253.45854492422097,248.14960591891457,252.4990809814345,602000
2019-05-08,252.7183837890625,254.74693028958072,250.24207632684494,252.42597415809908,378400
2019-05-09,249.8583526611328,251.00055182013605,244.5676783486278,249.5842360172607,490500
2019-05-10,245.89915466308594,250.76770599533435,244.55801132061978,248.5630795058888,456600
2019-05-13,238.82603454589844,242.59228800217153,237.6502314605278,241.63693923488387,687600
2019-05-14,240.72750854492188,241.53587832634742,238.16461526820984,239.59762423224478,354600
2019-05-15,240.47950744628906,241.55425019723964,237.38384015790746,238.55044821207852,363400
2019-05-16,242.38092041015625,244.70499705567022,240.02931501734548,241.54502205282807,310800
2019-05-17,245.35723876953125,250.11556400627245,241.51751043718116,241.6644612725333,659200
2019-05-20,248.68252563476562,249.31635966641952,243.4373457810461,243.62104832016277,494400
2019-05-21,250.1614532470703,252.62331396694637,249.8583286389101,249.8583286389101,408700
2019-05-22,237.9992218017578,249.57354612813305,237.7695726208113,248.40693838092963,723900
2019-05-23,239.68032836914062,242.02273937673982,234.60047434367894,235.67523109246233,561200
2019-05-24,237.51239013671875,241.8298063786135,234.3248580687709,240.65400357727728,403800
2019-05-28,238.2840118408203,239.9834215811753,237.38380488972615,237.54914559094541,483500
2019-05-29,240.46107482910156,242.6840914251846,237.32865636947756,238.3023947705286,531100
2019-05-30,243.05154418945312,245.008160021737,239.23017781920586,240.3508671298714,738000
2019-05-31,240.38768005371094,241.61859681759503,238.04526863562748,240.3601232617344,493900
2019-06-03,241.46240234375,242.73926567407327,239.05568260556362,240.5438053118708,553000
2019-06-04,247.5526580810547,248.04870823329088,243.24443657803332,243.87827065218195,470600
2019-06-05,247.24952697753906,250.90555246552492,244.08035668979437,248.9305468475489,328000
2019-06-06,244.208984375,248.32428042606452,242.52793639817347,247.36895986183987,402800
2019-06-07,249.05003356933594,250.69433017685654,245.2654181196435,245.8808904922991,413700
2019-06-10,252.7794647216797,253.23876312899435,248.35182134716257,249.61032253121874,479700
2019-06-11,252.08139038085938,253.94614109041854,247.6813030881806,252.52229898080745,819500
2019-06-12,252.6600799560547,255.06682751375706,251.43835834688286,252.981594495317,447200
2019-06-13,256.98675537109375,257.1153443986075,252.4488830711684,252.4488830711684,305700
2019-06-14,250.18902587890625,255.83841896173988,245.93594598985032,255.83841896173988,426700
2019-06-17,250.2625274658203,252.54982464624786,247.69963441103278,249.96856974651007,447000
2019-06-18,249.73892211914062,255.95784075976195,249.04997447889582,251.93438205539604,417400
2019-06-19,251.86087036132812,252.6049315457604,246.36767929766026,248.7284518289162,453800
2019-06-20,254.26763916015625,256.4814613008935,250.10639585883172,255.6822863937993,394600
2019-06-21,251.7139129638672,254.61668253784163,249.61034624255322,252.99997105319522,638300
2019-06-24,248.9673309326172,255.36995281333606,248.86629872384498,251.83334893928628,381600
2019-06-25,245.77984619140625,249.97784180917085,245.66042407900773,249.187833698959,473600
2019-06-26,244.7141876220703,248.22323420793396,243.2719838844224,247.13929668665156,360900
2019-06-27,244.4661865234375,246.18395816409702,243.66701174159923,245.43989695111992,416200
2019-06-28,246.39523315429688,247.36894353305834,243.06988914441996,245.47663634162757,564500
2019-07-01,245.5317840576172,250.74021301119288,244.26411579448333,247.58943223351338,536100
2019-07-02,243.56600952148438,246.02784296147186,242.05032995010035,245.04496539378187,369800
2019-07-03,246.90042114257812,246.9096160802951,243.50160212219845,243.50160212219845,217600
2019-07-05,247.5894012451172,248.131370008137,242.96886033438335,245.89918645027134,256800
2019-07-08,244.24574279785156,247.8741837269102,243.88747655142777,245.73386528808317,266900
2019-07-09,244.98056030273438,246.16555791508284,240.79176152266447,243.46488132880793,532900
2019-07-10,237.4940643310547,245.30213843987568,236.81428352242932,244.56724405667995,780300
2019-07-11,241.41644287109375,241.89410315486862,235.23427580022164,237.0163559833057,532300
2019-07-12,247.28634643554688,248.78363613571383,242.33509469258215,242.33509469258215,469400
2019-07-15,249.19691467285156,250.7401504195395,247.07495851281888,247.91088488394493,309500
2019-07-16,250.69432067871094,254.23092487708516,249.04082919244613,250.07884832937393,447000
2019-07-17,247.1026153564453,250.4554891031232,246.60656508222587,249.84921166426795,399700
2019-07-18,246.7902374267578,248.79277186698394,245.0265191090544,247.50674186102916,330600
2019-07-19,245.4674835205078,250.99742718960712,245.34806142903417,247.8650081569376,439400
2019-07-22,247.48838806152344,250.01452952559006,246.1839681344939,246.95558616315196,513900
2019-07-23,256.08648681640625,256.46311497434874,248.55397972427184,249.0592249264004,664200
2019-07-24,279.3177490234375,280.0250585011601,261.2121850480512,261.2121850480512,1675700
2019-07-25,275.6984558105469,280.43841855494423,271.89545168887327,279.93317350640433,902300
2019-07-26,275.3953857421875,279.78627854162517,274.9820338876523,275.6893435276508,504700
2019-07-29,267.8168640136719,275.0278539130254,267.43106908776963,275.0278539130254,502900
2019-07-30,272.5661315917969,272.88764618224,266.39315798205087,266.6228072561733,427100
2019-07-31,267.3393249511719,274.73402072639834,264.90504813303494,272.43752787280505,568500
2019-08-01,255.0483856201172,269.598954980885,254.24001598340533,267.81687501813803,674900
2019-08-02,253.89105224609375,256.12323635082396,250.2166640440592,254.08394977736052,468300
2019-08-05,246.9464111328125,251.0158170156311,245.090855345252,249.98699289447458,569200
2019-08-06,248.0027618408203,251.78737598355008,245.8256639849158,249.41738065856225,541100
2019-08-07,251.97116088867188,252.79792066458057,243.29043554184693,244.39273518746288,673400
2019-08-08,254.1573944091797,254.6350827589089,251.57613925270283,252.67846679308147,357600
2019-08-09,247.80433654785156,254.0280899459912,247.23183137918312,253.01234133383068,374500
2019-08-12,243.20587158203125,246.61323069534487,242.10701982570404,246.2900340293625,346900
2019-08-13,247.67507934570312,250.91623191914613,240.5371661562739,241.2759052422516,561600
2019-08-14,244.1015167236328,245.14496631482228,242.49477681489216,243.7783201329082,470600
2019-08-15,244.5262908935547,246.32693760847715,243.35357949348742,245.0156932457106,524900
2019-08-16,248.63540649414062,249.79887467043983,245.20956237389225,246.9548069083598,376700
2019-08-19,254.29586791992188,255.06227971602715,251.78421159845013,251.78421159845013,301000
2019-08-20,251.2301788330078,255.77330432681106,250.9162252972583,254.1481347405792,351800
2019-08-21,253.7695770263672,257.31544057515777,253.47408135229668,254.26819427384035,286300
2019-08-22,251.9596710205078,254.60061764583892,250.740800758064,254.56367364394163,318200
2019-08-23,245.64361572265625,250.67617252123188,244.37855832845034,250.583826600337,373500
2019-08-26,246.98263549804688,249.66049893025644,245.4128389101859,248.89408673408266,234800
2019-08-27,245.04342651367188,249.1987396221662,242.74416227791158,249.1987396221662,238800
2019-08-28,247.82284545898438,249.07865972783767,242.85493393657418,244.75714143087757,254000
2019-08-29,252.42140197753906,253.25248712747236,249.3649406479559,250.63002628595794,231500
2019-08-30,252.68914794921875,256.5766654985873,251.959651912159,254.42514956651812,227800
2019-09-03,245.71743774414062,250.7222640603886,243.62129580481678,250.7222640603886,361900
2019-09-04,247.62892150878906,250.67613923354497,247.12103310131985,247.76742628172983,213600
2019-09-05,255.57940673828125,258.5620077039751,250.14979417163858,250.14979417163858,316100
2019-09-06,256.90911865234375,259.75318677206934,254.99766816375333,257.8786802845189,295000
2019-09-09,264.0008850097656,264.4533715958116,258.1742149312718,258.26656085781303,422200
2019-09-10,268.4608459472656,269.1810988424431,259.0698291793647,260.7319425743863,432200
2019-09-11,272.4038391113281,274.73080413452334,268.0453765583461,269.79062146075637,333200
2019-09-12,271.111083984375,273.3272452013552,268.81179171199136,272.33919738286204,315400
2019-09-13,272.9208984375,275.6172467076641,271.85899097363915,271.85899097363915,341500
2019-09-16,273.1518249511719,274.71237819430763,270.0584194262568,272.1545621623147,233900
2019-09-17,269.30120849609375,271.9144260439586,266.79876659638717,271.45272463988215,324100
2019-09-18,270.0768127441406,270.7508786322696,266.50322087661135,268.3869701418186,283900
2019-09-19,269.7812805175781,272.15443172984726,268.26688687581617,269.42114001252196,303400
2019-09-20,269.7998352050781,272.08064134857585,267.41746827552254,270.9356308438302,534500
2019-09-23,268.7747497558594,271.0370687819338,267.48199200095894,267.74975841375596,391700
2019-09-24,264.6103210449219,269.64287789894126,262.172552150548,269.49513005988547,297700
2019-09-25,268.8117370605469,270.2430281034514,264.2778547606727,265.54291190658574,285700
2019-09-26,271.1295166015625,272.2745270178408,266.5956056228899,268.2669623808507,272000
2019-09-27,272.3946533203125,273.3272994068423,269.5598274088236,272.40389636830565,261100
2019-09-30,274.3891296386719,274.9154759849368,270.3077051438154,271.53581843841704,338400
2019-10-01,264.1393127441406,280.50200858053915,260.29798257696075,277.13159459529027,593000
2019-10-02,265.18280029296875,266.6417924479987,257.42622267362043,261.29528252801254,559900
2019-10-03,266.5771179199219,266.7340805923452,259.92860745226824,264.27785429903093,364200
2019-10-04,268.9041442871094,269.64288349772744,266.4940763012653,267.78683469482263,258400
2019-10-07,266.8356628417969,269.9752261916048,266.2816156200632,267.8052243448216,299800
2019-10-08,260.57501220703125,266.18007340310777,257.85096294870334,263.97312740642633,369700
2019-10-09,262.23712158203125,264.6287311736084,260.87971849708055,263.64992657412165,211900
2019-10-10,266.59564208984375,267.97153156665786,262.08021658411286,262.08021658411286,324300
2019-10-11,281.822509765625,287.5568325293673,278.867609911773,280.71441527542714,883000
2019-10-14,282.6258544921875,285.01746396260705,278.52594449146477,278.8029540131302,456200
2019-10-15,283.7985534667969,286.95660277763557,281.0191026059133,282.62584230231,332600
2019-10-16,284.27874755859375,286.51339453788756,283.34612997476887,283.34612997476887,205100
2019-10-17,286.9381408691406,288.25862812342933,284.7404379734863,284.9990177776936,222200
2019-10-18,286.32879638671875,289.88390365399874,286.0240857889628,286.67969404354454,485800
2019-10-21,292.5155944824219,293.1804457543255,288.26793514415,289.4498898297539,557900
2019-10-22,294.731689453125,295.95983091839963,288.84961831527676,290.0869746458431,562900
2019-10-23,288.5079650878906,290.871873935953,275.40487746475543,283.85400721451083,1019800
2019-10-24,291.0657653808594,292.25696278783954,286.7073033868069,289.8468951993138,439400
2019-10-25,293.03265380859375,295.4427498741476,290.68720270503206,292.7187002246553,327300
2019-10-28,292.1554870605469,295.4427994677384,291.2043549230503,294.56555535064103,414700
2019-10-29,288.96966552734375,292.1461733152624,287.8431130190701,291.8414346199008,426900
2019-10-30,286.6058349609375,288.99744541035153,283.61401818221515,288.67424871610126,290600
2019-10-31,285.1836853027344,287.03973373963527,282.09952367913695,286.13478895258623,428800
2019-11-01,293.3373107910156,293.48503040581096,286.1532398261447,288.23089563683374,405100
2019-11-04,294.9071960449219,297.6220029761184,292.82029635739786,294.861037169366,322600
2019-11-05,297.76971435546875,300.03206258101983,294.3715986741666,296.3384512282953,296200
2019-11-06,296.65240478515625,298.97012674637125,293.642102515349,298.0098080843619,292800
2019-11-07,297.49639892578125,299.6019504302747,295.4650397836996,298.6187388636926,392800
2019-11-08,301.3829345703125,301.54988864696617,295.1960943099446,297.4778849449011,322200
2019-11-11,303.4514465332031,303.9801628721783,298.79510248246316,299.1104696916141,253300
2019-11-12,301.86529541015625,304.0172425925101,299.80610994041945,303.27517719847407,269500
2019-11-13,299.1567687988281,302.0414963506629,298.09008000455293,300.4460913368863,186800
2019-11-14,299.05474853515625,301.42930086740404,297.43151785375034,299.06403319725695,258400
2019-11-15,300.0379943847656,301.5591788766473,298.1457630494446,301.3365734161036,266300
2019-11-18,294.49114990234375,299.3237600914441,293.1090939290501,298.78575919376226,364000
2019-11-19,293.0162658691406,297.19028683111384,292.62670643121555,295.4186434259827,298800
2019-11-20,289.7235412597656,292.11663500560576,288.4713288653685,291.52301097769015,333400
2019-11-21,289.98321533203125,291.0870144838155,286.76457957900186,286.76457957900186,273400
2019-11-22,295.891845703125,297.1162325479674,291.9960796720462,292.93292498154136,370000
2019-11-25,297.2738342285156,299.90810246242296,296.2999070962495,297.0697698009011,307500
2019-11-26,297.4500427246094,298.6744291657761,295.7340504360357,298.4610800973183,323900
2019-11-27,296.1143798828125,298.33126287736883,294.68595721475873,298.33126287736883,323700
2019-11-29,293.9902648925781,297.1439644280357,293.60067708969956,296.3462478057208,125700
2019-12-02,292.20928955078125,297.2923296525185,291.94957382627734,293.2481524487968,242500
2019-12-03,289.9367980957031,290.9014687734821,286.8573192857351,287.56224589416644,240900
2019-12-04,293.9161071777344,295.7341179312143,290.8458840194013,290.93864573585364,346800
2019-12-05,295.2332763671875,300.67805265353473,292.98856722162293,294.93645017643615,470900
2019-12-06,298.20135498046875,299.7503931530816,295.65984878947285,298.19209862605754,275000
2019-12-09,300.8171081542969,303.599789327423,297.55210576831166,297.55210576831166,356200
2019-12-10,300.13067626953125,302.70929262695773,299.5648497986097,301.0396671962526,225000
2019-12-11,305.64971923828125,306.0764174401314,301.5870281128903,303.9151856694494,340700
2019-12-12,314.2574768066406,314.4430002239277,303.87807285328114,304.62942287846437,475200
2019-12-13,308.23760986328125,314.40588117415666,307.7367192959936,313.30208197772754,551300
2019-12-16,312.7919921875,312.9589463047913,308.70144647244155,310.2875672005161,531100
2019-12-17,307.4678039550781,311.93862462219016,306.5124176504726,311.4099365829878,304000
2019-12-18,308.4416809082031,308.6828556877909,305.3899990463463,307.541946123086,345900
2019-12-19,310.58428955078125,310.6863359040546,306.9111586639278,308.41380183096356,231500
2019-12-20,313.1351013183594,314.0626616866025,310.15764046222995,313.0052575863913,773800
2019-12-23,313.2556457519531,314.136839303742,311.4654612803106,314.136839303742,325000
2019-12-24,312.9403381347656,314.30385308054656,311.9293006766814,314.30385308054656,70600
2019-12-26,314.3594665527344,315.19426516635576,310.27820686966777,313.3391445552442,257200
2019-12-27,313.0237731933594,315.8992157628762,312.40229534205116,315.8342797487154,176500
2019-12-30,313.7473449707031,314.6377951413619,312.08700371883583,313.0053078796376,173200
2019-12-31,313.9977111816406,315.1386205724291,312.27246256360877,312.36522425753293,212400
2020-01-02,319.73931884765625,319.73931884765625,312.78261625474653,315.1386274588093,376700
2020-01-03,315.98272705078125,317.46682934178057,310.74201648881524,314.9438639391508,355200
2020-01-06,313.0423278808594,315.23138498740786,310.96460179211766,313.44120033748686,316500
2020-01-07,313.36700439453125,314.7212346623467,309.34139562638586,310.86260828064485,325000
2020-01-08,316.67840576171875,318.25524148845665,313.6174393976437,313.6174393976437,321200
2020-01-09,318.3109130859375,318.78394963851747,315.7972040354793,317.1700036100392,261500
2020-01-10,316.585693359375,321.49249666150683,316.26104150108165,319.41474175257036,225400
2020-01-13,319.4889221191406,320.2866105149758,316.71552544524604,317.4297367978123,203800
2020-01-14,315.6302795410156,320.7318621897258,315.23143532759053,318.7190434896535,289700
2020-01-15,314.6933898925781,317.2163551779648,313.37627004685964,317.2163551779648,227600
2020-01-16,316.42803955078125,317.89357285708013,313.62678839687214,315.98280026824455,256700
2020-01-17,315.5096435546875,317.43898491108916,313.6545228772448,315.56529491045916,483100
2020-01-21,310.22259521484375,314.3595067810897,306.43813283202064,314.3595067810897,399400
2020-01-22,307.08740234375,313.11654443175445,306.38244744140786,312.8104336738871,260900
2020-01-23,308.45098876953125,308.8127226592198,301.29022029464204,304.7592876433473,261700
2020-01-24,305.1674499511719,310.6307956971862,302.73724560832494,309.68466572985506,229600
2020-01-27,298.7857971191406,302.35691086553805,296.95850171998563,300.48324876206544,233200
2020-01-28,300.01947021484375,302.4589306753714,298.3776699304287,301.11398486651944,483200
2020-01-29,303.76666259765625,306.1876092938541,301.59617525682773,301.59617525682773,531600
2020-01-30,289.9090270996094,298.26635638237536,284.6961415441391,293.58218711312475,800400
2020-01-31,280.7447509765625,288.32290446332087,277.0437653066826,287.0428664351594,807800
2020-02-03,281.26416015625,286.1523934453683,279.56670871279874,283.55523555695396,507400
2020-02-04,285.8184814453125,290.54901694244325,285.308306230104,285.70715041710326,376600
2020-02-05,292.2371826171875,292.4319623787607,288.4249228919104,290.58612620775864,350400
2020-02-06,287.52520751953125,293.80478177293946,285.73499428151496,293.80478177293946,373400
2020-02-07,279.2872619628906,286.7144215495022,279.0542896150534,285.73592062518145,578500
2020-02-10,277.86151123046875,279.5202734417254,274.2923584361002,279.5202734417254,271400
2020-02-11,280.37762451171875,282.45574859563806,278.9052514300503,278.9052514300503,222000
2020-02-12,289.7803649902344,291.00113801923175,285.3818451996674,285.4470842931893,316400
2020-02-13,284.5617370605469,288.86709003068,284.449914881402,287.9072450743426,245200
2020-02-14,286.6958312988281,286.9567592506752,283.46217323182304,284.5711241369266,185100
2020-02-18,287.1897888183594,288.14033460566645,284.1798029959389,285.45648745871387,175300
2020-02-19,286.2205505371094,289.7617192102396,285.3352441493217,288.06567351943073,181800
2020-02-20,289.156005859375,291.0943235393347,285.23273052124165,285.23273052124165,160000
2020-02-21,282.6607666015625,287.37612580760833,282.34392754317764,286.73311969414624,200200
2020-02-24,275.8765869140625,279.60414506770576,272.64292907821647,274.1991686815159,255300
2020-02-25,265.3928527832031,276.1375389618328,264.33048496591454,276.1375389618328,291600
2020-02-26,265.44873046875,270.8536782075199,264.20000194811035,268.4680433562963,443800
2020-02-27,260.7333679199219,268.6171450287893,255.24452518257226,260.7426674762788,704900
2020-02-28,258.63665771484375,258.83234657561314,250.6224011519723,252.5141359767825,713000
2020-03-02,269.2041931152344,269.2414766512056,253.59504690066902,260.3325885284404,523400
2020-03-03,266.3899230957031,273.03429988760877,263.1842493281314,268.6730637829593,560200
2020-03-04,274.5999755859375,276.25873826644283,268.4308413176122,272.1024893473294,484400
2020-03-05,270.56475830078125,273.6306823139797,265.6443835278673,265.6443835278673,447000
2020-03-06,265.2437744140625,266.007930806543,259.0746690444146,261.51621555008023,485400
2020-03-09,238.40528869628906,263.8365464898796,234.49135570249402,250.5944048685974,949100
2020-03-10,260.5749206542969,260.61220419481816,238.9364467206226,246.45680132654627,486800
2020-03-11,255.90611267089844,262.3175157466582,250.3707162705997,254.07031801082127,597700
2020-03-12,229.42185974121094,239.32784887597862,225.73157136283,237.63180329766854,701200
2020-03-13,247.90122985839844,247.9944244944361,229.58960721789774,241.22889775204558,543300
2020-03-16,213.89659118652344,239.38377414990464,208.7432435001733,224.5853646586686,602800
2020-03-17,229.64553833007812,230.1394528807265,210.58839959856743,217.39119625667442,599300
2020-03-18,219.82342529296875,229.13300701277467,210.70023285869328,214.33459641444006,534900
2020-03-19,218.97537231445312,231.6677159063917,211.18477618080004,217.59617995189373,413100
2020-03-20,199.21934509277344,220.48507126033957,197.5698966224555,219.37612043056384,474200
2020-03-23,195.2215576171875,203.30103875088244,186.94637341071493,198.15700417230434,473200
2020-03-24,222.43270874023438,223.6255261718446,206.1153143692991,206.1153143692991,711400
2020-03-25,221.12808227539062,238.0046039083289,214.85646909717383,222.37682517641662,465700
2020-03-26,232.0591583251953,232.0591583251953,212.53607353155274,223.3925819715488,429600
2020-03-27,230.31646728515625,236.50421254093786,222.4420044336434,224.51080010893375,316300
2020-03-30,237.76226806640625,238.83394944019727,225.42404692194822,230.04622474092923,330600
2020-03-31,231.57456970214844,239.53291499004766,231.11793867103714,234.53797185727933,383200
2020-04-01,220.41049194335938,228.58315200561162,217.92234887184486,223.65346317797886,412400
2020-04-02,223.36459350585938,228.07995203689458,217.9596316351392,218.7144598447983,460400
2020-04-03,222.4979248046875,226.39323018459442,218.07144982086433,220.49436813139053,332900
2020-04-06,234.07199096679688,237.39884321025784,228.47134035394956,231.4533838231902,414500
2020-04-07,240.3622589111328,253.96785169525128,236.0103365257066,236.0103365257066,600900
2020-04-08,251.9828643798828,255.09537127055307,239.4116866563516,243.94065506379843,325900
2020-04-09,260.80792236328125,262.9885404855183,254.74131232590872,256.21371373259785,447000
2020-04-13,255.67318725585938,259.3355345713693,253.47394170648397,259.3355345713693,271000
2020-04-14,268.0393981933594,268.9153766532474,260.9290763135725,264.0136284763013,457600
2020-04-15,260.3978576660156,263.5476485025572,257.7140115463824,262.2150534375615,282100
2020-04-16,260.8546447753906,263.83667552291894,256.67043960212516,260.54710516903367,291200
2020-04-17,261.1341552734375,272.03727707438867,257.33205748443487,267.89968417631627,364000
2020-04-20,255.81295776367188,258.35699751997896,253.25956157425998,257.4810192449189,299200
2020-04-21,251.69406127929688,254.2101746011735,250.2216882090896,251.61019462710286,230100
2020-04-22,257.32269287109375,259.06532196138295,253.03599480551244,257.5277097310698,364100
2020-04-23,240.82818603515625,253.77214426984003,238.74076274772932,246.20520641390806,858600
2020-04-24,251.24673461914062,252.99869157006276,241.53646117526117,242.33787255888862,435600
2020-04-27,258.2452087402344,260.18355478893,252.05747736711388,253.78145015786373,340300
2020-04-28,266.5389709472656,268.29092740516455,263.4171645013128,264.7590589475494,406400
2020-04-29,261.5255432128906,272.7641308982869,259.60582423650175,271.8788242936177,471900
2020-04-30,256.8100891113281,258.33840150167174,253.20368139185933,257.527662208335,371000
2020-05-01,249.42955017089844,253.87465290467208,247.75213198605127,252.58864082799252,253200
2020-05-04,253.5857696533203,253.81874203150232,245.3385417778747,247.92919348569828,280200
2020-05-05,260.1928405761719,262.77419250606283,255.84093285072348,256.9032720158596,286900
2020-05-06,261.3949279785156,266.47373563747806,259.97846659257306,264.171968110945,295400
2020-05-07,261.96343994140625,268.33758905642,260.8172340737935,264.4888809263146,284400
2020-05-08,267.37750244140625,267.37750244140625,263.46212632022053,266.4127153005798,198200
2020-05-11,268.4454040527344,269.8785355149516,261.326569706346,264.72675163848544,220100
2020-05-12,259.65924072265625,268.9230976308059,259.5562187762703,268.9137216046087,271700
2020-05-13,255.78126525878906,261.86973407480275,253.18662256097915,258.94727361678565,351400
2020-05-14,259.4812316894531,259.5374306679373,247.1263179098772,251.22901485187265,281000
2020-05-15,261.13916015625,261.94469782105307,256.12787546927467,257.28935901775867,435000
2020-05-18,272.50115966796875,274.430733769853,268.81995580339355,269.16652562963935,234200
2020-05-19,268.37042236328125,274.91786073393007,268.2767478691114,272.014122927318,262800
2020-05-20,277.32513427734375,280.4442917416256,272.6791427025229,272.6791427025229,266300
2020-05-21,276.73504638671875,280.4162225864363,275.6578611319861,277.59678315632755,330900
2020-05-22,274.3651428222656,277.2314043247845,273.00693449444395,277.2314043247845,284700
2020-05-26,286.4016418457031,287.7504744278211,281.00631151723144,281.00631151723144,487500
2020-05-27,294.4383850097656,295.6841955605427,288.8932102701243,292.23716337095624,336800
2020-05-28,289.6331481933594,296.5365308360603,289.25847889191886,296.5365308360603,250400
2020-05-29,290.0171813964844,292.5087735958102,286.9916990430013,288.921273020938,876800
2020-06-01,286.5701904296875,292.78978087763784,284.724914818592,289.4926510027973,306000
2020-06-02,295.0472717285156,295.8247385859996,291.3473721857283,293.0240227136667,366600
2020-06-03,297.8667297363281,299.2530380145401,295.4688111800033,298.5692456083478,357700
2020-06-04,296.3023681640625,298.3630922642239,292.42449646613215,294.8879893632318,258400
2020-06-05,302.390869140625,303.89895115979846,299.2529883018983,302.0349518363672,443000
2020-06-08,307.5895080566406,309.4909829229387,301.12636871607435,301.9974814068179,347200
2020-06-09,305.6786804199219,308.25457176204355,303.4962105149187,305.13541409626885,243200
2020-06-10,300.5550231933594,308.04852592697813,300.4145257341929,307.9267519338857,204400
2020-06-11,286.5701904296875,295.4687221266121,286.3828414861044,292.7710574174537,290800
2020-06-12,284.5189208984375,295.4032286238278,279.53573491305974,295.3283061769887,294000
2020-06-15,283.638427734375,286.7388620360611,276.144925405622,278.31804794146666,532000
2020-06-16,290.99139404296875,294.1667503694795,286.1674582752967,293.88575550357194,275800
2020-06-17,290.6260681152344,293.8108290071789,289.55825905410467,291.2630374448865,204800
2020-06-18,285.19329833984375,290.36380402939324,283.9943392559436,288.6684016197869,262600
2020-06-19,283.82574462890625,290.0734354811044,280.99692952502943,290.0734354811044,398500
2020-06-22,283.994384765625,284.7905751362544,279.61069259251985,283.1232719463754,231000
2020-06-23,282.39263916015625,288.49045710410337,282.1584672176813,287.8160407663578,338900
2020-06-24,276.1261291503906,280.99688722882394,273.25049152927807,280.1725976162829,378700
2020-06-25,277.2127380371094,277.7560043290197,272.8945928478299,274.95531723529695,287200
2020-06-26,274.5619201660156,278.599042250182,272.7822190838226,277.0535131152629,635600
2020-06-29,284.256591796875,286.07376805763727,277.6248560572484,277.7278779739353,360800
2020-06-30,294.2698974609375,295.9372009119129,284.8093432026271,285.1559131794753,509300
2020-07-01,288.46240234375,296.75209610986167,288.0409099332033,294.55087379218446,396700
2020-07-02,297.40771484375,298.1476775304776,290.7947021004549,293.37059322408925,311800
2020-07-06,301.7914123535156,303.6741637778794,299.73068797931444,302.26913222786226,318700
2020-07-07,300.53619384765625,304.22674493060896,298.6253433198563,299.01876465236353,334300
2020-07-08,289.2210693359375,300.320825007932,285.5398933000064,297.49203826376987,457400
2020-07-09,289.4270935058594,293.117644951093,287.50689535254253,290.6448045418725,266200
2020-07-10,291.3285827636719,291.44100929349867,286.15807722374217,289.6612798892228,259100
2020-07-13,299.2998046875,303.83336949879475,293.54855736120476,294.47586899054454,581900
2020-07-14,306.8495178222656,307.07431372117355,298.5785780732932,299.1874193564621,403300
2020-07-15,312.4977722167969,313.8091293901426,306.14703021939755,310.23100379975125,390100
2020-07-16,312.21673583984375,316.51612874348996,309.66894427633804,312.422808267239,226300
2020-07-17,309.35980224609375,315.0267793569282,308.8821110099129,313.8278203766676,824500
2020-07-20,309.79071044921875,310.98029344966915,305.0229738383303,306.2219328624296,308100
2020-07-21,315.9635314941406,317.7994315546122,311.9826083953236,312.2355038073126,360800
2020-07-22,317.49029541015625,321.12461953772015,315.260974194318,316.2819603186717,315500
2020-07-23,317.21868896484375,321.377585020573,305.9597120704446,317.4809604014464,519000
2020-07-24,319.77581787109375,325.45214287313496,314.77388055046174,317.57459612614133,395800
2020-07-27,318.2771301269531,324.19697482486026,317.82750972813045,319.45733722252123,385500
2020-07-28,312.52581787109375,316.9657366162735,312.40404390714514,316.3849662816387,358900
2020-07-29,319.1856689453125,321.4524368813321,313.9870357244452,313.9870357244452,488300
2020-07-30,318.2771301269531,318.9234469441303,312.01068695897635,315.0361700164746,239500
2020-07-31,319.906982421875,320.0849553902828,313.94028572388333,318.6518242031442,478200
2020-08-03,320.30975341796875,323.9441066707745,320.2348309712517,321.20899429123256,197900
2020-08-04,317.08746337890625,321.2089115224131,316.31940130255805,319.44793433117576,259200
2020-08-05,322.6047058105469,322.8857007661765,315.57954606532405,318.8766774149873,275400
2020-08-06,324.6465148925781,324.9181622695733,321.5367055541266,322.60454301756255,294300
2020-08-07,328.7109680175781,328.8332819172835,323.06592313652664,324.96641124342807,197600
2020-08-10,331.24188232421875,332.81307064217174,327.3373980986153,327.88307321982245,248400
2020-08-11,332.0416259765625,335.673258538089,330.61152924792873,331.2419053657643,369000
2020-08-12,334.7606506347656,336.8775429905072,331.90048581248374,333.7069132560802,186500
2020-08-13,331.24188232421875,333.86680791911476,329.783561614867,333.0106679157391,120900
2020-08-14,330.59283447265625,333.3589103078057,327.7514752515142,330.4705205045675,147800
2020-08-17,331.08197021484375,333.25531081204673,327.9489820527042,329.4449159240133,270900
2020-08-18,332.35211181640625,334.33727271518467,331.33601608243356,331.98517001301616,217000
2020-08-19,330.0752868652344,334.47844525308176,329.5013875475969,333.8857107367065,125400
2020-08-20,333.29290771484375,334.61007930705915,328.38171679000766,328.8615548641026,164100
2020-08-21,331.75,334.42201426063525,329.9059592971428,332.3427345468242,176600
2020-08-24,328.5040283203125,332.794260739311,325.5591915638632,331.4864780418465,322700
2020-08-25,333.6974182128906,334.45010810311675,329.86818914938135,330.3574447560742,296500
2020-08-26,340.1045837402344,344.0279031110177,331.3924161209919,331.3924161209919,501800
2020-08-27,341.02667236328125,344.58305054878514,339.82239691189875,340.03880069982694,226200
2020-08-28,344.3290710449219,344.8465222175381,339.6624780427403,340.1046745530867,215800
2020-08-31,343.8115539550781,347.50905256212656,342.25917189302334,343.40699917574227,310000
2020-09-01,345.68377685546875,346.003659316695,341.4029335239425,342.70129856268704,178700
2020-09-02,348.58160400390625,349.87055162988935,345.38275022242175,346.60583208492795,226900
2020-09-03,338.81573486328125,349.8235885997689,336.3130937777083,349.8235885997689,169600
2020-09-04,336.8963317871094,342.63546761490477,330.8655662592218,340.5844411310629,232200
2020-09-08,329.4448547363281,337.3761366744588,329.0779130015333,337.1785681238232,378500
2020-09-09,339.9071044921875,341.9205184237061,332.3521508734736,332.3521508734736,228300
2020-09-10,330.5361633300781,338.93786393375154,329.7270253935461,338.93786393375154,229700
2020-09-11,334.16796875,334.87359964625176,330.1976177586024,332.00404548637255,210800
2020-09-14,333.3775939941406,337.4232274911108,331.787570419091,337.4232274911108,202000
2020-09-15,333.66925048828125,337.46083851957604,333.66925048828125,335.3815879765275,205500
2020-09-16,335.6073913574219,341.33710970929235,335.02407452044497,339.72827960856745,331000
2020-09-17,334.4031066894531,338.3734568217327,329.3696016429189,332.70960438977266,312900
2020-09-18,330.31988525390625,336.3036493429454,329.0873857587593,333.59402248845146,466000
2020-09-21,321.363037109375,328.59810601752736,318.0324522424508,326.283616701906,388400
2020-09-22,323.34820556640625,324.75007808348136,318.75689721084154,321.3912690554736,376100
2020-09-23,319.02972412109375,324.77827671232103,318.1265249339169,323.197642244531,430300
2020-09-24,322.21923828125,326.6411737850183,317.29862948027534,320.37516923551226,246600
2020-09-25,326.8481750488281,329.47312961791215,319.69777732592485,320.9867536827485,246900
2020-09-28,332.7471923828125,335.9084038220974,330.63030049366085,330.63030049366085,156000
2020-09-29,331.25128173828125,333.4904878790517,328.4287587801043,332.6625432173697,115100
2020-09-30,335.6638488769531,338.4863720084945,332.69078773293336,335.0146662597234,335600
2020-10-01,336.8492431640625,338.8532387374989,331.9756945274079,336.98097466287226,254900
2020-10-02,338.1288146972656,340.6032020718586,332.55902410286126,334.10198820227356,162900
2020-10-05,349.2025146484375,350.6325824913493,340.5185427364404,340.5185427364404,193600
2020-10-06,345.9566650390625,352.0439079672617,345.61797603255314,350.40685367808436,315600
2020-10-07,354.13250732421875,356.8609401787352,348.88262776068365,349.5318102755543,200200
2020-10-08,363.15521240234375,366.14710863656364,354.12316167260445,354.4430441706654,468800
2020-10-09,362.6189270019531,369.1389478121708,360.4549756169747,363.80436705969197,417300
2020-10-12,365.6673583984375,369.3084093894911,362.9671486438193,365.55446204401665,265500
2020-10-13,361.4335021972656,363.47511120249624,357.6230787070797,362.6848081638079,296100
2020-10-14,363.3904113769531,367.8688236351948,361.06653300499005,363.7197114627982,246600
2020-10-15,362.8353576660156,364.5194712428365,358.9402905154242,358.9402905154242,193900
2020-10-16,360.85015869140625,367.2855075702374,360.1068862753573,365.2156459225776,432900
2020-10-19,352.5707702636719,364.27483536786696,351.2912402016472,362.52488477500555,312200
2020-10-20,353.605712890625,358.7333083315246,352.42966152456466,355.60029141351265,248400
2020-10-21,351.34765625,357.0397326679092,348.60980556534696,353.3610410075893,442600
2020-10-22,340.603271484375,353.3892980923461,331.89110276033506,349.3907235723245,597200
2020-10-23,339.6718444824219,346.05074567827563,338.7027793455597,341.68525811927185,346600
2020-10-26,339.9071044921875,340.0952842153518,335.0429428991167,335.8050506793959,415600
2020-10-27,336.4823303222656,342.46606425654835,336.31295715054944,340.86662335069644,289900
2020-10-28,331.6934814453125,337.3949755804944,330.047009703353,331.7217055266871,528600
2020-10-29,329.3978271484375,333.5939986610896,327.6949072435794,331.18544800961547,306700
2020-10-30,329.31317138671875,331.1101812235053,324.59015968936626,328.2312099301922,382700
2020-11-02,341.74163818359375,341.80747522297077,333.28345927174,333.28345927174,283600
2020-11-03,349.259033203125,351.9122119877908,345.0346658651783,345.0346658651783,230800
2020-11-04,352.54254150390625,356.8892225572301,347.01039154069764,352.77775176620463,375200
2020-11-05,356.42816162109375,361.0476938662519,354.6029279857462,357.4160617892769,304700
2020-11-06,369.0110168457031,371.48601121438753,356.55100058412387,357.5617895296908,327400
2020-11-09,366.7344055175781,389.075517322353,366.7344055175781,380.84757046671086,406600
2020-11-10,382.094482421875,383.2941852049053,367.36729833394094,368.51975101817544,420200
2020-11-11,381.06488037109375,384.85293214966663,377.38069810871355,382.58576302340003,286000
2020-11-12,376.1336975097656,381.07423000913684,372.7896071505872,381.07423000913684,198300
2020-11-13,380.9892578125,386.36435344669076,377.86244835862175,377.86244835862175,214800
2020-11-16,391.5882568359375,392.00390778892336,382.2267122656752,384.2482899759803,325500
2020-11-17,387.7435607910156,390.0485241362024,383.0769570371226,389.6423289047733,245900
2020-11-18,392.0417175292969,397.26566434589256,388.71650977455556,388.71650977455556,310400
2020-11-19,399.4573059082031,400.609787622503,388.7543638732158,390.1996867025033,290500
2020-11-20,386.6477966308594,396.1321535764369,382.80306755302155,396.1321535764369,417600
2020-11-23,391.8905944824219,393.24144580596646,385.3441345342133,388.5842980849084,241100
2020-11-24,397.2750244140625,400.5057602538849,392.24947697122,393.3263696987541,324700
2020-11-25,391.6354675292969,398.3519866070123,387.50732546684316,396.88778135440725,507400
2020-11-27,391.6354675292969,395.5558129494829,390.9269755370145,390.9269755370145,140600
2020-11-30,395.1496276855469,395.5747344540184,388.8015376594924,391.0876180631967,565500
2020-12-01,390.27520751953125,404.21831097059095,389.92566057109883,400.8458820121146,346800
2020-12-02,384.7773132324219,392.4101215117258,383.6153759004583,388.9337941302058,254300
2020-12-03,380.3940734863281,387.6868190040502,379.43053473873914,382.65181517786317,256400
2020-12-04,382.368408203125,384.89065247012593,379.86507550690453,379.86507550690453,226400
2020-12-07,382.5857849121094,386.45888133990684,380.04465726899605,380.16746719525094,228000
2020-12-08,384.1632995605469,385.5424893611066,380.6963990729837,380.6963990729837,215300
2020-12-09,388.46148681640625,390.0012808887172,385.2402060209679,387.43181511565115,245800
2020-12-10,380.0540771484375,385.72201416717235,378.3347960005528,385.72201416717235,254500
2020-12-11,381.197021484375,383.4169687741432,377.8623870716125,377.8623870716125,265600
2020-12-14,378.29693603515625,383.42644005672867,377.8624023444719,377.8624023444719,241300
2020-12-15,383.1524963378906,385.4952248713519,379.3266220712513,381.1781686698692,207400
2020-12-16,383.88934326171875,385.72197836730754,379.7895393247816,382.85021580567116,255900
2020-12-17,387.3468322753906,388.3292539565264,384.5128637049825,385.02295729105026,259100
2020-12-18,387.7435607910156,388.9243809953688,382.1606394053998,387.7530165778083,536500
2020-12-21,388.9905090332031,391.0971026300095,379.3739163267933,382.5857414771744,317400
2020-12-22,387.6207275390625,390.84200832202305,387.30900370847377,390.56807880771123,262500
2020-12-23,387.9325256347656,389.5573354815781,381.11210659308557,387.40352045939596,321100
2020-12-24,392.57080078125,393.01479036742734,387.6585767992293,387.6585767992293,152800
2020-12-28,391.37103271484375,399.17390176494564,390.98374906123973,395.1969074322353,203700
2020-12-29,384.73956298828125,393.5909866707454,383.1430917579125,392.6369035444307,202600
2020-12-30,384.314453125,387.09174454340064,380.6586383961264,384.6167500152546,179900
2020-12-31,385.7408142089844,386.22259797743976,380.04453987958846,383.2658201873574,223500
2021-01-04,371.9300231933594,388.7165527207122,369.52116152506426,387.72467528755965,432700
2021-01-05,373.0068664550781,376.68159225234047,371.18368723464266,371.18368723464266,381800
2021-01-06,375.1889953613281,379.0053844292725,372.61953016789687,373.989263921619,377900
2021-01-07,377.8719177246094,378.70321975345166,369.73841324051466,376.20931366692486,319900
2021-01-08,374.7261962890625,381.7922347000244,366.8383116366135,381.1404196474067,418400
2021-01-11,370.03125,373.9138017417325,369.43611201685275,371.948900818687,336600
2021-01-12,379.4305419921875,380.29960939009,369.2093568954473,371.8354994885584,350600
2021-01-13,366.9894714355469,379.90293414621925,365.96925544214605,379.2511190734341,400400
2021-01-14,362.1811218261719,370.38072937652095,360.868064914723,368.0096623074289,323100
2021-01-15,367.1501159667969,368.6615717917293,357.4295947015013,360.858701635909,852500
2021-01-19,372.6573791503906,373.5453581989878,367.15004672045575,369.8612051402425,340300
2021-01-20,371.2120361328125,374.1404756755992,366.83827397578085,374.1404756755992,307900
2021-01-21,369.5021667480469,374.01762100744446,368.15131566692725,370.3051300662087,316600
2021-01-22,371.7127685546875,373.93271644799455,365.1757636251512,368.1419691792094,248400
2021-01-25,366.46990966796875,372.9313542838913,365.28908947875885,371.6749742871639,306500
2021-01-26,355.84246826171875,368.1513346957129,355.6724371018687,366.5454079763831,346300
2021-01-27,349.95721435546875,353.8397650699786,340.9924391481973,353.1312731496077,636400
2021-01-28,351.3270568847656,355.8519677179499,348.3986171817496,350.646903333282,660000
2021-01-29,344.22320556640625,353.30133567475343,340.9641309117583,349.33376903680045,460800
2021-02-01,349.82501220703125,352.01662101688055,346.00859394555056,346.86823435360213,395500
2021-02-02,352.4606628417969,357.4012251726982,349.50391313591894,354.0571341346813,419400
2021-02-03,345.8479919433594,351.36480831459176,336.5148149435925,348.34189760393946,661700
2021-02-04,351.412109375,357.4201090201255,345.74417212701616,348.03025283496225,491500
2021-02-05,348.9742431640625,353.88776328805244,345.9578377394669,352.3985502492593,431700
2021-02-08,359.322998046875,362.27302638106676,350.4350205412876,350.4350205412876,395300
2021-02-09,355.41497802734375,359.7119419338186,353.66963586785,358.55470073649747,325300
2021-02-10,356.8946838378906,358.3744309088865,353.81187261537065,356.4488607493424,357100
2021-02-11,354.9028015136719,361.54270436312385,352.901358978223,359.65508410203694,207600
2021-02-12,352.93927001953125,356.53431113296324,351.3741558978966,353.2807657802157,206300
2021-02-16,350.6342468261719,355.5288066193764,350.6247809363286,354.40002096631713,222100
2021-02-17,353.03399658203125,354.3240493713975,348.12047744455907,348.8888064277378,209600
2021-02-18,356.4583740234375,357.9191314974967,350.6437128467238,350.6437128467238,200600
2021-02-19,359.8827209472656,363.82872374419503,357.61568350427314,357.90973402264024,228600
2021-02-22,357.92864990234375,361.4667794656404,356.1263966114353,359.4083971473149,191900
2021-02-23,360.0534362792969,360.85971592852945,350.2643450653264,359.84475247535056,284300
2021-02-24,365.73529052734375,367.4331874628739,359.0289826360786,360.3285016668321,314700
2021-02-25,360.4138488769531,369.16904379107973,359.6550145628079,365.2230416726427,239400
2021-02-26,353.53680419921875,362.7473169722063,353.53680419921875,361.73235365341463,368900
2021-03-01,367.8695373535156,370.8195369689276,356.7714042083815,356.7714042083815,256900
2021-03-02,365.8206787109375,367.6134372830959,362.96551145238965,366.38981898458405,205200
2021-03-03,367.8221130371094,373.1909516934744,366.32340499871987,366.88305042212943,280700
2021-03-04,359.4558410644531,370.13657778590687,356.1833064302979,370.0796666572846,391000
2021-03-05,378.57879638671875,379.40406578544105,358.27967025767,361.99802865450187,489200
2021-03-08,377.98114013671875,385.3040039763264,376.67212637287,379.2901249528947,357100
2021-03-09,368.4671936035156,381.58573184452115,367.9075191724349,380.60871872134925,404400
2021-03-10,375.5434265136719,378.44601032728656,366.7123579585763,370.6678267673919,299300
2021-03-11,366.7786560058594,375.543316005295,366.24743729747547,375.543316005295,338900
2021-03-12,374.6897277832031,375.13555099043657,366.49417664112764,366.9684554170066,298200
2021-03-15,379.1764221191406,379.57482906530817,372.82110329356834,374.77512971805436,230700
2021-03-16,369.4250793457031,379.12882993176964,367.6607768469648,378.6545513313344,285000
2021-03-17,379.4704284667969,380.2387577506255,368.7137895455173,371.0757174806929,320000
2021-03-18,383.7957763671875,387.71332286328305,379.0435237172265,379.77390245723615,316100
2021-03-19,379.9351806640625,384.6684727216936,373.4280619917764,384.6684727216936,680000
2021-03-22,379.1478576660156,381.007050950641,374.14897075507463,380.9121894242542,312500
2021-03-23,374.02569580078125,382.0220283707817,371.93885777587724,377.1369631621165,215200
2021-03-24,375.050048828125,380.115340851366,374.41450276100767,375.99860603729377,236400
2021-03-25,377.136962890625,379.09098897268444,370.0132869924022,375.3252146402346,222700
2021-03-26,378.82537841796875,379.508340929497,374.6612263285418,378.35109970017623,378100
2021-03-29,379.5842590332031,383.2551718445775,376.63423022130553,378.6262067163463,229700
2021-03-30,378.161376953125,381.50028845245026,377.21281958935003,378.71152748713814,189400
2021-03-31,380.30511474609375,382.2212192372901,374.7181266642354,377.75349300206136,426700
2021-04-01,385.4463195800781,386.3569266125139,375.83742812994825,381.5192779034961,259300
2021-04-05,386.67938232421875,387.06829429573565,382.4014085328769,386.7173327220348,258300
2021-04-06,387.4192810058594,393.916904802103,385.3040165900405,385.3040165900405,260900
2021-04-07,378.22772216796875,389.51557700597607,377.288659720041,389.51557700597607,269900
2021-04-08,377.44049072265625,381.57618722561415,376.0176545766097,377.5448181451488,318400
2021-04-09,380.9596252441406,380.9596252441406,375.7710150144233,379.3945112953782,304800
2021-04-12,385.0858154296875,386.04386758383225,380.9595853081033,380.9595853081033,165100
2021-04-13,379.5652160644531,383.6060796200938,376.87131667658366,382.7144333993874,259000
2021-04-14,379.8592834472656,385.25657730014785,378.35108067424864,378.5408037308954,161400
2021-04-15,383.64410400390625,383.7484314371618,378.8918215225791,380.41898524867,158100
2021-04-16,385.9490051269531,387.25801885385084,380.8552569748117,386.0154110864733,227000
2021-04-19,387.94097900390625,388.00735601536525,383.7483429573905,385.11426779938927,187300
2021-04-20,392.418212890625,392.7596796640325,388.2160815555838,389.6863629126657,308200
2021-04-21,402.2262878417969,405.7643884158817,393.61337044251565,393.6513208438495,388700
2021-04-22,397.5594787597656,404.5503440283908,397.1231503448837,404.0665993099477,332300
2021-04-23,401.7710266113281,403.620725380899,396.98082264577295,398.39416410756405,169400
2021-04-26,398.1949157714844,404.8917286445099,397.83445933082544,402.14091799670274,186700
2021-04-27,401.5433654785156,402.06506052136683,394.97933488026234,398.394147649652,192300
2021-04-28,400.4999084472656,405.4987955473356,399.8548963597098,402.8713019582869,269200
2021-04-29,407.7847900390625,408.49620803597213,402.0934460637855,403.63010430548275,268500
2021-04-30,411.2376403808594,429.52582843334073,409.7958144062232,417.3653139300275,647800
2021-05-03,421.045654296875,423.05659131003927,415.1551210747902,415.9993220898606,249000
2021-05-04,432.86474609375,433.3769752727874,420.87499379208623,423.6922108552732,312300
2021-05-05,436.8675537109375,437.2564656829449,432.8741355289992,432.8741355289992,291400
2021-05-06,435.3879089355469,439.5995067103455,430.9960829131305,438.8121877449254,343200
2021-05-07,443.2507019042969,445.0973943917556,431.9038370465998,433.1222897987507,226500
2021-05-10,451.4181823730469,456.7965088219618,445.9065735700757,445.9065735700757,293100
2021-05-11,440.4520568847656,450.1140097076111,437.8818690766253,449.48574093117224,273500
2021-05-12,432.3607482910156,441.9560596516891,431.78959223438187,441.9560596516891,245400
2021-05-13,442.7366943359375,444.60244390884725,431.9228998669954,432.36080269396376,215000
2021-05-14,444.6024169921875,445.06884709462497,440.85186113734875,444.5833891074655,208200
2021-05-17,444.6119689941406,446.91559232628464,439.89996728261673,444.5453278187776,238900
2021-05-18,432.9033508300781,444.61194917768586,432.57020306852587,443.72667320231574,229000
2021-05-19,434.2741394042969,434.8452955366089,425.6021876219232,430.82820377463156,256900
2021-05-20,432.8748474121094,436.7301297621192,432.05621250902465,433.3603345129025,186100
2021-05-21,434.48358154296875,438.61489890385377,433.62686183176186,434.6644481436935,408900
2021-05-24,437.8913879394531,439.6619397749615,433.44592236663135,436.75860428332305,152400
2021-05-25,438.6624450683594,439.4906082974669,436.67294181504684,438.1293738162854,181000
2021-05-26,438.4911193847656,441.1469472533075,434.98804227877514,437.9961038865272,160000
2021-05-27,437.0441589355469,443.3077895014042,436.787151785658,442.6414359347544,393800
2021-05-28,439.9380187988281,442.01319114429214,439.44303235547676,439.7857085739035,144000
2021-06-01,440.4139404296875,446.8679367874089,439.20501624910906,444.8593767304733,166900
2021-06-02,439.4429626464844,444.04070881559744,438.1388119993583,440.32823845386014,185700
2021-06-03,441.17547607421875,442.3558729923373,435.3307203844871,437.8818511539439,156900
2021-06-04,442.308349609375,444.3359380237775,438.91952648349803,443.49824618588264,153500
2021-06-07,437.70111083984375,442.64156417040783,436.9776443636265,442.64156417040783,254600
2021-06-08,440.2425842285156,441.28017027157335,434.1598206598014,437.6819251767654,123500
2021-06-09,436.5015869140625,441.4420391266237,436.4920874969332,441.4420391266237,140100
2021-06-10,437.4534912109375,440.4710811967579,436.4064056422356,439.043205548305,133200
2021-06-11,437.1203308105469,440.49009632718395,436.025602938265,439.13839035389884,141100
2021-06-14,432.9319152832031,436.9870917046166,429.4193386182167,434.5121012640816,193800
2021-06-15,436.6634521484375,436.81576238402164,429.39079091288295,432.7701143488535,156200
2021-06-16,427.3536682128906,437.4439953541163,427.11568893621177,437.4439953541163,191900
2021-06-17,419.7669372558594,428.2294662272946,415.98782473413814,428.09621292273283,250300
2021-06-18,415.5403747558594,418.06294928664806,412.1801085204606,413.3319200891971,365400
2021-06-21,423.6886901855469,425.611551868428,418.1866116571064,418.1866116571064,200900
2021-06-22,421.2900390625,424.288572694998,419.3957039144986,423.60319108898045,197600
2021-06-23,423.0605163574219,426.31608567211964,417.2919009657652,420.66169568620586,262500
2021-06-24,420.3760986328125,424.9929024003227,419.40515364416063,424.6502261867531,227000
2021-06-25,421.64215087890625,424.79299406831547,421.1090796417388,422.2989759836668,314200
2021-06-28,422.4227600097656,423.4698456252552,418.8435422616457,421.4137301637881,141700
2021-06-29,426.7540283203125,427.19190212976696,422.20386493885786,422.7464647539571,161300
2021-06-30,416.939697265625,428.7244358226725,415.759329336555,427.42031402035394,505000
2021-07-01,423.4507751464844,424.3551079600303,418.64360568551575,421.3375181429059,279000
2021-07-02,425.2308654785156,427.5726023828579,421.8230151558325,423.2794471084339,188000
2021-07-06,425.85906982421875,429.9903857901241,417.69163539488875,428.10560887192435,307000
2021-07-07,436.92999267578125,437.3488385657615,424.0600826524255,424.0600826524255,214500
2021-07-08,428.0771179199219,434.20746617360453,426.2208680136837,432.36074473412975,190200
2021-07-09,434.8642883300781,435.8542902761809,431.67538919490414,433.85525849950994,154900
2021-07-12,435.69244384765625,436.3397404672937,431.0946682444778,431.8086060294258,144400
2021-07-13,433.2936706542969,437.158452220528,431.58975975676594,435.3879001459429,202600
2021-07-14,435.20697021484375,437.12983224991217,431.7800629318771,435.5591748848619,200500
2021-07-15,435.7020263671875,438.8338421818932,432.9414722155643,432.9414722155643,212900
2021-07-16,431.39935302734375,437.6439274605677,430.55213278538696,437.1489409805683,174100
2021-07-19,427.90576171875,429.40027852866524,424.4788834198572,426.9062603899403,213800
2021-07-20,437.4344177246094,438.11027066036235,430.15225848670366,430.15225848670366,180700
2021-07-21,435.7210693359375,441.8704462986635,434.1123269479015,438.9956668198515,189700
2021-07-22,432.5796813964844,437.80572603705974,431.54209524203253,435.8447500820813,118700
2021-07-23,436.6063537597656,437.2441220263446,432.03713369301687,436.1208666835578,148400
2021-07-26,434.7595520019531,436.11128698187184,431.3421733117745,434.9689749129207,225200
2021-07-27,434.2455139160156,436.7205040618644,430.2284227935804,434.15984486733896,170800
2021-07-28,432.24658203125,435.7401312011263,426.8777837239798,434.09330386270574,192900
2021-07-29,439.0527648925781,439.54775136077905,432.90335908462515,434.87383459011664,287200
2021-07-30,423.2033386230469,431.41838875811584,410.93314094492655,410.93314094492655,506700
2021-08-02,418.995849609375,422.7939896817938,417.73931201918043,418.7197855061795,291600
2021-08-03,424.5074462890625,426.363667221098,418.26287237935645,422.92726040243133,308700
2021-08-04,418.22479248046875,423.59358993114193,416.3780709436593,422.5369758720443,257900
2021-08-05,418.13916015625,422.97488676852583,416.97782000583067,421.2043347139005,306100
2021-08-06,419.142333984375,422.00865643292695,415.6836428950273,420.59459352818834,196300
2021-08-09,418.22509765625,418.72191635856626,415.9511439643527,417.4989533424708,165700
2021-08-10,423.0118713378906,425.5342491700892,417.86206033376294,419.62963173254354,182600
2021-08-11,425.5438232421875,426.8909692105726,422.0373424185862,423.5373915828982,209100
2021-08-12,418.5499267578125,426.8909056531975,418.39705274238764,426.8909056531975,213000
2021-08-13,419.142333984375,421.56916182164946,417.871581370516,418.664613576283,166500
2021-08-16,420.47039794921875,423.11698777418127,414.9384164014174,416.80150857096646,181500
2021-08-17,416.5149230957031,418.7219893205978,413.5912761703168,418.0436344216339,216200
2021-08-18,409.27252197265625,417.73774086210244,408.81392914498656,414.05928871559126,238800
2021-08-19,410.5147399902344,413.10397666126516,404.49544483442617,405.54643565443166,192000
2021-08-20,411.7854309082031,416.0562525526373,411.5847964995725,412.4924769443728,528000
2021-08-23,413.0849609375,416.44810307624425,412.4257042530284,414.0977261598988,234100
2021-08-24,411.7854309082031,416.3142402357595,411.565698179902,413.9733985566892,200000
2021-08-25,416.4002380371094,417.3652134678642,411.55614593216836,411.71858370599324,181300
2021-08-26,409.7025451660156,415.4065276027406,409.22482479160897,415.4065276027406,336600
2021-08-27,412.8746643066406,414.4893616958261,411.60391163201376,412.23450609977925,139800
2021-08-30,415.2345886230469,418.9799003309358,413.0370572295983,413.24725537753267,161400
2021-08-31,414.3747253417969,417.5085702923102,412.4447160845059,415.21548883185585,397800
2021-09-01,410.1039123535156,414.6613549980665,405.73754039634593,414.6613549980665,306000
2021-09-02,415.99896240234375,416.6199931563535,411.77592994888386,412.0338884953285,269500
2021-09-03,410.5052185058594,414.5563081601729,409.7886377581507,414.47029281163196,226900
2021-09-07,402.6705322265625,410.3618189156698,402.62274269246444,410.3618189156698,317800
2021-09-08,399.5176086425781,403.1100757762907,395.73407082248787,401.1896302265306,357600
2021-09-09,397.9794006347656,401.9922353232858,397.1003820890449,399.8807188863116,275900
2021-09-10,396.72772216796875,400.09086352697875,396.18311387528007,399.2309725772153,217400
2021-09-13,394.826416015625,399.1736899116964,389.9059008653415,399.1163657862752,295500
2021-09-14,391.6161193847656,396.9283684375287,389.7243359126084,396.9283684375287,365600
2021-09-15,393.7562561035156,396.3550562344253,389.7338585173272,391.34855579486333,283800
2021-09-16,390.8326110839844,394.3772882857187,390.2211441343708,394.07156938978153,232300
2021-09-17,384.5458679199219,388.9504365189198,384.09680952595147,388.4058282024092,475800
2021-09-20,386.1700744628906,386.8388947187488,378.5265476884683,379.5488763924051,275100
2021-09-21,383.3897399902344,388.5204818553668,383.09355565888427,386.647796792826,196500
2021-09-22,384.2591857910156,387.10640995956805,383.34197075890927,385.7401365713098,168700
2021-09-23,385.415283203125,388.3007039589885,384.4311511751952,385.65414340615894,155500
2021-09-24,387.2879333496094,388.6159808969722,384.5075971281506,384.5075971281506,139000
2021-09-27,390.030029296875,394.7690073154716,386.762409059194,387.6032015955675,222300
2021-09-28,384.7846984863281,391.4918826601313,384.38340050569053,389.00773065429075,230600
2021-09-29,383.8388977050781,388.99830296484583,383.5427132970672,387.28805523380805,152700
2021-09-30,375.54559326171875,387.0299822434946,375.49783288039555,384.64138002249564,273800
2021-10-01,380.5043640136719,383.5999834073727,373.7302910760489,375.679398807293,216900
2021-10-04,379.52978515625,383.13178671914187,376.1761783908995,379.0042751860553,249000
2021-10-05,384.3069763183594,387.6605538111212,379.52977215877934,382.1476707077523,197000
2021-10-06,391.06195068359375,391.7021089192362,380.991624540266,382.033051627601,259700
2021-10-07,397.6926574707031,403.7214864073408,394.87412468891074,394.99833665446636,288000
2021-10-08,398.6481018066406,400.4061093433085,395.83910358018795,396.0015413422296,167800
2021-10-11,395.4378662109375,401.65779551498787,395.2276680562736,400.17684469330203,180600
2021-10-12,402.36480712890625,407.7534783247637,395.46652307183206,395.5525092488268,263600
2021-10-13,402.8043518066406,404.95409397186637,399.10679994769134,403.8457789566429,218300
2021-10-14,408.3458557128906,409.08153462887094,403.9603568013559,405.22154564966996,198000
2021-10-15,409.9319152832031,412.19633475732405,409.38733611839507,412.19633475732405,221100
2021-10-18,411.67083740234375,413.11356256711525,407.1420566304699,407.1420566304699,179000
2021-10-19,416.8779602050781,418.3493181259233,412.1676437950894,413.94474978691835,169000
2021-10-20,417.6614074707031,418.94169465040477,416.50530310314366,417.74739364421976,120900
2021-10-21,418.2919921875,418.86526252866526,415.63586779258384,417.0976911257978,123600
2021-10-22,417.56585693359375,422.16152486589533,417.2887709364066,419.8111486534085,143100
2021-10-25,416.4097595214844,420.34620019021435,416.2186888522337,417.5658639066193,199500
2021-10-26,411.4510498046875,416.62952273439845,411.30771035511793,416.62952273439845,184700
2021-10-27,405.61328125,412.4924666661813,403.1769188755446,411.61344830165956,288800
2021-10-28,411.5657043457031,412.511581444015,406.28211768251555,407.79170137582327,248700
2021-10-29,442.47418212890625,445.3405045757847,425.17116295363195,429.50887242074174,666000
2021-11-01,447.0699462890625,451.00635837423755,440.47738034688234,444.280045859847,274300
2021-11-02,449.9457702636719,453.5955614526816,447.2227579020758,449.43938775948146,243000
2021-11-03,453.29937744140625,455.40135905905856,447.8055923329088,449.4202897669822,274700
2021-11-04,458.4491882324219,462.4620516231298,452.88854442690166,454.302578279486,269600
2021-11-05,453.3872985839844,463.5301219227975,452.74500110563133,459.4845020993422,219000
2021-11-08,455.3143310546875,455.8320251384265,448.9774570532394,455.8320251384265,191900
2021-11-09,462.207275390625,463.1947122325826,454.8925599977112,454.8925599977112,275100
2021-11-10,461.1335144042969,463.99995102062366,457.9411016634181,462.97415898337323,124000
2021-11-11,464.5846862792969,464.7380781891039,457.1837241125871,460.6253728049325,178000
2021-11-12,469.5890197753906,470.9695178124057,463.7506769030849,466.37747333112287,120100
2021-11-15,464.402587890625,471.0749753928748,464.2395998355747,470.06834641960006,189600
2021-11-16,469.6752624511719,473.7975637245354,465.4091361571567,465.4091361571567,147100
2021-11-17,466.4732360839844,469.7519256624942,463.2808532171435,469.7519256624942,151000
2021-11-18,462.3414001464844,467.9305065093103,461.1430532384276,467.9305065093103,161500
2021-11-19,462.67694091796875,465.4091777065667,460.0118185774647,463.39594905936207,213600
2021-11-22,472.3883361816406,475.29312782443,461.9004020342657,464.1916552929672,279900
2021-11-23,477.4214172363281,478.3800947809794,468.9850665460038,473.09777214786556,209100
2021-11-24,477.84320068359375,480.3453348381945,475.84913516152653,477.43097639288794,215800
2021-11-26,469.31103515625,475.25481865471363,467.88258565406954,471.726892148417,172800
2021-11-29,475.10137939453125,477.3255182011959,468.56322112328075,473.874273373012,169300
2021-11-30,461.5169677734375,473.2799309049179,459.8584450619209,472.5801150101327,510800
2021-12-01,457.5384826660156,469.33980163122135,457.183776633564,466.5788054505444,305700
2021-12-02,467.8442077636719,470.89279513754497,458.43958399751585,459.4941058234297,190300
2021-12-03,471.1324768066406,471.79396662759007,463.07959159186163,469.47395418568516,300700
2021-12-06,479.29083251953125,481.56289353573067,472.3979388865334,474.6220484733541,297500
2021-12-07,486.7397766113281,489.3282177508115,480.9685481770093,480.9685481770093,200100
2021-12-08,484.8032531738281,486.61513854651906,479.86604034093625,485.39762857922426,182200
2021-12-09,482.7420959472656,484.6498842742736,481.5054229024003,484.6498842742736,231300
2021-12-10,492.4438781738281,493.33544126914546,482.4928298318522,486.75892735334213,187900
2021-12-13,485.9057922363281,492.7603318573587,483.95008156008777,492.7603318573587,216300
2021-12-14,486.7781677246094,488.01484081520044,481.8121953157181,484.726583532402,151900
2021-12-15,492.71234130859375,494.0353210161104,484.8607697892164,490.22934069433154,195800
2021-12-16,487.3245849609375,495.0131689924115,482.76129935365145,494.83101790287174,267300
2021-12-17,472.5226135253906,489.29947142662536,470.5477107650198,486.7973076919659,588500
2021-12-20,469.1095886230469,470.45176035779724,460.36645561450763,468.3426584230567,269700
2021-12-21,476.2614440917969,476.932500845199,470.36558281456564,472.1583052116301,256600
2021-12-22,478.5430908203125,480.1153068063822,476.66406173675466,476.8366459326241,229900
2021-12-23,482.2243957519531,487.4300077401444,479.3196039941183,479.3196039941183,223800
2021-12-27,494.8214111328125,495.10900267794113,484.91825625216484,484.91825625216484,147000
2021-12-28,499.34637451171875,499.61483231397733,495.089843817451,495.52126042077543,155200
2021-12-29,503.67962646484375,505.280601635552,499.3463850905531,499.3463850905531,155200
2021-12-30,495.3102722167969,504.1780387482748,495.2623500462595,502.960558159299,108600
2021-12-31,496.8250732421875,499.69150992245017,493.71896716039066,494.6776447665273,139800
2022-01-03,489.11724853515625,499.84485158158924,483.57609402354274,496.12517838053463,203700
2022-01-04,498.9628601074219,501.5992232840365,487.37248167280325,487.37248167280325,198400
2022-01-05,487.34375,502.260741436213,487.17119505845466,498.2247463029367,236400
2022-01-06,489.0501708984375,493.2107985929499,485.4647263141697,488.7913092423111,206300
2022-01-07,484.7457580566406,489.87465983628505,484.55401083310386,487.96690076512425,175100
2022-01-10,479.43463134765625,481.38074553383956,474.8904800298047,480.9589250865028,196900
2022-01-11,485.0716247558594,485.6468078183627,470.9598915776734,479.43459669121654,194700
2022-01-12,488.3886413574219,493.75721165999704,486.65343751739067,487.63127798182103,244000
2022-01-13,487.17120361328125,494.90770952692947,484.8991131502982,490.7470522985626,239500
2022-01-14,483.7103271484375,484.93743320377115,470.69149929976487,483.38438030242094,307100
2022-01-18,485.8865051269531,494.30369241838264,471.458420434521,479.8852038630488,362000
2022-01-19,476.7599182128906,491.87828152519984,475.9833917571917,491.87828152519984,183700
2022-01-20,470.6722717285156,481.9942500500835,469.9724559155698,477.45012830816273,252700
2022-01-21,472.58013916015625,481.9847641659347,469.98210177451745,471.4680696226963,262800
2022-01-24,473.6346435546875,473.98937883240956,459.86804764033246,466.645905107538,335800
2022-01-25,466.16656494140625,470.2601076363944,456.330523702868,467.25944215873403,297600
2022-01-26,461.1430358886719,472.75263551052205,457.4041995275056,467.95924805863837,625800
2022-01-27,461.67987060546875,467.9208701279501,457.3466590909636,465.8597194746671,313100
2022-01-28,474.54541015625,475.26441835345645,456.042944250745,462.42771129620195,233600
2022-01-31,474.65081787109375,476.1655447522576,468.0071896092549,470.7202634030094,515300
2022-02-01,474.52618408203125,482.20517071338617,469.8190741990143,478.4854974530623,249800
2022-02-02,480.4316711425781,482.320237789303,470.3655570835442,474.545377068739,358600
2022-02-03,486.6055603027344,503.7179612073981,485.63731582720084,492.18510017804715,565700
2022-02-04,467.52783203125,489.4048594087545,466.8567753411119,485.39759451586445,456100
2022-02-07,458.55462646484375,468.75493979903166,457.31792430437537,467.70038870314835,356500
2022-02-08,462.3797912597656,463.99036260740036,456.7523584246184,459.65715038452055,316300
2022-02-09,469.0137634277344,472.5129301497984,461.3826701208536,465.98433927809293,293600
2022-02-10,453.9530029296875,463.7698813683234,450.03201508834155,462.063436424455,388900
2022-02-11,449.9031066894531,454.395483709484,441.4473942911907,453.95298636378504,457600
2022-02-14,448.6525573730469,452.99101587298037,444.69885109156974,448.4409231030292,271400
2022-02-15,451.77899169921875,455.193968821329,449.63379094234614,453.5682393793451,226900
2022-02-16,456.7426452636719,457.3583192128092,448.2388470006233,450.2686158599263,174800
2022-02-17,453.4431457519531,457.55077056627954,449.45098183238616,455.18430661342893,295700
2022-02-18,455.9057922363281,458.3011141217288,450.28789888028405,451.90399915593645,238800
2022-02-22,454.23193359375,458.35878690792066,450.10508027957934,456.0308100915563,341000
2022-02-23,444.80462646484375,459.7632248183208,444.2851552576326,455.81914811769303,322400
2022-02-24,448.5467224121094,449.2393409857659,436.4163123282205,438.397965316775,494300
2022-02-25,458.5801086425781,458.8687168780074,447.50786843646836,448.96042126739144,232000
2022-02-28,458.9167785644531,459.0322101095522,450.21097370709504,452.28882958974197,378100
2022-03-01,448.63330078125,461.7257089699961,444.89125811365597,458.7532294559109,310600
2022-03-02,462.55291748046875,464.06321503020246,448.6428615674224,450.51868247741226,327500
2022-03-03,462.99554443359375,467.5648959645262,461.68728103397103,465.0349428293479,344600
2022-03-04,469.4503173828125,469.5464907596074,454.66486433564796,457.98363847279427,281000
2022-03-07,472.29779052734375,486.6022609054494,463.96713776769707,464.5731827672571,406800
2022-03-08,471.4415283203125,484.34152994140214,470.63347827099625,475.0296815365769,266500
2022-03-09,468.8730773925781,479.5509337798666,468.3343773727644,477.13638341312884,254000
2022-03-10,466.31427001953125,467.71873592898874,454.35700759363124,462.46639569239744,261600
2022-03-11,454.29931640625,470.86441745506136,453.81833208933557,468.4690955940995,283300
2022-03-14,465.015625,468.9404734091844,452.07716467619014,455.2708781830548,319900
2022-03-15,478.81988525390625,480.8592540509943,469.22905684510994,471.68206510714543,298800
2022-03-16,472.4997253417969,488.0259124872761,464.37110836442486,482.80243008536127,260500
2022-03-17,479.14691162109375,481.2728538969779,470.51805255197536,472.5189635761784,192000
2022-03-18,482.8601379394531,483.7259037855188,469.5849539909581,479.08920820858657,455100
2022-03-21,487.0062255859375,487.8527626384574,482.4561036071185,486.6503019063442,228600
2022-03-22,483.600830078125,488.6126779979566,480.9265586864564,486.81380150862253,241300
2022-03-23,485.6209716796875,486.6598847992458,476.42455466708265,480.8880734847097,432100
2022-03-24,482.1771240234375,489.77669932848534,479.5990552619888,488.3914622178962,307300
2022-03-25,487.0928649902344,488.2856968032909,481.330652421359,486.03469353173807,202900
2022-03-28,493.5860900878906,493.73040887073654,483.4084747032406,486.02503060158773,270700
2022-03-29,499.13671875,500.4642403171518,490.17116298783674,496.5490204736143,210800
2022-03-30,500.83929443359375,504.3312447892074,494.67304346262733,499.0692465577037,167300
2022-03-31,496.1737365722656,506.01471475042916,496.1737365722656,500.17555861444276,320500
2022-04-01,497.8668212890625,500.2236560265835,488.29525163887826,499.290574697053,255400
2022-04-04,499.5792541503906,499.7908590955812,493.82664102193934,497.7418609331891,190300
2022-04-05,499.1173095703125,505.19695725376175,495.7408496117226,497.0971992996455,235200
2022-04-06,506.11083984375,506.8707737876937,496.24103408179843,497.6455291658653,294600
2022-04-07,501.5895080566406,507.0727392571109,496.8662694105278,506.6783580775977,345700
2022-04-08,498.82879638671875,504.3216581262103,494.97129297918934,501.19526023512776,249700
2022-04-11,498.9346618652344,502.78253667878744,496.32776425595466,498.0977537903994,177100
2022-04-12,503.5904846191406,509.4007529321855,498.4150896502984,498.4150896502984,287000
2022-04-13,507.063232421875,509.7567326409945,502.6285714616549,503.3500478800209,228600
2022-04-14,472.7402648925781,501.0317968621742,472.6440621524697,498.26132234599845,532600
2022-04-18,471.9225769042969,476.10714648746335,468.48837106591776,470.03712653227154,287800
2022-04-19,488.4203796386719,489.59398262939897,471.48972461195234,474.72192535935847,308700
2022-04-20,491.83526611328125,500.694988005443,491.20999244364293,492.4605397829195,229100
2022-04-21,492.518310546875,500.13708567309305,487.4872333895213,495.5292770624129,245000
2022-04-22,480.3493957519531,491.42166369877276,480.1185326828743,489.6612447261909,225800
2022-04-25,473.4713439941406,477.4635079511276,463.7843128106978,477.4635079511276,426700
2022-04-26,473.4136047363281,477.3672815318733,467.3724431929375,470.8836226590457,318100
2022-04-27,476.8574523925781,483.59123267598505,473.2404703745042,473.4136176789804,529600
2022-04-28,495.346435546875,500.0408465513521,482.2925158801115,484.1779952881058,450200
2022-04-29,481.0130920410156,497.02023208828894,479.3969920599013,494.51913755620876,422500
2022-05-02,472.15338134765625,488.4491299181992,462.6876149280844,485.2265296050352,387500
2022-05-03,465.5831604003906,473.586745975969,462.37981796833844,473.2500511039215,452500
2022-05-04,485.84222412109375,486.4771269126541,467.03574994933376,467.04537902944804,442600
2022-05-05,464.7655334472656,482.4368923105465,459.8594876108231,480.1858892611805,321800
2022-05-06,461.3865966796875,465.2288916071542,454.07847017728125,460.10259090180097,299700
2022-05-09,460.32464599609375,463.4139258412448,455.8065554406392,455.8065554406392,387500
2022-05-10,453.0937194824219,463.0856716190357,447.77435557388094,463.0856716190357,265100
2022-05-11,443.2949523925781,455.6521621972406,441.45102409437317,453.68272645259543,431000
2022-05-12,453.0068664550781,455.2176532948193,439.848384803405,441.5957958596809,373200
2022-05-13,460.8169860839844,462.2650943080029,453.8950452718044,456.6850517965915,345000
2022-05-16,457.5635681152344,460.5177064952178,450.4485345182861,459.29165215510596,244100
2022-05-17,465.5088195800781,467.4396303278047,458.5192941010949,463.9255406252621,201400
2022-05-18,449.66650390625,461.08723626304914,448.95211337319097,459.9384309984677,316900
2022-05-19,450.80572509765625,456.0768601188012,442.271544371497,445.1870877146256,300300
2022-05-20,448.4694519042969,455.99960256092135,442.5322143332849,454.07845516072115,270600
2022-05-23,450.94091796875,455.9030869518968,447.4268277834839,453.72129054130386,209500
2022-05-24,455.6810302734375,457.38978729264386,446.56760058066527,450.62228574365554,248800
2022-05-25,453.0262451171875,456.41479876780886,448.49849045792746,451.9160050983202,282600
2022-05-26,460.91357421875,463.98355686053833,455.17906277594693,457.3222643198414,207900
2022-05-27,473.4252624511719,473.4445599567512,463.37538670199916,463.37538670199916,202800
2022-05-31,470.2200622558594,472.27638067731925,463.317418848182,469.02293940613765,454300
2022-06-01,477.2868957519531,479.71004380957316,465.5185989577616,471.5040960887712,274400
2022-06-02,481.4284362792969,484.53704335250745,476.64969644741046,478.84115645638207,192100
2022-06-03,479.1114196777344,484.1218763633742,476.6592815642814,479.4106930128674,234600
2022-06-06,481.4766540527344,484.46938727488504,479.24656989721683,481.52491253883284,161100
2022-06-07,489.62469482421875,489.6632898296796,474.8733007331844,477.54746322224645,176300
2022-06-08,481.2546081542969,491.1693113409039,480.43400764421426,486.4002061468813,210900
2022-06-09,477.3157653808594,485.91750183064494,477.19025796114005,481.88211420647764,176200
2022-06-10,471.832275390625,476.6013809251367,466.3391157299648,473.81137434586685,334100
2022-06-13,461.64727783203125,468.16376523130106,454.6770486501906,465.5957829577977,384500
2022-06-14,453.64404296875,464.3503865324352,450.26512368589425,460.0833106795724,267200
2022-06-15,456.6946716308594,461.61824501432216,450.88294178684583,455.4782514111546,397600
2022-06-16,439.92559814453125,453.1516641816956,437.94652881850027,448.1798026998174,461000
2022-06-17,426.79608154296875,439.6263279127826,425.24179294770437,437.00042397375535,583000
2022-06-21,434.2780456542969,436.83636456708786,430.5708917362042,431.8452341816912,294800
2022-06-22,434.0077209472656,435.291726839958,426.70925727480665,426.70925727480665,318400
2022-06-23,430.64801025390625,436.5273548258367,426.187842202235,434.84752946449936,239700
2022-06-24,445.003662109375,445.3898184040775,434.30695302891104,435.86127115202237,348300
2022-06-27,448.0929870605469,450.9312817783291,444.01897439815366,445.7567220920953,181400
2022-06-28,435.0599670410156,452.7654997390319,434.0366396047541,448.8073609008082,311500
2022-06-29,438.2458190917969,438.8733267466255,431.8162152112613,436.7880474236002,211300
2022-06-30,438.7091979980469,442.348795453428,431.2080081479446,434.0945610579338,312500
2022-07-01,445.3512268066406,447.6488967031872,435.4751175371294,439.5780910775799,281100
2022-07-05,439.4237060546875,440.8718145408294,431.26601646468436,439.1533936490814,357800
2022-07-06,453.85650634765625,456.60791838425484,441.30623270730877,441.30623270730877,421700
2022-07-07,457.42840576171875,457.8048985574932,451.19186550073346,454.66733092475215,265500
2022-07-08,458.693115234375,460.9231995596041,452.4951990245993,457.8145927029458,213500
2022-07-11,461.18389892578125,462.3423974254913,456.2024025159732,456.2024025159732,248600
2022-07-12,457.7663269042969,466.3005077652727,456.01891589019,458.02697577620603,314200
2022-07-13,438.6319580078125,448.57562203861505,438.1685528004394,448.57562203861505,635300
2022-07-14,440.5628356933594,441.41239730486495,426.3520645912075,430.4743357494904,336600
2022-07-15,441.57647705078125,447.5233785637484,439.8677198940142,446.95379284482607,314300
2022-07-18,437.5796813964844,445.6890812415241,436.8073393634392,442.80252838897275,358500
2022-07-19,449.8114013671875,451.44293910554444,440.8234780431138,443.063225992577,292900
2022-07-20,455.1404724121094,455.7003946852214,446.61592464327055,450.6609763798523,212400
2022-07-21,456.94586181640625,457.07136927921755,450.3038654675716,453.98205905962374,258700
2022-07-22,457.48638916015625,462.38100239530627,454.71567993094095,459.4268637536767,220200
2022-07-25,465.4413146972656,465.78887601217014,455.33351750486435,457.0229772015571,214100
2022-07-26,462.97955322265625,463.9159977978546,457.28366628958537,463.30778757887094,272200
2022-07-27,470.74139404296875,472.79771261308696,456.62716937752384,462.06240742970004,390700
2022-07-28,484.5176696777344,485.5216995488749,472.02532137228974,474.2071470167388,480000
2022-07-29,524.7268676757812,525.9722195297244,501.1516234808927,502.01084849788816,773700
2022-08-01,530.5868530273438,534.3809485938358,516.974658692857,522.2747255978862,450400
2022-08-02,521.5603637695312,531.0213266538213,520.6335532016732,530.9730681596338,376400
2022-08-03,524.2344360351562,526.6962079118127,516.5787786217525,522.2842983576192,318600
2022-08-04,524.5435791015625,528.1638506155441,522.2941672355754,525.8178628216368,202600
2022-08-05,538.4894409179688,538.8961823203301,520.1659210295232,520.1659210295232,327700
2022-08-08,544.5617065429688,546.2468962597275,540.232668200812,542.2955168007436,260700
2022-08-09,540.3779296875,548.4453125676197,539.7290704353435,542.3439548971863,238900
2022-08-10,547.1571044921875,551.786424854491,545.7140919700394,549.2684235674819,241800
2022-08-11,548.5034790039062,553.8010485997643,547.8159021018517,549.6172448213504,206200
2022-08-12,561.59716796875,561.9651918085182,549.1232523229208,549.1232523229208,209200
2022-08-15,564.425048828125,569.8775468505046,555.4860778503021,556.2318196495946,257800
2022-08-16,565.7711791992188,570.0614994196029,561.8391885854254,561.8391885854254,200300
2022-08-17,565.27734375,568.841311182306,559.8829513013773,561.3550466513208,252300
2022-08-18,567.107666015625,569.8096792805321,564.2506642625949,567.504713183711,215500
2022-08-19,565.5,566.1489182725098,560.8513499995453,565.6743768358448,183600
2022-08-22,554.4013671875,562.1588311940545,553.5975195159378,559.5148645419989,210200
2022-08-23,558.5562133789062,561.3841334556209,553.1715144932575,553.1715144932575,202700
2022-08-24,560.7835693359375,561.0160520881819,556.0865074343744,559.7472980088088,207000
2022-08-25,564.8899536132812,565.8390365472562,558.5464194738653,561.6939511173819,184600
2022-08-26,548.3871459960938,565.9358401525496,548.0675339355707,564.3088155611132,233600
2022-08-29,547.6220703125,551.2635316049137,541.0558069820914,542.4988196609825,200900
2022-08-30,538.8477172851562,545.0168742391734,532.7947721488921,544.5907445371487,328600
2022-08-31,537.4434814453125,542.7894620945168,535.1675974674746,538.2860467723111,367100
2022-09-01,539.4869995117188,541.3174247052611,533.5309356698752,534.7124424440316,292700
2022-09-02,537.8018188476562,547.9804621152184,535.0998050819269,542.5376578991472,196000
2022-09-06,543.6997680664062,544.6294626092882,534.8091502245505,538.2956820927352,336900
2022-09-07,555.6895141601562,557.3455623216034,541.5788796348895,544.9394468134517,290300
2022-09-08,552.793701171875,555.4957738766267,547.8545212833635,553.8106433055061,210300
2022-09-09,554.6821899414062,558.8853809908226,552.4644121560539,558.4785805238913,273000
2022-09-12,550.1884765625,555.4666565348558,546.0821680464952,555.1470444811615,295600
2022-09-13,539.5836791992188,546.2079882025299,536.9881247193997,542.3437980988012,484200
2022-09-14,530.9547729492188,542.1018886843151,527.5554287361849,540.1843341480625,334100
2022-09-15,516.0305786132812,533.0853439960017,514.3550830712663,530.3252244391542,405500
2022-09-16,509.57086181640625,515.0040310387352,503.59541011085213,513.2511002517236,1093400
2022-09-19,518.2288818359375,519.4394707573547,505.8034397062787,505.8034397062787,411500
2022-09-20,514.2583618164062,517.483388433061,507.5855790555842,512.0599126159696,352400
2022-09-21,500.45751953125,525.192254030422,500.43813119075355,521.9188164694043,557700
2022-09-22,488.3419494628906,500.68026412988297,485.2138061395035,500.4575346506214,521000
2022-09-23,479.24798583984375,487.10227319356346,475.2481949998239,483.2283883401431,509800
2022-09-26,473.9117126464844,482.7732185741412,472.04257024811176,478.9961866523166,402000
2022-09-27,471.74237060546875,481.310871666052,467.9556443202559,479.1899171795082,366100
2022-09-28,478.2601013183594,480.86529111070774,468.34296606907145,476.3328531621248,478700
2022-09-29,471.5487060546875,475.4516445094032,469.59240451929634,474.6865734038883,329400
2022-09-30,473.7664794921875,477.99869436112476,469.24370549885765,474.2216621872104,538200
2022-10-03,490.84063720703125,493.02936227343605,479.25769904114844,480.59419417993485,309000
2022-10-04,504.79632568359375,505.9003972591374,498.4625440479219,498.4625440479219,300500
2022-10-05,502.4041748046875,508.7379557481201,498.7627133041955,501.3388209214434,235200
2022-10-06,493.52325439453125,504.73813832094197,492.51603603197213,499.94419387292953,231300
2022-10-07,485.1267395019531,490.5598502368067,482.0954190860778,490.5598502368067,291700
2022-10-10,488.2257385253906,492.16742374104757,482.511763865971,488.5066034730114,191700
2022-10-11,497.8814697265625,498.7336701452862,486.9861373218061,486.9861373218061,389100
2022-10-12,490.2789306640625,502.44292855233607,490.01745403742774,502.44292855233607,364300
2022-10-13,502.04583740234375,504.1086859427191,472.8464048767683,478.734726767693,378200
2022-10-14,485.3688049316406,506.907568984263,484.08072147065917,505.1159206109736,264500
2022-10-17,500.9223937988281,502.79153632279855,494.6757716194421,494.6757716194421,282000
2022-10-18,514.8587036132812,515.7012689086033,504.18613105813927,511.38192477644566,281500
2022-10-19,504.6994934082031,513.5028651227933,499.7021480009992,509.3675325384852,193700
2022-10-20,493.1358947753906,505.2320916379226,487.73180846719816,505.2320916379226,327100
2022-10-21,503.29510498046875,505.61945949951,492.18673915946357,495.7991473672075,263300
2022-10-24,508.5539245605469,513.221963084897,504.89313396841146,507.9340887731523,188300
2022-10-25,514.0645751953125,515.5656939494094,505.16432122068727,506.49112222696635,238400
2022-10-26,514.3842163085938,521.6961635123345,507.47901053937505,518.0837841275779,296000
2022-10-27,520.7179565429688,526.7515730441786,515.3720350676234,517.9191193606014,457300
2022-10-28,557.7232666015625,557.7232666015625,527.8168676123859,527.8168676123859,650400
2022-10-31,565.9262084960938,568.7929049657406,557.9557082184025,557.9557082184025,517600
2022-11-01,574.0130004882812,576.6181908728109,560.4640952987361,570.8363859790663,284200
2022-11-02,565.5679321289062,583.0004180339005,564.5123313622661,572.0082908436847,342400
2022-11-03,575.6592407226562,584.0752568764732,553.8008410831673,559.1080437518168,402900
2022-11-04,574.9232788085938,584.811332298673,565.4128841764062,581.741295031132,293100
2022-11-07,576.579345703125,577.6156170530791,571.9888013509809,575.0976154008433,219400
2022-11-08,581.721923828125,587.0097982131111,574.6714837589385,575.9885904922993,362000
2022-11-09,572.3762817382812,585.8283634397668,572.1050813777549,579.542934508676,234000
2022-11-10,590.9182739257812,594.4926434030474,584.177463526356,591.1416534920716,352600
2022-11-11,569.6857299804688,592.1906883591384,564.8972378868052,590.3258127721184,448200
2022-11-14,568.2093505859375,581.9629046795587,563.3528604099893,563.3528604099893,375000
2022-11-15,565.11083984375,569.0348620942488,559.9144196907804,567.5002540663234,399700
2022-11-16,571.9876708984375,577.3395321527822,567.1020136950494,567.2185647077886,235700
2022-11-17,576.90234375,577.8347517024712,565.2176026874318,567.3350247905863,290800
2022-11-18,579.89404296875,584.0706122929389,576.037959283751,582.6913265213163,216200
2022-11-21,583.3809814453125,587.7906528829329,579.0101405844589,579.0101405844589,224100
2022-11-22,588.0916748046875,593.4824252440353,582.700983648655,587.8294647005081,211000
2022-11-23,586.974853515625,591.1999763833218,585.6441799097836,588.1501455157946,144300
2022-11-25,586.9067993164062,590.9377096117184,584.0026278667673,589.4030422173197,71400
2022-11-28,577.4949951171875,586.2658454033152,576.387701056813,583.6238837478601,168600
2022-11-29,574.02734375,579.6705822495741,571.7836479437433,576.9024069126293,191500
2022-11-30,585.7509155273438,587.1010338509183,566.188961382126,570.8415163146864,641500
2022-12-01,585.8675537109375,587.8198722868535,579.9134918910192,587.8198722868535,246600
2022-12-02,584.799072265625,586.6736701500254,576.2613255492089,581.4383600974845,298300
2022-12-05,569.6177368164062,580.9915987118554,568.0150713668943,578.728517004758,251900
2022-12-06,563.68310546875,574.474211983691,559.4288155006949,571.2300505901696,309900
2022-12-07,569.578857421875,575.2124334792527,561.0411689942196,562.7894936091554,275300
2022-12-08,576.2225952148438,580.6614346257365,572.9881559571622,573.046431471565,349300
2022-12-09,571.181396484375,580.3504503218809,570.4432006521918,576.7178059424349,172300
2022-12-12,576.426513671875,576.426513671875,568.6755155713399,573.1823523727386,249500
2022-12-13,568.141357421875,588.5580612651642,560.1669791434239,588.5580612651642,392400
2022-12-14,559.487060546875,571.1231909426975,553.9020973701394,568.5783950726594,529800
2022-12-15,545.4130249023438,555.7475911450554,541.8094877787915,554.3878094389944,396600
2022-12-16,542.6157836914062,543.5676369927836,535.6418101819751,539.5561705322082,770600
2022-12-19,545.1605834960938,549.2886010263966,541.275390526397,542.848888936457,287900
2022-12-20,546.588134765625,550.5122159645325,543.6256882223779,544.8980860162526,340200
2022-12-21,551.1338500976562,552.1051480192963,545.9859829696281,549.851729727093,181800
2022-12-22,545.2576293945312,546.8408500975157,536.2440135275397,546.8408500975157,205700
2022-12-23,548.8804321289062,551.1824034618841,544.8981343611636,545.8888772124827,110400
2022-12-27,549.1038818359375,552.9307980965602,545.6946165761372,552.9307980965602,229500
2022-12-28,541.0712890625,551.5612961400343,539.818335920691,550.1626245774745,155500
2022-12-29,546.0831909179688,547.6373034524981,541.8386229512613,543.5190089818253,177500
2022-12-30,540.284423828125,545.8596639477805,535.0393917756135,545.4031824186947,177600
2023-01-03,539.9737548828125,543.0721982463027,533.3203864969995,542.5088287393048,271100
2023-01-04,538.1282348632812,545.111810252915,529.2699429664625,540.3427633749941,238400
2023-01-05,522.1018676757812,540.3622591032708,518.6828795795723,536.6033404039327,297200
2023-01-06,536.8655395507812,537.9437254161957,527.8616471521852,529.5419737684114,210900
2023-01-09,541.6248779296875,555.7378062462502,537.9533432408022,540.7701309952377,293500
2023-01-10,547.7344970703125,551.5808595141236,541.6250523692912,541.6250523692912,276200
2023-01-11,565.5674438476562,565.5674438476562,549.8032365503703,549.8324039471892,357800
2023-01-12,556.1068725585938,569.559383904117,553.8243462305854,565.7907433485226,237300
2023-01-13,557.3890380859375,557.6610299731666,547.5012318786456,550.1723012925503,167100
2023-01-17,555.261962890625,563.1392354612424,554.7860363115325,561.6239535278088,362500
2023-01-18,554.2905883789062,560.8177414755907,551.5321353803982,556.573174147261,244800
2023-01-19,532.0090942382812,557.3600104515782,531.3486186382028,553.7370281925715,448300
2023-01-20,544.1599731445312,545.5683670781868,529.3088483091565,531.086340219448,274000
2023-01-23,545.597412109375,553.0181420781662,544.0919122646992,544.1113571927973,183500
2023-01-24,554.446044921875,555.0870755067863,540.7895976353151,549.7352141284964,142500
2023-01-25,543.7811279296875,552.1926012877269,541.6734279994733,548.4725135786483,217200
2023-01-26,548.7155151367188,553.5331758152118,542.7614521011711,546.840916621803,249300
2023-01-27,555.37841796875,557.2530158458667,548.9969835015771,548.9969835015771,158800
2023-01-30,558.80712890625,569.0543101506571,553.5912637955743,553.6106494414017,401500
2023-01-31,572.560791015625,573.5029810098279,557.2434601308221,560.759554546991,470100
2023-02-01,580.884765625,587.1399272087433,567.8499628717623,567.8499628717623,502300
2023-02-02,656.1798706054688,656.7140727087477,610.1500389923563,619.765913984706,988800
2023-02-03,656.4129028320312,665.5625134459933,643.7374757148666,652.7899802415931,465700
2023-02-06,654.9268798828125,664.2610399477063,652.2363653043104,656.4129350771389,409100
2023-02-07,658.8120727539062,660.3952340418186,641.2607097979784,649.2641962804096,284400
2023-02-08,644.7186279296875,660.5896073865924,644.4855258460291,655.5097367496319,310600
2023-02-09,642.1348266601562,650.1577578767226,639.424926497294,645.7383636949965,254800
2023-02-10,639.310791015625,640.0119807778522,632.2115790116708,639.2036837890815,386300
2023-02-13,651.07470703125,652.6328140723369,639.4763374823274,642.115442950066,238300
2023-02-14,649.09765625,656.1092552577397,642.1932238850014,647.8706784318609,203200
2023-02-15,655.0672607421875,656.5475037378728,643.4592051556003,645.387372629903,181500
2023-02-16,652.5548095703125,657.9011352703787,647.909614056109,649.7793539897038,193000
2023-02-17,659.6248168945312,664.8737835346479,652.1847885710874,653.1196288758746,324000
2023-02-21,639.0184326171875,656.479222592479,638.9795007586141,652.5157216378984,249200
2023-02-22,640.4891967773438,643.7223255365301,637.3242433777821,640.3820895427807,204200
2023-02-23,640.7227172851562,643.8974175734146,633.6819343647278,642.709312202674,195600
2023-02-24,646.7215576171875,648.2894717044242,635.1816766498656,640.7130331407229,215300
2023-02-27,657.3558959960938,662.1373835110587,648.8640526276366,650.4027233629204,326200
2023-02-28,650.9382934570312,661.7965403095398,650.0326371400889,655.0575823846008,391800
2023-03-01,653.4507446289062,660.6473743431585,648.8737242689234,649.5456704434524,230000
2023-03-02,666.5877685546875,668.9054926510837,652.691171802945,653.9279570262565,215700
2023-03-03,679.3351440429688,679.6467178183939,668.6229975145022,672.5183235248537,346600
2023-03-06,681.3412475585938,690.6510745234172,678.3320820054905,678.3320820054905,340900
2023-03-07,676.4915161132812,688.3917680328341,675.4398208813805,680.3770943149216,230700
2023-03-08,682.0717163085938,683.931708620678,675.2743309252089,675.2743309252089,221100
2023-03-09,674.8750610351562,686.4441854452027,672.2749472502718,684.6620569365231,192100
2023-03-10,660.1409301757812,675.9754405522933,656.3917025158,675.9754405522933,238600
2023-03-13,657.2000122070312,667.7953053004156,650.9772137064377,656.2067443431287,285200
2023-03-14,668.1749877929688,672.8980466227359,659.108619231914,665.4482715787334,297100
2023-03-15,650.2662353515625,659.2060013759695,638.9989977804399,657.0830558416206,469900
2023-03-16,663.5006713867188,665.9352502792675,645.737993296757,645.737993296757,335000
2023-03-17,646.1372680664062,663.461710872057,644.6765206630911,662.6242299592676,517300
2023-03-20,656.25537109375,658.7775615752576,649.8864745844767,649.8864745844767,317900
2023-03-21,663.0040283203125,665.234081257301,656.3819854150424,663.851257046127,385000
2023-03-22,651.1133422851562,668.7202291307826,650.6264266268873,659.4006562989634,223900
2023-03-23,647.968017578125,657.9205471215649,641.9691821662785,650.9186961579785,235300
2023-03-24,646.2346801757812,651.3278602886928,633.4385770515976,644.3649399896213,270300
2023-03-27,654.0838012695312,655.5542967091062,647.705215251019,651.0551988189206,179600
2023-03-28,658.1543579101562,659.5566777559079,648.9710738509722,653.5480941418258,150000
2023-03-29,657.3753662109375,663.9487305543217,653.7040609140099,663.9487305543217,222000
2023-03-30,651.75634765625,660.7252993909862,650.4124551824774,659.9073140648447,203000
2023-03-31,670.7850341796875,671.6906905595628,655.203726438924,655.6808944784094,305200
2023-04-03,665.2926025390625,669.2171729187585,659.5762150716716,667.230518160611,282600
2023-04-04,639.4957885742188,668.7302349975446,635.7173168530146,664.1239706750944,333800
2023-04-05,629.3387451171875,636.0776439348434,615.7148489496002,633.5457052538542,461000
2023-04-06,624.8687744140625,631.597984228819,620.7397378336792,625.199903319304,318600
2023-04-10,634.4124145507812,636.5061170227726,622.8627255275026,624.518251289103,228000
2023-04-11,631.432373046875,638.823720901304,630.2442677003467,635.2108440498669,246500
2023-04-12,638.2298583984375,646.4976804630703,633.6917691487272,637.2657744740065,272900
2023-04-13,629.7672729492188,634.2176912935041,609.5894476635697,630.9163873111562,418300
2023-04-14,634.0715942382812,642.5536904160424,628.7545107746479,628.7545107746479,281500
2023-04-17,643.52734375,643.8974044777897,635.4055628268776,636.8760579128904,228400
2023-04-18,648.903076171875,648.922512389105,639.5250716394194,647.1988706048469,287900
2023-04-19,648.0167236328125,650.3928750013105,641.0051245587234,646.6825791593076,177600
2023-04-20,649.711181640625,654.2882018348427,642.5632913151107,645.660068526187,180200
2023-04-21,652.5742797851562,653.0709434116675,646.7605336582627,651.4835931472335,192300
2023-04-24,657.64794921875,660.579191782309,654.2006068259392,654.5609197552176,203900
2023-04-25,654.249267578125,660.2577916054154,651.4738119948832,657.0635955877816,208500
2023-04-26,642.5535888671875,652.0679428477004,642.5438410408793,648.6595321658914,342500
2023-04-27,678.1373901367188,678.371100221475,654.7070031324406,661.9231289081057,535900
2023-04-28,677.3681030273438,680.406453088057,671.4666854742696,680.406453088057,448900
2023-05-01,677.7478637695312,685.4508455959659,677.1343451046513,679.7149631896248,267200
2023-05-02,670.7850341796875,677.4265737367446,663.1599150614192,674.8653915218189,222100
2023-05-03,665.7210693359375,679.1599348107205,663.3741611086928,674.6414009284014,363900
2023-05-04,650.03271484375,663.8708858712782,645.2706631620279,663.8708858712782,248100
2023-05-05,659.6712646484375,662.2786442245649,653.9681694379542,654.2708984553767,236700
2023-05-08,662.317626953125,663.1184074204086,655.4231664074483,659.153605343502,180200
2023-05-09,668.4601440429688,669.8077916296866,661.1359982908288,661.1457733551463,192800
2023-05-10,665.4817504882812,674.7101275685445,656.692774523034,674.7101275685445,180700
2023-05-11,668.3233642578125,668.4405458130902,658.4211056085173,661.546086158699,280200
2023-05-12,668.5675048828125,675.1299700226555,661.7414110446514,670.2178813304116,176800
2023-05-15,654.6713256835938,666.2825541956593,653.3041277553484,666.1262723503432,263700
2023-05-16,648.6849975585938,654.2904013107866,644.4272414908579,651.1361547180635,231600
2023-05-17,655.5306396484375,657.4935203805159,648.3431654944494,652.6790624595607,178700
2023-05-18,663.3624877929688,664.2316340345698,654.2610091243205,657.7668596787526,149000
2023-05-19,665.7942504882812,670.4133265328867,661.7122070022839,667.7278061155007,260100
2023-05-22,655.5599365234375,667.9426198912441,653.7533375367842,665.5891536758696,266700
2023-05-23,644.17333984375,653.1966786910351,643.909651499493,650.9506190444168,269800
2023-05-24,641.1851196289062,645.8921117583492,638.2945015880863,645.8921117583492,250900
2023-05-25,644.1439819335938,645.4818545092255,639.1538114008911,644.5638924876044,286200
2023-05-26,648.6557006835938,650.3060774356544,639.7105025247938,644.9838523165907,200600
2023-05-30,638.7242431640625,648.8706429860333,637.0152754398332,648.6557703351598,309200
2023-05-31,633.8023071289062,637.9526564621107,631.8980172787433,637.0053692672489,573500
2023-06-01,639.9447631835938,640.4232644817085,626.8980330958576,635.2963626806819,264800
2023-06-02,661.8782958984375,662.7376672418632,639.3003970118393,642.22028072468,384700
2023-06-05,659.8176879882812,663.3528642245036,657.4154060671417,661.5559807122817,242400
2023-06-06,669.729736328125,670.4719260625278,645.5112365327693,652.6107951293154,556600
2023-06-07,681.4776000976562,681.5166407503594,667.8058615412447,670.3839155128044,271500
2023-06-08,688.4501953125,690.8037210120701,677.9424773205884,680.5499162927151,266000
2023-06-09,689.9150390625,691.7900634512351,679.6710091927333,690.4619062748671,230500
2023-06-12,705.3934936523438,706.3700465810095,688.6749122819092,692.1709288516093,296500
2023-06-13,719.699951171875,721.5554255596005,704.4071586861096,704.4071586861096,307700
2023-06-14,710.022216796875,722.9517657012186,706.7702794424464,718.625644160835,240000
2023-06-15,726.4478149414062,728.2446385623881,706.8288446314381,709.9440501827755,254300
2023-06-16,715.256591796875,731.2037164155643,714.1530823157278,726.8384942123247,419500
2023-06-20,713.5475463867188,719.2506405939271,708.5183355559377,712.8834976783535,274100
2023-06-21,724.6998291015625,726.1060675566561,711.5261410014998,712.5417940882116,292200
2023-06-22,718.6746215820312,726.0671347330789,718.020347779883,724.9538500399455,238600
2023-06-23,720.598388671875,723.772185508436,712.8347814123991,715.5886676661481,293200
2023-06-26,730.5494384765625,733.6059940223969,719.6706255611632,719.6706255611632,183400
2023-06-27,752.4340209960938,753.2543516704676,730.6471278469364,732.1998732075491,287900
2023-06-28,754.8655395507812,759.9143008390873,745.3245996187616,750.207363620155,278100
2023-06-29,763.9572143554688,764.4748159296548,752.1018495110693,753.498372413324,201700
2023-06-30,770.099853515625,777.1700867535209,767.4924144393731,768.937753216862,271600
2023-07-03,764.211181640625,769.0743956695094,760.1096478264077,768.302940389876,135500
2023-07-05,764.338134765625,765.2658718723491,750.0902027898692,754.5628314279331,245800
2023-07-06,760.6272583007812,762.3264507112016,751.9359141551846,760.0608409626227,251900
2023-07-07,757.9807739257812,770.0998280121112,756.916364711644,758.2737278560918,242900
2023-07-10,778.05859375,778.585970358039,758.3517672875993,759.3771357084961,188100
2023-07-11,777.0430297851562,792.5701826416071,771.2813447579142,781.115238035691,360100
2023-07-12,759.0745239257812,775.0314238370585,755.1878626277047,771.232618917852,348200
2023-07-13,743.71337890625,755.0901841182912,743.4204249650578,751.2621135439127,430700
2023-07-14,745.4515991210938,745.5590652343847,732.8833686270482,744.1332766065235,374200
2023-07-17,746.0862426757812,749.5725428732308,740.7249780340384,745.0803648119705,294200
2023-07-18,742.3851318359375,745.5881936215152,732.9125589508275,741.2425222892484,298900
2023-07-19,748.0881958007812,752.1506884755975,739.973045118999,739.973045118999,302700
2023-07-20,749.1624755859375,751.8479956827854,739.8754492780081,751.8479956827854,373600
2023-07-21,750.9691162109375,754.7874114993083,747.55118135172,751.5355335338858,320500
2023-07-24,751.2230834960938,759.6214144838536,749.1527961436868,752.4730401975197,395100
2023-07-25,748.6351318359375,752.7171154099861,746.5746197215349,749.1136331739307,278400
2023-07-26,744.2503662109375,750.8323221133285,741.379298783634,741.7211280035801,273000
2023-07-27,707.6785888671875,734.1334337339013,702.3368729970376,718.3816303432745,610900
2023-07-28,714.221435546875,717.0925032393308,707.073061708433,714.2702512673616,258200
2023-07-31,721.1744995117188,722.0240957168294,711.2136485920136,715.9499656431366,274800
2023-08-01,708.3132934570312,720.2272496960952,700.4129549743076,717.5319543956451,614300
2023-08-02,704.8269653320312,713.5866151135357,703.5964992989253,707.5515261167292,341400
2023-08-03,705.930419921875,706.8483818432275,696.2820744860586,697.83481950347,297300
2023-08-04,691.6630859375,708.9089825389175,690.0321998107223,708.225383643076,324300
2023-08-07,700.4324340820312,704.045691044463,695.9500308992109,696.9559088045243,241500
2023-08-08,696.7509155273438,699.3583545786433,690.667010282424,698.1278884383098,270600
2023-08-09,697.9521484375,703.0009102690037,695.0810805116196,698.1669614667278,143900
2023-08-10,695.5789794921875,705.1589590086193,693.7918713781733,699.1433610526107,152300
2023-08-11,698.4381713867188,700.3767895574546,693.3467887636554,695.745619589534,130300
2023-08-14,700.7290649414062,702.2858753078644,696.910573828375,697.125949228963,133300
2023-08-15,697.9876708984375,701.022886817316,697.3512257412007,698.3695379927796,159000
2023-08-16,694.4922485351562,707.9060624040835,693.4445940609439,700.1025275859263,184900
2023-08-17,688.6566772460938,701.8551146008203,687.6090826177671,696.4895536365126,222300
2023-08-18,688.8524780273438,690.0861655612065,681.9301666785265,683.5848641269437,186100
2023-08-21,688.3726806640625,693.2290850012834,680.9216721662668,688.852434728164,141000
2023-08-22,684.2703857421875,692.387183576116,682.7527776714439,690.5171103586408,154100
2023-08-23,692.3577270507812,695.3734011374087,684.9360600771107,687.442578084669,188000
2023-08-24,693.630615234375,701.4732927878458,691.6625953527046,691.6625953527046,258700
2023-08-25,699.632568359375,705.5855715876133,695.432209599116,696.5483491493225,177100
2023-08-28,695.3832397460938,705.3603696537624,693.2487878409936,700.269047188076,246100
2023-08-29,702.8048706054688,704.8707775533692,687.354551936009,692.9942328873326,170200
2023-08-30,710.1580200195312,711.3035615806982,702.6188637394887,703.9798404995709,135100
2023-08-31,699.2213134765625,715.180787305882,698.8785892755014,711.6168141754764,353200
2023-09-01,695.9315185546875,704.1462023077893,686.9922435320158,703.1475511980339,263700
2023-09-05,678.53271484375,693.1116703005182,674.675020848879,692.9353779936561,220100
2023-09-06,679.051513671875,683.0266954566495,673.6958139236604,678.9927694981136,224200
2023-09-07,677.338134765625,680.2559216921367,673.4314974494976,677.8472908253051,261900
2023-09-08,675.5171508789062,680.393098081369,675.2038286024268,676.006705730884,224000
2023-09-11,677.5339965820312,680.3538368195567,673.6763026293127,677.6416842883006,180600
2023-09-12,672.1880493164062,680.6867122966545,670.8466143708132,674.9784873860604,162600
2023-09-13,670.6410522460938,675.9282075975494,669.162587365339,670.6997964246622,181900
2023-09-14,681.7147827148438,683.1736462925697,674.1952290067625,677.6416537729035,209400
2023-09-15,678.6404418945312,683.7514250872348,676.3983024217802,682.400249056986,304000
2023-09-18,679.3159790039062,683.359706134001,677.857115369291,679.5020122045681,247900
2023-09-19,676.6234741210938,679.7468361185823,672.9616137985431,677.915905957307,156200
2023-09-20,670.6803588867188,685.4355495679348,669.5446179036907,678.689469241173,154800
2023-09-21,668.203125,676.1534897651127,664.453118690708,668.9569987166215,271300
2023-09-22,667.2437133789062,675.1255949116037,665.9317397401045,667.3318595535092,160700
2023-09-25,675.4779663085938,677.6613616904021,666.2057669092275,666.2057669092275,176400
2023-09-26,671.2089233398438,679.4725496468501,670.572478299566,675.2721916613095,237100
2023-09-27,685.4844360351562,686.3264559835195,673.0693329654248,676.4472731770098,243500
2023-09-28,684.2506103515625,692.4164094008052,682.8015474991219,687.4817193216119,252200
2023-09-29,677.38720703125,688.9798311452671,675.2429546324427,686.7278910336688,225800
2023-10-02,680.109130859375,686.5614896577374,677.7495029300853,678.6698683787112,280300
2023-10-03,672.6776123046875,686.9921880698848,669.5150480588184,680.481086147313,365700
2023-10-04,684.231201171875,685.2592543339166,670.3767759687851,674.2540716268925,257500
2023-10-05,687.8734741210938,690.3017066951426,678.5425902119704,685.3473544858805,205200
2023-10-06,701.3557739257812,707.4262652080993,685.7781072109245,686.0914294443461,316000
2023-10-09,710.7454833984375,712.0869186428968,699.9850775483311,701.3558550080098,256600
2023-10-10,696.0294189453125,710.95103929573,695.6573525262775,710.745404771493,354700
2023-10-11,699.3682250976562,701.5712218565013,691.6822380875083,694.2769026186371,230600
2023-10-12,720.0176391601562,729.6031008532589,710.8531874336238,711.7050080246094,437800
2023-10-13,716.1795043945312,724.717311122036,712.7428202575283,722.6710055955134,274300
2023-10-16,716.4927978515625,726.1174014679639,708.7186658222182,721.7506112270653,219000
2023-10-17,722.7396240234375,723.5719031638497,713.2129053153196,715.6900816582771,158000
2023-10-18,696.9888305664062,720.8889254264706,696.9496877025003,720.8889254264706,234700
2023-10-19,688.1476440429688,703.5000760052914,686.2775111675462,698.6436706841048,267000
2023-10-20,677.04443359375,689.9099470512183,676.6919685083652,689.9099470512183,224200
2023-10-23,671.9824829101562,682.8897777918806,671.9139380694866,677.9550273445095,227700
2023-10-24,672.3643188476562,679.4922050658627,670.141721117809,677.3871554575095,275600
2023-10-25,663.2587280273438,671.8259385797651,660.321398695085,670.4062772106013,325100
2023-10-26,685.0536499023438,696.0686337513665,673.1868454164722,691.2122880075135,456900
2023-10-27,691.9954833984375,697.0574630996682,685.3570918851677,687.5796897134916,409200
2023-10-30,710.8923950195312,715.3277906992171,695.4028722063249,696.9302809664582,444800
2023-10-31,714.5836181640625,722.9353924684253,706.9073721537609,710.5986346862777,412900
2023-11-01,726.5972290039062,731.9040462001121,712.7820065338661,716.5613553449566,372400
2023-11-02,740.4908447265625,744.6618615607655,731.394937234965,731.394937234965,335900
2023-11-03,751.6917114257812,757.0180694544782,741.949619785146,745.2296126804221,363800
2023-11-06,751.1141357421875,751.6232320856943,742.2727475711413,750.4385477432036,269800
2023-11-07,756.783203125,760.7485851953342,748.167050287705,750.4679340262629,278500
2023-11-08,764.7042236328125,768.5129146822394,757.1161239875419,760.0436522245514,334600
2023-11-09,765.3992919921875,777.2465534434002,764.7041624557985,767.2106805218889,315200
2023-11-10,777.5496826171875,779.4046277608094,767.4211645742045,768.1572482118981,232800
2023-11-13,775.0076904296875,780.4547571043838,773.1528052453523,775.0960468206739,291200
2023-11-14,786.578857421875,791.3290161677943,777.7752674184194,777.7752674184194,295500
2023-11-15,780.0523071289062,791.1720933725928,778.5899639761953,789.0816111776353,284500
2023-11-16,780.2976684570312,786.2059852627958,778.9138576600285,781.0435760819945,232500
2023-11-17,787.31494140625,787.7860156880746,779.2474349142254,783.1241534158579,207200
2023-11-20,793.7631225585938,794.5973266696503,781.3772940919317,785.1558325751452,198300
2023-11-21,791.8002319335938,798.0127343207588,791.5450467039213,794.9702794345943,192800
2023-11-22,793.9691162109375,797.2668159371348,791.7314534387427,795.2057461204327,160200
2023-11-24,797.2276611328125,798.758712743917,791.5843530934161,796.7958229910835,88000
2023-11-27,795.3236083984375,800.3878972051805,792.84058415808,793.9201494969071,240800
2023-11-28,760.7572021484375,799.4163305255506,759.1868543916514,792.7326333555653,464500
2023-11-29,761.2969360351562,765.8312063185714,757.8029948664936,765.5956691458181,308500
2023-11-30,771.6021728515625,771.9358904766822,760.6198019600592,763.0341779931679,365000
2023-12-01,788.6693725585938,789.6606413198781,770.4831729664443,771.2683167695718,281400
2023-12-04,786.5299072265625,791.6726685284783,781.2497292724242,781.2497292724242,178300
2023-12-05,783.7523803710938,787.5113307242195,779.2671704510878,785.1558392454285,165500
2023-12-06,787.6389770507812,797.787083419569,786.2354581781015,786.2354581781015,212400
2023-12-07,792.4186401367188,797.1393877329402,787.7273047382685,794.8329562649575,240500
2023-12-08,789.1306762695312,795.1764097585689,787.2659670986511,793.4294092683652,235800
2023-12-11,802.2722778320312,802.7826483211278,789.3760781705719,789.3760781705719,227300
2023-12-12,805.8348388671875,809.3386037729862,801.6931109201216,802.0366525202782,210900
2023-12-13,803.61669921875,809.6721959949004,796.805470885972,805.9328942384518,220700
2023-12-14,813.4312744140625,815.4334002709501,798.3268243403355,806.050790239231,285800
2023-12-15,808.259033203125,810.8402378326723,802.4587207623164,805.4717635022004,503800
2023-12-18,817.700439453125,820.1148149787679,809.1815066500426,812.6460351924337,195100
2023-12-19,814.7855834960938,825.3949983799978,814.7070511468168,820.8607286270054,209100
2023-12-20,800.86865234375,817.4452667328866,799.1216521267672,803.243731605962,430800
2023-12-21,808.749755859375,810.3396916518777,803.9210641896499,808.111852677461,138400
2023-12-22,812.4891357421875,817.3865961068159,806.7084708126158,810.0061112968898,164500
2023-12-26,813.058349609375,816.5621149109515,810.8893349266925,814.1673870816936,102200
2023-12-27,815.8750610351562,817.2686958968244,810.064924515157,812.6166570678045,151700
2023-12-28,811.7529296875,815.4824676638501,810.428003234546,811.8609341361245,129100
2023-12-29,813.3134765625,817.2000194535163,809.1423362504325,811.7137167800139,153700
2024-01-02,798.1502685546875,810.4772145298217,794.1067202187535,806.2471892603189,240900
2024-01-03,793.9397583007812,803.8032662541422,786.1077883060518,798.1501347971639,283100
2024-01-04,800.8392333984375,803.9013360941678,793.4096897730348,793.4096897730348,242800
2024-01-05,803.5186767578125,807.9744144905095,796.8055681108076,797.7968369222386,229800
2024-01-08,806.9733276367188,806.9831516690056,795.5395318155516,806.2568921114157,171400
2024-01-09,808.70068359375,809.3582348308535,791.1230337475324,798.5329299376082,247900
2024-01-10,815.413818359375,817.4355922968979,807.8959174762309,809.9176914137538,198900
2024-01-11,821.5379638671875,823.3340245319798,811.2131459309039,815.4137582131268,204000
2024-01-12,826.4943237304688,828.8498153071307,817.8183848917965,826.6022682862173,168800
2024-01-16,824.953369140625,825.7189247956492,818.0341956629348,824.6197114725119,240800
2024-01-17,823.5106811523438,827.8191780974132,821.3122544872891,822.5881206872618,165000
2024-01-18,856.0161743164062,861.0509909783525,839.1451356550476,844.7197349813698,323900
2024-01-19,847.9683227539062,863.239601725915,846.3783869409536,859.5493596258048,312700
2024-01-22,860.3934326171875,861.1688124014929,849.4405342348225,852.4535771713785,266900
2024-01-23,859.392333984375,862.0618350713785,849.9606638885871,861.7085293220932,302600
2024-01-24,855.073974609375,865.5656221216732,852.424061617274,861.4435419009202,169000
2024-01-25,865.0946044921875,866.5667718173534,854.8286694464128,854.8286694464128,245500
2024-01-26,866.851318359375,867.018147207023,858.1753796447383,865.1141418488563,189400
2024-01-29,879.5315551757812,881.062606684326,863.1512388895392,865.1043643809943,334100
2024-01-30,897.80615234375,902.3796590064748,873.0442579422009,876.4989629973118,485200
2024-01-31,879.0211181640625,905.3827076100952,876.4889741440267,893.3501863776531,600100
2024-02-01,905.520263671875,907.9836997560488,879.9143419447836,884.6449131684802,349000
2024-02-02,954.4943237304688,960.7854185724929,892.280582113244,915.6880171104792,597000
2024-02-05,928.0936279296875,946.5741934280168,923.9518990420664,942.1871632026249,359900
2024-02-06,922.891845703125,930.0170847573189,916.885348311824,930.0170847573189,276000
2024-02-07,927.46533203125,935.0518811339424,925.5024424396495,929.1338001646377,275400
2024-02-08,932.3038330078125,934.8752135401138,924.3050939895563,930.1642905749698,207500
2024-02-09,943.0618286132812,946.2086251355462,930.3960161257748,933.3559699164634,237200
2024-02-12,931.4580688476562,941.9407683217329,931.2416962024452,941.4097700437351,138300
2024-02-13,919.854248046875,927.9670518059323,912.9706569785839,916.4911389305807,190500
2024-02-14,928.6949462890625,933.2085824080456,922.4013522867178,927.3870469689812,163600
2024-02-15,927.9967041015625,934.6344535070665,923.1093225880644,932.697182840459,179800
2024-02-16,920.2379150390625,932.471043975898,919.2447014325097,929.4029334405003,176500
2024-02-20,919.5986938476562,924.8990137677445,911.2006736773593,911.6727322010828,220700
2024-02-21,925.3907470703125,925.7152760684925,912.0267785708216,919.5790551219558,157400
2024-02-22,942.2456665039062,951.2238413789273,935.4506047192087,935.6276041556963,207500
2024-02-23,942.983154296875,951.2434877713141,935.0768797005964,941.7932547783919,158500
2024-02-26,947.6051635742188,954.1347570231411,946.2481077062149,946.5726367233887,179700
2024-02-27,953.416748046875,956.5340748802201,945.0187879175896,945.835002011445,138100
2024-02-28,958.490966796875,960.5953934754957,950.5158487062059,954.5083294042599,142500
2024-02-29,957.2716674804688,963.1915158333996,946.936436092961,960.2512482591748,395600
2024-03-01,964.5880126953125,966.7907527043398,956.7308330810959,956.9373624645035,193000
2024-03-04,971.176513671875,981.8067445358722,963.4767672042996,963.4767672042996,244300
2024-03-05,969.3670654296875,982.3868779121044,965.1287420609231,966.37758146238,222800
2024-03-06,966.2595825195312,975.2279143875011,961.3722611923837,972.405646574892,238800
2024-03-07,972.592529296875,978.8565932379413,965.0796259021382,971.4026896597546,189600
2024-03-08,954.1838989257812,979.1221559098703,954.1838989257812,972.5925625609275,206600
2024-03-11,947.9590454101562,950.0143155715301,938.7940277898654,950.0143155715301,159200
2024-03-12,956.2587280273438,961.1755792928835,949.2276667297161,950.0536641310389,136100
2024-03-13,958.5303344726562,960.3889187015534,945.805520683847,957.9304930083534,303100
2024-03-14,975.1984252929688,999.9793670803823,964.8140380702624,999.9793670803823,284600
2024-03-15,977.8339233398438,978.5321378621937,967.685534611011,967.8526907568671,278000
2024-03-18,977.9517822265625,996.763658216124,975.0902014656992,984.9533729742551,187100
2024-03-19,985.0025634765625,987.9822039781805,977.7158167378041,978.6500304274279,166400
2024-03-20,999.2615356445312,999.7532207935499,984.9141966074592,987.7954643782888,177400
2024-03-21,1012.428955078125,1016.9819644348319,995.4461305441414,1002.1231933708119,200900
2024-03-22,1010.0195922851562,1012.8713901100343,1003.8047449228033,1012.8713901100343,130900
2024-03-25,990.9815063476562,1004.8765325043662,989.5261376131616,1003.745632731381,285000
2024-03-26,988.6509399414062,997.4619589574747,987.7855693228568,990.0571521915099,212300
2024-03-27,1003.2048950195312,1004.2374218643344,990.391610801134,993.9317199890763,172300
2024-03-28,1000.3825073242188,1009.3999953865987,998.4846100124296,1002.3787776695623,165200
2024-04-01,992.8499755859375,1000.6972511481422,990.7848620031439,998.8681968475041,122800
2024-04-02,983.8619995117188,993.558016406416,979.7908320054523,993.2925472352496,187400
2024-04-03,989.9589233398438,995.5739295119481,981.4331193833141,981.4331193833141,164000
2024-04-04,976.6538696289062,999.4582294170857,974.1659739661661,995.6525911359415,157400
2024-04-05,997.9535522460938,1001.6018171120556,978.4828351607978,983.1243134875707,138700
2024-04-08,997.8453369140625,1004.6207717007151,995.6229707761413,998.6910808644083,148600
2024-04-09,990.9520263671875,999.0156141580233,970.0651924697908,999.0156141580233,190200
2024-04-10,984.2061157226562,997.6783004941465,978.9254221475352,985.5435449119725,235400
2024-04-11,950.2012329101562,972.6712201133788,946.0612223663774,958.0386653413528,371900
2024-04-12,948.9228515625,953.9675462262945,942.9341597818446,945.195899567874,249500
2024-04-15,939.531494140625,963.751905794309,934.2016447205981,963.751905794309,236300
2024-04-16,940.7804565429688,944.7532506176312,934.7130791017222,942.5996674387554,198600
2024-04-17,934.1231079101562,946.4742366008422,927.4558884199774,946.4742366008422,164400
2024-04-18,921.9488525390625,940.0920442772906,920.3263277619168,940.0920442772906,188200
2024-04-19,926.9739990234375,930.268265384336,917.277922650518,924.8794155693212,262000
2024-04-22,926.4036254882812,940.2494955165785,924.7711972498905,932.7070024286455,289900
2024-04-23,939.8953857421875,945.9824497061959,926.4035753520012,930.2092132401455,201500
2024-04-24,942.3833618164062,949.1882669720375,930.317389941627,937.9483524956454,295900
2024-04-25,932.0776977539062,939.6004442639562,905.5364839026362,920.021568709963,419000
2024-04-26,913.8067626953125,934.5460102569022,907.7786975053748,919.5889852919254,357400
2024-04-29,918.9595336914062,927.2984945231609,904.7596643387499,924.4467567014361,304600
2024-04-30,906.0281982421875,923.8075500001137,902.4880891845315,916.2651166351832,548800
2024-05-01,904.9956665039062,916.2945815405332,903.6779839256914,906.7460944309837,245600
2024-05-02,908.5357666015625,914.1409288168305,902.9993874836806,908.7717658501858,201400
2024-05-03,916.4420776367188,920.8869303947564,911.112227661477,914.2786510721802,129800
2024-05-06,924.4073486328125,926.1282465711131,916.4912301206609,923.551821316527,185100
2024-05-07,930.1600952148438,938.6858984312138,927.1706112578925,929.1963515612787,286800
2024-05-08,933.1397705078125,937.8403095642535,927.2199218475663,931.4680289181111,235400
2024-05-09,940.3084106445312,942.855305770246,933.7689750144441,935.8832448852653,172900
2024-05-10,944.7628173828125,947.1575338097017,938.081274046512,943.5112347487304,176600
2024-05-13,935.4796752929688,947.0984991170693,932.2373974742195,947.0984991170693,142000
2024-05-14,936.7509155273438,939.1554966122198,928.127938707476,938.6332218652409,277400
2024-05-15,944.2405395507812,946.0636590006708,938.1305330565805,939.825534907385,288900
2024-05-16,934.0505981445312,942.6933029165886,932.0697677790631,940.6632104331404,262700
2024-05-17,931.9317626953125,942.1118182211897,923.5650222293101,935.3218263862137,197100
2024-05-20,939.5594482421875,940.8799616830906,931.498144954553,931.498144954553,141600
2024-05-21,942.8804931640625,943.8856448203351,933.4099567849249,942.9100263735191,175300
2024-05-22,949.9169921875,957.5742151523011,940.8801289667474,943.9646958937955,214000
2024-05-23,940.8406372070312,954.8936344867251,938.7021559272415,954.8936344867251,222100
2024-05-24,952.370849609375,953.5533811575724,938.524764549922,943.0580226980906,158500
2024-05-28,925.48681640625,950.9911219817942,923.3877327447655,949.2074001071503,303000
2024-05-29,897.3512573242188,906.5162371412499,891.0342776473495,898.6028399746758,377000
2024-05-30,894.296142578125,899.8346118392282,890.0980359297176,898.8687976913168,291200
2024-05-31,908.0831298828125,908.9601639844861,884.9242808352308,893.9217448728792,503900
2024-06-03,875.6608276367188,909.295369372836,865.8355903748571,909.295369372836,413800
2024-06-04,874.2416381835938,881.4652451181802,869.0284549817325,874.4486112587585,240300
2024-06-05,877.345947265625,882.7167813592606,871.3049318178782,877.1094409755186,199400
2024-06-06,866.2691650390625,874.2318245066182,862.2779107021503,873.1182238858213,209300
2024-06-07,879.297119140625,887.1218557869663,863.558986070277,869.4324256696431,220100
2024-06-10,884.3330078125,889.2111606778047,876.3013574758669,876.3013574758669,158700
2024-06-11,887.2203979492188,887.3781089001936,876.4589412856933,882.9039779401198,171000
2024-06-12,901.618408203125,906.2008679998414,891.290505605564,899.2334960689805,298200
2024-06-13,907.6988525390625,907.7481146602453,893.0249959340248,897.932682126395,199200
2024-06-14,893.6260986328125,897.5483618334598,878.2328591446551,884.707489605286,399600
2024-06-17,904.1312866210938,912.1925294180869,890.7286832697204,890.7286832697204,364500
2024-06-18,911.0692138671875,914.676115508134,900.1895026656274,902.7911923494065,216500
2024-06-20,902.0027465820312,914.2424891994324,900.3668712074898,908.4281152260003,186400
2024-06-21,901.776123046875,902.8503260437977,889.152087502267,901.3326436417397,389200
2024-06-24,902.209716796875,906.3290286573115,896.8684155992606,904.3974602587688,283400
2024-06-25,896.8683471679688,898.8393130837701,885.9393146992438,898.3268426979477,195000
2024-06-26,895.5970458984375,896.060254171483,882.1649082167202,890.2163473821971,272100
2024-06-27,890.6204223632812,901.2143649174027,887.5063224594924,895.7942082618057,163600
2024-06-28,889.1421508789062,903.5006450609386,883.6530034832331,890.3050135730026,422700
2024-07-01,883.179931640625,895.587187944841,880.9133329771331,895.4492059016371,219100
2024-07-02,904.643798828125,906.9892531753602,877.533212077628,880.9528092092128,297500
2024-07-03,902.2196044921875,907.9551231104302,896.3559682644135,901.1651304017213,129000
2024-07-05,899.302490234375,905.2351170801725,894.897410141922,900.110593503834,169000
2024-07-08,904.0327758789062,909.6500408216286,900.1992928499144,902.771388958457,186000
2024-07-09,895.3803100585938,904.1708017096823,894.0991941690557,902.0125915011039,249300
2024-07-10,890.1671142578125,894.8678272724713,875.848017377802,891.881845056163,336800
2024-07-11,890.96533203125,906.0628783227518,889.8714002123659,896.97675413731,291700
2024-07-12,905.126708984375,920.36223718334,898.5633587300691,908.6251614930462,341900
2024-07-15,929.0936889648438,937.1253393024984,905.6194767538221,908.250699514576,323500
2024-07-16,973.7262573242188,974.3865141347097,935.2628245018619,936.6326603952864,416200
2024-07-17,960.6686401367188,976.08161021442,959.4466507199138,968.7890112346871,334900
2024-07-18,943.4619750976562,968.680511123054,941.2840961985117,954.6077852403918,321200
2024-07-19,932.0994262695312,949.5326233857262,928.8571486222261,949.5326233857262,192200
2024-07-22,937.79541015625,939.3032279325461,922.6781354747236,936.7311318837997,201200
2024-07-23,937.4899291992188,944.8120603849123,935.3218546542035,937.6771733678588,159000
2024-07-24,919.0909423828125,936.6817884813689,918.6474630380792,934.7995425659014,212600
2024-07-25,940.298583984375,950.2420733000272,917.8492534358294,923.3384007037988,217400
2024-07-26,956.253662109375,964.1769242846367,946.1819939248974,947.4729743318575,213300
2024-07-29,952.77490234375,958.8750450672545,951.3262710752952,957.0519254132574,130600
2024-07-30,952.331298828125,958.4314407567347,946.822482765003,953.5927458885468,159900
2024-07-31,962.629638671875,977.4907390277723,954.9626122743409,960.5502839952704,385100
2024-08-01,928.6796264648438,972.4054967609007,902.9979451810603,925.7035090875281,573100
2024-08-02,938.9583740234375,943.4029122050089,914.8436326495016,924.038206352332,361100
2024-08-05,936.198974609375,944.8416796661248,910.8326521095643,931.4588038407145,278700
2024-08-06,938.8302001953125,956.9927046594576,929.1133523351308,936.8592342123576,300100
2024-08-07,937.381591796875,959.6140862176843,933.0553069236091,948.7047820196323,259000
2024-08-08,958.1260375976562,959.574728968809,945.6005864401368,945.6005864401368,207700
2024-08-09,965.0933837890625,967.5472269101227,949.2369353693454,955.918539184912,154500
2024-08-12,947.4754638671875,963.9576802966911,945.5300187659852,963.9576802966911,145500
2024-08-13,949.174072265625,952.1762033597792,928.1688589273471,950.2208731312096,248700
2024-08-14,940.8391723632812,949.1642140663215,936.4939269816687,948.7099192342891,227300
2024-08-15,946.9027709960938,953.6575813996741,938.1629145391065,947.8705510171518,209700
2024-08-16,954.3389282226562,958.4076304219029,944.6905430127689,946.5965680334288,294800
2024-08-19,946.21142578125,957.9534129032324,939.1306469799413,953.5192615802309,280100
2024-08-20,950.4182739257812,954.0524511891339,944.8188212627703,947.0902347932328,147500
2024-08-21,968.0460815429688,972.0555329356448,953.5686221621082,955.6029731588792,200000
2024-08-22,964.9847412109375,973.4381688550693,960.8962687509102,969.7052000154052,154600
2024-08-23,970.0014038085938,973.5170800738847,962.5651822212466,968.855872109349,131200
2024-08-26,961.4691162109375,974.6627736583599,953.2329202468087,973.7245888250229,183500
2024-08-27,955.3165893554688,961.8048016901273,948.8283770208102,957.6471934647179,161400
2024-08-28,956.2843627929688,961.1924582296216,949.2332400787855,955.3658880881533,160300
2024-08-29,955.988037109375,968.4312053155599,952.778499082922,959.9086425956024,141900
2024-08-30,972.6580200195312,973.2011606269167,954.0624913562878,959.3458613262983,313400
2024-09-03,948.1074829101562,971.0877963292633,942.5277999328215,970.4162693977468,217400
2024-09-04,940.4342041015625,949.5196784395017,933.1065981374476,946.5471425485567,143500
2024-09-05,926.7960815429688,935.7432838390685,915.6466616147758,935.7432838390685,242500
2024-09-06,936.1284790039062,945.1645876867914,930.3513342888041,930.3513342888041,174300
2024-09-09,960.0371704101562,964.8267652914715,943.1105436733427,943.1105436733427,237000
2024-09-10,965.5081176757812,966.9696727523753,954.9610882771708,964.73785982673,172400
2024-09-11,976.3316650390625,977.7141991834116,945.5299712324252,965.0933387010981,199100
2024-09-12,984.5184936523438,985.9207981732127,967.6906585760593,976.2921829408168,128900
2024-09-13,981.447265625,990.7598579035835,976.7761719024926,984.4889374857268,198600
2024-09-16,995.6580200195312,996.5368938981852,981.6940455686879,989.4759460540791,207400
2024-09-17,1001.3562622070312,1010.3824866702064,997.9887421099819,1000.8624870430758,180000
2024-09-18,1000.566162109375,1015.8040553411678,996.7245771437489,1003.943567111084,158600
2024-09-19,1017.275390625,1021.2354763908655,1009.6515323600117,1021.2354763908655,156600
2024-09-20,1019.3690795898438,1024.3167159352658,1007.1037224886597,1012.4562279112735,323600
2024-09-23,1029.106201171875,1033.678563118455,1019.8924018115156,1024.5536095160812,233600
2024-09-24,1027.7532958984375,1030.3505576601146,1013.7795574734399,1023.9809073020966,216200
2024-09-25,1019.309814453125,1035.95989580804,1018.5197260990476,1033.2737882850688,246800
2024-09-26,1030.933349609375,1034.607007479257,1022.391016134357,1023.9315317843937,193300
2024-09-27,1023.0428466796875,1033.244318897351,1018.5594500871474,1027.4276328984088,148100
2024-09-30,1025.8773193359375,1031.486538266089,1018.1150668770412,1025.9266245270494,238100
2024-10-01,1026.9534912109375,1033.7181860638411,1017.2457954590952,1025.3635498331428,142100
2024-10-02,1025.20556640625,1028.2372926922756,1022.1342995332501,1025.0771800491536,91900
2024-10-03,1016.3374633789062,1024.4946388863934,1008.2395384812072,1024.4946388863934,147700
2024-10-04,1020.3762817382812,1024.5733697704663,1010.3427989871675,1024.5733697704663,96000
2024-10-07,1010.1058959960938,1016.7323796874689,1005.9088075509131,1005.9088075509131,220000
2024-10-08,1015.7548217773438,1018.2631176324793,1011.5577328893542,1017.1175254994782,131200
2024-10-09,1016.7816772460938,1024.0007271819588,1011.4686522674119,1012.7525157671274,231800
2024-10-10,1012.3970336914062,1024.4747537895896,1010.4910086936782,1012.7525373102981,173900
2024-10-11,1071.531494140625,1075.2841125232073,1032.9774962401482,1035.0513275240173,514500
2024-10-14,1084.6954345703125,1089.9097282037676,1071.9067085704341,1082.246329528992,195100
2024-10-15,1072.054931640625,1092.2405225627058,1071.0970367768377,1090.7591971050897,265100
2024-10-16,1099.0743408203125,1101.7406782460841,1080.5774235765234,1080.5774235765234,209000
2024-10-17,1105.5328369140625,1106.0167268870366,1089.3074539986496,1093.5439625487807,134400
2024-10-18,1112.9691162109375,1114.4702118580703,1100.4075061384565,1110.292893646984,253400
2024-10-21,1106.4117431640625,1115.85278107309,1097.2078282128862,1115.7539296112507,153500
2024-10-22,1085.24853515625,1104.9204569153005,1079.9453956934203,1104.9204569153005,243000
2024-10-23,1078.9283447265625,1084.0536728553252,1072.1636493660978,1077.7926377856209,100100
2024-10-24,1068.73681640625,1079.4320637561418,1068.0060387976494,1076.9038770178424,148900
2024-10-25,1077.35791015625,1085.0410793080102,1069.7834776062234,1069.7834776062234,169700
2024-10-28,1090.3837890625,1093.7019432133964,1080.7947153557277,1087.3224076033896,186300
2024-10-29,1084.67578125,1093.7908506708582,1081.3971674976979,1086.8188086675343,191500
2024-10-30,1085.6534423828125,1099.0249111506491,1083.3920343173975,1086.3447998781564,292400
2024-10-31,1095.4202880859375,1115.9416101558636,1077.6048439175656,1114.5097105873588,490500
2024-11-01,1091.3121337890625,1103.4195098538344,1087.7569768947221,1097.6720202722172,248300
2024-11-04,1082.0391845703125,1094.1169056613348,1080.4393578785034,1094.1169056613348,153700
2024-11-05,1108.051025390625,1108.801573139728,1081.3871716582776,1081.3871716582776,171500
2024-11-06,1180.0831298828125,1184.0728718805137,1135.6829046393584,1149.933309258958,399200
2024-11-07,1174.1478271484375,1182.2852316034187,1165.0426427319055,1178.5424981123547,264100
2024-11-08,1189.4317626953125,1197.2667126032266,1168.4199778264417,1175.2359652133869,287200
2024-11-11,1207.812255859375,1214.4699287269927,1194.6253974623667,1194.6253974623667,223900
2024-11-12,1195.3575439453125,1209.2071277450782,1191.618248096054,1206.9614973361388,191800
2024-11-13,1189.095458984375,1205.536886727596,1185.4450420263663,1194.2395412092997,186100
2024-11-14,1163.374755859375,1187.1069935106063,1153.7295115371014,1185.6429142066795,393200
2024-11-15,1165.669921875,1166.6196897044265,1156.262088115394,1161.3963892983218,232100
2024-11-18,1159.53662109375,1173.1784997528334,1155.154163951756,1168.9048462780002,191900
2024-11-19,1159.4771728515625,1164.7796910326435,1147.111473426769,1147.111473426769,138500
2024-11-20,1165.78857421875,1166.797634564358,1149.5351673067391,1159.4079219280325,143400
2024-11-21,1181.5771484375,1186.553013732996,1160.6741668805416,1169.9632940768877,157000
2024-11-22,1193.6856689453125,1194.4968056583243,1182.5367355089422,1189.431820225266,206700
2024-11-25,1202.6978759765625,1214.2523183524384,1186.7906830787656,1195.6741825764657,457500
2024-11-26,1204.22119140625,1206.5854066139411,1188.9668227653901,1203.4693473014852,187100
2024-11-27,1192.9140625,1208.1980185586935,1190.4409226355654,1206.8922538441363,163800
2024-11-29,1192.3896484375,1201.9458940495608,1192.3204536597693,1192.7853749412054,126600
2024-12-02,1181.1617431640625,1195.070740269074,1177.6993472186302,1195.070740269074,201300
2024-12-03,1180.3406982421875,1188.7691785084298,1171.4966869914167,1186.276234118833,206300
2024-12-04,1179.7864990234375,1183.5556217648545,1175.6810631064839,1180.5977564429186,180200
2024-12-05,1175.879150390625,1182.4676290613288,1173.702714768966,1175.641738614995,192000
2024-12-06,1172.426513671875,1179.8360304330463,1168.4397835575735,1177.719008392887,194700
2024-12-09,1149.5648193359375,1176.8583546752259,1144.4404208520946,1176.8583546752259,309100
2024-12-10,1145.07373046875,1149.8319890684538,1131.1450493615848,1146.330104919206,285800
2024-12-11,1143.0850830078125,1157.162173795628,1135.6458600306603,1157.162173795628,262300
2024-12-12,1136.664794921875,1146.6661563796754,1129.126670698788,1146.6661563796754,208600
2024-12-13,1130.343505859375,1137.2385900990828,1126.821817854846,1132.9353513362191,179800
2024-12-16,1127.633056640625,1137.6542240625106,1124.7048977246056,1133.1135731469196,255800
2024-12-17,1108.2734375,1124.1113148215202,1103.4062545499808,1122.202118383366,306100
2024-12-18,1079.6046142578125,1112.576591190809,1077.9229275058021,1110.7068830203814,339400
2024-12-19,1069.9298095703125,1092.0099490040366,1069.751690367355,1086.8954523241355,325200
2024-12-20,1081.217041015625,1087.3504997740301,1060.3239621810785,1066.0418900070808,732600
2024-12-23,1070.711181640625,1076.5082066404482,1063.6379779052922,1076.5082066404482,257300
2024-12-24,1079.2584228515625,1081.098424403371,1071.2454739134355,1073.0854754652437,121100
2024-12-26,1070.998046875,1077.96244657929,1069.0195352098058,1077.705230402113,118400
2024-12-27,1057.4947509765625,1071.1267262389604,1053.3597289460624,1063.2818738305914,173500
2024-12-30,1046.8404541015625,1054.4280903770484,1034.1087354161464,1049.4322997460606,181000
2024-12-31,1042.725341796875,1050.7184868550198,1039.7575737778245,1048.4728563991987,168600
2025-01-02,1030.517822265625,1053.9533595443804,1027.5995653885432,1052.4199644510597,160200
2025-01-03,1042.6658935546875,1047.0483506499231,1026.5014847647135,1032.061098503865,170500
2025-01-06,1042.685546875,1053.3002426078276,1037.996483902239,1042.349233705308,212400
2025-01-07,1051.3316650390625,1053.8938039035777,1034.2868058955185,1040.113537400996,298100
2025-01-08,1057.356201171875,1067.5257804099951,1045.4357404963039,1048.0176838037141,239800
2025-01-10,1041.1719970703125,1056.7230703397252,1037.9965243755007,1045.1488249827532,288900
2025-01-13,1064.4195556640625,1066.7541851226788,1041.1720417584522,1041.1720417584522,267800
2025-01-14,1076.1917724609375,1083.3737803503034,1065.9827041457934,1073.204200157361,296000
2025-01-15,1081.61279296875,1104.9889142111474,1079.9903988367425,1090.110467153732,539800
2025-01-16,1098.420166015625,1104.593112617944,1081.6523283162162,1086.8953116612781,300700
2025-01-17,1101.6353759765625,1115.56417671208,1081.6821612178317,1097.7377655890298,697500
2025-01-21,1109.4603271484375,1121.1532780472714,1100.4976112708446,1111.4784477055157,343300
2025-01-22,1110.865234375,1116.5336516333564,1105.0087956920322,1109.9451732098653,308300
2025-01-23,1109.361572265625,1118.3835818909079,1106.7499220110976,1114.891479331125,141400
2025-01-24,1109.519775390625,1114.7331737221007,1103.841455731062,1107.1060487657398,108600
2025-01-27,1120.253173828125,1126.3964141273218,1101.8826247292964,1101.8826247292964,215800
2025-01-28,1119.12548828125,1125.4270437858604,1107.3236117885017,1114.8320305572609,167200
2025-01-29,1102.0408935546875,1126.9107995378222,1098.5289870651463,1115.1089243872361,257200
2025-01-30,1113.9713134765625,1118.4724760252589,1106.4135048358823,1109.5889775616567,293800
2025-01-31,1051.252685546875,1072.3039608204851,1018.9435517408823,1050.7876434641062,839700
2025-02-03,1035.4937744140625,1043.6650383083452,1019.5865820426767,1032.5557131935395,439000
2025-02-04,1031.388427734375,1045.4062293868049,1029.222014956706,1045.4062293868049,298100
2025-02-05,1031.7147216796875,1036.8984125078082,1010.7820347482493,1031.4969936229595,345400
2025-02-06,1034.0887451171875,1039.747379661603,1025.5317796715467,1033.8217475078125,223000
2025-02-07,1024.6712646484375,1037.1951568476393,1020.4273183804909,1034.5539209959284,194400
2025-02-10,1029.349853515625,1034.2366101945317,1020.9840339009069,1034.2366101945317,165100
2025-02-11,1037.17041015625,1038.5779826760504,1024.1062302402477,1028.4972563507574,216900
2025-02-12,1018.52587890625,1024.711068177645,1016.6723064963651,1020.5478808999565,345100
2025-02-13,1018.8032836914062,1027.4665170382832,1015.4233183248924,1021.6976830446096,219400
2025-02-14,1018.7041015625,1027.2781584808379,1012.5684618559826,1019.2294759594098,299200
2025-02-18,1013.658935546875,1020.7560885245592,1002.8249327867968,1017.7129822695297,377300
2025-02-19,1012.0728759765625,1013.113702937569,999.6529499330858,1006.3832961857644,316600
2025-02-20,1015.3043212890625,1018.2085213417828,1003.9944936443735,1015.3142431457545,241100
2025-02-21,999.0484008789062,1014.4816081068764,989.6416935513657,1014.4816081068764,285100
2025-02-24,989.255126953125,1000.5054238604506,989.255126953125,996.3522191992315,353400
2025-02-25,994.7464599609375,1000.6243738237639,982.1381995096219,987.480817080279,286200
2025-02-26,999.2267456054688,1004.0539709145368,995.5790717671478,998.3544691985738,163600
2025-02-27,1002.0418090820312,1012.5983020894342,999.0979214681838,1000.911866850962,171900
2025-02-28,1012.241455078125,1020.8154519334663,997.8191890600255,1011.0420598744704,312100
2025-03-03,990.7221069335938,1015.4827061143442,987.6493562142914,1012.0332878231109,279100
2025-03-04,980.0963134765625,993.7354188637829,973.9804564147149,983.5952806659182,313300
2025-03-05,976.4088745117188,989.3046260640344,969.2621733392276,980.6017058914673,393300
2025-03-06,987.0744018554688,989.4037392144329,969.7082486630131,971.2049970464938,269300
2025-03-07,998.8599853515625,1004.4306238467923,982.0489117988681,982.7030888449477,326500
2025-03-10,1006.9185791015625,1022.1436074120327,999.0780134944849,1000.3765062152422,363000
2025-03-11,972.9197998046875,1000.2377572058864,971.1753074713691,996.1837106910377,491700
2025-03-12,959.7861328125,984.2791431389767,958.2200524583156,976.1511461713374,362000
2025-03-13,945.165771484375,957.7740929897725,944.2737117900439,956.5251489185773,331000
2025-03-14,959.3203125,960.400705903157,945.1656948397782,956.0393843643403,267100
2025-03-17,968.8261108398438,971.9088440103295,956.5548907992367,956.5548907992367,212200
2025-03-18,966.2092895507812,970.3723554602936,957.7244685223068,964.7918555102947,205800
2025-03-19,974.9518432617188,977.0036106595909,960.2719115582487,964.9999788434733,251600
2025-03-20,965.1089477539062,975.7149886787795,962.4921791446304,966.3876572382346,196900
2025-03-21,964.5440673828125,965.3469513073974,953.5514363668261,958.3489566995561,385000
2025-03-24,982.881591796875,984.3089477136031,972.8801785228568,972.8801785228568,259200
2025-03-25,981.5037231445312,991.1482514604984,973.0189025322373,984.3782180125278,204000
2025-03-26,979.511474609375,990.7617719160625,978.2724524170468,983.9421889295578,158500
2025-03-27,978.5697021484375,982.9905546427957,971.3833741929706,982.9905546427957,140800
2025-03-28,966.4669799804688,978.3020607116373,959.6176320993369,978.3020607116373,214800
2025-03-31,979.1546020507812,984.5963775690416,959.7763080261516,961.5802710092472,252100
2025-04-01,985.3298950195312,987.530429841366,968.1520748057006,972.6423201656263,226600
2025-04-02,996.0944213867188,997.8588178388496,974.0101236599461,976.2105977978183,255200
2025-04-03,964.8611450195312,969.014349388488,946.6227765788035,947.4950529497866,388400
2025-04-04,934.1532592773438,966.5363235401943,931.2093718439597,951.2716077576331,451500
2025-04-07,915.7363891601562,945.1458599906031,886.1386450579577,916.4500973178863,443500
2025-04-08,911.8508911132812,948.3970828568074,901.1061251293623,936.7007261016075,295300
2025-04-09,956.891845703125,971.4032876465465,894.5145218312528,902.7515386660943,503000
2025-04-10,952.2529296875,959.2310804795736,921.882004997439,956.4160561057046,312000
2025-04-11,985.2703857421875,990.3157104135414,948.4664680022499,950.6075320962509,395300
2025-04-14,991.4159545898438,996.6892400081542,971.5222081120174,985.2703927565269,237200
2025-04-15,990.9500732421875,995.2123578434531,984.0710198357988,989.9687773778753,161600
2025-04-16,976.6765747070312,1000.2179955984816,970.0651089436177,982.6833516808424,306400
2025-04-17,993.8840942382812,1004.5892334730034,978.8076509957734,981.1965195712353,412200
2025-04-21,970.18408203125,989.2650226104298,959.6077456937047,989.2650226104298,284900
2025-04-22,990.0777587890625,990.8410157649428,976.3494180746682,976.3494180746682,221900
2025-04-23,983.6051635742188,1009.0200001351849,980.6711373779228,1001.6254942514752,184100
2025-04-24,1010.1995239257812,1012.3702930674264,974.2281955580443,987.7087923209211,246400
2025-04-25,1004.9659423828125,1013.3516663861618,996.7190033852254,1013.3516663861618,149600
2025-04-28,1002.5275268554688,1019.0411880982364,995.8962776288195,1009.4660511673953,187900
2025-04-29,1003.8161010742188,1006.5221060417724,996.0647713823506,996.0647713823506,307300
2025-04-30,1015.3142700195312,1017.3958030096711,989.562392789282,1004.4802072162915,459000
2025-05-01,1044.1785888671875,1073.4392358040025,1016.9596666195586,1036.5362175803743,464500
2025-05-02,1058.620361328125,1065.2219042024306,1048.044026331146,1048.044026331146,310700
2025-05-05,1056.1224365234375,1066.75818128095,1051.9792149991285,1051.9792149991285,265300
2025-05-06,1032.7200927734375,1051.473977260036,1031.5108360872707,1043.752351816327,213400
2025-05-07,1034.5736083984375,1042.4835067119532,1030.4699523789968,1035.4954941484632,170900
2025-05-08,1036.7047119140625,1050.2050923713527,1034.851139624345,1041.6608004960083,221800
2025-05-09,1027.952392578125,1039.281944304297,1021.0335906765268,1039.281944304297,287200
2025-05-12,1060.3861083984375,1066.3067505975848,1039.4953664395537,1053.4224873246385,303400
2025-05-13,1059.3133544921875,1068.0352824624042,1056.4126337656692,1062.8994509783429,280000
2025-05-14,1062.730712890625,1071.5121812481934,1054.9325623577597,1060.4259973182602,203200
2025-05-15,1077.333251953125,1081.0484927579037,1062.9093188228028,1062.9093188228028,279800
2025-05-16,1094.369873046875,1095.5419965692793,1078.8532421961263,1079.78696360338,389000
2025-05-19,1093.128173828125,1096.3863765757678,1085.578490368916,1085.578490368916,185300
2025-05-20,1084.3070068359375,1094.7176377382218,1081.0387390718975,1088.1910457377705,149300
2025-05-21,1074.2239990234375,1083.7703905308622,1071.1147068717464,1072.902843920568,150000
2025-05-22,1071.0054931640625,1077.7902524284004,1064.836626239514,1074.6214202521091,157800
2025-05-23,1064.7869873046875,1070.618138541627,1060.0485327174881,1062.3234177634463,127600
2025-05-27,1082.5982666015625,1084.0187357037626,1068.0947847422876,1075.6346454078673,168600
2025-05-28,1073.90625,1087.585026519036,1072.6048605901235,1085.7174623835992,159000
2025-05-29,1078.5550537109375,1079.9458133962098,1068.7006561328012,1074.7703296253999,150300
2025-05-30,1080.3631591796875,1085.181040182731,1074.2041147552939,1079.6776621796068,360800
2025-06-02,1067.329833984375,1082.5186911975882,1055.051640848641,1072.4557216325493,159400
2025-06-03,1080.840087890625,1081.9923244455615,1065.849856523741,1067.866452388674,176500
2025-06-04,1068.83984375,1083.6313243887444,1068.83984375,1080.8300389688309,189800
2025-06-05,1078.336669921875,1079.0717633248094,1065.3034954161035,1070.5187539237581,144900
2025-06-06,1087.1280517578125,1090.5850036150703,1081.922736919008,1090.5850036150703,167700
2025-06-09,1071.2239990234375,1092.7208120965483,1070.200785887288,1092.7208120965483,170100
2025-06-10,1078.15771484375,1080.9193472615261,1064.906026416289,1075.843177302778,172300
2025-06-11,1071.4923095703125,1076.101619518662,1066.5552270090252,1076.101619518662,166300
2025-06-12,1074.3929443359375,1075.7240429980427,1063.0285849192912,1066.108046568573,149700
2025-06-13,1057.1876220703125,1072.3864254633918,1054.932624001908,1066.8929901818867,157600
2025-06-16,1064.7073974609375,1070.5087172281872,1056.531757737108,1066.4358732863254,152700
2025-06-17,1038.5416259765625,1069.51534557263,1036.0880003132347,1062.1245167422371,287300
2025-06-18,1035.770263671875,1044.243724963352,1035.5119744987444,1041.2735207348728,225500
2025-06-20,1030.356201171875,1045.167568683736,1023.7700701314411,1043.0019414075568,392300
2025-06-23,1031.458740234375,1032.69052475296,1018.5447685774303,1029.839522014581,296400
2025-06-24,1034.48876953125,1041.0649574462973,1028.0218391499282,1035.2835241106459,242800
2025-06-25,1017.0945434570312,1035.9190934756937,1016.1707050004859,1035.9190934756937,221900
2025-06-26,1008.7600708007812,1020.0846558799985,1001.9157112580757,1020.0846558799985,318700
2025-06-27,1021.9423217773438,1024.5946969012516,1011.2138021172577,1013.8561730831752,375400
2025-06-30,1033.3563232421875,1034.4390763406182,1018.7833566042543,1020.809895945835,338000
2025-07-01,1045.1575927734375,1052.389446488369,1027.9323741485289,1031.9853311007096,268800
2025-07-02,1028.4290771484375,1041.3926461854128,1025.180696928967,1040.2999496736295,210800
2025-07-03,1043.5384521484375,1045.3265892895388,1029.8199018358155,1029.8199018358155,158300
2025-07-07,1027.10791015625,1044.8299433838504,1025.5881269090758,1041.6213369272773,245500
2025-07-08,1029.76025390625,1037.6575969787873,1023.194009548623,1023.2734365011844,278300
2025-07-09,1038.3729248046875,1038.3729248046875,1026.1244398796714,1033.455608233779,295200
2025-07-10,1040.9356689453125,1055.4688591218862,1039.6344009849222,1042.9522644332717,405500
2025-07-11,1052.4788818359375,1054.346445904637,1037.5086599689698,1042.0185343458936,324800
2025-07-14,1050.5714111328125,1069.6543702168067,1030.375989831758,1055.6674678879856,436100
2025-07-15,1032.501953125,1060.0186010805787,1032.3131473851872,1051.6444541441683,310700
2025-07-16,1032.770263671875,1038.809986338406,1017.8098632298638,1038.809986338406,500800
2025-07-17,1015.4058227539062,1042.0284629308737,1004.3991877696192,1037.2304688755091,676000
2025-07-18,1021.544921875,1025.5482826577768,1011.9389295854006,1017.8396243624742,748500
2025-07-21,1015.4654541015625,1027.3165616218857,1015.0780809755976,1021.9920455511419,254400
2025-07-22,1028.2701416015625,1032.5913314470054,1015.2568544326638,1015.2568544326638,233100
2025-07-23,1037.8463134765625,1039.7536515367192,1032.323048554189,1035.4820582690559,203800
2025-07-24,1045.2470703125,1048.1279041148457,1035.6610251997743,1035.6610251997743,235500
2025-07-25,1047.045166015625,1048.4855223061493,1037.8464332755514,1048.4855223061493,241400
2025-07-28,1041.4324951171875,1047.4821611024463,1035.9390603226598,1044.9689953235275,140800
2025-07-29,1048.0880126953125,1048.0880126953125,1039.2667713140308,1045.137695796466,275900
2025-07-30,1035.770263671875,1055.300077986135,1028.3198942835447,1049.5484752768593,256400
2025-07-31,1032.660888671875,1043.1807754526392,1029.6111364726862,1029.6111364726862,427500
2025-08-01,926.2695922851562,954.2035036832727,909.8092367789792,929.9848331805217,1263000
2025-08-04,932.0610961914062,934.6339231296311,920.8855421250066,923.4782561169086,410800
2025-08-05,929.4385375976562,941.8259891262654,923.3192670209955,929.2597360110426,308700
2025-08-06,953.9154663085938,954.8393047904142,931.1968125831171,933.2530610751076,393000
2025-08-07,936.2730102539062,962.1009569222444,935.3591152716255,958.9817211192582,440800
2025-08-08,943.8425903320312,945.1240320258441,932.2895461404399,944.0213919196846,208700
2025-08-11,935.7670288085938,947.7757841988755,930.340173359386,942.8268698117058,254500
2025-08-12,956.6180419921875,957.2254355440156,935.7172372619843,939.9491792072403,200900
2025-08-13,977.897216796875,978.3751578407996,954.5070349346186,956.8270910651848,306800
2025-08-14,970.419189453125,978.4449408870016,966.3664751835768,974.3623856878859,210400
2025-08-15,965.808837890625,975.0593435460548,964.3849211390889,974.8602419506802,237300
2025-08-18,973.9739990234375,977.249998164651,957.7033997972354,957.7033997972354,351400
2025-08-19,991.170654296875,995.751084977442,977.3197226703779,977.8275654478481,352100
2025-08-20,995.3826293945312,999.4453107056423,988.1036916323603,991.160654656394,353400
2025-08-21,989.8462524414062,999.4851153013509,985.7337957475153,992.9032154545298,341300
2025-08-22,1017.5181884765625,1020.9436354136124,993.3712246808645,995.8905040966871,333400
2025-08-25,1009.1439208984375,1019.1312723969838,1004.6829148354012,1017.518160546667,273100
2025-08-26,1007.6602783203125,1011.7727351163494,1006.086974606793,1009.2634229626124,393200
2025-08-27,1012.7286376953125,1012.8083148000394,1002.8308693928733,1010.9362978818122,229900
2025-08-28,1010.1596069335938,1012.9377914477701,1005.2406547582485,1012.9377914477701,241100
2025-08-29,1009.1937255859375,1019.2707217134421,1001.5065563749844,1010.6873522148263,337900
2025-09-02,1012.5394287109375,1017.1597283087381,994.5263257066267,1001.2177437924156,376400
2025-09-03,1014.4114379882812,1014.4114379882812,1008.2377691829245,1010.5280452705891,250300
2025-09-04,1023.6619873046875,1024.2793480973614,1005.3899189610127,1013.7940603049532,256900
2025-09-05,989.248779296875,1025.3050079399663,979.8489476077928,1022.3077875164755,416000
2025-09-08,993.5604248046875,994.5363021998166,968.0094785931636,989.2488055705436,300400
2025-09-09,990.6229248046875,993.5604026078283,977.5089002680706,992.5248433773291,193700
2025-09-10,989.8363647460938,993.4111380401458,973.9043466839706,984.5588959181806,343000
2025-09-11,1010.378662109375,1011.3445114810557,979.3809262400194,995.751076366518,362300
2025-09-12,999.7938232421875,1011.1553162814478,999.7340806086422,1009.0841978013289,276500
2025-09-15,1008.3174438476562,1011.0657265255501,993.6400827969844,1001.2277010898713,326500
2025-09-16,989.4181518554688,1013.4854392722362,966.5756188610958,1007.5706752219252,403000
2025-09-17,993.6898803710938,1005.1808260983877,984.6683779047515,994.8150839676005,278000
2025-09-18,1000.9588012695312,1007.3415994881088,987.5460638958922,992.9032093680289,269100
2025-09-19,983.4136962890625,1005.3998968566068,976.2044682910802,1005.3998968566068,488400
2025-09-22,975.0095825195312,983.3938504966967,970.2598911246935,973.685277321984,342400
2025-09-23,971.634033203125,985.7935846096685,967.591225410339,980.2771454195331,273800
2025-09-24,948.8810424804688,970.3294982565336,948.8810424804688,962.9510097041984,289900
2025-09-25,947.666259765625,955.2439107186309,944.9677525234856,948.8810468820386,259300
2025-09-26,955.6521606445312,959.914004421864,951.5397038389154,952.206900818374,162100
2025-09-29,943.9520874023438,957.38475971941,939.9989847953794,956.7076562795202,272500
2025-09-30,948.9109497070312,951.051778015327,933.8352641091317,941.2037854697021,318200
2025-10-01,939.989013671875,951.2708903553154,938.5451624596933,942.8070062279733,247400
2025-10-02,949.6975708007812,950.4742857977884,936.7428398225286,936.7428398225286,268700
2025-10-03,952.5255737304688,965.5599216256609,946.8497802919559,949.329190812655,240300
2025-10-06,954.8257446289062,963.638117466162,946.8198669677935,956.4886319321805,320300
2025-10-07,954.7460327148438,960.0135339102452,949.7672774457538,955.9210116652504,217100
2025-10-08,963.0804443359375,963.5185772216257,943.9819468101937,947.2679130649452,194900
2025-10-09,964.414794921875,969.1346451810715,953.7303448134923,968.2484121591864,230800
2025-10-10,943.5338745117188,976.1447218141325,941.1341411920478,972.540107829336,253600
2025-10-13,931.51513671875,943.7031198031584,915.2545051130027,935.8765311642637,327100
2025-10-14,955.6621704101562,959.924014377158,921.4780174352595,929.1851821575711,278600
2025-10-15,953.9195556640625,957.7332992707527,945.3660880266008,955.8214742379141,216500
2025-10-16,950.504150390625,957.3648899317141,945.6548474834134,954.1087644453527,259300
2025-10-17,950.9323120117188,957.4146612519713,942.0800703443668,945.963523857902,238800
2025-10-20,966.7946166992188,967.0535217028444,954.2979528634247,956.2994222482596,151000
2025-10-21,967.4119873046875,976.4932323384138,965.9084542179307,970.7776308342727,189800
2025-10-22,963.8870239257812,974.3224755629959,961.8357791777985,969.7619794769797,199400
2025-10-23,959.9737548828125,981.3724359546841,950.7829918253937,969.5229737442879,312000
2025-10-24,964.2952880859375,974.053697406411,960.4417362226684,964.1459618876589,303200
2025-10-27,974.1532592773438,975.4178826265894,962.1644378748904,967.1132916850777,214000
2025-10-28,959.38623046875,977.2400400281153,958.3207695207635,970.7875924822923,314700
2025-10-29,954.8953857421875,962.7320026697174,949.7175287374812,956.667851840188,284700
2025-10-30,952.177001953125,972.7492532774419,949.1698142466156,951.8683215497022,510000
2025-10-31,974.8402709960938,988.8405282281918,917.2460039335743,964.902695036245,886700
2025-11-03,962.2141723632812,970.2797316454152,955.5028199376351,962.6124363221074,420900
2025-11-04,951.8085327148438,965.9282750350199,950.2451963037736,961.845720120071,378400
2025-11-05,958.3009033203125,965.7889101679007,951.3505194046501,951.3505194046501,259300
2025-11-06,948.6122436523438,961.208519742407,947.4771335551021,953.3719632205601,269100
2025-11-07,950.9820556640625,953.4913677444758,941.522420741272,946.939308854408,188200
2025-11-10,948.1674194335938,957.2402322206916,936.5493698356119,949.9640105965851,229400
2025-11-11,943.8256225585938,957.1005133202998,943.7158447490117,949.7344954013245,144300
2025-11-12,943.186767578125,948.057563660418,934.5531270901112,943.0669988974112,202100
2025-11-13,933.1757202148438,951.6807123033797,931.6885416724291,941.2205081231908,232700
2025-11-14,924.4622192382812,938.0964153583287,919.8009878898783,932.5868123686855,239900
2025-11-17,921.7273559570312,930.0316631849711,915.0200660344536,920.3899186912704,302700
2025-11-18,916.4473876953125,926.2488646728302,911.017650534569,920.2102932024404,271600
2025-11-19,920.819091796875,922.9051746922713,904.8093818173976,916.2178056627956,259900
2025-11-20,923.4042358398438,935.2318501314649,918.6432174925927,928.9037871155383,350600
2025-11-21,950.353271484375,955.8827953065033,914.3812417104442,929.1233895038548,414000
2025-11-24,928.2051391601562,954.1959783978764,927.9456200464496,942.4481695041701,495200
2025-11-25,939.972900390625,943.8854862207723,930.4608544347012,935.9804484643574,232300
2025-11-26,943.3165283203125,947.8180274893951,931.7684150537933,936.3397285200633,221200
2025-11-28,946.8399047851562,948.1973237937841,940.8412361314643,942.2386186473921,106700
2025-12-01,943.0869750976562,953.7368231816087,939.5436863207814,939.8131963107904,280500
2025-12-02,959.3363037109375,960.1646936121206,939.7333503955622,944.025223974636,288100
2025-12-03,969.327392578125,974.0784201970042,958.0387370046883,960.0749265099124,228000
2025-12-04,967.0816040039062,977.3622162569662,966.0834910410833,973.120236164969,280200
2025-12-05,973.6990966796875,975.2961139703206,959.9950252105868,963.7080371063256,208300
2025-12-08,957.2601928710938,975.3958880885554,955.9825790553664,967.1914288931088,284900
2025-12-09,956.8709106445312,969.4371794248016,956.3319515855127,958.0386857323946,178100
2025-12-10,993.6913452148438,995.2284172703845,957.330096722175,963.1391215668535,312600
2025-12-11,1030.44189453125,1033.905317399122,995.9371208161945,998.1129998454596,478900
2025-12-12,1020.6104125976562,1040.033712890509,1017.476384176615,1039.3450734256153,386200
2025-12-15,1027.6173095703125,1036.6501593871305,1021.7084365707816,1023.2754204181736,397600
2025-12-16,1020.1513061523438,1029.0544566537712,1015.8494417528891,1028.605354559984,274300
2025-12-17,1018.1251220703125,1022.337190478817,1006.6668046780445,1016.3485126634885,258400
2025-12-18,1017.59619140625,1027.9865819142553,1010.9487246708725,1021.0197117065488,369200
2025-12-19,1023.0857543945312,1028.0563373857503,1008.2138470876581,1020.1812115979906,891800
2025-12-22,1032.9171142578125,1033.3563473000747,1019.5324467845272,1023.0657445956459,228700
2025-12-23,1021.9678955078125,1033.2664807314186,1019.4027378616112,1032.84735126112,265400
2025-12-24,1028.784912109375,1030.8410832108962,1017.2567200497534,1019.8617801541398,83700
2025-12-26,1022.34716796875,1037.7879461588277,1014.8213572905781,1030.0825433789264,128400
2025-12-29,1024.3734130859375,1027.537353323217,1015.9991694623014,1023.5948557031503,223700
2025-12-30,1019.1632080078125,1024.982223729985,1011.66736979218,1020.4307700649031,254300
2025-12-31,1007.1458740234375,1019.7121430435321,1006.9163275361379,1019.0733361258508,178600
2026-01-02,1001.915771484375,1011.996688048037,995.3681528804166,1005.3792551462145,222800
2026-01-05,1013.14453125,1029.7930479893096,994.4000016781797,994.4000016781797,294900
2026-01-06,1027.038330078125,1034.2646586960122,1006.1079289998518,1008.4335494263215,229400
2026-01-07,1002.7841186523438,1024.383236749617,1000.3088180125777,1020.3409523764374,261800
2026-01-08,1031.3800048828125,1036.610106963807,998.6319825367374,998.6319825367374,250400
2026-01-09,1027.876708984375,1042.3194971555072,1024.4232768825134,1035.4225019893315,194800
2026-01-12,1030.362060546875,1033.2964542011975,1022.1874519499034,1022.5067944913409,173500
2026-01-13,1039.9339599609375,1040.0837012790594,1021.5786472543807,1031.6295915634262,176200
2026-01-14,1051.262451171875,1051.262451171875,1031.7692762655458,1039.0355676904078,190200
2026-01-15,1061.2935791015625,1063.2698233052065,1053.777759129554,1058.9479161293953,183600
2026-01-16,1066.7032470703125,1072.2727953317972,1053.2586948200983,1056.2330519289399,283600
2026-01-20,1032.29833984375,1056.4726067501074,1031.8990702875174,1048.8869725415348,270800
2026-01-21,1056.5823974609375,1066.154388690681,1033.1267423653396,1039.4947080691472,168400
2026-01-22,1064.6173095703125,1066.4837760689636,1055.055430573796,1060.9243400831324,172400
2026-01-23,1055.86376953125,1069.8873054652913,1047.359827550917,1063.7988407295013,231900
2026-01-26,1047.9886474609375,1062.9503511567636,1046.102199323977,1059.3771505811233,206400
2026-01-27,1055.564453125,1063.848718002342,1043.3574286696,1058.9879125182251,159000
2026-01-28,1067.9908447265625,1071.1249340025806,1051.5719354757887,1055.5344146358657,315200
2026-01-29,1080.1678466796875,1084.729291387375,1062.4613315456154,1072.9714908322903,448700
2026-01-30,1077.902099609375,1080.7368282669645,1064.1382041283334,1077.9620448728297,346100
2026-02-02,1094.111572265625,1096.7564742685902,1076.6146219690597,1084.709303854586,420800
2026-02-03,1152.8204345703125,1167.3628863561335,1084.948755305567,1084.948755305567,897000
2026-02-04,1192.6751708984375,1202.087307865045,1147.5603920782632,1154.6071280472045,613200
2026-02-05,1180.9173583984375,1196.8571929310654,1177.4339539582816,1192.7449724602818,449100
2026-02-06,1195.3900146484375,1196.867202339461,1174.778957592021,1192.6052404925456,233100
2026-02-09,1190.1500244140625,1197.6500244140625,1174.8399658203125,1187.3199462890625,250000
2026-02-10,1188.030029296875,1191.31005859375,1170.489990234375,1190.1500244140625,217200
2026-02-11,1202.469970703125,1208.280029296875,1184.77001953125,1194.300048828125,226100
2026-02-12,1116.5999755859375,1218.6300048828125,1114.4200439453125,1204.0,789700
2026-02-13,1131.4200439453125,1142.530029296875,1111.0699462890625,1117.5,319500
2026-02-17,1132.219970703125,1140.3299560546875,1120.050048828125,1128.9000244140625,248300
2026-02-18,1134.0400390625,1143.5799560546875,1128.1600341796875,1131.75,158500
2026-02-19,1127.72998046875,1143.5899658203125,1117.8800048828125,1134.3599853515625,195600
2026-02-20,1127.0699462890625,1143.239990234375,1099.2099609375,1127.72998046875,482200
2026-02-23,1116.75,1130.27001953125,1112.1400146484375,1122.68994140625,232600
2026-02-24,1126.6800537109375,1130.969970703125,1112.6400146484375,1117.9300537109375,129100
2026-02-25,1117.1800537109375,1128.469970703125,1108.9599609375,1128.0899658203125,183800
2026-02-26,1105.52001953125,1128.3699951171875,1103.06005859375,1125.4000244140625,366100
2026-02-27,1144.72998046875,1145.530029296875,1099.75,1100.699951171875,485200
2026-03-02,1152.25,1157.6800537109375,1133.5999755859375,1144.5799560546875,220500
2026-03-03,1151.4100341796875,1155.3499755859375,1129.4599609375,1139.22998046875,220400
2026-03-04,1148.4599609375,1155.3299560546875,1137.2900390625,1153.6600341796875,225100
2026-03-05,1145.7099609375,1174.2099609375,1139.550048828125,1157.1500244140625,341700
2026-03-06,1112.7900390625,1140.3299560546875,1106.0699462890625,1129.6800537109375,277900
2026-03-09,1115.280029296875,1120.3299560546875,1083.3699951171875,1097.25,185911
