Price,Close,High,Low,Open,Volume
Ticker,KLAC,KLAC,KLAC,KLAC,KLAC
Date,,,,,
2018-01-02,93.71002960205078,94.15151660868044,92.64163185439386,93.38333352854139,1689000
2018-01-03,94.80491638183594,94.99034010479775,92.69460915922136,93.47162381780757,2734100
2018-01-04,94.97267150878906,96.66798653407405,93.9042738871458,95.3170307944197,1925500
2018-01-05,97.00350189208984,97.72754013627768,95.27287405809342,95.6966977082468,1469000
2018-01-08,97.26840209960938,97.9571206215746,95.84681366876079,95.84681366876079,772700
2018-01-09,96.42076110839844,97.75405377615975,95.91746618218562,97.41852607087027,866900
2018-01-10,93.84246063232422,95.72319926290207,92.45619194351612,95.72319926290207,1439500
2018-01-11,93.8071517944336,94.25747040108683,92.67694620143122,94.160342726386,1000900
2018-01-12,94.73426818847656,95.62607369158141,93.8512943103883,94.16916544542455,990600
2018-01-16,95.06095886230469,96.4648839164205,94.59297710771085,95.8291417271774,1492700
2018-01-17,100.20870208740234,101.0210431632669,95.95276832608711,96.46489478473833,2047400
2018-01-18,101.23295593261719,102.27486537269138,98.90190544576576,99.63476864090514,1353100
2018-01-19,101.55964660644531,101.64794937838029,100.29699376450998,101.32124663726566,988500
2018-01-22,101.17998504638672,102.31902228797989,100.45594665288063,101.55083923744641,1097200
2018-01-23,102.43379974365234,102.73400762355709,101.08285081096903,101.38305869087378,1186200
2018-01-24,101.48020935058594,102.97243767305628,100.61489180458555,102.17775966888398,1320600
2018-01-25,99.85552978515625,107.41379206024193,99.41404277030657,103.56402475182801,1855700
2018-01-26,100.16454315185547,102.15123406547814,97.42731917050911,98.01008507205151,2314500
2018-01-29,99.00784301757812,100.42060639048735,98.2838048204119,100.10273530523828,1420500
2018-01-30,96.60617065429688,98.91072616919786,96.18234024882709,98.345623452942,1541200
2018-01-31,96.9505386352539,98.04542440444966,96.28830819850096,97.15361886338658,1174000
2018-02-01,98.14253997802734,99.88199945535901,96.30595284301839,96.48254490976498,1451200
2018-02-02,94.05437469482422,97.28606232784172,94.01023004277603,97.16244652361706,1504800
2018-02-05,89.35694885253906,94.74309460183979,89.348123964564,93.59522592884488,1885800
2018-02-06,92.91535186767578,92.97715977481003,87.1760211837136,87.5203804858268,2185600
2018-02-07,90.6460952758789,93.09192978459066,90.12513722090256,92.15597969438087,1631100
2018-02-08,87.00824737548828,91.68800492078455,86.16059325486734,90.95514171652931,2399000
2018-02-09,89.09205627441406,89.89555891594108,84.87144265898688,88.04131531432336,1734600
2018-02-12,91.74981689453125,92.54448797814653,89.3569518091946,89.84259012612033,1755800
2018-02-13,92.01470184326172,92.37672434642919,90.7343924867863,91.22002405044167,2036400
2018-02-14,95.43354034423828,96.28602113253108,91.36649107880623,91.54408870244075,2065000
2018-02-15,96.67669677734375,97.04965566961714,92.09460715828757,96.57013419030346,2950300
2018-02-16,95.4779052734375,98.36390975471352,95.41574544791422,96.38367047381995,1812300
2018-02-20,98.1685562133789,99.51831534300237,95.01614857408656,95.26478787889249,2034400
2018-02-21,97.38713073730469,98.99441818894002,97.00528979049693,98.399451986997,1562000
2018-02-22,96.71224975585938,99.3673724300584,96.16168636902128,99.16312909746739,1548700
2018-02-23,98.09752655029297,98.26624900285483,96.5435239290742,97.6180049284701,1275800
2018-02-26,101.82711791992188,101.87152069945446,98.73687687198131,98.73687687198131,1173600
2018-02-27,100.75265502929688,102.6618597163872,100.37969600435295,101.64953849158846,949700
2018-02-28,100.61946105957031,102.12018596035165,100.32642567488011,101.40090681851666,1127300
2018-03-01,98.75465393066406,101.844902379731,97.90217323521114,100.27313580458782,1192400
2018-03-02,100.35304260253906,100.59280000553002,97.13847501575916,97.7245592062687,962700
2018-03-05,101.08120727539062,102.23560510224819,99.2696834937214,99.99784441601764,878200
2018-03-06,103.0703353881836,103.64753772686988,101.40089498197935,101.915930710811,1038500
2018-03-07,104.29576873779297,104.6420887651028,102.24448753374041,102.38657101925904,1298200
2018-03-08,103.89617156982422,104.84633286788504,103.33673308495557,104.82857581951882,782700
2018-03-09,107.58138275146484,107.75009842900828,103.90505709468424,104.49113455993937,1227900
2018-03-12,108.68248748779297,109.32184956027028,107.46592316794514,108.33616749435322,1042000
2018-03-13,106.9864273071289,110.07666883733924,106.60458637826173,109.58827206082523,1251200
2018-03-14,106.95088958740234,108.23848889303144,106.31152750256946,108.194086113563,986600
2018-03-15,107.2794418334961,108.74464542837948,106.41807943271986,107.05744149411717,1046100
2018-03-16,107.1107177734375,107.99871906123776,106.69335608418542,107.90103837758677,1746000
2018-03-19,102.99042510986328,105.62778408286728,98.61257709705363,105.05946361983803,4159700
2018-03-20,104.06488800048828,105.47680699849755,101.99584307738682,102.75064292521705,2844600
2018-03-21,104.83744049072266,106.39144290180782,104.24248119360055,104.420078759188,1456700
2018-03-22,100.27311706542969,104.1448037347212,100.15767932170371,103.08807989439003,1631900
2018-03-23,96.06399536132812,100.72600288789718,96.04623831361732,100.72600288789718,2171500
2018-03-26,100.66382598876953,100.77926371659792,97.85773868236733,98.29286418899956,2100900
2018-03-27,95.73542022705078,101.55183158822992,95.01614132517795,101.3564702136688,1477600
2018-03-28,94.6343002319336,96.6323031983556,93.28454120891219,95.575579461476,1492800
2018-03-29,96.801025390625,98.15078441049235,94.27909812927992,95.45125959584527,1123000
2018-04-02,93.5331802368164,96.47246242469626,92.37877581609393,96.17942036444808,1394800
2018-04-03,95.52230834960938,95.69103078008884,93.45326350446126,94.48334835909587,1280800
2018-04-04,97.0141830444336,97.38714212214882,92.0236111893569,93.16913416369518,1129100
2018-04-05,96.53465270996094,99.10097678098707,96.1172908757604,98.38169765603736,1659900
2018-04-06,92.41429901123047,96.12614487653569,91.94365938589024,94.7675039128441,1664300
2018-04-09,92.1656723022461,95.79759501994808,92.01471368009763,93.36447291768923,1506200
2018-04-10,96.41032409667969,97.20952681420192,93.85288217552242,94.16368135041611,1375600
2018-04-11,94.69647216796875,96.65007260843402,94.48335372126114,95.211514624516,1198600
2018-04-12,96.89873504638672,97.20065233224418,95.06944718091046,95.5312117974052,1176600
2018-04-13,95.54006958007812,97.90215661057736,94.98951303531003,97.8843995631291,922800
2018-04-16,96.658935546875,97.30717944596539,95.19373211666924,96.49021991485,1027900
2018-04-17,98.23072052001953,98.59479758297344,96.94311438295512,97.81335876438186,1376600
2018-04-18,96.11727905273438,96.9253636578363,94.65207524424996,96.41032116941399,1076300
2018-04-19,90.83368682861328,94.66097165572647,90.47848482443442,94.66097165572647,1915500
2018-04-20,90.1144027709961,91.81936416824156,89.5904783190288,91.13559916185037,1558800
2018-04-23,89.68815612792969,91.07343637143806,88.87119633175368,90.80703997264021,2002100
2018-04-24,88.4094009399414,91.35756477419073,87.08628099450218,90.95796692772153,1815500
2018-04-25,87.6013412475586,89.23526060484852,86.97086105371868,88.57814145245263,1605500
2018-04-26,89.53720092773438,89.91015996531475,88.1163997548703,88.32951823707131,1674000
2018-04-27,90.7359848022461,92.04134796551324,87.96541795010944,90.19430339742213,2708700
2018-04-30,90.34528350830078,91.67728594694748,89.59048348138394,91.02904855409169,1618100
2018-05-01,90.86920166015625,91.12672292667779,89.14647645821219,90.26536032570576,1357300
2018-05-02,90.72709655761719,92.20118205470368,90.4607002168187,91.1089374101831,1103100
2018-05-03,91.45527648925781,91.77495758488764,89.1997517700536,90.08775330793333,1038000
2018-05-04,94.71422576904297,94.7586217709045,90.29197613389915,90.9934980024718,1334800
2018-05-07,94.75862121582031,95.23814274753867,94.23470368250048,95.01614241479383,1188400
2018-05-08,94.92735290527344,95.20263117678289,93.70190661292676,93.82623304432245,1160300
2018-05-09,96.94312286376953,96.98752564907159,94.92736242445379,95.46016197350922,1146400
2018-05-10,98.62144470214844,98.74576437050845,96.96088622837668,97.39600506763671,708100
2018-05-11,98.63031005859375,99.26079020656587,98.04423268826007,98.381670763609,950100
2018-05-14,100.78495025634766,101.85779359117329,99.57799297845435,99.57799297845435,1513500
2018-05-15,99.53330993652344,100.13231410709496,98.5677466991716,99.98032919593011,1364000
2018-05-16,101.62535858154297,101.93827070442947,99.80151915261104,99.92668400176564,1157200
2018-05-17,101.24092102050781,102.24224662761242,99.9803302426888,101.38397045908246,1309700
2018-05-18,97.79883575439453,99.64055221852708,96.39519608764915,99.64055221852708,2021900
2018-05-21,99.63165283203125,100.03396742948752,98.21012806713905,99.12205115879951,1281000
2018-05-22,101.58065032958984,102.26011463503876,100.29323278920747,100.31111055683633,1335900
2018-05-23,101.29457092285156,101.31244869270814,99.54224935410113,100.41841013847635,1057500
2018-05-24,101.50016784667969,101.83096447563778,99.82832057892816,101.12467339497869,1366100
2018-05-25,102.20648193359375,102.77866603287849,101.16940081150486,101.28562336196278,825700
2018-05-29,101.6074447631836,102.33161353650638,100.20380503482211,101.47333766639079,1241000
2018-05-30,101.92930603027344,103.10943628492281,101.29453967112582,102.38526064115857,973200
2018-05-31,101.23197174072266,102.832294485452,100.90117507486096,101.8488536027732,1373200
2018-06-01,103.56541442871094,104.08395838504342,101.78627976029824,102.3763484321881,1381700
2018-06-04,103.92304229736328,104.70980061067287,102.96642129265797,103.06476608182166,854000
2018-06-05,105.61274719238281,105.66639413131945,104.2180495575132,104.63824867083194,1084500
2018-06-06,104.98693084716797,105.99719179576522,104.51309158082614,105.6216973002836,1596700
2018-06-07,103.64588165283203,104.21806573652711,102.32270169617948,103.21674017957457,1899100
2018-06-08,102.09919738769531,102.42999409931335,101.1515187286986,102.26906689109008,1369700
2018-06-11,100.55248260498047,102.51042854615852,100.42731779623553,101.75943287271838,1306400
2018-06-12,101.55384826660156,101.63431529302773,99.71213080696981,101.13365582539355,1174700
2018-06-13,100.99060821533203,102.26908379729282,100.56147346977771,101.83100675508878,1416000
2018-06-14,101.14257049560547,101.69687680715934,100.45416386921558,101.47336718780295,1039000
2018-06-15,100.88331604003906,101.16941495063826,99.51543802336059,101.16941495063826,1728000
2018-06-18,100.17700958251953,100.48097937699742,98.1922431612562,99.98032003504703,1193700
2018-06-19,98.86277770996094,99.48860192361441,97.5753601036197,98.71972827771309,1080000
2018-06-20,98.13860321044922,99.93562250654243,97.73628861356485,99.30085598962785,1202100
2018-06-21,98.62139129638672,99.52437215117699,98.0045093287143,98.7286783790559,1142200
2018-06-22,95.26873016357422,97.41442369772994,94.13330439153054,95.76045401424572,2896000
2018-06-25,93.10517883300781,94.25848944025616,90.95948483861494,94.25848944025616,2198900
2018-06-26,93.5074691772461,94.41939212788537,92.76542251937741,93.97237294607395,1492600
2018-06-27,89.9760513305664,93.95452068931212,89.91346889641672,93.70419095271333,1469000
2018-06-28,91.02206420898438,91.09358893128785,89.2608071428557,89.87769593602053,1564200
2018-06-29,91.66575622558594,92.95317370661343,91.2634416732507,91.5763537496194,1727600
2018-07-02,92.80118560791016,92.86376802102087,89.72569142996274,90.54820509398122,1365900
2018-07-03,90.8343276977539,92.8548570060518,90.70022053277872,92.8548570060518,803800
2018-07-05,92.47039794921875,92.53298036841647,90.96841306750122,91.73728668677163,1031500
2018-07-06,93.7578125,93.8740350402142,91.41542936058953,92.23794307819435,676300
2018-07-09,94.73231506347656,94.75913512610799,93.23033016736711,93.9723837313734,769800
2018-07-10,94.82170104980469,95.6799770095572,94.39256648041392,95.31342484907638,1086500
2018-07-11,92.31842803955078,95.1525287735329,92.11279615966842,94.23167010395923,1120100
2018-07-12,93.47171020507812,93.713097553145,92.52402493625543,93.0336265119265,1363400
2018-07-13,93.7488784790039,93.93662574713606,93.1051696619951,93.50748426213936,606900
2018-07-16,93.12306213378906,93.62372155785037,92.94425032450069,93.60583696643499,903900
2018-07-17,94.66973114013672,94.80383827213615,92.64026685524867,92.64026685524867,2037600
2018-07-18,98.54986572265625,99.07734515752213,96.06443299162812,96.2164247188189,1753300
2018-07-19,96.99422454833984,98.14753490811457,95.72469165158505,97.63793329063009,1314700
2018-07-20,95.590576171875,96.5650814940485,95.17037706733045,96.5650814940485,1105600
2018-07-23,95.60848999023438,95.93927990654691,93.58796084597809,95.411800407036,852900
2018-07-24,92.93529510498047,97.09257530443384,92.68496542776128,96.26111926454317,1688400
2018-07-25,93.3733901977539,93.44490809923387,90.67338990342624,92.93530638845948,1563700
2018-07-26,94.07965087890625,94.6875971800338,93.20349036632186,93.39123758595335,1548800
2018-07-27,96.17171478271484,97.38760760761129,94.41940025765163,94.6071475116614,1419200
2018-07-30,95.03628540039062,96.58296802488505,94.2495272367433,95.94820157437888,1863500
2018-07-31,104.97801971435547,109.43033532272001,99.77471489210768,100.03398692670274,4867900
2018-08-01,104.34325408935547,106.54258843554913,103.92305481612406,105.28199743682877,1839100
2018-08-02,105.916748046875,106.13131538887502,102.36741391412987,103.09158295648795,1623200
2018-08-03,106.91806030273438,107.01640508282514,104.86177585759191,105.89885696449585,1247900
2018-08-06,105.7379150390625,106.68560034970584,105.37136285419697,106.27434351794311,1151700
2018-08-07,105.63960266113281,106.52469895194751,104.65615475914637,105.79158758381323,1414300
2018-08-08,105.64851379394531,106.56043676186232,103.36872001609585,105.61275144020627,1241200
2018-08-09,104.39686584472656,105.63064325979681,104.26276553523805,105.01375455226169,999100
2018-08-10,102.12602233886719,103.9409194288598,101.21409923588355,103.09157874894582,2340600
2018-08-13,103.84258270263672,103.87834506444698,102.15285032769765,102.5909273231703,1582200
2018-08-14,103.77057647705078,105.61526949667943,103.6445981783281,105.08435506751754,1094400
2018-08-15,101.45797729492188,102.70876688707183,100.5491278598399,102.47480421891836,1722500
2018-08-16,100.9990234375,102.5827591858109,100.61208819402918,102.06084525456167,1482000
2018-08-17,101.14301300048828,101.73690967674214,97.50762279075518,99.82023408093393,2816400
2018-08-20,99.82022857666016,101.57493100667757,99.55027118805675,101.52094227507753,1242800
2018-08-21,101.94389343261719,102.42981271358782,99.82024925591725,99.92823360678949,1453600
2018-08-22,102.5917739868164,103.22166546440548,100.97204323686992,101.70091864169473,1158300
2018-08-23,102.51980590820312,103.24868146574472,102.03388658140751,102.3488323861907,766300
2018-08-24,103.87855529785156,104.1845006169758,102.87972250727208,103.29365216183534,853800
2018-08-27,105.71424865722656,106.49711278321318,104.25649101095513,104.65242671210832,1106400
2018-08-28,105.60627746582031,106.45213770891357,104.32849355434539,105.96621843300699,824200
2018-08-29,105.03937530517578,105.93922429244934,104.58045039938145,105.6692668501461,1037800
2018-08-30,105.05735778808594,105.7592388230398,104.48145504836472,104.76040600705095,1100600
2018-08-31,104.57142639160156,105.7502261020472,104.4004529257013,105.03035119384356,853400
2018-09-04,106.35313415527344,106.67708027946175,103.88754344725115,105.55226925528059,1694800
2018-09-05,106.92903137207031,107.35196139394247,105.16532860035132,105.69623608121972,1566600
2018-09-06,96.53581237792969,106.56913142680719,95.49199096995524,105.05738463243073,3692600
2018-09-07,93.74628448486328,96.98574004362145,93.48532740818581,95.95991256443644,2120100
2018-09-10,95.10502624511719,95.35698282226262,93.13435508554103,94.58311226942915,1680100
2018-09-11,95.04203796386719,95.66292900167026,94.16918348132887,94.56511230673762,1790600
2018-09-12,92.59444427490234,92.93638435249677,90.25483873304732,91.67659464063588,2236900
2018-09-13,93.728271484375,96.73376373195747,93.30534137240079,94.03421683711214,1397200
2018-09-14,94.00724029541016,95.06906255003969,93.44933135982376,94.03423467102974,1386400
2018-09-17,92.92737579345703,94.70007889891548,92.61243010943419,94.08818148482781,1494000
2018-09-18,93.21533966064453,94.16018370518975,92.65743776393951,93.31432358398934,1474200
2018-09-19,92.18950653076172,93.602268867811,91.72158817693138,93.40430789927223,1647500
2018-09-20,93.51229858398438,94.14219695029979,92.7294344134829,92.98139101388809,2379100
2018-09-21,94.0522232055664,94.88908312800154,93.17037494812945,94.23219714148475,3195300
2018-09-24,93.92620849609375,94.6010950474034,92.83739235048364,93.08035535352369,1126600
2018-09-25,92.1085433959961,93.94423616402369,91.84758636440706,93.78226307080647,1260800
2018-09-26,90.50680541992188,92.6484433637834,90.40782149015536,91.24468125480715,1490600
2018-09-27,90.80374145507812,91.78457330584503,90.67775631289497,91.16367546599734,1228900
2018-09-28,91.52365112304688,92.17154357339555,89.60697501185187,90.66879722430025,2777800
2018-10-01,90.66877746582031,92.37849175603756,90.45280878589864,92.19851785610284,1400600
2018-10-02,90.85774993896484,92.54046308832024,90.55179772479852,90.6147868769353,1279100
2018-10-03,92.51347351074219,92.65745264611509,90.10187791567026,91.42465704437095,1279500
2018-10-04,91.19966125488281,91.77556385397533,88.98603435237709,91.67657995113439,3039700
2018-10-05,89.39097595214844,91.54162088712562,88.67110103571432,91.280663912879,1472300
2018-10-08,89.28302001953125,89.66095495668873,87.5823059370195,89.10304609804926,1203100
2018-10-09,89.22001647949219,91.0737029474392,87.96022669343122,90.14685971346569,2344700
2018-10-10,84.4508285522461,88.0502246066012,84.35184461152707,87.85225672516317,3576500
2018-10-11,82.57913970947266,86.36751004094879,82.14721603404128,84.69379035172037,2129800
2018-10-12,83.8569107055664,85.41364526340129,82.4711427489547,84.66676912209019,1482000
2018-10-15,81.96724700927734,84.15388048446292,81.94025263611388,83.74895115640403,1564500
2018-10-16,83.64994812011719,83.81192118743485,81.79626168938314,82.47114832565644,1624400
2018-10-17,84.42382049560547,87.2853401695918,83.87491213706738,87.26734621297014,1937800
2018-10-18,82.19220733642578,84.18087973979561,81.96724507829197,83.94691706905152,1584400
2018-10-19,81.71529388427734,83.5239924822937,81.09440267892538,82.43517590432175,1961500
2018-10-22,81.23836517333984,82.39917118648287,80.1675426855321,81.98524147769824,1996100
2018-10-23,81.42733764648438,81.72428947713534,78.3048603815685,79.06073714456156,1412100
2018-10-24,77.38701629638672,80.5904766345494,77.28803235422522,80.2755308482643,2312600
2018-10-25,80.11355590820312,80.59947519529449,78.28686352441527,78.77278281150663,1619200
2018-10-26,78.47581481933594,80.14053376435687,77.38699857026492,78.28684739084939,2685600
2018-10-29,76.60413360595703,80.12254606449828,76.11821438106554,79.78959950337757,2113200
2018-10-30,82.42616271972656,83.21803419214095,78.30485286741457,79.63663233855523,2899600
2018-10-31,82.3721923828125,83.46100903534,81.02241865178274,83.4250142453427,1687800
2018-11-01,85.41368103027344,85.92659477932783,82.16522499782758,82.7411279137727,2951400
2018-11-02,83.9469223022461,86.37651209542899,83.30803027315434,85.57564695577148,1578800
2018-11-05,83.24503326416016,84.59480676986563,82.1202220094056,83.93791397635562,2469000
2018-11-06,85.53064727783203,85.6836199549399,82.92108389380921,83.54197501421847,1585600
2018-11-07,86.84443664550781,87.45633429460749,84.56781957123073,86.42150647939873,2255900
2018-11-08,87.33032989501953,87.70826474814609,85.78258884091846,86.12452891775179,1430500
2018-11-09,85.73760223388672,87.04238726020375,84.95473808339878,86.38549454139556,1649000
2018-11-12,83.04705047607422,85.53063520299821,82.46214735554442,84.35182855123146,1959800
2018-11-13,84.06389617919922,85.88159509559829,83.44300500623812,83.44300500623812,2476500
2018-11-14,83.07404327392578,85.62061709710038,82.88507584445617,84.78375741499113,2093700
2018-11-15,85.67776489257812,86.23116903835265,82.33919868333766,82.80187539155042,2026800
2018-11-16,87.90953063964844,88.61716041784999,83.30993015980609,83.99941168026628,3026300
2018-11-19,83.76356506347656,87.91863138816232,83.54582743384859,87.19285313247127,2501900
2018-11-20,85.71407318115234,86.73922838683175,81.8765329143196,81.97632758018159,1625400
2018-11-21,85.94994354248047,87.45593071005221,85.09716221627856,86.74830085407342,1192400
2018-11-23,85.55984497070312,86.94788931118435,84.37138997200964,85.43283482984428,693300
2018-11-26,86.93883514404297,87.15656585795828,85.38749082951895,86.88439727441319,1311500
2018-11-27,87.39241790771484,87.60107442547692,86.01344099423581,86.3400404252423,1160100
2018-11-28,89.56976318359375,89.71491467020694,86.80274159171208,88.19986012322497,1358500
2018-11-29,87.71902465820312,89.44273556158373,87.63737133287194,88.99820010177221,1041700
2018-11-30,89.41551208496094,89.52438086847378,87.09303340894608,87.5194274924559,1499700
2018-12-03,91.76522827148438,92.20976376474235,90.38625113918722,91.13924477580122,2311900
2018-12-04,87.02046203613281,90.62212328617906,86.84809509867095,90.00521396726015,2642900
2018-12-06,86.6938705444336,86.73923427619029,84.77963734606696,85.46912592387335,2194400
2018-12-07,83.63652038574219,87.10209662924815,83.10125758575607,86.56683382926204,1191500
2018-12-10,83.71817779541016,84.7796224857415,82.72023816548669,83.66374686406982,1156800
2018-12-11,84.12642669677734,86.55777406072471,83.1647697840492,85.5235379618412,1682800
2018-12-12,84.86128234863281,86.0860268489677,83.28272292423523,86.0860268489677,2107600
2018-12-13,84.0810775756836,85.71407494008761,83.50953195890887,85.2423170696894,1105500
2018-12-14,81.20516204833984,83.4187713587827,81.17794659000091,82.6748521708863,1900100
2018-12-17,80.68805694580078,82.76558920581772,80.10743736203979,81.14166642820977,2065400
2018-12-18,81.6678695678711,84.48932184151715,81.34127702276447,81.767664233874,2340200
2018-12-19,78.87364959716797,83.47325125529792,78.32024526033977,81.32313898328344,2504300
2018-12-20,77.93012237548828,79.97136535837721,76.95939821159796,78.91898787597444,2140100
2018-12-21,77.72146606445312,80.4975614824345,76.75981594142895,78.7647695134786,4273000
2018-12-24,73.69343566894531,77.19529622131789,73.61178232290354,76.73261930604207,1700200
2018-12-26,78.06620788574219,78.10249055951967,73.16722326340549,74.43733141312724,1664000
2018-12-27,80.10746765136719,80.20726232895291,76.83240539632239,76.86869499922028,1521000
2018-12-28,80.40685272216797,81.95819706156918,79.83530699339954,80.1074755813091,1256800
2018-12-31,81.1870346069336,82.0579641046899,80.13466405938603,81.65879241084266,1044600
2019-01-02,82.47529602050781,83.18292584810352,79.40889087221596,79.40889087221596,1225000
2019-01-03,77.84845733642578,81.64970702270628,77.73959549017562,80.20723218764022,1868400
2019-01-04,82.82910919189453,82.90168146180203,79.11857935752536,79.15486895324544,1692200
2019-01-07,84.00849151611328,84.75241093880213,82.2394169504303,82.8018883910409,1333500
2019-01-08,82.67488098144531,84.81591878960387,81.0691060860929,84.81591878960387,1847000
2019-01-09,84.80685424804688,85.74128892086097,83.4369513117732,83.4369513117732,1471900
2019-01-10,85.01549530029297,85.19694326098268,83.47322570285634,83.9540506860031,1131000
2019-01-11,85.30580139160156,86.17673080029336,84.37136692982385,84.41673064839878,793300
2019-01-14,83.8542709350586,84.84313654074857,83.24643573221063,84.20808586934521,899200
2019-01-15,83.9359130859375,85.08808528762164,83.29178831715588,84.57097064668243,764400
2019-01-16,82.52064514160156,84.37137286074366,82.37549369071529,83.3915746115157,1134500
2019-01-17,84.29878997802734,84.38044328931525,81.5862070365772,82.0761061397091,1853200
2019-01-18,86.84806823730469,88.1000278260375,84.93383580690026,85.33300741577587,1516400
2019-01-22,84.56190490722656,86.34912792544853,83.99035927522775,86.34912792544853,1548500
2019-01-23,83.32808685302734,85.7412933839787,82.61138281386962,85.27860962775615,1361700
2019-01-24,89.17057800292969,89.45181374636059,85.27860671686331,85.931805662991,1843700
2019-01-25,91.98295593261719,92.8357442121805,90.79450097227257,90.83079057156604,1842000
2019-01-28,92.24602508544922,93.24396456748289,89.49715271561237,89.91447261095257,1682900
2019-01-29,91.62005615234375,92.92645388807915,91.03943647457967,92.89923842217343,1839700
2019-01-30,96.14707946777344,96.50089434908291,92.41840856025156,94.33264133940395,2493900
2019-01-31,96.68234252929688,98.56935998324701,94.94955758800627,95.6390391441732,2217100
2019-02-01,97.0361557006836,97.68935457086732,96.30131043249317,97.01801436385962,1443000
2019-02-04,97.09966278076172,97.34461582293996,95.94749752633867,97.07244731419362,1499300
2019-02-05,96.87284088134766,97.48975006017912,96.07449067643165,97.05428882896365,964100
2019-02-06,97.81635284423828,99.0138816540015,97.05429220235793,97.06335940890527,1993000
2019-02-07,95.69346618652344,97.19944617487086,95.0765569701863,96.72769532545159,1476800
2019-02-08,95.80235290527344,95.81142703594392,93.85183010313906,94.16936238280307,889900
2019-02-11,95.82047271728516,96.7095434560828,95.48479919747614,96.32851313945524,1046200
2019-02-12,97.25389862060547,97.6621514267452,96.5281273900239,96.9000836748711,757000
2019-02-13,97.87080383300781,98.4332822231779,97.36276330094007,97.54420437052623,1075800
2019-02-14,97.87992858886719,99.11324719064812,97.30438176669975,97.52363670324134,1013600
2019-02-15,98.83917236328125,98.9031220050779,97.13993105841196,98.9031220050779,1401700
2019-02-19,98.90313720703125,100.76682173012021,98.75696259189206,99.12239215975075,6295900
2019-02-20,103.11469268798828,103.52579657652727,99.18633721310684,99.35078016252022,3022400
2019-02-21,103.22429656982422,104.8047761074751,102.0275218193984,104.8047761074751,2604800
2019-02-22,104.59469604492188,105.5722163081458,103.29742746568836,104.04655507890678,4037600
2019-02-25,105.75491333007812,107.29884259385138,105.6818260239853,106.45835948375138,1611800
2019-02-26,106.08380126953125,106.47663683481845,105.69096570424404,105.81886500736181,1447900
2019-02-27,104.96923828125,105.76404005276268,102.95937925894376,105.54478511268907,2096900
2019-02-28,105.50821685791016,105.6726597671167,103.87292541913038,104.31144216701026,1604000
2019-03-01,105.77318572998047,107.46328967078637,105.24331319546076,106.55885687565056,1273800
2019-03-04,106.62279510498047,107.57290910888004,105.32552687599762,106.83291935304973,1366900
2019-03-05,105.27986145019531,106.75071049856928,105.27986145019531,105.87368366345015,1445200
2019-03-06,104.60380554199219,105.73663082945274,104.3114633074866,105.45342625008477,1715000
2019-03-07,104.72256469726562,105.6452726846168,103.49838379740378,105.10626953407753,1716200
2019-03-08,104.1013412475586,104.43936479486914,102.69444900629352,103.26085817693591,1404600
2019-03-11,106.82379150390625,107.18008341682615,104.78652636209182,104.89615732375536,1446200
2019-03-12,106.58625793457031,107.64600295449907,106.129472730116,107.2805733969378,1407300
2019-03-13,106.7780990600586,108.00228694269016,106.12946495365973,107.24402188605922,1616000
2019-03-14,107.06130981445312,108.36771567261269,106.46748770256451,106.71414862627809,1449000
2019-03-15,109.28129577636719,109.92079228018744,107.65513457953011,107.88352718375009,2949800
2019-03-18,109.51881408691406,111.16324355052686,109.04376055853082,109.52795174226436,1775500
2019-03-19,109.77462768554688,110.5328858554169,109.4183288006818,109.61931541317362,1256100
2019-03-20,109.56451416015625,110.43240337739071,108.75143694443429,109.92994376688287,1301800
2019-03-21,113.10002136230469,113.90396082681933,109.61018261885982,109.74721260656916,1484500
2019-03-22,110.1126480102539,113.21878901286824,109.92079904729694,112.32348688241281,1593000
2019-03-25,109.0802993774414,110.54201051923523,108.51388326062632,109.85683276808295,872400
2019-03-26,109.66500854492188,110.77042806279924,108.94328698135101,110.18574347433501,1079900
2019-03-27,107.89266967773438,110.41412609298918,106.61366964275066,109.78376024667811,1474300
2019-03-28,107.31710815429688,108.78795694832185,106.36699417138712,108.31289647187272,808500
2019-03-29,109.0894775390625,109.26305122754626,107.91097053308337,108.48651754856527,1219600
2019-04-01,111.60175323486328,111.69310887253658,109.08943486391134,109.51880705797471,1239900
2019-04-02,111.40990447998047,112.26866286315999,110.75213966455425,112.1133575721561,894300
2019-04-03,113.34667205810547,113.46543369337479,112.07680984026894,112.64322596152964,1960900
2019-04-04,113.27360534667969,114.43384379515032,112.46052815207734,113.29188066003583,898100
2019-04-05,113.59334564208984,114.6530907025449,113.1091544220503,113.8034699109695,1145700
2019-04-08,113.94050598144531,114.10494893885236,112.54274432848005,113.28273415181712,926500
2019-04-09,111.57434844970703,112.88075437716975,110.73386536951828,111.71138540125689,1553300
2019-04-10,112.67974853515625,112.93555405369337,111.22717521875592,111.35507449303061,1060500
2019-04-11,112.28694152832031,113.62988416534147,111.67484406139123,113.4197668759389,1037200
2019-04-12,112.76200103759766,113.73952114129759,111.56522597727057,113.43804121969187,1299200
2019-04-15,111.68397521972656,112.90815614238915,110.7338612199045,112.84420649672751,1322600
2019-04-16,113.60248565673828,113.74866027638325,112.06768700041368,112.18645562137259,1942500
2019-04-17,113.02693176269531,114.96369656291665,111.86669344370512,114.6530859704242,1503800
2019-04-18,113.46544647216797,113.81260770203411,112.57928899537804,113.63902708710104,1080500
2019-04-22,112.43309020996094,113.06345591185493,112.13161035514312,113.06345591185493,648800
2019-04-23,112.51532745361328,113.12741791423899,111.98545497874838,112.62495143462768,1208900
2019-04-24,114.78097534179688,116.40712940887288,112.38741857554581,112.84420373910596,1187400
2019-04-25,114.57086944580078,117.12886940372368,113.22791981639071,116.13307402389337,1305700
2019-04-26,114.91799926757812,115.00021724211129,112.62493605465508,113.54764393212405,1196800
2019-04-29,115.15557098388672,115.5209936290636,113.95878881996482,114.75359771020392,1220700
2019-04-30,116.46198272705078,116.59901274055507,114.84495886779514,115.15557649504937,1119900
2019-05-01,115.07333374023438,117.7592261398548,115.06419608408218,117.32984691056458,825700
2019-05-02,117.0923080444336,117.78661647993198,114.79011386938238,115.16467408195538,1476600
2019-05-03,117.36638641357422,117.87798358978706,116.57157768339603,117.41206772001698,1257300
2019-05-06,113.84000396728516,114.75357433410713,113.16396384743375,114.278513840166,1458700
2019-05-07,106.8511962890625,109.40919627226417,104.52159588256488,109.21734731902242,4589400
2019-05-08,104.64950561523438,106.91515659647085,104.34802567152462,106.20257270769503,2311200
2019-05-09,104.26577758789062,104.78651238887151,101.49766064741391,103.52578786280947,2751100
2019-05-10,104.16529083251953,106.12946852789887,102.20112010712901,104.22924047981148,2132900
2019-05-13,99.42387390136719,101.80829333718528,98.84832005617629,100.68459861513733,1965100
2019-05-14,100.79451751708984,102.0179992477769,99.60783302097475,100.52774283020925,1999800
2019-05-15,101.51206970214844,102.25720159375831,99.6630485895442,100.07701231118446,2461100
2019-05-16,100.06778717041016,101.20847336011315,99.73661908011657,100.94170569360065,1956800
2019-05-17,99.9022216796875,101.48446795643089,98.75233421325841,99.09270342992963,1747500
2019-05-20,97.15168762207031,98.67873444616039,96.63654031057328,97.16088868644869,2152500
2019-05-21,98.27400970458984,99.71826845775695,98.07162833486385,98.45798893978188,1738000
2019-05-22,97.4092788696289,98.09921143713596,96.70095118839873,97.26209690477305,1255800
2019-05-23,96.15817260742188,96.5169368766704,94.68631829533113,95.91899408847121,1423200
2019-05-24,95.49585723876953,97.26208981682524,95.35787635000905,96.73774138446589,1007200
2019-05-28,94.51154327392578,96.81131807534356,94.1987772697437,96.81131807534356,2574300
2019-05-29,95.10948944091797,95.41306140969121,93.74802664130533,93.75722068761533,1897100
2019-05-30,96.1305923461914,97.05970338568187,95.29347090049019,95.54185052391288,1777800
2019-05-31,94.81510925292969,96.64572791427697,94.4379498588264,94.6587262607004,1373100
2019-06-03,93.6284408569336,96.38817092118602,93.22367820163582,95.44986578741705,1923400
2019-06-04,96.88490295410156,97.00448870531875,93.8216015377176,94.83350094641195,2074200
2019-06-05,97.79563903808594,98.99152495773377,96.0846057159348,97.96122313437014,1658700
2019-06-06,99.22148132324219,99.66303414028047,97.38166154275315,97.99799948481166,1939100
2019-06-07,100.65652465820312,101.08888337007264,99.24906384269906,99.94819722824029,1096700
2019-06-10,104.37299346923828,105.02612876277603,100.88653353625139,101.97202767638545,1516400
2019-06-11,105.08130645751953,106.83833064160551,104.32698065261123,105.91842078106586,1498000
2019-06-12,101.28211212158203,104.72257432160484,101.10733395519347,103.37950626510778,1771500
2019-06-13,102.05481719970703,102.70795245464886,101.10731102678638,101.92603036173857,1074500
2019-06-14,100.91412353515625,101.55806474197448,99.06510950041996,100.1414025090019,1190900
2019-06-17,99.28588104248047,101.10730582895657,99.24908380233029,100.95091580372933,1635400
2019-06-18,102.67115020751953,103.85783488668494,100.10460060165332,100.76693688940667,1969800
2019-06-19,103.26910400390625,103.95903654024221,102.27559946717686,102.98392711640484,1187500
2019-06-20,104.67655944824219,105.64246073451588,103.92223353109479,105.10891826996502,906400
2019-06-21,104.80535888671875,105.78966242155896,103.959043271752,105.03533641372213,2702200
2019-06-24,104.1521987915039,105.39407573841191,104.11540155372853,105.17329933011516,1336700
2019-06-25,104.01423645019531,106.0288418484596,103.91304577604961,104.6213804950695,1577800
2019-06-26,107.49149322509766,107.7214707489076,104.7317629393783,105.76206477265539,1416600
2019-06-27,108.3102035522461,109.68087453225827,107.80425725336902,107.92384302909855,881700
2019-06-28,108.73335266113281,110.1224186428325,108.32859705792845,109.41409107345795,1226600
2019-07-01,111.9714584350586,113.54450386301453,110.54559497347826,112.08184315525102,1447600
2019-07-02,110.04884338378906,111.64029095422838,109.25772013166646,111.64029095422838,1447800
2019-07-03,109.52445983886719,110.33398496419882,108.93571812136503,110.33398496419882,1195700
2019-07-05,108.45738220214844,108.6873596847576,107.01312389209718,108.15381024069897,930100
2019-07-08,107.95142364501953,108.51256923656638,107.36268187984832,107.51906487595667,1107300
2019-07-09,108.34699249267578,108.51257656395858,106.61756431799887,106.82913967564272,864200
2019-07-10,110.0304183959961,111.07911506997088,108.9081272491639,109.23009429497102,1071900
2019-07-11,110.44439697265625,110.58238488209786,108.67817138320228,109.94764470968046,1559900
2019-07-12,113.07532501220703,113.20411183877572,110.70195574826002,110.70195574826002,1412400
2019-07-15,113.6456527709961,113.9492246766777,112.67055066973887,113.19489895302779,854600
2019-07-16,112.68897247314453,113.48929668180692,111.86105208803795,113.25011812203032,905500
2019-07-17,115.43949127197266,115.89944622151889,112.86374776552711,114.01363513939268,1649700
2019-07-18,122.7251968383789,123.12075140194798,115.44870534765585,115.44870534765585,2504700
2019-07-19,121.39131927490234,123.22193103304473,121.13373158340995,122.8355705508733,1171500
2019-07-22,126.16563415527344,126.27603288559875,122.15482652565323,123.00115596573387,1776400
2019-07-23,128.94378662109375,129.43133781178955,125.90808072886745,126.45083831194553,1722200
2019-07-24,131.2251739501953,131.23438203495903,128.57584233044437,128.67703300584313,1356200
2019-07-25,128.5114288330078,130.7008192038114,128.03307168545552,129.7533129925354,1587200
2019-07-26,128.2814483642578,130.11207434132876,128.10666321610623,129.1093757970739,1065900
2019-07-29,128.33660888671875,128.61258462920492,127.4902935700147,127.90425016538927,922500
2019-07-30,128.7873992919922,129.55092627220023,126.94757930210659,127.06717209319717,614800
2019-07-31,125.40214538574219,128.5114318254502,123.6083095498292,128.40104711064205,1331200
2019-08-01,125.81607818603516,132.42102438514226,124.52819593233463,125.57689263380077,2808700
2019-08-02,122.56880950927734,124.55580437743951,120.9589670610778,124.29823070866456,2269500
2019-08-05,116.33183288574219,120.47143544241789,115.16355012189393,119.68031217807066,3480500
2019-08-06,124.77661895751953,129.49576277492773,120.60942687475776,121.30855357348962,3343500
2019-08-07,123.39672088623047,124.7581836902779,122.77118885402639,123.41512301562234,1428100
2019-08-08,126.33120727539062,126.6163770511673,123.94864439880168,125.05253328816991,1554300
2019-08-09,125.19052124023438,126.26681402120201,123.29550929921224,125.42970677158914,1025600
2019-08-12,123.451904296875,125.0157483008381,122.74356975206355,124.18783501541968,941900
2019-08-13,124.39019775390625,126.14722874854948,121.6856608379023,121.93404040115196,1933500
2019-08-14,121.2820816040039,123.98319863978254,120.65304661484981,122.01285751544731,1139000
2019-08-15,122.14234161376953,123.11363696339427,121.11554609245158,121.47632543845319,811600
2019-08-16,125.91654968261719,126.3513199895556,122.22564590946241,122.97492670205767,1336700
2019-08-19,129.83868408203125,131.17074464952964,126.91555273835397,127.65558795529726,1707400
2019-08-20,129.8479766845703,131.47605757764651,128.77494005004624,129.74622162875306,1157400
2019-08-21,131.2632598876953,132.04955007001408,129.85720829143096,131.00424964022557,836200
2019-08-22,132.80809020996094,133.68687598668947,130.68973925989965,131.95704040797133,1333400
2019-08-23,128.72866821289062,133.5018816500633,128.17363814252133,131.59628593646258,1888900
2019-08-26,130.69900512695312,131.28178533306414,129.40395368559763,130.43074951231594,1020800
2019-08-27,131.7442626953125,132.21602825594718,130.06994169472955,131.78127221869414,1230300
2019-08-28,132.798828125,133.25210310670542,129.55194065523148,130.57873630011548,996600
2019-08-29,135.398193359375,136.41574370486114,134.22340191458636,134.74142241228841,1155600
2019-08-30,136.81349182128906,137.62753202281624,136.0642112335191,136.88749675915506,1820600
2019-09-03,138.6913604736328,139.11688545255552,136.36026781867255,138.25660428310644,2218900
2019-09-04,139.35739135742188,140.6062020877549,138.72837038644101,140.21768664420745,1982500
2019-09-05,139.68118286132812,143.68661185174824,139.60717789183946,142.16028582167795,2578200
2019-09-06,139.66262817382812,141.08719862607586,139.3018628983887,139.54238249201472,1985400
2019-09-09,139.22784423828125,141.3091854180652,137.39626795227088,140.59691437711564,2245800
2019-09-10,137.59979248046875,138.54333786682045,135.11143094964888,138.54333786682045,1885800
2019-09-11,139.35739135742188,139.46840585200863,137.48881909774167,138.75612048133706,2790200
2019-09-12,138.39537048339844,141.31850313337094,138.19186035491907,141.00397849799117,2282100
2019-09-13,139.0521240234375,140.28241572637296,136.72101752024233,138.36758882785614,1879800
2019-09-16,139.85687255859375,140.53214815741725,136.96149133672404,137.60901685032175,1192200
2019-09-17,141.16123962402344,144.10286275740714,138.90413768733737,141.72551510819494,2134400
2019-09-18,146.13790893554688,146.23966396538074,140.32865514048396,141.15194070368557,2718300
2019-09-19,145.43490600585938,147.35899243533856,144.73188012614645,146.72071206750633,1367000
2019-09-20,143.84384155273438,146.65595931846983,142.79854095262442,146.16568883337453,3094300
2019-09-23,145.7679443359375,146.73924008808055,143.56634251308043,143.56634251308043,1040100
2019-09-24,144.7688446044922,148.5152616169372,143.87155415090663,147.36820626518906,1724700
2019-09-25,148.55226135253906,148.86677175790058,144.46358373784267,144.63009837979806,1198900
2019-09-26,149.81031799316406,150.48559365933917,147.9509915226002,148.82053191972923,1268400
2019-09-27,146.60044860839844,149.2275749672487,145.67540789309933,148.1545243499015,1459100
2019-09-30,147.4977569580078,148.28404730651042,145.8326806473571,147.50701639987435,1115100
2019-10-01,146.4246826171875,150.23585980633163,145.906662096236,148.73728431072132,917800
2019-10-02,143.4275360107422,145.69388247061883,142.11398016099736,144.56533190259896,1569900
2019-10-03,145.1944122314453,145.8696880727921,142.169524820477,143.816096338557,1256200
2019-10-04,149.03330993652344,149.1998104897752,145.666162303533,145.8234175310489,1165500
2019-10-07,148.97781372070312,150.4856205258753,148.19152344717662,148.6540438163095,908700
2019-10-08,142.93728637695312,147.109214661691,142.76152639359384,146.85944973191724,1476500
2019-10-09,145.67543029785156,146.90573633221945,144.40812883978234,145.38866989040554,1012000
2019-10-10,145.60142517089844,147.32200172863347,144.86140377768177,146.17496010014565,873300
2019-10-11,148.21006774902344,150.30991473721917,147.01675697394535,148.90384848778805,1174700
2019-10-14,147.08145141601562,148.88527771415562,146.44317116090477,147.6549720556809,1124400
2019-10-15,150.37461853027344,151.28115449178432,147.61800111220901,148.0805214763474,870900
2019-10-16,147.67347717285156,149.82882341142883,147.15545670804312,148.74652762995424,1275000
2019-10-17,149.4033203125,155.36058475613154,148.96855004866347,150.51338045889182,1611700
2019-10-18,147.71975708007812,149.87510368423278,146.4524557912195,148.5892976284926,1219600
2019-10-21,151.7067108154297,151.97496647151362,147.88628730065437,148.29330756368182,1776400
2019-10-22,150.61514282226562,152.49297442967978,150.17111309612696,151.59568376623537,1183900
2019-10-23,146.82244873046875,150.06009090917615,146.40618327334917,149.06104534308935,1110100
2019-10-24,156.09140014648438,156.2856508231164,151.2071855239741,151.70670137888845,1812400
2019-10-25,157.201416015625,157.52517178585626,154.29678883397526,155.12007447770716,1101700
2019-10-28,161.6785888671875,162.11335906206028,158.20044142320424,158.20044142320424,1586200
2019-10-29,157.51596069335938,162.17817465593447,157.43271040135002,161.04962364757324,1693600
2019-10-30,159.9950408935547,160.90157680021957,156.5261383723875,158.94049509171987,1700300
2019-10-31,156.36886596679688,157.48817136891762,148.37651527954696,155.1015647874124,2595600
2019-11-01,159.49560546875,160.1616362763931,156.5817312715681,157.37726728541907,1462300
2019-11-04,160.97557067871094,162.27986720958265,159.53250958753404,161.67859645992544,1021500
2019-11-05,159.08847045898438,162.17811663546672,158.57969533149486,161.11431152980708,1715500
2019-11-06,159.58804321289062,159.81004397190767,155.71211999169003,158.38548734653924,1398000
2019-11-07,159.06076049804688,160.95709693435438,158.66299973484695,160.56858149762346,960500
2019-11-08,161.15135192871094,161.2160974400684,157.5621893762853,157.5621893762853,648900
2019-11-11,161.35484313964844,162.1966335674511,158.6074852359974,160.61482186883387,631000
2019-11-12,161.3455810546875,163.01990229574156,160.63329583476414,162.0023660965648,888900
2019-11-13,163.1309356689453,164.05597638356366,160.16154876441993,161.14208966351518,928500
2019-11-14,163.36219787597656,163.70445842783462,161.26235147551998,162.77941770173058,824000
2019-11-15,165.32347106933594,167.26615322337034,164.6263351035398,166.22510138642704,1570100
2019-11-18,164.5241241455078,165.61165478956192,164.2731511712582,165.07253448867453,1064600
2019-11-19,163.58531188964844,165.45363149891176,161.27081497225387,164.56129106591928,1284500
2019-11-20,161.4287872314453,164.66349383471686,160.67588272909703,163.71539922308293,1126400
2019-11-21,150.2001953125,154.83847624986979,148.3690512143422,154.1692248950476,3498100
2019-11-22,147.31875610351562,151.18552558891787,146.71456317719947,149.15919081587302,2274700
2019-11-25,151.83624267578125,152.64491598342912,149.00121980326844,149.038394153264,1894000
2019-11-26,150.70220947265625,152.64489161923075,149.7541005914993,152.30097574940424,2034900
2019-11-27,153.9740753173828,154.54107974468522,150.71148444220967,151.78972469466441,1377800
2019-11-29,152.3102569580078,153.8997331023926,152.15224118418865,153.45355589991502,705400
2019-12-02,149.70762634277344,152.66349028696922,149.08485323307985,152.39392309749016,1150600
2019-12-03,145.3574981689453,147.8021119304349,144.59528938644803,146.86330728729612,1975300
2019-12-04,148.96401977539062,149.45666142861833,146.86332167263222,148.27618797902593,1144800
2019-12-05,150.11660766601562,151.35286378408077,148.796698638065,149.17780302745513,1320600
2019-12-06,151.40858459472656,153.85321175585335,151.3714102631571,151.96629885110755,989300
2019-12-09,149.54031372070312,152.0407102696115,149.30793507018402,151.81762165913696,766800
2019-12-10,150.92532348632812,152.73788881242837,150.05157724740766,150.8509605954337,1189900
2019-12-11,155.3404998779297,155.62864717998727,151.2134521346382,151.3064092825849,934100
2019-12-12,159.3745880126953,159.8021568087515,154.9500892046503,155.21035217179792,1627000
2019-12-13,159.17005920410156,160.88965242318685,158.12899337757358,158.90049207151492,1152800
2019-12-16,159.9322967529297,162.66507223581436,159.90441244663648,162.4234035201836,1306000
2019-12-17,163.55743408203125,163.70614567404942,159.94162199703757,159.94162199703757,1333400
2019-12-18,162.9066925048828,164.96092561827965,162.9066925048828,163.50158116767292,1516300
2019-12-19,163.09263610839844,163.79906209041673,160.6758925024792,163.31571053257946,1187800
2019-12-20,164.9609375,165.30485332229026,162.63715127746465,164.35675875544703,2695100
2019-12-23,164.62631225585938,166.60618266258953,164.43110797189019,166.25296261696224,969100
2019-12-24,165.55580139160156,165.63016424156882,163.85478842966714,165.25834999173256,257700
2019-12-26,166.1507110595703,166.19718961959666,164.65419219961925,165.9926953020929,527900
2019-12-27,165.9369659423828,167.0430906895546,164.85872550116758,166.6155076927732,553900
2019-12-30,165.7975311279297,166.30876704535157,162.87885556142038,165.47220949558385,756400
2019-12-31,165.61166381835938,165.92769547233527,163.87347553822048,164.8866433494634,869400
2020-01-02,169.7014923095703,169.8223195664941,167.33122717336548,168.03765318411814,1056900
2020-01-03,166.4574737548828,168.4001558355455,165.32346482535587,166.68985240137167,833400
2020-01-06,162.71153259277344,165.04460911883305,161.8191923414768,163.89202009902266,1266800
2020-01-07,164.0035400390625,165.23979602145425,162.01437958379483,163.724682853447,1139300
2020-01-08,164.2173614501953,166.06710082159833,163.14842521132186,164.05934565212604,883500
2020-01-09,163.1205291748047,166.77351489968984,162.6185833268971,165.83471021986924,916900
2020-01-10,160.81527709960938,164.9237289398909,159.82999413028688,163.97563448823934,883800
2020-01-13,162.75799560546875,162.76728564454916,161.14063525973316,161.70763967548535,662000
2020-01-14,164.97024536132812,165.65809126348498,161.80061139064313,163.51091483121652,1279600
2020-01-15,165.3791961669922,166.1042162460103,163.4551087829099,164.6076975324957,922800
2020-01-16,168.1584930419922,169.0136447890464,166.39240675682737,166.84787402588267,1197200
2020-01-17,166.1321258544922,168.14917065684762,164.85869550329588,168.1212863559649,1604700
2020-01-21,166.2064971923828,168.13988919066892,165.05390820842123,165.12825689238863,1571400
2020-01-22,167.4334716796875,169.89667972937926,167.19178880315874,167.3126302414231,1084600
2020-01-23,169.68287658691406,169.78512375031443,166.4946344432598,167.14530594667983,1056900
2020-01-24,166.7549285888672,171.49545914922638,165.85329821098213,170.9191645839562,961000
2020-01-27,158.30560302734375,162.87881239962593,157.87803432481638,162.45124369709856,1581300
2020-01-28,163.5294647216797,163.9012789987722,159.59762270555325,160.06237991447057,938100
2020-01-29,159.61624145507812,164.46830859528671,159.5604728507738,163.9198984086054,1028900
2020-01-30,160.7316436767578,163.00895133731692,157.61777864971265,161.27076378217134,1448000
2020-01-31,154.0577850341797,160.57367854831048,153.60231768514217,159.30024783595147,1505700
2020-02-03,157.952392578125,158.6216441544857,155.2382119332247,155.47989478112845,1181500
2020-02-04,166.19720458984375,166.19720458984375,161.5868061752925,162.04227341135268,1735900
2020-02-05,159.20726013183594,165.2583950938472,156.90206788677457,163.65033880131898,3113100
2020-02-06,159.6348419189453,161.1685353299601,158.15690293113414,159.34668048006776,1370300
2020-02-07,153.4628448486328,159.1979474332053,153.14679914918398,158.67742159872284,1492800
2020-02-10,157.01358032226562,157.0972332193842,152.5147337558644,152.53332801631242,1680300
2020-02-11,160.8431854248047,161.29865264310166,156.4651800020601,157.28315731385354,1269000
2020-02-12,163.5666961669922,164.02216345723787,161.59612962267758,161.7355511486364,957700
2020-02-13,166.12286376953125,167.3870042942446,162.58141512883373,163.29713121628097,1158000
2020-02-14,163.85487365722656,167.08958130535578,162.56284860644573,166.49469237945536,864800
2020-02-18,157.30172729492188,159.8764863073486,154.92217255873956,155.2289140309722,1778300
2020-02-19,160.78744506835938,162.4977628555807,158.94700997678544,160.071728978078,1069300
2020-02-20,156.27569580078125,161.05830658882493,154.7531008063186,160.4231223293586,1664400
2020-02-21,150.50294494628906,155.29490662609527,150.2133747693499,154.75312418882245,1909900
2020-02-24,143.59988403320312,146.5236357452102,142.82457557031836,144.55267463561984,2649600
2020-02-25,137.6963348388672,145.71095240685167,137.37874275947556,145.04773200266123,2046900
2020-02-26,137.5656280517578,140.72289281680105,136.58481508862315,139.18162548423885,1879300
2020-02-27,138.23817443847656,138.6024747402264,132.89509384394017,133.39950416432146,3589700
2020-02-28,143.5812530517578,143.78674299181236,132.7269457367961,132.7269457367961,3695100
2020-03-02,148.27980041503906,148.52266253075382,141.71304484089364,144.31919094969473,2706400
2020-03-03,143.67462158203125,148.7935106329552,142.33885888897433,146.4769352910728,2397400
2020-03-04,150.11997985839844,150.11997985839844,144.46864329980963,146.7385109888442,1493300
2020-03-05,146.36489868164062,148.4105906878606,144.30052058654246,146.32752650388423,1697000
2020-03-06,145.42137145996094,145.85106577110258,141.50748585383295,142.03058205640363,1858400
2020-03-09,135.37046813964844,140.57343880310196,134.75395554068007,135.42651214804405,2815600
2020-03-10,144.3845672607422,144.5620351772037,135.98696105451666,138.72388092592777,2438500
2020-03-11,135.37046813964844,142.1894361428448,133.22202421353063,140.23716049941999,2730500
2020-03-12,117.09934997558594,129.84053579577275,116.99659790230602,126.32830772845807,2672700
2020-03-13,135.790771484375,136.15507168233611,119.46262822845307,124.06777099068353,2804300
2020-03-16,120.96654510498047,131.22300957160476,117.87466117471787,120.20992266323101,2752300
2020-03-17,139.7700653076172,140.52668769596988,117.3608925141276,123.18035974188236,3213600
2020-03-18,123.32048797607422,133.69839020561412,118.9675573066007,123.5353280339036,2664600
2020-03-19,118.96757507324219,126.4964566690877,118.4071136789916,123.18973230501332,1954800
2020-03-20,106.50662231445312,123.81558961983765,105.62856868028328,121.1627355044228,2632600
2020-03-23,108.69243621826172,112.73711175434107,102.92901125326374,106.78686155142533,2124900
2020-03-24,127.37451171875,127.55199388427629,112.09255894568885,113.68053401342492,2776100
2020-03-25,128.41140747070312,136.32327746685513,125.53436253998328,126.77672382279255,1703000
2020-03-26,139.89149475097656,140.5547152646604,129.8965787398641,131.4939038200688,1870400
2020-03-27,132.86703491210938,137.47216345311574,132.00766044563267,135.48251622168888,2240600
2020-03-30,139.66729736328125,140.64810985841052,132.6428281091134,132.7082222603298,1623700
2020-03-31,134.26820373535156,140.9003380113184,132.20382624561975,140.9003380113184,2907200
2020-04-01,122.93750762939453,131.91425345322713,121.11600650037649,129.56030585779337,1660800
2020-04-02,123.71284484863281,124.97387780576085,120.78909219607483,121.0319685717992,1346000
2020-04-03,119.50936889648438,124.22660092809463,117.28619493925596,122.19959524786611,1143700
2020-04-06,138.7145538330078,139.3777744695905,124.1705361955959,126.30030811496349,1846000
2020-04-07,137.5656280517578,144.78625469836928,136.8650493999915,143.94556601757338,1454100
2020-04-08,142.32955932617188,143.05816000931094,137.22935454419854,139.7327488394333,1350000
2020-04-09,140.22779846191406,147.46711016873553,138.70521743388952,142.12402993646853,1303800
2020-04-13,142.0679473876953,142.37620357745786,138.41559543865486,139.6486201977051,868300
2020-04-14,151.07273864746094,151.642543045018,143.6746316476862,144.87963460884555,1274700
2020-04-15,143.12351989746094,147.86877337189998,141.1525584568308,147.7566711182964,1278600
2020-04-16,146.3275146484375,150.157350119528,144.06698268985002,147.7847301433719,1563000
2020-04-17,150.5869903564453,151.59581065772792,147.39234047360495,150.3254279875053,998100
2020-04-20,146.00057983398438,149.77435687035123,145.7670536391934,148.32649161198557,634800
2020-04-21,138.7986297607422,144.02027220767005,137.7431010217707,143.32904377305846,1284700
2020-04-22,148.2237548828125,148.85895361021642,141.32072041927128,144.14172113573161,1207500
2020-04-23,148.94297790527344,150.24138274906878,146.66376036576384,147.9995373759836,1404500
2020-04-24,154.05252075195312,154.65969726173662,147.6072050550805,150.37214654260043,1492500
2020-04-27,155.11744689941406,158.0879076917935,153.79101974171815,156.03286564843913,1030500
2020-04-28,155.31358337402344,159.51705427811882,155.01466304592324,157.2938806611172,1198900
2020-04-29,164.2996826171875,165.49533554753393,157.12576503510894,158.73241207944983,1518900
2020-04-30,153.27720642089844,163.75786021777665,153.16511844017367,162.4874775074489,1241400
2020-05-01,140.36790466308594,148.41988189343053,137.97659912621458,147.86876359068236,2692500
2020-05-04,141.98391723632812,142.79658378050416,137.81780391964926,139.81678744744949,1473200
2020-05-05,145.3746795654297,150.10124578404748,143.81472685021848,146.14998796639742,1868900
2020-05-06,153.01568603515625,157.98512979658608,148.01823452677183,152.6420498628064,2422700
2020-05-07,153.04373168945312,158.50825063781602,152.79153364812578,156.3411205939832,1682200
2020-05-08,160.19895935058594,161.03031198058207,154.76246304299042,155.83669202210675,1265400
2020-05-11,157.65817260742188,158.75107327458656,156.25701571311254,158.04115891265963,1145800
2020-05-12,154.65972900390625,159.90939309388514,154.51026882436412,159.00331035370846,965300
2020-05-13,153.25851440429688,157.49934207161843,150.07321500746463,154.47283871099606,1805100
2020-05-14,165.10301208496094,165.29918035097245,148.41990093017574,151.8387276846665,2683500
2020-05-15,157.1529083251953,161.08572262586694,155.79191419363502,157.71608522482606,3709900
2020-05-18,161.73333740234375,162.82213820514158,158.42001553076898,161.26402819308748,1492100
2020-05-19,161.9304656982422,166.726806748905,160.63516760059804,161.63949625826277,1074800
2020-05-20,166.99900817871094,169.14845264621584,164.23008636240743,164.7275530406302,1302600
2020-05-21,161.84600830078125,166.3701571063324,161.3110031133347,165.31890879262406,1001800
2020-05-22,162.38101196289062,163.29147311793693,159.94059796174287,163.10375226912157,666400
2020-05-26,165.797607421875,169.2611127336956,163.967303812185,166.05103848235046,1911100
2020-05-27,165.8820343017578,167.91883461521837,157.91317284458114,167.1867133715664,1659600
2020-05-28,163.89219665527344,169.15784764922594,162.7564618313222,166.75498629052095,1272000
2020-05-29,165.15933227539062,167.0459504724793,162.9160344334281,165.1968707169749,1792100
2020-06-01,165.15933227539062,167.4495495887877,162.8033904643094,164.2582521333557,1085400
2020-06-02,166.40768432617188,166.65173432695232,162.32470203318525,164.53984248921276,892600
2020-06-03,174.62998962402344,175.47474061691125,167.43078683612248,167.86254336237786,1659800
2020-06-04,174.85525512695312,177.51154752060177,172.41485532628252,173.46610358982164,1068700
2020-06-05,180.66526794433594,184.20386336803688,177.70862567519882,178.54399548905073,1500200
2020-06-08,180.09271240234375,182.14828904213945,177.18300388169538,181.7352946440935,816400
2020-06-09,179.30430603027344,180.7310102808008,177.07038922878516,178.84437777050147,776000
2020-06-10,180.93748474121094,183.03059989907686,178.65663443339596,180.6183435796062,779600
2020-06-11,169.4957275390625,179.57649521199934,168.80114470500044,179.57649521199934,1460300
2020-06-12,173.3534698486328,176.77004094669564,169.01705654167927,174.7426213529837,1253100
2020-06-15,176.22561645507812,176.58229605417037,165.74124994043373,167.29936002657442,1270800
2020-06-16,181.14398193359375,184.8796793979407,177.14545812377582,181.9605754115172,1482500
2020-06-17,181.98875427246094,184.25082846731377,180.3743291835536,181.31294775514237,1246200
2020-06-18,181.8479461669922,182.36417486386716,180.2616786730658,182.36417486386716,938000
2020-06-19,181.24725341796875,185.3771694386141,180.26170104512434,184.37284068396974,3331000
2020-06-22,180.0833740234375,181.87613907491024,177.72744637758444,177.72744637758444,1179200
2020-06-23,181.3505096435547,183.1808130858128,180.4869679107208,183.1808130858128,1089200
2020-06-24,177.042236328125,181.15339039267397,174.29209069577539,180.41188799800864,1486600
2020-06-25,180.54324340820312,180.8811465834535,175.915847544974,179.19163070720168,1133700
2020-06-26,177.93392944335938,181.34110511823522,177.43644842414162,180.8060999801071,1713500
2020-06-29,179.9613494873047,179.98012587048837,175.1368502063495,178.84439100391234,677300
2020-06-30,182.5425262451172,183.8378243892621,179.30429520693696,179.30429520693696,1253500
2020-07-01,181.29412841796875,183.28400905734225,180.13963185867024,182.54249254105844,1262000
2020-07-02,184.44790649414062,186.04356931723683,182.34541033187335,182.61760338067367,1247000
2020-07-06,191.09335327148438,193.8341178065172,186.05297607980862,187.15115809978465,1367400
2020-07-07,190.24859619140625,192.72654859052358,189.41322625479197,190.99009854414734,1311300
2020-07-08,191.95684814453125,193.10196376405577,188.83124708358454,190.84928528227206,748700
2020-07-09,191.09335327148438,193.81535574688826,188.3244313248252,190.53957174658913,1083700
2020-07-10,189.844970703125,191.66589286596187,186.0623393327707,191.10273036505808,994900
2020-07-13,187.32009887695312,195.0261486574982,186.86017066098316,192.37925196389665,1152500
2020-07-14,188.5966033935547,189.27240984163896,182.10136526223906,185.6681183333103,1612000
2020-07-15,184.00677490234375,191.63774832440035,182.38296881521197,189.4695417576478,1454200
2020-07-16,184.00677490234375,185.3583879107564,181.1533808018368,182.07322297393551,989600
2020-07-17,185.09559631347656,186.20317377637707,183.04941451567132,185.86527048693773,824200
2020-07-20,190.54896545410156,191.45004565264432,184.50427342715776,185.20823740901858,756600
2020-07-21,191.0182342529297,192.11641611300334,188.46519094120637,191.3561374654278,921000
2020-07-22,193.2991180419922,194.1720264710633,190.7366932574152,192.40743323058678,947000
2020-07-23,191.4031219482422,196.45289509414994,189.87316889722894,193.14895328819725,1156100
2020-07-24,176.65745544433594,185.1519443571317,175.6531264264285,184.33535056206856,2477400
2020-07-27,184.9735870361328,185.73386586261654,178.51588604307287,180.46821458335108,1857900
2020-07-28,180.65591430664062,184.8421450387381,180.39310225718978,183.31220653418833,1152000
2020-07-29,183.1526336669922,183.70641514823308,178.6566430026312,179.74544390696306,1479800
2020-07-30,185.75262451171875,186.78511075228838,181.85736285555717,182.85229632982393,1166700
2020-07-31,187.5641632080078,187.72372665700422,183.06817193414966,187.72372665700422,1149000
2020-08-03,194.9041290283203,195.2701896765036,190.07024940203036,190.15472163110758,1804600
2020-08-04,192.3229522705078,192.57638331175798,187.86451376149336,187.9490003233659,1727800
2020-08-05,191.4688262939453,193.54316551953858,189.94825432022358,193.37422103478295,834900
2020-08-06,191.09335327148438,191.6659111781915,188.65295355670975,190.77422639159724,1036700
2020-08-07,190.39877319335938,193.8528824846933,187.99589774291337,189.46953569924298,991000
2020-08-10,190.6240692138672,190.87750027423317,186.08115812250097,189.03780131209302,1018900
2020-08-11,188.2305908203125,192.24789209726362,187.77067681612186,191.06522335006485,745100
2020-08-12,195.2326202392578,195.94596504183963,188.76554026671957,189.18791566722433,823600
2020-08-13,197.0723876953125,197.35396184633817,193.74966949136282,195.0355725216623,1152700
2020-08-14,199.3818359375,202.86025057741745,197.48709618332595,198.0338402281756,1209400
2020-08-17,204.20826721191406,206.03702836234086,200.60730216167775,200.96551726070425,1320400
2020-08-18,199.6175079345703,205.40543487391406,199.24987142022806,205.2263417075118,842700
2020-08-19,198.46743774414062,200.52244203231908,197.47765721037797,200.51302061963503,734300
2020-08-20,194.98907470703125,196.85553602414384,193.32056378060693,194.75340989079547,915200
2020-08-21,192.27423095703125,195.0079373495869,190.520883970736,194.89482282912925,1425900
2020-08-24,196.4125213623047,196.70474348709448,193.5279857792498,195.60183366909357,922200
2020-08-25,198.22239685058594,199.0707844687506,195.3095830598693,196.1014134213349,869600
2020-08-26,200.06056213378906,200.46591307778365,197.58137816743005,197.74162850868987,615200
2020-08-27,192.72671508789062,201.8610871475715,191.83119151777,201.52172918181788,1158900
2020-08-28,196.6481170654297,196.94033908745155,192.25532217069468,193.04715236917392,828900
2020-08-31,193.37713623046875,196.17683561805464,192.28364794508815,195.86575631011843,930100
2020-09-01,196.02601623535156,196.53506035820593,192.7832656495144,194.0841402036525,738100
2020-09-02,203.18077087402344,203.77465081153608,197.01578563333356,198.59944628824883,1171500
2020-09-03,189.86099243164062,201.76676831574846,188.76750431035592,201.36143176504206,1807400
2020-09-04,182.28201293945312,188.93718488351917,176.0698919896318,188.38101938311445,2380600
2020-09-08,164.4657745361328,172.19557816914008,163.86247313999175,170.80044638753387,2919000
2020-09-09,164.45632934570312,169.6220977023403,162.93864746771823,168.66058129680113,2314400
2020-09-10,163.20263671875,167.18066078593156,162.72187118906234,165.9363433959657,2413000
2020-09-11,162.0808563232422,166.39823801568653,161.48697631019013,164.8428414062265,1318800
2020-09-14,167.8687744140625,168.27411101979155,164.95596055033766,166.4359282118021,1254300
2020-09-15,170.39508056640625,170.56476671071812,167.1617662485646,169.65980750334492,1441300
2020-09-16,170.44223022460938,174.57108267027857,170.25370123640744,171.9410550989984,1624500
2020-09-17,170.14056396484375,170.3573715530871,164.68255914899493,165.31413908611273,1090100
2020-09-18,168.69827270507812,173.96773342954953,166.5112967686914,170.83809842758285,1792800
2020-09-21,170.71559143066406,170.82870593485544,165.5403871063341,168.132699975534,1099300
2020-09-22,172.78948974609375,173.09113330740226,167.35976180411532,172.32758141152217,837400
2020-09-23,170.42337036132812,175.64571099476055,169.64097579164482,173.8075282166475,1136500
2020-09-24,173.95834350585938,176.80517866209215,167.8687723913478,167.8687723913478,1134100
2020-09-25,177.1350860595703,177.80436600766166,171.1680518557005,173.1759204676491,906900
2020-09-28,182.1688995361328,182.57423610821905,176.0887502679688,177.3519102071977,1348500
2020-09-29,182.2443084716797,184.5820993065085,181.5561712695247,183.6865759255389,762600
2020-09-30,182.6308135986328,185.19484798410625,180.0950578407769,181.6221612674783,1019300
2020-10-01,187.57034301757812,188.72982431004368,184.44072162899903,186.28832579742974,915200
2020-10-02,180.95291137695312,185.06290708675957,179.85942298080246,181.0754473224269,1092100
2020-10-05,188.48471069335938,188.53184653175998,181.669288468711,182.19717533758578,1242100
2020-10-06,188.37159729003906,194.036974133273,187.2875305358378,188.42815454291525,1278700
2020-10-07,191.2655792236328,193.89560690444003,189.5782252907723,191.3598509135796,1164800
2020-10-08,194.83824157714844,195.08332780257433,192.74553690332883,193.7070533603418,686000
2020-10-09,198.9387969970703,199.94744927450628,196.8178137356819,197.93958051756368,1199900
2020-10-12,202.24757385253906,203.52015539150656,200.40939092924776,201.69140826771977,1289000
2020-10-13,207.32847595214844,208.9498509988238,201.8139136338372,203.5201245601571,944300
2020-10-14,203.6143798828125,210.7220236665,202.7754138003155,207.46985242013923,1399000
2020-10-15,200.87123107910156,201.5970826385532,196.17679262703444,197.38339516584819,1168500
2020-10-16,196.45018005371094,202.520907866635,195.6960641680476,202.13441412573752,1225900
2020-10-19,194.9513702392578,200.1642750899525,194.18781849706718,200.1642750899525,994600
2020-10-20,193.9238739013672,197.29859594848259,193.30171530625796,196.8649663381169,607200
2020-10-21,194.47061157226562,196.88381701811494,193.83903158322215,193.96156750812733,607000
2020-10-22,191.6520233154297,194.14064281596265,189.96466982013726,193.52792014172223,884900
2020-10-23,191.52008056640625,194.6497162210106,190.60569993140672,193.3865418780025,842900
2020-10-26,187.5326385498047,190.81308880072726,185.74157729623826,189.1445778557915,942600
2020-10-27,187.20269775390625,188.993758966371,185.8264232983529,188.54127216819788,739200
2020-10-28,179.62371826171875,184.98745155521038,179.55772521170388,183.3660765369509,1554800
2020-10-29,190.3700714111328,192.37794062516897,179.30325876910655,179.48235198063705,1351500
2020-10-30,185.87351989746094,189.4744846695518,184.13903055459681,187.11783685027876,1047300
2020-11-02,190.6339569091797,191.5671946509139,187.4195001219918,188.34330206651916,817900
2020-11-03,198.7879638671875,200.22079540233582,192.78321536978055,193.3016807730815,1188100
2020-11-04,207.8846435546875,209.06296761890434,198.51460829462087,202.02130186043732,1356800
2020-11-05,215.0205841064453,215.8029786386404,210.08104437951604,210.08104437951604,1276400
2020-11-06,218.39532470703125,219.90358551313173,212.77708269118116,215.75588987211702,696000
2020-11-09,218.9986114501953,228.68914772516135,218.63096052147506,224.0795444083416,1135000
2020-11-10,210.90110778808594,218.95142422771588,210.33552098152452,216.81158413077725,1071600
2020-11-11,220.12037658691406,220.70483515681806,212.7582094669529,214.18163427136557,994800
2020-11-12,219.8846893310547,222.5901311331637,218.04650668826048,221.64747189236272,895300
2020-11-13,223.4238739013672,227.98508216732546,222.86553983457725,224.41748819272544,892700
2020-11-16,228.7989501953125,229.54654357208494,223.67940695479274,224.88122532583125,882800
2020-11-17,228.855712890625,230.72941795458922,226.83060913061985,229.43296283546323,1401200
2020-11-18,227.43626403808594,231.60003893721617,227.0672035175304,230.53070344246834,832200
2020-11-19,230.66319274902344,231.2499006596666,223.33874401487697,223.44283875123813,716400
2020-11-20,229.54652404785156,234.1077327346237,229.46134513653544,231.1930949268479,583000
2020-11-23,236.80471801757812,236.99397720832795,229.63168350361963,230.21839132680927,720400
2020-11-24,236.73846435546875,238.1863180714522,234.49571339140618,237.2873261047282,750200
2020-11-25,235.583984375,237.61856051258215,233.8522345133479,236.57761323851207,547200
2020-11-27,240.48587036132812,242.46365566299443,237.62800886523047,237.62800886523047,335500
2020-11-30,238.4418487548828,243.19231688739941,235.08244371997478,243.19231688739941,1017600
2020-12-01,242.8800506591797,244.82944793281067,239.02856008415864,240.79817049625976,903500
2020-12-02,242.55828857421875,244.64015412603027,240.61834936698654,241.1009624725796,849000
2020-12-03,243.5708465576172,247.79138283536247,243.2490756095407,244.76317801814795,518600
2020-12-04,249.54208374023438,249.98685081852574,244.2237946137557,244.29004327797233,749000
2020-12-07,252.38099670410156,253.54494002026735,248.69036301928813,250.98991925282158,693400
2020-12-08,252.60813903808594,254.31148646640145,250.47894031313857,252.74060749716978,712700
2020-12-09,242.71914672851562,254.4534188630492,240.2114299291087,252.29580341401032,1197100
2020-12-10,242.236572265625,245.2079868361377,239.97489061265085,241.4511327708026,1009700
2020-12-11,243.7979736328125,244.03455125286078,238.71627653528003,239.98434355279835,1124300
2020-12-14,246.16372680664062,249.7029184301865,243.6465376992974,243.6465376992974,1039500
2020-12-15,246.9965362548828,250.57358912872618,245.6527625107235,249.81652332951413,774100
2020-12-16,246.56117248535156,247.46965129663405,243.92098716253804,247.33715397365853,699100
2020-12-17,245.7378692626953,249.21084101767732,243.87363668385004,248.76607398985837,1355100
2020-12-18,248.07528686523438,248.76610391297245,243.46675944254966,244.85783700504686,2220200
2020-12-21,246.7693328857422,247.98060894575343,244.14806368375284,244.82940827245287,1023200
2020-12-22,243.76010131835938,246.98702336498036,242.5015211474809,245.98393661489908,753400
2020-12-23,239.21783447265625,244.68752266497094,238.9623410239544,244.57397002110346,676400
2020-12-24,245.1701202392578,245.1701202392578,240.33448727648562,241.17670307346734,367200
2020-12-28,243.7506103515625,247.46015967762594,243.40048013825788,246.78828740671432,497400
2020-12-29,240.70350646972656,244.8672807645522,238.48914366777242,244.18593614248164,579200
2020-12-30,246.1826171875,248.28342719516658,241.5078564647559,242.8610876936272,641500
2020-12-31,245.00924682617188,246.03124942518502,241.8391009813763,244.21434949824973,728000
2021-01-04,246.35296630859375,255.76876605676617,243.864194289965,247.99009364778362,1252000
2021-01-05,251.51992797851562,252.02147149223623,245.0566097524688,246.22058230504032,1074900
2021-01-06,250.970947265625,256.39331569598176,247.7534980126146,248.35915046824408,850600
2021-01-07,263.2541198730469,264.3518435167369,253.95187150102322,254.26417013780897,1011700
2021-01-08,267.9761657714844,271.9128204074062,264.5505268255647,267.0677158952258,1051800
2021-01-11,273.587890625,275.23449098918906,263.0838642668207,266.24453874739095,1203900
2021-01-12,275.36688232421875,280.3917887537542,271.5911126819057,273.4837336762047,1323500
2021-01-13,274.5246887207031,277.7610545396882,269.84991242296445,273.24716373779626,1154500
2021-01-14,287.5648193359375,298.91107219952204,285.70058662559006,286.5617325861163,2431200
2021-01-15,287.80145263671875,288.4449369254445,280.1079426980377,287.19579997972403,1606600
2021-01-19,297.2171936035156,299.7911593573938,291.3122252360149,291.3122252360149,1275000
2021-01-20,287.9905700683594,300.5481248879383,286.0222575618326,299.9046408837945,1019600
2021-01-21,288.8139953613281,292.315327116747,284.30007549346993,291.4257928772537,1063100
2021-01-22,288.6341552734375,292.7505825660104,288.1231395519412,288.9085645068739,725000
2021-01-25,292.3153381347656,295.56117655701166,287.0159930067289,292.7884934340706,955700
2021-01-26,287.25250244140625,294.05647633997347,286.56171435109405,293.3562159046102,832100
2021-01-27,269.1685485839844,282.7670252245866,267.85316318734885,281.3380871938163,1657800
2021-01-28,275.4709777832031,280.80815370430946,272.963260866411,275.1208475373439,1021200
2021-01-29,265.033203125,273.6730230820063,264.7019886561095,271.6479046395548,1163800
2021-02-01,276.909423828125,278.23425299122823,267.32329211367284,270.6637676259413,1052500
2021-02-02,282.7386779785156,283.53357541158454,277.8557118504289,280.10793568367785,1106900
2021-02-03,270.92864990234375,285.4072160256337,270.209473652235,285.4072160256337,1279900
2021-02-04,278.4329833984375,282.1708930102981,270.947662948118,272.9538368366683,1401800
2021-02-05,272.56585693359375,282.1425161460725,271.2031672794195,280.1363421771797,890400
2021-02-08,286.0318603515625,286.3441301527491,273.1620300038511,274.37330645545285,1018200
2021-02-09,282.2938537597656,289.05052389319854,280.5999500537403,284.1675587525306,735500
2021-02-10,281.6314697265625,287.8109053596242,280.1079235986893,285.9088119073867,546900
2021-02-11,307.058837890625,308.9609023358692,283.3348269985999,283.3348269985999,2285700
2021-02-12,313.9952697753906,316.79634063615026,301.7973430271016,304.26719945277773,1503000
2021-02-16,319.0769958496094,323.83693693297164,314.6482692465386,314.6482692465386,1395900
2021-02-17,312.5663146972656,316.73010357558536,306.00839053256453,315.36741428433555,1062800
2021-02-18,308.5430603027344,311.237921760086,304.7285083938514,309.4350249561267,1005500
2021-02-19,313.7714538574219,320.72684881354115,311.2283905628853,313.7239916824968,1512400
2021-02-22,300.0029296875,310.26999022300964,297.81098248632986,308.391165925719,1123100
2021-02-23,302.48907470703125,305.04160733949413,288.15126962097463,292.01325444760784,1745700
2021-02-24,311.6459045410156,311.93059071418605,294.23365724937236,297.80151545545294,1170100
2021-02-25,289.21405029296875,309.6722478828297,287.0221026196273,306.1992846834808,1528000
2021-02-26,295.32489013671875,298.64602588517306,287.67679127263307,295.4102872952898,1316000
2021-03-01,309.3305358886719,309.7195866457992,298.91167842619683,299.87004350302067,1294000
2021-03-02,293.9869384765625,309.9853096568929,293.8256134299614,309.2262045103122,1175900
2021-03-03,288.2841491699219,298.9592313075205,288.01845939503994,294.62276876925716,1155200
2021-03-04,272.9214782714844,290.6089146083807,267.9018100402801,286.7374024936566,1655300
2021-03-05,280.7498779296875,282.05935915044637,263.9639039953128,277.73239535194494,1631100
2021-03-08,260.03546142578125,278.81409194499184,259.27632727001793,276.13822730019643,2182500
2021-03-09,279.0703125,281.14839700532264,267.8638533333825,269.1353704670217,1944100
2021-03-10,268.9646301269531,285.02943528479386,268.28142372837334,284.4411242945193,1688000
2021-03-11,281.21478271484375,286.5381039175889,275.17981852564134,279.02283544253856,1709500
2021-03-12,279.2316589355469,279.7156052373975,271.3558324934975,274.1076255299959,1298400
2021-03-15,283.681884765625,284.023502317212,276.5272311697452,278.4724560074415,1321900
2021-03-16,286.51922607421875,290.32428023641666,283.6061077201309,284.4031770723672,1544200
2021-03-17,289.7832946777344,294.0722931566036,276.24253343299733,281.0439437386964,1906300
2021-03-18,273.98419189453125,284.43154498177444,273.0732599421137,283.05563434861904,2041200
2021-03-19,277.91265869140625,282.04983125596266,269.9514075355273,273.2535759641052,3220700
2021-03-22,289.7548522949219,292.3833125995925,283.0651474559568,284.66878392202466,1820000
2021-03-23,281.8789978027344,291.7665052633155,280.97753516549216,290.8460751340272,1766300
2021-03-24,282.6666564941406,300.8000459981601,282.34400635607875,294.63222171113154,1669200
2021-03-25,284.10894775390625,285.61768888134185,272.2762137705018,278.0549867915123,1188000
2021-03-26,303.58978271484375,303.8839381525429,283.44471059760053,283.44471059760053,1650500
2021-03-29,298.2475280761719,301.60662834689947,291.197237069241,301.49276544924953,1428400
2021-03-30,300.8664245605469,302.2328369486519,295.76136007693293,296.8241188325692,924100
2021-03-31,313.5152587890625,316.26705162725443,304.75696651081034,305.3073134952446,1811800
2021-04-01,329.5420837402344,330.0165317168994,319.7779362722264,319.7779362722264,1885700
2021-04-05,336.9339904785156,341.3084162465044,328.38445691713815,331.212148560862,1496100
2021-04-06,328.8873291015625,335.7193622975376,323.15598968116825,335.07412002688534,1690400
2021-04-07,330.25372314453125,334.67558132604586,326.11652213774795,329.9405712943233,985500
2021-04-08,335.9471130371094,336.1653405613065,330.6143227045664,335.90914909281236,1125000
2021-04-09,334.8179626464844,336.93398221392994,330.43406771714825,333.9354963078275,913800
2021-04-12,327.4639587402344,332.777781212543,325.7843945776745,331.70552428476253,1376100
2021-04-13,326.5436096191406,331.658144384803,321.7896310358101,331.658144384803,1226400
2021-04-14,319.3034973144531,328.9537821739198,318.050947670757,322.6246332449155,1186100
2021-04-15,321.2392883300781,324.67428752028275,318.5538961963365,324.3232006025451,1198100
2021-04-16,315.9823303222656,322.49174220623956,315.96336282941013,321.74213530538833,958100
2021-04-19,307.8123779296875,316.5706692088121,302.0146084887675,314.04660245101456,1551700
2021-04-20,302.6219177246094,309.18826166892734,301.54016241099225,306.5977652268498,1477200
2021-04-21,314.834228515625,315.2422468671741,303.23871762711923,305.97154288420876,1697700
2021-04-22,308.4670715332031,314.9100829090261,306.2656550168705,312.6137710095227,1045400
2021-04-23,315.099853515625,317.0261109429295,309.9947891825116,311.22834221079404,1182000
2021-04-26,318.64874267578125,320.31880879349904,314.0750573039442,316.94074157030144,1039400
2021-04-27,313.6005554199219,322.6245635069259,312.43343214976744,322.6245635069259,939800
2021-04-28,308.2393798828125,313.8378606132243,307.66056721004156,312.6612388141435,983200
2021-04-29,309.6817321777344,311.9306403675335,302.375249231432,309.26424451504226,1294900
2021-04-30,299.2343444824219,305.21237740136667,296.9285342672294,298.93069082762935,1434100
2021-05-03,295.32489013671875,302.50801030457706,292.7248956021993,301.3883200593053,1412200
2021-05-04,292.2030334472656,292.3453620541495,284.1184500381777,290.1913785819532,1592200
2021-05-05,295.979736328125,300.55339432672497,290.74181040143867,297.1658566618107,1157100
2021-05-06,299.74676513671875,300.11681951089656,291.96580651453905,293.6928041487215,935200
2021-05-07,303.36212158203125,306.49346740575777,300.4774690746745,303.637280625598,848300
2021-05-10,284.57391357421875,297.8394904970484,284.1563970044238,294.1103360494791,1576900
2021-05-11,284.9345397949219,286.149125730048,274.9141985906283,276.1382827539861,987700
2021-05-12,272.08648681640625,280.6455490639398,271.2799482137216,277.5901021450446,1400300
2021-05-13,281.5943298339844,285.30451592593687,278.71917668808794,279.48777997752546,1533300
2021-05-14,291.00750732421875,294.186457475524,281.7466528896526,284.0880588168006,1508100
2021-05-17,283.3647155761719,286.34379974832564,278.0918318626668,284.059527327684,1352800
2021-05-18,279.7479248046875,288.38056999306355,279.32913818156203,287.7904694912313,1087600
2021-05-19,289.2847595214844,289.57028263739954,272.7618011229378,274.1609224831127,1301000
2021-05-20,298.2506103515625,299.81154790819795,290.7029805768747,290.7029805768747,1449900
2021-05-21,295.1857604980469,299.78285597811816,293.8246898076358,299.78285597811816,1049700
2021-05-24,302.2385559082031,304.6846441847103,298.67889824483944,299.18334186583,1209100
2021-05-25,302.5906677246094,308.2918348991491,301.27720338981885,304.69409865633264,1258300
2021-05-26,302.0863037109375,306.4740077052098,300.4872868130911,303.8090279523005,1078100
2021-05-27,301.2772521972656,306.07421526740853,300.6680974318582,301.57230245985426,1195100
2021-05-28,301.6103515625,304.86543124374,301.2010630379845,302.84765711691847,885500
2021-06-01,300.50634765625,309.091416734512,299.2309623860493,304.4657669804752,1024700
2021-06-02,300.3730163574219,303.12368154751516,297.7175352204219,300.8584346959313,881700
2021-06-03,293.891357421875,297.39390955304765,292.5112613745682,296.74670451608824,1243000
2021-06-04,301.70550537109375,302.73344666873476,296.1470994252597,296.36601984233573,898400
2021-06-07,303.1903076171875,303.9326968147967,297.5557714112552,300.1731733195835,1098500
2021-06-08,298.6693420410156,308.04440563718737,296.8133835616124,307.04504561336233,615000
2021-06-09,299.011962890625,307.25440197727704,298.7264107423756,305.6458873942484,748000
2021-06-10,303.9137268066406,305.14153460313054,299.3642067344395,300.8775377179725,690900
2021-06-11,304.6750183105469,305.85524811466206,302.0956964087619,305.1889888857891,770300
2021-06-14,309.5292053222656,310.1954647480256,303.552011869865,305.45557703363716,634300
2021-06-15,305.13201904296875,310.84271536902696,303.89471312409756,308.80591545004006,718400
2021-06-16,300.6680908203125,307.70177755158846,298.126847769885,307.3020161148181,856300
2021-06-17,303.06658935546875,305.8362508052483,298.0411790346262,299.8781122456815,919700
2021-06-18,289.7987976074219,299.5450428463807,288.5424375128712,298.74554888969436,1925900
2021-06-21,293.919921875,294.68133617981283,287.8951520375627,291.26444083475803,882400
2021-06-22,293.73907470703125,294.6527776627786,289.54171090799827,292.8063465601972,672300
2021-06-23,295.87109375,297.8603447338314,293.7391102466092,293.96752875165913,656600
2021-06-24,300.6585693359375,300.9060130193404,297.22261961874307,298.3742682398537,730700
2021-06-25,301.0107727050781,302.9809406011401,298.82165530953193,300.40161790232105,3921200
2021-06-28,306.7214050292969,309.7956435868911,303.04750986719074,303.8565307151185,861600
2021-06-29,309.5196533203125,310.3096199453587,306.036126192011,306.4739379704911,544800
2021-06-30,308.57733154296875,309.3387748110991,305.39838214451265,309.32924769334414,697600
2021-07-01,296.70867919921875,308.6630655567533,296.50881299908025,308.52030398522584,1417100
2021-07-02,296.7847595214844,298.85963793481085,293.15847133392435,298.6026671740709,1053200
2021-07-06,296.2422180175781,301.02968145534396,290.54105177521706,297.6318119354546,1071400
2021-07-07,292.2543029785156,299.7543529778784,291.13120671159015,298.9738844346547,988900
2021-07-08,288.4757385253906,290.4173828511848,284.325980996443,286.51506900724087,896000
2021-07-09,293.8723449707031,294.65278446859014,287.0575794582259,289.0658263927567,726700
2021-07-12,298.878662109375,299.13566191533283,294.00554146683874,295.0715329766323,883300
2021-07-13,296.5849609375,299.81151788159167,295.0526048993442,297.07037935644115,568400
2021-07-14,294.2149963378906,302.95235255602506,293.5868164139201,298.62175387916415,763100
2021-07-15,289.1038818359375,295.05252137988685,287.1717648739064,293.3488228815941,910300
2021-07-16,279.0816955566406,293.04435910007743,278.2060427830301,290.5601914063421,1794400
2021-07-19,280.1380615234375,280.16661382956903,273.58029681578927,275.9502253629739,1332200
2021-07-20,288.171142578125,290.13181196977104,278.56766178806646,281.0613269922322,1202500
2021-07-21,301.60076904296875,302.95228359463437,289.20854535239005,289.6654112965798,1607600
2021-07-22,299.20233154296875,302.80009726261306,296.9466116745036,299.8114862826218,790200
2021-07-23,305.2937316894531,306.4739325698167,300.23976947293653,301.6483888343785,705200
2021-07-26,303.26641845703125,306.78799576651824,300.3920171361346,304.7321714264776,655100
2021-07-27,294.100830078125,300.0970489758408,287.942795354451,300.0970489758408,1081200
2021-07-28,300.3539733886719,301.62935829557216,294.54809504674284,296.00432092998875,646800
2021-07-29,304.0279235839844,304.71320825082057,295.40477513652155,298.3362819514712,1119100
2021-07-30,331.37255859375,339.51028636575177,319.3800947354632,323.1205925368483,2656900
2021-08-02,329.23114013671875,339.50088306904405,328.16514821548077,331.3726511004526,1128200
2021-08-03,330.16387939453125,332.6670432287914,326.4614311458224,330.4874819923508,925400
2021-08-04,336.7406921386719,338.83462560071246,330.1638995450252,330.1638995450252,1161900
2021-08-05,336.655029296875,339.4342473846005,332.65755963849034,338.39680779303995,730400
2021-08-06,336.3122863769531,337.69235330425306,334.20885559644506,334.58956271273155,908400
2021-08-09,334.570556640625,338.9011842193187,334.3611633396102,336.4741215421795,748600
2021-08-10,325.5096740722656,335.06558023934247,324.17718413966975,334.30413667350047,1476800
2021-08-11,326.13775634765625,328.39347595838916,320.0749071873742,327.2703797123346,832300
2021-08-12,312.67010498046875,323.4633159635254,312.35600046292177,321.2266210889455,1356600
2021-08-13,313.0710754394531,314.2646183163333,311.0850037743555,312.3645073808938,596500
2021-08-16,314.3219299316406,316.5657965385545,311.1136712823604,312.2594841869389,1073600
2021-08-17,307.8863830566406,312.2499543898181,302.54883278663254,311.1423429203231,1255600
2021-08-18,303.2076416015625,311.73433464515045,302.84482901903806,306.04350083727525,1117900
2021-08-19,307.79083251953125,308.9843753560897,299.3405434088518,300.5722877751643,729900
2021-08-20,305.5183410644531,312.6509546594522,301.21202892106,310.06336178982184,794300
2021-08-23,313.7012939453125,314.7229445814746,308.77434507008917,309.32813618672196,1274700
2021-08-24,313.1856994628906,319.20114483956314,311.6293146477944,314.78981434477197,621500
2021-08-25,318.93377685546875,320.38514379739087,310.98957676694295,310.98957676694295,839200
2021-08-26,318.676025390625,321.5214427891072,317.0909965691272,319.4780829016412,495500
2021-08-27,327.4413757324219,328.014282238645,319.73585461484737,320.4710958012073,692600
2021-08-30,326.65838623046875,331.2320512163253,323.5265305292036,329.7425118668964,516000
2021-08-31,324.6054382324219,328.14789422299725,318.65683960002883,328.14789422299725,1003200
2021-09-01,320.2991943359375,326.16186209203806,320.0031980186012,325.5507832604906,668100
2021-09-02,322.45709228515625,324.3190308777652,320.21322578974394,322.6289846097642,470600
2021-09-03,326.314697265625,327.04038082550454,320.9294165850732,320.9294165850732,481800
2021-09-07,326.3719177246094,327.58454682510904,322.64806969148776,327.1548888631514,570300
2021-09-08,321.54046630859375,325.75128927499986,319.44937675780915,325.75128927499986,774800
2021-09-09,332.1200866699219,333.1322380948181,320.4138349733425,320.748032891642,1200100
2021-09-10,334.73626708984375,342.881002492214,334.4880008476272,335.1468388448709,1241300
2021-09-13,339.53912353515625,342.1362743074857,333.5236492418408,338.5938176503697,974200
2021-09-14,340.29345703125,348.3140604280534,337.5435292062353,344.23689875641287,1349300
2021-09-15,350.7488708496094,350.9398493884882,338.05911330296516,341.21008435906185,1566300
2021-09-16,355.2174377441406,356.85022534037597,346.795821554849,348.5145116001992,1970700
2021-09-17,353.1072692871094,357.68093373189305,350.05178787890003,357.48995521666865,2162500
2021-09-20,339.1380920410156,345.22994047782913,333.9724341837683,344.1223290221144,1312300
2021-09-21,340.4748229980469,343.2056644178861,333.84829935298546,342.73780490641076,1160400
2021-09-22,349.00146484375,349.76532056354887,339.9209820930595,342.9096178619406,762400
2021-09-23,354.2245788574219,355.5899854517046,349.2498692114887,350.0996860606001,948300
2021-09-24,352.83990478515625,353.90931449969554,350.2236682235705,351.06392703905976,433800
2021-09-27,349.25933837890625,352.72539203934235,346.41392127321365,348.04670913689256,844000
2021-09-28,331.3561706542969,340.8185827690922,330.6877749387995,336.4263388339599,1620600
2021-09-29,320.1558837890625,333.9436914593662,319.68802437288144,332.93156957585643,1202300
2021-09-30,319.40167236328125,326.7729952790493,318.819208212483,323.00138765013224,962200
2021-10-01,319.8886413574219,323.1637458142589,313.9304834456074,321.51187165122997,904600
2021-10-04,314.2073059082031,317.59695575659157,310.88447230985645,317.1195386433409,1147600
2021-10-05,316.2698669433594,319.334877771828,313.41489174783845,317.92171210991575,774300
2021-10-06,314.23602294921875,315.30543286966963,309.7100878469204,312.0303577034801,820900
2021-10-07,315.1907653808594,320.98661578683596,314.4459958937433,318.4276380651315,811900
2021-10-08,311.3236999511719,317.35825948976515,310.1492724562012,317.2818855699478,643100
2021-10-11,310.51214599609375,316.25068069367234,309.88195182083524,309.91059568610916,528700
2021-10-12,305.1173095703125,313.46258173208884,303.62777029258683,312.71781209322603,855500
2021-10-13,305.9384765625,311.27599706453685,304.67808823127706,309.2326375755028,690600
2021-10-14,314.88519287109375,316.3460878995817,311.85835590920715,316.3460878995817,959000
2021-10-15,314.23602294921875,317.37743644496936,313.08068142507824,315.25770280292033,772500
2021-10-18,312.01123046875,313.40530969118686,307.77176334629814,311.9252988683368,1377800
2021-10-19,317.1387023925781,317.69249350723237,310.8558759050715,310.98956670402094,820600
2021-10-20,316.07879638671875,318.8669253571287,313.3957143414504,316.72807671570797,702000
2021-10-21,320.3564758300781,320.9484684532276,308.78388839659954,312.1162508883976,870600
2021-10-22,327.536865234375,341.7543643994582,325.15933674201676,326.667962374859,1856200
2021-10-25,327.727783203125,332.00542216481597,326.2477725729939,332.00542216481597,1057500
2021-10-26,326.52471923828125,333.3517793349891,322.2375221290947,333.3517793349891,868000
2021-10-27,325.18798828125,329.82846990195367,321.09174017240105,325.5603585788348,1196200
2021-10-28,339.29083251953125,371.4210023880502,336.5791064775265,349.88949957262736,2350800
2021-10-29,355.9240417480469,357.21304473715554,336.08258622899274,336.3212948031581,1604200
2021-11-01,363.08538818359375,363.3049814766729,352.48671905869867,356.1532801620499,2049400
2021-11-02,371.19183349609375,371.2586788903958,363.801425351169,363.8300692145512,1186300
2021-11-03,375.8896179199219,376.0805672893823,365.75881121597746,372.38536334614724,1237300
2021-11-04,390.6036682128906,391.1479308486985,375.8896948216435,376.28115130785415,1703800
2021-11-05,397.9080810546875,399.5026379084203,387.30941522332233,391.7875901145062,1655500
2021-11-08,394.1937561035156,400.39062087014923,392.04537910734155,397.92716140246324,1247800
2021-11-09,398.2709045410156,398.73879314349,391.88309014426534,394.2797043242309,837700
2021-11-10,386.0872497558594,399.1207319448735,385.1228578014869,391.5202591797402,1169800
2021-11-11,394.1460876464844,395.5114938018055,389.57242285641536,391.6825986545692,620100
2021-11-12,395.6202697753906,399.5067809401277,392.2889619712409,394.8448839507807,627100
2021-11-15,395.4096374511719,400.9522346358871,392.98774739649093,400.1385499237171,654200
2021-11-16,405.1164245605469,405.9013632716694,393.6004747676335,395.36184697016097,1151000
2021-11-17,401.89996337890625,405.9300591925021,399.74610732543306,403.7474862268576,1476600
2021-11-18,405.1546630859375,406.68629986120146,399.525914734629,404.7621791538451,887700
2021-11-19,404.3314208984375,408.6008338947439,402.88593487389176,403.99637079303096,746300
2021-11-22,390.4701843261719,408.9837711070535,389.98199679499504,405.79607684342915,1604300
2021-11-23,394.3758239746094,394.73956177591623,383.6735308017431,389.74264398313386,1161600
2021-11-24,395.639404296875,395.68728529172904,383.97987081292945,392.85377624116126,730300
2021-11-26,381.9122009277344,392.5761963254559,380.07425999464215,389.3310389580716,756300
2021-11-29,396.1563415527344,396.89342843025065,385.59766186395507,385.59766186395507,1084500
2021-11-30,390.6903076171875,400.5501693062189,388.47901796446746,395.02673619488337,1548600
2021-12-01,394.56732177734375,409.92193220316756,390.73824391050306,397.5061460513949,1637100
2021-12-02,385.32958984375,398.09955812682176,384.0659874231244,391.2550888354082,1610000
2021-12-03,383.55865478515625,393.3515302071352,377.74802314301854,390.2021060412448,1313000
2021-12-06,382.45782470703125,386.18161652508127,373.49779755566385,385.70298184699004,1284300
2021-12-07,401.23944091796875,402.51262550895325,388.4311723820392,389.18742334589626,1348100
2021-12-08,403.2784729003906,404.2644592657716,395.6394521692386,400.6938336988642,952200
2021-12-09,391.8773498535156,402.16799538487504,391.3508633954676,400.37790637126113,1091600
2021-12-10,393.1409912109375,399.70784558960133,386.8230070230839,397.42956884694223,833800
2021-12-13,382.6683654785156,393.217461622238,379.8731265402632,393.1408929396386,1189400
2021-12-14,382.39080810546875,385.10944956617357,377.33642708308724,378.87764593461907,993300
2021-12-15,392.3942565917969,393.9546102023895,375.9866470046688,383.3289152834049,2186900
2021-12-16,380.3326721191406,397.2571867267426,378.20753305501916,396.30949944596586,2306600
2021-12-17,374.81878662109375,380.49541583132157,370.4632229462889,379.40411479549175,3228000
2021-12-20,369.0273132324219,376.3312826276347,365.32268573483873,369.3910802386981,1850200
2021-12-21,391.90606689453125,394.5864386084511,383.92244400389694,385.92313344409706,2267000
2021-12-22,395.55322265625,395.7159712843709,386.30599810109555,388.9193536971847,719600
2021-12-23,402.78070068359375,406.3512970137348,397.2955362515377,397.4870018257928,878000
2021-12-27,421.36126708984375,422.68227426740816,403.9772520047751,404.18785243253916,1302800
2021-12-28,413.6840515136719,423.5343638707125,411.9322610008348,422.6728270740132,751900
2021-12-29,416.48870849609375,420.15506622455257,413.09041421296916,414.28700082161026,613900
2021-12-30,408.8305969238281,417.36945270936405,408.0743751418903,416.84296623195996,615000
2021-12-31,411.73114013671875,413.47337750896963,409.0029456345597,409.61558287815393,525000
2022-01-03,416.4983215332031,417.02483720831276,407.42339750103656,412.7171250966239,1044300
2022-01-04,412.8128662109375,418.17358094691224,399.7557261690979,415.81870629144885,964900
2022-01-05,402.7615051269531,416.49832642034465,401.7468019324878,413.6935341792952,1174000
2022-01-06,413.7510070800781,416.460066797331,399.91845170065756,402.65625754670793,1268500
2022-01-07,399.0951843261719,416.91953566859985,398.4059491978048,411.44395359700104,1155000
2022-01-10,400.8373718261719,401.593593515501,387.4068851405606,392.6814189515034,1341100
2022-01-11,407.4234313964844,407.67233079864485,392.959104213937,397.132784940212,1018500
2022-01-12,415.3209228515625,418.317181000159,411.2621096019485,411.2621096019485,1213100
2022-01-13,403.4698791503906,437.5869421554642,402.4455939778096,427.1814294336777,2290400
2022-01-14,425.9848327636719,426.48260227609427,400.8948129283264,401.2585799315944,1422000
2022-01-18,395.3331604003906,419.5424845178652,394.404607836171,418.4703473743428,1710200
2022-01-19,376.3887939453125,403.833693924921,376.0537437803598,399.91846520775954,1511400
2022-01-20,366.9021911621094,390.2021233727441,365.98322077626386,382.90773568216554,1578600
2022-01-21,357.09027099609375,371.89923259780977,354.8024118862159,362.8243064437963,1934900
2022-01-24,374.3880310058594,376.7524873576098,347.39302492105446,351.9783530715222,3310800
2022-01-25,354.294921875,365.67686772268985,353.8545861826645,361.8573726149664,1782800
2022-01-26,364.3367004394531,381.0314793234813,358.1910186960809,367.3808097939881,2381800
2022-01-27,346.34002685546875,362.65190418046944,343.6213855035588,359.7417972799364,3076600
2022-01-28,350.9828186035156,351.26043490846644,329.3293895153109,337.48531426171576,2111700
2022-01-31,372.6362609863281,373.0766259584559,350.5137784526114,350.66694506723695,2216500
2022-02-01,371.44921875,374.77094450972623,359.22489986358204,373.1627390387889,1357700
2022-02-02,378.5616760253906,379.7965614939708,368.8071003760869,374.4932818568982,1322300
2022-02-03,357.71240234375,372.6075110363278,356.5445325726256,369.10390172295473,1868400
2022-02-04,361.25433349609375,364.3462949841064,352.38042739633255,357.1476395601775,1129200
2022-02-07,359.5503845214844,365.26528388148586,358.1240332818572,362.3168778351855,1084000
2022-02-08,368.7593078613281,369.8314448815072,356.9849062963396,359.13876237873086,1975200
2022-02-09,383.0321960449219,384.0756161481092,373.3350526943605,376.7142123873857,1460800
2022-02-10,373.0574035644531,388.44072793150576,370.75038109009864,373.765802698067,1326400
2022-02-11,354.4075012207031,378.0871229691901,350.4240769625724,375.43794137610035,1657800
2022-02-14,350.5007629394531,362.76771243443045,344.895211533313,355.3096473396476,1264100
2022-02-15,371.9440002441406,373.6813363276903,357.65173801953756,358.4868368967238,1565200
2022-02-16,370.1683044433594,371.9632297196514,362.3454872006988,366.6168563164758,1600200
2022-02-17,351.3551330566406,366.0217255528589,350.4048853797568,364.0636412060965,1821800
2022-02-18,343.91619873046875,355.14651930102735,339.0689403867241,355.14651930102735,1368900
2022-02-22,341.4590148925781,350.6544477591415,334.6248478450301,340.8063201279174,1667000
2022-02-23,329.9790954589844,349.608150535378,328.4625367824912,344.9048355385177,1636800
2022-02-24,343.5227355957031,343.8970640485473,316.04206501280555,318.3841150260071,1676400
2022-02-25,343.29229736328125,345.4231776434723,336.7652919911907,342.3804522571974,1578300
2022-02-28,334.5096435546875,342.1596931026583,327.43551316831685,339.2321455288502,1883000
2022-03-01,323.2697448730469,335.32552771504623,319.77585676211856,332.66670920962406,1427500
2022-03-02,332.17718505859375,334.0296990605486,323.7304394608947,328.5681191664201,1289400
2022-03-03,328.7793273925781,335.54629744763497,324.7383436426528,335.0183886008454,1028500
2022-03-04,318.7679748535156,327.31068180458584,313.82472554692396,325.14139929059246,1566500
2022-03-07,301.5290832519531,323.941690382766,301.2986979653832,321.08133914780313,1641100
2022-03-08,308.9006652832031,319.49744758307656,298.08307640828104,303.554263788811,1805000
2022-03-09,325.9284973144531,328.26093890650446,317.68334294269226,317.8177074666259,1521300
2022-03-10,315.5909118652344,320.99490325364593,309.7741896239428,317.4626125967088,1555800
2022-03-11,310.2924499511719,324.45031734475236,309.8221301706681,322.6074113488247,958700
2022-03-14,307.1537780761719,317.84658303583274,305.2436748923501,311.21397762540437,1558700
2022-03-15,319.8430480957031,320.7165201081906,310.3980735730695,310.68601850357527,1333500
2022-03-16,336.83245849609375,337.1971789301243,319.88140918871846,323.48086681731695,1549500
2022-03-17,338.4545593261719,340.16312986101036,331.169261199215,332.5226606715292,1014400
2022-03-18,350.3952941894531,351.71032103890764,332.9355175290081,336.48699515985396,2996400
2022-03-21,341.97735595703125,349.45463936952314,336.72694459252307,345.88397532446953,1333200
2022-03-22,346.53656005859375,350.0112315805742,342.2748001552643,342.2748001552643,842500
2022-03-23,334.73040771484375,345.7783242265063,334.288853109235,345.7783242265063,1163300
2022-03-24,351.2015380859375,351.41267817224343,336.1030007349928,339.7792343603368,1066900
2022-03-25,351.7294616699219,354.07151149928336,344.9432760635961,348.8114926658465,942200
2022-03-28,360.28179931640625,360.56974427462194,348.5235684122916,354.3594774743827,1088700
2022-03-29,368.9012145996094,371.3968445089684,362.297434024523,365.7528900455992,1061900
2022-03-30,358.8131408691406,368.05655275423595,356.6534662900982,368.0085424103361,1123000
2022-03-31,351.3647766113281,363.73733069446047,350.92325118944484,359.80191645014315,1319900
2022-04-01,345.80712890625,355.1945144829236,340.54713953675287,354.37866074551357,1183000
2022-04-04,352.31500244140625,353.5436164941258,345.93196826678934,347.227779244787,904200
2022-04-05,331.6493225097656,350.80806288657647,329.41287167415805,349.56984086307955,1690000
2022-04-06,330.4302062988281,335.42146586694946,320.10215329481105,325.323768774782,1780900
2022-04-07,338.90570068359375,342.08284871548256,329.18239097837505,329.5471113912813,1315000
2022-04-08,327.5122985839844,336.1222038964447,327.0035763226168,335.51749022317523,1551000
2022-04-11,318.163330078125,325.55422975655495,317.8945716875894,323.38494677350286,1484000
2022-04-12,316.99237060546875,331.2846371967128,315.02467797804877,326.3509644386355,1164300
2022-04-13,323.0105895996094,326.0053636182505,316.3300029571865,318.28811654447975,1137800
2022-04-14,308.5743408203125,323.84564455525276,308.0368241113455,322.51143141846643,1486300
2022-04-18,314.7078552246094,316.76196029731756,306.577877008809,307.1537962352438,984600
2022-04-19,324.2583923339844,325.3430337367616,311.5306990188637,316.22440647849965,1319700
2022-04-20,331.71649169921875,337.7539915961764,331.15018041302886,331.2365639015187,1295200
2022-04-21,322.50189208984375,340.7199629636427,321.0141275418586,334.89363210868413,1340600
2022-04-22,311.2619934082031,323.0010387188563,310.57089615873963,321.2540943809805,1420200
2022-04-25,317.9137878417969,318.3649211778039,306.5394923087226,309.2943026836842,1259900
2022-04-26,302.1241455078125,313.306456925859,301.77858227405113,312.2794044462336,1281100
2022-04-27,302.1432800292969,310.99314794180856,299.4844911307597,300.1467936966253,1042600
2022-04-28,319.4015197753906,323.624878040494,304.03422412480694,306.53943287410266,1827900
2022-04-29,306.4434814453125,328.52973695201484,305.63720632688006,318.41288090284206,2424900
2022-05-02,313.52716064453125,314.2854252685126,299.63805277716585,308.75667845849523,1564400
2022-05-03,320.5917663574219,321.5900243707252,310.5228906139776,313.22966110957003,1326100
2022-05-04,335.3543395996094,336.4005786429167,313.3256428226618,321.3116480968135,1459000
2022-05-05,320.0158996582031,332.1100879087504,316.099701105655,329.1153426698949,1863100
2022-05-06,318.0482177734375,324.69040335079427,308.11370461655844,318.48013529788307,967800
2022-05-09,306.0690612792969,316.31073043497884,303.6310205639893,309.3805738511213,1822900
2022-05-10,310.2444763183594,317.30899829250274,303.49669375055845,315.1301369901845,1450900
2022-05-11,299.1197814941406,313.6711947464228,298.59184338070247,305.50281486732877,1320000
2022-05-12,302.930419921875,307.1537785180042,294.12853156753295,296.5953673814478,1498100
2022-05-13,323.99249267578125,325.2348182803662,306.27217421295614,308.5064793256072,1982200
2022-05-16,318.3297424316406,325.2637542228476,316.75995051207184,319.7069106666282,937200
2022-05-17,338.52508544921875,340.0852372805674,325.0807524291792,327.5847132379993,1657400
2022-05-18,321.51751708984375,338.01473601141856,319.2061794695917,332.34229973534656,1668600
2022-05-19,326.0150146484375,333.63282170108874,319.52400056861205,320.44852980897264,1450800
2022-05-20,323.0872497558594,333.93128101978994,306.2818477421887,330.0212613397351,1997000
2022-05-23,328.57672119140625,332.70825578263026,323.2895325246957,324.35851474878956,1085900
2022-05-24,317.8962707519531,326.43860284509407,314.5159228856914,324.5702652759014,1308300
2022-05-25,325.4949035644531,327.30543097679873,315.45980931168117,316.4421195514881,1166300
2022-05-26,340.2297058105469,341.41427973906866,320.79516947941056,320.92037193408123,1434800
2022-05-27,357.55517578125,358.58565674717636,344.81391434869124,344.81391434869124,1456000
2022-05-31,351.3723449707031,354.0977910485372,344.55386568969897,352.76876393154913,1592600
2022-06-01,343.80267333984375,355.4075603739037,337.8220808244297,352.99027111891803,1110100
2022-06-02,358.03668212890625,358.24855643143894,341.05796487286096,342.8107111317238,1161400
2022-06-03,349.05133056640625,352.8554278165179,346.0947304832231,349.5039697628227,799900
2022-06-06,349.0802307128906,357.85368997187675,346.78814405525816,356.4861617344602,582300
2022-06-07,353.6546936035156,355.0896427840027,342.1750119888925,345.3434858194015,675900
2022-06-08,348.1268310546875,353.59700309888484,344.0916085590975,352.57616216775824,891800
2022-06-09,336.6663513183594,350.38995018146215,336.5893194845202,344.0433911463374,908800
2022-06-10,321.33441162109375,333.03557776949555,320.97808433589563,331.0131470967522,1227000
2022-06-13,302.28515625,313.23513935530787,301.11986234669445,310.4229923516007,1904100
2022-06-14,304.7795715332031,308.7859042940453,300.1280050898497,306.975346957003,1170300
2022-06-15,311.8291015625,317.30891348494225,304.5290927401881,310.4808238905127,1214700
2022-06-16,298.9337158203125,309.72960649645086,295.20667959822697,307.3123467090658,2211400
2022-06-17,300.40716552734375,304.71204299390695,293.685028518118,299.71376145923136,3072000
2022-06-21,315.1323547363281,320.3039799422717,305.9929287910105,307.6878936545734,1370300
2022-06-22,312.455078125,317.1644245746987,304.44241470825983,306.20483034281307,1077100
2022-06-23,308.8147277832031,315.49836447091417,304.4905991231198,314.3619610754301,1330300
2022-06-24,326.95867919921875,327.02610041353637,312.3586945923893,315.80646383894583,1924300
2022-06-27,326.08233642578125,332.19777057607433,322.6442067056796,330.15608898919754,1369800
2022-06-28,317.8962707519531,332.4866146431303,316.26869803043746,328.8751419279755,1283100
2022-06-29,308.7280578613281,313.1870290149005,304.52910224860614,311.6268475990486,1225900
2022-06-30,307.2930908203125,313.5722591739593,301.61104419699336,304.07647479551997,1302600
2022-07-01,285.3160705566406,302.10219374626445,281.32898936916075,298.2018137935116,2323600
2022-07-05,284.64190673828125,284.80563980987813,272.3821468591408,275.70471439531434,2222400
2022-07-06,282.1764831542969,286.27912675111264,280.077020128515,284.48782048297176,2201200
2022-07-07,302.5644226074219,303.97048127864224,288.22445223416145,290.20835249596024,1887000
2022-07-08,305.13580322265625,307.04267183042697,297.04610837890385,297.8550749242544,1006800
2022-07-11,301.60137939453125,304.8083548407687,296.6223484706374,301.3509745006839,1383400
2022-07-12,302.1888427734375,307.6975449095565,299.98342804074775,303.50822973461646,1078400
2022-07-13,301.55322265625,304.8757900919205,295.0814608526049,296.2660347623324,1056000
2022-07-14,307.3026428222656,309.41174541324347,290.94988243762384,299.5500258431776,1628900
2022-07-15,314.178955078125,314.2174563025187,304.95282732299387,310.36521776531936,1238500
2022-07-18,317.3184814453125,328.25885320661,314.44858279859545,319.254240543987,1683100
2022-07-19,332.8140869140625,333.40156848816883,321.0166081157794,321.7870733449153,2044800
2022-07-20,343.2826843261719,344.3901972402536,329.43387942298057,330.9651410087506,1689200
2022-07-21,347.2215576171875,348.0208842483331,339.4785492850749,344.94872140854744,1244000
2022-07-22,340.9423522949219,347.1540985308421,338.7754681740539,347.1540985308421,1468100
2022-07-25,337.6487121582031,338.62138239914105,330.3198130909277,335.4721879895101,986500
2022-07-26,333.13189697265625,339.3628927728634,331.4561829390793,336.9359641556919,835900
2022-07-27,347.79937744140625,351.03524377048996,337.04198817796487,337.34053431938935,1318200
2022-07-28,356.3127746582031,357.60327089856156,340.9038222141698,347.79933195970403,1315200
2022-07-29,369.3719482421875,373.85981024651727,346.87485698621157,348.6661634211057,1827000
2022-08-01,371.39434814453125,376.2674277615415,364.48919732503305,367.1087208234861,1029300
2022-08-02,368.55322265625,375.641326089097,365.2884370188859,369.53553271312245,1206000
2022-08-03,381.30419921875,383.1051160573135,368.95776748291865,368.95776748291865,1354600
2022-08-04,382.71990966796875,384.2222804125007,379.0506546507178,383.29775135207694,1156400
2022-08-05,381.1211853027344,382.7872889414029,371.74099448410226,374.716845032288,1213800
2022-08-08,373.35894775390625,382.0361243658019,367.31093449443694,376.4118596918573,1600100
2022-08-09,345.0835266113281,360.7236052774933,342.5410351328547,360.69471466479456,3194600
2022-08-10,360.6754150390625,361.62883451880157,350.255104418178,354.40588842321966,1755100
2022-08-11,358.9804992675781,371.37507276922605,357.3818166561495,361.60966280045017,1323800
2022-08-12,368.40313720703125,370.89651369375196,359.9855104569932,361.812077360337,1137000
2022-08-15,371.41845703125,372.70379620467077,361.5318655878092,365.3106111630872,1303600
2022-08-16,367.9489440917969,373.0323463832257,365.6971454334698,371.06085020621805,872600
2022-08-17,362.49822998046875,366.4316072111102,356.7962988032786,364.2088004856948,1198400
2022-08-18,369.1956787109375,371.1575309664698,361.0970178755689,363.8609942729811,1119200
2022-08-19,359.3283996582031,366.0934108578039,356.82534905352384,363.7643106056255,1257300
2022-08-22,347.7215270996094,354.0709797325747,346.04962195548694,351.4906279639593,1338700
2022-08-23,350.2825927734375,356.796322046582,349.14218286922534,349.5480964780306,860200
2022-08-24,350.4952087402344,353.2978500628157,345.672702604302,348.16610871723486,938400
2022-08-25,364.07354736328125,364.68240304335797,350.562843988155,351.9158697185948,1285300
2022-08-26,347.12237548828125,364.3441679036094,346.94842513898084,362.6239234099426,1604400
2022-08-29,341.5170593261719,347.6538961058733,339.4778765631306,341.62335247608297,1319700
2022-08-30,335.4864807128906,345.4020311676559,331.9203521173639,345.30538228160844,1416600
2022-08-31,332.5776062011719,338.09591399942883,328.4412864139821,338.09591399942883,1564800
2022-09-01,325.7931823730469,326.5373523011898,317.94577599223834,323.6187150116755,1870400
2022-09-02,323.9956970214844,333.7276553869481,321.8019112714002,330.29681077258664,1300700
2022-09-06,319.4825134277344,325.7449923467323,315.7424329110276,322.60409389305914,1402800
2022-09-07,326.4794006347656,329.4076824533126,317.7041994241383,320.97073765265753,1604900
2022-09-08,339.303955078125,339.6325377872927,321.6279395196181,324.55622167069333,2258200
2022-09-09,346.6294860839844,350.55318980760535,344.8802205241317,344.8802205241317,1655300
2022-09-12,345.46978759765625,347.3543381912038,340.9082361007231,344.9575807968465,1141300
2022-09-13,329.243408203125,336.62694852146484,328.1320194569956,331.46621518849065,2326500
2022-09-14,334.97430419921875,338.0185824396188,326.4794053270775,332.0073863717675,1803000
2022-09-15,326.0347900390625,333.07042830781387,323.1548476966506,333.07042830781387,1577500
2022-09-16,324.266357421875,326.8080738301068,317.2307460166752,323.6768490954914,4219300
2022-09-19,323.1259460449219,326.78872479246303,319.05728312603446,322.053193177288,1417400
2022-09-20,318.8253173828125,321.32836806400593,316.9697879131993,320.54556196071456,1162500
2022-09-21,312.0216064453125,326.2088226605977,312.0119621996705,321.26070529102833,1800700
2022-09-22,302.56024169921875,310.33999126109245,301.7870800173583,309.58617705446756,2290400
2022-09-23,297.27392578125,300.55978245610345,292.0358612900956,299.8736252944186,1839900
2022-09-26,293.379150390625,302.47325986440393,292.75097681448506,298.5398828440989,1476300
2022-09-27,298.0277404785156,301.12029932597636,292.3451263612573,300.47280762835817,1364500
2022-09-28,305.0924072265625,306.1264948054257,293.29230061426347,295.6503930870382,1693300
2022-09-29,300.279541015625,301.74853390201736,295.8533033547853,300.4921568548075,1784800
2022-09-30,292.47076416015625,301.5068920584995,292.1904911555706,292.76068141103246,1641400
2022-10-03,305.90411376953125,310.17574772421136,294.5388865267798,295.91123022509316,1869300
2022-10-04,316.30291748046875,319.73373255767865,312.4758330277333,318.64166181958973,1549300
2022-10-05,318.0038757324219,321.937254098554,305.7398729695343,309.3349948349004,1348800
2022-10-06,316.4961242675781,323.6477292520849,315.6650086951552,317.182310744086,1317700
2022-10-07,303.61376953125,310.94897252339746,300.5115362918858,307.6147759391875,2194400
2022-10-10,289.2911682128906,303.26573850608355,286.25659318616783,303.26573850608355,2097000
2022-10-11,271.4895324707031,288.9335824236467,267.33386571524017,280.8252204506661,3561200
2022-10-12,265.5846862792969,272.47533846369515,264.61825605973155,271.7505157990212,2427400
2022-10-13,269.1894226074219,274.63042826976226,241.8007849813571,250.60496294151648,4588800
2022-10-14,254.84764099121094,271.47989552581504,254.34507844030603,271.28659769960433,2346000
2022-10-17,254.3837127685547,263.39084769435766,253.10801805516206,261.5836282636033,2557300
2022-10-18,259.73779296875,265.34307639579384,253.77490558939314,262.9173271281778,1763600
2022-10-19,262.8303527832031,264.9178455849485,254.97327042323502,259.1192643000256,1991200
2022-10-20,267.7107849121094,273.08413337623136,262.4147378713611,265.20773474030204,1942400
2022-10-21,280.8736267089844,281.7434080305084,265.8842841773369,268.1070914357989,2067700
2022-10-24,285.47381591796875,287.04907228689416,279.5979040949171,281.6080953213165,1369000
2022-10-25,294.6355895996094,297.4092397358765,287.3197054294167,287.6869536483014,1775000
2022-10-26,296.11419677734375,300.70474006295353,289.00128491675395,290.89547978285106,1958600
2022-10-27,298.5399475097656,305.17931806223527,294.05569736193206,305.17931806223527,2298700
2022-10-28,310.7072448730469,312.2922042290887,299.5643081573239,300.2988043948168,2880200
2022-10-31,305.8267822265625,308.8516833219842,303.45901695309504,307.1894225589501,1364300
2022-11-01,310.3980407714844,313.7805464302253,308.349213491373,312.6208479002365,1666900
2022-11-02,301.9320983886719,316.6314916385469,299.45801025170533,311.2001593111158,1846600
2022-11-03,303.88427734375,309.2189607788759,296.9839524015743,297.00329987880184,1711700
2022-11-04,317.0180969238281,317.34667965223787,308.05929959872043,314.408723589897,1875800
2022-11-07,325.8512878417969,326.54711877476944,317.4046677262202,319.6564666382896,1955500
2022-11-08,330.64471435546875,334.0658849556695,324.43057627564826,331.97839252977263,1485500
2022-11-09,326.18951416015625,332.09441808507637,323.3965461871175,324.90417495664826,1471000
2022-11-10,355.8879089355469,356.77703766599905,337.8929839480494,345.5567680926739,2734100
2022-11-11,367.44635009765625,370.08471467301564,353.85834635920736,358.09131457090547,1665300
2022-11-14,366.4766540527344,374.06007362637956,364.4692730607175,364.4692730607175,1263300
2022-11-15,373.8854675292969,380.6252124278378,368.367611763755,378.3075058462654,1742700
2022-11-16,359.2132568359375,366.1857020000569,356.44947535185236,360.54180386378397,2455700
2022-11-17,364.61468505859375,365.0704667323479,349.11816733953486,350.82489968854304,987500
2022-11-18,364.95416259765625,371.2575108464959,360.5418306611868,370.98598318262543,1121600
2022-11-21,360.8520812988281,364.96382345389816,359.56233245683427,360.3769153456133,1082600
2022-11-22,370.61749267578125,371.5387631476241,357.83624841235604,364.68265231524924,1380300
2022-11-23,373.96307373046875,377.1050406198755,368.60038069557373,368.98827309271275,1401000
2022-11-25,368.52276611328125,372.88662195100693,368.50338185239184,370.4428733358255,624400
2022-11-28,363.5868225097656,369.0271123877057,361.6667445716777,363.85835017748997,1413600
2022-11-29,363.00494384765625,365.6038851660484,359.6496315592523,363.49952369157353,813200
2022-11-30,381.25555419921875,382.87504270181466,361.094530791731,364.4983480096206,2795100
2022-12-01,378.90887451171875,383.9418587424978,371.6745478666872,383.04967937916064,1838000
2022-12-02,377.774169921875,379.51970051695616,367.8439824410178,369.1434382563414,921300
2022-12-05,376.8141174316406,380.3633904680013,372.94481172136574,374.7679384870224,1236400
2022-12-06,371.6454162597656,379.4906571875107,368.6779961173062,378.8409439950548,1171300
2022-12-07,376.34869384765625,377.2505504585477,366.99065155630655,367.68886980861214,828000
2022-12-08,383.9417419433594,385.493311433907,376.45530373373185,379.2384692401228,1130000
2022-12-09,381.5076904296875,388.4219825683553,375.87346982180236,380.05307176133243,1380300
2022-12-12,388.78082275390625,388.8778032603792,372.10118184660996,373.74005474482726,1555800
2022-12-13,396.6551513671875,406.8762811065084,391.35064028327696,403.08457120975555,2221900
2022-12-14,393.9204406738281,401.51356700601474,389.57599834699454,396.0150951932488,1557000
2022-12-15,373.1097106933594,387.5492404079751,371.6550919382196,386.0073184845479,2091600
2022-12-16,373.8758239746094,376.02866094929215,368.7458601323874,370.4817134934434,2360900
2022-12-19,372.0526428222656,374.1472971081508,367.94093048013383,373.32300733541086,1122800
2022-12-20,374.2346496582031,377.9487634916512,367.0100307527839,369.2695553078374,903400
2022-12-21,384.7757568359375,386.0849196511284,375.85408318617937,377.0468812345613,1125000
2022-12-22,362.5395202636719,375.0783279810979,355.95493714136853,374.40920092478075,2075700
2022-12-23,365.97235107421875,366.56388175750965,356.59489695062734,360.97813694626984,892000
2022-12-27,359.8726501464844,364.8765417177793,357.7003995640804,364.8765417177793,988700
2022-12-28,356.6336975097656,364.12013569502096,355.237261297386,358.13679154669944,610400
2022-12-29,368.3675842285156,369.82220276600486,361.46299963898645,361.85092159108217,787200
2022-12-30,365.62322998046875,366.0887185830087,359.1065375163648,363.218249925449,669300
2023-01-03,365.1577453613281,373.09996531341574,361.3078536023866,372.3823629383432,764100
2023-01-04,368.7264709472656,373.51701775856424,362.772217291669,371.2672003098786,1187600
2023-01-05,362.1709899902344,369.2695368365215,361.83157301805846,363.34437420244154,924900
2023-01-06,385.561279296875,385.7164421964029,366.27304821127353,368.4937450746675,1423400
2023-01-09,395.9762878417969,404.2967233439155,388.0146831433887,390.44875456141557,1955400
2023-01-10,403.67608642578125,404.0930996247845,394.04651742635866,394.67684629766444,979000
2023-01-11,406.46893310546875,406.82773430486606,398.8370386395023,400.7668232493918,1230800
2023-01-12,406.3913879394531,409.91157000156824,395.1520374356015,406.46895458357324,1505300
2023-01-13,407.33203125,408.40843487515934,399.97166423114635,403.21061162902276,1615200
2023-01-17,403.3657531738281,407.8071756501627,401.174118327,405.0918994106077,1046200
2023-01-18,402.50274658203125,415.32278906372,402.22151197366156,409.4364241185504,1183900
2023-01-19,389.934814453125,402.2602759913196,389.6826710604962,398.487980002093,1409800
2023-01-20,401.329345703125,402.25058654941074,390.47788673974725,392.6210168873741,923300
2023-01-23,412.70440673828125,415.5942598916021,395.26839610186164,395.26839610186164,1459400
2023-01-24,410.3382263183594,413.38321255062374,404.8203706943914,406.16830188293994,852700
2023-01-25,409.8340148925781,410.2509985344453,396.063640621536,400.26262742255216,1276300
2023-01-26,415.7882080078125,416.4670122938164,402.44449667207795,411.18191557602364,1646300
2023-01-27,387.28741455078125,398.0903980598083,383.3308643084152,392.74708869163135,2385500
2023-01-30,375.9510803222656,384.6885002796935,375.4080249902686,383.3211550206059,1446000
2023-01-31,380.6058654785156,381.16830505537035,376.13532167850263,376.2516864465212,1113300
2023-02-01,397.37274169921875,401.4844841797277,378.95727769113296,380.6737171718115,1727800
2023-02-02,401.7268981933594,404.32580979342345,396.24781083500625,401.474754819193,1343100
2023-02-03,395.9181213378906,409.0291039653324,393.9495384769287,396.7133200250935,1080500
2023-02-06,393.3192138671875,400.66990394780146,389.90571914547553,392.1361227520797,855500
2023-02-07,404.2191467285156,405.8580195707791,390.93364643558755,394.618668801382,1435300
2023-02-08,392.30096435546875,403.14271502426334,391.4378764099071,400.4856210692398,937700
2023-02-09,391.5251159667969,401.7074457262663,387.73340676219397,398.9339872541843,1231800
2023-02-10,384.94854736328125,389.8032311363649,380.288480850798,388.1395875695478,910500
2023-02-13,391.7781982421875,393.31533326519525,382.7693334999225,385.4739346418476,1250800
2023-02-14,391.4181823730469,396.93441636997744,385.54201778194107,386.8261947999945,1353000
2023-02-15,393.49041748046875,393.889301215771,382.54553469804665,387.96447489900726,940400
2023-02-16,382.17578125,389.44318356154804,380.1522073874713,386.51483997783595,1334600
2023-02-17,377.3990173339844,384.3842774043825,373.59505907255465,382.17582434507085,991200
2023-02-21,368.0788269042969,377.1946931733053,367.84534557852567,373.44910522629164,1161000
2023-02-22,367.50482177734375,371.0850072239484,363.71060189154565,370.1510522574196,884500
2023-02-23,377.8367614746094,379.94792056568224,368.8571132715238,375.2197163279753,1121100
2023-02-24,369.5478515625,373.87714245734264,367.5242479441929,371.84383024454644,726400
2023-02-27,368.8084716796875,376.2120917943536,368.31229419144216,376.2120917943536,756200
2023-02-28,369.0906066894531,373.9841837815599,365.65634717578644,367.95232591471733,1189900
2023-03-01,368.0788269042969,373.00158945526556,362.98095335899984,363.6814270262073,731600
2023-03-02,368.0496520996094,370.92936406146566,357.3188037488449,362.77666741154314,864600
2023-03-03,371.1822814941406,372.90426551221606,363.8954320394209,369.1392309892039,782800
2023-03-06,369.3727722167969,375.54081799430924,367.39783016136295,374.30524336782753,773200
2023-03-07,365.218505859375,370.3747786347523,362.26094753058544,369.4407940952044,693400
2023-03-08,376.9028625488281,378.6248468022723,366.123352162477,368.3999139753633,962300
2023-03-09,368.2052307128906,384.1993514419693,367.3393548233649,376.47469579853816,959800
2023-03-10,357.54254150390625,374.5387279220939,353.7677686542278,373.6728519162105,1142600
2023-03-13,354.925537109375,360.46121808115623,350.0805915508868,353.06733563455134,1246400
2023-03-14,368.7403869628906,369.8592209551603,359.6537056170645,362.5042324082175,1362800
2023-03-15,360.2665710449219,363.554904541922,351.64688331529044,363.12683570267404,1013400
2023-03-16,379.3253173828125,379.8896035334577,355.1006489153345,357.7468795962172,1355700
2023-03-17,377.2336120605469,381.0959406237206,372.3886667801503,379.3252947516595,3033500
2023-03-20,379.3642272949219,380.83328326342354,373.80909962744994,378.98479044614555,876000
2023-03-21,374.6165466308594,385.8435714493266,370.04400636886294,382.09798374831564,764200
2023-03-22,371.50335693359375,386.6218966148335,370.9585473675936,372.0579047850243,886400
2023-03-23,378.264892578125,386.22303169549156,371.5131133171124,377.5352336927697,1219500
2023-03-24,364.89752197265625,375.1711158775863,360.45146039630947,374.46090393122375,1375700
2023-03-27,363.8760070800781,369.5187202126,362.2221314385684,367.2616349595912,768800
2023-03-28,360.94757080078125,363.6813563214772,355.51889351286036,363.4673219178336,926500
2023-03-29,374.7041320800781,377.9438339708617,365.88985562768664,368.23449627374936,1284000
2023-03-30,385.2890625,389.00546541197133,378.9847992734573,379.7533815843382,983700
2023-03-31,388.3439025878906,389.03463797179745,382.2342271309168,383.051441463263,1055500
2023-04-03,388.16876220703125,389.5308157852351,381.9617929625613,386.4467780435853,787800
2023-04-04,382.19525146484375,390.5620109004189,379.6755001952146,390.18257410693883,851600
2023-04-05,371.2601318359375,378.3621623498445,366.5805888567649,377.76869105534854,985600
2023-04-06,364.49859619140625,368.66251422777503,357.7662651302299,364.167821124252,746800
2023-04-10,372.2912902832031,373.08902779237485,358.47640884203884,359.8384322978151,1008900
2023-04-11,367.66046142578125,374.98623422592965,366.8043237259678,373.818768328022,991600
2023-04-12,360.1012268066406,371.6103652655698,359.34235314901514,370.423452424768,811700
2023-04-13,364.23590087890625,366.5318792889997,357.0755015474849,359.9649511265558,816900
2023-04-14,364.86834716796875,369.84948014939175,360.95735674419785,363.27281223710025,786700
2023-04-17,362.01776123046875,362.06642296360553,352.09441952729213,354.45850687491236,1027000
2023-04-18,361.14215087890625,366.55135193333155,357.71762989959575,365.0336641376232,881100
2023-04-19,351.4620666503906,357.3187840361052,350.69348438730026,357.01719410183426,1218600
2023-04-20,365.5201721191406,369.4408712779349,351.9679817694764,352.2112013939423,1665200
2023-04-21,361.8816223144531,364.63485544760556,359.2548384487038,364.5959616837413,918200
2023-04-24,362.2221374511719,364.93644714344214,360.6849727642519,362.74747047489734,602700
2023-04-25,348.0472412109375,360.8114008342445,347.5413551405853,360.14985065996274,1292800
2023-04-26,347.6678466796875,350.6837759691486,346.22800550051323,348.29050317114337,1274600
2023-04-27,374.2080078125,375.34625905342824,358.9921735236535,373.3421316794093,2129700
2023-04-28,376.056396484375,378.94584630049155,369.8299811353046,375.4532166725746,1326700
2023-05-01,374.003662109375,379.15019751526165,372.42760374251804,375.3365008593739,691300
2023-05-02,368.18585205078125,375.628366068774,366.3665444553667,375.19055890128897,839900
2023-05-03,367.9134216308594,375.8228977402235,366.97943703065454,368.42904597289504,719500
2023-05-04,363.107421875,368.4387765928982,359.6342388044687,367.91344362500587,724500
2023-05-05,375.2002868652344,377.65192974198783,369.28516957385574,371.2504029410742,892900
2023-05-08,373.11834716796875,376.7082711652136,370.8126299009357,375.81323958226255,687700
2023-05-09,365.5590515136719,370.87095915862494,364.33321525333963,369.05168133726966,798900
2023-05-10,375.9007873535156,377.8270677193266,370.18025720920315,370.66669644338083,881300
2023-05-11,376.056396484375,379.09177211142867,371.46440959758115,375.4045549423354,744300
2023-05-12,377.74517822265625,381.39601232653615,373.75268167069396,378.7603944200755,686700
2023-05-15,394.4667663574219,395.0719815648963,376.6029976412347,379.68767076036994,1204900
2023-05-16,399.0645751953125,403.4085057293459,393.9397273875602,393.9397273875602,1278200
2023-05-17,406.893310546875,410.5148904986188,399.0352238245679,401.53419442448546,1170600
2023-05-18,418.3534851074219,419.16368593614436,406.5809813792087,406.5809813792087,1187900
2023-05-19,413.5411071777344,419.2126035897876,412.037809999212,418.7733189615552,1064600
2023-05-22,410.77850341796875,415.9912020626361,408.8749766465081,409.80234195364716,685800
2023-05-23,404.8044128417969,410.76874527843603,404.44323785497386,407.6157627144844,753100
2023-05-24,399.15240478515625,400.68498538761736,395.1501369439237,397.1512857595814,888400
2023-05-25,423.89813232421875,425.8992514876658,408.1526425275469,408.2307521301693,1626300
2023-05-26,450.1958923339844,453.9150649994832,424.1128577299377,424.63022209629077,2163600
2023-05-30,447.7945251464844,462.6712151968382,442.8453797497046,456.6580574597982,1233100
2023-05-31,432.4297790527344,444.66108161737174,431.6781454122564,438.1501010089874,1743900
2023-06-01,441.7423095703125,444.86603791274354,426.7777686727328,434.7822741413303,1266600
2023-06-02,447.1405334472656,447.73600745196507,434.5480560794888,443.67517204496096,1206600
2023-06-05,447.1307373046875,450.4106552458781,440.65881195758254,445.5005643763959,1009500
2023-06-06,450.0104064941406,453.59293194848703,436.34414686091293,440.27807612087446,1131400
2023-06-07,452.70465087890625,461.646293479786,449.6394895772797,452.92914895037006,1086400
2023-06-08,462.5638732910156,464.0281155384841,452.958447722433,453.5929765284038,950900
2023-06-09,454.5495910644531,466.51734044372165,453.82724109594517,464.3990569064941,1065500
2023-06-12,464.0964050292969,464.935919320118,454.97906117177996,457.8001819035057,1193900
2023-06-13,468.45013427734375,470.7050648520012,461.18749067919805,468.557497738002,752800
2023-06-14,469.08465576171875,469.6800999777452,459.9184849733648,460.5529839906326,913700
2023-06-15,461.31439208984375,465.7071188734331,459.3523277170984,463.9500400760314,1038000
2023-06-16,453.8077697753906,463.6865201670111,452.0604322115495,461.9977499145758,2012100
2023-06-20,453.378173828125,458.9911018741892,449.375906132915,455.1938197316126,822000
2023-06-21,445.5493469238281,453.4172055353677,444.5731855100879,449.94207328565915,876500
2023-06-22,456.23834228515625,456.73619415641105,442.162081098825,442.2499320543259,749700
2023-06-23,446.05694580078125,448.9854298836224,443.75318949810435,446.5938226332699,829400
2023-06-26,447.61883544921875,457.18523584247,447.1795806565713,447.1795806565713,615300
2023-06-27,465.5606994628906,467.2201859375417,449.24904905441304,449.24904905441304,863800
2023-06-28,463.1202697753906,466.1756598816334,458.3273134789951,459.19611146911313,730600
2023-06-29,465.853515625,467.97176918045676,461.3143412831434,467.75701248086335,588800
2023-06-30,473.457763671875,476.6107755329581,469.72884998353726,471.2321170023105,909300
2023-07-03,473.2626037597656,476.76701980838374,465.9609053519811,473.4773604714676,424900
2023-07-05,456.7557067871094,468.1670364994002,455.8771674417748,463.96952439822775,1118900
2023-07-06,450.53759765625,453.9639043446428,442.786872780602,451.96278513857317,1245000
2023-07-07,444.9636535644531,454.8521736619948,443.274913348482,445.0417631616567,926600
2023-07-10,456.5116882324219,458.5420910339662,445.5005877626947,445.5005877626947,935700
2023-07-11,448.52667236328125,456.65808410863417,440.7759480913907,456.65808410863417,687100
2023-07-12,454.9595642089844,456.30667174695964,448.85855527980846,455.30122666703477,874500
2023-07-13,464.47711181640625,466.195135576245,457.80017159751077,459.99653468754536,803100
2023-07-14,463.4716491699219,470.3242910258286,460.5138815127478,466.76130810660464,828400
2023-07-17,478.6900329589844,481.764935416496,464.82852913803197,465.05305698486507,816200
2023-07-18,472.52069091796875,474.6389742905794,466.21469653488987,472.9306918188258,859000
2023-07-19,459.3717956542969,473.174732329914,457.5854333765885,471.4859623614156,1137300
2023-07-20,439.3702697753906,448.8585601567404,438.28671508695294,447.7554929639471,1813900
2023-07-21,447.6285705566406,451.09393162110433,442.6989673877418,446.02768134663415,2613000
2023-07-24,449.99090576171875,451.5820238655403,445.2565168783457,446.58408212106167,740200
2023-07-25,454.9986267089844,459.1082881111713,452.01157487433454,452.1482517848499,788200
2023-07-26,446.9355163574219,452.0603638611826,442.20112746735964,448.44855465678484,847100
2023-07-27,470.85150146484375,483.483033550255,463.6767085430553,463.6767085430553,1951200
2023-07-28,498.8282470703125,501.25887942603714,476.50344059529726,488.08070051220756,2019300
2023-07-31,501.6981506347656,504.4509328620907,494.1524124810227,499.8043951839177,1093000
2023-08-01,502.0202941894531,504.9682609901895,498.19369875009306,501.71762697007233,859700
2023-08-02,487.6609802246094,494.58196129479745,482.95587491012475,492.5710711013192,1363500
2023-08-03,490.3551330566406,492.0731866187882,479.3928598215643,485.41575885554744,870000
2023-08-04,484.6348876953125,491.5265853115341,480.759525455872,489.0764104814601,727200
2023-08-07,494.3671569824219,495.3530894797551,487.0947430014578,488.08067549879104,756800
2023-08-08,486.7532043457031,489.07644378599394,479.8712476183153,488.40288994054566,1113000
2023-08-09,482.6727600097656,489.9061195961453,482.3506398537285,488.7640274346591,825600
2023-08-10,484.45916748046875,496.2121297226698,481.33543896880485,488.11000171878567,942000
2023-08-11,467.5617980957031,478.4362206008437,466.6637165000685,478.3288571460831,868700
2023-08-14,480.49200439453125,481.53931700048554,463.9010265851721,464.49809125440044,1207700
2023-08-15,473.2879333496094,477.65345388372276,471.7609794431274,476.43972895066247,654900
2023-08-16,463.959716796875,477.6827339535807,463.4898734186552,474.1198520833304,803100
2023-08-17,462.9320068359375,470.0284376699246,462.2566199944586,465.9467532745157,843300
2023-08-18,467.8358459472656,470.95827777718875,458.2140780882326,459.4669639415041,766300
2023-08-21,480.31585693359375,482.03858647549885,468.5896343477589,468.5896343477589,843200
2023-08-22,476.4103698730469,485.68957666354237,473.6500955284416,484.80861643399993,592300
2023-08-23,483.84930419921875,486.864050391671,475.3042126010631,478.6615510559007,820300
2023-08-24,466.3089294433594,492.63912994002044,465.29095027163874,490.1431557732129,1245700
2023-08-25,471.5260009765625,473.58149485820405,460.14234297588604,466.4067721363299,1104600
2023-08-28,476.18524169921875,478.95531384662496,471.4477653435975,474.1101519593605,598200
2023-08-29,487.3339538574219,490.38786150899085,471.9567300770221,473.09213277114293,831800
2023-08-30,487.7449951171875,490.3486545692649,480.6094334385698,487.8233172846593,658100
2023-08-31,491.23944091796875,494.9002110967957,483.43825937321526,484.66178201278666,914900
2023-09-01,496.2803039550781,497.9541042839579,487.87226071040357,492.91316756160296,657200
2023-09-05,501.69317626953125,506.02933303334953,492.77615823100894,496.2705458155351,780900
2023-09-06,502.5937194824219,509.1714084206041,495.9769291972034,498.5610234137149,714600
2023-09-07,486.6487121582031,492.619507761736,477.829582542717,492.619507761736,1269900
2023-09-08,487.18707275390625,487.9896807770024,483.54586875705684,484.5246867145846,868900
2023-09-11,483.6927490234375,495.74199727392795,475.25534190043624,493.70606879809986,901100
2023-09-12,475.509765625,485.10219980998147,474.5603109837844,477.7317015706404,805500
2023-09-13,473.3564147949219,480.85416463993727,472.1622555794775,473.72837043318174,837400
2023-09-14,469.7347717285156,479.62083991320264,469.0887482371551,478.2407028913627,899200
2023-09-15,444.5987243652344,462.6579288690523,441.76992593575295,462.23701441636143,2831400
2023-09-18,446.8402099609375,451.1959320916711,442.4257312693697,445.78306980439424,1178400
2023-09-19,447.623291015625,449.00342808445566,442.0831771324395,446.9087430680134,663500
2023-09-20,442.6019592285156,452.2139600948476,442.3376890963627,450.2563239039608,709800
2023-09-21,437.453369140625,440.89879786859524,435.1335453069906,436.55284340553817,1055100
2023-09-22,442.2496032714844,449.0426033083611,441.18269512181143,441.94617204869473,800800
2023-09-25,445.74395751953125,446.65425111937435,437.54145763955137,439.4794982235843,630500
2023-09-26,435.73065185546875,442.07340364780293,433.31297004864206,440.9086077648891,1008200
2023-09-27,436.1221618652344,442.05379677553486,430.82675270429934,440.56600411397125,1059600
2023-09-28,448.3867492675781,453.2025471344834,434.3113411700386,435.270593596241,851800
2023-09-29,448.9447326660156,459.2908475976875,448.1029335307584,456.76548006307473,815400
2023-10-02,450.8729553222656,456.2172934185468,445.2936805856774,449.3753649266149,716500
2023-10-03,442.2691345214844,453.7017219280939,438.8139080748773,446.0082265603497,758800
2023-10-04,451.2840881347656,452.2433406584328,442.74879282273946,445.6167526536432,748400
2023-10-05,451.31341552734375,454.7295108507056,446.50744516528243,451.5385544335458,881900
2023-10-06,458.1357727050781,461.16034674210556,439.8318932385586,446.29209829133566,995900
2023-10-09,456.8829040527344,457.74426874177436,449.2774983313304,452.74252269545684,634600
2023-10-10,464.0967712402344,467.48347308612523,457.2254499050963,459.14392478141457,839300
2023-10-11,472.406982421875,472.9551181659076,465.7901625345646,466.65152723837514,913000
2023-10-12,490.4954833984375,496.1824435730209,474.726739442931,474.726739442931,1428800
2023-10-13,476.4984130859375,493.96052353374245,474.26670912418376,490.4954992687819,1157100
2023-10-16,480.80517578125,484.4855409768873,474.9224999825777,476.4983826059547,806000
2023-10-17,476.048095703125,477.2422547461653,463.0983240219617,473.68914095944905,777400
2023-10-18,469.245361328125,472.7691122382938,460.61217906600046,468.3350677220852,800400
2023-10-19,455.1993408203125,475.6468650592094,452.29224989807506,475.6468650592094,1245400
2023-10-20,452.64459228515625,460.8666574014926,451.7049353815861,455.19929289299984,914600
2023-10-23,452.7620849609375,459.1439680362861,445.44051502930574,449.27749501456935,620100
2023-10-24,460.2989807128906,462.3349090912946,453.77025124755164,458.07704464617404,855500
2023-10-25,445.20562744140625,457.31360273367454,442.8662676816638,454.18140269118834,1515100
2023-10-26,448.5335388183594,468.30567384035885,442.4355219582672,448.9250899048576,1589100
2023-10-27,448.2301330566406,454.3967045648646,445.3622033994315,448.93488323269037,746200
2023-10-30,449.8060607910156,453.41790183121947,442.45512758310184,448.5629427341394,688000
2023-10-31,459.7508239746094,464.3806139711511,443.89396051491997,449.96264402940716,1315300
2023-11-01,466.4361877441406,467.11157462246547,455.9040954351057,462.28600856117123,1238900
2023-11-02,478.9748229980469,482.95861964722235,474.07093498834547,478.2798705435752,1254800
2023-11-03,489.0370178222656,492.8152706300789,483.1445445358865,483.72204353998546,760800
2023-11-06,488.29315185546875,493.00129409736866,484.6128163468067,490.192061237936,705900
2023-11-07,492.4629211425781,496.6424932369161,488.00931106658317,488.73362684805477,611400
2023-11-08,500.3326110839844,500.84158568896424,493.97029410153976,494.71420533825665,881200
2023-11-09,495.6636962890625,509.9642139387086,494.7925338695148,500.5088278078206,1019800
2023-11-10,522.9334716796875,524.7834518792811,501.17436852218617,505.11897365809546,1295000
2023-11-13,517.0606079101562,520.7213776672106,512.9300246311768,518.7735394082022,1045200
2023-11-14,535.3560180664062,536.1510405540699,524.3925435396301,530.791962362605,1130400
2023-11-15,535.3167724609375,540.4893009663456,531.5673887058216,538.7422404194198,881300
2023-11-16,535.3069458007812,540.1163195708324,533.746315065195,534.7278272517461,1193800
2023-11-17,534.4725952148438,536.1117636094353,519.9658770439381,521.9387260158952,1315600
2023-11-20,547.4384155273438,549.0775240854678,532.1759131896434,532.1759131896434,817400
2023-11-21,540.5089111328125,545.6618497568421,537.4171239956966,545.1023806602808,910300
2023-11-22,543.924560546875,552.4343138505662,539.8120223241007,546.0348355899995,594400
2023-11-24,545.367431640625,546.9181777225017,541.2744827954585,542.2559949566834,306500
2023-11-27,546.6531982421875,551.6098225668212,543.0706549692238,545.0631533682536,588400
2023-11-28,537.0245971679688,544.3466398080485,533.7953837035849,539.007211066822,965500
2023-11-29,534.0112915039062,547.1929917210406,532.5782622820296,546.0838782636674,1277500
2023-11-30,534.5512084960938,537.5349842349344,526.846361127747,534.0604523603581,2208500
2023-12-01,538.8501586914062,540.0573994396271,530.5661939283686,533.1966392446466,619900
2023-12-04,529.6142578125,535.4149692505398,518.2875673270767,533.1575029014125,889300
2023-12-05,527.2977905273438,527.4352166156982,517.3648916582515,522.4491177666009,578900
2023-12-06,518.837158203125,535.5032763699975,517.6888056841162,534.4726406176354,766700
2023-12-07,531.223876953125,533.2654392879361,520.2702261679336,525.1974370283915,679500
2023-12-08,524.5494995117188,529.2116819431457,522.1644323198191,525.6291987556745,1038100
2023-12-11,548.8713989257812,553.1900161896195,532.6666246902079,535.4737348977144,1134700
2023-12-12,550.6773681640625,554.0243580727633,547.8407837327579,547.8800825582476,871800
2023-12-13,560.1489868164062,562.956097141833,548.5180320852628,551.7079465205422,783800
2023-12-14,571.65234375,575.5096796758816,564.4186033121891,564.4186033121891,1499100
2023-12-15,574.3121948242188,579.2394048647124,571.1516946283925,574.1845934553556,1387700
2023-12-18,566.0675659179688,582.0367901050084,564.919213308348,580.574346372625,928400
2023-12-19,567.4219970703125,572.2314307579694,566.3325329184014,569.1396434006543,877800
2023-12-20,552.8858032226562,567.8048004536084,552.2870951659172,561.4740348630522,1036200
2023-12-21,569.71875,571.3873326672515,561.935365695162,564.8602527861715,640400
2023-12-22,571.8780517578125,574.184581241126,567.7655136429097,568.9825790676408,409600
2023-12-26,580.4369506835938,582.9299704735183,575.3330745081233,576.0496192565863,654700
2023-12-27,580.5350341796875,583.8918492794089,577.5610831500364,583.1851292927685,586900
2023-12-28,575.4310913085938,586.3847394768333,575.1464144725005,586.0608237249905,514100
2023-12-29,570.552978515625,575.853167881185,566.3521378293085,573.9686814007226,512900
2024-01-02,550.0296630859375,562.6126572952883,543.4142801188775,562.6126572952883,967500
2024-01-03,542.3739013671875,547.929234556065,539.8317581833153,541.7947827585274,819100
2024-01-04,536.3375854492188,544.6412011021528,534.7377156021868,536.2885218154016,859900
2024-01-05,534.246826171875,541.1566494973657,532.3819292980073,537.9765600128686,767000
2024-01-08,551.963134765625,555.4279012626572,538.702896599343,538.9090357084842,1268100
2024-01-09,546.0545654296875,551.2859827225471,540.9113907870395,544.739312622222,810300
2024-01-10,545.8091430664062,548.6162535674628,539.7041060598722,548.6162535674628,793500
2024-01-11,551.747314453125,554.9568187964891,539.4685865346318,546.7023270752051,650600
2024-01-12,550.24560546875,553.9851649989788,546.8888501196429,553.5532971833753,617400
2024-01-16,556.3308715820312,559.0595039781001,547.4383743430734,548.7830411289292,962200
2024-01-17,552.1005859375,553.5728541666667,542.6289697004954,553.5728541666667,741100
2024-01-18,579.0922241210938,581.0454239021166,566.3325649455443,568.5900311260216,1445300
2024-01-19,601.6570434570312,605.573266831117,582.0661018813255,584.4118700796226,1335000
2024-01-22,611.580322265625,616.6743737662526,606.1820043322984,607.0948635371549,967600
2024-01-23,607.8800048828125,611.452663980803,599.0856334649998,607.3499499219826,895700
2024-01-24,626.6464233398438,634.18442921272,615.7025392680576,624.0061533477491,1083500
2024-01-25,629.8264770507812,646.6005445384011,627.3334579813524,639.4551079764594,1716800
2024-01-26,588.2889404296875,614.3480763797494,585.187388353129,612.4635898004069,2195400
2024-01-29,588.98583984375,591.0666408519502,583.567873494305,585.4621847939047,1060600
2024-01-30,584.3433837890625,590.8802899254559,583.5189469202687,584.0195278297034,1036500
2024-01-31,583.0574340820312,590.8604673622916,570.9456081545173,576.8739197510355,1081200
2024-02-01,588.0239868164062,590.9096353346771,583.6464803594092,587.709955602705,890100
2024-02-02,593.1473999023438,596.3962025594923,582.0465004393501,584.2450779599076,854300
2024-02-05,603.5122680664062,603.7184072090927,589.4373557860393,596.1018624252655,903000
2024-02-06,590.4974975585938,604.9748057592507,584.8439764321024,604.9748057592507,1027700
2024-02-07,597.6427612304688,601.1761809435199,587.6116760883602,598.133517296545,857700
2024-02-08,607.0555419921875,613.2488823022707,596.9263277146971,597.6428724410921,733200
2024-02-09,637.7865600585938,639.2195893122771,616.9294276242312,617.5183708370133,1246400
2024-02-12,636.0690307617188,645.4032222717849,633.2913341931154,634.1550698052129,1233200
2024-02-13,629.218017578125,637.4626839088198,613.9358658157715,616.5564865506398,1499400
2024-02-14,641.7520141601562,649.6335266004145,635.8040521521759,637.9829806539361,1175000
2024-02-15,641.7421875,651.0282596840204,639.8928382909857,644.3194605389633,1025400
2024-02-16,650.5657958984375,666.4229333300988,646.8376184389737,656.1138427028375,1060400
2024-02-20,641.1420288085938,650.2116554330413,634.1873075055163,643.8373398004162,1262800
2024-02-21,641.2896118164062,641.4371898946662,628.7475165209687,634.6496790129393,745400
2024-02-22,672.6202392578125,676.4763016290808,661.8782611637199,664.6424379719849,1077800
2024-02-23,657.9140014648438,676.3582576060717,657.1369050871227,671.8627703711288,597900
2024-02-26,672.6694946289062,675.5714033171555,662.9997678628048,664.6031935435691,649800
2024-02-27,666.5311889648438,673.5350832521418,665.6359940823398,668.9018643461762,717400
2024-02-28,662.02587890625,664.6129982139345,656.8123141561274,656.8123141561274,622600
2024-02-29,671.1741943359375,672.9448309743291,663.8358778159563,671.3119258624531,998900
2024-03-01,705.8690795898438,707.4921381342893,677.0271737517104,677.0567133811953,1124900
2024-03-04,706.1051025390625,716.1289427519806,704.747600564171,712.9319385432664,751400
2024-03-05,694.35986328125,704.5410690025992,686.4312945057728,700.714546161605,1107300
2024-03-06,703.7935180664062,709.7054667854319,694.5270801593208,700.1636859022686,1063700
2024-03-07,711.46630859375,717.2602788435981,707.5512269161463,707.5512269161463,1059100
2024-03-08,687.8085327148438,712.6565865567197,687.8085327148438,711.0236813393933,1121900
2024-03-11,674.2039794921875,680.1553142507731,664.1014261814659,678.7978121685962,1037600
2024-03-12,687.01171875,687.4543328925221,672.2070802172964,680.4405918587263,875600
2024-03-13,677.4796752929688,684.3162981284221,671.046280396558,679.3388106611127,1155300
2024-03-14,681.0407104492188,689.5693184467963,676.5550693527872,687.0707579372595,934100
2024-03-15,672.7481689453125,680.6078722764712,668.6264897967447,675.6303843822016,1669400
2024-03-18,679.4373168945312,693.671337303274,678.0306419710619,684.9755177691169,797900
2024-03-19,669.9544677734375,674.8139173348502,657.7960273459022,666.747616519077,888500
2024-03-20,684.6016235351562,686.8247808418795,662.5865543365651,669.0690620174257,904400
2024-03-21,701.50146484375,715.7748694625274,699.9275790030696,705.2001626132349,758200
2024-03-22,698.9734497070312,706.5773834113975,693.7107120015601,694.9107895936489,412700
2024-03-25,688.3200073242188,696.5535191947645,684.513117321274,686.4706582741178,493200
2024-03-26,677.1943969726562,695.8649441383843,676.3582813475298,693.5433813869294,865100
2024-03-27,685.5066528320312,686.3231354486439,670.7905728449101,681.1095706267038,976300
2024-03-28,687.1788330078125,688.4084499857156,678.7584183447276,685.506541909886,1080900
2024-04-01,699.2881469726562,706.469098612321,688.3396318409335,688.585555253524,772200
2024-04-02,682.6145629882812,685.8902798250216,674.9122244953669,682.909659090713,950800
2024-04-03,686.1558227539062,695.5992572584054,675.7876538277911,678.9256388002467,782400
2024-04-04,661.7799682617188,696.3075947637608,657.5304040700994,694.7632484161601,1102900
2024-04-05,671.7054443359375,677.5977600961564,663.0784312224839,663.0784312224839,790900
2024-04-08,679.5552978515625,681.1291837760139,667.4263375620972,677.125543160305,518300
2024-04-09,685.46728515625,688.5855773166412,671.5775351712833,688.5855773166412,708800
2024-04-10,675.9155883789062,683.6670992862354,673.053066222471,674.7155109230506,610000
2024-04-11,689.1856079101562,690.1889946665868,676.6336670712757,683.4998897168091,831500
2024-04-12,669.6790771484375,678.0306276941075,666.3738204331991,673.2793699483735,810800
2024-04-15,667.42626953125,687.3067390540134,661.5634940263475,678.6305541870736,886100
2024-04-16,682.0046997070312,685.5558196740141,667.4263513774218,667.4263513774218,922400
2024-04-17,648.2344970703125,673.6826499293305,647.1032852662083,670.652916366425,1193100
2024-04-18,633.7151489257812,647.6737654222526,631.5313776539806,645.0964926406263,903100
2024-04-19,617.9170532226562,637.1483144915982,613.0084309081851,635.6629272899247,1072900
2024-04-22,623.3076782226562,628.3146454348705,615.1331861379718,624.9897559910496,924300
2024-04-23,637.6400756835938,643.3356402420164,625.4619436232215,625.6684808619866,710100
2024-04-24,645.8341674804688,657.2843752690659,637.0399443908606,649.0213851431906,873400
2024-04-25,661.9767456054688,666.6689241397428,639.4108077425064,646.2671246149707,1065800
2024-04-26,694.7435302734375,698.6783051193415,667.7411258854409,671.8628049381214,1193500
2024-04-29,702.2883911132812,704.3049510613092,688.9692008816268,694.8909957496992,931600
2024-04-30,678.0502319335938,706.026484115259,677.0665382001173,700.035822900732,902200
2024-05-01,655.1793823242188,680.4504778841571,651.6971279642543,669.3740763368254,1273100
2024-05-02,670.9282836914062,671.8628047249919,653.3595284195935,664.6228334204009,675200
2024-05-03,685.231201171875,692.5793640801606,679.8306724808482,683.667101816352,819900
2024-05-06,706.6658935546875,706.980682747282,686.7165562582949,687.7592691913081,873600
2024-05-07,702.7310791015625,711.5843220096581,699.9669023285196,704.9443898285864,782700
2024-05-08,705.4559326171875,705.898546732479,694.5172639160277,698.3437866249086,672900
2024-05-09,699.08154296875,708.2594214495375,697.4683310279908,707.0494974839944,976000
2024-05-10,706.5576782226562,716.1289985091947,701.432612539292,708.2594490750278,448800
2024-05-13,702.5048217773438,708.2594054305091,699.957028887478,708.2594054305091,554100
2024-05-14,719.4785766601562,721.2626824494283,695.09248862699,697.1328847774928,884000
2024-05-15,748.8521118164062,749.4435648625298,724.3674838227882,727.3837078556845,850300
2024-05-16,738.7587280273438,753.0020339410914,738.4137588147624,749.1282595028455,751200
2024-05-17,736.9844360351562,747.7186691064076,729.0693364086918,745.6486734932962,585900
2024-05-20,761.7451171875,767.3044516688357,740.2767104355221,741.1243937335981,763600
2024-05-21,754.1947021484375,758.9457593649558,747.79755109366,749.1282153060284,703600
2024-05-22,760.6707763671875,761.9127016392458,751.7797874408751,759.359785057619,769500
2024-05-23,754.1552124023438,779.2116223521318,750.6658737978477,777.299371666018,828900
2024-05-24,767.9155883789062,771.907641325677,758.0487712365328,763.0955251132989,548400
2024-05-28,774.8943481445312,780.631100755596,764.8402462505214,774.2832220051238,601100
2024-05-29,761.3114013671875,768.9111317311355,754.1552458005683,757.2404760673014,855000
2024-05-30,759.11328125,765.4611593401386,755.1507681707692,757.9403018150164,712100
2024-05-31,748.6649780273438,765.1851762605216,726.3586945956885,759.6948477018749,1684800
2024-06-03,743.3619384765625,760.6017351001357,725.0378412117651,760.4439902029881,515100
2024-06-04,739.8233032226562,745.4811834047526,729.6311895361995,739.7444307702008,474500
2024-06-05,773.7410278320312,776.2742713735589,751.198186463672,759.3696370724651,943200
2024-06-06,768.1126708984375,776.0573699392985,761.1635334018433,769.1673717343417,722100
2024-06-07,757.9698486328125,776.6389141757636,753.0413736759833,776.2348057006046,736000
2024-06-10,783.0164184570312,784.593506431576,750.2124591604621,750.2124591604621,649900
2024-06-11,786.7423706054688,787.235218153001,770.734691887548,781.9716400361064,590000
2024-06-12,815.9682006835938,819.6448238950154,792.9325126368253,795.3376109174086,807300
2024-06-13,818.1564331054688,821.0740517424812,803.4104145467231,804.3468368101078,546400
2024-06-14,813.0407104492188,814.7163438611657,803.3414449372026,803.3414449372026,474700
2024-06-17,836.7367553710938,839.4966892692786,809.2063019328627,814.5881579938114,737800
2024-06-18,850.9603271484375,864.0109190020563,834.8737779239922,836.8550344512707,878000
2024-06-20,817.7227783203125,851.8278027902813,814.7262268817514,851.0195256344615,1281900
2024-06-21,804.8692626953125,823.3905107662695,801.6164811368811,818.1564725765795,1919400
2024-06-24,782.6221313476562,803.8441745109485,781.0351767665918,802.1290747612713,894400
2024-06-25,806.337890625,808.5064315887859,780.0986953683064,789.4135248559471,934400
2024-06-26,801.665771484375,815.0712602507664,787.8167680754834,802.7303389828886,712600
2024-06-27,803.2133178710938,814.6276833569646,795.2488850485854,807.7474910209783,510300
2024-06-28,812.7154541015625,829.3736647346776,806.6928716456375,814.6178383726233,849400
2024-07-01,815.948486328125,817.082059703984,796.2740515724246,811.4143131487922,480700
2024-07-02,827.1065673828125,827.9542506955457,806.2985591044734,807.6785562533361,536900
2024-07-03,841.1231689453125,847.3625752586647,823.9621845343737,827.9246978640683,440800
2024-07-05,842.9762573242188,846.7810256517472,834.9526854452592,843.1044024894196,461200
2024-07-08,854.154052734375,856.628156991386,842.3257118686414,844.858955423499,438600
2024-07-09,862.3845825195312,867.3031909604557,850.8420723716467,860.1174358821248,409400
2024-07-10,879.5848388671875,881.9702638931607,858.0474289038049,865.2922625098008,664300
2024-07-11,840.74853515625,883.4981211140008,839.9697976276644,883.4981211140008,875000
2024-07-12,845.4502563476562,866.958127699475,832.9122452729276,841.6356216467665,655200
2024-07-15,845.8446044921875,864.30665293749,841.3695707663769,846.2389065644212,637300
2024-07-16,854.7749633789062,856.371784429511,838.8658320029806,848.9889386738779,627400
2024-07-17,770.5670776367188,817.2200395214861,768.3393972778724,805.5592506538003,1699600
2024-07-18,775.8011474609375,785.6876977388318,757.457376929138,782.4250495137723,970900
2024-07-19,751.6416625976562,784.1597289615604,750.4884163660932,774.1746344311979,918800
2024-07-22,797.9299926757812,800.1182067627175,764.0516593367479,777.1909307586847,967800
2024-07-23,796.1063842773438,801.8628694549964,782.661550419226,782.661550419226,960700
2024-07-24,744.958740234375,787.3140261224843,741.1441053418699,785.8946228953627,2430100
2024-07-25,751.8980712890625,780.4634958249071,738.6601934129659,756.5603898258812,1826900
2024-07-26,776.1264038085938,787.5703083686508,758.0684641119092,778.0583275131461,1047500
2024-07-29,767.4029541015625,798.8860544166569,766.2989805282506,781.9124156054507,627600
2024-07-30,748.0341796875,788.0139711147532,743.559085365117,776.7178834471774,1062900
2024-07-31,811.2958984375,814.8838422676127,779.0045242905685,793.9772320411913,1793600
2024-08-01,745.323486328125,810.7736030246155,736.3634916505728,809.492211463173,2214200
2024-08-02,686.2112426757812,714.6978510521346,677.7835628097951,701.1445453675807,2071300
2024-08-05,693.416748046875,709.8680011587302,638.7304048581029,640.5441102567809,1718900
2024-08-06,705.9744873046875,727.6499722197067,693.4660747433777,698.1481262804289,1203900
2024-08-07,687.739013671875,737.8320354851019,684.831261859524,730.0352153322993,903100
2024-08-08,741.5283813476562,743.2139412547252,696.8862817865925,709.2863402513068,1037500
2024-08-09,736.0973510742188,744.2588745018985,721.2724595671671,736.402914121928,763500
2024-08-12,746.7034301757812,757.8023664163469,734.0570056002931,738.068791800341,787400
2024-08-13,782.4743041992188,785.5200681577448,751.0996144812235,757.0039180977398,1158100
2024-08-14,782.5333862304688,801.9909951148712,770.478295959521,793.4055703549657,630700
2024-08-15,825.736572265625,829.3507911275173,793.9884637252046,801.3552260097837,1293400
2024-08-16,809.3242797851562,818.4784116026659,798.8567578805031,818.1624048004588,673400
2024-08-19,810.193359375,811.3487160332819,788.7646245015624,808.27760939412,971600
2024-08-20,801.42431640625,813.5606535679522,792.9614454284851,808.9688208380306,685400
2024-08-21,816.7996215820312,822.8628775635273,802.0562744439003,808.4453615734905,618500
2024-08-22,788.5374755859375,821.598912539005,783.9258132938966,818.0340567227483,919900
2024-08-23,807.615966796875,814.0347083744468,789.9989633934603,806.4902038087263,685800
2024-08-26,788.9817504882812,803.2314087407386,783.224676878557,803.2314087407386,778500
2024-08-27,802.6290283203125,803.9818966866038,773.1522169082505,786.5920594425919,687100
2024-08-28,794.2155151367188,809.6994858902148,785.0613838642014,799.103584969489,648900
2024-08-29,785.8021240234375,815.2592283763809,782.0792344786482,804.0017186076226,806500
2024-08-30,809.18603515625,809.6995537563222,787.5795592418058,803.3894227333229,1079300
2024-09-03,732.1611938476562,796.9905111479434,727.9544395126362,795.5191476482227,1661200
2024-09-04,735.7950439453125,740.515316033593,715.580977177762,725.8114478826056,927200
2024-09-05,718.9583129882812,733.9287670078521,713.7245818462477,716.7068472565985,818300
2024-09-06,694.0140991210938,719.0965911068112,688.0792220783413,718.9583268185543,1390600
2024-09-09,701.0154418945312,708.5401769014812,687.8619524415914,706.0911994989021,839900
2024-09-10,704.5408325195312,708.0365561616069,687.713816376335,701.0154549863213,778900
2024-09-11,739.458740234375,742.2138397472115,695.1003181179746,706.3380574841746,1129100
2024-09-12,724.113037109375,737.5331099753919,720.8740126152192,737.5331099753919,1070700
2024-09-13,742.105224609375,745.1566219129367,731.6475875392526,732.1018586095697,586700
2024-09-16,727.1941528320312,733.7017362826256,717.0722899593907,725.8116303795932,863000
2024-09-17,730.35400390625,741.532496262123,724.2809231518834,739.9722917345028,855500
2024-09-18,721.9010009765625,742.7471435614813,720.6666276476842,740.1796108741333,817800
2024-09-19,762.7735595703125,772.4313251027424,745.7490928319381,749.8274669957802,1241100
2024-09-20,749.3634033203125,755.7920298348623,739.8933240476789,753.1159467929908,1622600
2024-09-23,751.7531127929688,760.7590956139184,749.0670851369636,756.7004906481362,438800
2024-09-24,760.709716796875,765.9928103282621,742.7964772859634,762.3489379935476,821300
2024-09-25,762.4082641601562,772.2240039097411,750.1929097384958,753.3628023476555,575100
2024-09-26,794.4920043945312,811.7238674054357,770.2489252752309,803.2708816107364,908000
2024-09-27,772.618896484375,798.353106514832,768.1751529699452,797.859357235451,627400
2024-09-30,764.728759765625,771.4931612987397,751.7727830323226,763.4154300313576,932900
2024-10-01,744.2678833007812,777.0725605532846,736.8319893021558,768.7380692746807,1279600
2024-10-02,767.6419677734375,777.5959714523611,745.5615115136571,751.1507275835424,701800
2024-10-03,764.876953125,774.1890581763546,754.4489697756358,755.2982041506468,584200
2024-10-04,777.5465698242188,790.4531843017483,767.49384088604,790.4531843017483,757300
2024-10-07,771.8980102539062,778.0501674888058,762.1909424562565,768.0072633768235,748100
2024-10-08,774.1001586914062,783.7479788045484,764.5608886843031,772.1251615372219,653400
2024-10-09,794.571044921875,796.6941911318377,770.5945487284955,772.2535995027938,628500
2024-10-10,788.0042114257812,789.8212355952274,777.1614947379951,781.4570900727358,461900
2024-10-11,793.6822509765625,796.3386246900111,782.760518589548,782.8691892451728,570800
2024-10-14,819.2782592773438,822.586355566025,799.25175820881,799.25175820881,567900
2024-10-15,698.8724975585938,821.9741098337737,690.2220602370842,815.199883735422,2870900
2024-10-16,674.0567626953125,711.7495711166156,673.4839965743524,711.5619439531358,2280600
2024-10-17,661.8709106445312,692.4537121542841,661.3080292319916,692.2167221431366,1936500
2024-10-18,670.03759765625,673.3753478869811,656.0151048896229,659.5799605208631,1192800
2024-10-21,665.1890258789062,671.2522827362772,659.0566971477551,669.0304105242041,739300
2024-10-22,661.7031860351562,664.7348144612796,655.3634005994575,661.6241692581498,787400
2024-10-23,656.3211669921875,663.905148633746,646.4659507369958,656.3310516212414,846800
2024-10-24,657.8320922851562,675.8342341556015,657.121122168196,670.2647271508695,884700
2024-10-25,664.65576171875,674.3036433698217,659.649136043369,661.2982420072789,954800
2024-10-28,665.9197998046875,670.6499576886335,661.8316005295833,664.7348494479294,1051800
2024-10-29,687.526123046875,691.644035557229,665.3469433213091,666.561547298193,1333900
2024-10-30,683.151611328125,686.4992464977848,671.5090229658462,673.4741358006664,1656800
2024-10-31,657.9011840820312,672.5359208134041,647.7990925208089,669.1784616800818,2001200
2024-11-01,661.0117797851562,670.16591056931,655.1460360266323,658.1677791584702,906400
2024-11-04,655.0769653320312,662.1770829356534,654.0795820661443,658.9084648614262,637900
2024-11-05,661.949951171875,673.02965649572,658.9084386179811,660.7155779260563,1016300
2024-11-06,661.288330078125,670.1561090828419,649.260603560278,666.5615994737009,1715400
2024-11-07,677.5723266601562,679.2214327822227,666.6604166874433,674.3135323979623,1122200
2024-11-08,678.8163452148438,685.6794721258401,672.861760357052,680.9888540583996,1278100
2024-11-11,657.7037353515625,676.6439516661245,648.5298345900329,675.4490566369715,1422800
2024-11-12,656.4693603515625,660.8933348741101,646.6733306628751,654.721468510229,1111300
2024-11-13,636.4921875,647.789173485321,630.340090732122,645.8833084890725,1505200
2024-11-14,636.9367065429688,651.7491880904796,634.7049496796011,651.7491880904796,1169900
2024-11-15,606.7784423828125,622.12414971105,604.6947744237835,612.7725664230021,1712000
2024-11-18,614.2052612304688,617.6810075805064,605.7981471369471,608.2340948466905,1223300
2024-11-19,609.6500854492188,612.3732407754003,603.4512444575824,610.462088108293,1408900
2024-11-20,610.8086547851562,613.8981931793099,603.9363991588162,610.4719471989082,1195100
2024-11-21,626.979248046875,631.7324401823467,613.9477387657414,621.6715853268599,1386000
2024-11-22,633.3069458007812,636.7530164726054,623.8501813303899,623.8501813303899,981800
2024-11-25,638.3768920898438,640.3771927467767,625.9395017681843,640.3771927467767,1913000
2024-11-26,625.3057861328125,644.8234059027336,617.770086743308,644.8234059027336,923200
2024-11-27,625.9692993164062,627.8012161298448,615.1657648260685,625.3057960904766,942600
2024-11-29,640.7139282226562,655.0426476803001,636.9906224748426,638.515567727149,925700
2024-12-02,659.5285034179688,662.538806363189,638.7037610806805,638.7136731348699,1380200
2024-12-03,659.221435546875,660.6672052745397,650.4083506265586,654.67627543401,1376500
2024-12-04,659.716552734375,663.95480180751,649.2695504164745,663.6379182884516,1459200
2024-12-05,636.3370971679688,656.4488370794697,635.1290353053262,653.9336532484776,1028200
2024-12-06,642.0111083984375,644.3579682698913,631.9502537004731,634.8912927992322,862400
2024-12-09,646.0017700195312,659.835430821999,639.5157210909565,652.5769669905013,1093300
2024-12-10,635.604248046875,651.4084729552067,632.2374136762379,651.4084729552067,914800
2024-12-11,642.5062866210938,650.705428845657,635.8122656108864,640.6544852764105,1107400
2024-12-12,640.2880859375,643.5460087545846,631.6829123524591,640.5554696296709,698200
2024-12-13,647.3782958984375,657.389592078513,641.2586295570436,641.6745127811962,1463200
2024-12-16,649.72509765625,658.0431240262168,639.1196231004453,643.3380481692419,1014300
2024-12-17,648.4873046875,662.3704658921445,645.7245614099537,653.5275841145022,1252400
2024-12-18,624.6126708984375,662.5684637950782,619.5030071048143,652.2303728789009,1452100
2024-12-19,616.1063842773438,629.0785407136384,614.5220273632865,618.0670365353745,1115700
2024-12-20,623.226318359375,634.7922952732192,607.412240594574,610.4126314284985,2652200
2024-12-23,641.66455078125,643.169732442074,625.4147657462845,625.4147657462845,886400
2024-12-24,644.1797485351562,645.6353698212582,635.0002201788543,638.7532015673489,349500
2024-12-26,642.2191162109375,647.5070159753525,635.7825664708369,637.931366922589,454100
2024-12-27,638.5155029296875,641.3970695507501,631.7818951351703,640.85245061872,729500
2024-12-30,627.4546508789062,631.0194848102044,620.4833341217319,627.6229744776086,687800
2024-12-31,623.9689331054688,631.7720154988151,621.0477181246189,627.315943289184,646200
2025-01-02,630.405517578125,643.0904681028305,625.7217096418256,628.4943648637433,892200
2025-01-03,650.596435546875,652.2798526422633,634.0693569084215,637.6144267296258,865100
2025-01-06,683.5615234375,690.0673966737102,666.9354432378645,667.0245308436557,1676400
2025-01-07,682.5712890625,698.9795459308638,676.5902711297513,687.9978363708989,1283400
2025-01-08,679.5015258789062,685.2448958662158,672.3420619519516,683.2644192885678,1093400
2025-01-10,676.3922119140625,687.7898651104872,665.0936188172716,677.2240387299623,1254500
2025-01-13,684.2448120117188,685.215226288469,658.9937331930797,667.6088192308392,1318600
2025-01-14,694.4144897460938,694.5432255546463,679.8579752809118,686.2252000204433,1039000
2025-01-15,709.2581787109375,720.2696237149039,706.5746111736352,708.020380842332,1368300
2025-01-16,739.9655151367188,771.4649944643029,726.419061833837,727.8251833603036,2019600
2025-01-17,750.0757446289062,755.8488505987767,740.3120099058806,755.5022913840525,1402500
2025-01-21,759.7504272460938,770.8311962935286,743.8967023171676,754.8586476031835,1370000
2025-01-22,764.3748168945312,779.446275196443,764.048081773002,765.8106745123947,1200300
2025-01-23,753.5218505859375,754.4328529038924,734.0537316556359,745.9168276531477,821800
2025-01-24,742.5005493164062,758.3146272335217,735.8956762450738,757.5818605026459,745400
2025-01-27,695.850341796875,717.8732307869956,678.5112603844984,709.6047051432406,2357800
2025-01-28,696.058349609375,701.9701042043425,682.4920716285236,690.522950875723,1387100
2025-01-29,706.0101928710938,714.8332502342048,700.8709139620498,714.0410716583646,729200
2025-01-30,735.1826171875,738.8266868954881,714.9520558784535,724.14149635548,1711000
2025-01-31,731.0335693359375,762.7311094353488,727.8252066666424,751.5216037615836,1631900
2025-02-03,732.9843139648438,745.6494400665061,719.2793892964696,720.289451703287,1216800
2025-02-04,742.0053100585938,748.6200941136491,725.6762914855898,725.6762914855898,999900
2025-02-05,751.7394409179688,754.482359951432,733.707179445812,735.3806846155356,677100
2025-02-06,754.3833618164062,756.7797216202318,745.8672760276487,750.2837606790889,579400
2025-02-07,740.4012451171875,759.7802173697545,736.9551744732322,754.3635820297345,664500
2025-02-10,744.12451171875,753.818923139614,736.4204285574167,752.2642417202854,1564500
2025-02-11,751.2145385742188,754.5219609321924,741.8468629436902,747.1842616322244,591800
2025-02-12,743.2233276367188,747.3031045078734,731.3305562448958,735.2816577440809,476600
2025-02-13,756.8193969726562,757.5323395754851,742.7580002809009,743.6987388035384,711500
2025-02-14,743.4114990234375,762.0082034922315,731.8059350435557,752.7494390320602,998500
2025-02-18,750.8482055664062,752.7890944302898,730.7364677201442,750.6402337611989,1354000
2025-02-19,767.1871337890625,769.4151699956135,745.7385985006456,753.7000927872218,936700
2025-02-20,770.0390014648438,786.2491973354662,763.48362886125,772.3858613622967,883600
2025-02-21,746.9367065429688,774.7722894930642,743.728344254675,772.1283702650217,872400
2025-02-24,732.0199584960938,757.2883995154707,730.4617651247519,756.2561865135789,1110900
2025-02-25,719.5146484375,730.7494739052304,716.0409855669002,730.7494739052304,1068300
2025-02-26,732.9627685546875,745.4579967944342,724.4869919890256,727.8118200933673,1247400
2025-02-27,693.8988647460938,744.3563255186342,693.3828188853277,737.4586114536537,1324900
2025-02-28,703.506103515625,708.1310110055982,686.7233150085453,700.5286781014458,1242400
2025-03-03,685.9492797851562,722.6311255355907,681.195284662534,709.1533555201385,1304600
2025-03-04,693.7401123046875,710.6221238713664,673.4539183287086,688.2516957875741,1182200
2025-03-05,710.4236450195312,711.8428772355448,684.4406524841543,695.8342479874007,915700
2025-03-06,686.921875,706.3048844380921,678.8331777721555,692.0232121403108,1135400
2025-03-07,705.9376220703125,708.7463436839128,675.1014121338314,683.0214049599829,1088100
2025-03-10,673.2554321289062,691.9734990284898,665.534006916483,688.5991198444026,1389200
2025-03-11,659.2218627929688,675.2007502105772,648.8207418520701,672.2928050796086,1058700
2025-03-12,675.2702026367188,681.5823302468444,666.7646830702483,670.9528992557734,884100
2025-03-13,676.3717651367188,688.7777036021758,663.6283584916179,671.5284819137346,930800
2025-03-14,707.634765625,708.3691875269169,684.77803437138,684.77803437138,1142600
2025-03-17,712.8849487304688,718.750510748684,700.2210167882395,700.4293977997304,976200
2025-03-18,704.6573486328125,707.436266906612,692.8071930510793,706.5430756271096,950700
2025-03-19,714.1949462890625,724.5762569754255,699.6452889111948,704.6572757290234,753300
2025-03-20,711.0687866210938,714.2446587245602,702.3548254967355,703.4862617359311,629400
2025-03-21,701.1737670898438,704.0420348445185,687.1500882131016,697.0252281842703,2454800
2025-03-24,722.25390625,729.6081808784522,711.009206652949,717.2717222939657,730200
2025-03-25,716.4181518554688,721.698126841934,713.3216342808312,719.1673273632615,498700
2025-03-26,700.23095703125,718.7207755459467,693.551618069324,716.0609491794154,734600
2025-03-27,694.7326049804688,701.8089576458399,686.792803780692,695.0799470526086,735100
2025-03-28,668.5311889648438,688.9464086083918,662.1595159190908,680.212640028617,989500
2025-03-31,674.6845703125,676.0145136185074,650.4880221896035,667.9258172098914,1165400
2025-04-01,677.3245849609375,677.6619925756406,657.1971606661092,668.928223728192,669400
2025-04-02,681.0264892578125,690.3855221537524,662.2686856934929,662.2686856934929,791100
2025-04-03,616.1484985351562,651.976831211321,615.6026492570202,647.302311502609,1525300
2025-04-04,572.191650390625,595.4850099535585,555.5478249781454,588.0811245224902,2072800
2025-04-07,600.0703125,628.0085118375113,547.1813342554277,562.3860606237055,2996100
2025-04-08,594.998779296875,639.412041694186,582.3943329371,621.2894359936683,2719800
2025-04-09,698.0177001953125,716.408293929591,592.8550107600092,600.3184433243808,3447900
2025-04-10,651.8179321289062,675.5678531196103,623.7606427109968,659.8966936806899,2676100
2025-04-11,665.1766357421875,671.637658367348,630.3011065930082,641.952754632614,1361800
2025-04-14,664.9285278320312,679.1507132791755,654.4877307492598,676.3717950551655,987000
2025-04-15,671.1216430664062,676.9772101065578,659.9959748263046,664.3826980285666,790400
2025-04-16,637.3576049804688,654.090721103151,614.6497692019425,633.4472505524566,2020800
2025-04-17,629.6559448242188,644.3048863967821,626.8670923296389,644.1461170406211,1224100
2025-04-21,616.1284790039062,622.490277791201,603.1270804996208,618.7386931470813,1346100
2025-04-22,631.5714111328125,635.0351393808202,621.1404886180534,621.9741943172022,1372400
2025-04-23,652.1653442382812,667.6380587876442,647.9671936546348,659.2416970444743,945100
2025-04-24,684.232177734375,685.3735483484963,659.2019843771204,669.0373861265,1304000
2025-04-25,689.3831176757812,695.0402378855985,673.8111808659141,674.8830709398277,631600
2025-04-28,688.4998168945312,693.8790757042866,673.9402237243198,682.5251578140492,736000
2025-04-29,682.7732543945312,690.1175337592588,676.6099622411821,678.4857547107935,726100
2025-04-30,697.4024047851562,699.6850856433156,669.126795864115,671.9057143251732,1172300
2025-05-01,671.2208251953125,687.8249140543759,669.6825009221318,684.0138436341007,1463500
2025-05-02,692.9063720703125,702.5135841080942,687.6958779238425,689.0258211784202,851800
2025-05-05,688.0730590820312,696.3304594088745,681.9495045088717,685.8201817350363,811900
2025-05-06,674.307373046875,684.8077759053334,672.5109956519552,675.7365395239731,905400
2025-05-07,689.1250610351562,691.2192295325448,670.1886797533119,675.3693706957393,962800
2025-05-08,698.0375366210938,705.1535662040903,687.5867446282366,698.0276021778462,906900
2025-05-09,695.923583984375,705.9475587213365,691.4871885855254,700.8264136250853,955000
2025-05-12,754.7474975585938,757.0599814640428,736.0294320248261,739.393937095591,2110300
2025-05-13,789.9109497070312,792.0149920553458,749.9638272664778,754.2810696849838,1804800
2025-05-14,798.9424438476562,799.3295236692203,780.8297735368243,780.8297735368243,1171400
2025-05-15,799.9349975585938,804.5102936143596,789.583488668225,791.2707085946283,1129800
2025-05-16,785.216552734375,801.0564780420028,778.179937796138,801.0564780420028,1132000
2025-05-19,782.9682006835938,785.5150509870651,771.039786859711,776.6806507140269,1142000
2025-05-20,786.2313232421875,786.7984032068063,773.1886662210604,775.6260960165159,949200
2025-05-21,774.9395751953125,795.6128231050831,771.1988758328827,774.3227642070073,1236700
2025-05-22,763.5682983398438,777.7451144241909,758.0865864050912,762.5237029832313,682500
2025-05-23,753.2814331054688,757.1912427674,741.0446135788201,743.9098278034219,941900
2025-05-27,785.0076904296875,788.1116624580166,764.6527432208691,770.7314107712415,1292500
2025-05-28,773.507080078125,792.2105188732937,772.2038101276976,785.0077102482319,905700
2025-05-29,769.9951171875,790.7181582061858,764.7323067358445,788.9074978369975,932300
2025-05-30,752.992919921875,769.5772913223453,736.6373478866567,768.8112870780107,1717700
2025-06-02,758.5244140625,760.7230862419588,748.0982546020958,748.535997366097,864600
2025-06-03,771.8057861328125,775.5863192103237,752.4557232554539,758.1363597872131,943200
2025-06-04,778.073486328125,782.8885957787094,769.6270369891034,777.6058685082689,839500
2025-06-05,787.8231201171875,792.4193884130627,773.4274018465026,784.3609509964392,1618900
2025-06-06,803.8504028320312,809.78971391446,795.6626885806644,797.1251100433603,996300
2025-06-09,825.031005859375,830.7117029573742,806.8349593993179,806.8349593993179,1529800
2025-06-10,852.1907958984375,852.7578150866933,822.5139782745182,825.0309532554978,1515500
2025-06-11,867.5216674804688,869.0438390021649,854.3894466082138,860.6372235433643,1650400
2025-06-12,870.5062255859375,874.6448341808915,862.0498793945312,862.0498793945312,1091700
2025-06-13,863.2139282226562,871.9488663080391,852.5390532441344,854.5884713635888,1832200
2025-06-16,887.7969970703125,888.722213570389,871.1230619088619,871.5011151955638,1619400
2025-06-17,888.413818359375,910.1317229927888,883.1609057180692,885.4292254645507,1334000
2025-06-18,866.6859741210938,893.5374131187749,862.8557707785361,890.2941457207488,1431500
2025-06-20,845.6346435546875,879.2909193702392,830.5624253250045,879.2909193702392,2347800
2025-06-23,851.8824462890625,855.2052591028403,836.8599586731895,848.5396560363072,1427700
2025-06-24,884.4642333984375,885.9963025530444,865.0941939980117,866.7655587271369,1145100
2025-06-25,888.8715209960938,898.302815571162,883.1808653581098,890.4135485890235,772000
2025-06-26,898.3027954101562,902.6006165777259,888.7122887507194,892.8608559809645,864700
2025-06-27,885.2999267578125,903.2870910551218,880.0968056824476,900.3522291032077,1175500
2025-06-30,891.1397705078125,893.6368897063493,879.7983535117735,886.5832748473952,786700
2025-07-01,894.2337646484375,900.3422461116423,877.7687723905864,884.2155344382115,1079100
2025-07-02,916.3695068359375,917.2151779464689,880.514618369258,883.6484652863631,1051000
2025-07-03,919.8316040039062,923.2539394480743,911.3453828166465,915.2751087430889,489400
2025-07-07,907.93310546875,918.757234540674,901.2575437672829,912.2508434996787,901200
2025-07-08,914.4992065429688,922.6173338906368,903.6054901556885,906.2418443305482,862500
2025-07-09,918.4388427734375,927.173780717192,910.8082503819385,914.4991581758737,601000
2025-07-10,923.8509521484375,927.3827085395279,914.6484566687934,918.1503987038839,798200
2025-07-11,919.8316040039062,925.4028195075775,916.4789163437459,920.7468621105747,570500
2025-07-14,917.1057739257812,922.0004894979745,901.6057704385187,912.0120126186745,567800
2025-07-15,931.7202758789062,937.5004349328694,924.8756047557871,929.2032400971109,746200
2025-07-16,928.6959228515625,931.5710954287332,892.7713853406611,908.4305406709902,1226900
2025-07-17,932.2674560546875,938.1271606382795,905.3265137852445,919.2645723558055,1135300
2025-07-18,926.3380737304688,941.0123226556084,920.0704405711898,941.0123226556084,682000
2025-07-21,932.9439697265625,940.1567360101322,920.8961774454212,923.6917437416334,673700
2025-07-22,887.6378173828125,933.8492773441512,885.4292477315159,933.8492773441512,1619800
2025-07-23,892.48291015625,895.3779387740703,875.2916245853706,894.7710860776655,1207500
2025-07-24,899.536376953125,907.634586761475,889.6076508746423,897.178553468442,549700
2025-07-25,897.4572143554688,900.3522429162475,883.5091966419985,887.7572868765368,808000
2025-07-28,918.4090576171875,927.1538934760096,910.3008887998524,912.6487541146961,839900
2025-07-29,911.38525390625,932.1579644120776,910.4002872531807,923.8210575280108,1027200
2025-07-30,920.2395629882812,923.0550460935063,908.6892024881475,917.9116144195121,1058200
2025-07-31,874.5155639648438,892.5822722987779,855.5832678564435,860.0104259798073,2284100
2025-08-01,882.0865478515625,889.5678865236464,850.8876161967537,851.8028744028971,1474600
2025-08-04,910.9176635742188,913.0666045089889,886.4241088801813,892.1445787186336,1064500
2025-08-05,878.873046875,917.2549286728107,871.4613563977128,912.2905655181238,1178300
2025-08-06,883.7181396484375,884.5537917036598,864.755966722641,878.8730943688096,935000
2025-08-07,907.3759765625,912.817916131867,900.3323199629643,907.7142571590225,717200
2025-08-08,910.1019287109375,913.2258174580483,901.0287703629456,908.3111849594108,719500
2025-08-11,905.505615234375,928.5467072903255,902.9786816774526,917.4141729271041,814000
2025-08-12,930.7254028320312,934.4362271408373,902.8194113860526,908.9875820254169,1027900
2025-08-13,944.603759765625,947.4590155203234,932.7350356562912,935.1724653966115,900700
2025-08-14,950.5032348632812,954.3334986930038,930.1184759142094,936.8238513036196,1005300
2025-08-15,870.4466552734375,919.4834993915299,868.6757675057847,919.4834993915299,2064500
2025-08-18,880.765869140625,881.1347651724611,867.8443454336009,870.4465777188822,853800
2025-08-19,873.4775390625,886.6083993006679,871.5333195499976,880.7658215863308,986700
2025-08-20,875.83056640625,877.6152272427171,857.6547387172268,875.9203258338692,978500
2025-08-21,869.798583984375,878.6721100615906,864.0457042705168,873.8365413065915,730500
2025-08-22,867.69482421875,891.1748557378958,866.6478946068214,869.7985417660863,946300
2025-08-25,876.937255859375,884.1158801952487,863.4474788097858,867.6848540461318,469300
2025-08-26,885.4618530273438,890.2276831310361,878.6521855230868,878.6521855230868,812300
2025-08-27,886.24951171875,887.9843332041957,877.3759253793113,883.2584234048512,528500
2025-08-28,891.3443603515625,894.335448809118,882.3710949788957,890.3573108971852,964200
2025-08-29,869.40966796875,882.3710506334218,862.2410238915969,878.8814476083178,954300
2025-09-02,843.8358154296875,850.3165065840716,834.2443973895067,843.3273815486508,1241600
2025-09-03,841.3931884765625,845.1419681415875,829.7677908555531,845.1419681415875,933600
2025-09-04,870.69580078125,874.0557850602596,836.5076838573264,840.6952195944851,813400
2025-09-05,902.4013671875,903.5678745474132,875.7308307148664,877.0169767345736,1155600
2025-09-08,906.2798461914062,921.6041845817678,904.0465098708057,907.296835744264,886500
2025-09-09,915.0037841796875,920.0088913086968,907.5260635784248,908.0445383466764,677800
2025-09-10,929.8595581054688,932.4518102706011,912.1822458620544,919.1215317180657,712800
2025-09-11,956.430419921875,961.0267109849344,934.6951296852133,937.2076633196842,1022100
2025-09-12,961.1563720703125,965.2142893280349,952.1631467502874,954.6357603701871,583900
2025-09-15,985.9723510742188,987.0591399332724,964.1174829139653,964.1174829139653,845600
2025-09-16,987.62744140625,999.0633396615706,972.1635053414096,990.5487303089269,776100
2025-09-17,986.9295654296875,997.0294789194495,973.369988857923,987.4380602005524,723900
2025-09-18,1043.5806884765625,1073.5913720540875,1022.7428704999414,1027.7678161275887,1824700
2025-09-19,1041.706298828125,1049.3534360881365,1026.2622021479435,1048.7752028769971,1586900
2025-09-22,1068.06787109375,1069.7827326547585,1034.4181248632585,1035.8040104981203,1020700
2025-09-23,1068.017822265625,1072.3250573398711,1057.6388340581775,1064.677798187,829500
2025-09-24,1065.4954833984375,1072.8036652961405,1054.498219589877,1063.1523668748048,868000
2025-09-25,1055.953857421875,1063.8204343222505,1042.693438871142,1055.4653227320302,710500
2025-09-26,1061.1285400390625,1065.4855539812054,1043.0523907695022,1053.4015615994758,505400
2025-09-29,1060.9688720703125,1082.375063509098,1060.0217428485807,1073.9801540773103,769700
2025-09-30,1075.39599609375,1076.6622430340258,1053.9299217142632,1060.640032494561,886300
2025-10-01,1125.5166015625,1130.850684642015,1066.6021669471852,1071.9861501810021,1188100
2025-10-02,1135.875732421875,1151.568965557884,1123.8714594102044,1151.568965557884,924900
2025-10-03,1098.27783203125,1129.0461460488352,1095.9048970877132,1124.649212125403,953600
2025-10-06,1136.3243408203125,1148.6975097774314,1118.347993199886,1118.347993199886,946000
2025-10-07,1081.517822265625,1138.6476640546402,1079.7830005885537,1137.4213371837147,878400
2025-10-08,1059.4334716796875,1074.129675793071,1055.8641501224768,1060.3507825732906,1476000
2025-10-09,1050.340576171875,1063.3318990000726,1034.1588078150348,1059.4334798069715,1247700
2025-10-10,979.8306884765625,1051.138253958284,978.0559468520746,1049.164155127589,1576000
2025-10-13,1021.9552001953125,1030.8287867629383,1011.8852269544399,1013.2311923887672,1227000
2025-10-14,1022.6630249023438,1039.363267972478,995.5837321684935,995.5837321684935,1055700
2025-10-15,1083.781005859375,1089.6435439676732,1050.8091733754318,1053.9398604928674,1313700
2025-10-16,1095.5360107421875,1113.6818980888465,1076.5824711195655,1096.8819761610957,1031100
2025-10-17,1103.3726806640625,1106.1842502520055,1080.8696570982804,1095.0873072486777,879100
2025-10-20,1149.4652099609375,1157.730622420483,1123.1535901677964,1126.703073160054,1078500
2025-10-21,1144.021484375,1152.8849685327218,1135.2076569543824,1137.4211546938777,744700
2025-10-22,1111.0098876953125,1144.0216423990325,1087.1011391386294,1144.0216423990325,1361400
2025-10-23,1155.55712890625,1159.644925296821,1103.3726417359553,1103.3726417359553,946600
2025-10-24,1179.306396484375,1187.721388872584,1157.152429887766,1162.536413606214,825500
2025-10-27,1211.5203857421875,1217.572300878847,1196.435325478472,1196.435325478472,971100
2025-10-28,1202.4573974609375,1206.0666390834779,1192.2378459329836,1203.0955108929718,665400
2025-10-29,1231.610595703125,1255.808520468106,1220.8326486882993,1222.3481529593662,1463500
2025-10-30,1210.802490234375,1280.6543057009203,1169.3260921353046,1230.5535790749452,2037700
2025-10-31,1205.1494140625,1236.6854616486514,1197.282836794162,1220.114836419882,885200
2025-11-03,1215.5184326171875,1227.422905187429,1203.8830557494448,1212.5273444287623,905500
2025-11-04,1189.944580078125,1225.827657579302,1187.890762851817,1194.640549492043,1201400
2025-11-05,1223.454833984375,1239.4472255732862,1197.9608440776956,1199.9748630732306,901100
2025-11-06,1202.8162841796875,1219.4168479163723,1188.239719320845,1219.4168479163723,1178800
2025-11-07,1189.8250732421875,1204.7306153798518,1156.673842821468,1196.3257249663397,1142100
2025-11-10,1214.33203125,1223.1856580812835,1198.1602419644141,1217.3131397193856,948100
2025-11-11,1187.3624267578125,1207.103537348813,1181.479928510608,1199.5261376762764,911800
2025-11-12,1195.4083251953125,1206.265990099636,1189.3065100606514,1204.5311686589366,824600
2025-11-13,1158.26904296875,1189.2268565961754,1145.29767986898,1183.6335358923138,1203500
2025-11-14,1130.9503173828125,1171.728843532666,1123.7218543483311,1132.1667857292168,1444600
2025-11-17,1132.228759765625,1154.3500403083196,1116.6590248924117,1138.4207872330353,1326500
2025-11-18,1121.632568359375,1138.9600294441275,1096.4653183476664,1112.993768801737,1151900
2025-11-19,1165.9449462890625,1175.862113753503,1128.0242492773193,1130.4311559518183,960000
2025-11-20,1101.019287109375,1199.930800587122,1096.1556118500562,1186.418329390421,1171900
2025-11-21,1095.6962890625,1109.3884589156307,1070.568904450004,1095.5764496600707,1438400
2025-11-24,1135.2548828125,1146.480287275816,1101.5686726462754,1103.4662314602322,1579600
2025-11-25,1144.4029541015625,1146.9895588349123,1105.9829071912457,1128.7232553797942,944200
2025-11-26,1157.5657958984375,1165.7552277264379,1143.384272313414,1156.2475625325103,1125700
2025-11-28,1173.944580078125,1174.4539280113472,1149.5063637071692,1167.3731627386144,389300
2025-12-01,1155.6783447265625,1174.2141954360964,1149.725996306096,1163.4881428251495,609100
2025-12-02,1188.31591796875,1196.345523566619,1162.189831359371,1168.9810558436857,953300
2025-12-03,1210.177490234375,1214.3819878298596,1164.7065460752747,1184.4609064724314,810400
2025-12-04,1206.51220703125,1215.4806559153408,1196.2556370174193,1200.999472849374,703200
2025-12-05,1212.8839111328125,1238.390805937889,1210.7466736608792,1222.4115697322386,681900
2025-12-08,1223.0008544921875,1240.78780154113,1217.617834293791,1230.9704795948844,819800
2025-12-09,1224.01953125,1231.999153004278,1210.057692374042,1214.152347488488,782700
2025-12-10,1237.30224609375,1252.0729695596312,1219.215762867347,1229.2726409438494,711900
2025-12-11,1244.5628662109375,1249.0669013538957,1189.4544205255377,1227.6847732249626,922300
2025-12-12,1192.3707275390625,1238.0413655004504,1183.642078943794,1228.453847532383,1143900
2025-12-15,1223.5201416015625,1253.371367526094,1213.7628007723677,1227.4350984465814,1258400
2025-12-16,1221.782470703125,1238.390895410796,1205.843220448196,1235.4047851820726,735500
2025-12-17,1170.4990234375,1231.9591985407983,1167.8724316594867,1221.4128443271811,913800
2025-12-18,1220.8037109375,1231.3999276399943,1209.428477187375,1221.4129047069855,1056500
2025-12-19,1244.053466796875,1261.9301394152023,1238.0012726872142,1238.4007779667515,2156100
2025-12-22,1264.017578125,1276.341530283643,1248.268023460588,1274.7136406697941,604500
2025-12-23,1267.103515625,1270.4391470992741,1255.908102096783,1257.3761651870652,600700
2025-12-24,1275.332763671875,1277.519984971604,1263.3583335675341,1267.7326542550977,210300
2025-12-26,1277.939453125,1285.1401796893863,1273.6051192293996,1281.3350653657153,337400
2025-12-29,1258.75439453125,1284.401001080188,1255.09911001275,1271.4378648556233,641500
2025-12-30,1242.0361328125,1265.9650007745072,1239.6192293717684,1265.146118534336,384300
2025-12-31,1213.503173828125,1249.3067496102192,1212.5144682820523,1242.0361674454007,608000
2026-01-02,1272.8160400390625,1282.323705060134,1248.927160003557,1258.0751849285602,832100
2026-01-05,1350.69482421875,1370.1096595681283,1302.3077484346893,1308.2699716744191,1319900
2026-01-06,1393.189697265625,1405.1441344413706,1363.5082944078258,1367.5330939032272,1141400
2026-01-07,1357.9254150390625,1378.2091164223805,1350.7847914218987,1367.2932470981775,904500
2026-01-08,1322.8809814453125,1352.0531571886956,1307.5009423492488,1349.5164144513851,948500
2026-01-09,1398.1832275390625,1402.637400809271,1334.2662799944196,1355.6585272640523,1102400
2026-01-12,1426.316650390625,1430.3913117226796,1384.8305195031257,1384.8305195031257,855600
2026-01-13,1439.9488525390625,1467.9525031870628,1431.340043852629,1459.104015708906,996600
2026-01-14,1432.638427734375,1432.9280904088132,1394.2882356106218,1429.0131335635974,896500
2026-01-15,1542.955078125,1569.4506796042633,1523.0210190772793,1536.0041490759709,1657600
2026-01-16,1565.785400390625,1579.2878751136532,1533.1078901003482,1572.6266087365154,1531700
2026-01-20,1484.25146484375,1553.2417770939333,1482.4137648017652,1523.4205405031146,1734000
2026-01-21,1518.0274658203125,1539.2498892733925,1478.5187451000668,1505.2940117484645,1499900
2026-01-22,1498.053466796875,1554.559999676168,1495.9362227736115,1547.129712998569,1026000
2026-01-23,1510.81689453125,1511.0065894505217,1449.935919428057,1482.3038951037843,1010200
2026-01-26,1541.027587890625,1554.6997634044421,1488.6157124385593,1510.4771977748,1259900
2026-01-27,1614.232421875,1616.0899934973397,1552.9820545692444,1559.4736194275724,1174200
2026-01-28,1625.0882568359375,1647.8587169623574,1598.892316253403,1632.3388449435236,1091500
2026-01-29,1682.523681640625,1691.152483982144,1606.1229571064848,1640.7979929729318,1506400
2026-01-30,1426.0869140625,1582.94315695312,1415.0013428346726,1538.0015531279525,2788100
2026-02-02,1408.61962890625,1438.381006604753,1398.1932352740218,1398.2132288261907,1603800
2026-02-03,1353.7808837890625,1447.4092195060962,1322.671284392437,1444.0734662223858,2055900
2026-02-04,1305.5235595703125,1375.5325647138923,1283.372411366143,1363.458288336116,1583800
2026-02-05,1329.302734375,1348.1282481032856,1283.372425947076,1291.212214517944,1301700
2026-02-06,1441.077392578125,1447.3692656475796,1369.4006330241218,1375.3728530963258,1571100
2026-02-09,1438.2911376953125,1455.1092502825315,1422.6814158786058,1438.1313111920697,1639200
2026-02-10,1428.983154296875,1442.1261106036366,1410.1776340143376,1422.2918977008012,843200
2026-02-11,1477.580078125,1500.1607228848288,1444.0935601743342,1467.0138514985422,1092800
2026-02-12,1448.9671630859375,1493.1297481771865,1432.598418262068,1476.1019476321208,1051400
2026-02-13,1462.22998046875,1492.5305736407402,1433.1477748248167,1449.1170145986966,1012200
2026-02-17,1470.18994140625,1486.949951171875,1427.6700439453125,1445.5,623100
2026-02-18,1480.300048828125,1502.8399658203125,1467.5699462890625,1478.0999755859375,651000
2026-02-19,1469.9000244140625,1474.6700439453125,1442.0799560546875,1450.0999755859375,625700
2026-02-20,1496.0,1497.6099853515625,1455.0699462890625,1455.0699462890625,684100
2026-02-23,1487.6600341796875,1517.0,1456.0,1489.8699951171875,849900
2026-02-24,1506.6500244140625,1530.0,1475.550048828125,1507.77001953125,666900
2026-02-25,1546.6800537109375,1577.3499755859375,1541.1099853515625,1544.760009765625,876200
2026-02-26,1524.31005859375,1555.0,1468.81005859375,1545.1099853515625,1184000
2026-02-27,1524.550048828125,1537.3900146484375,1490.52001953125,1497.010009765625,1106900
2026-03-02,1534.949951171875,1540.77001953125,1475.0,1475.0,759100
2026-03-03,1441.3499755859375,1487.5,1426.52001953125,1475.6300048828125,1266900
2026-03-04,1475.9100341796875,1490.0,1449.030029296875,1466.300048828125,798200
2026-03-05,1429.3599853515625,1475.56005859375,1390.0,1453.3399658203125,1077700
2026-03-06,1344.550048828125,1418.6700439453125,1332.0,1372.9200439453125,1117900
2026-03-09,1429.0999755859375,1435.0999755859375,1321.02001953125,1322.9300537109375,1119768
