Price,Close,High,Low,Open,Volume
Ticker,MAR,MAR,MAR,MAR,MAR
Date,,,,,
2018-01-02,124.8990707397461,126.98149611636839,123.45163940659977,126.89745530162058,2949200
2018-01-03,127.42041015625,127.74725458471906,124.85239157239762,125.14187502382221,1507900
2018-01-04,126.72000885009766,128.07405181432813,126.0196403255956,127.7939158037546,3187000
2018-01-05,125.50604248046875,127.42038609492732,125.31928037762684,127.42038609492732,3404400
2018-01-08,127.31768798828125,127.54181110193021,125.23526237672127,125.23526237672127,3275500
2018-01-09,128.5970001220703,129.1479532513762,127.00015368484058,127.4857464974826,3071500
2018-01-10,128.587646484375,128.67168727985822,127.47639291398744,127.84993130896756,1143500
2018-01-11,130.20315551757812,130.30587679226068,127.60712430181847,127.60712430181847,1408700
2018-01-12,130.53004455566406,130.97827652196366,129.3627634201691,130.8382084853192,1806800
2018-01-16,129.9136962890625,132.03348248786844,129.19466148185293,132.00546888494003,2531800
2018-01-17,132.60311889648438,133.20076618633811,130.5860539498398,130.93157880813948,2436100
2018-01-18,131.79067993164062,133.24744413362222,131.54787639862127,132.27625849961208,1691100
2018-01-19,134.53616333007812,134.53616333007812,132.08019922592771,132.24828087232223,3267100
2018-01-22,134.2933807373047,134.74161278017374,132.66853423851444,134.70426604703454,2153900
2018-01-23,136.15170288085938,136.74000300646097,133.57433647693517,134.04124902848199,1540300
2018-01-24,134.83494567871094,136.9827453037234,134.312006135028,136.45045839381007,3736600
2018-01-25,135.87149047851562,136.39443001769405,134.46142034615707,134.95634628495336,1197800
2018-01-26,137.4029541015625,137.4122872181164,135.3298623039616,136.0675917336749,1113300
2018-01-29,138.19671630859375,139.05583328432786,136.1236244272882,136.95472780319656,2200800
2018-01-30,137.52435302734375,139.33597503376583,137.32824359149046,138.41148354879908,1664500
2018-01-31,137.58970642089844,138.82236167220026,137.20683493383967,137.66441409513175,2329800
2018-02-01,137.7578125,138.4488336022675,136.17031348926253,136.89869555594248,1676600
2018-02-02,131.82803344726562,137.2815663689138,131.6412713538733,136.98274986929295,2672300
2018-02-05,127.31768798828125,133.1634411902119,127.26166077212844,131.50123394883573,2921200
2018-02-06,130.76348876953125,130.95025088424515,122.33105176132608,125.19790080626237,2881900
2018-02-07,130.39930725097656,133.32218372043306,129.4841628472343,130.03511611333158,1806400
2018-02-08,125.02046966552734,130.6794457135974,124.95509508952912,130.37128181753948,2964400
2018-02-09,127.27096557617188,128.3728861618235,122.42442721973589,125.63677230645247,2885100
2018-02-12,129.89505004882812,130.67011218120552,128.18614876195545,128.32621679815924,2835100
2018-02-13,131.3051300048828,131.68800166352773,128.5970432831819,129.28806464371948,1977800
2018-02-14,135.62872314453125,135.77812428773962,131.03430670078572,131.6693007442704,3561700
2018-02-15,131.94012451171875,135.35792734163405,131.52925349171304,132.71520095122665,4295600
2018-02-16,129.3347625732422,132.08021035464313,129.31608208350076,131.4452019447834,2855600
2018-02-20,131.14634704589844,131.62259252740157,128.9892142046276,128.99854732225273,2162100
2018-02-21,132.56576538085938,135.27385140724385,131.3144294092352,131.4918583883703,3809800
2018-02-22,131.60169982910156,133.5766618128035,130.87162044955645,133.08993746569453,2029400
2018-02-23,133.07119750976562,133.13672440424565,131.6484726637262,132.74360588407063,1329800
2018-02-26,132.30369567871094,134.00720941033356,132.1913658904132,133.45497246254968,1873200
2018-02-27,129.28042602539062,133.23971969565613,129.24299227754682,132.7155472501713,2210600
2018-02-28,132.17266845703125,134.16634028627647,129.63610021201947,129.63610021201947,2426500
2018-03-01,128.73753356933594,132.97762999775745,128.39121787103338,132.1726688021112,3060900
2018-03-02,130.64700317382812,130.9933189254786,126.4818021579676,127.78284279623055,2386100
2018-03-05,127.04337310791016,130.06666570199866,125.69552979251574,129.58929619649126,3635800
2018-03-06,128.80307006835938,129.60803132395588,127.29610821598355,127.83899039136155,2380300
2018-03-07,130.08535766601562,130.51592422049657,127.78280421856456,128.23208050158797,1629500
2018-03-08,130.43165588378906,131.23661676470857,129.9636557037715,130.28189239844775,1584000
2018-03-09,134.1195526123047,135.35508056306438,131.21795860938832,132.7810782812209,2496200
2018-03-12,132.73426818847656,134.4752302087539,132.26626779896372,134.05403271464004,2190400
2018-03-13,132.6781005859375,134.18506229968457,132.50962731368327,133.36137710491974,2013000
2018-03-14,132.37855529785156,133.83872820109625,131.6671999979904,133.3052010145238,1310100
2018-03-15,132.6593780517578,133.8855367098477,131.91994376711344,132.51898365664735,1310200
2018-03-16,132.03224182128906,133.33328207878145,132.02288695693144,132.92143953127552,2596300
2018-03-19,130.87161254882812,131.55488899720694,129.63608488434883,130.97455890529884,1662000
2018-03-20,131.5548858642578,132.25688630720236,131.18047705867937,131.52680698911888,1340800
2018-03-21,131.43319702148438,132.27560609546737,130.6095119577415,131.29280265027143,1231900
2018-03-22,128.4661102294922,131.93867949328686,128.37250443628375,130.18834827951272,1626600
2018-03-23,125.19945526123047,129.11194582558286,125.19010039532996,128.28826059472172,2039300
2018-03-26,130.0291748046875,130.21637202960943,126.35070006126834,126.81870026468957,1987200
2018-03-27,126.91227722167969,130.7311601587174,126.33196160611979,130.48780522237348,1798600
2018-03-28,125.33045196533203,127.76405879819082,124.07621481585497,126.9216641234037,2212000
2018-03-29,127.2773208618164,128.69069050060517,125.90139923427364,126.25708392995266,2524700
2018-04-02,123.61759948730469,127.67983844634918,122.04511113662734,126.32264050536938,3154000
2018-04-03,124.02009582519531,125.58321531908587,122.96241043765309,124.66593860936756,3643500
2018-04-04,127.11827087402344,127.43650772957974,122.07322695427413,122.49442447277387,3194600
2018-04-05,125.83592224121094,129.5518457448842,124.703355237399,128.14784485278304,2917400
2018-04-06,122.55057525634766,125.63938068645312,121.24017987738821,124.6284981302965,2625500
2018-04-09,122.3539810180664,124.74078504252485,122.21358666225325,123.458454703086,2449600
2018-04-10,121.53032684326172,124.32897406365858,120.71601080871186,123.98265837673272,3656100
2018-04-11,123.58014678955078,125.08710818921803,122.38206727354341,122.38206727354341,3893100
2018-04-12,124.49742889404297,125.14327156326641,123.42103396682727,124.02942861573439,2901500
2018-04-13,122.67221069335938,125.35852728318791,122.15740761458578,124.99348769682713,1352700
2018-04-16,124.92798614501953,125.68614425434758,123.47718253369311,123.59886716732048,1501400
2018-04-17,128.05426025390625,128.74690595014178,125.85466706192459,126.05121922126625,2928200
2018-04-18,129.45822143554688,130.2819064112858,127.94190525951255,128.11974763220468,1612200
2018-04-19,128.81240844726562,129.77648800086536,128.2227377333687,129.10256637163724,1156300
2018-04-20,128.68136596679688,129.40209046970503,127.97936547600283,128.3724840369791,1380500
2018-04-23,128.82179260253906,129.907542658576,128.06363425189036,129.07450253126294,843600
2018-04-24,128.1384735107422,130.57208072824886,126.69703890373219,129.95431691857226,1561700
2018-04-25,128.45675659179688,128.97154561265106,126.62218871593019,127.66115018863124,1123200
2018-04-26,128.94338989257812,129.91683815511286,127.50195578511725,129.31779856364165,1240900
2018-04-27,128.6251678466797,130.10405013037482,127.82020696523125,128.49412836747794,1112700
2018-04-30,127.93253326416016,130.55333735220594,127.73598116984085,129.28037618271134,1115100
2018-05-01,128.79367065429688,128.94341987531246,126.8187090871764,127.47390656110016,1046600
2018-05-02,125.57384490966797,128.9060047866724,125.43343624922413,128.3443987093687,2324300
2018-05-03,126.02311706542969,126.53792023902022,122.35399651893,124.86247120881062,2474500
2018-05-04,127.1556625366211,128.28821504469292,124.65652885144084,125.34917430257401,2832800
2018-05-07,127.89514923095703,128.4661102924352,127.1557148803077,127.83899146789997,2331100
2018-05-08,130.3942108154297,130.525250297504,127.29605183891906,127.79213089835979,3771100
2018-05-09,129.07447814941406,130.26320292077608,125.65808164260264,129.57055732914864,3999700
2018-05-10,129.7016143798828,130.09473293129736,128.6064810725126,129.28040266986216,2114800
2018-05-11,130.87161254882812,131.1430464423805,129.3365578327529,129.99176968756,1509100
2018-05-14,130.43165588378906,131.30212936315036,130.06661631466466,130.9558138002516,1845400
2018-05-15,129.97305297851562,130.2351320222684,129.01832830070947,130.104092500392,1492600
2018-05-16,131.4519500732422,132.5470692573518,129.7390669548436,130.30067312824053,1620000
2018-05-17,129.81851196289062,131.4331479444257,129.59322324624628,131.32050358610354,1894600
2018-05-18,130.0344696044922,130.92627111676748,129.28347358002856,130.92627111676748,1444600
2018-05-21,130.29727172851562,131.27355620128,129.52749712625382,130.37237273781335,1124300
2018-05-22,129.33975219726562,130.85112599480703,129.07690582587173,130.85112599480703,1099400
2018-05-23,129.16139221191406,129.39607750090616,128.38223533357393,128.38223533357393,1061300
2018-05-24,129.42425537109375,129.89362600993755,128.84224036262506,129.01120691706237,1504300
2018-05-25,129.51809692382812,130.65396551242895,128.8609810885982,129.36789492604674,1396700
2018-05-29,126.3076400756836,128.47613010607273,125.8570482792007,127.96921612553636,2011700
2018-05-30,127.9222640991211,128.55121896832608,126.35456805366023,126.74883762880127,1271700
2018-05-31,127.06796264648438,128.37281186136372,126.41084691310066,127.96916016944539,2316300
2018-06-01,129.8654327392578,130.47562301299388,127.39655353103988,128.21325365656716,1558500
2018-06-04,130.19400024414062,130.47562542768839,128.9924128301186,130.31604116595676,1277500
2018-06-05,129.7528076171875,131.27356375179045,129.39608138351866,130.01565400282124,1334000
2018-06-06,132.89761352539062,133.0384189916254,129.26467493192206,129.5181390952002,2113500
2018-06-07,130.89804077148438,133.47957839210255,130.49437471320888,132.98204683296197,1622700
2018-06-08,129.90301513671875,131.06704508686803,129.4899667063867,130.9356218884946,1609200
2018-06-11,130.616455078125,131.27357107888662,129.31160533230747,129.5838339883178,1809800
2018-06-12,131.29234313964844,131.8180359131319,130.710328186728,131.01071791840977,1354200
2018-06-13,129.87484741210938,131.8743563763695,129.32097923206163,131.42376462268385,1662700
2018-06-14,130.25033569335938,130.85112946161345,129.68708526884785,130.2033957706412,1216100
2018-06-15,130.32545471191406,130.66340214850436,128.81408066550392,130.48503901196293,2321200
2018-06-18,130.1752166748047,130.35357976202897,129.0768913905855,129.3772953951846,826500
2018-06-19,128.21328735351562,129.0957064596605,127.19944503948037,128.73898018507717,1364100
2018-06-20,127.65941619873047,129.75280498617053,127.50921417454151,128.3728543275479,1794900
2018-06-21,125.5378189086914,127.6593825500075,125.24681151606299,127.47162290723466,1684000
2018-06-22,124.4864730834961,126.08233028404916,124.36443214185915,125.74438287371581,1813800
2018-06-25,121.19147491455078,123.90443596780442,120.7784265619638,123.41628661256057,2432100
2018-06-26,121.50126647949219,122.16777903319294,121.06007129420631,121.5200453142024,1748800
2018-06-27,119.1637954711914,122.7591755410851,118.93849245441727,121.62329252708726,2284800
2018-06-28,117.58671569824219,119.49235904215139,116.61042406568238,119.2576737601522,2073600
2018-06-29,118.8446273803711,119.73643576425478,117.57732826856433,117.69936203893668,2022600
2018-07-02,118.74137115478516,119.1450301530922,117.34264878661622,117.87773097860212,1681300
2018-07-03,116.89204406738281,119.72704633221659,116.7230703750283,119.27644743192906,1345800
2018-07-05,118.74137115478516,118.9478953625739,117.39897096618519,117.39897096618519,1982600
2018-07-06,119.8397216796875,120.12133978159788,118.13120558276917,118.94791311856802,1435500
2018-07-09,122.18656158447266,122.28042711277106,120.07439382302464,121.17271934009109,2635100
2018-07-10,122.72164154052734,123.37875756109756,122.12084770399817,122.12084770399817,2269300
2018-07-11,121.89553833007812,122.62775524675197,121.3416701913202,122.10206251929921,1831300
2018-07-12,122.75921630859375,123.05960610666452,121.44496976037048,122.67471869670976,1335000
2018-07-13,122.98448181152344,123.1253015886537,122.42124567516512,122.54327229314627,843600
2018-07-16,122.77796936035156,123.38815980493331,122.28043761307809,123.20041440816031,1444100
2018-07-17,122.45877838134766,122.91876669485316,121.94246789150534,122.1583886662004,1224000
2018-07-18,124.97464752197266,125.4909438341989,122.18658441009997,122.37432982582378,2127600
2018-07-19,125.04031372070312,125.29377783262473,122.99386496444346,122.99386496444346,1964400
2018-07-20,124.8995361328125,125.90398190186649,123.97957364521938,124.76811292029919,1529500
2018-07-23,123.94198608398438,124.89950601515005,123.79178407045791,124.89950601515005,1497800
2018-07-24,122.05516052246094,124.20487202030543,120.88173377550157,123.92324673622379,3871100
2018-07-25,123.44447326660156,123.66037974142763,119.4172724808182,121.09762016267376,2718500
2018-07-26,122.94695281982422,125.47216928287871,122.75920741911825,124.07343954811589,1960200
2018-07-27,120.67517852783203,123.79179171877381,120.47803658239184,123.09713243038699,2028400
2018-07-30,118.19688415527344,120.60005885204257,117.99035998689006,120.43107802152385,2040100
2018-07-31,120.00868225097656,120.2152064792815,117.9997764771465,118.4785365371236,1614300
2018-08-01,120.03682708740234,121.2665684750612,119.19195866463059,119.95233666411205,2321700
2018-08-02,121.21967315673828,121.39803630221442,118.20630716918917,118.95730310190429,1513100
2018-08-03,120.33721923828125,121.36044355986297,119.76458661650628,121.2008592979325,1326500
2018-08-06,121.36044311523438,121.5763495483432,119.59561250040947,120.63760848815478,2014700
2018-08-07,116.80756378173828,119.06054401659173,116.36635428700126,117.63365343097297,3859000
2018-08-08,114.17908477783203,117.97159992584625,114.05705100529178,116.97653658752516,2864500
2018-08-09,113.39055633544922,115.37130094396379,113.22158262413427,114.55459347893698,3202700
2018-08-10,112.79913330078125,114.18846610926475,112.43301768503132,113.18401342509483,2314200
2018-08-13,113.08075714111328,114.01010886661544,112.55506439327797,113.25912024999735,1713000
2018-08-14,114.1603012084961,114.5264096499889,113.43746657947885,114.06642853463079,2162500
2018-08-15,113.05260467529297,113.60645855371526,112.01060135491254,113.17463845476897,2115700
2018-08-16,114.66724395751953,115.3055882875297,113.69095220797296,113.75666380832574,2475600
2018-08-17,116.26307678222656,116.29123786760191,113.98193576048872,114.62027995642434,2652800
2018-08-20,116.7793960571289,116.89204040715366,116.05656138834725,116.25369616291688,2439600
2018-08-21,117.49285125732422,117.94344301962673,116.75124485475662,116.80756703453771,2488400
2018-08-22,116.51334381103516,117.45517021693043,116.36265532258584,117.1066918599457,1582600
2018-08-23,115.07234954833984,116.62636454152191,114.92165387564975,116.45683550252814,1667200
2018-08-24,115.94824981689453,116.40032246941519,115.18537272478764,115.44908296968556,1408300
2018-08-27,117.0595932006836,117.44573825217581,116.39089738131746,116.4850785754206,1269900
2018-08-28,117.42693328857422,117.98260749807379,116.38150525438276,117.33275207169233,1698200
2018-08-29,119.56486511230469,120.32774942400397,116.93717563660735,117.07844385584279,3105300
2018-08-30,118.8678970336914,119.65903486599831,118.42523752086743,119.48008556875513,1814900
2018-08-31,119.11280059814453,119.8662574994147,118.86792369208784,118.99035855233315,2249700
2018-09-04,119.18814086914062,119.34824964210891,117.78481427623332,118.77373492916095,2069200
2018-09-05,117.73772430419922,118.84907978164539,117.59644890225262,118.38757965624883,3074400
2018-09-06,117.70945739746094,118.34047931141154,116.3720585533717,117.84131250826958,2464700
2018-09-07,119.24462127685547,119.32938218970862,117.14434559198259,117.73770072421063,2916800
2018-09-10,120.25239562988281,120.59144652482765,119.32940259170208,119.68730122422114,4017400
2018-09-11,119.94158172607422,120.75156013053855,119.30113953405039,119.51776275166691,2683300
2018-09-12,120.1488037109375,120.2806588432316,119.14104966522346,119.78149195875163,1456600
2018-09-13,122.00418853759766,122.30557989116333,120.56319525979723,120.6008763645583,1928300
2018-09-14,122.8424301147461,123.24742300455286,121.89119047210744,122.26792971508266,1693800
2018-09-17,122.22080993652344,122.91775224069829,121.83465768245756,122.71054929320586,1935400
2018-09-18,122.25846099853516,122.6917073889837,121.73104060746931,122.29614209568433,1755900
2018-09-19,123.59589385986328,123.93495199196045,122.23024823960317,122.72000206843965,1625400
2018-09-20,124.49060821533203,124.55654296230162,122.663477048164,124.05737611373105,1811400
2018-09-21,123.2850570678711,125.60195609191763,122.82357137784582,124.94268055536092,5530900
2018-09-24,122.66349029541016,123.15322973522927,120.92110549693172,122.7953454324587,1566800
2018-09-25,121.7499008178711,123.13438675356842,121.63687187929796,123.10613311170766,1362800
2018-09-26,123.36042022705078,124.35875393092248,121.81582547610897,121.98536170436621,2358600
2018-09-27,125.65850830078125,125.73385615634736,122.75768053158937,122.88953568604654,1935000
2018-09-28,124.34935760498047,125.38537255308614,124.19866190868645,125.07456806865444,2439000
2018-10-01,120.8834228515625,125.13105469497961,120.83632865785727,124.95210538157781,2299500
2018-10-02,118.64188385009766,121.0152906239155,118.62304329641965,120.70448615832125,2168900
2018-10-03,117.34214782714844,119.50835142322462,117.10669122694735,118.95267729582133,2451700
2018-10-04,115.09119415283203,117.31390524309349,114.03635308326108,117.05961525255502,2714300
2018-10-05,114.38481903076172,116.33439948721168,113.2923040895301,115.76930505653564,2303000
2018-10-08,113.5560073852539,114.61085552728169,112.54825343688184,114.38481202041245,1676800
2018-10-09,112.80255126953125,114.20587786004137,112.71779033771598,113.47125437538001,1718200
2018-10-10,109.70392608642578,112.69893388501586,109.6379985355522,112.33161503236123,2233200
2018-10-11,107.96155548095703,110.58925194654903,107.41530164093699,109.57207773040405,2606800
2018-10-12,110.65518951416016,111.03192153779511,109.00699319812725,110.39147925328541,2303400
2018-10-15,108.79037475585938,110.57042616340503,108.75270083576314,110.24078834451983,1509700
2018-10-16,111.08843231201172,111.44633097919926,109.21419959721635,109.46849677501444,1560600
2018-10-17,111.09783935546875,111.82304969481123,109.60033885450436,111.29562203377168,1067700
2018-10-18,108.58318328857422,111.06960479374843,108.4230745003816,110.65519881436396,2185100
2018-10-19,105.52224731445312,108.58318359586693,105.49399366769993,108.03692247341716,2664200
2018-10-22,105.00423431396484,106.53941610540132,104.8064516115324,106.00257528863725,1559600
2018-10-23,105.81417083740234,105.86126502105122,101.6230471729398,104.54270692008163,4007800
2018-10-24,100.89785766601562,107.16100454027273,100.73774890569192,105.51280837260323,5159500
2018-10-25,105.05130767822266,105.84243833104699,101.86793733120906,101.86793733120906,3274400
2018-10-26,106.1720962524414,107.53774169704475,102.1316600192918,102.31060215419534,3121000
2018-10-29,106.21916961669922,107.86736565182231,104.73108232902405,107.29285103044853,2868600
2018-10-30,108.56432342529297,108.65851181154054,105.90837332688079,106.28510531517603,2419800
2018-10-31,110.090087890625,111.81363193607613,109.44964564788954,109.56266740327764,2437900
2018-11-01,114.04576110839844,114.17762342180308,109.27070130575275,111.59701378137396,2471200
2018-11-02,113.89505767822266,115.81638424194772,112.9626516291794,115.12884786360134,2814100
2018-11-05,113.65960693359375,114.46015791319641,112.7460342024749,114.24354187141327,2425000
2018-11-06,107.8862075805664,110.57041114924198,105.58814906570367,108.31002654935982,6924600
2018-11-07,109.38371276855469,110.33495940318234,107.97097322993665,108.1405022619934,2503100
2018-11-08,110.10894012451172,110.39148376461026,108.5549249544888,108.88456279405342,1810500
2018-11-09,110.23136138916016,110.77762241910929,109.42139012008113,109.8640496724342,1687500
2018-11-12,108.37598419189453,110.48567371755361,108.05576660400664,109.77930378308339,1997200
2018-11-13,109.7698745727539,111.06017219816172,108.96931634945167,108.98815690218835,2381800
2018-11-14,109.53441619873047,111.13551824842226,108.87513338930738,110.52332963451703,1383000
2018-11-15,111.42748260498047,111.71945368438912,108.33829306507322,108.536075753054,1596200
2018-11-16,111.74768829345703,112.37871016937464,110.23134742498598,110.40087644088847,1369300
2018-11-19,109.72279357910156,111.94550482215872,108.67736552895323,111.55935248581278,1696700
2018-11-20,109.22184753417969,109.911812202187,106.93457965060674,107.99315330766328,2237700
2018-11-21,110.7435531616211,112.22744278682019,109.72278639486225,109.73223994203883,1317500
2018-11-23,110.82861328125,111.528024295906,109.44869113408842,110.11974872004721,445200
2018-11-26,113.32379150390625,113.90033513280534,111.79264178619927,112.46369922734014,1284600
2018-11-27,113.38998413085938,113.7964001288925,112.5393451569594,113.41833756149876,1539400
2018-11-28,115.48820495605469,115.56381168796432,112.01948923987466,113.4088647932766,1497700
2018-11-29,115.15739440917969,116.09310071638755,113.9381538469556,114.71317872475029,1180700
2018-11-30,108.72090911865234,110.31821941850691,107.16140579043875,107.36934052899291,9553400
2018-12-03,112.97411346435547,113.5033967268873,109.34473015966239,109.63772522128627,3621000
2018-12-04,107.27483367919922,112.69056193555431,106.7266433711814,112.47317363722209,3097500
2018-12-06,108.99501037597656,109.16513815244406,105.01591832681534,105.55465508380527,2921400
2018-12-07,105.14822387695312,109.87398674782742,104.6189407429166,108.55077170179425,2637000
2018-12-10,104.73234558105469,106.18788128752256,103.21064948842653,105.32779626743866,1787200
2018-12-11,103.99514770507812,106.74554545133644,103.76831308207973,106.16900174255258,2613800
2018-12-12,104.03295135498047,105.76258242609411,103.93843753266144,104.14637226832875,2615800
2018-12-13,102.8798828125,104.89306293014512,102.30333901655827,104.50554681345417,2066600
2018-12-14,101.75513458251953,103.94788837360386,101.48103945726622,102.07648301223169,2241600
2018-12-17,101.75513458251953,103.34298406242748,100.73436802177108,102.00086907196687,2353400
2018-12-18,102.30332946777344,103.3902565493732,101.62281834847818,102.74755240458802,1882400
2018-12-19,100.55480194091797,103.73051580343856,99.9593582957991,102.79481658655368,2234000
2018-12-20,98.47545623779297,100.41301483048176,97.31291531342578,100.41301483048176,4183600
2018-12-21,97.23729705810547,100.68710549618486,96.68911402948537,98.66447950560634,4319200
2018-12-24,95.45097351074219,97.34127899702412,95.10127161078366,96.89705605399696,1450100
2018-12-26,99.78921508789062,99.88372890745372,95.85737673777476,96.12201831692828,2505400
2018-12-27,100.78165435791016,100.81001500301149,97.16172411532412,98.55109286561597,1630200
2018-12-28,101.35816192626953,102.56795609003119,100.56423721040422,101.31090862324442,1282000
2018-12-31,102.60576629638672,102.60576629638672,101.49993945970861,101.70787419021742,1771200
2019-01-02,101.56610107421875,102.63412095354167,99.51512159128838,100.86669014488083,1802100
2019-01-03,96.15984344482422,101.13134917078888,95.9991692001326,100.51699841120752,3344300
2019-01-04,101.89691162109375,102.00087899633803,97.48305018460624,97.48305018460624,3045300
2019-01-07,102.08595275878906,102.90823105410435,100.13893314815533,101.51886253868874,1529000
2019-01-08,103.7399673461914,104.03296238974106,101.90636871275457,102.88932843320818,1631100
2019-01-09,103.21068572998047,104.4677407193716,102.6341419291603,103.90065046587708,2750100
2019-01-10,104.01405334472656,105.07261971123711,102.0764875031145,102.37893606653788,1682900
2019-01-11,103.41859436035156,103.44694778421672,101.44322891436424,103.27682003008378,1819700
2019-01-14,102.19937133789062,103.11617072262113,101.91582981982401,102.67194774561203,1411400
2019-01-15,104.13694763183594,104.19365449878103,101.64174453303015,102.34115566548245,1788100
2019-01-16,103.28629302978516,105.26166605879114,103.10671169689098,103.84393691095708,2817100
2019-01-17,102.52068328857422,103.86279798305632,102.24658822376749,102.83258531517575,2143900
2019-01-18,103.06890106201172,103.77776556117014,102.32222959091841,103.77776556117014,2361200
2019-01-22,101.37706756591797,102.87985670413907,100.20507317696634,102.74753592005452,2799300
2019-01-23,102.16156768798828,102.42621654212623,100.73439208205727,101.55667044327517,1660300
2019-01-24,102.30332946777344,102.97438704070542,101.50940463589102,102.13320168794962,769200
2019-01-25,103.82501983642578,103.90063378100093,101.89690751541514,103.19176927522979,1587700
2019-01-28,104.46772766113281,104.76072269311008,102.77590344850543,103.12561254640369,1355500
2019-01-29,105.02535247802734,105.23327997891829,103.94787916302379,104.41100188696072,1186700
2019-01-30,107.40713500976562,107.53945578964962,104.93083273733068,105.62079727039007,2514400
2019-01-31,108.24832153320312,108.72089781316014,106.49979073955052,107.3693293640454,2281100
2019-02-01,108.2861328125,108.88157635301535,107.75684966537524,108.49406753771103,1540800
2019-02-04,109.3069076538086,109.34471462589616,108.15382024343714,108.39010841077743,1070200
2019-02-05,110.49781799316406,110.5828782844376,109.42033716042702,109.6093720481632,1448900
2019-02-06,110.83806610107422,111.29174261959989,110.27097586112485,110.36548969929248,1555800
2019-02-07,109.18404388427734,110.42219890583507,108.46573297709672,110.03468281219475,1360000
2019-02-08,109.14622497558594,109.17457839971955,108.29558619686745,108.29558619686745,1381300
2019-02-11,109.3069076538086,110.28986729525732,109.12732633912833,109.50538884906133,1022200
2019-02-12,108.4468002319336,110.36545873104615,108.21051209734453,110.02521045130418,2374500
2019-02-13,112.3408432006836,113.0497076796324,109.57154568115253,109.63770607741672,2296100
2019-02-14,112.114013671875,112.2935877779132,110.24260818975021,111.66033721195475,1785400
2019-02-15,114.4107437133789,114.93057340131895,112.29359635332989,113.22930277131982,2012900
2019-02-19,115.33699035644531,115.68669947421374,113.56010576038975,113.69242657015222,2625600
2019-02-20,120.00603485107422,120.28957632358876,115.26136444167315,115.81900826288742,3337600
2019-02-21,120.38409423828125,121.2158259647512,118.5693956908904,120.07219213675162,2893000
2019-02-22,121.77347564697266,122.60521467376795,120.57313483913377,120.91339040265126,2085700
2019-02-25,121.4332046508789,123.02106855279254,121.37649780114707,122.57684566738057,2325100
2019-02-26,121.51828002929688,122.77532033043198,121.14021032582222,121.1591174164671,1979200
2019-02-27,119.96821594238281,121.58442597101327,119.69412083189809,120.64872694621496,2168600
2019-02-28,118.782958984375,120.42337507199568,118.53642814962411,120.1958053651831,3312900
2019-03-01,118.00541687011719,119.99667522087645,115.90038452286602,118.99156186482658,4407900
2019-03-04,117.52184295654297,119.93978837903525,116.0046922197115,119.93978837903525,2095100
2019-03-05,118.73556518554688,119.06743921712113,117.57874093179267,117.57874093179267,1797400
2019-03-06,118.64073181152344,119.32344092835002,118.35626425377949,118.69762242934803,1644400
2019-03-07,115.89089965820312,118.67865554536448,115.74866588622976,118.65020300352168,2043300
2019-03-08,114.44961547851562,115.24612031270745,113.77638329738443,114.91424631275694,2261300
2019-03-11,114.02291870117188,114.8952752618611,113.8901691042979,114.60133075939875,2193300
2019-03-12,114.44013977050781,115.29352799838757,112.93247324825288,114.25997649673685,2185300
2019-03-13,113.96602630615234,116.30811981124327,113.7953472222179,114.86682816150562,3071900
2019-03-14,113.42555236816406,114.28842479997789,112.82817191182822,113.78587169083312,2363600
2019-03-15,115.9857406616211,118.3657640229624,113.68157629024313,113.80484172319994,3601300
2019-03-18,118.489013671875,119.44671339822932,117.41753271004407,118.51745898074415,2436700
2019-03-19,119.23809814453125,120.1578683294578,118.20454673049879,118.4984912181025,2352400
2019-03-20,117.26581573486328,119.21914469390062,117.14255031729188,118.8967476439523,1927600
2019-03-21,118.58382415771484,118.69761261826922,116.61154148160836,116.98134493552269,1710600
2019-03-22,118.05282592773438,118.44159774261576,117.028751484657,117.92956052107706,3400700
2019-03-25,117.25634765625,118.00543163378246,116.75378729819461,117.58822167812725,1493700
2019-03-26,117.16150665283203,118.14765165599721,116.37449327389841,116.52620399437214,1722600
2019-03-27,115.84349822998047,117.31323530515391,115.04700059766441,117.31323530515391,1924900
2019-03-28,117.65458679199219,117.9200859876264,115.94779591390014,115.94779591390014,1496300
2019-03-29,118.6122817993164,118.96312416344568,117.45546488443875,117.58821448506914,2175100
2019-04-01,120.85008239746094,120.98283201048352,119.33293879555195,119.70274232244503,1383400
2019-04-02,121.84571075439453,121.94053810663296,119.95876364069238,120.64148006466596,1783100
2019-04-03,124.77567291259766,125.02221820002514,122.05429908503547,122.7464923418323,2218400
2019-04-04,125.35408782958984,125.6385553769977,124.33950475513372,124.73775353405654,2269000
2019-04-05,127.11780548095703,127.82896731779839,125.46791927940482,125.7049732250186,2210300
2019-04-08,127.92378234863281,127.9711960269087,126.55834943857731,126.94712134436706,1866700
2019-04-09,125.78081512451172,127.96171427226983,125.42050297337944,127.18418487060349,1689000
2019-04-10,125.8756332397461,126.28335904277749,125.44893907164109,126.1032102147596,1476700
2019-04-11,126.34972381591797,126.89021363196366,125.84717072483403,126.51091872545231,1245200
2019-04-12,127.67724609375,127.76259650816887,126.35922676818849,126.57732681005153,1163900
2019-04-15,127.41172790527344,127.98066306327478,126.20750448834521,127.53500056551887,657400
2019-04-16,128.76768493652344,128.87198923415426,127.41172906732292,127.44017437862023,979900
2019-04-17,128.89089965820312,129.84860637761335,128.6254005298919,129.21330385853878,1111300
2019-04-18,127.4496841430664,129.65902860649788,126.57732737757564,129.65902860649788,1378300
2019-04-22,128.8245391845703,129.10900668584398,126.42555548505447,126.72897687609307,1182300
2019-04-23,129.2228240966797,129.7064088562735,128.4263264448938,129.2228240966797,1036900
2019-04-24,128.4642333984375,128.99523176969828,127.6867042029829,127.6867042029829,1232500
2019-04-25,128.65386962890625,129.1469457306682,127.1651788461254,127.93323107142342,926100
2019-04-26,129.38406372070312,129.93403070894547,128.5496435218416,129.1944234240813,837500
2019-04-29,128.92884826660156,130.00033629167095,128.78662174496347,129.3839876044622,1144500
2019-04-30,129.35560607910156,129.74437805475523,128.2746405758243,129.28923849248739,1259700
2019-05-01,131.66921997070312,133.1010203307869,130.43653678596948,130.66411374070586,1632100
2019-05-02,129.8011932373047,131.85881872424852,128.6917830605811,131.37523412473845,1155500
2019-05-03,132.88294982910156,133.01569945056426,130.1710523032577,130.6546371095953,1076700
2019-05-06,130.61672973632812,131.01497864611312,129.50731895865025,130.34175351360466,1415300
2019-05-07,128.15130615234375,130.0003377663257,127.1272462476956,129.10901297096635,1547000
2019-05-08,127.79102325439453,128.36943536177293,126.68161271439767,127.45914199969694,1244700
2019-05-09,128.4547576904297,129.1185056609047,125.91353257238453,126.99449768676402,1913700
2019-05-10,124.8895034790039,125.26878399362032,121.08714904087195,124.10248266598188,4463200
2019-05-13,119.48463439941406,123.05940356810922,119.20965104269752,122.76545908493048,2392100
2019-05-14,123.14474487304688,124.18778773182264,119.76909993900253,120.11994228552804,2273400
2019-05-15,125.00324249267578,125.47735021002555,120.67937519111527,122.12065946876234,1907900
2019-05-16,125.64806365966797,126.38767078621193,124.17834082398709,125.2308608838572,1818400
2019-05-17,124.13091278076172,126.27387491631508,124.09297605277108,125.3066909132678,1653500
2019-05-20,121.23883819580078,122.87924701082746,120.88799584549011,122.08274943841667,1591800
2019-05-21,122.7275619506836,122.93617058060683,121.43800237461217,122.04485989749121,1780100
2019-05-22,121.15348815917969,122.50943657893836,121.02073857131323,122.15860148285273,1620100
2019-05-23,117.93646240234375,120.02088039261719,117.57477706419516,119.90667008506817,2227100
2019-05-24,118.97389221191406,119.67821562056336,118.38377909237053,118.62172687679437,1357100
2019-05-28,117.73656463623047,119.44979164412901,117.66993954490054,119.11666618747938,3209100
2019-05-29,118.42185974121094,118.62173502246144,116.61345500309001,117.34633829593241,1321900
2019-05-30,118.64077758789062,119.54497634654187,117.85078912876287,118.69788273765236,1116200
2019-05-31,118.82160186767578,119.51641259167532,116.55634157940742,117.49861277028673,2000000
2019-06-03,118.36475372314453,119.23087993553348,117.50814019437101,118.74547165388728,2263500
2019-06-04,122.00059509277344,122.05771476707717,119.45932146716792,120.21123742383331,1796000
2019-06-05,121.40095520019531,122.42889130972873,120.34446652010648,122.35274628052115,1422600
2019-06-06,122.40034484863281,122.79056817342763,120.8394007183234,121.46758634825659,1355300
2019-06-07,126.13136291503906,126.61677115645554,122.78105411607893,123.25694967466839,1458500
2019-06-10,126.35028076171875,128.26337582965272,126.0837803897632,126.71196606216458,1315500
2019-06-11,128.03494262695312,128.93914126582328,126.78809861172188,127.67325736213321,1387500
2019-06-12,126.30269622802734,128.89156959516333,126.28365633649757,128.368081501959,1184300
2019-06-13,127.17833709716797,127.8541152478726,125.66499255568546,126.8356916799284,1115900
2019-06-14,127.23542785644531,127.56856055223462,125.79822851724337,127.18784991977229,872500
2019-06-17,126.4454574584961,127.6447090542237,126.18846978684729,127.5780767039821,1263600
2019-06-18,128.45375061035156,129.72914737119436,127.39726176561007,128.49181586929814,1531600
2019-06-19,129.13900756835938,129.29129762767184,127.62566322728784,128.49179660105057,1222300
2019-06-20,130.57623291015625,131.74693198253385,129.8814294226844,130.3002053379297,1582700
2019-06-21,130.46202087402344,131.39477214148516,129.48166262089038,129.95755819943747,2353500
2019-06-24,130.1669464111328,131.3281327221548,129.81478834937656,130.7760921379657,1095200
2019-06-25,126.85472869873047,130.1384054010797,126.34076784609762,130.11938003396142,1729600
2019-06-26,129.11050415039062,129.691097514771,127.25451373087468,127.68281697796529,1546300
2019-06-27,131.62319946289062,132.13717484701587,129.3579462687981,129.36745895251107,1865200
2019-06-28,133.52674865722656,133.68856590236064,131.48991656439583,131.77545675974505,3030300
2019-07-01,134.42144775390625,136.0109370862509,133.99314468021467,135.5445687602401,1824200
2019-07-02,134.45004272460938,134.459569933078,132.53694731310387,134.0217395158465,986400
2019-07-03,134.91641235351562,135.24001789934658,134.2882266305387,134.95447761406777,650500
2019-07-05,135.163818359375,135.32562106705444,132.89856592868628,134.09781721552147,1274100
2019-07-08,134.4880828857422,134.90687328582518,133.26979146178041,134.90687328582518,1166400
2019-07-09,132.79393005371094,132.8795877876055,131.2044402798741,131.94683635332643,1808000
2019-07-10,134.7450714111328,134.79264934702874,132.29896134181627,132.70822453886984,1956800
2019-07-11,135.05914306640625,135.39227574041692,133.9169967205077,135.39227574041692,1290500
2019-07-12,135.67779541015625,135.86815068511478,134.81166220744183,135.37321535168132,1057900
2019-07-15,135.89675903320312,135.99194397134227,134.0883613940197,135.23050803577672,1656100
2019-07-16,137.01986694335938,137.28636731634015,135.72543033608943,136.09662832153987,1023500
2019-07-17,134.43096923828125,137.00080209424334,134.3452970086457,137.00080209424334,1229400
2019-07-18,133.06039428710938,134.05977781371658,131.9943784145781,133.89796055166642,1597400
2019-07-19,131.0902099609375,133.46968817968846,130.99503954609696,133.46968817968846,1549800
2019-07-22,129.500732421875,131.14732743747862,128.86303394211154,130.87131432836878,1998100
2019-07-23,133.90750122070312,134.08834386561773,129.54829594570003,130.69996964463047,2288100
2019-07-24,133.05091857910156,133.75524947078083,131.10927043795314,133.32694622879652,1730000
2019-07-25,133.93606567382812,134.90689681395614,132.59403652764848,132.92716927395358,1395500
2019-07-26,133.5077667236328,134.5261758397404,133.1746339668301,134.4785833711711,1235200
2019-07-29,134.42144775390625,134.76409311749535,132.73678802917408,133.19364367289984,1113900
2019-07-30,134.02169799804688,134.64037090632368,133.13653927569064,133.56484235177203,947500
2019-07-31,132.3560791015625,134.42146421835824,131.15682744370136,134.18351642347605,1551600
2019-08-01,130.27163696289062,133.71713045543694,129.91947892019454,132.28944387389635,1268700
2019-08-02,129.42457580566406,130.62384212829113,128.92012758281325,130.1669718514891,1098700
2019-08-05,124.05646514892578,128.0444727172145,123.59960942606143,127.62568225326318,3161900
2019-08-06,122.295654296875,126.0647392474907,120.21122928299499,120.47772965230395,3932500
2019-08-07,121.65795135498047,122.6954075429426,118.7549852793334,120.18267208474856,2447900
2019-08-08,124.05646514892578,124.74175599481309,122.03867239335848,122.88576600519396,1651000
2019-08-09,126.07425689697266,126.56917781778223,123.47585670841326,125.00824097736631,2304400
2019-08-12,123.74236297607422,125.3984848160313,123.58056022231906,124.87499677554081,2305300
2019-08-13,126.02667999267578,126.80714124762864,123.7423723314285,123.9137023045333,1610200
2019-08-14,120.7347183227539,125.56981234243409,120.14461239657696,124.0755076355461,2103300
2019-08-15,120.59195709228516,123.04758043563584,119.94473870554756,122.6763824025237,1945200
2019-08-16,122.60975646972656,123.02853242255445,121.19158227108984,121.77217551770681,1269600
2019-08-19,124.2754135131836,124.91311202607407,123.69482016216618,124.57997921756825,1289300
2019-08-20,124.38006591796875,125.25572659443452,123.47586719079716,123.76140745284636,979800
2019-08-21,122.61275482177734,125.76523300590617,122.27839400747496,125.69836958907798,1646600
2019-08-22,122.3930435180664,123.6444843103555,121.29445423940479,123.07131299933654,963900
2019-08-23,119.50804138183594,122.20198737972925,119.0972620461689,121.57149310193876,1736100
2019-08-26,120.58753204345703,121.18936846874027,119.76597339337191,120.77858914369772,1263400
2019-08-27,119.74687957763672,121.51418350421098,119.6609060573575,121.34222917529033,1214800
2019-08-28,119.73731231689453,120.31049821371727,119.0877152387701,119.57491304736342,1892200
2019-08-29,120.10987854003906,121.76254354569895,119.77551769172038,121.51416349186138,1701900
2019-08-30,120.42514038085938,121.9058586000703,120.16721253480719,120.65441767553031,1871600
2019-09-03,118.71514129638672,119.35519790834407,118.10374980991278,119.35519790834407,1895000
2019-09-04,120.07167053222656,120.39646906410977,119.33608538213129,119.99524477589124,2471500
2019-09-05,122.71786499023438,123.10952697759743,120.29139442041682,121.21803674192745,2941800
2019-09-06,123.64447021484375,123.9788310406962,122.32616614608143,122.7560482245196,1120200
2019-09-09,124.10303497314453,124.14124056199618,122.62231695668521,123.9883890531452,1291100
2019-09-10,125.80345153808594,125.8225616183839,122.91844163534563,124.18899230583484,1259000
2019-09-11,127.14087677001953,127.61852678229856,124.98190396213806,125.51686964361514,1613900
2019-09-12,126.58683776855469,128.36369691331782,126.47220639686861,127.53259031514219,1080100
2019-09-13,128.00067138671875,129.40496376283104,126.63458460256174,127.03580891334764,1168300
2019-09-16,124.64754486083984,126.86384794554326,124.36095193413207,126.86384794554326,1310600
2019-09-17,124.72396850585938,125.55507486022069,123.97883565504132,124.83859984391707,877400
2019-09-18,124.37052154541016,124.64755215885714,122.95668148805358,124.31320587205718,1087200
2019-09-19,123.75912475585938,125.47866776624758,123.62538333153596,124.65710913776888,1088500
2019-09-20,121.29444122314453,123.67314345227113,121.18935764089264,123.30057703823647,3007100
2019-09-23,120.22451782226562,121.13205730307702,119.79463568654964,120.60663932532508,2961700
2019-09-24,116.8045425415039,120.47289879463821,116.72812407100895,120.47289879463821,2735000
2019-09-25,117.53057861328125,117.85538446065446,115.85880331771119,117.02427068990364,2925900
2019-09-26,116.23136901855469,117.39683638290634,115.92567325809867,116.89052846293498,2709000
2019-09-27,115.37158203125,117.5019043163852,114.65510700493058,117.00515150501585,3215500
2019-09-30,118.8106689453125,119.03993891484049,115.26650666117357,116.43196659115134,2770700
2019-10-01,117.88402557373047,120.7594807148713,117.79804478078084,119.46027208643908,1840300
2019-10-02,114.95126342773438,116.83320580144056,114.25389114393917,116.83320580144056,1859100
2019-10-03,113.69981384277344,115.28561549529897,113.23171883802368,114.91304904216082,2329100
2019-10-04,115.45756530761719,115.61040952657173,114.25388519677077,114.59779379986975,1909000
2019-10-07,113.87177276611328,115.31427800550387,113.56607701554987,114.71244154643385,1707000
2019-10-08,112.41015625,113.61383636568799,111.62681049275949,112.91646411538751,1717700
2019-10-09,113.19351196289062,113.73803275315268,112.00894182568858,113.28904051956854,1454300
2019-10-10,112.90692138671875,114.48316072431658,112.41016125220051,113.26993280166565,1683300
2019-10-11,115.7632827758789,116.84276941768414,113.70938581283144,114.37810035038957,1828800
2019-10-14,114.73152923583984,115.79191282531833,114.03416431310646,115.39068857209962,1065200
2019-10-15,115.6963882446289,116.2695668100509,114.9130425046013,114.95125538074421,905700
2019-10-16,115.67728424072266,116.26001787789076,114.96080917420724,115.76326503865236,1097300
2019-10-17,115.18053436279297,116.2886859925743,114.97036717174055,115.40980434923131,967300
2019-10-18,115.63906860351562,115.97342214783325,113.6424878016864,115.01812214214823,1437500
2019-10-21,117.50191497802734,117.88403648440868,116.46064134370877,116.79499492865686,1820900
2019-10-22,116.59436798095703,117.51145510686985,116.40330360783315,117.13888868972903,1722600
2019-10-23,117.97001647949219,118.14197080239472,115.61042388291476,116.03075829186805,1446400
2019-10-24,118.7437973022461,119.07815085692643,117.36816291914892,118.39033366537784,1335500
2019-10-25,120.53976440429688,121.05562732217881,118.23748771273279,118.23748771273279,1364600
2019-10-28,120.94100189208984,121.09385342001357,119.54626449741482,120.39648107849506,1017100
2019-10-29,120.87410736083984,121.48549877537842,119.92836240528185,121.10337731920167,1229000
2019-10-30,120.78813171386719,121.28488449622007,119.13545954281466,120.72126100685122,931700
2019-10-31,120.89323425292969,121.17026487661045,119.15458830950244,120.32960338681276,1500000
2019-11-01,122.35482788085938,123.3483334844108,121.26578644495505,122.50767938193543,1633400
2019-11-04,124.34185791015625,124.72397209917166,121.77209844537008,123.09996493077325,2225900
2019-11-05,127.71404266357422,128.3158862495749,122.03955907190863,122.28793179187242,3577800
2019-11-06,126.65367889404297,127.79048825454556,125.8512303725311,127.45612741555485,1678200
2019-11-07,127.11221313476562,128.143938863413,126.1378030727007,126.62501539209362,1651900
2019-11-08,127.2459716796875,127.43702878625739,126.08050437987144,126.90206305717254,1020300
2019-11-11,125.86078643798828,126.51038350019626,124.9819121073244,126.3384364813962,1282700
2019-11-12,126.60590362548828,128.23947298494585,126.10914356051863,126.25244730178794,1365100
2019-11-13,127.67585754394531,127.8669292328206,125.64107816327785,126.31933309792592,1274800
2019-11-14,128.5355987548828,128.74576588969146,126.99756540108453,127.45610525124927,1238200
2019-11-15,129.46226501464844,129.88259936294068,128.17260413481736,128.8795314093745,1371200
2019-11-18,129.61509704589844,130.2169407106476,128.99415787638225,129.12789929335747,1568700
2019-11-19,129.4145050048828,130.23606366945552,129.1852277345174,130.03544423579547,992700
2019-11-20,127.22871398925781,129.0214731022833,125.83859132302156,128.33120993638457,1408600
2019-11-21,127.48751831054688,128.00522286364097,125.9248522050038,127.6600913710965,997300
2019-11-22,130.6224822998047,130.88133461760577,127.35332161726413,128.0915224939636,1304500
2019-11-25,132.281005859375,132.7891140910064,130.9580139678418,131.3414869103185,1422500
2019-11-26,134.29428100585938,134.50519552162567,131.6674458913056,132.4439881409198,1757600
2019-11-27,135.50221252441406,135.89528175321266,134.31343776412044,134.39012064083656,1361700
2019-11-29,134.56271362304688,135.8953018888785,134.27510159280905,134.95578291008673,751600
2019-12-02,134.6298370361328,134.994146643156,134.10256529361982,134.86951132947797,1402100
2019-12-03,132.83705139160156,133.39309739619574,132.07009088083183,133.1630048543983,1121000
2019-12-04,133.5081329345703,134.05459722163977,132.66448956002318,132.74118707199193,1149800
2019-12-05,134.50518798828125,134.69692445681486,133.74780918902445,134.18881623235112,991600
2019-12-06,136.41297912597656,136.82522641088988,135.17626652834488,135.47346023475345,1349100
2019-12-09,135.51177978515625,136.67179456069425,135.48302005541896,136.34584120463813,825100
2019-12-10,134.76405334472656,136.03910756706276,134.40932548353211,135.26256528558122,1166100
2019-12-11,136.85398864746094,137.33333711908077,134.9845325338545,135.4447029706143,1428800
2019-12-12,139.10694885253906,139.57670104829583,136.45135390807266,136.74854765523867,1472600
2019-12-13,140.12315368652344,140.40116937332368,138.34955842743184,139.05899945677947,1615400
2019-12-16,141.791259765625,142.79789439449925,140.98595791394686,141.5036624104208,1303600
2019-12-17,142.75955200195312,143.1430248920297,141.58994067010053,141.75291737981073,1251700
2019-12-18,143.3731231689453,143.5360998852096,142.25144956038255,142.7691394456601,1201600
2019-12-19,143.8428955078125,144.21678676323484,142.9992520713924,142.9992520713924,1889800
2019-12-20,144.57150268554688,145.29052539655402,142.3856748143695,145.03167312459618,2853600
2019-12-23,144.99334716796875,145.61649439930287,144.39894504930592,144.76325460959384,863600
2019-12-24,145.24261474609375,146.0670948604878,144.43731267023648,144.9262429387447,668300
2019-12-26,146.8052520751953,146.83401181016688,145.29050930962978,145.49182745443082,691100
2019-12-27,146.4217987060547,147.05454228008736,146.23006221868135,147.0449605757134,629800
2019-12-30,145.5972900390625,146.9107147080609,144.99332095392646,146.68062219128555,820300
2019-12-31,145.1754913330078,146.1533664474399,144.5811038264689,145.4247619352775,1186100
2020-01-02,145.2329864501953,146.29714050496676,144.7919794766687,145.24256815211126,1905600
2020-01-03,143.1046905517578,143.82371322772633,142.5965823643577,143.02799304422805,2116900
2020-01-06,141.25439453125,141.87755627924787,140.1710770062381,141.7912624425043,2178200
2020-01-07,138.95352172851562,141.139349343967,138.7042511889211,140.6791789587543,2073200
2020-01-08,140.66957092285156,141.52281045061602,138.7425957094199,139.13566489026292,1412800
2020-01-09,140.40118408203125,141.49409816530022,140.1615098126428,141.36947749263666,1197900
2020-01-10,139.3849334716797,140.51620335369776,139.0589800557883,140.1614755742368,848200
2020-01-13,140.73672485351562,140.90928329466323,139.5287572512603,139.73967176503325,987500
2020-01-14,141.07225036621094,141.53243543485218,140.0752119745973,140.36282398535946,944700
2020-01-15,141.21607971191406,142.03096343490438,140.59291784645018,140.70797144094473,799900
2020-01-16,142.86500549316406,142.88416889717803,141.40778221770552,141.86795259943617,804500
2020-01-17,144.0537872314453,144.40851502275993,141.9542533623024,143.02798918161423,1058900
2020-01-21,138.40707397460938,142.30897758237143,137.49631479792393,141.96384609526854,2757200
2020-01-22,138.1674041748047,141.11061092720595,137.81269097308981,139.01106219894277,1297100
2020-01-23,138.97271728515625,139.06857820369717,135.41594513909803,136.54720052634144,1863100
2020-01-24,135.19546508789062,139.0302533730103,134.064194936931,138.98231559373505,2073400
2020-01-27,132.3001708984375,133.86285151120114,127.85181791134232,132.04131864198902,2641200
2020-01-28,135.41598510742188,135.93367518029316,132.6070092168134,132.98090055515345,1958500
2020-01-29,136.71978759765625,137.32377142343964,134.58189726101818,135.65563328147206,1290700
2020-01-30,137.39083862304688,137.6113347951537,133.09588097515075,134.73524434165537,1848600
2020-01-31,134.2751007080078,136.3746494977869,133.2109464431289,136.27877394548756,2070200
2020-02-03,135.63641357421875,138.49334045295373,135.05160796519465,135.8473280318046,1527600
2020-02-04,141.31192016601562,142.1172366965705,137.74556645309312,138.502945211934,1812900
2020-02-05,141.60914611816406,143.9675326429606,141.22565852529266,143.5361219009667,1872300
2020-02-06,140.18064880371094,142.72118950015334,139.75881986651618,142.16514359462866,1065900
2020-02-07,138.11947631835938,139.39453038605566,136.88274906346413,138.92477824381635,1717600
2020-02-10,139.71090698242188,139.82596056759,136.56638205418702,137.10325002312152,1169800
2020-02-11,141.11061096191406,142.79791238205024,139.22197673922088,139.84512392539568,1461300
2020-02-12,144.5523223876953,144.7344771455343,141.9254875249914,141.9254875249914,1583400
2020-02-13,140.66004943847656,143.35398613575913,140.6025299490561,143.27728860701257,1933900
2020-02-14,138.91517639160156,141.27357722649404,137.95647948171182,140.9092677195987,2441200
2020-02-18,138.95352172851562,139.8355210620703,138.27284053849962,138.27284053849962,2352800
2020-02-19,141.53245544433594,141.80088945804988,138.5892483695026,138.5892483695026,2018000
2020-02-20,140.7750244140625,142.75953366815997,140.2285748844531,141.43652749876165,1279600
2020-02-21,137.32376098632812,139.50958893529608,136.65266139599433,139.37537194294035,1858100
2020-02-24,129.2611083984375,131.7057884875369,128.6763026879357,131.1689205490869,3197500
2020-02-25,118.95513916015625,130.43074473674812,118.37992235703163,130.3732252507192,5128400
2020-02-26,115.22578430175781,122.3968331142384,114.89982354794851,121.07383400757912,4961200
2020-02-27,115.15840911865234,122.51222205636381,110.17244625153961,112.61730136759002,6958600
2020-02-28,119.35508728027344,119.67272758146845,111.65475906864289,111.89539432525635,6646600
2020-03-02,118.35404205322266,119.0470727574188,112.27078314604171,118.45992215211957,6375500
2020-03-03,109.99918365478516,119.10482057972641,109.6141657883401,118.16153451772128,6796500
2020-03-04,113.8974838256836,114.09961656427073,107.11156650857703,111.16386343420781,7343700
2020-03-05,106.0912857055664,110.69223118324972,104.72447904820392,109.52755728420652,6977200
2020-03-06,106.51477813720703,109.36389828301537,99.99837221632026,100.72027788195561,6790100
2020-03-09,100.28713989257812,104.8399542903489,97.94816518450841,98.17917294699801,6687400
2020-03-10,105.86026763916016,105.9083902853737,98.94922262410978,104.75334396577304,5395500
2020-03-11,96.36000061035156,102.51063832219472,95.83060001021214,102.2218730232811,8901300
2020-03-12,90.19972229003906,94.14613918651072,85.43514695730953,86.62869582130462,9065700
2020-03-13,92.02854919433594,97.00488459636603,88.16875757727027,94.55040935659824,8552800
2020-03-16,83.18280029296875,87.65861788709802,75.19371355055432,81.50798083128373,9327200
2020-03-17,72.42160034179688,86.2533205088786,65.20254109159683,84.24160551248065,12101600
2020-03-18,61.419742584228516,64.64425714005993,44.81591032006854,64.63462967384233,25881800
2020-03-19,64.29774475097656,69.97673104225773,50.6777874939095,58.888261433744745,17497700
2020-03-20,71.78631591796875,80.85345118077613,66.9158530317606,70.94890252989838,18154700
2020-03-23,67.50300598144531,77.67706530794585,64.75976526306171,72.20983146235768,12931800
2020-03-24,76.17548370361328,78.31232560548209,72.19056509770812,73.20123594651764,9113100
2020-03-25,82.056640625,89.20832232453606,76.26214559738936,80.38182092534481,8717900
2020-03-26,79.7080307006836,92.40395088589794,77.57118816147022,84.31860371466063,10444300
2020-03-27,75.89636993408203,79.68878450124653,73.39376435591315,75.75198728957864,5749800
2020-03-30,73.30712127685547,75.49208597236156,70.11147831659079,73.83651438597056,6097800
2020-03-31,72.00768280029297,76.27173930598195,71.72854505642749,72.1713203353895,5173600
2020-04-01,66.55970001220703,68.73504434908534,65.11588876397522,67.37785825081764,7651300
2020-04-02,60.64009094238281,67.94577456431995,59.244405575221336,66.69447550659312,8062700
2020-04-03,56.8669319152832,62.286035851821374,54.86484459564339,61.94914792390267,10622200
2020-04-06,67.9457778930664,68.24417065041868,61.39087485335388,62.132035669157176,12186100
2020-04-07,71.05479431152344,78.90913438453094,69.95749788126605,75.37660243924269,11850400
2020-04-08,79.43850708007812,80.79569340689423,72.1520720473863,72.42158235079815,9143600
2020-04-09,78.26420593261719,85.6950235870116,76.68563928872672,82.8170280689388,10337400
2020-04-13,75.1648178100586,78.51446348260406,72.8739730369644,78.50483601708054,4157800
2020-04-14,79.58289337158203,80.17967145925986,75.90598689757901,77.96582413285998,6093100
2020-04-15,77.70594024658203,78.91873665173425,74.62580455775735,75.09744760420543,4822700
2020-04-16,77.37867736816406,77.95620055143188,73.39375785692879,77.08991210472732,5398800
2020-04-17,81.10372161865234,82.42239833104601,79.207514325256,82.1047653238222,5299500
2020-04-20,76.78189086914062,80.13153671621167,76.31987531040284,78.55297009391523,4155000
2020-04-21,76.90703582763672,77.0514184622382,74.22154526103013,74.72206340489532,4747000
2020-04-22,77.02252197265625,79.38075165686712,75.80009822297646,78.37970820862637,3709700
2020-04-23,78.06208038330078,80.37218045183515,76.96478413587795,77.43642721046356,4540300
2020-04-24,77.68668365478516,79.10162010752119,75.46321628254573,78.2064566788681,3545000
2020-04-27,82.07587432861328,83.02879528135706,78.47597276017584,79.29413120614721,5419500
2020-04-28,84.14533996582031,85.41589390544759,81.3539693480254,84.13571984235753,4210900
2020-04-29,92.3943099975586,93.79961899858976,86.98483419176556,87.56235733219403,7369500
2020-04-30,87.53347778320312,90.38259816084914,85.9260287891151,90.09383293365602,5366100
2020-05-01,81.57536315917969,85.16564491052857,81.07484498809183,83.82770594448445,4234300
2020-05-04,79.48663330078125,82.3935037344743,77.39792120470742,78.72622507012667,4087100
2020-05-05,80.52618408203125,83.80844509361854,79.95828106985087,81.93149306947385,3457800
2020-05-06,78.07170104980469,81.74860737381475,77.8406932661552,81.16145677668496,3013100
2020-05-07,82.75929260253906,83.69295136401226,79.93904669518628,80.22780463853873,4032800
2020-05-08,83.90469360351562,85.18487484099228,82.44163457754567,84.7806094008222,4267900
2020-05-11,79.22676086425781,81.57536365453107,78.45673233916938,81.14222306814422,6832700
2020-05-12,76.35839080810547,80.73794861242536,76.3006333457436,79.8524125213425,3605500
2020-05-13,72.44084167480469,76.34875599840258,71.77668599855768,76.09849326851733,4880600
2020-05-14,76.2813720703125,76.31024712451061,68.84092712173185,70.26549099221214,5425400
2020-05-15,76.77227783203125,76.91666046131371,74.46217779432854,75.53059896997097,6526900
2020-05-18,90.11309051513672,90.38260081851928,81.69085681640685,81.87373461164215,11003400
2020-05-19,87.27361297607422,91.28740820776,85.8201809826154,88.81367750031262,7090300
2020-05-20,89.20829772949219,89.49706295902222,86.88857045812085,88.90028491167574,4265700
2020-05-21,87.9281234741211,89.62219777881887,86.88857737735619,88.52490156899106,3009000
2020-05-22,87.63936614990234,88.79441248049918,86.166672164524,88.72703490027445,2259400
2020-05-26,91.36441040039062,94.26166151486215,91.00827485061225,94.22315898501458,6258400
2020-05-27,94.29052734375,95.27232339971245,91.22001881742109,94.9450555998563,5392000
2020-05-28,88.207275390625,94.25203297975263,88.10139527064419,93.95364755631941,5197500
2020-05-29,85.18488311767578,88.31314153725145,84.79986522808385,87.79336848784314,5873100
2020-06-01,91.47027587890625,92.05742651377834,85.95491971016412,86.36881266026074,5074500
2020-06-02,92.02854919433594,93.70336854358523,90.48848500286502,93.58786831897824,5470700
2020-06-03,96.15784454345703,96.7931177661171,92.60606600786008,93.65523948570839,6136300
2020-06-04,100.89354705810547,101.1149347187033,94.40602279155713,96.38885489633364,6777800
2020-06-05,103.91593170166016,113.97449016016903,102.77050549311393,110.0954435292483,10069800
2020-06-08,108.90190124511719,110.17245522412387,106.37042075447067,109.20991410840347,6056200
2020-06-09,103.2999038696289,106.36078466318236,102.3277353653668,105.68700887425139,4008700
2020-06-10,98.77595520019531,102.65499406422349,96.30222524574033,102.05821602990967,5642000
2020-06-11,88.01476287841797,92.88521862419927,87.21585198167186,91.48953692946458,7614100
2020-06-12,88.80404663085938,94.09802284114089,86.69607920808426,93.95364020304838,7108300
2020-06-15,87.38909149169922,88.87140539793582,83.53892779038996,84.70360142880348,9049500
2020-06-16,90.46923065185547,92.78895809237746,87.30246973647522,92.73120063609697,6191300
2020-06-17,87.71636962890625,90.47886528722499,87.3987366404214,90.01684231840147,4423100
2020-06-18,89.27568817138672,90.65212225580571,86.7923303390326,87.1099706685768,3746900
2020-06-19,86.32068634033203,90.60399130774381,85.3388976472599,90.39223843388552,4880600
2020-06-22,86.80196380615234,87.59124727909887,84.9731340975378,86.14743551076208,4588800
2020-06-23,87.2254638671875,88.06286979699178,85.50251467884782,87.59122678589243,5829200
2020-06-24,81.81599426269531,86.16667684406617,80.73794557694757,85.98379902701332,6403900
2020-06-25,80.89195251464844,81.39247064054642,79.04387542018662,80.45880462639278,5210900
2020-06-26,77.90807342529297,80.80531664218147,77.38830038714553,80.42030610453621,10150200
2020-06-29,83.35604858398438,83.36567605013057,77.2535422089823,78.47596603976996,5133000
2020-06-30,82.51864624023438,83.66406507932237,80.85344701691398,82.21063340248558,4343100
2020-07-01,83.37531280517578,87.10996963303776,83.096175004677,83.42343545405816,5708200
2020-07-02,84.51109313964844,86.85006779775892,83.02877928675991,86.33991495706795,3877400
2020-07-06,86.4650650024414,86.95595565462453,83.856579616499,86.30143478504704,3138200
2020-07-07,84.15496826171875,85.64690989698057,83.8180803470613,85.31001463871736,2993900
2020-07-08,86.61906433105469,86.65756685308618,83.25017076115331,84.02020651457285,3407600
2020-07-09,83.0191650390625,86.89820427112822,82.77852977807972,86.84045415844606,5263500
2020-07-10,85.19451904296875,85.29077168902185,82.2972681320517,82.64378353272778,3246400
2020-07-13,84.22233581542969,87.14846127813549,84.03945067913405,85.73352486145949,3955100
2020-07-14,83.85655975341797,84.44371024720712,82.77851138011907,83.74105221012046,3063500
2020-07-15,90.50772857666016,91.20075926797406,86.78269962625538,86.85007720215508,6761400
2020-07-16,89.62220001220703,89.93021286222728,87.36022995640782,88.67890652824187,2483900
2020-07-17,88.05325317382812,89.61256488086322,86.72494190504419,89.54518730517165,2329700
2020-07-20,85.16564178466797,88.19764044689289,84.28972583790541,87.24472679143952,3052400
2020-07-21,86.5901870727539,88.07250108703607,85.18487810057589,86.31104930283016,2442400
2020-07-22,87.40835571289062,87.55273834788673,85.48327349589152,85.73353624031105,1741100
2020-07-23,85.63727569580078,86.82119703758681,84.62660468769596,86.54206660425253,2564100
2020-07-24,84.22233581542969,85.56026719118069,83.32717240959006,85.56026719118069,2369500
2020-07-27,83.03841400146484,83.87582736722618,82.00849536117711,82.88441125056482,2675800
2020-07-28,83.30792236328125,84.58809624876638,82.74001938272067,83.07690724732203,2105000
2020-07-29,83.87582397460938,84.87686751758841,82.77852779826038,83.81807386330844,1653700
2020-07-30,82.306884765625,82.88440790952995,81.37321880023613,82.25875477713075,2794700
2020-07-31,80.6898193359375,81.4406001925401,78.98611753647263,81.36359514478457,3922500
2020-08-03,80.39143371582031,81.03634186825525,78.25459852881787,80.14117830390856,3360500
2020-08-04,82.8747787475586,83.03840895532296,79.52514017527761,80.295168570195,2981200
2020-08-05,84.00096130371094,84.63624197534783,82.66302971859133,84.43410921899229,2198700
2020-08-06,87.00409698486328,87.80300792959514,82.73041178037617,83.2213098401472,3763800
2020-08-07,90.2671127319336,90.52700296884535,85.3004039492051,86.8500958716278,4949800
2020-08-10,93.4916000366211,94.4541409887504,89.80507377110544,90.7194847381864,5863800
2020-08-11,93.37611389160156,97.81342893699289,93.24135872548777,97.3899085042891,5372200
2020-08-12,92.43281555175781,95.91721678496715,91.81678986927739,95.49369637440984,3830200
2020-08-13,92.88520812988281,94.81029016366276,91.96116963490105,92.33656004399973,2158500
2020-08-14,92.41357421875,94.01138864598492,92.36544422570795,93.60712314141287,3407000
2020-08-17,92.13441467285156,93.84773627290852,91.59539412728871,93.57822600012709,2096000
2020-08-18,90.90238189697266,92.24993353337389,89.93021335047835,91.94192068168137,1718100
2020-08-19,90.4788589477539,92.24993095967295,90.16121863791884,91.354774830583,1536900
2020-08-20,90.49809265136719,92.04778409581056,88.62114082417396,88.99653118961261,2240200
2020-08-21,91.7012939453125,93.39536845907071,89.99759930726024,90.29598471971532,2069200
2020-08-24,94.22312927246094,94.87765738625583,91.4413866247337,92.41355500190062,2791700
2020-08-25,95.07018280029297,96.61987458460925,93.86700640524033,95.12794026090752,2302700
2020-08-26,93.73224639892578,94.8776726178539,92.72158268540586,94.65628494140351,2158300
2020-08-27,97.97705841064453,99.44974510304162,95.2915678889063,95.53220316135304,3856900
2020-08-28,102.27962493896484,102.61651287367825,98.13106757730327,99.10323619771009,3661000
2020-08-31,99.05510711669922,101.99085303562464,98.98772219052421,101.30744974282024,2881400
2020-09-01,99.22834777832031,100.66253915012608,96.98563283820128,97.67866353047695,1917500
2020-09-02,100.4796371459961,100.91277758416592,98.56418294116833,99.41121623199982,2101300
2020-09-03,99.22834777832031,103.85817496392667,98.3813143453195,101.05717713991334,2956200
2020-09-04,100.89354705810547,103.03038924740308,99.34385546473577,100.96092463418219,2855800
2020-09-08,100.08503723144531,103.13629107371929,98.53534531158118,99.14174362402979,2745900
2020-09-09,98.1888198852539,100.04652450612348,97.05302109098746,99.92138946293788,2630100
2020-09-10,96.61988067626953,101.43258655991009,96.35999778973975,99.08399108234583,2263100
2020-09-11,95.54182434082031,97.32252377101656,93.7418699776763,97.15889355898672,2637800
2020-09-14,100.75880432128906,100.98019200916592,96.78351215572316,97.10114514287736,2729300
2020-09-15,101.44219970703125,102.37586569162652,99.35348741086567,101.04756169896011,1922000
2020-09-16,103.72341918945312,104.8110878649885,100.52778339483088,102.13522508645363,3004200
2020-09-17,100.49891662597656,103.11702216728797,99.8155060040237,101.80796572482947,2763100
2020-09-18,96.13860321044922,100.04652510205713,95.84984528425146,99.49787696431494,5327700
2020-09-21,89.53556060791016,92.78895388851127,87.97624888748481,92.36543349846733,4863200
2020-09-22,91.92267608642578,91.95155114477441,89.51632330929421,90.0072213320387,3605400
2020-09-23,89.45855712890625,94.19425678146641,89.15054432248618,92.74081790885711,2788300
2020-09-24,87.9281234741211,90.07459324742612,87.09071746028722,88.81365947791102,4025900
2020-09-25,89.5066909790039,89.93021139472273,86.88857812475204,86.9463355819172,2318000
2020-09-28,92.4039306640625,93.7418619893142,90.42109866851631,91.4895197043079,2965400
2020-09-29,89.72808837890625,92.586836807645,89.33344297719331,92.586836807645,2216600
2020-09-30,89.11205291748047,92.42318916354847,88.69815996877128,90.87350481619204,2921800
2020-10-01,90.81575012207031,91.39327330575483,89.04467804629033,89.72808133707102,2182100
2020-10-02,91.68203735351562,92.03818019480735,88.01475820932879,88.26501360132293,2199000
2020-10-05,93.15472412109375,93.5974921346347,91.5665298776411,92.1921830454989,2153100
2020-10-06,93.28946685791016,96.58135513549543,92.90444901023596,94.45414052301122,3023200
2020-10-07,95.30117797851562,96.19634132253498,94.33863706424125,94.5600173621059,1845500
2020-10-08,96.55248260498047,96.67761763131705,94.53114803137902,96.07121211871322,1799200
2020-10-09,95.61883544921875,98.2658236430874,95.54183773744697,97.49579512012573,1673600
2020-10-12,96.93750762939453,97.32252551559402,95.13755323398503,95.7343313247745,2318400
2020-10-13,94.56002807617188,95.801706877506,93.27985409627695,95.52256909950637,2738900
2020-10-14,93.43386840820312,95.48407839801834,92.94297036932119,94.84880506264712,2448000
2020-10-15,93.43386840820312,93.64562863452892,91.22002084302318,92.68308749203435,1884100
2020-10-16,94.0980224609375,95.28194393257925,93.17398386192738,93.68412948333449,1707000
2020-10-19,90.42108917236328,94.82952065367526,90.13232398192278,94.82952065367526,2073200
2020-10-20,92.49057006835938,93.45311116101512,90.67136799072848,91.7301690675344,1783000
2020-10-21,91.58576965332031,92.42317555058219,90.77723146496591,91.95153255781136,1512200
2020-10-22,97.04338836669922,97.41877878870864,92.0574254339836,92.50019343574841,3033000
2020-10-23,97.94817352294922,98.43906414207915,96.42735699124809,97.90004353584786,2032600
2020-10-26,92.42317962646484,95.78245285984235,90.88311556121118,95.77282539404568,2912900
2020-10-27,89.9590835571289,93.24135198613403,89.85320345660583,92.85633410637784,2512000
2020-10-28,86.59979248046875,89.05426698760024,85.58912175520081,88.13985621224593,4302400
2020-10-29,89.83395385742188,90.25746690643388,85.67577700501572,86.61906307852912,2728900
2020-10-30,89.40080261230469,90.50772619606013,87.15808773428752,88.60189918868032,2732200
2020-11-02,89.4200439453125,89.89168689247839,88.16873793769267,89.51629655891317,2320100
2020-11-03,92.49057006835938,93.5493711451653,90.37298260195905,90.72912544993974,2658400
2020-11-04,94.3675308227539,96.79313117635552,91.5665326820558,93.7707526939095,3274500
2020-11-05,97.13002014160156,99.03584729368566,94.45414987432727,95.03168037481856,3572800
2020-11-06,99.99836730957031,100.7299004043949,97.69789528878093,98.1791657089227,4168000
2020-11-09,113.86860656738281,126.95915573787302,109.34465932892277,118.44067645108711,14217300
2020-11-10,114.0418701171875,115.31242404600845,111.5777599646214,112.80981136910162,4883900
2020-11-11,112.0301513671875,113.77234830444027,110.75959748462643,113.13707503496242,3846800
2020-11-12,111.01947784423828,111.95314380964423,107.67946666978519,110.30719954486264,3113900
2020-11-13,115.50492858886719,115.63005628447378,111.31787639624187,111.95314968480574,2804700
2020-11-16,119.12407684326172,120.99140139943962,117.09311473508262,120.99140139943962,4596300
2020-11-17,118.18077850341797,119.02781925249417,115.85143113066798,118.99893685491722,2924400
2020-11-18,115.83218383789062,119.56684772815653,115.71668361438485,117.68026819364104,2370100
2020-11-19,116.5733413696289,117.15086450225613,115.05252482361335,115.84180815171173,2034800
2020-11-20,114.81188201904297,117.34336938830161,114.74450444706297,116.13056574905691,5292100
2020-11-23,118.47917938232422,118.79681970486266,116.05357906386185,116.41934203479337,2183300
2020-11-24,126.00627136230469,126.42979183805852,120.66416479261532,121.55932839770904,5305200
2020-11-25,124.37956237792969,125.37097853803279,122.97425325021399,125.00520821935767,2086600
2020-11-27,123.54215240478516,125.84262497823526,122.43522136020769,123.20525715486785,1365800
2020-11-30,122.11758422851562,123.50363833064816,120.20212227402916,123.12824791302837,2094500
2020-12-01,123.70577239990234,124.81268866577938,122.88760668184717,124.64905845961033,1891300
2020-12-02,123.89826202392578,125.7463387327938,122.89721863738792,123.31111150544103,1955100
2020-12-03,127.36343383789062,129.62539640518864,124.2640506023224,125.09183646065199,2694000
2020-12-04,130.5302276611328,130.7516080500543,127.79661386515035,128.63402010509907,1923200
2020-12-07,127.97943878173828,130.222146053326,127.20940315886128,129.82751546431834,1766100
2020-12-08,127.5848159790039,129.14412774176972,126.1410044394917,126.57414496390327,1552800
2020-12-09,125.58271789550781,129.3077466416686,124.47580168693467,128.91310133046247,2786900
2020-12-10,126.83403015136719,127.45005579644256,124.05228728243483,124.99557333862933,1791300
2020-12-11,123.69615173339844,126.87254030751201,122.85874567454738,125.76562391507184,2171900
2020-12-14,121.876953125,126.50676598565846,121.69406797144926,126.3720108231281,1889000
2020-12-15,125.47683715820312,125.60197217994337,122.08868894691287,124.50467609904716,1811500
2020-12-16,125.55386352539062,126.01587914130785,123.91754659164127,125.70787362643358,1752500
2020-12-17,125.40947723388672,127.44043960354658,123.85016530482888,125.88112767448874,1818200
2020-12-18,123.99456787109375,126.00627550992878,123.4651672589757,125.4576199608573,3376400
2020-12-21,122.55072021484375,123.34962366623711,119.14332418280686,121.07803365515092,2186900
2020-12-22,121.53042602539062,122.5122145924665,119.77860173792216,121.79993632444656,1497400
2020-12-23,123.79239654541016,124.2447919828877,121.99244226154977,122.30045508269971,1624400
2020-12-24,123.92716979980469,124.14855014605682,122.72399339398133,123.80203475369122,592100
2020-12-28,123.5132827758789,125.67900028198503,123.32076280334445,125.37098007569938,1330200
2020-12-29,124.16779327392578,126.41051564358678,123.59026277916283,124.6394436675559,1685100
2020-12-30,125.58271789550781,126.42975862449475,123.68651106452245,124.3699215958113,1284400
2020-12-31,126.97842407226562,127.55595462499186,124.00417550631327,125.4094773308886,1537300
2021-01-04,120.09623718261719,127.16129193210303,118.73905819305695,126.58376145797013,3992000
2021-01-05,121.3667984008789,122.5410996658668,118.95082563423581,119.28771353559985,1428900
2021-01-06,124.5431900024414,125.83299152728661,120.16362514225256,120.16362514225256,2280000
2021-01-07,125.46723175048828,126.2757627076099,124.30255061754028,124.41805084364027,1909800
2021-01-08,124.83195495605469,127.23830765491545,124.14854432720526,126.28538669877051,1485400
2021-01-11,123.8405532836914,124.40844906202213,122.31010896978495,122.96463727406828,1692300
2021-01-12,122.61810302734375,123.78278415314334,121.3764241991519,123.09937354942096,2927900
2021-01-13,121.77106475830078,122.55072062341864,119.73047518132942,122.05982265401606,2715000
2021-01-14,124.10040283203125,125.73673426534233,122.49296848426786,123.54214198239069,1886600
2021-01-15,122.05020141601562,123.57101795447568,121.0299029650512,123.42662799252989,1698100
2021-01-19,122.10796356201172,123.42664015861277,120.76040456401158,122.56035905038945,1587300
2021-01-20,121.98283386230469,122.85874242328981,120.34650962600716,121.30905070255666,1990100
2021-01-21,121.876953125,122.90687177782814,119.85561099983332,121.28980248385815,1771600
2021-01-22,118.29630279541016,121.54006160625053,118.1807952195786,120.57752050513834,2155300
2021-01-25,115.13916015625,117.99790083440541,112.52104739095263,117.80539556667688,4417500
2021-01-26,115.92843627929688,116.89097724516655,114.83114016569384,115.87067882769344,1966400
2021-01-27,113.06969451904297,115.88031252813363,111.60662805978674,114.24399573556028,3939600
2021-01-28,116.1883316040039,118.84494701171089,115.51455579287796,115.51455579287796,3559900
2021-01-29,111.95314025878906,115.47604380906549,111.17348440641197,115.26428361617172,4896800
2021-02-01,113.33920288085938,115.28353247191804,112.69430217258,113.53170814363962,2227400
2021-02-02,117.5262680053711,117.969036034524,114.53276456723212,114.99478753099498,2591700
2021-02-03,118.72943115234375,120.09623761299903,117.28561964904746,117.43000226809811,2256800
2021-02-04,120.75078582763672,121.13580376113303,118.69094832857863,119.36473154809876,1868900
2021-02-05,124.62979888916016,124.6683087522432,122.22345384240383,122.23307396456988,2807100
2021-02-08,124.2544174194336,125.9196239678385,121.95394495667001,125.27470855620257,2187800
2021-02-09,122.29084014892578,124.44692264485074,121.37642176912306,124.44692264485074,1404100
2021-02-10,122.00204467773438,124.10037654225349,121.43414913868087,122.31005743564211,1699900
2021-02-11,121.90582275390625,123.91753732256943,120.34650364371014,122.78173127135089,1929300
2021-02-12,124.62979888916016,124.92818423561141,120.85664010353918,121.02989776938936,1741100
2021-02-16,125.51535034179688,126.17950603369476,123.76353322213475,125.13995990992562,2443800
2021-02-17,126.4201431274414,128.2682202561939,122.75286392763478,123.59026997531022,2904800
2021-02-18,127.03617095947266,127.79658665746467,122.76249344578109,123.45551687293762,2620400
2021-02-19,131.1750946044922,132.42640092110454,126.36238929999156,126.36238929999156,2855700
2021-02-22,137.21983337402344,139.98232115817808,133.4755497235329,133.98569524421913,5314900
2021-02-23,143.94798278808594,144.06348298675584,136.82517189689312,139.56841911296186,5632800
2021-02-24,151.60025024414062,151.69651024616545,143.79403994566806,143.89992007300967,5865800
2021-02-25,144.46775817871094,153.9872869619269,143.2260868970777,150.40663368795933,5147300
2021-02-26,142.52346801757812,146.5276278394649,140.338495603702,144.65067562807866,4107600
2021-03-01,142.908447265625,145.37254959669852,142.42717682011192,145.37254959669852,2284600
2021-03-02,143.3704833984375,144.16939421534238,140.40585526528068,141.62828648509517,2892900
2021-03-03,140.82937622070312,144.69879528667303,140.8005011646833,143.90950458957022,2334300
2021-03-04,139.34707641601562,142.0903096846811,134.3707407894529,141.7149192505601,4121800
2021-03-05,141.4165496826172,141.8689452162873,133.76435016982558,141.1662942609496,3040600
2021-03-08,144.8046875,147.31692039433253,140.83902281132637,143.96728143095976,3123700
2021-03-09,141.4935302734375,145.73833970657114,141.1662698507968,145.57470949525077,2955900
2021-03-10,141.6282958984375,145.16081994882617,141.3299105094309,141.87855129533074,2262500
2021-03-11,143.25497436523438,144.99717117143896,140.29996653669673,141.6282777755531,2247300
2021-03-12,144.5736846923828,146.21963659980983,142.57159724236706,143.7555334881637,1688100
2021-03-15,147.80780029296875,148.2794506916894,144.62179178887146,146.777889013752,2564800
2021-03-16,144.98756408691406,148.37569803208675,143.9383831727129,147.80780233350058,1720100
2021-03-17,150.1082763671875,150.3007816430247,144.15977962671468,144.2367846744918,2756600
2021-03-18,148.51040649414062,151.7349238953976,146.40245457982377,148.7799314175301,2840000
2021-03-19,146.57574462890625,147.69229573153902,143.4571064520662,146.87412999368337,5444000
2021-03-22,145.8249969482422,146.54690287372853,143.78441423210916,144.9105857134022,2595600
2021-03-23,137.0850830078125,144.09238008538188,136.10328710726236,144.07312515358805,4233200
2021-03-24,137.9128875732422,142.11918747851118,137.82626239921052,138.79842362239293,2869500
2021-03-25,141.07965087890625,141.45504130658685,134.18785333189766,136.52682106885888,2135000
2021-03-26,141.32025146484375,142.0132673490084,137.46045334343933,141.8303969288805,2726400
2021-03-29,139.18344116210938,141.30102852640923,137.7877448952835,140.53099275197,2578000
2021-03-30,142.6774444580078,144.07312593281117,139.11604579178936,139.36630115762406,2753500
2021-03-31,142.56198120117188,144.70844401717363,141.52243491731824,143.3801471160386,2352400
2021-04-01,142.7159881591797,143.73627948353302,141.0796710529217,142.7159881591797,2082400
2021-04-05,145.27633666992188,147.4901843735177,144.61219557733497,144.8624510026338,2352400
2021-04-06,145.94049072265625,147.04742190496128,145.0838296499015,145.33409975945182,1754300
2021-04-07,143.2357177734375,146.7008711010745,142.52344686351896,146.54686102268855,1577100
2021-04-08,143.8421630859375,144.32343369867834,141.2914200260829,142.93737198403053,1522300
2021-04-09,142.91810607910156,143.4186315903599,140.59839306599528,142.71598066210174,1601700
2021-04-12,143.75546264648438,143.8517079063213,141.39722612878919,142.90842211156672,1305800
2021-04-13,143.2357177734375,143.57261298400564,140.52135990612973,142.5619420395107,1865500
2021-04-14,143.9865264892578,146.24850405699215,143.12986545690123,143.50525591631114,1676600
2021-04-15,143.59188842773438,144.97795009856083,142.8988722795342,144.18867395597042,1412700
2021-04-16,143.06246948242188,145.65170704912148,142.16729874039856,144.49664613203208,2718400
2021-04-19,142.35980224609375,143.35121826087092,141.34914598688889,142.45606221707015,1209800
2021-04-20,136.65194702148438,140.98338152390943,134.8038700629149,140.98338152390943,2763200
2021-04-21,139.33741760253906,139.95344320080338,135.5931340297494,136.39204475186247,2527100
2021-04-22,141.1470489501953,143.6785371490407,137.9514196231091,139.2508415041514,2251300
2021-04-23,142.80255126953125,143.1490665391814,140.3384492129999,141.53199038507847,1240600
2021-04-26,142.91810607910156,145.09345848156323,142.2250752749631,143.89990216616647,1177200
2021-04-27,144.1309051513672,144.71805579172744,142.63896355498844,143.3801242915244,1570400
2021-04-28,143.85174560546875,144.6217813219962,143.01433965812035,143.97688063197722,1230100
2021-04-29,145.37257385253906,147.25916077610455,143.177981429802,145.6420841720183,1460600
2021-04-30,142.9565887451172,144.4004001977771,141.0507470528152,143.5148642692775,1759500
2021-05-03,143.312744140625,144.53517545302213,142.7737234732658,143.7266444519833,1413200
2021-05-04,142.08067321777344,142.715953783121,138.9235400100706,142.715953783121,1794600
2021-05-05,139.09683227539062,143.34164275936908,138.77919189694182,142.28285618508713,1854800
2021-05-06,137.24871826171875,139.1641801474413,135.3140161307038,139.1641801474413,2180500
2021-05-07,141.19512939453125,141.38763464039383,137.16208060435164,137.6433510626125,2969200
2021-05-10,135.3910675048828,139.95350402618675,135.33331737482305,139.44335829437188,4140800
2021-05-11,136.40171813964844,136.62309850034836,133.19645422288662,134.35150071041565,3166700
2021-05-12,130.8478240966797,136.01666449593333,130.27992843939313,135.2177537144172,2762000
2021-05-13,134.05308532714844,135.13112651623752,131.44459282979437,131.44459282979437,2363700
2021-05-14,137.92250061035156,138.41340594573137,133.8702110141542,135.16001249639402,2200300
2021-05-17,134.6210174560547,137.89365177388427,133.06170535825765,137.89365177388427,1741400
2021-05-18,134.5343780517578,137.6337616699248,134.52474324062783,135.59316448399858,1518400
2021-05-19,134.20706176757812,134.27444667598485,131.23281410807215,132.6958802917985,1593200
2021-05-20,133.77392578125,134.71722640709604,132.43599456162795,134.56321634321816,2098300
2021-05-21,133.80284118652344,135.46804796590519,133.37933541394435,134.4766317473987,1846600
2021-05-24,136.57492065429688,136.88294077623618,133.89905826558217,134.8327240653,1420200
2021-05-25,137.44119262695312,138.83688851902212,136.66153693879184,137.1139322840323,1665400
2021-05-26,139.05828857421875,139.82832425146393,137.52785202878968,138.63476821737348,1440400
2021-05-27,140.37698364257812,140.53099373598653,138.11502098038707,139.97271816278922,1936500
2021-05-28,138.20164489746094,140.25186202164434,137.652989452371,140.17485697563816,1711700
2021-06-01,139.74168395996094,141.42613057290478,138.90427805800428,139.95344413770775,1687800
2021-06-02,137.28721618652344,140.5791043720653,136.9984509729407,140.52135426679052,2284500
2021-06-03,135.14073181152344,136.58454311159187,134.42846096996948,136.43054773519603,1921600
2021-06-04,136.73855590820312,137.16207624797477,135.37174961261812,136.32467037710433,1651300
2021-06-07,137.14283752441406,137.88399820659959,136.55568692711046,137.6818581342908,2196300
2021-06-08,140.261474609375,140.89675518938844,137.23909648025614,137.45085667359396,1900100
2021-06-09,138.43263244628906,141.0122348809407,138.01873224239625,140.89673467855565,1541000
2021-06-10,138.57704162597656,139.3278224997027,137.26798515869814,138.77916702963515,1544800
2021-06-11,138.1053924560547,139.2219436532703,137.57599191537386,138.60591793880852,1444000
2021-06-14,138.50965881347656,139.11606440812832,137.54711771070825,138.30753340673374,1245500
2021-06-15,138.71180725097656,139.04870253209447,138.19204148659077,138.24015679485402,1232200
2021-06-16,137.8455352783203,139.17383218135802,136.68085393383413,138.57706132183694,1431400
2021-06-17,136.4786834716797,139.43369142497204,136.4305681709034,137.92249498801425,1578800
2021-06-18,133.6295623779297,135.3621390322039,133.28304704707483,134.97711383836,3027200
2021-06-21,137.52789306640625,137.64339331193457,133.62959822047873,134.53438930968613,2328300
2021-06-22,136.10325622558594,137.15243680575173,135.41986051766804,136.6807865506826,1637500
2021-06-23,135.81455993652344,136.3920758048268,135.0252691564664,135.56428984176773,1346300
2021-06-24,135.51612854003906,137.35458520691535,134.69797757715264,136.75781454137365,1936500
2021-06-25,134.89048767089844,136.02629362525093,134.04344693797177,135.7375284038251,6295600
2021-06-28,130.78042602539062,134.23595898279535,129.4713698274923,134.1108239671877,2892100
2021-06-29,129.94302368164062,131.68522038993737,129.3847481878026,130.90556459780092,1936000
2021-06-30,131.40609741210938,132.20500818013227,129.8660259843431,129.9430310244524,2222400
2021-07-01,134.02423095703125,134.36111153700784,131.73337838945804,132.07989378045892,3448300
2021-07-02,135.96856689453125,136.44021737780196,133.8798542181268,134.51513494566365,2072900
2021-07-06,134.88088989257812,136.57495695185358,133.4563184808118,136.18031157343674,2464700
2021-07-07,134.38035583496094,135.89153763775553,131.57935787001784,134.27447573255796,1753200
2021-07-08,132.48419189453125,133.889508739235,129.83720316069258,131.74303093663607,2304400
2021-07-09,137.14283752441406,137.36423252913562,132.8306579581902,133.0809133307158,2119800
2021-07-12,136.45947265625,137.38350400115075,135.0926658884748,135.74718686717839,2143200
2021-07-13,133.1579132080078,136.411306360693,132.98466288464348,135.67014570725684,1859100
2021-07-14,134.39962768554688,135.40066403564245,132.07027982669,133.56220688396525,1844700
2021-07-15,134.3033447265625,134.9675003673644,132.95579319972538,134.17820969649546,1383500
2021-07-16,129.9911651611328,135.91078644415842,129.8371550759966,135.39102076583634,1984800
2021-07-19,125.9485092163086,127.92170672790662,122.46410777936667,125.9485092163086,4067600
2021-07-20,129.97193908691406,130.82860018077844,125.45761843859461,126.36240953065182,2227300
2021-07-21,135.1022491455078,135.78565968650773,130.35691459599707,130.35691459599707,2798400
2021-07-22,133.31195068359375,134.66913724436495,132.1376492932089,134.2359966597308,1755400
2021-07-23,133.96646118164062,134.74613179787158,133.03280984127733,133.57183049900883,1731600
2021-07-26,137.15248107910156,137.24872637288186,132.97504171178224,134.4958583507364,1781600
2021-07-27,138.0764923095703,138.1150021712834,135.25625445825423,135.95890521882507,1668700
2021-07-28,139.15457153320312,139.86684253539156,135.93005302762623,138.73105110638227,1649200
2021-07-29,142.34051513671875,144.18859141076138,137.97057238805988,139.94378364572984,2612500
2021-07-30,140.5117645263672,142.4176067349793,139.27009280307166,140.8967898303758,2115900
2021-08-02,139.4433135986328,143.100972431253,138.75028288562223,141.55128079343913,2409800
2021-08-03,137.28721618652344,140.2614641058452,134.12044833334062,140.19407919155205,2849100
2021-08-04,132.80178833007812,135.71828650336508,131.68523719987166,135.71828650336508,3217700
2021-08-05,136.41131591796875,137.5856171492993,133.2734374482226,133.83169832076027,2250400
2021-08-06,136.2861785888672,136.87332919464373,134.13009611824666,136.34392869972876,2099800
2021-08-09,131.9740447998047,135.85308525691582,130.65536785307316,135.7375849950752,3074900
2021-08-10,132.82107543945312,133.95686709079635,131.2617485911696,131.82002429151626,1938900
2021-08-11,132.94618225097656,133.687343067365,131.049974963248,132.2339111820434,1131600
2021-08-12,129.72164916992188,132.8595274091827,129.21150363657722,132.3975118612348,2238600
2021-08-13,129.34628295898438,130.37619434036606,128.58586723433402,130.04893387803634,1728000
2021-08-16,128.14308166503906,129.2692528166369,126.42975994511657,128.46072194172706,1626200
2021-08-17,125.47683715820312,126.56451311712284,124.18703582731284,126.26611308934154,2292000
2021-08-18,125.13032531738281,127.50780267338985,124.53355461962234,125.37096055837777,1915400
2021-08-19,125.38060760498047,125.49612253276632,122.80100431742838,124.1581908930139,2393700
2021-08-20,126.23722076416016,126.60299097014982,124.18701883578306,124.69716428771227,1761800
2021-08-23,129.12490844726562,129.14416338552576,127.30570599286925,127.3442158693895,1983000
2021-08-24,131.76222229003906,132.58038792418827,129.92376565899409,130.02964574474035,1966200
2021-08-25,131.77186584472656,132.42640140588446,130.0681787354885,132.17614601653028,1357500
2021-08-26,128.6628875732422,131.30025589482668,128.18161694656564,130.90561045602055,1523900
2021-08-27,130.92481994628906,131.63709082670673,128.605092806011,128.6147129278081,1221000
2021-08-30,130.03927612304688,131.34833228076099,129.01897047370446,131.18468740973975,1477500
2021-08-31,130.0778045654297,130.86709532274574,128.43185281068202,129.4232836627681,1762900
2021-09-01,129.77940368652344,131.35797032558295,129.18263297151617,131.19434011944256,1738600
2021-09-02,130.32806396484375,131.75263542119336,128.90350719570628,130.17406854533505,1072600
2021-09-03,128.0179443359375,130.23179142354965,126.72814300815973,129.35587564789992,1354800
2021-09-07,129.02862548828125,129.36550602987373,126.90140339116533,127.4596789401243,1255700
2021-09-08,128.76873779296875,129.90454384549372,126.77628549861208,129.45214838650628,2281300
2021-09-09,130.9922332763672,132.3494199439969,128.1719945048777,128.6051351236153,2072600
2021-09-10,130.55908203125,132.56116940155223,129.4521655748791,131.58900811975877,1574500
2021-09-13,134.7364959716797,135.31402649330272,130.84783647934654,131.8296324912212,1923400
2021-09-14,137.00807189941406,137.3449670984407,133.7931887310935,134.72685460440948,2159400
2021-09-15,139.26040649414062,139.6550517771093,134.80385223822458,136.2380287395764,3068200
2021-09-16,139.37594604492188,140.54061248279137,138.44228005769187,138.99092081517145,1966800
2021-09-17,138.50965881347656,140.17486549605815,138.27865834862763,139.587714835881,2650200
2021-09-20,137.4700927734375,137.75884328187777,134.524705402475,137.1716927693693,2375400
2021-09-21,136.6904296875,139.12565702098385,135.93002882904818,138.31712617946854,1707300
2021-09-22,138.99093627929688,140.32886789121497,137.0177386702297,137.4123693797157,1543100
2021-09-23,144.2945556640625,144.55443121479473,138.9909442211094,139.27008939558758,2913800
2021-09-24,146.79713439941406,147.0281495453429,143.4763706204476,143.6400008411096,1881600
2021-09-27,148.53932189941406,149.9446234184881,146.81636542690538,146.91262539383763,1890900
2021-09-28,147.83668518066406,149.48263693691422,146.52762868693424,147.39392449603864,2151600
2021-09-29,146.2196502685547,148.60674854520835,145.03571391208263,148.5201233544073,1535500
2021-09-30,142.5426788330078,146.4313523068558,142.10953836400026,146.4313523068558,2030900
2021-10-01,150.12753295898438,151.38845941993682,144.64105175736884,145.10306736192297,4710000
2021-10-04,149.32861328125,152.81300707434792,148.54895740486822,150.0216439907472,1860400
2021-10-05,149.6173858642578,150.6569319794988,147.6056785583541,149.4345007115009,1744900
2021-10-06,149.4922637939453,149.63665377890544,146.13300457717372,147.75968678491043,1667000
2021-10-07,151.84083557128906,153.67929231930117,150.2141390082422,151.14780490907725,1862000
2021-10-08,151.20558166503906,152.79378333218483,150.57030099818076,152.07187748908547,1193900
2021-10-11,150.94566345214844,153.78515602794977,150.70502823916175,151.51355902986714,1677800
2021-10-12,151.55209350585938,152.30287439011252,150.12753678794465,150.73394238184588,1995800
2021-10-13,148.82809448242188,152.51462851670405,148.3853338182168,152.30286830783692,1973100
2021-10-14,149.40562438964844,150.67617095049076,148.29870804641098,150.0312702032677,1978400
2021-10-15,154.0450439453125,155.3733551283649,151.11892598104512,151.2248060708132,2801300
2021-10-18,153.24618530273438,154.4301068229613,152.29326426223216,153.04404519576266,1541900
2021-10-19,149.2130889892578,152.9477375577694,148.7029435058373,152.08145665424237,2619500
2021-10-20,147.52867126464844,149.3767483234285,146.9318858246512,148.9532279102727,2402900
2021-10-21,149.81951904296875,149.94465408813397,147.11478085312714,147.7981915088295,1192800
2021-10-22,148.9532012939453,150.1178822220079,148.35643064779543,149.4922218372043,996300
2021-10-25,148.99169921875,150.32001035860728,147.70189793967006,149.46334954641736,1434300
2021-10-26,150.1949005126953,151.7060970264816,149.3574944905552,150.7820511466769,1804300
2021-10-27,153.81407165527344,154.54559760833752,148.40458065298694,149.2612563369334,2100300
2021-10-28,153.97769165039062,156.23003416354513,152.33174000634037,153.5830462982742,2317600
2021-10-29,154.02581787109375,155.01723394503227,151.55208040403622,153.04402191994313,2025400
2021-11-01,155.76803588867188,156.07604141896888,153.32317314563136,154.39159440839694,2177900
2021-11-02,154.06430053710938,155.85462727335405,152.3991088229965,154.9209613863915,2615800
2021-11-03,158.36688232421875,160.57110961678427,151.18633411008545,154.7380983492094,3158400
2021-11-04,157.94334411621094,159.80105582417607,156.61504756597446,159.80105582417607,1863800
2021-11-05,161.3314971923828,165.24903141519658,160.003185915811,163.05443911568406,2955400
2021-11-08,162.082275390625,164.44049785936141,161.06198429953812,163.949607245879,2476600
2021-11-09,158.597900390625,161.75503400834404,156.30704788382207,161.75503400834404,1774500
2021-11-10,154.95950317382812,158.33801728255185,153.61193676760675,157.35622120886674,1554800
2021-11-11,150.99383544921875,154.9691353605498,150.75320014586387,154.60336499954212,1664900
2021-11-12,150.61839294433594,152.99587009534903,149.7039820448405,151.6001887553604,1914100
2021-11-15,149.84837341308594,151.87933547781495,149.07835237527445,151.15742973945927,1378600
2021-11-16,148.22169494628906,149.75213162239532,147.085888920749,149.31899110671375,2137700
2021-11-17,150.84945678710938,151.03234196354575,146.6239015416649,147.52869261211032,1965600
2021-11-18,149.89651489257812,151.83123181952374,149.03985393820278,150.89756581802115,1126800
2021-11-19,149.1168670654297,150.24303840216797,144.63142196589268,148.21207607167113,1879800
2021-11-22,150.551025390625,151.26329625537656,147.06661735234297,150.31039016610978,2268900
2021-11-23,151.54246520996094,152.51462638273148,150.29115890794807,151.48471509693448,1926300
2021-11-24,151.7061004638672,152.14887582379194,147.65379604781387,150.27190896483603,1532800
2021-11-26,141.91705322265625,142.22505871796585,135.2851460475774,141.156637576566,4264500
2021-11-29,145.12232971191406,148.76073399403128,144.09240365700182,144.09240365700182,3155000
2021-11-30,142.0325469970703,143.41860838104202,140.24222015730848,142.9950879929162,3465900
2021-12-01,137.16212463378906,146.37365121168918,136.7867341433325,144.63143925627432,3198900
2021-12-02,145.45919799804688,146.8741345089554,137.76850444949852,137.999504900448,3099000
2021-12-03,144.36187744140625,146.5179743055486,141.30100448499098,145.8923286068222,3104600
2021-12-06,150.8302001953125,153.50606350475832,146.51801981484925,146.51801981484925,2421800
2021-12-07,150.66651916503906,156.10486913198233,149.86760849129695,152.55310570705296,2416600
2021-12-08,151.73497009277344,153.59268195121481,149.97351821393616,151.56171975413903,1618500
2021-12-09,151.2633056640625,152.54348690057662,149.54036381173714,150.40664479899178,1103100
2021-12-10,154.78623962402344,154.92099479722367,150.1756739885463,152.28364145213132,1705600
2021-12-13,147.92330932617188,153.69855593117057,147.67305392735145,153.11141995938553,2362800
2021-12-14,148.240966796875,150.09867897368858,146.8356648519655,147.04742509361708,1548800
2021-12-15,145.51695251464844,148.1639404680973,143.08172477245236,147.2591641958122,2228000
2021-12-16,145.1126708984375,147.38426816806017,144.46777021300858,145.49769609756567,2738400
2021-12-17,144.56405639648438,146.1426232811066,141.98443849983113,143.7844004217983,3592300
2021-12-20,144.07313537597656,145.57471173103352,140.32885132933546,141.48391232356553,2765600
2021-12-21,152.38949584960938,152.7552514367376,145.26668374573381,145.26668374573381,2269300
2021-12-22,156.48992919921875,157.11557502093837,152.4280047016739,152.62050997857136,2001000
2021-12-23,159.0021514892578,159.5796672818326,156.45140900528597,158.09736059162609,1528900
2021-12-27,160.46524047851562,160.8309961257031,157.32734695121718,158.30914302990416,1139900
2021-12-28,160.50369262695312,161.37960835752347,159.08875635055745,159.69516180821512,1297200
2021-12-29,160.31118774414062,161.30260368324923,159.30051687486448,160.11868250409003,905600
2021-12-30,158.68450927734375,161.68763248664646,158.55937424788613,160.31120591145273,840900
2021-12-31,159.05026245117188,159.95503855336213,157.92409136879533,158.6748720903797,902700
2022-01-03,157.77012634277344,160.17647926233056,155.19050837565763,158.88667762237898,1836800
2022-01-04,161.7165069580078,164.7485198984989,159.58929958816447,160.52296552641752,2131600
2022-01-05,158.21287536621094,162.669445343883,158.17438018471566,161.96679445570442,1656700
2022-01-06,159.03103637695312,160.2245925882715,158.07811543255463,159.1080414248328,1421600
2022-01-07,160.41709899902344,162.4288063197717,158.5208919073061,159.78181836493098,1508800
2022-01-10,155.9797821044922,161.59139826093408,154.13170502708874,160.9849926916946,2228400
2022-01-11,159.0117950439453,159.44493562400663,154.07396893170664,155.90279124183766,2141100
2022-01-12,158.68450927734375,160.61921139299685,156.56692202239412,160.1187006495864,1606400
2022-01-13,158.34762573242188,161.03312353567657,157.95299505701388,158.76152602881075,1619700
2022-01-14,156.70167541503906,158.260987112022,153.73704741651125,157.75084156455944,1886400
2022-01-18,153.534912109375,155.07498360920323,151.77346028837997,154.12206271637336,2087600
2022-01-19,148.423828125,153.98731426222102,148.337202954758,153.93918427190513,2396300
2022-01-20,150.8302001953125,155.63328597812998,149.55001866152236,149.72328371153353,2160400
2022-01-21,151.10931396484375,154.19906229045284,148.71258163364385,150.83016885538646,4745500
2022-01-24,149.90615844726562,150.63768440682904,145.27632334964443,148.23133162077747,3537700
2022-01-25,151.14784240722656,152.32214383801644,144.71807428591694,148.18321376943027,2197200
2022-01-26,152.78414916992188,157.85674502806,150.8205717307266,152.11999344149623,2345800
2022-01-27,147.9521942138672,154.83435698398426,146.4313775620169,153.65043558124927,2184100
2022-01-28,153.4097900390625,153.5349103823788,147.02813847757537,148.23131473352936,1930400
2022-01-31,155.08460998535156,155.2482402021346,151.34996068157503,152.60125230252896,1972100
2022-02-01,156.9134521484375,157.54871810371156,154.32421427390454,155.0846152704228,1755100
2022-02-02,154.8439483642578,157.51019074352354,154.1124225748283,157.22142553891427,3912500
2022-02-03,155.94125366210938,158.32836578738937,154.00655164447105,154.00655164447105,2920000
2022-02-04,156.64390563964844,157.5775714535687,152.9669924859075,154.97869936859837,2204700
2022-02-07,159.82029724121094,160.97535816252955,156.65354389158136,157.00967935290242,2003300
2022-02-08,165.12393188476562,165.5955676332111,159.1080498916396,160.80211697350762,2553000
2022-02-09,167.02972412109375,169.90772674978584,165.5859127458612,166.0960582568,2100300
2022-02-10,168.13665771484375,169.86923448201142,163.64159293018758,164.4886337246274,2122100
2022-02-11,163.51644897460938,170.5911156121259,162.36138817180748,168.5986636329882,2819100
2022-02-14,164.91217041015625,167.86716398536907,163.07371336209994,164.16138951809765,2675200
2022-02-15,174.4124298095703,174.54718496482243,168.0019030942695,169.3109594683801,4264300
2022-02-16,176.39527893066406,178.06048562952753,171.33231796799484,171.6307033628167,3263800
2022-02-17,171.4959259033203,174.97069945412176,171.05316527410687,173.42100787745497,3356300
2022-02-18,168.36766052246094,172.8145949933541,168.17515527069065,170.92802296391244,2882400
2022-02-22,166.63510131835938,169.23397389442954,163.4490928034768,168.0789128885269,2744000
2022-02-23,161.67803955078125,168.01156213549353,161.10050898085856,167.6169167356201,3494800
2022-02-24,162.42877197265625,163.19880760685712,156.84603198371,156.95191206700272,4332700
2022-02-25,167.83827209472656,168.05966710297997,162.12077611536347,164.14211812185698,2805800
2022-02-28,163.7667236328125,166.02870083670615,161.25449105863675,164.0073588805795,2574400
2022-03-01,158.73265075683594,163.64160138227967,157.74123463359643,162.38067493547283,2886100
2022-03-02,161.92828369140625,164.60414675048173,160.65773708812702,161.3026378568901,2159600
2022-03-03,159.2716522216797,165.1046480305648,158.28985633995163,163.3817061918938,2444900
2022-03-04,153.31350708007812,157.78931620636274,150.8878999992851,156.894160255989,2858200
2022-03-07,142.51382446289062,153.25578602666587,142.38868942740524,153.25578602666587,3769100
2022-03-08,147.066650390625,153.1499172828255,140.5983876148034,143.34162097821456,4939400
2022-03-09,153.49644470214844,156.470693453501,151.8312525563251,152.2740132787643,3509600
2022-03-10,156.47067260742188,158.06849429444185,150.2045355844554,150.68580611520522,2573300
2022-03-11,155.58514404296875,159.329428363996,155.25788359131977,158.19363690690426,2316300
2022-03-14,155.7006378173828,157.981870135042,154.11245093062726,156.19154316170483,1917600
2022-03-15,160.16683959960938,161.06201049592173,157.51985146827008,157.78936181212038,2297300
2022-03-16,165.83621215820312,166.03835226681457,160.77325087792755,161.88980216302966,2300300
2022-03-17,164.82553100585938,164.8351511287485,161.83202781977005,163.94961514500383,1582300
2022-03-18,164.77740478515625,166.94312214878266,161.37000124154594,163.882233970841,3542300
2022-03-21,163.58384704589844,163.8437372394913,161.56251967131686,163.58384704589844,1770400
2022-03-22,164.18064880371094,166.40411648044042,163.61273837054517,165.23943524218527,2004100
2022-03-23,161.36996459960938,164.57522733242953,160.93682416267853,163.06404586363396,2709100
2022-03-24,165.53778076171875,165.54741557058415,160.93683640989943,162.66941297667856,1795800
2022-03-25,165.0950469970703,167.1837593382646,164.35388626722363,165.5570625942165,1427600
2022-03-28,165.133544921875,166.10572081005898,162.80419727656565,165.65332532861345,1215600
2022-03-29,171.6403350830078,172.26598091977385,167.57841048777587,167.713165653566,2200900
2022-03-30,169.8403778076172,172.41036083738362,168.82970669345443,170.88954410423418,2285200
2022-03-31,169.1666259765625,172.58365037754325,169.1377509138196,170.55268773707863,2368900
2022-04-01,167.1741180419922,171.69807260573862,166.14420678339343,170.29275624796006,1900400
2022-04-04,168.1077880859375,168.48317850700744,165.19128988673006,166.87573672000482,1394900
2022-04-05,167.48214721679688,169.99438001253728,165.55706506487968,167.8767925828706,1545100
2022-04-06,159.94544982910156,165.32605095240373,159.4160492965738,165.32605095240373,2180100
2022-04-07,158.4920196533203,160.37859196784567,156.27817220540007,159.3775556950461,2608600
2022-04-08,157.72198486328125,159.11766651756295,156.31666839820673,157.4813495888461,1522400
2022-04-11,156.36480712890625,159.3583106976588,155.60440608156955,155.89317136447158,1402500
2022-04-12,157.12518310546875,159.74329555014137,156.20113737143956,158.46311438006765,1549700
2022-04-13,168.96444702148438,169.6478576195158,157.86635004977745,158.01074001752468,3343800
2022-04-14,173.74826049804688,174.72043625121128,169.59971137974233,169.59971137974233,3631700
2022-04-18,176.28941345214844,178.0219905353113,172.51625374171218,172.51625374171218,2961100
2022-04-19,181.70849609375,182.4496568058984,175.23059901632615,175.45197934278738,2775100
2022-04-20,183.17153930664062,186.53079770466465,181.70847300146767,181.92023317802725,3500700
2022-04-21,177.27117919921875,188.5617813347259,176.81878374150318,186.29018392327282,2905600
2022-04-22,172.7664794921875,177.2711640645814,172.2370790350363,176.87651875223145,1872900
2022-04-25,175.6444854736328,175.8466255551039,170.37938479166502,172.16971171973904,2368300
2022-04-26,170.61036682128906,176.31822705069723,170.1964813028377,174.21989503330505,2085100
2022-04-27,173.4499053955078,175.0188521075283,169.32061048857824,171.26493295947145,1808900
2022-04-28,177.64662170410156,179.19631379964733,173.32482062492733,174.91300791047266,2335500
2022-04-29,170.87025451660156,178.19519091738323,170.3312339946173,176.11609917212306,2605500
2022-05-02,171.467041015625,173.56538788444774,166.78909149925414,172.2466968204853,2590000
2022-05-03,166.55810546875,171.99647149565652,164.39238799391745,171.957961626821,4135800
2022-05-04,174.450927734375,174.7685680115582,165.86506418991527,169.40720784963813,4283900
2022-05-05,171.00503540039062,176.63589136613203,168.61792317609402,172.95899243045258,3174400
2022-05-06,166.0575714111328,171.85205744623215,162.93893339681972,171.50554211130847,2764100
2022-05-09,157.71237182617188,164.57528017412952,156.02792482943855,164.57528017412952,4058300
2022-05-10,161.79351806640625,163.86299009142442,158.75188488933327,161.7646430105083,2594500
2022-05-11,160.7058868408203,166.02873855571391,159.57970070067503,161.3411528769676,2973800
2022-05-12,157.22146606445312,161.04275555992635,153.96808700307298,159.27168338971543,2619600
2022-05-13,160.4615478515625,161.50300681700793,157.90612634901365,160.07582884846573,2772300
2022-05-16,156.53680419921875,160.45190945216106,155.6399861845854,159.78653166709947,2367900
2022-05-17,158.97653198242188,161.34874679848517,156.70075428546042,160.3940722906356,2302300
2022-05-18,148.52334594726562,158.51361936618574,147.5493813604015,156.9224956563635,3748400
2022-05-19,151.33912658691406,153.89454748353558,146.81650098393618,147.81937898273293,2228000
2022-05-20,149.69017028808594,153.93315255858772,146.02578119081844,153.73064053368503,2105800
2022-05-23,152.32276916503906,153.4799409197665,147.84836092298565,150.88593861842486,1832300
2022-05-24,147.19259643554688,151.0980633324535,144.41537291521598,150.12409870704693,2303600
2022-05-25,153.8560028076172,154.6274554520739,145.38934350959036,145.98721231978251,3079800
2022-05-26,164.0970001220703,165.56275873973178,154.6274622687543,154.6274622687543,3693100
2022-05-27,166.40171813964844,170.68326684877707,164.3670187202828,164.3670187202828,2387200
2022-05-31,165.45669555664062,166.7199422341037,162.3226807832374,164.94561124765536,2224800
2022-06-01,164.50198364257812,167.79029115584146,161.8694159530495,166.38238913509858,1729700
2022-06-02,168.19529724121094,168.3495906925966,164.29948323623987,164.656273967615,1749800
2022-06-03,168.41712951660156,169.14036370813733,165.7170669729245,166.62350813302336,1370300
2022-06-06,171.271484375,172.84331791398105,169.04392562603664,170.68325336522838,1394700
2022-06-07,170.85682678222656,171.48363853434486,167.47209629203837,169.49715777698015,1336400
2022-06-08,167.0092010498047,169.4103285618011,165.63987974750853,169.01497181653298,1693500
2022-06-09,161.6669158935547,166.90313819011823,161.65727806978572,166.90313819011823,1449300
2022-06-10,154.16455078125,161.05939023312192,154.05847587539864,159.14040410516853,2736300
2022-06-13,146.67190551757812,149.05375805626056,144.52147851189295,148.50409298691636,4029800
2022-06-14,146.78761291503906,149.2080313826103,144.91684478246964,148.36908442770564,2667200
2022-06-15,149.27554321289062,151.55132077198533,147.65549093840133,149.2369624818917,2051200
2022-06-16,139.9795379638672,145.41825723062314,139.42987304331587,144.50216374393818,2610900
2022-06-17,140.0470733642578,142.3710695744399,137.70380150203044,140.63530446487988,3277500
2022-06-21,136.52732849121094,142.70857347135274,136.1319569420129,142.55427998177734,3357100
2022-06-22,131.59002685546875,136.52729976930706,131.1367990215869,134.46367260164178,4112900
2022-06-23,128.31138610839844,132.78579437648622,126.33454304569162,132.7568661860175,3285700
2022-06-24,134.4154815673828,136.0355337702029,128.5042428706213,130.1821514531427,3075900
2022-06-27,135.18692016601562,136.05479519929258,133.40293683576965,134.61797953943992,2056500
2022-06-28,133.74044799804688,140.84742349278378,133.56686416800255,137.63626242219595,2241100
2022-06-29,132.814697265625,134.63724648914305,130.87643530227544,133.7404433269802,2621600
2022-06-30,131.15609741210938,133.21008711272938,128.32103189569756,130.2978601401449,3379200
2022-07-01,134.2129669189453,134.28047583677764,129.81570557616246,130.8957452618232,2039900
2022-07-05,133.74044799804688,133.79830436998333,129.20818405412686,131.06929935117924,2367000
2022-07-06,130.8089599609375,134.72408032928192,128.77426038278895,133.99119355099404,1880400
2022-07-07,133.7308349609375,134.82051266838982,132.08186901674185,132.5640252109435,2017100
2022-07-08,132.8822021484375,133.87544237319833,130.7221378801919,133.73078673855605,1631400
2022-07-11,132.8436279296875,133.5765145335891,130.32677279174254,132.2071931345029,2161700
2022-07-12,134.1551055908203,136.2090952399859,132.04325956521106,132.04325956521106,1691700
2022-07-13,135.77513122558594,137.03837757905285,130.8571341876059,131.3971465480895,2337100
2022-07-14,135.755859375,136.21872507363202,133.02685430369047,133.03650684202222,2398100
2022-07-15,138.23416137695312,139.285258155864,136.59481884633718,137.52056504345867,2072300
2022-07-18,139.42990112304688,143.70181193247808,138.56202600598198,140.00849434391472,2028500
2022-07-19,145.53399658203125,145.8618592011461,140.73172590893677,140.87636685435902,2531000
2022-07-20,147.15403747558594,148.04120287280494,144.64682004248863,145.38934450535933,1932200
2022-07-21,145.6111297607422,146.46936695685528,142.4867532025261,145.6111297607422,1777400
2022-07-22,145.5243377685547,149.21765475610525,144.92645428048823,147.06722824939988,2259700
2022-07-25,147.53013610839844,147.9254929472307,144.83969669669247,147.35655225236715,1543200
2022-07-26,145.6497039794922,147.34690281926353,145.18683825693455,146.66223470290376,2032500
2022-07-27,151.97560119628906,153.55707253861667,149.3140902369368,149.5455304507783,2660100
2022-07-28,152.44810485839844,153.91386345211788,149.3333807217009,152.48668558452133,1708600
2022-07-29,153.15203857421875,154.12598839500495,151.04019294447272,151.8984300340619,1937000
2022-08-01,153.87530517578125,154.3092427239462,150.80878472122495,152.36132795541607,2051000
2022-08-02,152.59275817871094,156.43071637210159,150.02768435744974,156.41142600933486,3114000
2022-08-03,153.65350341796875,155.32177412909138,152.94955962736722,153.61493740398143,1791100
2022-08-04,153.3159942626953,154.07779438810957,151.5705769085384,153.7402792493934,1337600
2022-08-05,151.4066619873047,153.50887035636973,150.36520298532346,152.10096798862548,2146100
2022-08-08,152.6216583251953,155.4277949514209,151.77305909019498,151.9466428947327,1444800
2022-08-09,153.12310791015625,153.8752848657283,151.07877101977581,152.42881675327394,1499500
2022-08-10,155.48570251464844,156.99002717388674,154.56959416451565,156.04500534948457,1480500
2022-08-11,155.379638671875,158.47507277673083,154.9649767499805,157.70362002831857,1324400
2022-08-12,158.2147216796875,158.4943657645678,155.1482010004203,156.21858821192333,1610200
2022-08-15,157.35647583007812,158.53293802651706,155.92929772993054,156.3343071348006,1304900
2022-08-16,160.30726623535156,160.6158384895082,156.68144292791456,156.9803773571476,1869600
2022-08-17,158.0177001953125,159.1286580887172,156.38506409359644,158.4234417235343,1452000
2022-08-18,159.44747924804688,159.8725460693011,157.49604281448813,158.1143178069929,1093200
2022-08-19,155.9020233154297,158.67459756339707,155.42865086835718,157.88242506921475,1401900
2022-08-22,152.55947875976562,154.29838156198312,152.12475674442044,152.88793408328542,1417900
2022-08-23,153.25506591796875,155.10989097518123,152.9749162687438,152.9845715184277,1423800
2022-08-24,154.50123596191406,155.08087510918637,152.44354794485264,152.44354794485264,1892300
2022-08-25,157.1482696533203,157.698928445347,155.19683312733065,155.79579764966763,1274100
2022-08-26,151.37124633789062,158.29786285561966,150.9461795377782,157.53468545784528,1747700
2022-08-29,150.43417358398438,151.4678453720818,149.21694888021892,149.71928716002418,1555500
2022-08-30,148.13491821289062,151.95083375249754,147.8064629441483,151.4001898891159,1987500
2022-08-31,148.5213623046875,150.61770075099233,148.13493130070137,149.01404525132983,2241900
2022-09-01,148.72422790527344,148.93676127543188,144.81170053387513,147.25581954986131,2297000
2022-09-02,148.99473571777344,152.33729423554115,148.22188836918997,149.73860258060827,1855000
2022-09-06,147.19786071777344,150.94616049218283,145.3913417860705,149.9414693339147,1680800
2022-09-07,152.25035095214844,152.57880628058473,147.13025391263704,147.5166702118754,2240900
2022-09-08,153.98922729492188,154.03753301385166,150.24094230751032,151.07175055426094,1690800
2022-09-09,156.84878540039062,157.244871728118,154.7621017985882,154.94565471830765,1392400
2022-09-12,158.22056579589844,159.39915466419762,157.2738355501757,158.3847934590763,1602100
2022-09-13,152.5208282470703,156.25945785392696,151.70933052411402,153.5931503094571,2261000
2022-09-14,157.02264404296875,157.15789121434216,151.33257811595746,152.6367588505721,1790000
2022-09-15,156.99366760253906,160.89653991840885,156.24014552250372,157.89210684617285,1862700
2022-09-16,149.6613311767578,154.8780402401259,148.07700058881017,154.8780402401259,3370000
2022-09-19,152.01849365234375,152.84930196969665,147.47803576297468,147.75818537123737,1972600
2022-09-20,151.68038940429688,153.03287613298224,149.58405045271564,151.40023975711412,2102900
2022-09-21,143.1404571533203,151.18770210790026,143.121131913795,151.00414918450662,3281200
2022-09-22,135.35403442382812,142.45454812603919,134.91931240428877,142.03913660277317,3542500
2022-09-23,132.8133087158203,133.62480655537357,131.28693922585245,133.46056414509397,2414600
2022-09-26,131.59608459472656,135.4506514403187,131.40287643818775,133.10312885290168,1946900
2022-09-27,133.9725799560547,136.32010266662462,132.24334696418484,134.66814114875407,2251200
2022-09-28,138.9380645751953,139.6529359820423,133.8082991312715,134.3396324342202,2085100
2022-09-29,135.74044799804688,137.4890207709381,134.26238431676106,137.1605507100017,1871000
2022-09-30,135.3830108642578,139.0926602733883,133.57649188060634,135.1511522483735,2100800
2022-10-03,136.0205841064453,137.81744748694797,134.00153214267715,137.26678891092018,2107000
2022-10-04,142.55113220214844,143.67176000187897,138.53233820777135,139.48873835870552,2128600
2022-10-05,142.1840362548828,143.17908694534495,139.90415950881766,140.36786200455663,1489000
2022-10-06,139.1796112060547,143.23704101521315,138.7255639801347,141.78795788759686,1653300
2022-10-07,136.6968536376953,137.34410905563058,134.58118972816098,137.11225042827164,2409100
2022-10-10,135.7307891845703,138.542014049966,134.73575326163004,137.2957942787412,1509100
2022-10-11,134.078857421875,136.7548357046867,132.59113820413313,136.05927445615197,1873800
2022-10-12,137.0542755126953,138.387436687908,132.6297399913998,133.79867351675574,1855500
2022-10-13,138.35845947265625,139.21824821329176,132.60076264016837,134.04984578107107,2398500
2022-10-14,138.65794372558594,142.82164054171875,137.6822329843955,141.05375722069763,2076000
2022-10-17,142.83128356933594,143.39158267755295,140.88950296088527,142.00047541258198,2060000
2022-10-18,144.89865112304688,148.6566059452782,143.53650950536746,146.3380641988554,1870900
2022-10-19,144.89865112304688,146.52161707879117,143.59447046938186,143.59447046938186,1173800
2022-10-20,142.51248168945312,147.9706882268601,142.174356438817,145.45895329654184,1408200
2022-10-21,148.27987670898438,148.78221499863102,141.5271428785875,141.73002103694208,2339400
2022-10-24,149.7192840576172,151.1587121246474,147.23652897517195,149.0333928763566,1967900
2022-10-25,150.15399169921875,150.81091707124693,147.9127507177472,149.12032003170543,1697100
2022-10-26,149.7772674560547,153.42897152008393,148.9174784829406,151.35194294534676,2464400
2022-10-27,150.9461669921875,153.09081131207944,150.704653125,151.46783045934438,1624700
2022-10-28,154.23077392578125,154.57855453881578,150.01877083051394,150.94619071221894,1796900
2022-10-31,154.67515563964844,157.0226635648053,152.77202501532156,153.36131949403452,2493000
2022-11-01,154.6365203857422,157.46705609766235,153.81536726435783,156.9067421046106,1573600
2022-11-02,147.7968292236328,153.8539863071988,147.13024860179627,153.56418146364933,2596000
2022-11-03,141.50779724121094,145.69081908060713,139.03469766430146,144.70543840076982,2929800
2022-11-04,143.90362548828125,146.14486645412433,142.33860564453576,144.36732797417355,3342900
2022-11-07,143.3143310546875,144.9469523732116,140.0780394200282,144.46392465107357,2039600
2022-11-08,145.39137268066406,147.53601736392503,143.41095568601543,144.0099202018924,1760100
2022-11-09,144.49293518066406,147.96107105515938,143.05350710952746,143.24671527068003,2136400
2022-11-10,152.61744689941406,153.17776086983102,150.51145294172997,150.52110819022707,2421900
2022-11-11,158.22056579589844,159.2928879714547,154.40464958695318,154.56887725013104,2634300
2022-11-14,154.1148223876953,158.81950763973143,153.85398329277496,156.50098049174372,2082600
2022-11-15,156.27879333496094,157.66024554455927,154.09549859694363,155.8247460969221,2003500
2022-11-16,156.1145782470703,157.0226580554209,154.94564457951526,156.26913592754943,2063500
2022-11-17,154.53990173339844,154.62684319184598,152.15374343486718,152.92659079413238,1647100
2022-11-18,156.22085571289062,157.58298288973072,155.00361623716154,156.65557777957738,1864900
2022-11-21,155.08087158203125,157.23517098825266,154.51090243603954,155.86337409446656,1322100
2022-11-22,157.8022918701172,158.11219416880664,154.5288629450636,155.8266074525411,1508800
2022-11-23,156.38833618164062,158.34464727656405,156.01063394438094,157.73450720958266,1455700
2022-11-25,157.40521240234375,158.67390400085293,156.16557368184172,156.47549075079684,918700
2022-11-28,153.87997436523438,156.68852737778744,153.67658945825127,156.64011577019633,1856400
2022-11-29,156.17523193359375,157.03716834580916,153.98649834623902,153.98649834623902,1824400
2022-11-30,160.13626098632812,160.1556197150373,154.49008825994747,155.53603593880763,2662800
2022-12-01,159.9813232421875,161.90856621227746,159.07096043448428,160.40745177155134,1874400
2022-12-02,160.40745544433594,160.5333463107796,157.3761440636744,157.86037835310105,1419300
2022-12-05,156.93067932128906,159.57460980999588,156.60140347284027,159.12910765564772,2180100
2022-12-06,155.41015625,157.61826345910384,153.87029473427248,156.83380626345615,1898200
2022-12-07,152.32073974609375,155.2551984126398,152.1464224919186,154.65475261138133,2199600
2022-12-08,155.59417724609375,156.55295175429808,153.03742059478407,153.65723994123312,1849600
2022-12-09,156.0784149169922,157.39553290362898,155.0227876098597,155.3230105341213,1264100
2022-12-12,158.02503967285156,158.06378669724012,154.4320289879606,155.93314368566817,1554500
2022-12-13,157.97662353515625,163.71965111658238,157.11468690731365,163.34194888140777,2177700
2022-12-14,154.3061065673828,158.2187132790964,152.46600732792191,156.16556453927566,2464700
2022-12-15,150.50970458984375,152.0979924596528,148.37907668317175,151.32321464513817,2517700
2022-12-16,148.9407501220703,149.91891267288673,147.63332663647716,149.2119348720406,4943500
2022-12-19,146.5970916748047,149.512191706431,145.77390220657054,149.21196879580097,2019600
2022-12-20,145.6673583984375,147.44933698681277,145.3864942429745,146.14189853103917,1675400
2022-12-21,144.05970764160156,147.2943892951178,143.09123901880088,146.57773197194672,2284300
2022-12-22,142.5779571533203,143.84664873212373,140.7862842231931,142.5876365199526,1837200
2022-12-23,143.89508056640625,144.2049828646171,141.70634663429493,141.70634663429493,1067600
2022-12-27,143.6723175048828,144.66983894445406,143.27524184666115,144.32118967000582,1350000
2022-12-28,141.00904846191406,144.66016481661939,140.9896749501926,143.84665465623354,1321600
2022-12-29,143.30430603027344,144.10813677584287,141.64821815153954,142.2874110014129,1431900
2022-12-30,144.19528198242188,144.35024049723592,141.80316347898815,142.37455637750037,1541900
2023-01-03,143.09124755859375,145.97728008903601,142.46174882726774,145.12503769891669,1686200
2023-01-04,145.13470458984375,146.4711959830361,144.39867377581533,144.5342587883379,1731300
2023-01-05,144.18560791015625,145.3574466245213,143.2946185837519,144.31149877761413,1542300
2023-01-06,148.54373168945312,149.05701891048147,145.29935568243152,145.79326939200803,1589000
2023-01-09,147.72048950195312,150.4806304582515,146.86823254860937,146.97476466777732,1864500
2023-01-10,148.3306884765625,148.94081378623957,146.72302668375195,147.63338974179314,1275200
2023-01-11,153.47323608398438,153.5797682320996,149.0763799101291,149.29913835106254,1712500
2023-01-12,154.9453125,155.5263848529056,152.70813739168563,153.37638315853775,1627000
2023-01-13,156.67886352539062,156.99845996649015,154.16083901969358,154.5579147293317,1532600
2023-01-17,155.91378784179688,157.44397022499564,155.3811270790283,156.1946372743511,2570500
2023-01-18,154.7515869140625,158.58672896869624,154.66442828905343,157.18245249213854,2188000
2023-01-19,155.95249938964844,156.83380937310187,153.26015783082045,153.44416923150393,2184900
2023-01-20,161.64710998535156,161.87953300949792,155.10994643336957,155.60386013733978,2330300
2023-01-23,163.6905975341797,164.44600200129364,159.86514880401836,160.7658176772462,2585400
2023-01-24,164.2813720703125,164.34915720390822,162.30568738512693,163.25479747675953,1644900
2023-01-25,166.8961944580078,167.48696089103174,162.3347008813598,162.3347008813598,1881500
2023-01-26,169.0752716064453,169.16243024496546,167.14801352575958,168.00027073171668,1620100
2023-01-27,168.83314514160156,171.00252028399305,168.53292221810088,168.9977830423065,1637000
2023-01-30,165.80178833007812,168.0486421276903,165.6371504741996,166.9252152288842,2041900
2023-01-31,168.68789672851562,168.72664375789805,165.42416144198424,166.04398091314638,1329100
2023-02-01,169.8306884765625,171.12843311517994,165.61784330739056,167.5644750429778,1456300
2023-02-02,170.61517333984375,171.98071810751696,169.501439957158,171.03162267319655,1145500
2023-02-03,168.9300079345703,170.1696616104845,167.44825183310147,168.50389407014572,1504500
2023-02-06,166.88653564453125,168.45545023005474,166.3054485059212,167.2739172184981,1485900
2023-02-07,169.88876342773438,170.96376418628552,165.45317537793136,166.57660252298015,1808800
2023-02-08,168.5232391357422,169.5014020150886,167.54509103405593,168.24238970496538,1520200
2023-02-09,169.38519287109375,171.99037639460482,168.7556940411155,170.02438584709918,1525300
2023-02-10,165.96649169921875,168.59104862048318,164.6977999496177,167.680685594084,1544700
2023-02-13,168.87188720703125,169.51108011352332,166.31513035872302,166.6056739323703,1995400
2023-02-14,175.55433654785156,175.82550661887882,166.12144549018515,170.1793319655964,3366200
2023-02-15,174.895751953125,175.54462418271217,173.53020759440054,175.21534838459195,2563000
2023-02-16,170.24708557128906,173.99506903339795,169.9081304340968,171.8063205798154,2277900
2023-02-17,167.08023071289062,169.18180609971554,165.7146862465272,169.12370033989757,1890000
2023-02-21,165.29823303222656,166.85746825306146,164.49441700385003,165.3757123026751,1817800
2023-02-22,165.21107482910156,166.3732343335666,163.86490390404475,164.6784140794043,1250500
2023-02-23,166.9098663330078,167.812651903563,164.88101321889505,166.51185740275878,1382700
2023-02-24,165.34698486328125,165.68673669961768,164.05589233546186,164.51214363523232,1642400
2023-02-27,164.64805603027344,167.0457973068356,164.30828936359575,166.73515180445682,1543000
2023-02-28,164.2888641357422,166.03619301996974,163.91997635190302,164.59949478603497,2709700
2023-03-01,164.4830322265625,165.79352906567527,163.44432798520137,164.4636131794399,1799600
2023-03-02,165.90032958984375,166.5507418336153,162.94927104021136,164.43450983964135,1254300
2023-03-03,168.00680541992188,168.50187992300837,166.0750179840534,166.82249560872066,1406500
2023-03-06,169.99684143066406,171.81214445843,168.22037649367357,168.22037649367357,2136100
2023-03-07,168.49220275878906,171.6082856549124,167.96799220740908,170.44339471418974,1436000
2023-03-08,168.36599731445312,169.82211466002914,167.37583337199177,168.56014333138492,1184500
2023-03-09,162.82302856445312,168.61837646911397,162.541519077097,168.3854071864443,1871000
2023-03-10,159.71665954589844,163.88116352269236,159.20216592637163,162.05615834405882,1710700
2023-03-13,155.86280822753906,157.9596208936907,154.2902061341216,157.78487909864845,2394700
2023-03-14,157.93052673339844,160.075865164397,156.5617725523715,158.25087440208952,1901300
2023-03-15,153.69801330566406,154.5716776287686,150.97992512699923,154.29016817740037,2757700
2023-03-16,156.41612243652344,157.00827738757988,152.40694146564675,152.95055621172003,1887000
2023-03-17,154.1251678466797,155.68806768686525,152.83407538631846,155.1832762047381,2480100
2023-03-20,158.27024841308594,158.61001506685594,154.5425914005106,154.98914059011756,2342700
2023-03-21,162.85215759277344,163.405489290629,160.11466470241086,160.14378586415154,2327800
2023-03-22,158.43527221679688,162.6580033930359,158.34789392357973,162.40561506651838,2397600
2023-03-23,155.2997589111328,160.99804132481387,153.86306066251072,159.01771351093782,2423200
2023-03-24,151.97984313964844,153.63982369786234,149.0676079804194,153.32917817092877,2509800
2023-03-27,151.9992218017578,154.19309970633182,151.48472824532058,153.5232834276973,1637500
2023-03-28,154.32901000976562,154.41638830249613,151.24204853863372,151.32941201897353,1825900
2023-03-29,157.38685607910156,157.9207538587248,155.46477074785452,155.53272999246974,1752200
2023-03-30,157.91107177734375,159.68753672938868,157.65868343473096,159.12450290750627,1175800
2023-03-31,161.18247985839844,161.8037560141595,159.48367624988398,159.48367624988398,1514200
2023-04-03,159.64871215820312,161.1824760594069,158.5420635689497,160.59032108018584,1533000
2023-04-04,159.57106018066406,160.55150725114174,158.72650199877492,160.31852312986325,1200700
2023-04-05,157.80430603027344,159.09539866758064,157.3383525741995,158.83329336811698,1380100
2023-04-06,158.27996826171875,158.80416402124604,156.6685280775097,158.23142805137172,1092400
2023-04-10,158.02752685546875,160.53205001696017,157.48391218086078,157.48391218086078,1256500
2023-04-11,159.0856475830078,159.91077169787252,158.22168538486198,158.66821965587377,1203900
2023-04-12,156.74618530273438,160.45442323929322,156.29963611671081,160.10495447139414,1370600
2023-04-13,160.65830993652344,160.7845115362585,156.9888947374663,158.24114936695003,1569700
2023-04-14,163.18222045898438,163.26958394332075,160.6582778428412,160.6582778428412,1736400
2023-04-17,164.78396606445312,165.11401581411442,163.31814642632668,163.7938020030758,1221100
2023-04-18,168.57955932617188,168.8416497787108,166.13327808240254,166.5701103156921,1867700
2023-04-19,168.62806701660156,169.27846418295485,167.3369747983581,167.3369747983581,1430300
2023-04-20,168.6766357421875,169.4338156117439,167.70589080045954,167.84179449980576,2001700
2023-04-21,169.30763244628906,169.822126091367,168.045661032697,168.81254303553632,1321100
2023-04-24,169.22994995117188,169.98712974234923,168.39510879520827,169.66678216725253,1146800
2023-04-25,167.80296325683594,169.59884723876948,167.35641408737857,168.715465828742,2226300
2023-04-26,160.28939819335938,169.03581949759544,159.87198498316874,167.89033277709603,3087400
2023-04-27,160.55149841308594,161.42516289809979,158.0178536316758,161.14365339456162,2105900
2023-04-28,164.3859100341797,164.93924164362937,159.54190328161866,160.3184872204833,1645900
2023-05-01,165.16253662109375,168.22037712979647,163.8423229651769,164.01706474954395,1928700
2023-05-02,173.38473510742188,173.71478479546406,168.5504299895403,168.66691462946326,3821300
2023-05-03,173.2294158935547,177.9084131905916,172.43341281728155,174.36518559301683,2378500
2023-05-04,171.3170623779297,174.68554849516912,170.7540285368392,173.2294310892982,2090000
2023-05-05,171.40443420410156,173.98660438220776,169.31732378043486,173.87982185064908,1638300
2023-05-08,172.74404907226562,173.200300352544,170.55017096781435,172.1713131459218,1244900
2023-05-09,173.75363159179688,174.4913923689348,172.41399891598113,173.31678454541077,1400100
2023-05-10,170.491943359375,175.21946661050723,167.8903391443759,174.73409412682162,2198600
2023-05-11,169.3852996826172,170.1424795944973,167.95830335352161,170.06481821733098,1448000
2023-05-12,169.00672912597656,170.2201605102458,167.7544596424696,169.38531912537277,1053100
2023-05-15,170.36572265625,170.42396497777384,167.76413354557803,169.52117936937216,975800
2023-05-16,169.46295166015625,171.1714574258698,168.81253951401405,169.86094582901745,1119000
2023-05-17,171.9286346435547,173.45269647676753,169.86094320871737,171.38501985432228,1073800
2023-05-18,175.74363708496094,176.10282274362655,171.09377587784607,171.09377587784607,1344300
2023-05-19,173.2100067138672,176.1416604816245,172.3169231765646,175.99605467047422,1227300
2023-05-22,169.5697021484375,173.33619688108936,169.1231678153774,173.1905910795243,1715400
2023-05-23,164.580078125,168.35627506263967,163.67729250923418,168.35627506263967,2605800
2023-05-24,163.32781982421875,164.39564507640623,162.30853477665633,163.81319224568745,1619000
2023-05-25,167.15469360351562,167.57340088790698,162.7241078538573,163.5323258359179,1619000
2023-05-26,167.25205993652344,169.52090960095597,166.96967768207162,166.96967768207162,1390000
2023-05-30,164.652099609375,168.49842585613334,164.3210267363156,167.9044351799689,1037500
2023-05-31,163.38626098632812,165.3824606826121,160.79608530913882,165.02217627234114,2088700
2023-06-01,166.6483154296875,167.63180195392331,162.45143664502416,163.38623248110116,1791600
2023-06-02,172.56875610351562,172.74402476367453,167.3104882823662,167.3104882823662,1652900
2023-06-05,172.56875610351562,172.91930828214646,171.1178566972883,172.0916110981169,1712900
2023-06-06,176.15216064453125,176.6974755759793,172.60769531083835,172.75376738220058,1622100
2023-06-07,172.5979766845703,177.98283761757332,171.8676608452844,176.15217449243622,1791300
2023-06-08,173.79568481445312,174.117025556223,170.7867872210351,171.30287587524674,1181800
2023-06-09,174.311767578125,175.2757897708573,173.35749243858902,174.01965314849048,1377700
2023-06-12,176.19114685058594,176.23009049408648,172.9680217369996,175.12975797999565,1324600
2023-06-13,176.64877319335938,178.5183796882107,175.84055533191693,177.22328467107852,1179200
2023-06-14,176.69747924804688,178.138631593899,174.915506920246,177.2233000842656,1603600
2023-06-15,172.04293823242188,174.14625152213898,169.2093239247271,173.8638692542977,3526600
2023-06-16,171.73133850097656,173.6009452957786,171.02050189995356,172.61745863249158,4719600
2023-06-20,169.22874450683594,171.8092021833616,168.7029237496884,171.2054793032458,1529400
2023-06-21,171.49758911132812,172.46161114171505,168.23552137714864,168.93662560682816,1867700
2023-06-22,171.07891845703125,172.0331936396263,169.74487964046276,171.63395075669396,1163200
2023-06-23,166.9501953125,168.83928129829488,166.51200878735386,168.78085840938388,2099400
2023-06-26,167.00860595703125,168.65425321283584,165.567453655736,166.07381008636338,1525800
2023-06-27,172.6563720703125,172.8803313983557,168.26474553865,168.57633918745213,1442100
2023-06-28,172.99722290039062,173.3282958545669,171.98450992979795,172.8316864233025,1235300
2023-06-29,176.512451171875,176.6487761834432,172.45189740768782,173.2211567890416,1716100
2023-06-30,178.86892700195312,180.03742917237562,177.3985485221773,177.52514133389607,1696000
2023-07-03,179.3947296142578,180.115313061242,177.64196910693798,178.59625890766807,1154100
2023-07-05,177.34014892578125,178.91764117835973,176.31771867886894,178.70341401885292,1572900
2023-07-06,177.26223754882812,177.62253676647748,173.56198285929344,175.34395512503247,1357700
2023-07-07,180.7872314453125,182.20890443837004,176.57087343740156,176.59035268421806,1904400
2023-07-10,185.92864990234375,185.9773405893944,181.03066692294112,181.0696105575947,1912100
2023-07-11,186.24026489257812,188.16830934084243,185.58785121462282,185.9870940925444,1941700
2023-07-12,185.02305603027344,188.22671611629727,184.75040600486443,188.22671611629727,1944900
2023-07-13,186.45448303222656,187.35033527167082,185.5586307927823,185.92866220888567,1347000
2023-07-14,184.41934204101562,185.9870871923095,182.67632823273485,185.9870871923095,1817300
2023-07-17,186.26947021484375,187.8274831778981,182.97819048931848,182.97819048931848,1422200
2023-07-18,188.5772705078125,189.2686277739009,186.1915753280371,186.38632322587978,1422600
2023-07-19,185.2178192138672,188.46040808488442,185.00359207078992,188.15854661736063,1951900
2023-07-20,186.45448303222656,188.4214710244371,185.27624856249622,185.60732148305578,1547700
2023-07-21,189.7847442626953,190.75849875323416,188.0612095124279,188.18778749254417,6638600
2023-07-24,189.17124938964844,189.3562650814044,186.79528655337208,188.67462519423793,1793700
2023-07-25,189.716552734375,190.80715279963803,187.4866470587,188.49935985499695,2261300
2023-07-26,188.64544677734375,191.08957997351516,186.98033497667902,189.3076075343675,3471200
2023-07-27,190.61241149902344,191.8880273033728,188.8888621619233,189.21994992887474,2481900
2023-07-28,194.37109375,194.7313780813962,192.09251228526347,192.62808011457622,1503300
2023-07-31,196.51336669921875,198.07137963190243,194.36137786582205,194.60481645790935,2731900
2023-08-01,199.36648559570312,200.53498792977481,193.54342345747466,194.3126977710719,2935100
2023-08-02,198.1687774658203,201.10952028322055,197.14634710415243,198.6459225306962,2882100
2023-08-03,195.57858276367188,197.4676538725889,192.14123082226067,196.47443505423524,3288400
2023-08-04,197.6526641845703,200.28179809600567,194.1763686987969,196.7178682801241,2650000
2023-08-07,199.32752990722656,200.2136500092247,198.24666188985756,199.1814726852768,1540600
2023-08-08,201.0413360595703,201.7619047922642,197.62344867258906,197.75004149679214,2506800
2023-08-09,200.71023559570312,203.51465279073278,199.590424071519,201.05105555087835,2040000
2023-08-10,202.920654296875,205.442674322071,202.15139495150467,202.920654296875,3442600
2023-08-11,203.03756713867188,203.82632084892703,201.20691858673806,201.56720303557046,1702000
2023-08-14,201.41136169433594,203.5146748182615,200.12601357970146,201.95666179498775,2476900
2023-08-15,200.59339904785156,202.5214285288578,199.77544894782616,200.934219018685,2042500
2023-08-16,201.56961059570312,203.5220477786415,199.28526266668447,199.39264730758262,1770200
2023-08-17,197.518310546875,202.77037136618134,197.34258345351466,202.77037136618134,2775100
2023-08-18,197.2840118408203,199.2169353795916,195.4682446624044,195.61468638887024,1781700
2023-08-21,195.0582275390625,198.7092903056741,193.86723970755492,197.28400465789989,2210800
2023-08-22,199.0997772216797,199.65622896458154,194.94109141649255,195.24371679417737,3170800
2023-08-23,198.4164276123047,200.29076550998877,197.92831831928547,199.09002082001734,1509200
2023-08-24,194.06246948242188,200.49576073229218,193.72080194422688,198.17235593055244,1903200
2023-08-25,195.03871154785156,196.58113875505813,193.51581288390213,194.8825278895364,1510400
2023-08-28,197.7135467529297,198.24071312500743,194.4041663803556,195.88802278483496,1062100
2023-08-29,201.24746704101562,201.5501073325301,196.71781313907326,196.87401169677474,1189400
2023-08-30,200.4665069580078,201.63796636596672,199.56837268612762,201.19867094997144,1098500
2023-08-31,198.67025756835938,201.5989135989852,198.58240146246015,201.22796063099472,1321000
2023-09-01,200.92530822753906,201.51103041741578,198.88500014611677,199.8026479624278,1086000
2023-09-05,196.24923706054688,200.66174959781614,195.54635842997604,200.66174959781614,1989000
2023-09-06,197.60618591308594,198.5531192363152,194.76538594339812,195.3218377480631,1487300
2023-09-07,195.11680603027344,197.2449703155861,194.0722598783512,197.19615640659975,1847300
2023-09-08,200.56411743164062,200.80817209264185,195.27301416864333,195.61469665241083,1753500
2023-09-11,199.30479431152344,203.2779962947704,198.31880398540804,201.96011011332237,1715800
2023-09-12,198.95338439941406,200.2419854046403,198.3481186446733,198.96314122439264,1399600
2023-09-13,195.46824645996094,198.98263938466982,194.80442496080133,198.2407186098596,1676200
2023-09-14,199.35360717773438,200.31029723640236,195.28276250084625,196.39565111078232,1729300
2023-09-15,198.32858276367188,200.32983395774318,197.41093485740112,199.55861288931806,3899800
2023-09-18,195.90753173828125,198.80690202751413,195.8001619977073,197.7818844653092,1700800
2023-09-19,193.81845092773438,195.91733003545644,192.23698142666885,195.7416029264964,2356300
2023-09-20,195.10707092285156,198.1138263209248,194.87277307118723,194.87277307118723,1499900
2023-09-21,190.52859497070312,193.34010949127017,190.4504956900302,193.0081987203462,1730800
2023-09-22,189.7378387451172,192.227199036919,189.38639946985208,190.57738729736647,1374900
2023-09-25,188.3418426513672,190.8214461752461,186.01845257052582,188.62495438001903,2141400
2023-09-26,187.1996612548828,190.54809858199295,186.21368589524002,187.4339590662442,2188700
2023-09-27,189.26927185058594,191.6121905930731,187.41444752486234,189.4547557727497,2284300
2023-09-28,194.80442810058594,195.52682034414832,189.48403961441346,189.81595036934286,1786700
2023-09-29,191.8855438232422,195.03872602930537,190.64574191285416,194.6092023171544,1764500
2023-10-02,189.14234924316406,191.47551104573353,187.18991208968626,191.33884104082662,1640700
2023-10-03,185.86224365234375,188.4101745884699,184.83721122591828,187.40467070332363,1650500
2023-10-04,190.18692016601562,191.27050854249967,186.00869073593344,186.64324178137835,2282600
2023-10-05,190.13807678222656,191.45596278756264,187.970870573368,190.782369655632,1582700
2023-10-06,191.3192901611328,193.1155434535067,188.26373650190936,188.72256037108016,1735800
2023-10-09,189.80618286132812,189.93309605111116,184.98367529645873,188.41019735737194,1615400
2023-10-10,193.74034118652344,196.50302659172206,191.04596843846002,191.04596843846002,1691900
2023-10-11,193.55487060546875,194.21869211924974,190.499301547959,193.7501113509388,1379200
2023-10-12,193.09600830078125,194.4627081434797,191.7097799186411,194.30650961976812,1397600
2023-10-13,188.3418426513672,194.76536266669646,187.90254727150443,192.99840942810434,1531100
2023-10-16,192.3541259765625,194.4139480281437,190.42121712259683,191.6414904968531,1382600
2023-10-17,192.8129425048828,194.81419374049932,191.68054017823505,192.0026792281829,1230900
2023-10-18,189.77688598632812,192.18814707050836,189.33759060452772,191.21192849054594,1255800
2023-10-19,187.73658752441406,191.54384881826294,186.9165675149991,190.55785854645194,1770700
2023-10-20,183.49981689453125,186.91658209621238,183.27529078070532,186.31133131289283,2367800
2023-10-23,184.1538848876953,186.2332353715207,182.4064600645889,184.86652032881435,1848300
2023-10-24,185.6182098388672,186.77991239270517,183.56814475610435,185.24724199252182,1810100
2023-10-25,183.94886779785156,186.16488824070086,182.10381519806367,183.32408847559307,1784800
2023-10-26,182.0159454345703,186.13558890195284,181.97690324682213,184.40767789981624,1528000
2023-10-27,180.86404418945312,183.58768783038118,179.7316269132321,182.26980151222193,1282300
2023-10-30,183.61695861816406,185.11057193101308,182.64073998775743,183.6267303378532,1485100
2023-10-31,184.07577514648438,184.68102590624778,181.58641476010465,183.37289656924978,1234000
2023-11-01,184.31005859375,185.36437637735978,181.48878768150334,185.36437637735978,2313700
2023-11-02,181.28378295898438,182.1135746903568,176.4515040835955,179.91708293827887,3054300
2023-11-03,186.75059509277344,187.3168035892524,182.92382050241937,183.6266989879856,1746000
2023-11-06,186.6139678955078,187.82446953473888,184.83724273404732,187.71708488326692,1543700
2023-11-07,189.87452697753906,190.56764877160802,184.93486300352626,187.25826815174352,2057200
2023-11-08,188.0001983642578,191.20219449718599,187.47303192642192,190.75312734258188,1511400
2023-11-09,189.76715087890625,190.76289811527118,187.69757201924764,188.56640605900196,1490100
2023-11-10,192.90078735351562,193.06674271599184,189.18138224421057,190.07951639959512,1165700
2023-11-13,193.00820922851562,193.72084472157232,191.5731665218394,192.5493852395285,1075600
2023-11-14,197.54762268066406,199.29504765211763,195.22421733795855,195.24374588340328,1853400
2023-11-15,196.38592529296875,198.94361366616155,196.20044134604268,198.5531321222553,1516200
2023-11-16,198.83621215820312,198.9924107208961,196.28829572185896,196.5713925828145,1284200
2023-11-17,200.8765106201172,201.4720045771534,198.95335873735672,200.12481810807483,1295300
2023-11-20,202.03822326660156,202.4287047777223,199.98815809343066,199.98815809343066,1292800
2023-11-21,202.772216796875,203.31049247010165,201.70546178393917,201.70546178393917,1109800
2023-11-22,205.4733428955078,206.24650650113114,203.80959409367478,204.52402450385415,1241200
2023-11-24,204.47509765625,205.94311401214168,204.2010691311583,205.21890216729992,710200
2023-11-27,203.0853729248047,204.82741776827507,202.3709424950169,203.73130369151195,1544500
2023-11-28,200.29617309570312,203.08539546129524,200.18851795597203,202.8309446462199,1345200
2023-11-29,198.1626434326172,201.51951548739498,197.9766922925432,200.35488671192994,1296100
2023-11-30,198.37794494628906,199.00429800794083,196.65547776010544,198.1724310146568,1385700
2023-12-01,204.8176727294922,205.04276442448,198.42690839126954,198.42690839126954,1475000
2023-12-04,205.140625,208.5855745460745,203.6432493742175,204.4457572903831,1462700
2023-12-05,198.38775634765625,203.98577886129564,197.92777664972468,202.8015872475505,1539300
2023-12-06,200.4136199951172,203.30071624912662,199.94385887629832,200.54085287594935,1196500
2023-12-07,203.59429931640625,203.70195444941743,200.94209139116643,201.9403317880684,1248700
2023-12-08,204.93507385253906,205.34613156667803,202.76240848779017,203.2517472648339,1276300
2023-12-11,211.8641357421875,212.6960177269025,206.97074744018386,207.51880454065852,2065500
2023-12-12,212.2458038330078,213.09726348971333,211.00289404772278,211.88369790397272,1546300
2023-12-13,213.4202423095703,214.2423279515689,209.77956025679273,212.37305005599157,1556600
2023-12-14,215.39715576171875,217.0217642097259,213.68446991113467,214.57507013746292,1729200
2023-12-15,216.42477416992188,217.4132332169425,214.4576374763097,215.75928053828878,3845000
2023-12-18,217.38385009765625,217.89276659909572,214.73164233074257,216.75749707028237,1440200
2023-12-19,216.66944885253906,219.43910845178368,216.1213917464648,218.72467793375372,1525300
2023-12-20,212.09901428222656,215.98436561513313,211.72711200918772,215.82777361243936,1874600
2023-12-21,217.10984802246094,217.50132804564277,213.88020876503177,213.88020876503177,1214500
2023-12-22,217.8732147216797,218.36255354905455,216.18010656032476,217.53068650257885,995000
2023-12-26,218.68551635742188,218.97912263703017,216.90433081242008,217.491528438201,1118600
2023-12-27,219.65440368652344,219.7229033533721,218.127669014638,219.16506488484552,1329600
2023-12-28,219.3020782470703,219.9577904466008,218.47019631427645,219.0965493805022,971000
2023-12-29,220.70159912109375,221.79772828180265,219.59570349301924,219.91866892071982,2008700
2024-01-02,217.10984802246094,222.33598313109152,215.8865009502102,220.69181183403578,1524700
2024-01-03,214.36956787109375,216.258423694702,213.36153098288406,215.6516482681704,1299900
2024-01-04,215.3286590576172,217.66769802556587,214.2129671426424,214.92739764021718,1238700
2024-01-05,217.67747497558594,218.63657486414692,214.33039929909182,214.53592817050117,1005100
2024-01-08,223.36358642578125,223.42230469294665,217.6774719092574,217.75576790995635,1690700
2024-01-09,221.65090942382812,222.62958707132543,220.6232949072688,220.78968324876683,1358300
2024-01-10,221.93472290039062,223.1189144302896,221.07348183614772,221.07348183614772,1225300
2024-01-11,222.1402587890625,224.0584736398963,220.5841648397232,222.51216109145926,1176000
2024-01-12,220.69178771972656,222.97210820525072,219.16505312972896,222.93295274049296,758900
2024-01-16,221.51385498046875,221.5530104419921,218.31359040557277,219.24333101540586,1108000
2024-01-17,222.84490966796875,223.04064222160173,220.22206059572636,220.43737088475362,1248700
2024-01-18,227.7187042236328,228.09060650245613,222.83511239782504,222.8448937981073,2209600
2024-01-19,228.68760681152344,229.10844597032616,226.6225963534702,227.70892915241643,1885100
2024-01-22,232.31849670410156,233.21887831663634,229.0888575924089,229.25523099471516,1552200
2024-01-23,232.04446411132812,232.83719057517018,230.71346198270595,231.91723124507965,1268600
2024-01-24,232.7980499267578,234.22692587935876,232.25978916115108,233.37548109487776,1239300
2024-01-25,237.34890747070312,238.33736651954763,236.21363781453755,236.54638463096808,1594300
2024-01-26,236.44851684570312,238.03396979719082,235.90044483933067,237.3488984560193,1119000
2024-01-29,236.9672088623047,237.34889252380597,234.6673105600311,236.42893320289653,1303000
2024-01-30,238.00462341308594,238.80713133189454,235.0685904221274,235.0685904221274,1059900
2024-01-31,234.6183624267578,238.70924230836573,234.16817912118853,238.22968493784407,1181200
2024-02-01,238.47438049316406,238.59181703212465,233.6299291263747,235.2838967394366,1190900
2024-02-02,239.89344787597656,241.4886971383047,236.45829488542574,238.0339664144457,1222300
2024-02-05,239.02243041992188,240.05982630546623,236.68339151065868,238.95393075206053,1338200
2024-02-06,239.54112243652344,240.51001863023626,237.65228184890037,239.0224245065837,1471500
2024-02-07,242.65333557128906,244.66940911303072,239.85431693369856,240.8525723042417,1046700
2024-02-08,244.2583465576172,245.10000985428312,240.56872798501294,244.36600168626404,1030900
2024-02-09,241.75294494628906,245.40340821312245,240.21641394615807,245.2957530797793,1479800
2024-02-12,243.53414916992188,243.82775545923806,240.75470815572598,241.02873671017144,1429900
2024-02-13,229.93052673339844,236.7421147332972,227.0629934877699,236.7421147332972,3110200
2024-02-14,230.3709259033203,231.36918126370716,227.2489418854516,230.78196871443598,2349600
2024-02-15,235.36219787597656,235.72430383462566,231.83895229596655,232.46530540647544,1521700
2024-02-16,236.4778594970703,238.02417180704387,233.218861486823,233.93329191186132,2119800
2024-02-20,237.75994873046875,238.76798550702694,235.3817542950858,236.04726285701457,2162200
2024-02-21,238.6720733642578,239.31937476826855,235.94551467938706,236.64185792329198,1396100
2024-02-22,244.51751708984375,245.6159825661152,240.07459837506832,240.28056813460407,1383600
2024-02-23,246.64578247070312,247.32252095868895,243.81133769215316,243.81133769215316,1477200
2024-02-26,244.42921447753906,246.63596245073816,242.30093045035426,246.63596245073816,1476000
2024-02-27,244.2428741455078,245.01769628965533,242.91881932298477,244.10556597591392,1079300
2024-02-28,244.2036590576172,246.40058985571994,243.40921715422968,243.94864747178835,953400
2024-02-29,245.0667266845703,245.53751038605836,243.10517282477505,244.8999964023439,1698200
2024-03-01,245.19422912597656,246.33193394083344,243.17383107245342,244.19383248081152,1096900
2024-03-04,242.66383361816406,245.674826068427,242.27152882039874,244.96866546007442,1156200
2024-03-05,243.11500549316406,244.39982095782455,240.9671014868517,242.77172755987908,1084000
2024-03-06,242.34999084472656,245.75328806567563,242.22248505200642,243.11499567011012,1314700
2024-03-07,242.1636505126953,244.18404872029075,241.47710961188173,243.6249986518266,1197400
2024-03-08,245.46884155273438,246.28288817631335,241.48688972967332,242.41862479240712,1276800
2024-03-11,243.69363403320312,245.88076229839683,242.24208843242357,245.46883780218104,1176500
2024-03-12,245.87095642089844,247.47942989225993,243.90940267702015,243.90940267702015,1270900
2024-03-13,246.57713317871094,248.25425335933804,243.41903024618,245.0961504268071,1804700
2024-03-14,243.23269653320312,248.13658154395318,242.95808016983867,247.5285045915704,1711000
2024-03-15,239.37823486328125,242.22248200231033,238.68187665126698,241.41823772830705,3709700
2024-03-18,243.74269104003906,244.5665400837433,241.67325108340935,241.8596010978,1915300
2024-03-19,245.0177001953125,245.20403524129236,243.06594871418193,244.56653622204487,1164300
2024-03-20,249.1663818359375,249.79407847195532,244.4684519647922,244.63518224688633,1630400
2024-03-21,250.36294555664062,251.1965970159589,248.50927765060814,249.84313495098652,1530800
2024-03-22,250.2550506591797,251.59871029444366,248.3523409778616,250.99063337316542,1282800
2024-03-25,247.26368713378906,250.7552508178718,247.19502556117874,250.4021705034438,856000
2024-03-26,247.3323211669922,249.4115784531264,246.34174184667788,248.29349334185747,1351400
2024-03-27,248.68582153320312,250.05891835559413,247.8815921499978,250.05891835559413,1302300
2024-03-28,247.45982360839844,250.19619961043125,246.81250724603925,250.16677749991203,999200
2024-04-01,246.49867248535156,249.61753600097808,245.9102003295318,248.6465763989846,1178500
2024-04-02,242.97769165039062,245.36097250127028,241.80074731539588,245.36097250127028,1252300
2024-04-03,245.77288818359375,245.97885792444282,242.02632807952185,242.41863286674973,1071000
2024-04-04,244.10556030273438,249.93137744169087,243.29151368567963,248.470014483537,1607300
2024-04-05,249.0486602783203,249.44098000065853,243.4974746378058,244.11535388160434,1293200
2024-04-08,249.78427124023438,250.14716889522327,248.53869526494773,249.35274194493954,1205600
2024-04-09,250.03929138183594,250.57872172624013,246.5183055349959,250.5492996134062,1152800
2024-04-10,249.4606170654297,250.28446609139596,246.4300049909274,247.44020402727207,1317500
2024-04-11,253.57981872558594,255.56100693189398,248.14632207284802,249.22518249248142,1545200
2024-04-12,246.23385620117188,252.19699675864697,244.52731390319965,251.18676777658655,1931900
2024-04-15,243.6348114013672,252.06949935351037,243.43865899990388,250.1667896318314,1433300
2024-04-16,240.89842224121094,243.95845640736408,240.0353487283451,243.4386458371315,1088900
2024-04-17,233.87606811523438,240.61400068564907,232.9737401900745,239.37822716887996,2684100
2024-04-18,231.75759887695312,236.60263945875892,231.54182674829602,236.02396967801374,1841200
2024-04-19,231.46334838867188,234.69991515160703,230.04122487683503,232.81682529955535,1842300
2024-04-22,232.84625244140625,234.4939504855098,230.9827673119446,233.97413991453894,1046400
2024-04-23,235.08241271972656,235.3668314300701,232.846242630963,232.846242630963,1196200
2024-04-24,239.368408203125,244.82152538138902,238.6328255269462,239.4762942609166,2301300
2024-04-25,237.28916931152344,238.44647888829599,235.61203420134692,237.416675099478,1207400
2024-04-26,236.2102813720703,239.42722808498584,236.11221267116252,236.1416347779815,1065500
2024-04-29,235.86705017089844,239.5449636722394,234.9843419512956,236.8282073755844,1209100
2024-04-30,231.59088134765625,237.2695736798653,230.97298703923795,236.31821877804995,1862900
2024-05-01,229.36447143554688,232.67950192974223,226.37309909304517,229.25658538498232,2157100
2024-05-02,231.03179931640625,232.14988436030072,228.1581302431959,231.80662143179208,1413200
2024-05-03,230.08047485351562,234.17031318348137,229.79605610583098,232.81685108814582,1572800
2024-05-06,232.26759338378906,232.79720632667593,230.8650746302631,230.88469435865682,1067900
2024-05-07,231.45355224609375,233.68972244102306,231.12989406452922,232.26759889085275,897900
2024-05-08,230.82583618164062,231.73795146297863,229.96274777012056,231.02198855731328,1194500
2024-05-09,232.97373962402344,233.16990697756208,226.41235469507095,228.19736088162267,1229700
2024-05-10,235.837646484375,236.04360127587753,232.93453994904556,233.42492845420145,1145300
2024-05-13,232.9345245361328,237.05378471378336,231.66932886135322,236.61243808144016,1288800
2024-05-14,231.3358612060547,233.99377340347166,231.15932853329167,233.39549884777082,2105300
2024-05-15,231.46334838867188,232.90509162883873,231.03180415821814,232.19893106363588,1569000
2024-05-16,234.36648559570312,234.88629622419273,231.11029867375996,231.11029867375996,1280800
2024-05-17,233.1601104736328,234.97455389778938,231.77722628655914,234.36647695077158,1217000
2024-05-20,235.7101287841797,235.89647880120611,232.86586661858738,233.27780611173458,954100
2024-05-21,233.69952392578125,236.58301047277286,232.5716364509501,236.58301047277286,839700
2024-05-22,231.6202850341797,234.79799273216742,230.97296866404574,232.6795259219984,1091600
2024-05-23,228.2078857421875,232.57418575297515,227.9915364619774,232.57418575297515,1650400
2024-05-24,232.6626739501953,232.7905207912703,229.41744995108232,229.94849451747237,909200
2024-05-28,230.25335693359375,233.6657573423805,229.11260892833107,230.92207697324716,993800
2024-05-29,224.66763305664062,228.58156194311593,224.04808608265807,228.01118798390135,1161700
2024-05-30,225.1593475341797,225.78872314900312,222.93685317128893,224.9921562722203,934600
2024-05-31,227.3326416015625,227.54899086424433,223.66456274781655,225.7100371369463,1660100
2024-06-03,224.58897399902344,228.14887842090045,222.27797720247446,227.88335612809522,1644000
2024-06-04,226.68360900878906,227.85385782478667,222.68117739187548,222.8385250490093,1100600
2024-06-05,228.9060821533203,229.35843786871862,225.6903591095664,227.34246433962528,987800
2024-06-06,228.17837524414062,231.54160254075475,227.52932743106646,229.00442791232695,1028000
2024-06-07,227.2638397216797,229.03394844724585,226.30994012786934,227.6768660913451,2723400
2024-06-10,228.89625549316406,229.53547471119853,226.16240377519657,226.1820759833433,1219800
2024-06-11,228.77822875976562,229.3682748995846,226.113207535762,227.93250396228999,1285100
2024-06-12,232.63316345214844,233.19370880382422,230.13533339043678,230.13533339043678,1477700
2024-06-13,236.478271484375,236.77329457565287,230.7647181388012,231.3154199062544,1188700
2024-06-14,235.47518920898438,235.77021228802502,231.2367364901084,235.357185979567,1566300
2024-06-17,240.63807678222656,240.9822729271487,233.65594289030096,234.59017027659036,1406900
2024-06-18,239.01547241210938,243.0965781073204,238.11074583647581,241.2084511226722,1320100
2024-06-20,239.92999267578125,240.34301898680482,238.63191212763536,238.6515693289956,1154400
2024-06-21,239.48748779296875,241.85748625518488,238.72043671477826,241.61163616588027,3289900
2024-06-24,241.58212280273438,242.18199758968743,239.19245225600415,239.19245225600415,1058600
2024-06-25,240.76588439941406,242.77201430192315,239.7333111384254,242.4376618190878,1283800
2024-06-26,237.50100708007812,239.22195764876514,235.6915540834639,238.64175505835593,1592600
2024-06-27,238.22874450683594,238.9171217788209,236.21277070598788,238.9171217788209,1153600
2024-06-28,237.7567138671875,242.6933729665312,237.0191635828295,238.37624590230894,6788900
2024-07-01,235.53419494628906,239.3202920150023,233.50839277651426,238.16971549155247,1475000
2024-07-02,235.99639892578125,236.13407436705575,232.75117494659955,235.8292226760549,1417300
2024-07-03,236.1832275390625,237.65832785970863,234.52127877692175,235.6521980260483,866700
2024-07-05,236.97979736328125,237.37316648204964,234.49179583337414,236.50776942625671,851900
2024-07-08,235.87838745117188,239.02526528857427,235.19983886949038,238.07136583396363,1040300
2024-07-09,233.57723999023438,236.8617933421578,233.4493931513729,236.8617933421578,1254900
2024-07-10,238.49424743652344,238.71059670521205,233.22322117351484,234.00994442279182,1376000
2024-07-11,235.7997283935547,238.90727701746587,235.2785274224839,238.90727701746587,1765400
2024-07-12,238.759765625,241.36578556945267,236.17343289468857,237.16666185141287,1699300
2024-07-15,242.5753631591797,242.75238302549525,237.9730567119546,238.76960859662827,1062300
2024-07-16,250.87525939941406,250.95393322666604,243.57843073364754,243.82428081674814,1562300
2024-07-17,243.4407501220703,251.0916033453879,243.38174850425776,249.04612889673132,1752900
2024-07-18,240.0381622314453,244.3749609137695,239.99883282405892,240.70688220098927,1399800
2024-07-19,239.8611602783203,241.6411123425524,238.62206635102282,240.93306295709584,1342500
2024-07-22,238.90728759765625,239.94968958596135,237.14699253736845,239.56616404299064,1212700
2024-07-23,238.28773498535156,241.52313052061962,237.95338246966685,238.63193110799656,730900
2024-07-24,231.13841247558594,237.59936000047887,231.00073702632102,237.23550667145702,1762500
2024-07-25,229.8698272705078,233.567407111468,228.4734006017596,231.0990776837191,1380100
2024-07-26,232.67251586914062,233.79359160555774,230.11566909917298,231.68911557384502,929400
2024-07-29,234.49179077148438,235.54403626029065,231.7874400360069,233.99026203706575,1335700
2024-07-30,234.80650329589844,237.5305114327252,234.09845385092225,235.03268117247467,1752800
2024-07-31,223.52688598632812,232.29881465741607,219.22941657165524,226.18206373340337,4316500
2024-08-01,215.1483154296875,222.73033830972912,212.03093829389277,222.39597080511098,3067900
2024-08-02,210.12313842773438,213.04383849314507,206.53373336692206,211.54906584892703,3679000
2024-08-05,207.84165954589844,208.81521624002957,201.15453450033635,205.599508060842,4057500
2024-08-06,211.6769256591797,214.7844743712218,207.68432263299198,208.97257469256996,1911700
2024-08-07,211.20489501953125,214.02724919084827,210.23132328189132,212.35547161556116,2854400
2024-08-08,212.21780395507812,214.19443330711843,211.21473137090146,211.87360782158157,1369600
2024-08-09,214.35174560546875,215.36464662431234,210.4968185715744,211.92274587917493,1214100
2024-08-12,211.11634826660156,214.33207113026282,210.85084101588822,214.33207113026282,1075200
2024-08-13,212.83731079101562,213.25035210451333,209.72977737765453,211.68673428897893,1081100
2024-08-14,213.49620056152344,214.0960753150422,211.9620835648629,213.39785453419367,847400
2024-08-15,218.21653747558594,219.24911087169102,215.29583715784534,216.03338743999197,1726700
2024-08-16,217.51632690429688,218.61100979465672,216.69777888283667,218.55184018678133,1005700
2024-08-19,222.04296875,222.8812449383041,218.009413548309,218.2461070133906,1068600
2024-08-20,220.05087280273438,222.36843442665,219.7944510996422,221.40196236790032,1069700
2024-08-21,221.41180419921875,222.0331151482669,219.98181690133083,220.97788874640432,710500
2024-08-22,221.02719116210938,222.78262637106633,220.05086256337185,220.72147149793008,991200
2024-08-23,222.1514434814453,224.5084612710114,221.84572383838088,222.86150880324283,958300
2024-08-26,221.56961059570312,224.98187011632496,221.05678224703047,223.44340011852867,1104900
2024-08-27,224.4788818359375,225.03115153315483,220.71160494522178,221.3033160287172,1017700
2024-08-28,224.18304443359375,225.03116218860774,223.05876172045316,223.2954551939914,1026200
2024-08-29,228.17713928222656,230.38623318460475,225.72151037393792,226.57949974688492,1954400
2024-08-30,231.45132446289062,232.1811029709396,227.86155638153156,229.35071324762396,2218100
2024-09-03,227.5361328125,231.46120576527028,226.56966073882958,230.96810561875364,1802700
2024-09-04,226.29351806640625,227.4769553676406,224.96214169737902,226.8260595850841,1412200
2024-09-05,225.89901733398438,227.3684610618963,223.72937988509483,226.55976966784223,1808800
2024-09-06,224.4591827392578,229.68603202148827,224.02525222189038,226.30337238984774,3355300
2024-09-09,225.4355010986328,227.76293418280534,223.4137876700905,225.77080555653558,1876900
2024-09-10,222.55581665039062,225.8398654072965,218.8871503840213,224.53807380712965,1755200
2024-09-11,224.19288635253906,224.63667341919833,218.77864200427896,222.55579045949162,1330900
2024-09-12,227.51638793945312,227.634742198745,224.44930465069424,225.6426135391348,1044100
2024-09-13,228.5420379638672,229.35071429641792,226.50059634281294,228.3546575196289,1034100
2024-09-16,229.2521209716797,232.49671323290644,228.69983618097004,229.85370373722287,993100
2024-09-17,232.358642578125,232.97008192051948,229.54796583334863,230.50458128412674,1005300
2024-09-18,235.44546508789062,238.3941943546361,233.5322340977807,235.60324569927417,1539600
2024-09-19,241.0865020751953,242.62497194477777,238.69988440259428,239.61705839298105,1676100
2024-09-20,241.01748657226562,241.36266269062142,237.57564216706683,240.53424301621197,3663400
2024-09-23,238.3350067138672,241.7472661156448,238.029287051648,241.47113125633575,1393400
2024-09-24,243.96621704101562,244.04511486498492,239.49873121527554,239.66638344812733,1225300
2024-09-25,242.1121368408203,244.2028763435265,241.25414752569466,244.05495234030485,951400
2024-09-26,247.25027465820312,247.53626611337148,242.82223005817778,244.7453175621632,1431800
2024-09-27,249.548095703125,250.9189133996108,248.19700622443486,249.32127386724895,1238400
2024-09-30,245.16937255859375,250.4455345312112,243.05890475990265,248.57176019480886,1646300
2024-10-01,242.6841583251953,245.8695809060597,239.74528580581438,245.2778697874323,1382500
2024-10-02,245.3863525390625,245.563861360273,241.47113635689038,241.9050518248121,857600
2024-10-03,246.03721618652344,246.2245966280531,242.61510036510893,242.66441338365155,935600
2024-10-04,251.09645080566406,251.32327265377327,248.73943276737094,249.78480264360329,1129400
2024-10-07,251.63885498046875,252.31933554872867,249.57770010575487,250.4948590989947,2406700
2024-10-08,253.03924560546875,253.79863905579967,250.03134689696472,251.7966537624197,1207900
2024-10-09,258.2661437988281,259.39039650991486,252.46728112016802,252.75328763906663,1442600
2024-10-10,256.9446105957031,258.3055716980487,255.71186033581645,257.2897866877598,1038200
2024-10-11,259.00579833984375,260.49497047393095,257.4475849592813,257.6251238925671,1084700
2024-10-14,257.95050048828125,259.7059354946809,256.8262480037705,257.61519605969244,1139700
2024-10-15,256.98406982421875,259.68627920530815,255.91898670579837,257.7631765151834,1252400
2024-10-16,258.9465637207031,259.6566289862518,256.01754826236964,256.836081091053,709200
2024-10-17,260.91900634765625,261.5403173181631,258.6704709902868,260.8499651072793,1163500
2024-10-18,261.934814453125,262.9012715176993,259.44957035234376,260.91902931403536,886800
2024-10-21,261.3134765625,262.76319210676303,259.6270825935222,260.8400896166279,869100
2024-10-22,261.836181640625,262.22081420684265,259.71585699879404,261.1458293867987,1198100
2024-10-23,254.26217651367188,259.3706870041426,251.95445630291724,256.8854730052112,1990300
2024-10-24,257.0333557128906,258.20693632560136,253.87750312306588,256.3824599876227,1195100
2024-10-25,258.5027770996094,261.47124916585955,257.7532553588164,259.67635767945524,1162000
2024-10-28,258.9268798828125,260.94860858032473,257.08269011476244,260.70205850231923,1127500
2024-10-29,260.2483825683594,261.45151790749696,258.6605846124138,259.17339787646137,791500
2024-10-30,260.61328125,261.93478594074145,259.61720939127446,260.03142672846445,897800
2024-10-31,256.4317626953125,261.707939733698,256.33316675341706,260.61327196855103,1308100
2024-11-01,256.9742126464844,259.7553046426048,254.86372961360826,254.9130576851798,1481600
2024-11-04,252.8913116455078,253.14773332997387,246.10626445983553,251.90511143933594,2222000
2024-11-05,256.07672119140625,257.4672669418819,250.57372283591852,250.57372283591852,1604300
2024-11-06,272.44769287109375,273.58181714836,264.7848976056901,266.3825372080148,2148500
2024-11-07,273.8480529785156,274.6567443321906,270.08076114729465,272.3194547703597,1472700
2024-11-08,276.9250183105469,278.89741881160904,273.3845630227135,273.9762891923208,1516600
2024-11-11,281.9645080566406,282.2406429139372,277.1913026111184,277.1913026111184,1895500
2024-11-12,282.0729675292969,283.03945455028503,279.7948474979489,281.67849347255685,1143200
2024-11-13,282.5168151855469,285.0513573056568,280.43591679897787,280.761379768162,1274000
2024-11-14,278.128173828125,283.5424334746113,277.8717822377793,282.52664845691476,1396800
2024-11-15,274.9328918457031,278.5621013756326,273.8382240648447,278.0985860755941,1751100
2024-11-18,277.5660705566406,278.34514707952457,274.2129656517676,276.71792269712614,1733900
2024-11-19,275.4161071777344,276.83623781239106,272.46737833737666,275.4456919786047,890500
2024-11-20,276.3135986328125,276.9546228219836,274.696245757003,275.6922876153352,938600
2024-11-21,280.1585388183594,280.54400799463235,277.02522551642966,278.65614713961844,944500
2024-11-22,280.99871826171875,281.6510809108671,279.6050385336658,280.04981068244706,990300
2024-11-25,284.665771484375,286.2769055034345,282.4912292198278,282.7679864022001,1808400
2024-11-26,284.84368896484375,286.4449291515762,283.21279729925595,285.45650630403554,1459100
2024-11-27,282.29351806640625,284.5668781214183,281.32485299931227,284.5471205273304,1112900
2024-11-29,285.74310302734375,287.0675857714184,282.23421465167525,282.24407836656997,702400
2024-12-02,282.9261169433594,286.5832931664344,281.34466468239884,285.6245218969862,1574300
2024-12-03,281.6313171386719,284.65588866508364,280.4254400477039,283.8849200439252,928800
2024-12-04,286.27685546875,286.6524609000945,281.2062424741291,282.76793698079484,1115400
2024-12-05,289.0939025878906,291.2387631064969,286.5239973533999,286.60305790271036,1307400
2024-12-06,289.2026062011719,292.02951092616115,288.9555005158948,289.3014545081363,1013100
2024-12-09,283.64764404296875,290.4677541740742,282.96563001343173,289.10372611500014,1064700
2024-12-10,284.3395690917969,286.3954750189654,282.1946785777899,285.6640518794202,866700
2024-12-11,288.3525695800781,289.5683102147089,286.18792142053127,286.63269354383493,876800
2024-12-12,286.6326904296875,290.606169006968,286.3954786331694,289.2915499179737,1168000
2024-12-13,283.7563781738281,286.2373288272635,282.75809174892487,285.2686637128076,797200
2024-12-16,287.0379638671875,288.6886431509433,283.0249698691921,284.25060444071715,976900
2024-12-17,286.0890197753906,287.94725895988506,285.12035483591154,285.4267634073695,1310600
2024-12-18,274.43560791015625,287.8781651752274,274.31700199027324,286.14842512696424,1861100
2024-12-19,275.7897033691406,279.51607642181955,274.96932576331153,277.9444878774469,1489900
2024-12-20,280.6725158691406,283.6081326455661,273.60529923382546,273.6250568297047,2619100
2024-12-23,280.3463134765625,280.8701762603478,277.2327882459793,280.20791983045166,907800
2024-12-24,283.07440185546875,283.23252294868047,279.48642249733376,280.3463454514121,424000
2024-12-26,283.2424011230469,283.9441727807328,281.55220678412076,281.71035803283115,473700
2024-12-27,280.3760070800781,282.7383218193577,277.5293446708935,280.7219610830762,717600
2024-12-30,277.06475830078125,278.83404333939797,274.2773991109693,278.41889254259496,1021000
2024-12-31,275.71063232421875,277.9444772947703,274.98907288891894,277.7270230926435,740200
2025-01-02,271.2726135253906,277.98398172845725,270.34349380355155,277.90492118722807,1211900
2025-01-03,272.0929870605469,273.7436661654526,269.03876467856816,272.8738494034136,1773000
2025-01-06,269.46380615234375,272.71572545638196,268.8509888716399,272.0633628195547,1260300
2025-01-07,266.65667724609375,270.7289739811757,266.1624658915592,268.37652310730846,1132100
2025-01-08,270.36322021484375,270.72893173384716,266.70604469628444,266.9531503349908,1172200
2025-01-10,267.6253356933594,271.9743894720716,267.39798761680066,270.00743798258793,1317600
2025-01-13,269.13763427734375,270.1655722008667,266.71598651702124,267.2497432385641,935700
2025-01-14,273.2297058105469,273.53611446366256,268.92019690590735,269.83942286525433,1106000
2025-01-15,272.8540344238281,280.30674893948685,272.6168226630341,278.3397977062904,1513400
2025-01-16,272.8046875,274.6036242004754,271.865673792535,272.8046875,1588200
2025-01-17,273.97100830078125,276.3630046079366,273.2988880758599,275.76994493007203,1805200
2025-01-21,274.5047607421875,274.8309269695739,266.59737893214526,268.12942209213384,2772900
2025-01-22,277.1636657714844,277.52937741392924,274.4949119069458,274.5542148671113,1412400
2025-01-23,281.7696838378906,281.8388806706146,274.1983618656886,278.5276583869984,1694400
2025-01-24,280.82073974609375,283.27203873474883,279.0811364239412,281.70045036819596,1339800
2025-01-27,284.7151794433594,284.9326336689616,277.17353871221206,278.1916130038337,1569700
2025-01-28,285.2983703613281,287.5124277721513,283.01508595107936,283.97385726992155,1403400
2025-01-29,286.3065185546875,286.9094419136851,283.86511331618493,286.019867530045,1302200
2025-01-30,289.1531982421875,291.5748158686578,287.551958221715,287.551958221715,1030500
2025-01-31,287.2257385253906,290.3096124130787,285.9408011269426,288.2734641368676,1293100
2025-02-03,287.0972595214844,287.6013647695312,279.81258878169854,283.4697649714837,1218000
2025-02-04,287.3839416503906,288.48107652745415,285.7530499920217,288.10550118503915,1401800
2025-02-05,289.0049743652344,289.74629150985214,284.74484408970085,287.69035507012,1329700
2025-02-06,299.4426574707031,300.60898897225275,290.10205125059105,290.57650498741083,1826800
2025-02-07,300.4508361816406,303.95972454742923,299.35367134721986,301.399713486135,1662500
2025-02-10,300.9253234863281,302.6748209248247,297.87107059166556,302.378306160425,1770800
2025-02-11,284.665771484375,292.167897050657,281.72026062862847,287.9473424784115,3055500
2025-02-12,287.08740234375,288.0955826985351,280.2079582245979,280.6923058880867,2692500
2025-02-13,284.9029541015625,288.0856764547065,282.599942444798,287.3048442270807,1899300
2025-02-14,280.2376403808594,287.1961458102415,279.802731906256,286.9193886140641,1659900
2025-02-18,285.0809020996094,285.9506887794037,277.6281861376372,280.2376065055571,1601800
2025-02-19,284.2308349609375,285.58496926110655,280.6527495406834,283.16335169557436,1414100
2025-02-20,283.8750305175781,284.31980266380555,280.0300514782214,283.59827334961363,1153100
2025-02-21,274.2576599121094,283.8750240678362,271.81625452850085,283.33137346021823,1983200
2025-02-24,273.5558776855469,277.3514172557707,271.55924451487675,276.1158888736301,2058300
2025-02-25,274.2477722167969,274.5640747413512,268.55447759616476,274.4454688357106,1807600
2025-02-26,278.8933410644531,281.700457796113,275.70072501696154,275.9379669668063,1607600
2025-02-27,274.61383056640625,281.00343633088664,274.08879539644624,278.8438599889206,1571200
2025-02-28,277.823486328125,279.7056860262793,275.158676829201,276.3573362331766,2269800
2025-03-03,275.1190490722656,281.8157488067583,272.7910516587864,277.3776948064185,1635200
2025-03-04,268.26385498046875,273.8213311673135,265.4900900133362,273.8213311673135,2390100
2025-03-05,268.5610656738281,269.9182303376287,265.50989395372795,267.02556379288956,1456000
2025-03-06,260.1703796386719,266.0349197618655,259.6849783405473,265.86652880331087,1663100
2025-03-07,260.28924560546875,262.4983716847199,254.2463683956768,259.00143269613227,2337400
2025-03-10,254.81103515625,258.2485384563225,252.68117679475836,255.94034288919232,2447300
2025-03-11,244.00320434570312,253.5331042996235,241.0412165848275,252.48303404888603,3143000
2025-03-12,241.52662658691406,246.70764146647375,237.94053406539933,245.67738810283825,2349800
2025-03-13,235.06768798828125,241.63560051409289,233.99781587490165,241.18981794753722,2026600
2025-03-14,240.8331756591797,241.33839385810887,236.76166689167903,237.177731605365,1414000
2025-03-17,245.78634643554688,247.0642583937307,239.97132628360293,241.63558512364554,1971900
2025-03-18,238.13865661621094,244.89479200630947,237.682958038263,244.76600466812934,1253600
2025-03-19,245.30093383789062,246.2717666254606,239.26797277573198,239.33732445308027,1373500
2025-03-20,242.54696655273438,245.69719237237223,241.60586672641145,242.6163182288482,922600
2025-03-21,235.26580810546875,235.7115906362045,227.23176118476528,233.58171725353654,4301000
2025-03-24,240.6449432373047,241.20961218681649,237.02913317367577,238.8122783880767,1935600
2025-03-25,244.17160034179688,244.4390759035004,239.33731400293178,241.44735532159575,1401100
2025-03-26,244.4093780517578,248.0846240781302,243.76547158616455,244.94431410300152,1842200
2025-03-27,242.16062927246094,243.6762990282641,237.44521393394936,242.93332306499255,1952900
2025-03-28,234.79029846191406,241.13036890009255,233.78976296889263,241.13036890009255,1570700
2025-03-31,235.9691619873047,237.4352969833016,228.75734320800993,232.6010103466911,1948800
2025-04-01,236.0087890625,236.74184898151486,231.233923105347,235.2558971034458,1451300
2025-04-02,240.288330078125,241.74456417315642,232.89820430643923,232.89820430643923,1718800
2025-04-03,222.51634216308594,228.42053111360775,221.26814799114484,228.23230811840327,3459900
2025-04-04,212.57037353515625,220.57470288894353,210.56928741773834,216.28525327210605,3573900
2025-04-07,211.36178588867188,222.0408250119936,203.47632830563904,205.8241424423474,3900200
2025-04-08,209.1427764892578,220.03975732759503,205.67555531342325,218.52408756571526,3721900
2025-04-09,231.20420837402344,233.08640806510255,206.2105016825602,208.64745433034113,4482400
2025-04-10,220.83226013183594,228.06389563394654,215.2351807664121,226.3104681840041,3602900
2025-04-11,223.11073303222656,225.61703744195975,216.95888531640924,220.86198818509934,2013800
2025-04-14,221.39694213867188,223.35839450231322,217.93962178768496,222.82344332939326,1875700
2025-04-15,220.49545288085938,223.3782032181911,219.35621401203406,222.52625685060497,1205400
2025-04-16,216.74093627929688,221.88233224328462,214.65069668027007,217.88017513250054,1671300
2025-04-17,218.3457794189453,220.33694955610338,216.4140449402271,219.1977257936473,1523400
2025-04-21,213.66998291015625,216.93908016868173,210.53957389334352,216.2555398645673,1543000
2025-04-22,218.52407836914062,219.29677213225136,214.94788693079113,215.49273897295487,1476500
2025-04-23,227.63790893554688,234.2256378303544,226.2213087700964,226.73644297384377,3492900
2025-04-24,234.04733276367188,235.12713600085078,225.41891358203839,226.34019653436678,2329800
2025-04-25,233.98788452148438,235.7908467107721,230.63954992348218,234.3048948423682,1989900
2025-04-28,234.71104431152344,238.57452825174093,231.87784391760172,236.0583079479881,2418200
2025-04-29,237.42539978027344,238.59435650305758,232.92792521443306,233.1260491171076,2255100
2025-04-30,236.34561157226562,236.81121105711034,229.04463919449796,232.33353830212178,2246300
2025-05-01,241.66529846191406,243.93386007458872,238.1089240108925,239.00048907065326,1818200
2025-05-02,247.1336212158203,248.1935924047726,244.81553982012153,245.2514214738532,1302000
2025-05-05,244.95420837402344,248.49076584229323,244.19141554130502,245.67736736001478,1894400
2025-05-06,249.60031127929688,256.16820868300687,247.66856163290888,253.74117194693258,2527700
2025-05-07,253.59254455566406,255.68278406623492,248.4412327895616,249.42196643833003,1866500
2025-05-08,256.8715515136719,260.6557831155226,253.5925683711332,254.46431658046717,1787500
2025-05-09,255.55401611328125,257.55508717776877,253.29537037142924,256.6833238683224,1489000
2025-05-12,269.4129943847656,270.85934275908465,266.114194260177,266.8769720669669,2551100
2025-05-13,271.57257080078125,273.4349383652574,268.66998858509504,269.4525983466585,1690300
2025-05-14,270.0370788574219,273.038700451373,269.54176156316083,269.8488558670612,1520800
2025-05-15,268.9275817871094,270.393731909708,268.1945218416948,269.44270090662104,1483500
2025-05-16,270.67108154296875,270.7602350222071,266.80758271870855,268.996906780927,1235000
2025-05-19,270.6314697265625,271.19613870613586,266.9265059839417,267.0849809165321,1099100
2025-05-20,264.83624267578125,269.095989471629,264.420193085606,269.095989471629,1500400
2025-05-21,258.24853515625,262.112004032897,257.7036982213548,261.41857795500937,1271800
2025-05-22,258.24853515625,259.6552193522701,256.7823850712643,258.7240506455945,1082900
2025-05-23,255.94435119628906,257.20568801714074,253.7891216559718,253.94803524366196,1270700
2025-05-27,264.287109375,264.53540616503483,258.3081032727747,258.3081032727747,1338900
2025-05-28,262.727783203125,265.0717205277565,262.38016165506406,264.7737462109906,1340600
2025-05-29,261.8140563964844,264.3665547080526,259.22185242091547,263.7507835097029,949700
2025-05-30,262.0325622558594,263.31378221402076,260.31436782023565,261.7743541977681,1245300
2025-06-02,259.430419921875,260.9499951248825,257.02692387224715,260.33422391067484,1339500
2025-06-03,262.59869384765625,263.7607362266268,258.38758975092315,258.38758975092315,1358200
2025-06-04,260.1455078125,263.4726908894407,260.1455078125,262.4199149154356,926300
2025-06-05,258.0399475097656,261.10889212439633,257.6923259500568,260.14549938960295,1188800
2025-06-06,263.8203125,264.2374341374858,261.00957583886,262.05244055190855,986700
2025-06-09,264.1182556152344,265.9060106987189,262.8668603974288,264.17784442038385,1207500
2025-06-10,266.2138977050781,267.24679053958357,263.9394905976055,264.30696500119564,1479000
2025-06-11,264.2474060058594,267.3560870502044,263.5422515218622,267.19717344781463,1079300
2025-06-12,261.4366760253906,264.02888005345983,260.77122726906185,262.4397744808996,1152100
2025-06-13,253.2528076171875,258.8047052300819,251.83254205170243,257.2354828025211,1783100
2025-06-16,256.15289306640625,257.761851346926,254.4545515824871,254.73264276295146,1925700
2025-06-17,254.45457458496094,257.67249143689736,253.26273781256396,253.759331416118,1187100
2025-06-18,255.77549743652344,259.06294463132014,254.29565821321248,254.72272143327746,1136400
2025-06-20,258.4173889160156,259.73831460137376,255.73577125955126,257.8016176802997,2244300
2025-06-23,262.3106689453125,262.52917135178006,252.7562276448901,257.81153193412723,1728500
2025-06-24,266.8992004394531,268.0711540315901,263.79051973227024,264.8830316866637,1505700
2025-06-25,264.1778259277344,267.2666535568733,262.936342057914,267.177270355406,1514000
2025-06-26,267.78314208984375,268.64721014971457,264.44604747107786,264.44604747107786,1245100
2025-06-27,271.60693359375,272.6398568779736,267.49512360115114,267.7037147582281,4507300
2025-06-30,271.3486633300781,273.9210145115757,268.67698736777993,272.6298832901706,1341800
2025-07-01,276.1755676269531,277.18860764351143,269.5907317451556,269.5907317451556,1515400
2025-07-02,275.6293029785156,276.28481017277943,273.84157812846394,275.311506107389,1086300
2025-07-03,278.1221923828125,279.3636763023711,275.6094301420125,275.72860774874357,623200
2025-07-07,276.5033264160156,278.2215512829093,273.6826782419785,277.2780112644507,1258200
2025-07-08,278.05267333984375,280.43631650059825,276.7913365376516,277.48657968480245,1507100
2025-07-09,277.2879333496094,280.1185228963947,276.6522790008618,279.42327974116057,906900
2025-07-10,280.3767395019531,281.8168730918405,276.9999090228745,278.60886746639807,1440200
2025-07-11,279.7311706542969,280.68462188584857,277.10917219011276,279.5722570640936,990600
2025-07-14,280.94287109375,281.54873107412055,277.72495411961523,279.05582139051876,976100
2025-07-15,273.02716064453125,281.0421887821517,272.798746982179,280.8733336185418,1772500
2025-07-16,271.73602294921875,275.02347014395156,270.7428357529933,272.9079765664445,1005100
2025-07-17,269.7496643066406,272.67954852077213,268.2002946148393,271.27918116483875,1564900
2025-07-18,270.72296142578125,271.7757677729547,268.89550056238335,270.50445902311037,1547000
2025-07-21,269.70989990234375,272.83843336143866,269.36227833807396,271.6168325656999,1294300
2025-07-22,271.1202392578125,271.43803611062935,268.1903250399402,270.75273455200386,1467500
2025-07-23,271.6466369628906,271.8651393562142,267.66394664763004,270.6931554412965,1351000
2025-07-24,271.02093505859375,274.4176183978256,269.54109579106694,271.0606710343378,1103400
2025-07-25,277.2084655761719,277.30779035836804,270.89180951611417,272.17302949420815,1013500
2025-07-28,273.9111022949219,278.0924118579361,273.73230556623736,276.78139749914277,1485000
2025-07-29,271.60693359375,275.063236327688,270.71307108091105,275.0334419209158,1504500
2025-07-30,268.2002868652344,273.17613425449827,267.3858660659902,272.7888069975745,1300400
2025-07-31,262.0325622558594,268.21018777246826,261.15858299126705,266.3926685561936,2279400
2025-08-01,253.6103515625,259.2417058794259,252.03117243430793,259.10267543575316,2496300
2025-08-04,257.3646240234375,257.7420400383692,253.6898189734574,255.03062785978366,2057900
2025-08-05,257.9505615234375,260.47326530965904,253.53088184462365,257.54335116470236,2346000
2025-08-06,260.920166015625,261.4763483486506,255.57681474294094,257.52348321819454,1635600
2025-08-07,258.8146057128906,264.59496152866296,257.98033224097446,263.49250815921675,1695900
2025-08-08,258.14923095703125,260.959937403275,255.5569965980113,258.62594141594576,1353600
2025-08-11,256.2124938964844,259.59926576271283,254.7425659823588,257.7022746424089,1285800
2025-08-12,263.20452880859375,263.68123922880164,256.2621302176604,257.66252769635224,1110700
2025-08-13,267.86260986328125,268.36911474342594,262.5788464896886,263.3137953457564,1038500
2025-08-14,264.7340393066406,266.93891613026625,263.86006001996464,265.7272265189104,1153200
2025-08-15,263.39324951171875,266.78993265846526,262.8271255507053,266.78993265846526,1083700
2025-08-18,264.4460144042969,265.2206991517617,262.1020770211559,263.3237081000937,909000
2025-08-19,264.96246337890625,268.39888238858583,263.9494234099485,263.9494234099485,1141500
2025-08-20,261.734619140625,266.81973270722597,261.6253830982936,264.96247751025004,1090000
2025-08-21,261.1471252441406,262.86972948650714,260.32069211637963,261.256670099293,1116600
2025-08-22,272.6476745605469,273.35462625876846,261.93373269225685,262.5710071824826,1605900
2025-08-25,267.4500427246094,271.6519767571052,267.3604316901084,271.62210641227153,1259700
2025-08-26,266.7032470703125,269.3319285109326,265.8469132282175,267.05175467596837,1254200
2025-08-27,268.5154724121094,268.8241427749516,264.781527325867,265.73740875960664,907300
2025-08-28,269.09295654296875,270.40731241172875,267.6491523919477,268.9336379176414,970200
2025-08-29,266.71319580078125,269.2224263668097,265.05036259217087,267.9479076491323,858900
2025-09-02,263.3476867675781,264.5624647696193,260.45014176958847,263.7957419403048,1423000
2025-09-03,263.9351501464844,265.9365239721382,262.76020943101844,263.62647979558943,1046300
2025-09-04,267.698974609375,268.64488912821776,264.03473714048187,265.46854409128645,1232400
2025-09-05,263.5667419433594,270.50690223184904,260.8782894016272,269.5310870039556,1378600
2025-09-08,266.9223327636719,267.23100314540096,262.06322039888204,263.99491720598166,998200
2025-09-09,262.8697204589844,267.46993570510915,262.7004349202616,266.6136322620635,1253500
2025-09-10,261.2965087890625,264.64210896062656,259.9821528415527,262.8697309296836,1414600
2025-09-11,266.7928771972656,267.76869248555795,261.3661979995894,262.1727277346455,1126600
2025-09-12,265.3590393066406,266.63355805481285,262.37188314183794,265.7374172827568,1051600
2025-09-15,264.0048522949219,267.46993368167426,263.25806332199477,266.1058040197014,1412200
2025-09-16,266.7430725097656,267.9478835172295,262.88961597140354,264.4529014789822,1266400
2025-09-17,260.9280700683594,267.16127877983655,259.03621063830667,266.2452346034384,1941600
2025-09-18,262.8199462890625,265.47849803214626,261.1471158854906,261.59520142673546,1376700
2025-09-19,267.370361328125,269.1228358783613,263.02904259384917,264.26372399774016,2771000
2025-09-22,262.9693298339844,265.0404114785565,261.9437407296231,264.63216314170444,1477600
2025-09-23,260.7189636230469,264.8810602225873,260.28084499289304,262.3718602028235,1050300
2025-09-24,261.0177307128906,263.15851997262854,259.01632627855497,262.0233859988486,1295700
2025-09-25,259.7829895019531,261.1272157557733,257.78161568014434,259.8327936665667,1194600
2025-09-26,263.0788269042969,264.8611718699557,260.50988605114264,260.50988605114264,1292400
2025-09-29,265.67767333984375,266.5439437551299,262.8797061973323,264.2637394022235,1361800
2025-09-30,259.3249816894531,264.82133799600206,258.508485059347,264.3633159005205,1695300
2025-10-01,260.5397644042969,261.13720171478843,256.96513783930556,257.26384130108937,1235200
2025-10-02,265.2594299316406,265.64777477278096,259.93232932479606,259.96219966742837,1026800
2025-10-03,266.4244384765625,267.7985350342261,263.8255970768681,264.84124951701295,2617900
2025-10-06,270.7757263183594,271.9307635740765,266.75301455009236,268.0175966561649,2064700
2025-10-07,266.3049621582031,271.87102570384286,264.393169001057,271.2636215328472,1729600
2025-10-08,266.8326721191406,268.32624996737474,263.1883385230191,266.7430610946769,1419800
2025-10-09,265.0005798339844,271.6818435613711,264.7914570359515,267.03182403004706,1300900
2025-10-10,259.08599853515625,269.0630882243485,258.7474274619628,265.1897281850534,1728200
2025-10-13,262.1329040527344,264.1542117162657,260.2012074221373,262.4813812740603,1421700
2025-10-14,266.8227233886719,268.4855868765768,259.3050598618058,259.7730488349473,1305600
2025-10-15,265.05035400390625,268.6349472771381,262.312127673745,266.6534464696598,1187500
2025-10-16,257.93096923828125,266.5737998821707,256.8157692051241,266.2352591854567,1370000
2025-10-17,259.73321533203125,261.94371194542,257.5127518083505,257.891129756387,1646000
2025-10-20,258.8868713378906,262.6805572907727,258.81716373351475,261.1770122757253,1650200
2025-10-21,267.28076171875,268.4258321393848,260.9181350657377,261.8839834143267,1528900
2025-10-22,270.9051818847656,275.6149116774771,266.8525996641687,266.8525996641687,1548100
2025-10-23,268.54534912109375,271.8710459769526,267.6989821374377,270.9549713905066,1393200
2025-10-24,270.15838623046875,272.13985658215836,268.6648082841087,270.2280938274933,1077700
2025-10-27,270.048828125,273.76286937527647,268.8937909234107,271.2536694878428,995500
2025-10-28,264.323486328125,270.0289656069526,264.1841015067192,268.72457649780347,1089900
2025-10-29,261.9934997558594,265.9664076491954,260.90817001815606,262.2424294311195,1378500
2025-10-30,261.1471252441406,266.1755227713958,260.57958869499214,262.17271426113,1217900
2025-10-31,259.46435546875,260.4302037859761,255.66073327550947,260.28085206412095,1439900
2025-11-03,262.7602233886719,263.6762675796901,257.8811774294517,260.5098893937788,2242900
2025-11-04,271.0744323730469,274.4798034863545,262.38182810812293,263.26800189503064,2845200
2025-11-05,281.85809326171875,284.4370009893628,271.4926581851266,272.5779878968972,2736800
2025-11-06,279.9363708496094,285.35305263994263,278.67178864870556,281.7883930521441,1543600
2025-11-07,289.9134521484375,290.4113114843731,280.72295786777465,280.9420171910632,2471600
2025-11-10,289.22637939453125,292.92048684668634,284.8750940280414,290.86930898690815,1737600
2025-11-11,290.6502685546875,292.7512507124256,288.79824644696816,289.3160092069181,1409000
2025-11-12,290.4212951660156,293.7270582534665,289.29612813991804,290.14249513726855,1102800
2025-11-13,286.19940185546875,292.23345439246856,285.7812170426826,288.81814674472236,1769200
2025-11-14,284.49676513671875,286.7869061284518,279.98616037234405,283.8495540205268,1363300
2025-11-17,281.6788635253906,285.66173812597276,279.7869737805768,285.1240415465561,1182900
2025-11-18,281.6888122558594,285.7115242851109,280.09565626920227,282.0074495305754,1553500
2025-11-19,282.9832763671875,284.23786130896167,280.32469397707047,281.66892034540103,1040500
2025-11-20,281.8354797363281,288.8020004174817,281.17674878682084,284.86962610592025,1215500
2025-11-21,295.2695007324219,297.4552799897277,283.7218049225873,283.8216181750913,2384700
2025-11-24,295.65875244140625,297.38539676564466,292.1555114804162,294.9800406244961,2348200
2025-11-25,303.5335388183594,304.4218371880089,296.0979234604796,296.57697834862415,1372800
2025-11-26,304.0625,305.4099027213987,301.357734553362,302.9247142401644,1240900
2025-11-28,304.2022399902344,304.5515711287714,302.3657919707198,303.3139416796324,575500
2025-12-01,302.8548583984375,306.4878232997505,301.41763281190754,301.8467963034984,1421200
2025-12-02,304.0625,305.0705620400889,298.7527518974942,303.9726772130704,1126000
2025-12-03,306.05865478515625,308.8332926577505,302.93468575540976,302.93468575540976,1459500
2025-12-04,295.42919921875,306.05865586916536,291.8061943684478,302.3458282282022,2268200
2025-12-05,292.0257568359375,295.70864336372466,291.4368982650383,294.63073947061173,1604600
2025-12-08,287.2649841308594,291.596611354146,286.09722692080413,291.50678856240773,1569900
2025-12-09,283.2926330566406,287.11526425743216,282.5540698356817,286.84576543777507,2035800
2025-12-10,286.4066162109375,287.4246687308481,281.48613056046224,283.3425595646519,1743800
2025-12-11,295.8883056640625,296.8364858920892,284.52028568443836,286.6162421904196,2260700
2025-12-12,298.1439514160156,300.170035558209,296.0679758770046,297.68484700561737,1788600
2025-12-15,307.8951110839844,309.631776452945,301.5873214553795,303.86292358071785,2217000
2025-12-16,305.3799743652344,309.0029792141945,302.4655918370451,307.88514387474504,2012700
2025-12-17,309.4720764160156,311.05900664647277,304.8709503811394,304.8709503811394,1658700
2025-12-18,306.22833251953125,311.0889362888894,304.3120216651061,309.65171076275243,1659700
2025-12-19,309.5618896484375,311.07894750812767,303.8129875128068,303.8129875128068,3064600
2025-12-22,313.14495849609375,314.79177051277395,309.35229867230134,310.1407532909002,1209900
2025-12-23,313.46435546875,316.0792981935822,312.5361561886338,312.5361561886338,1171800
2025-12-24,314.55224609375,315.6101995429035,312.4662801248067,312.48623059147326,531700
2025-12-26,314.971435546875,315.35070764443196,313.4443871521576,314.552262513902,663500
2025-12-29,313.8037109375,314.9614777058316,311.8275181065794,314.4923828122725,764600
2025-12-30,313.3345947265625,314.90157441958087,312.94533218959606,313.80368958820725,877200
2025-12-31,309.6417236328125,314.73189488777365,309.0728459690864,313.3246102758373,1228300
2026-01-02,312.8056335449219,313.69390145802436,308.4041339969088,309.951132841557,1060600
2026-01-05,310.4302062988281,315.7100135533301,307.7154503479879,311.2186913856057,2174500
2026-01-06,321.23931884765625,321.97791256265594,309.00298142774636,309.35231258850894,1601100
2026-01-07,318.64434814453125,321.61858201317443,316.9176733147394,319.1234030180158,1347200
2026-01-08,324.283447265625,325.08189236226815,316.08928795668976,317.03743770161253,1265300
2026-01-09,327.547119140625,330.4515110520303,325.90030714886836,326.3294706120502,1463800
2026-01-12,322.7264709472656,324.5229877161164,318.3948436838874,324.5229877161164,1397700
2026-01-13,322.3371887207031,324.8423581315266,319.21321980411307,322.34717918328886,1233300
2026-01-14,319.06353759765625,321.42896253354184,314.14305167578436,320.43089088405566,1442000
2026-01-15,325.1617736816406,329.0542470524241,321.7383647492942,321.7383647492942,2121600
2026-01-16,325.2515869140625,327.1179759844981,321.4489364491561,326.07997296322753,1903400
2026-01-20,313.23480224609375,321.339139151684,312.0670754752218,320.06160866103033,1756000
2026-01-21,319.94183349609375,321.21936394106496,311.98720153035146,314.222872194369,1984600
2026-01-22,321.0497131347656,326.5690480047153,320.0915424441252,322.3671445316208,1575600
2026-01-23,319.08349609375,320.1214686059645,316.07929089318844,318.69423355762405,1368300
2026-01-26,316.08929443359375,318.8539418575666,312.3964172538112,316.9775623374059,1247600
2026-01-27,313.3446044921875,315.73997034355637,312.65593262184365,315.2309440588511,954000
2026-01-28,311.46820068359375,315.3906146250065,310.96916490095924,314.47237538311913,1264100
2026-01-29,319.1533508300781,320.13147198241535,311.8873906578365,311.8873906578365,1698200
2026-01-30,314.69195556640625,318.33494118390223,312.6459210201563,316.1092306054326,1325100
2026-02-02,318.6742858886719,320.4807930264107,313.65398701894446,315.8397662335527,978500
2026-02-03,317.80596923828125,322.23737907792434,315.4604949089387,315.9295897748072,1263800
2026-02-04,323.9341125488281,329.1440474627172,319.77217107881876,320.7303112759916,2069100
2026-02-05,325.82049560546875,326.29955049400064,319.78214397228083,323.7045581657802,1351200
2026-02-06,332.5973815917969,333.3159943866788,325.3713527078994,325.7705752697829,1415300
2026-02-09,330.5712890625,331.4296464847114,325.5010986910184,330.6112204553008,2357500
2026-02-10,358.65704345703125,362.8389659899047,346.6901439973296,349.23524490866384,4006200
2026-02-11,358.0581970214844,367.02089121799384,354.31542841150366,357.9384332993616,2492000
2026-02-12,354.395263671875,369.28650590648544,351.8701436471339,361.2819823381955,1873500
2026-02-13,353.20758056640625,358.3875442572269,349.5047129223109,352.6686133626367,1590900
2026-02-17,359.24591064453125,361.05241788682434,354.1557391589421,354.2655428785251,2160000
2026-02-18,355.3135070800781,359.4754792586717,352.17954748170973,354.8444121866513,1917000
2026-02-19,349.2153015136719,354.2256101924325,348.6563533720023,352.50892574947903,1734500
2026-02-20,347.259033203125,351.9300008293736,344.3746222113144,346.7400469531175,2276700
2026-02-23,341.95928955078125,347.9876505931532,337.11863615894435,347.7880240880087,1730000
2026-02-24,342.48828125,347.209171128523,340.8414691161481,342.0790682176827,1388000
2026-02-25,346.7699890136719,347.4786113005335,342.83758458781506,346.03142579803375,2465500
2026-02-26,350.57000732421875,354.4599914550781,347.8500061035156,349.3699951171875,1471700
2026-02-27,341.7300109863281,347.95001220703125,339.510009765625,346.80999755859375,1664600
2026-03-02,330.4700012207031,336.3699951171875,325.80999755859375,330.5,2038800
2026-03-03,335.9100036621094,337.1300048828125,320.55999755859375,322.6000061035156,2231100
2026-03-04,335.94000244140625,339.9800109863281,333.07000732421875,337.92999267578125,1360200
2026-03-05,333.0400085449219,334.04998779296875,326.5299987792969,332.20001220703125,1471500
2026-03-06,323.79998779296875,326.7300109863281,316.1199951171875,324.9800109863281,2064500
2026-03-09,328.8599853515625,329.3299865722656,311.20001220703125,316.75,1991718
