Price,Close,High,Low,Open,Volume
Ticker,MDT,MDT,MDT,MDT,MDT
Date,,,,,
2018-01-02,66.57281494140625,66.96151674177435,66.36226787544831,66.53232916062565,4783500
2018-01-03,67.95756530761719,68.68637743591039,66.54043301634958,66.56472572425828,6879100
2018-01-04,68.11951446533203,68.75114946764322,67.32591780973249,68.38674038139844,5943200
2018-01-05,69.26943969726562,69.43139523149084,68.03046194364069,68.45155003955081,7428500
2018-01-08,69.24512481689453,69.39088722231605,69.00218541512345,69.237025189314,6117600
2018-01-09,69.54473876953125,70.24925804846514,69.36659022123331,69.5285456935788,6099900
2018-01-10,69.22893524169922,69.63383018246186,68.44343806810664,69.27752683577116,3575300
2018-01-11,69.42327880859375,69.59333391672429,68.8969142292151,69.59333391672429,3930300
2018-01-12,69.19654083251953,69.6338280968306,69.07507729649393,69.52045801106917,5085900
2018-01-16,69.09127807617188,69.74720595664532,68.72687507106596,69.30182519242776,5428200
2018-01-17,69.73100280761719,70.00632838448381,69.18844510388158,69.54474842816745,5449000
2018-01-18,70.66226196289062,71.2048196636658,69.6014330894068,69.77149438972721,7328600
2018-01-19,70.19255828857422,71.18050252593969,69.66619384657741,70.92137011763104,7314800
2018-01-22,69.68240356445312,70.10349147438056,69.15603904339017,69.98202178825758,5926900
2018-01-23,69.01840209960938,69.82009244277702,68.81595460641098,69.82009244277702,4962300
2018-01-24,69.44756317138672,69.74718139239803,68.9616906096292,69.50424820062167,5680200
2018-01-25,70.30594635009766,70.43551567656186,69.3665934460543,69.63381937002704,3947800
2018-01-26,70.54888916015625,70.59747457082736,69.93344718609698,70.33834208357175,3815100
2018-01-29,70.2249755859375,70.69465517371742,69.9010584158063,70.33024604049253,3804900
2018-01-30,69.60952758789062,70.22496954033647,69.43947247830802,69.58523488340819,3881700
2018-01-31,69.5528564453125,70.046828795817,69.33421588308917,69.90916599077984,5258300
2018-02-01,68.81594848632812,69.38279894558845,68.53251707849132,69.13985950407309,4201600
2018-02-02,68.3867416381836,69.03457590683195,68.31386352651852,68.56489637097216,5564500
2018-02-05,65.93311309814453,68.49205295972605,65.52821801965698,68.07905824977033,7237200
2018-02-06,66.13552856445312,66.4513460782586,64.04626948988955,64.83176654973595,10190000
2018-02-07,65.87640380859375,67.18016597612892,65.82781839406901,65.91689577283525,5929900
2018-02-08,63.47132873535156,66.005975020397,63.4470360274014,65.86021259448957,7346100
2018-02-09,64.36209106445312,64.84796367138408,62.8072900727865,63.87621227931677,6061800
2018-02-12,64.9775390625,65.39053363641732,64.17584880106591,64.54835140918888,4314100
2018-02-13,64.96131896972656,65.26093715046845,64.25679983403415,64.6616946107807,4574600
2018-02-14,66.28938293457031,66.45133839742057,64.48354925058601,64.55643353361204,5000000
2018-02-15,67.16395568847656,67.19634801592888,66.36225948499268,66.73476816159182,4002000
2018-02-16,67.46356964111328,67.82797866826351,66.49992421769034,67.05058139316246,6863500
2018-02-20,66.0869369506836,67.5121685318653,65.48769431129101,67.32591418516226,11125900
2018-02-21,65.36622619628906,66.15981665006727,64.96133134242523,65.94117614739108,6805700
2018-02-22,65.11520385742188,66.2489046883756,64.95324218285265,65.52009877653568,4528200
2018-02-23,65.09899139404297,65.75491905291145,64.69409655707133,65.55247163442563,5174100
2018-02-26,66.74288940429688,66.79148100481325,65.04233166319919,65.91690633400623,6201200
2018-02-27,65.78730773925781,66.96150640839467,65.64964498507767,66.90482138148494,5179400
2018-02-28,64.69412231445312,66.08696209669493,64.65363034335248,66.01407778435525,6712100
2018-03-01,63.40655517578125,64.64553280333305,62.977361315162945,64.61314046414259,7946100
2018-03-02,63.43083572387695,63.56849850538674,62.91257075261179,63.08262586710138,5695900
2018-03-05,64.57262420654297,64.815563569986,62.96114455177114,63.04212228018394,5371700
2018-03-06,65.11520385742188,65.27715935378492,64.65361771855422,64.79128668648958,5338300
2018-03-07,65.69822692871094,65.85208892717158,64.48354254895872,64.613111848337,6040200
2018-03-08,66.57281494140625,66.60520727295406,65.81971022298505,65.86020218197119,6434600
2018-03-09,67.33402252197266,67.52837034239036,66.69428784413334,66.75907251034117,4659200
2018-03-12,67.45549011230469,67.79560033192705,67.21255071074265,67.42309778021604,4218700
2018-03-13,67.5931625366211,68.16811261228624,67.4150077738109,67.81990271539534,4678800
2018-03-14,66.64569854736328,67.98994631265872,66.32988104077316,67.84418391129363,5182300
2018-03-15,66.42704772949219,66.81574950171984,66.12742949622584,66.71857251411166,3453700
2018-03-16,65.82781982421875,66.86434987797448,65.82781982421875,66.69429474523703,9386600
2018-03-19,64.88843536376953,66.09502625917499,64.28919281792646,65.8196945954931,4601300
2018-03-20,64.70221710205078,65.59298479573418,64.29732213417587,65.21238253741868,4267000
2018-03-21,64.81556701660156,65.40671002583362,64.58882689370681,64.70219695515418,4329400
2018-03-22,63.64271926879883,65.00288340337488,63.5286939050569,64.47348259196576,4455900
2018-03-23,62.34773254394531,64.01739369632176,62.23370714676519,63.699750630760256,6070300
2018-03-26,63.90335464477539,63.960367331183434,62.36400589784155,63.07259746941299,6635500
2018-03-27,63.65904235839844,64.7504302759662,63.24366049974957,64.131430712047,5458700
2018-03-28,63.90335464477539,64.54678708504714,63.74046303044293,63.846341958367354,5299700
2018-03-29,65.33683776855469,65.90696474873205,64.1639980219978,64.55494667548945,6162300
2018-04-02,63.105159759521484,65.07617633737992,62.40471482459409,64.98658410984862,6409800
2018-04-03,63.813743591308594,63.976641371563346,62.94226066216924,63.333209120865696,4444000
2018-04-04,64.11514282226562,64.30246762779167,62.649092886361736,62.90972329564252,4134600
2018-04-05,64.91329193115234,65.22279467692147,64.09068125635298,64.35945178042043,4183500
2018-04-06,63.235511779785156,65.01105835450934,62.82012993605967,64.50608422657015,5186000
2018-04-09,63.90335464477539,64.86443008273719,63.42282003275288,63.74860326141781,4708400
2018-04-10,64.5793685913086,64.90515804368027,64.16398688418678,64.44905032479313,4718300
2018-04-11,64.0092544555664,64.57124127201878,63.73233737807433,64.04183403184526,3751500
2018-04-12,65.02733612060547,65.2472466840405,64.46535557676536,64.47350202346395,3571500
2018-04-13,64.80744171142578,65.35313565948682,64.44907256873775,65.2961229516882,3997200
2018-04-16,65.64633178710938,66.17573894142433,65.18208377478472,65.31240205876529,3628300
2018-04-17,65.6707763671875,66.16760403717167,65.12508243914552,65.9965659200504,4611200
2018-04-18,65.31241607666016,66.00471502062,65.29612318070677,65.88254315664612,6131400
2018-04-19,65.15765380859375,65.64633496937459,64.86444386934163,65.320545457548,3791900
2018-04-20,65.07621765136719,65.55675243690965,64.73414140939605,65.23910932451943,3690900
2018-04-23,65.1739273071289,65.52414987407772,65.01103569111791,65.27981245006121,2735900
2018-04-24,64.64453887939453,65.62190119124273,63.99295986221705,65.56488849328355,4937200
2018-04-25,64.71783447265625,64.7504140430021,63.95223010432307,64.35946541276962,3935100
2018-04-26,65.63819122314453,65.85810179358991,64.50607743875784,64.91331279181546,5155900
2018-04-27,66.20832061767578,66.30605933376906,65.27982456350264,65.45086265622737,4191500
2018-04-30,65.26353454589844,66.34678206146532,65.18208871919137,66.29791580822473,6071800
2018-05-01,65.98027801513672,65.99656469621435,64.75042542749706,64.83187126072275,2986700
2018-05-02,65.09248352050781,65.80107512138567,64.93773834466695,65.75220887784823,4145500
2018-05-03,64.81555938720703,64.94587142693483,63.764891769387425,64.5386362051714,4534300
2018-05-04,66.03728485107422,66.12687712383605,64.35133077606596,64.61196114757725,3563900
2018-05-07,69.0833969116211,69.5232117868184,66.95762812179295,67.09608663419276,10825200
2018-05-08,67.76394653320312,68.67615577623519,67.40558372058672,68.67615577623519,7132300
2018-05-09,68.46438598632812,68.69243672458944,67.13680135206883,67.86982602070634,4934200
2018-05-10,69.7838363647461,69.85713573092742,68.43181228084185,68.67615592928051,4728100
2018-05-11,69.68611145019531,70.04448054843185,69.4091943934986,69.71869102402758,4021100
2018-05-14,70.19107055664062,70.31324237898092,69.23814152743698,69.6453767926266,4244500
2018-05-15,68.71687316894531,69.81640701870813,68.39923019487864,69.7023816543722,4544900
2018-05-16,69.67794799804688,70.22364169657678,68.75759243225558,68.79017199523119,4058700
2018-05-17,69.31959533691406,69.58837213429514,68.89606713244976,69.53135943914621,3542100
2018-05-18,68.93679809570312,69.1567086598553,68.41553735581985,69.01010368839324,4705500
2018-05-21,69.49063110351562,69.8897199562408,69.27072677639859,69.43361841026918,3747400
2018-05-22,69.20556640625,69.71868063634076,69.15670015974156,69.52320943638962,4593700
2018-05-23,69.44178771972656,70.19109942450882,68.83093457071328,68.85536770244669,5237600
2018-05-24,70.85079193115234,72.20281603688055,70.0444678205567,70.3295312723918,8861000
2018-05-25,70.28883361816406,71.88519566530825,69.85715886776194,70.85081425343475,4685500
2018-05-29,69.5476303100586,69.81640704634952,68.91234436167373,69.70238168196846,4539500
2018-05-30,69.95488739013672,70.50058126361712,69.48249289641416,69.8164288635375,4236800
2018-05-31,70.30509948730469,70.59016294456237,69.63723386719356,69.68610011303278,4816700
2018-06-01,71.53495025634766,71.73856789486811,70.48428249591203,70.7367663792239,5438300
2018-06-04,71.28247833251953,71.81188557042805,71.14401979436587,71.60826787999544,4507400
2018-06-05,70.58203887939453,71.56754775102203,70.13407747687351,71.03814051547504,5409700
2018-06-06,71.05441284179688,71.13585865836882,70.10963018451076,70.69605000609678,5424600
2018-06-07,70.5575942993164,71.3557783171251,70.01190042323975,71.11958106914005,5350300
2018-06-08,71.00556182861328,71.1033005578196,70.4598679051954,70.61461312570687,4566600
2018-06-11,70.52500915527344,70.89967111484178,70.07705403530589,70.78564572329239,4313000
2018-06-12,70.6064682006836,71.02184379089394,70.32954492662495,70.80193943218954,4311900
2018-06-13,69.9141616821289,70.77750484683726,69.68611088108385,70.63904631961967,3735200
2018-06-14,70.50872039794922,70.58202598402276,69.97931325912516,70.14221110933435,3756400
2018-06-15,70.67976379394531,70.85080188908543,69.96303184089369,70.6390439887699,6532200
2018-06-18,70.24809265136719,70.28881866890613,69.71053904665877,70.0933412414206,3002600
2018-06-19,70.54130554199219,70.70419719115506,69.51507075329535,69.68610884909181,4510200
2018-06-20,70.15034484863281,70.5901596826141,69.90600741681011,70.4191216161631,4334200
2018-06-21,70.28883361816406,70.69606902449429,69.743133451103,70.27254072211612,3404300
2018-06-22,70.70418548583984,71.33133128051885,70.54129386364421,70.58201987615166,5406100
2018-06-25,70.64717102050781,70.8182090836882,69.77568781444572,70.61459145410437,5242700
2018-06-26,70.74491119384766,71.13585357100129,70.33767592619434,70.6308858160181,8009500
2018-06-27,69.62908935546875,70.45985284131324,69.54764353883552,70.39469370243965,6347900
2018-06-28,70.31324005126953,70.48427811131694,69.51505622379815,69.65351471803889,3948400
2018-06-29,69.72684478759766,70.59832828382325,68.88794086862298,68.96938670479081,5082500
2018-07-02,70.06889343261719,70.13405256145742,68.09787638957425,68.72501591639099,4677100
2018-07-03,70.0281982421875,70.75307671695323,69.45806498539193,69.45806498539193,3002500
2018-07-05,70.38045501708984,70.4541831388523,69.88072135759542,69.95444947935788,3148800
2018-07-06,70.97030639648438,71.2980015569453,70.11011363182297,70.2985341301589,3618100
2018-07-09,71.37992858886719,71.46185707219577,70.76550246549725,70.88838894022439,3476800
2018-07-10,71.59293365478516,71.7076260347464,71.36354889486265,71.41270098619863,3489600
2018-07-11,71.48643493652344,71.74858983915621,70.921160888551,71.10139355603589,3858300
2018-07-12,71.98614501953125,72.06806722773435,71.25702674107508,71.67483187799007,3507200
2018-07-13,72.38758087158203,72.5841954556995,72.00253955041431,72.00253955041431,4441800
2018-07-16,71.87146759033203,72.33843114926846,71.70761688966522,72.25650267380247,2833200
2018-07-17,72.33021545410156,72.77260283840882,71.87144612975179,71.98613846083923,5026700
2018-07-18,72.1008529663086,72.72346688361951,72.01073664270159,72.33023769903001,5015800
2018-07-19,72.43672180175781,72.85453319765766,71.99433436791044,72.01072256005145,3975000
2018-07-20,72.10903930664062,72.54323897052019,71.85507853647329,71.91242471845511,4313100
2018-07-23,72.6087646484375,72.69069311350121,71.6420675131706,71.75675986394258,2953900
2018-07-24,72.83816528320312,73.06755001524101,72.52685207521012,72.76443090489656,3202900
2018-07-25,73.50993347167969,73.69015985813107,72.62515848249,72.62515848249,3438100
2018-07-26,73.1249008178711,73.76390296899241,73.01839629250716,73.69016858602772,3884900
2018-07-27,72.63335418701172,73.20681599810379,72.23192466898232,73.14946981699458,4486600
2018-07-30,72.97742462158203,73.1822332854839,72.51046111789631,72.67430554891206,4178000
2018-07-31,73.9195556640625,74.01785983578317,72.80539588261641,73.2068191677614,6244300
2018-08-01,73.92774963378906,74.33736705058794,73.49355617202475,73.69836488042421,4810200
2018-08-02,73.64100646972656,74.05062381854037,73.30512349383689,73.55908425001675,3395000
2018-08-03,74.12435150146484,74.22265565613843,73.37884499378139,73.567271707346,2611000
2018-08-06,74.21448516845703,74.42748798844912,73.78848577873902,74.01787054629996,2946100
2018-08-07,74.427490234375,74.5667586688444,73.93595053901652,74.25545165351285,3521700
2018-08-08,74.39468383789062,74.73876708222078,74.08337697424871,74.39468383789062,4692300
2018-08-09,74.73060607910156,74.9354147972529,74.39471678120567,74.39471678120567,3852100
2018-08-10,74.22264862060547,74.65684192996119,73.79664940678389,74.44384544818219,3444200
2018-08-13,74.33735656738281,74.8944364256794,73.96870344435833,74.14074198512075,5030300
2018-08-14,74.5913314819336,74.95998464401104,74.25544221181659,74.30459430002277,3875300
2018-08-15,74.54216003417969,74.68143467671304,73.91954619217827,74.47662601151836,4082600
2018-08-16,74.63227081298828,74.85346765514512,74.41926806690569,74.77153919493061,4190300
2018-08-17,74.22264862060547,74.82888043459666,74.07518615230885,74.7879224574531,8973200
2018-08-20,73.75570678710938,74.45205510519003,73.62463247148104,74.26363460454952,6630800
2018-08-21,77.96656799316406,78.4744957774173,76.18883012367525,77.00806485618787,14732400
2018-08-22,78.30245971679688,78.76122918146794,77.18829994522558,77.72080378829888,8582500
2018-08-23,78.32701873779297,79.05613701438118,77.99112955967777,78.12221009267799,6545400
2018-08-24,78.27787780761719,78.79399341669229,78.14679725595478,78.36799412431891,5332200
2018-08-27,78.18775939941406,78.58098854335306,77.86825837611441,78.32702779413144,5593300
2018-08-28,78.4581069946289,78.84314831606663,78.18776428512716,78.27788060504939,5151000
2018-08-29,79.1298828125,79.25276927708762,78.40076437294944,78.53184493524695,3809900
2018-08-30,79.31011199951172,79.77707554435464,78.90049463560511,79.0069991503904,4523700
2018-08-31,78.982421875,79.26915277520328,78.64653264171554,78.90868750051067,4239500
2018-09-04,78.28606414794922,79.2118033380231,78.07306763099355,79.11349292616808,4448600
2018-09-05,78.67929077148438,78.74483103874591,77.91740235279461,78.19593911326034,4451800
2018-09-06,79.04795837402344,79.39204171529255,78.33522814983857,78.49087850037944,4943900
2018-09-07,78.90869140625,79.37565496691286,78.75303480260733,78.89230946125532,5664200
2018-09-10,78.94965362548828,79.51492134219633,78.90049529123084,79.17084425371925,3188000
2018-09-11,78.71206665039062,79.15445411130054,78.24510315002978,78.7939888653152,3573700
2018-09-12,78.8513412475586,79.07253187029235,78.44991798764518,78.67110861037894,3667200
2018-09-13,79.4248046875,79.46576892416483,78.95784114073973,79.08072760046927,3972800
2018-09-14,79.47396850585938,79.6951591484244,79.1790434822624,79.42481016841627,3303000
2018-09-17,78.67110443115234,79.58864951247675,78.49906590032862,79.47395715859426,3989000
2018-09-18,79.3674545288086,79.49853507935497,78.47449171670395,78.49087366038992,4477200
2018-09-19,79.02337646484375,79.77707087020929,78.85133793211452,79.68695455540856,3184900
2018-09-20,79.8590087890625,80.08839352651395,79.31011673842904,79.6132358559272,4337400
2018-09-21,80.16210174560547,80.28498818165055,79.43298347540546,79.94909900647825,7973700
2018-09-24,80.98954772949219,81.07146995428184,80.05562061630687,80.27681124826546,5640100
2018-09-25,81.10424041748047,81.63674425613311,80.88304978464036,81.11243451507163,5694300
2018-09-26,81.24352264404297,82.04637558737603,80.97317362993698,81.39098517444022,5693900
2018-09-27,80.03923797607422,81.92348052833208,79.68696675979177,80.95678320808713,4710700
2018-09-28,80.58812713623047,81.00593237164917,79.62961769845357,79.97370105445145,4430800
2018-10-01,81.50566101074219,81.64493566414323,80.69462038335925,80.87485302283655,3633000
2018-10-02,81.1206283569336,81.48928777259661,80.67005296036625,81.32543705999119,3880000
2018-10-03,79.85079193115234,81.7350276304818,79.5558669955593,81.39095062237774,4449700
2018-10-04,79.44938659667969,79.98188416916588,78.93326471835654,79.58865500024484,4211200
2018-10-05,79.60504150390625,80.04742903197806,78.83496506638745,79.67877588371753,4631000
2018-10-08,78.6219711303711,79.6050504699687,77.94200469117864,79.26097332613614,4650300
2018-10-09,78.80219268798828,79.05615346067867,78.13042044227083,78.38438121496124,3179100
2018-10-10,77.88465881347656,79.31012573670036,77.75358448446103,78.728469729237,5841100
2018-10-11,76.2789535522461,78.34342252043669,75.90210629020596,77.85188288517851,7177300
2018-10-12,77.57333374023438,77.95837503933544,76.59844247232019,77.36033097365973,4814700
2018-10-15,76.860595703125,77.67983036474445,76.37725025289647,76.88517174293128,4107200
2018-10-16,79.09712982177734,79.40024272589517,77.68804483423322,77.76996707182545,4982400
2018-10-17,79.7033462524414,79.79346257120312,78.09764695946032,78.34341362404827,5105500
2018-10-18,78.58100128173828,79.81804759186811,77.85188280265399,79.60504479171797,4298800
2018-10-19,76.95892333984375,78.48270065157409,76.75411462859253,78.36800827329468,6750100
2018-10-22,76.6967544555664,77.29479228323268,76.17244475038035,76.95890930815943,3991300
2018-10-23,76.2625503540039,76.63940379217723,75.287665373424,75.77920491198945,5530000
2018-10-24,74.9354019165039,76.9671005511847,74.76336337286065,76.28714047400373,4918900
2018-10-25,75.17298126220703,75.7054850916289,74.3783225667988,75.20575140173845,4622300
2018-10-26,73.52632141113281,75.14840902357872,72.97743560929723,74.57494092815163,6725600
2018-10-29,73.28052520751953,74.94357653092665,72.45310284371025,74.62406931834816,6266400
2018-10-30,73.95230865478516,74.23904578074952,73.04296394906909,73.44438717504916,5582200
2018-10-31,73.58367156982422,74.84529394758428,73.52632538221084,74.550368911211,8496800
2018-11-01,75.00094604492188,75.3286349542446,73.73112964536776,73.83762791587111,5213700
2018-11-02,74.8944320678711,76.06593789655315,74.28820016184943,75.27947336300124,5054100
2018-11-05,75.05010223388672,75.63175820507571,74.70602511012967,75.32863907209034,3955800
2018-11-06,75.78741455078125,75.86933678229845,74.75517693292079,74.99275577950661,3927000
2018-11-07,77.10636901855469,77.17190304163753,76.11509582266807,76.38543851226298,5484100
2018-11-08,77.61430358886719,77.62249768698238,76.68037641223239,77.00807158391919,5330100
2018-11-09,77.3030014038086,77.71261883123435,76.88518987775987,77.57335040597341,4306400
2018-11-12,75.89391326904297,77.52418881171943,75.55803024278521,77.40130858886027,4276800
2018-11-13,75.42695617675781,76.26257301559804,75.15660716261948,75.8611496690166,4953900
2018-11-14,75.459716796875,76.62302869537315,74.99275321788544,76.0741428876647,4291900
2018-11-15,76.00040435791016,76.01679255291857,73.61643450592061,74.9927491241697,6575200
2018-11-16,76.76229858398438,77.49961115715041,75.95945197674344,75.95945197674344,7922000
2018-11-19,74.03423309326172,77.1964791510412,73.76388417504803,77.01624653889874,6780900
2018-11-20,75.50067901611328,77.73718642659453,74.82890050790391,77.72080448139528,8270800
2018-11-21,76.16424560546875,76.44278238339766,75.08285612890987,75.99220708081896,6829400
2018-11-23,75.37779998779297,76.1888407358746,75.13202703369993,75.77922331256346,2560300
2018-11-26,75.41875457763672,75.84476017881103,74.14894437281596,74.2390607019003,4957600
2018-11-27,76.29532623291016,76.31990852441349,74.78793736780877,75.11563250160705,6094800
2018-11-28,78.13042449951172,78.29426895809152,76.44279657486547,76.50833685840358,6589400
2018-11-29,79.13809204101562,79.71974808432381,78.081278243929,78.13862443833217,6013900
2018-11-30,79.89997100830078,79.94912309742422,79.26916294690916,79.31012093775682,6581400
2018-12-03,80.89942169189453,81.21892270539074,80.21945543229415,80.28499570436115,6258400
2018-12-04,79.04795837402344,81.44012856688593,78.72845732519608,80.76016223209332,7123000
2018-12-06,78.84314727783203,78.84314727783203,76.72952646182387,77.9993365208218,8221600
2018-12-07,77.2046890258789,78.8267767477317,76.5984569986379,78.58100379736238,5902900
2018-12-10,78.22054290771484,78.57281412827183,76.11510968259951,77.00807263106628,5092500
2018-12-11,78.21235656738281,79.80167426664723,77.81912106695329,79.03978556290633,4765000
2018-12-12,78.40894317626953,79.56406696770422,78.38436713819884,78.97421705295153,6047000
2018-12-13,78.23690032958984,79.39202405709568,77.80270701366678,79.12167515275215,4952900
2018-12-14,76.7786636352539,77.6306683240459,76.28712415140643,77.33574338368469,6337800
2018-12-17,75.2467041015625,76.57386653314515,74.68962426919919,76.57386653314515,7224100
2018-12-18,75.36962127685547,76.41824109457767,74.71423076564552,76.15608614014712,5655200
2018-12-19,74.76337432861328,76.95892398154398,73.97690962088278,76.77869131409754,7639700
2018-12-20,73.64920043945312,75.27128163780336,73.0020042794144,74.6732438097173,7693800
2018-12-21,72.58418273925781,74.74696153643512,72.34660396036723,73.00199412629047,10918500
2018-12-24,70.29033660888672,72.57599581918429,70.29033660888672,72.28107709064949,3748100
2018-12-26,72.63335418701172,72.64973613150079,69.88072499323988,70.77368784912109,5816600
2018-12-27,73.86092376708984,73.8691643360698,71.16682971047597,72.04838201995817,6015400
2018-12-28,73.53962707519531,74.67658070450695,73.28421966571263,74.3223115881273,4508100
2018-12-31,74.94020080566406,75.14617101663578,73.81972235512096,74.08336397373628,5436400
2019-01-02,72.43562316894531,74.26464017538845,71.75180036280418,73.7620722128716,7099100
2019-01-03,70.400634765625,72.27908888117977,70.17818964291803,72.18846146081782,6099800
2019-01-04,72.608642578125,73.0864951477173,71.46344829681142,71.54583515363768,6275400
2019-01-07,67.92898559570312,73.39132062121841,67.75597134085471,72.80636586843193,17462700
2019-01-08,68.40682220458984,69.17303160434521,67.2781095250713,68.61279240575298,14472200
2019-01-09,69.45315551757812,70.44180998554668,68.75285179324592,69.03297454012116,7894300
2019-01-10,69.8980712890625,69.95574900181852,68.66224960755251,69.09067131047588,5279200
2019-01-11,69.8980712890625,69.93102728818846,68.75287703372037,69.34607244655943,5054300
2019-01-14,69.82391357421875,70.01340896674161,69.29663024595486,69.49435992262555,5294700
2019-01-15,70.87847900390625,71.32337548299937,70.05459803204039,70.25232770528855,6323400
2019-01-16,71.6694107055664,71.9412929603572,71.01854392245221,71.33162274398593,5066800
2019-01-17,72.17198181152344,72.6580749203973,71.50464014389229,71.65293899066742,7521700
2019-01-18,71.92481231689453,73.01233496282505,71.10916561816184,72.92994183596981,8549300
2019-01-22,71.67764282226562,71.69411767559158,70.85376187028555,71.5293439994807,6567000
2019-01-23,71.80946350097656,71.91656575696926,70.77961235819555,71.74355151926757,4642900
2019-01-24,71.86714172363281,71.94128799579708,71.2080344155113,71.89185714768756,4515400
2019-01-25,71.69412994384766,72.42738989944071,71.43048824552834,72.23789448234531,5283500
2019-01-28,71.19979858398438,71.67765109988821,70.57365351388302,71.28218543155417,5143400
2019-01-29,71.24098205566406,71.74354990488939,70.82080103886484,70.82080103886484,3670600
2019-01-30,72.3614730834961,72.4768159259708,71.06798010513263,71.25746922389241,5385700
2019-01-31,72.82283782958984,73.58904737674385,72.09782484487829,72.28731394640256,9536200
2019-02-01,72.75691986083984,73.69614357873232,72.27907371865258,73.21829743654506,5727400
2019-02-04,72.34498596191406,72.88050984953921,71.54582041532603,72.75692644690064,4970900
2019-02-05,72.52622985839844,73.01232282604657,72.29554422726183,72.71572521866752,5640800
2019-02-06,73.21006774902344,73.40779743330775,72.34499016599543,72.73221525009913,3417400
2019-02-07,73.24302673339844,73.62201126279197,72.60863480376197,72.8393267781748,4304900
2019-02-08,73.33363342285156,73.74557383214744,72.64157026666435,72.8557810394975,3982200
2019-02-11,73.81975555419922,74.06692243280885,73.44077094985535,73.72089383132725,4020000
2019-02-12,74.35526275634766,74.57770786813197,73.54785658341801,74.14929249940486,3713900
2019-02-13,74.70132446289062,74.93201024742649,74.31409920211276,74.7754770569007,3483500
2019-02-14,75.16265106201172,75.49219836621123,74.59417127655732,74.84133175470696,4644100
2019-02-15,76.01950073242188,76.07717215374579,75.40983052332422,75.76409962166072,5622500
2019-02-19,76.06893920898438,77.93090586493346,75.98655236074379,76.80219284403877,6891400
2019-02-20,76.45616149902344,76.62093518944657,75.97006842656245,76.16779811221289,4924800
2019-02-21,76.29962158203125,76.53030726136375,75.89592164319937,76.3490524316844,4222600
2019-02-22,77.25531768798828,77.3047548216869,76.57150124324082,76.62093209122631,4551300
2019-02-25,75.97831726074219,77.49425549180212,75.93712069079889,77.37891263881774,7216800
2019-02-26,75.21210479736328,76.16780358476723,75.14619280217299,76.00302988250532,4541800
2019-02-27,74.8825454711914,75.29448598155585,74.6189037959867,74.97317288632865,7327200
2019-02-28,74.56122589111328,75.19561145618592,74.47059848385823,74.91549495064322,12189600
2019-03-01,75.8711929321289,75.93710491606039,74.93196916109984,75.12146454347469,8021400
2019-03-04,76.03598022460938,76.75275897613432,75.18738377822216,76.21723505504418,5620100
2019-03-05,76.3902359008789,76.64563696125319,75.34390366736775,75.80528123264963,6073900
2019-03-06,75.86297607421875,76.63742006330959,75.78058921823643,76.52207720779151,4070700
2019-03-07,75.03909301757812,75.90416441176737,74.85783816763923,75.64052270796007,4876100
2019-03-08,74.57771301269531,75.20386439699469,73.7373570721127,74.95670384304161,4113900
2019-03-11,75.79704284667969,75.8876702485925,74.87429397525494,74.94844652487107,4639100
2019-03-12,76.15957641601562,76.46440842225509,75.7146798354807,75.99479641264283,6149100
2019-03-13,76.63741302490234,77.14822154222261,76.32434048663654,76.50559532457966,6638200
2019-03-14,76.89281463623047,77.05758832065443,76.15956105483147,76.70331924200109,5578600
2019-03-15,77.27178955078125,77.60957744765024,76.85984910512342,76.91752051608702,9493800
2019-03-18,75.70641326904297,77.1317299516721,75.14617402137014,76.83513233315635,8347700
2019-03-19,76.34081268310547,76.52206121409857,75.31919576816497,75.84647907910264,5909400
2019-03-20,75.56637573242188,76.25019855611716,75.4180768825327,76.11837456256502,4772600
2019-03-21,76.29534912109375,76.95806913350454,75.07760473238463,75.35926294971748,4217000
2019-03-22,74.87881469726562,76.31194448666922,74.86224953584458,75.90602534991706,4291700
2019-03-25,75.0693359375,75.35927361389673,74.56401327856543,74.87051611354168,3336900
2019-03-26,75.4421157836914,76.35335123471386,75.06105391581539,75.68235167608083,4463300
2019-03-27,74.7711181640625,75.62436609906042,74.14982038768524,75.44211774009625,4822400
2019-03-28,74.52259826660156,75.10247999686948,74.1166854795316,74.80425655162722,6534900
2019-03-29,75.45038604736328,75.54151020579123,74.39003909856497,74.73796425610823,4742700
2019-04-01,75.1273193359375,76.10482796265433,74.88708346867514,75.9060081496439,4467100
2019-04-02,74.8870849609375,75.40068702103144,74.68827146413233,75.34269948778963,3684700
2019-04-03,73.2717056274414,75.26814525416593,73.15573056333434,75.25157377634093,7633200
2019-04-04,73.91785430908203,74.11666778505652,72.965196659781,73.31312182277797,6085300
2019-04-05,73.66934967041016,74.58887089854174,73.51195220896683,74.3237840962081,6211900
2019-04-08,73.71903228759766,73.86814397011892,72.8989211938138,73.86814397011892,5464500
2019-04-09,73.495361328125,73.82672129511981,73.28826213877396,73.46222469940895,4938700
2019-04-10,73.42082214355469,74.01726898104286,73.30484707183948,73.4953811583244,5031400
2019-04-11,72.56758117675781,73.89301520844643,72.27764346985218,73.89301520844643,7878900
2019-04-12,71.86343383789062,72.95691753512448,71.7557445120104,72.89893000270173,7324200
2019-04-15,71.96283721923828,72.31076238222418,71.79715405579277,72.17821585146777,5815900
2019-04-16,71.36640167236328,72.5261587178438,71.28356323772198,72.49302207995379,8424600
2019-04-17,70.1900863647461,71.5900731121958,70.0409746396734,71.44096138712308,9388300
2019-04-18,69.76758575439453,70.1155109247088,68.56640649473826,70.03267250132444,6798000
2019-04-22,69.70960235595703,70.15693745293487,69.29540389432944,69.38652806150087,3878400
2019-04-23,70.4965591430664,71.05986916175819,69.91668397095664,69.97467148816762,6415800
2019-04-24,70.94391632080078,71.46580413896231,69.88356920571029,70.32261859053676,4389200
2019-04-25,71.95457458496094,72.02084787161887,70.71197890088287,71.03505327312969,5928200
2019-04-26,72.36046600341797,72.47644106068321,71.85514340240515,72.27762757968088,3435200
2019-04-29,72.43502807617188,72.60899066943621,72.00425814223142,72.26106548290754,4069000
2019-04-30,73.5699234008789,73.81015924963518,72.40188711021315,72.57584969307119,7380700
2019-05-01,73.15572357177734,73.79359268357145,72.41017146524702,73.57820773359987,4685200
2019-05-02,73.84331512451172,73.86816602565753,72.92379386110784,73.13917887131844,4761900
2019-05-03,74.20780181884766,74.4397519583751,73.83501939160658,74.18295092106504,3705100
2019-05-06,74.67998504638672,74.84566190552422,73.09774386490515,73.31312883791756,5504700
2019-05-07,73.95097351074219,74.80422745394091,73.51192425385446,74.34860672311467,6455600
2019-05-08,73.72731018066406,74.11665766138395,73.5533476229273,73.74387533466326,4556400
2019-05-09,73.01490020751953,73.1805770547947,71.81372726435809,73.1805770547947,6844200
2019-05-10,73.17228698730469,73.4373736964651,71.31667370301611,72.50956705432081,4239900
2019-05-13,72.34391021728516,72.54272372403936,71.75574911635204,72.28592268114153,3823500
2019-05-14,72.61727905273438,73.15573200951862,72.32733506656797,72.44331013296768,3194600
2019-05-15,73.1225814819336,73.40423967551575,71.87170688623306,72.26105438668039,3696200
2019-05-16,72.99006652832031,73.94272442526862,72.95692988701616,73.45396686624237,5013100
2019-05-17,72.6752700805664,73.37940625189984,72.19479831371116,72.25278584969939,4735800
2019-05-20,72.54271697998047,72.89892790322335,71.9794068297398,72.49301518795438,4677400
2019-05-21,72.7083969116211,73.47052690256454,72.6586951174909,72.91549614738643,6403400
2019-05-22,73.52851867675781,73.82674209907422,72.41846342254283,72.66698504786233,7391300
2019-05-23,75.91429138183594,76.03855218082256,74.65513087518288,75.45039114046378,12993200
2019-05-24,77.06578826904297,77.80306125004066,76.22082593043028,76.54390032344415,7341200
2019-05-28,75.64093017578125,77.45512167927899,75.59122837683645,76.94979898944783,8852200
2019-05-29,75.81488037109375,76.03026533151305,74.76281910473153,75.53322846299416,5830300
2019-05-30,76.69297790527344,77.34741214119242,75.86458109831261,76.10481693075118,4400700
2019-05-31,76.69297790527344,76.98291552367652,76.07168030005282,76.31191613249139,5949900
2019-06-03,77.31427001953125,77.86929432393659,76.51072416262159,76.85864927999516,8489100
2019-06-04,78.20894622802734,78.46574721786365,77.35569220083573,77.86930050067446,6871300
2019-06-05,79.98172760009766,80.23852863069783,78.69770980676257,79.27758514042976,7867800
2019-06-06,79.9403076171875,80.54504018625332,79.27758751301954,79.94859335653561,6495100
2019-06-07,80.44562530517578,80.74384870161235,80.26337697177934,80.30479934579377,4848500
2019-06-10,80.97581481933594,81.04208810278035,80.20540527975702,80.37936790867249,3975900
2019-06-11,80.81841278076172,81.79592153569835,80.4704875426066,81.18290949892489,3621500
2019-06-12,80.79356384277344,81.16634630999265,80.5119118774757,80.79356384277344,3108800
2019-06-13,80.7686767578125,80.99234108180764,80.3379132626435,80.7686767578125,4281400
2019-06-14,80.7686767578125,81.3154216033908,80.66098746406153,80.85151516224903,3056900
2019-06-17,80.61959838867188,80.96752362305871,80.39593397232827,80.77699584620449,2749500
2019-06-18,81.14977264404297,81.50598362125821,80.7272883873068,81.03379756496524,3654000
2019-06-19,81.80419921875,82.0610002520718,80.8432557182976,80.87639235488221,4307100
2019-06-20,82.22667694091797,82.7568504440656,81.55567116336651,82.26809299325241,4887200
2019-06-21,82.32609558105469,82.64916992112411,81.5474066609691,82.18526960105885,7027600
2019-06-24,82.14384460449219,82.73200568063523,81.92845962782228,82.25153393274356,4037900
2019-06-25,81.92847442626953,82.59118831394396,81.87876630257193,82.13557370119935,4416100
2019-06-26,80.5367431640625,81.58880438786014,80.2302340527961,81.56395349346462,4315000
2019-06-27,80.75212860107422,81.2243145579261,79.95686205463966,81.0503456557791,7428000
2019-06-28,80.67757415771484,81.16633161866882,80.25508996607104,81.10005834935865,5539400
2019-07-01,81.26573944091797,81.64680127907566,80.66929262635213,81.42313688369705,3326900
2019-07-02,81.22431945800781,81.67993396587168,80.89295943036429,81.26573551135898,3380300
2019-07-03,81.8539047241211,81.8539047241211,81.0752158496684,81.23260698037116,2326000
2019-07-05,81.72062683105469,81.92053281151892,81.16255252668971,81.55403957315056,2319800
2019-07-08,81.64566040039062,81.95385382652033,81.21252970478632,81.76227911006146,4384800
2019-07-09,81.9955062866211,82.55358062338759,81.7289628455612,81.96218756212649,5665300
2019-07-10,82.33700561523438,82.42029924247079,81.63733152057281,82.04547474245872,3482100
2019-07-11,83.2948989868164,83.2948989868164,82.42030000549624,82.96171811988984,3981500
2019-07-12,82.6701889038086,83.29490065874921,82.01215842601688,83.18661957565561,3545600
2019-07-15,83.14495849609375,83.18660848282778,82.42862193755934,82.7034965982542,3075700
2019-07-16,83.1866226196289,83.51147223569323,82.91174791222161,83.27824752209801,3632800
2019-07-17,84.06121826171875,84.39439915928116,83.16996301480506,83.51980009754193,5579100
2019-07-18,84.41105651855469,84.82753105757632,83.78634471002223,83.79467598017386,3922900
2019-07-19,83.96128845214844,85.57720570488256,83.95295718012702,85.02746249454167,5292400
2019-07-22,84.32775115966797,84.84418180403082,84.09452646701902,84.22780135133057,3061400
2019-07-23,84.6359634399414,84.91916309992146,84.21948886592533,84.59431344058073,3304500
2019-07-24,85.23567199707031,85.268990719385,84.36107301227491,84.83585368419045,3429900
2019-07-25,85.0357666015625,85.17737277167825,84.52767352077157,85.0357666015625,3007500
2019-07-26,85.4189224243164,86.03530290445727,84.87750430376585,85.37727243239077,3515600
2019-07-29,86.01031494140625,86.17690219832821,85.12738468600963,85.43557810170142,3131300
2019-07-30,86.41844940185547,86.51840555880567,85.38559453295353,85.76875026891884,3892300
2019-07-31,84.91082763671875,86.5850506407725,84.32775949258377,86.23521356722965,6937100
2019-08-01,85.26898193359375,86.38513041909813,84.58596408375928,84.84417621147236,4287800
2019-08-02,85.23567199707031,85.59384031833267,84.50267281593999,84.97745348785554,3632200
2019-08-05,82.88676452636719,84.56098759752462,81.9871779970038,83.55311997579044,4598700
2019-08-06,84.32775115966797,84.36940114973939,82.74514686039778,83.29489622583853,4786400
2019-08-07,84.45269775390625,84.8275222581853,82.57023125343066,83.59476130930132,3954100
2019-08-08,85.19400024414062,85.46054359967786,84.06952066155831,84.5692886588288,4951200
2019-08-09,84.68594360351562,85.78543629286128,84.51102503417633,84.86086217285492,6602100
2019-08-12,84.12784576416016,84.96912600117271,83.8446461654033,84.68592004751957,2668900
2019-08-13,85.29399108886719,85.54387201172331,84.12786105084626,84.35275451690651,3687500
2019-08-14,84.06954193115234,85.17736561455946,83.9695857644514,84.54432260191304,4715100
2019-08-15,84.75255584716797,85.06074924710211,83.81965073337263,83.95292561601319,4366000
2019-08-16,85.59384155273438,85.82706625740423,84.89416108382824,85.38560430143679,4758100
2019-08-19,86.7766342163086,86.98487148344746,85.8104102464336,86.21022859549497,6106800
2019-08-20,89.05058288574219,91.37450506203044,88.90897672245025,89.94183808401914,11295400
2019-08-21,89.7835922241211,89.96684205917674,88.6840995686851,88.80071194464816,6549300
2019-08-22,89.81689453125,90.21670650290676,89.3171263892307,89.95849433975773,4402600
2019-08-23,88.33423614501953,89.98347145977199,87.91776168201595,89.67528442428276,5316000
2019-08-26,89.0339126586914,89.0922188309311,88.43418839857094,88.80068796973259,3092600
2019-08-27,89.57533264160156,89.81688860453238,89.08388944670197,89.10055198477791,4429500
2019-08-28,89.9585189819336,90.34167487426883,89.10058227138964,89.10891354325953,3924300
2019-08-29,89.79190826416016,90.54155730964885,89.37543374782342,90.32499513667945,3992900
2019-08-30,89.86686706542969,90.333316471675,89.39208638981668,90.3166602878362,3776500
2019-09-03,89.51700592041016,89.66693695419703,88.9506004988703,89.32542490589005,4360100
2019-09-04,89.67530059814453,90.04179387035924,89.25882606002547,89.86687532693689,4320900
2019-09-05,89.72525787353516,90.5915255051444,89.31711468577076,90.5915255051444,4148200
2019-09-06,90.53321838378906,90.58319328444831,89.4753697172658,89.85020053689756,4484900
2019-09-09,89.90019226074219,90.99968476526622,89.58367390584331,90.62486023038869,4652700
2019-09-10,89.52534484863281,89.60863846233225,88.35921519215438,89.30877636909794,5063900
2019-09-11,90.48323822021484,91.0996249919647,89.54200823536377,90.12506993307755,6209100
2019-09-12,91.94090270996094,92.65723931454798,91.11628502975815,91.20790992254692,5203200
2019-09-13,91.34951782226562,92.02421085218869,91.0413307509063,91.62439252501588,6828600
2019-09-16,90.83306884765625,91.44944917801712,90.64981909554747,91.20789326431874,3402100
2019-09-17,91.07465362548828,91.64939055119311,90.75813524801615,90.83310397327644,4290900
2019-09-18,91.6243896484375,91.89093307321892,90.68315956981175,91.20791515003552,5486000
2019-09-19,92.4656753540039,93.06539968376583,91.73267612656292,91.89926974866174,3646400
2019-09-20,92.60726928710938,92.95710633896087,92.16580733764489,92.84049398834371,7342900
2019-09-23,92.32406616210938,92.77385939469633,92.20745380790868,92.28242252412151,3268200
2019-09-24,91.42450714111328,93.3319615961062,91.19128237891294,92.57397476405697,6023400
2019-09-25,89.6419677734375,91.42447800783845,88.90064372057431,91.24122822310443,6715100
2019-09-26,89.90985870361328,90.39540695256184,88.97224895256886,90.36192020570913,4042500
2019-09-27,89.84290313720703,90.84748019546682,89.15644065710897,90.32845148304217,3111800
2019-09-30,90.9311752319336,91.29951664549002,89.96007880768616,90.08565250212415,3627500
2019-10-01,90.5963134765625,91.83529107186538,90.45399960453803,91.11534204205017,3539600
2019-10-02,88.68761444091797,90.78885495386027,88.10160599597141,90.51260049048358,4413800
2019-10-03,89.51639556884766,89.79265643448711,88.06812413526752,88.62901914982321,2955200
2019-10-04,90.88095092773438,90.95629770664092,89.89311422691361,90.02706121743903,3421500
2019-10-07,89.79268646240234,90.71354993553958,89.71733966160194,90.34520199150631,3991000
2019-10-08,87.90908813476562,89.35735347893447,87.90071484976865,89.15643934762248,4633800
2019-10-09,89.36570739746094,89.5917349478363,88.2774105137214,88.5704179426123,2901200
2019-10-10,89.92659759521484,90.08565804375047,88.55367292864238,88.6290197047175,2797200
2019-10-11,90.0605697631836,91.03166013175779,89.94336931157886,90.84748616868019,3652800
2019-10-14,90.05220031738281,90.58797565812029,89.83453958928763,90.36194803094342,1906900
2019-10-15,90.57122039794922,90.8139945567728,90.01869857712074,90.50424689476792,2720500
2019-10-16,90.8307113647461,91.031625435642,89.92658846529977,90.55445052542474,2986200
2019-10-17,90.83910369873047,91.23256502750623,90.48749601724171,90.93955756177483,2332700
2019-10-18,90.51260375976562,91.17395261308167,90.37865677770199,90.80560479935029,3155100
2019-10-21,89.25688934326172,90.9228151971747,89.12294234649266,90.78886820040564,4169000
2019-10-22,87.4737548828125,89.918236428246,87.29795424336062,89.51640183311014,6141000
2019-10-23,88.08487701416016,88.79645285702803,87.74164263159722,88.21881762146806,4543500
2019-10-24,88.14348602294922,88.89692197343976,87.4402770068431,88.51183390695456,3482500
2019-10-25,88.26905822753906,88.48671253075757,87.5993359748574,88.39462556134022,2671900
2019-10-28,88.9220199584961,89.022473809775,87.99278351250379,88.27741127371901,2651100
2019-10-29,90.03544616699219,90.34518744556337,88.40300053990367,88.6708881687207,3587000
2019-10-30,90.87258911132812,91.03164318778903,89.49966431640857,90.03543953457502,3065100
2019-10-31,91.16558837890625,91.4585894475737,90.17775164243866,90.73864031487982,3999200
2019-11-01,90.88932800292969,92.25387949437491,90.75538739376083,91.41672992950056,3844200
2019-11-04,89.70056915283203,91.24929443232215,89.54988198911742,91.24929443232215,3524800
2019-11-05,88.3443832397461,89.54150724670843,87.78349462331559,89.52476706743239,4135700
2019-11-06,89.46617889404297,89.80940690439209,88.34439512334221,88.53694233910721,3654000
2019-11-07,89.40756225585938,89.97682412741142,88.75458033121234,89.86799061316525,2630200
2019-11-08,89.60012817382812,90.06892994528751,89.29038688351893,89.67547496535273,2312800
2019-11-11,90.37864685058594,91.0316223490648,89.62521112659383,90.17773278650236,3090400
2019-11-12,90.93954467773438,91.24091899805866,90.52096994249995,90.84745772502731,2413500
2019-11-13,91.25767517089844,91.45858927661709,90.69678011256146,90.99815446461156,2230800
2019-11-14,91.42510223388672,92.07807786558108,90.61306614274837,92.04459111691159,3400600
2019-11-15,93.81097412109375,93.88632089987061,92.0027344607214,92.03622120829512,6223500
2019-11-18,93.13288879394531,95.82013812215078,93.03242854718223,94.83230138328554,7547200
2019-11-19,92.98221588134766,94.22956713202224,91.659517837306,94.17096690915686,7542100
2019-11-20,93.58495330810547,94.58953025999202,93.12451847943984,93.26683876362844,6029500
2019-11-21,92.49666595458984,93.98679135663032,91.81020347543821,93.40078913794423,7026200
2019-11-22,92.77288818359375,93.30866324203923,92.63057433083785,92.79800164149862,5567600
2019-11-25,93.57658386230469,93.64355736502952,92.64734726956812,93.11615540169717,5652600
2019-11-26,93.19984436035156,93.8863066137981,92.78126965978798,93.76073292624041,9385400
2019-11-27,94.15422058105469,94.35513470534634,93.11615682077883,93.24172415662058,3367200
2019-11-29,93.25007629394531,94.07885245727412,92.83987485368365,93.96165204577079,2786600
2019-12-02,92.8482437133789,93.44261902538616,91.82692041583796,93.09101142068268,3429800
2019-12-03,92.91522979736328,93.36729133554435,92.09482678828772,92.12831353781347,3573500
2019-12-04,93.71051788330078,93.87794522996951,92.91522201926466,93.04916900615474,3003400
2019-12-05,93.92816925048828,94.02025620439011,93.10776633547299,93.71051498394183,3205700
2019-12-06,94.67324829101562,95.11694295854352,93.82773176599471,94.179333076614,3623000
2019-12-09,93.03241729736328,94.58114890969706,92.93196344969174,94.45557521316411,3403400
2019-12-10,92.95709228515625,93.66866816726764,92.83989185219411,93.22497990149034,3850700
2019-12-11,93.52633666992188,93.62679051530499,93.06590192210473,93.37564951490384,2897200
2019-12-12,94.07887268066406,94.66488125109375,93.10778243561126,93.28358309065672,3741400
2019-12-13,95.03319549560547,95.34294306774821,93.62678427154208,93.8109581583868,4180300
2019-12-16,95.88710021972656,96.24707474414892,95.44341202642673,95.49363895036451,4304000
2019-12-17,95.7280502319336,96.81634720701841,95.5522495920096,96.2470852547646,3864300
2019-12-18,95.2676010131836,95.89546304168802,95.1838809664954,95.52711527447704,4895100
2019-12-19,95.00810241699219,95.68619790828882,94.40535370781488,95.35133680464095,5116600
2019-12-20,95.2173843383789,97.05911710916662,94.89926982100778,96.4814818982315,10323900
2019-12-23,95.34294891357422,95.55223627292212,94.92437419487842,95.25086196450567,3726500
2019-12-24,95.24250793457031,95.68620259111086,94.99974016916264,95.49365537133329,1281400
2019-12-26,94.69577026367188,95.33503357909613,94.33407893794832,95.22568742663249,2942500
2019-12-27,95.34343719482422,95.54530946266044,94.61164781739156,94.96492589045586,2458900
2019-12-30,94.99016571044922,95.79766125520712,94.6621208459352,95.69672190558583,2112800
2019-12-31,95.42754364013672,95.43595685580267,94.37611629100607,95.04903236141098,2806400
2020-01-02,96.36121368408203,96.6556184820077,95.13314728432957,96.27710077784758,3917000
2020-01-03,95.78926086425781,96.23507157172467,95.0911177924616,95.18364393765236,2764600
2020-01-06,96.6387939453125,96.68926040656208,95.13314914979905,95.2761417349419,3332000
2020-01-07,96.3023452758789,96.98367465612502,96.00794686091041,96.17617269306265,4443800
2020-01-08,97.99303436279297,98.32107920048642,96.94160695546687,96.99207341744936,5482800
2020-01-09,99.58279418945312,99.81831290687663,98.37154773709942,98.45566706538246,5120900
2020-01-10,99.79308319091797,100.06224836565623,99.1874599434059,99.8519628723481,3180900
2020-01-13,99.26315307617188,99.86877624447908,98.5481837759104,99.51549178469779,3367100
2020-01-14,98.4472427368164,98.97715979120476,97.70704022026399,98.73322788500609,5694200
2020-01-15,98.69117736816406,99.59961212997406,98.37995256530235,98.55659158830932,3683200
2020-01-16,99.9781265258789,100.348231014628,99.06969173571484,99.35568331813096,4019400
2020-01-17,100.12114715576172,100.8024702305451,99.72580932610538,100.05385424488294,4906100
2020-01-21,101.20618438720703,101.36600338793637,99.9360584313225,100.09587743205182,5596900
2020-01-22,101.85386657714844,102.745481328603,101.23983660206135,102.27443751470523,4169400
2020-01-23,101.75294494628906,102.02211011948661,100.63422458811641,101.55947946989524,4125900
2020-01-24,100.31459045410156,101.80340887749483,99.98654560797416,101.68564951823905,3382500
2020-01-27,100.28936004638672,100.98750300523172,99.431391642046,99.67532358377409,4192100
2020-01-28,100.24728393554688,100.97907964068186,100.23046392254048,100.27251716375793,3422700
2020-01-29,99.56597900390625,101.0632107093568,99.52391933772454,100.72675263211526,3019500
2020-01-30,99.38092803955078,99.67532645445866,98.15286149636071,98.7753047760808,5056200
2020-01-31,97.10142517089844,99.38091900101759,96.73132067301515,99.05287416604051,6067800
2020-02-03,99.24634552001953,99.53233714495641,97.47994855478886,97.53041502261122,5618400
2020-02-04,100.92862701416016,101.33237799874222,100.23889082927747,100.47440956303191,4000300
2020-02-05,101.45854187011719,102.12304476466494,101.03797090526952,101.46694866888352,3811000
2020-02-06,102.03053283691406,102.08099930614921,100.77722656673541,101.46696278836866,3763700
2020-02-07,100.05384063720703,101.70248464248981,99.89402801736149,101.46695948644631,3946900
2020-02-10,100.41551971435547,100.50804583859302,99.43138521190535,99.5239113361429,4056800
2020-02-11,100.05384063720703,101.08844814469114,99.61644961079206,100.87816263984841,3959300
2020-02-12,97.98462677001953,100.0033687914224,97.81640094215429,100.0033687914224,7629200
2020-02-13,98.2706298828125,98.84260674888122,95.89019627715854,96.7313383497652,5639900
2020-02-14,98.69117736816406,98.85940317557932,97.57245713838341,98.28742644600301,3815600
2020-02-18,94.76306915283203,96.73133852596256,94.1658526328773,96.08366195253376,12050300
2020-02-19,95.69673156738281,96.6808726776905,95.21728083873232,95.8060841448641,5198400
2020-02-20,95.77243041992188,97.076203111204,95.23410004327225,96.75656503810282,4914900
2020-02-21,95.28456115722656,95.77242503909424,94.77987725964796,95.54531311387132,5493800
2020-02-24,93.66116333007812,94.93970280359656,93.1144197295895,94.12379401143106,5334300
2020-02-25,91.28913116455078,94.13219494925943,91.06202567076929,93.87143659132833,7074400
2020-02-26,89.28722381591797,92.60131890359331,89.18628446652019,92.04616852541587,5426300
2020-02-27,84.93851470947266,88.78253306357246,84.90486826226565,88.18531664740276,7263500
2020-02-28,84.6777572631836,84.95533564258874,81.22066338849388,83.247818537151,11686600
2020-03-02,86.31797790527344,86.53667016307797,83.69361305499253,85.48524286339213,8358000
2020-03-03,84.4506607055664,88.04233433342547,83.09642153012668,86.79744772851966,8371600
2020-03-04,87.1338882446289,87.46193949680837,84.91327409349803,86.25910629682885,8935200
2020-03-05,84.26560974121094,86.49463742850462,83.30670832994421,86.45257775958409,5881600
2020-03-06,83.32352447509766,83.63474932539553,81.41413495855689,81.82629274172659,6843100
2020-03-09,77.72151184082031,80.30381718381068,77.14112188373865,79.08415759410308,9053800
2020-03-10,81.05244445800781,81.06085767496657,76.8719676486916,80.0767166477269,9725800
2020-03-11,77.75517272949219,79.55521619323608,76.41775354027052,78.80660028623065,7893800
2020-03-12,70.99238586425781,76.03923784867324,70.52975519872474,74.27284093760868,11417400
2020-03-13,74.7102279663086,75.6018363824127,68.51942268235432,74.80275409447832,13456400
2020-03-16,65.12962341308594,70.18488848220369,64.17913529113233,67.7371622533919,10210000
2020-03-17,67.46800231933594,68.51101665300608,64.4146590216398,66.50910090626097,11584600
2020-03-18,62.69873809814453,65.95396060507774,60.671582388857594,64.76794706547226,10468300
2020-03-19,66.63526916503906,67.71192988045291,61.65571014754795,65.64272136475365,11112000
2020-03-20,65.15485382080078,68.68765381482336,63.750148322935004,68.10726382338026,11355200
2020-03-23,61.33606719970703,64.868867110318,60.69680396173084,63.65762069326241,11494600
2020-03-24,67.58575439453125,69.15869215119217,64.39782563415449,65.07915497744382,9955900
2020-03-25,73.02794647216797,75.73642467548962,67.81286876132542,68.97364238386155,16273700
2020-03-26,77.81861877441406,79.36753782332465,75.36403853518236,75.36403853518236,12537800
2020-03-27,76.08346557617188,78.21641317454139,74.4837581061787,74.95774359134174,10665800
2020-03-30,77.91171264648438,78.8173672471485,76.59978012757044,76.8113817301328,8248200
2020-03-31,76.32891845703125,78.30104663584541,75.77028721356255,77.59852787484111,14088100
2020-04-01,71.19123840332031,74.22137467712234,70.23480155539006,73.73045744576645,8110000
2020-04-02,72.91791534423828,73.21415630366424,68.83823660388597,70.07398921861184,7152600
2020-04-03,73.01947021484375,74.0520869560473,71.75832660910275,72.81633450663628,5625700
2020-04-06,79.63836669921875,80.40859954183088,74.5260782636398,75.62640259335582,8952300
2020-04-07,79.95155334472656,85.48705236166755,79.83305695706838,82.32149401302804,7688400
2020-04-08,84.03123474121094,84.50522030607085,80.10390917005138,80.55250357358936,7655400
2020-04-09,85.51244354248047,86.73973678290074,84.0227663661219,84.21744269307436,8079400
2020-04-13,84.23435974121094,85.04691554524592,82.30455423615624,84.83531395113786,5355500
2020-04-14,85.65635681152344,86.15574013035732,84.4967837470314,85.67328856203075,5013600
2020-04-15,82.37225341796875,83.08323800368892,81.13650110648801,82.40611044181895,7727300
2020-04-16,81.0010986328125,83.10865544555837,80.80642875605594,83.04094137643911,7944400
2020-04-17,87.45916748046875,87.64537790596397,82.81239208719643,82.8293238300057,9559900
2020-04-20,85.94409942626953,87.23063420509007,85.92716768345062,86.37576846220213,4729700
2020-04-21,82.61772155761719,85.21618870630051,82.3553376643758,84.21742898863509,5472900
2020-04-22,81.32271575927734,83.44719084198692,79.32519645068268,83.43026555796071,7696500
2020-04-23,81.11112976074219,82.47384463005132,81.03494982408395,81.6782205191937,5854900
2020-04-24,84.04816436767578,84.24283423794749,81.67822368800157,82.60926950588471,4631500
2020-04-27,85.28389739990234,85.89331094627394,84.00582212668232,84.6660179827291,5019000
2020-04-28,82.9816665649414,86.7481716600628,82.7954561633728,86.6381411762118,4501000
2020-04-29,83.9127197265625,85.30929140743679,83.5656965028989,84.21742650993752,5393600
2020-04-30,82.63465881347656,84.16665886845759,81.97446282028382,83.05786203553025,5497000
2020-05-01,80.5271224975586,82.25379271695819,80.0700621638143,82.10143927237677,4172000
2020-05-04,80.62867736816406,81.00109180177519,79.23210548380894,80.01079784030408,4717600
2020-05-05,82.86316680908203,83.7264982765159,81.83055023009572,81.92365542705788,4200200
2020-05-06,81.89828491210938,83.57416596459682,81.73746563000171,83.21021095500517,3605900
2020-05-07,83.74344635009766,84.42903342729605,82.81239419888011,83.26945440286836,4403500
2020-05-08,83.81963348388672,85.19081431934264,83.05786635307787,84.99613798574798,4277800
2020-05-11,83.57418060302734,84.05663207628578,82.06757798329294,82.8124134195747,3490400
2020-05-12,80.57788848876953,84.01430294033098,80.55249732941584,83.87887481368668,4411800
2020-05-13,78.9527816772461,80.77255658397709,78.69886365198902,80.4086016026309,7111000
2020-05-14,79.40984344482422,79.46062575936801,75.88033051753501,78.03866283402998,6355800
2020-05-15,79.4690933227539,79.75687484562043,77.86938580488935,78.69886688631487,8591500
2020-05-18,83.7095947265625,84.76760273256666,81.72054096678836,81.94906785475517,7047500
2020-05-19,82.1268081665039,84.53906500360193,82.05909410781426,83.79422973072003,4801700
2020-05-20,83.01554107666016,83.95505269517017,82.05909771394964,82.85472179459697,4270900
2020-05-21,80.75565338134766,82.35536127090958,79.62146522750436,80.49326295532629,7021400
2020-05-22,80.17161560058594,81.1534436710515,78.53805098296064,80.84873684908017,6518300
2020-05-26,82.22838592529297,83.02400357795233,80.25625739455313,82.59234094831548,7086300
2020-05-27,81.25502014160156,83.06632944898593,80.3324402000435,82.46538163743026,6163700
2020-05-28,83.0663070678711,84.41209633429708,82.27068314359954,82.54153287945859,5444200
2020-05-29,83.4387435913086,83.8788720733867,81.44122399154304,83.8788720733867,8956300
2020-06-01,82.19453430175781,83.37103879968593,82.02525558773021,82.71930864735377,4860000
2020-06-02,82.31301879882812,82.66850792145917,81.65282286892244,82.27069589765239,8363300
2020-06-03,82.18605041503906,82.98167440323371,82.07601992079479,82.53308009757251,7508900
2020-06-04,82.09295654296875,82.66851316459493,81.61050514377979,81.88982081109143,8785200
2020-06-05,86.36730194091797,87.24756529141068,83.00706780667754,83.58262436440094,10060400
2020-06-08,85.76634979248047,87.37452301393634,85.36853780817867,86.09644772465272,6929600
2020-06-09,83.88733673095703,87.23063934464743,83.79423151267083,86.3419165213267,5622500
2020-06-10,82.56696319580078,84.361340985038,82.22839927747897,83.97199473911729,6098300
2020-06-11,76.91295623779297,81.1873049247241,76.84524217215116,81.1280567316797,8829600
2020-06-12,78.89354705810547,80.66253995547915,77.65779437484187,79.4352466875479,7333400
2020-06-15,79.2405776977539,79.56220983833295,76.7521405576648,77.33616310055976,6026000
2020-06-16,80.87413787841797,82.0167852802457,80.09543904631457,81.67822141292709,6500100
2020-06-17,80.81488800048828,81.66975383711717,80.40861007666551,80.95877554238797,5360900
2020-06-18,79.9261474609375,80.89105012987697,79.51986959411516,80.18853134847983,3692600
2020-06-19,79.48602294921875,81.5766411967654,79.00356513336037,81.28886613913191,7084200
2020-06-22,78.99510192871094,79.32519987077657,77.60699610628937,78.74117745439847,5370200
2020-06-23,79.0458755493164,80.51862054872207,78.9612362197077,79.88381589030638,5160200
2020-06-24,75.27090454101562,78.38567965325268,75.22012223481855,78.30104032373524,10928600
2020-06-25,75.70540618896484,75.89283902332224,74.70008994101482,75.14310768589266,5671100
2020-06-26,75.62873840332031,76.33586912010416,75.1346048963746,75.82469271639029,9108200
2020-06-29,76.89816284179688,76.93224213321324,75.36462722786138,76.23363290907822,5241600
2020-06-30,78.125,78.52542362692942,75.8332240819808,76.84705557360985,5463800
2020-07-01,78.6531982421875,79.00250607821991,77.92050978120416,78.19313759227055,4328700
2020-07-02,79.36888885498047,80.44235772616754,79.20701377918245,79.4966781253864,3937800
2020-07-06,79.41145324707031,80.78311389992388,78.80656042810391,80.18674252910078,4366400
2020-07-07,78.09941864013672,79.30920410626382,77.91198580736445,78.44020501790817,4045600
2020-07-08,78.0483169555664,78.38910339445417,77.22191195375082,78.0568384040278,3956300
2020-07-09,76.78740692138672,78.20166832799683,76.01212413219,77.90348263984424,4061100
2020-07-10,77.36677551269531,77.50309274362176,76.1399529341739,76.40405944413973,4933900
2020-07-13,79.03659057617188,80.65532128792098,77.56269848860273,77.79272559765917,7442300
2020-07-14,80.63826751708984,80.65530391040244,78.3635287622396,79.01101570746694,5421900
2020-07-15,82.77672576904297,83.67980444253409,81.45618055783923,81.45618055783923,5644600
2020-07-16,81.57545471191406,82.49557628327685,81.14947322516778,82.29962193939042,4123800
2020-07-17,83.98650360107422,84.31024716061768,81.88215421413912,81.99290705030795,5557700
2020-07-20,81.55840301513672,83.75646213450345,81.51580227446773,83.67978860125179,4081800
2020-07-21,82.47855377197266,83.49239204103056,81.96737716151002,82.23148366859034,3664500
2020-07-22,83.057861328125,83.11749847114602,82.12070343781129,82.44444699993097,3618000
2020-07-23,82.27404022216797,83.16008223755149,81.94177527889413,83.16008223755149,3652600
2020-07-24,82.08661651611328,82.53815577131977,81.61804086446676,82.15477510179439,4071900
2020-07-27,82.15478515625,82.85339449507896,81.5072915129574,82.05254726521603,3701900
2020-07-28,82.08661651611328,82.81930506228397,81.60099796806624,81.93326294831103,4325500
2020-07-29,84.10578918457031,84.68512428997307,82.17182951655083,82.4955796195465,7020200
2020-07-30,82.18885803222656,83.07490018541479,81.26021513611207,82.81930872777868,3830000
2020-07-31,82.19738006591797,82.25701720646282,80.62976501451503,82.14625787405038,5155300
2020-08-03,82.9215316772461,83.19415948297792,81.75434043085316,82.58926674213417,3708100
2020-08-04,82.0354995727539,83.13453237520899,81.76287173415763,82.55519740569686,4241600
2020-08-05,82.65743255615234,83.29640469140385,82.37628975661181,82.4785211382772,3201500
2020-08-06,82.41038513183594,83.24530524484406,82.05255572629906,82.48705868304687,5009000
2020-08-07,85.23890686035156,85.27297966282765,82.29963039967187,82.41038975758727,4476900
2020-08-10,85.52002716064453,85.66486578277346,84.82993934328672,85.34963719338305,5096400
2020-08-11,85.80970764160156,87.31767917285016,85.63931115504492,86.64462767586443,4464800
2020-08-12,86.97688293457031,87.53918152713446,86.02268871682841,86.98540438293175,3471800
2020-08-13,86.2953109741211,86.79796589555134,85.44334819206831,86.27826807850234,3715000
2020-08-14,85.80117797851562,86.93429013078918,85.47743443499206,86.08232727944859,2925700
2020-08-17,86.78094482421875,87.91405708443149,86.4827590978368,86.97689265871489,3689600
2020-08-18,86.52534484863281,87.60734130664298,86.44014986374053,87.2580334186357,4043900
2020-08-19,85.89490509033203,87.05357523219415,85.70747219974234,86.81502664415693,3353400
2020-08-20,85.43485260009766,85.80119696724852,85.09406608414953,85.35817904648945,3350500
2020-08-21,84.11431121826172,85.27297493714468,83.86724116424723,85.17074353545728,6734100
2020-08-24,85.30704498291016,86.29532509175164,84.66807279183683,85.04293855725412,5265400
2020-08-25,87.4028549194336,90.20581313143651,87.11319070601537,89.37089328102878,9155300
2020-08-26,88.67230987548828,89.10680632196566,86.9854202892879,88.17816977953484,6126300
2020-08-27,91.04075622558594,91.33042049227784,88.8171325314211,88.98752251183267,6872500
2020-08-28,91.89270782470703,92.18237205577005,90.31657794990109,91.02370213159739,5699400
2020-08-31,91.56045532226562,92.6254089637734,91.2878274500381,91.7564031523248,4706200
2020-09-01,91.60303497314453,91.61155642090803,90.42732868022733,90.60624008349994,3705100
2020-09-02,92.676513671875,92.9917422523773,91.27929517985248,91.63711800098889,4452200
2020-09-03,90.43585968017578,93.00026973119971,89.75428678622869,92.71912042494947,5028100
2020-09-04,90.08656311035156,91.79901050921339,88.80010369873312,90.74257824074397,5813100
2020-09-08,89.0982894897461,89.92469461552943,88.45079580872591,89.45611237927238,5090900
2020-09-09,90.87035369873047,91.45820359995889,89.46461380456127,89.49869309593048,5549200
2020-09-10,89.26868438720703,91.2793176387195,88.97049862955943,90.98965333127954,3636900
2020-09-11,89.26014709472656,89.8735614015657,88.57858069820821,89.53277495332608,2836700
2020-09-14,91.13448333740234,91.70529698858532,89.8906181348399,90.02692883514004,4393500
2020-09-15,91.64566040039062,92.59986130818984,91.35599609800056,91.82457185186013,3293600
2020-09-16,91.57749938964844,92.48909952312204,91.42414579243037,91.96940158254756,3723800
2020-09-17,91.8501205444336,91.91827913818697,90.23991114178736,91.364501938873,3541900
2020-09-18,91.67120361328125,93.06842220162795,91.23670072911219,91.85863648488206,6265900
2020-09-21,89.28570556640625,90.05246689954649,87.82884343353476,89.68612262928508,4821300
2020-09-22,88.90234375,89.61799609827932,87.66699991661176,88.97902380515528,3568700
2020-09-23,87.7351303100586,89.26865942047417,87.6840081230726,88.89379371572448,5057800
2020-09-24,86.76697540283203,87.5380864213668,85.95302887796525,87.19536968682046,5352400
2020-09-25,88.38631439208984,88.8061389723646,85.93589849315217,86.43283090914386,3661900
2020-09-28,88.78899383544922,90.29694349255482,88.64334135282286,89.85997950789795,3403200
2020-09-29,87.9836196899414,90.16842660510648,87.46954132234681,90.06561616100994,4044500
2020-09-30,89.03746032714844,89.85141333313699,87.82082221263897,88.09499427417319,6474400
2020-10-01,87.64946746826172,89.9199517976071,87.40956119380067,88.6604781747689,5228200
2020-10-02,87.35814666748047,88.34345465951296,86.53563056729368,86.53563056729368,4116000
2020-10-05,88.85752868652344,89.20881508599385,87.95790474295971,88.42056475006274,2551000
2020-10-06,88.57479858398438,90.24554019058961,88.30919622333951,88.84040748140718,2982500
2020-10-07,90.52828216552734,91.08518949874097,89.0374653682986,89.38875181469163,3386000
2020-10-08,92.36180114746094,94.24673319668366,92.30182621507959,94.24673319668366,5617000
2020-10-09,93.11577606201172,93.441353344438,92.50745700083813,92.96155386785661,2950900
2020-10-12,93.44134521484375,94.19532322590553,92.61882909650302,93.92971436438283,2898900
2020-10-13,91.62495422363281,93.35566392746193,91.29080726825602,93.04721957837924,3822800
2020-10-14,92.15616607666016,93.86974302289349,91.92483606510066,92.30182508504073,3582000
2020-10-15,92.12187957763672,92.72163533859452,90.6396394078268,90.83669706572519,3952600
2020-10-16,94.35811614990234,95.13779683080318,92.36180389173578,92.4303420045099,6405600
2020-10-19,92.94441986083984,95.60046291790579,92.6445386547896,94.97500443332765,5333600
2020-10-20,93.5184555053711,94.6151436154507,92.65309738794583,92.65309738794583,3879400
2020-10-21,93.58699798583984,94.52946390013264,92.76447538549262,93.26998393077318,3566900
2020-10-22,95.8232192993164,96.13166367130462,93.44991811478305,93.69838755537229,4306800
2020-10-23,95.46337127685547,96.37157151450835,95.23204126245832,95.78895508417112,3919000
2020-10-26,92.47318267822266,94.48663433741368,91.18799993361849,94.26386749805127,5763800
2020-10-27,90.1427230834961,92.59313887363936,89.87712072322574,92.19044720692115,5023200
2020-10-28,87.89791107177734,89.31161311454109,86.92974261834304,88.35201437464902,7089600
2020-10-29,86.85264587402344,88.29205070405442,86.44138454968159,87.90649198683825,4858200
2020-10-30,86.1672134399414,86.96402695329986,84.77065063127101,86.74982984257745,5872300
2020-11-02,87.76085662841797,88.23209297349949,86.6641682654409,88.06930104760255,5302700
2020-11-03,88.36060333251953,90.12559224095017,88.30919810981993,88.9517895406773,3859200
2020-11-04,87.78655242919922,90.09131567795247,87.49524746522626,89.2002548179764,6023200
2020-11-05,89.11457824707031,89.97992996959653,88.60906960723922,89.36304770911912,3692600
2020-11-06,88.72901153564453,89.59436971746482,88.24921208597493,89.38874231571747,3924300
2020-11-09,97.00559997558594,99.56739589126772,95.6947145494474,96.92848560751894,11674900
2020-11-10,98.15369415283203,98.46213855363789,95.90891233636242,96.654314190995,5441400
2020-11-11,94.45234680175781,98.4449836896407,93.9725474128119,98.20508399516774,6191700
2020-11-12,93.90401458740234,95.12922235552948,93.22715091469657,93.81833704813849,3904600
2020-11-13,96.3886947631836,96.55148665055219,94.3495407294332,95.03496752568314,3627100
2020-11-16,95.63473510742188,97.9309285581172,95.17206853114996,97.77670636602656,3690500
2020-11-17,94.36670684814453,94.97502604042863,93.6984127083614,94.70942363532996,3589000
2020-11-18,93.79263305664062,95.00927109186338,93.7669304489183,94.35811003686337,4393100
2020-11-19,95.10352325439453,95.36912559693981,93.04722955234942,93.97256269878635,4477800
2020-11-20,94.3838119506836,95.12064395045843,93.8783034026882,94.8807442477257,4380600
2020-11-23,95.07781982421875,96.05455818031865,94.58088093096725,95.75468351603841,3507200
2020-11-24,97.72529602050781,98.73630673062425,95.93461116013671,96.07169392354054,6673800
2020-11-25,97.08270263671875,98.12798565037964,96.55149795138632,97.4682613829651,3266700
2020-11-27,98.17938995361328,98.30790953449778,96.60290226931052,97.45112104430434,2082100
2020-11-30,97.4168472290039,98.05943858681205,96.86850312661647,97.70815871033447,5797300
2020-12-01,96.08026123046875,98.64205699819763,95.89176671583324,98.1708272483863,5035500
2020-12-02,97.3311767578125,97.4682660617548,95.1977751252382,95.99458872826393,5116800
2020-12-03,96.36299896240234,97.27976235142182,96.0545545944353,97.04842580705795,3441400
2020-12-04,97.54535675048828,97.55392646467313,95.70326040734582,96.15736374426946,4077900
2020-12-07,96.4829330444336,97.4511014908504,95.89174701305217,97.21120180761623,3047800
2020-12-08,95.25774383544922,96.17450725111571,94.29813838090648,96.00315216916543,5768100
2020-12-09,96.77424621582031,97.20264041161725,95.3605505991117,95.56617798279677,5574900
2020-12-10,96.54292297363281,97.43398374757969,95.70326741500573,96.70571487118167,3398300
2020-12-11,96.28585815429688,96.51719463511742,95.52331715871509,95.60899467366606,3843400
2020-12-14,95.93460083007812,97.4596831781017,95.87462590190114,96.97131403815284,5414700
2020-12-15,98.4364242553711,99.14756023594796,97.11696926120415,97.95662481632024,7534000
2020-12-16,98.50496673583984,99.44743270045933,97.691013806159,98.33360512796006,3356600
2020-12-17,98.82198333740234,99.16470004782724,98.14512616870458,98.74487550936496,2944600
2020-12-18,99.99578857421875,100.68122201308292,98.35932588067769,98.77058071457401,10211600
2020-12-21,98.54918670654297,98.98833303318587,96.99926892865415,98.76445361203514,4308600
2020-12-22,98.70417022705078,99.83217317716564,98.22197450451252,98.62667730139599,3953300
2020-12-23,98.11006164550781,99.53081817903555,98.09283661161048,98.91946086419182,2373400
2020-12-24,98.18753814697266,98.61807195034932,97.82589132879815,98.23059415508013,1025200
2020-12-28,99.13471984863281,99.72024613508101,98.81612901077317,98.91945292816546,2286400
2020-12-29,99.5135726928711,100.39185866980546,99.3241367879929,99.88383198801742,2717600
2020-12-30,99.5738525390625,100.4263075876726,99.24664922985463,99.45330360570043,2055200
2020-12-31,100.8654556274414,100.95156107141295,99.43608686312567,99.66857221879128,2544100
2021-01-04,99.90106201171875,101.41654285674277,98.54058016992204,100.91712206233122,4579200
2021-01-05,100.70187377929688,101.29601264697595,99.30694818655581,99.88386201983577,3395200
2021-01-06,102.34649658203125,102.94924128086025,100.37465096811279,100.37465096811279,4493900
2021-01-07,102.20872497558594,103.0956301521289,101.57153676930889,102.36371741164518,3908900
2021-01-08,103.07842254638672,103.21619654369701,101.94181334627989,102.38957226811257,3529900
2021-01-11,102.0365219116211,102.88037114371575,101.24434120846296,102.08818387113244,3712700
2021-01-12,100.99461364746094,101.8642937117076,100.39186242128616,101.70930129005397,3213100
2021-01-13,102.2259521484375,103.07840727990789,100.84824522650939,101.34765946922879,4070900
2021-01-14,101.4079360961914,102.69953759470637,101.2185067280595,101.85569496122123,4281600
2021-01-15,100.58132934570312,101.86432511975633,100.39189337533682,101.20991174106167,5659500
2021-01-19,101.8729019165039,102.46704064092332,100.94295393538228,101.30460073745314,4508500
2021-01-20,102.71675109863281,102.89757449979946,101.57152965515316,102.0881688826899,4062500
2021-01-21,101.52848815917969,102.71675913239459,100.83963142230384,102.3809432797594,3806000
2021-01-22,100.38326263427734,101.39932266758088,100.36603760335682,101.34765414424378,3028300
2021-01-25,100.65880584716797,100.73629877945577,99.72885124316693,100.51242592878573,3287600
2021-01-26,100.5296401977539,101.20988437585977,100.37464777021808,100.77073806960422,3371600
2021-01-27,96.009033203125,99.4102474466768,95.69043584005915,99.2035930711492,6894600
2021-01-28,98.82474517822266,99.76331246462952,96.57736433998673,96.57736433998673,4236900
2021-01-29,95.86266326904297,98.17893078559861,95.6473963560537,98.17893078559861,7315100
2021-02-01,95.73350524902344,97.49008411049658,95.10492294995005,97.00788831028143,5905500
2021-02-02,98.11864471435547,99.24664767228944,96.68066348222963,97.22314024326953,3865900
2021-02-03,96.98206329345703,98.08423558832472,96.51708589626892,97.87757458773494,4602900
2021-02-04,100.74490356445312,101.15821887987953,96.878712096162,97.412569773867,5903500
2021-02-05,101.95040893554688,102.38094275151674,101.3734951988092,101.60598056888605,4147800
2021-02-08,101.66625213623047,102.2689968336009,101.26154930967127,101.93318099229101,4780300
2021-02-09,101.50264739990234,102.92341026886086,101.1926625350596,101.91596274283418,3624000
2021-02-10,101.12378692626953,102.46705035816056,100.70185904775006,102.11400946830854,3424000
2021-02-11,102.2259521484375,102.46705003859682,100.92573816144997,101.31322254442728,3892800
2021-02-12,103.1042251586914,103.22477408845516,102.06233422606239,102.40676255514053,3005400
2021-02-16,103.05257415771484,103.78448032887918,102.12261954122562,103.10423611326713,5417900
2021-02-17,101.74373626708984,102.46702979467011,100.84822530240224,102.06232702924727,3299400
2021-02-18,99.35858917236328,101.38209670491315,99.23804023472537,100.93434444646155,6044600
2021-02-19,97.58479309082031,99.95272900067592,96.98204182665694,99.54802617588359,10331500
2021-02-22,99.66857147216797,100.3832591336842,96.93898884522916,97.1025872167223,5808400
2021-02-23,101.60597229003906,103.11284052315405,100.31437094736908,101.1668259940925,5961400
2021-02-24,102.24317932128906,102.90620514513746,101.40794258106271,101.64043454454085,6461900
2021-02-25,101.50264739990234,102.3809400400983,100.76212873049184,101.67486486338416,4207900
2021-02-26,100.71908569335938,102.40677752620316,100.5468682189315,102.08818012558025,5225200
2021-03-01,101.48542785644531,102.6478678025019,101.23571746412695,101.60597679488528,4613400
2021-03-02,101.49405670166016,102.02791449509611,100.84825589778724,101.69209860263624,3688200
2021-03-03,101.56291198730469,102.51009152072916,100.57268958869088,100.9773858072895,4564100
2021-03-04,99.25526428222656,102.09679013087053,98.22198573876955,101.6748688253918,5052300
2021-03-05,101.82984924316406,102.26038301368547,99.24664662003556,99.63412438573523,4636100
2021-03-08,100.46076202392578,101.98485545657967,100.4091000666917,101.82125049943859,3873900
2021-03-09,100.78797912597656,102.58760750517057,100.66743017088343,101.25294991309269,4025400
2021-03-10,102.1742935180664,102.8459252537821,100.97740340536856,101.69209115262501,4475200
2021-03-11,101.69208526611328,102.7684197980777,101.26155145332751,102.7684197980777,3654700
2021-03-12,102.30345916748047,102.67371856960578,101.48544741762082,101.56294036322984,3063400
2021-03-15,102.59620666503906,102.9406350216471,101.7523575198206,102.57037568794274,3886200
2021-03-16,102.41537475585938,103.03534443241385,101.86429205879405,102.76840902924937,3590500
2021-03-17,102.08817291259766,103.01812750052807,101.98484900466613,102.56176272203197,4398400
2021-03-18,102.32067108154297,103.54338557571269,101.79541928612466,101.96763018945776,4269700
2021-03-19,100.41769409179688,102.19149103740514,100.21103316206536,102.17427257797269,9590600
2021-03-22,100.60714721679688,101.40794044297864,99.46193216512097,100.31438735124182,4879100
2021-03-23,99.0486068725586,100.81379811411193,98.83333996843866,100.58991869438832,6830800
2021-03-24,99.84940338134766,100.83101997163908,99.11749719657595,99.15194069072606,4206200
2021-03-25,100.88788604736328,101.14750093422852,99.33017031637696,100.2907605834104,3944400
2021-03-26,102.60136413574219,102.8177131705105,100.39460794257451,100.95711675346185,5802900
2021-03-29,103.12059783935547,103.55329587002927,101.26864419381947,101.80519212873625,4285400
2021-03-30,102.83501434326172,103.2677123688389,102.2725055895218,102.56673707773929,4489600
2021-03-31,102.22923278808594,103.36290610079381,102.17731113798177,103.22443956391888,5711800
2021-04-01,102.28116607666016,102.7917466010182,101.78789056903959,102.49751509934372,6020900
2021-04-05,104.06390380859375,104.11582547317795,102.54080449044316,102.83504266213633,4984400
2021-04-06,104.8427505493164,105.41390860585742,103.54465625428348,103.75234949280302,5128200
2021-04-07,104.3927230834961,105.6215904917547,103.81290931486754,104.71292199872053,4299600
2021-04-08,104.41002655029297,105.19753346065167,104.35809830170801,104.96387945058515,3393800
2021-04-09,105.57831573486328,105.57831573486328,104.41868822301593,104.62638142167783,3918700
2021-04-12,105.39659118652344,105.8033284075041,104.84273821400242,105.36197455043484,4361400
2021-04-13,106.9889144897461,107.23123093706154,104.93793001537024,105.0937015731347,6238700
2021-04-14,107.22258758544922,108.05336712256909,106.90238862327276,106.96296609152789,5845000
2021-04-15,108.91011047363281,109.16107616398227,107.31778463445566,107.31778463445566,5605300
2021-04-16,108.96202087402344,109.75818366310332,108.24374056101861,109.75818366310332,4509800
2021-04-19,109.15238952636719,109.29085604846753,108.26103274829947,108.48603754548895,4172200
2021-04-20,111.01303100585938,111.13418595387729,108.8581961704557,108.96204609837797,5411000
2021-04-21,112.71784973144531,113.69575161687071,111.08225151881639,111.47167714946185,6046000
2021-04-22,112.37169647216797,113.28901428746772,111.9216867723407,112.562084683445,3623300
2021-04-23,113.53996276855469,114.05054328529137,112.0774412842613,112.40629601939837,3801200
2021-04-26,112.6053466796875,113.79094842523531,112.5188149846541,113.73036435430394,2793900
2021-04-27,112.47553253173828,112.83899731030868,111.54955236343777,111.95628958812536,3279100
2021-04-28,113.53996276855469,113.9034275366501,112.50149011615405,112.72648834262372,3875100
2021-04-29,113.7995834350586,114.4919029334374,113.28900292190146,114.30151474126083,4239100
2021-04-30,113.29764556884766,113.54861780986536,112.31109463237102,113.08129656343702,4866200
2021-05-03,113.53996276855469,114.15439979395879,113.28034130423048,114.02458245934858,3109800
2021-05-04,111.2033920288086,113.35823293939389,110.83127806698432,113.25437643443477,6659000
2021-05-05,109.90530395507812,111.16012565059381,109.39472342871393,111.08224317129687,7670900
2021-05-06,110.1649398803711,110.33801648093016,108.884150587907,109.68031351439731,4449500
2021-05-07,109.64568328857422,111.15147725715485,109.48991172639168,110.29473036392675,3871100
2021-05-10,109.81877136230469,110.80531583014462,109.75819389667113,109.9053096557171,3866400
2021-05-11,108.3648910522461,109.68029010207806,107.68988321072392,109.29952034163726,3501400
2021-05-12,106.54756927490234,108.08797326300768,106.32256444218918,107.646619407191,4796300
2021-05-13,107.47355651855469,108.16586951919668,106.71200363466474,106.77258110475152,3261800
2021-05-14,108.40815734863281,108.7283562553605,107.80238277098336,107.99277095322967,3687600
2021-05-17,108.63318634033203,109.15242275136481,108.2264490609141,108.56395305820789,3008000
2021-05-18,108.91011047363281,110.02647236417396,108.58991810512927,108.58991810512927,4232700
2021-05-19,108.75432586669922,108.94471406432818,107.65527572917969,108.2610503557734,4608900
2021-05-20,109.64568328857422,110.14761461143443,108.44278323711674,108.56393816298667,3385000
2021-05-21,110.1562728881836,111.26398546765012,110.04377376948435,110.16492869806767,3647600
2021-05-24,110.85724639892578,111.35051531252529,110.51108003378025,110.84858398673674,3826900
2021-05-25,111.11685180664062,111.76589886907404,110.83128271947866,111.24666914206509,3854900
2021-05-26,109.27355194091797,110.9783897498056,108.44277255856882,110.3552969599842,6450200
2021-05-27,108.3043212890625,110.43319486450895,107.30911447145853,107.79373416596559,9866400
2021-05-28,109.55048370361328,110.80530534548063,109.36010211709973,109.602411956706,5530000
2021-06-01,107.99278259277344,110.8745466541305,107.9062443012746,110.83128741205371,5643900
2021-06-02,107.13603973388672,108.16585660238474,106.85911324620977,107.86296928812061,6011200
2021-06-03,106.50431060791016,106.98893036957452,105.82064681416273,106.76393211020125,4763000
2021-06-04,107.17931365966797,107.64662838082161,106.65142147109341,106.98027623919158,4037300
2021-06-07,107.27449798583984,108.2956656310139,107.20526471439966,107.6466185667706,5765700
2021-06-08,105.40525817871094,107.95817428843996,104.30620132425481,107.85432436915664,6380300
2021-06-09,106.5389175415039,106.64276745344829,105.56102229654279,105.73409888066828,3880100
2021-06-10,107.94950866699219,108.11393604030138,107.02353509549789,107.31777320550127,3514200
2021-06-11,107.11872100830078,108.0879669520947,106.59082889455428,108.0706553338862,6245200
2021-06-14,107.43893432617188,107.58605008843047,106.4091107854643,107.58605008843047,3434900
2021-06-15,108.32162475585938,108.48605212233521,107.26584049154769,107.71585014639271,4381800
2021-06-16,108.19181823730469,108.64182790967206,107.38699959484798,108.39951805645039,4678100
2021-06-17,108.35623931884766,108.51201087293843,107.35238332772218,107.63795900818198,3837400
2021-06-18,106.64276885986328,107.62066411772096,106.60815222209196,106.95430539490805,5820600
2021-06-21,108.64183044433594,108.8841403032108,106.72064998833025,106.87642155509958,4623500
2021-06-22,109.67164611816406,110.00915005499705,108.76297760979953,109.33413557888306,3923800
2021-06-23,108.59854888916016,109.83606550958224,108.55528304796023,109.68029395587708,3575100
2021-06-24,108.798583984375,109.41612117639384,108.77249217204539,109.25086418395829,3690100
2021-06-25,108.65943908691406,109.29436868830847,108.28544091310899,108.9377628463205,4182600
2021-06-28,107.62442016601562,109.0856215709351,106.97209822874375,108.97255482401559,4552600
2021-06-29,108.32022094726562,108.4419871646072,107.67659856477994,107.8070576292451,3922500
2021-06-30,107.96360778808594,108.62462909131355,107.50263476301326,108.172355548533,3704000
2021-07-01,109.7031478881836,109.75533815342804,107.85925553166692,108.25064602431125,3182400
2021-07-02,110.3119888305664,110.33808064605921,109.27696924427313,109.43352677299177,3478900
2021-07-06,110.43376159667969,110.51203704779125,109.2508838954041,110.29459639146503,3066300
2021-07-07,111.10346221923828,111.17304481327851,110.01625907146496,110.45983981376966,3216100
2021-07-08,110.84254455566406,111.02519389991538,109.37264368213826,110.9556113014115,3815300
2021-07-09,111.47747039794922,111.8601680638432,111.0338962514943,111.23393793265741,3750600
2021-07-12,111.50357055664062,111.97324982593261,111.1121800132473,111.50357055664062,3165000
2021-07-13,110.80777740478516,111.37312452825226,110.32070574487214,110.9556354820073,3214700
2021-07-14,111.10346221923828,111.39049207859458,110.49463111078978,111.37309311220382,3049700
2021-07-15,109.03343200683594,110.36416762474269,108.71161747975094,109.9901694689591,5115400
2021-07-16,109.41613006591797,109.72924511083438,108.7638081616357,109.2856643579092,3646400
2021-07-19,106.76336669921875,108.84209892934457,106.05016158221862,108.57247462772334,4678700
2021-07-20,109.16392517089844,109.69448098198306,106.77207759612007,106.77207759612007,5137300
2021-07-21,110.50333404541016,110.61640078743596,109.60747304962433,110.16412718357111,3386000
2021-07-22,110.55551147460938,111.09476661137992,109.79012286646903,110.76425261578197,2342200
2021-07-23,111.79928588867188,112.01672655252777,110.95562168695149,110.95562168695149,2985400
2021-07-26,111.39051818847656,111.92976682928445,110.50335649591689,111.58185377753266,2402200
2021-07-27,113.26048278808594,113.88671289943908,111.03389273506302,111.16435181179344,4151700
2021-07-28,113.52143859863281,114.0606872603194,112.82562573971455,113.26050711759765,4317200
2021-07-29,113.66056060791016,114.14763877089464,112.63424719683371,113.88670735860511,3195600
2021-07-30,114.20852661132812,114.55643961950891,113.37356193474275,113.53880568316384,2740000
2021-08-02,114.1650390625,115.14787509012444,114.02588712680752,114.42597050815091,3401100
2021-08-03,114.33900451660156,114.40857385009059,113.48662755882471,114.0693669453508,3208500
2021-08-04,111.66011047363281,113.91279209238768,111.58182176474597,113.61707603688393,4045100
2021-08-05,111.34700775146484,111.88625629712513,110.56422011254953,111.77318291631627,3711900
2021-08-06,111.88626098632812,112.01672006848011,110.99910604888422,111.78189372060652,2414500
2021-08-09,110.3902587890625,112.48638967293401,110.1815176397357,111.91234321758346,3411500
2021-08-10,108.98126220703125,110.66859722809104,107.79838447751338,110.3032985093241,4123800
2021-08-11,109.6248779296875,109.94669247771252,109.15520533355446,109.59008662970409,3403700
2021-08-12,110.912109375,111.23392388392618,109.65965590657403,109.80751393671802,2689300
2021-08-13,111.62532806396484,111.65141988004778,110.6685905382729,111.19044676721742,2552500
2021-08-16,112.71251678466797,112.77340652869947,111.35568943706485,111.72098808668706,3233800
2021-08-17,113.73015594482422,113.74755491333234,112.19937850422085,112.59076903074464,3410300
2021-08-18,112.48638916015625,114.08674902396884,112.42549941296195,113.76494113600731,4050300
2021-08-19,112.13849639892578,112.55599204245041,111.33831632279156,111.83408742265506,4016600
2021-08-20,112.98216247558594,113.0952358665227,111.5122747510317,112.05152334499212,4496500
2021-08-23,111.74708557128906,113.24307817701917,110.97299745437826,113.2082935154658,5028300
2021-08-24,115.30443572998047,117.18311288369782,111.84277098212125,112.0080280016829,10319200
2021-08-25,117.02655792236328,117.59189829137725,114.98261054849968,115.3914000232724,6483800
2021-08-26,116.00022888183594,117.11352390172736,115.4957650022721,117.11352390172736,4448100
2021-08-27,116.3829345703125,116.60037522626826,115.7393187224591,116.31335196782373,3801400
2021-08-30,116.40902709960938,117.05265622292555,116.11331099086594,116.70474320835282,3550300
2021-08-31,116.09591674804688,117.23530371516279,115.70452620330458,116.51341238252868,4769900
2021-09-01,116.69606018066406,116.78304175950852,115.47839770599529,116.69606018066406,2422400
2021-09-02,117.18312072753906,118.00069976018632,116.75694551332622,117.41796036429469,4963700
2021-09-03,117.09613037109375,117.53101162387622,116.72212559250907,117.1222221845389,2298400
2021-09-07,117.0439682006836,117.12224365536846,115.6349436587309,116.4351237179568,3214000
2021-09-08,117.56581115722656,118.00938531343063,116.41773140583541,116.91348919553123,2175400
2021-09-09,116.05241394042969,118.19203571308208,115.9915374614095,117.57449844574207,3445300
2021-09-10,114.06066131591797,116.52209094743921,113.60838106976846,116.34814109015814,4278700
2021-09-13,113.10393524169922,114.9739330025576,111.99064005162259,114.93913506263459,4703200
2021-09-14,113.57359313964844,114.12154778226756,112.88647330659859,113.76494195860994,3333600
2021-09-15,114.50423431396484,115.31312038605702,113.07782426388373,113.79103592468591,3303800
2021-09-16,113.86932373046875,115.1043850920466,113.20830889894849,114.51295286461132,3049500
2021-09-17,112.8082046508789,113.79104061908386,112.34723154242542,113.38225114230076,6832800
2021-09-20,111.96454620361328,112.45161118150536,110.90344130688592,111.581848500548,3385100
2021-09-21,111.19044494628906,113.11262608590434,111.120868983128,112.81690999412467,2999300
2021-09-22,112.12108612060547,112.80819265037769,111.4774570982509,112.01670559684484,3479800
2021-09-23,114.18379974365234,114.6208167379769,112.28714758868779,112.36580744685816,3890600
2021-09-24,113.64190673828125,114.76940475319067,113.30103400477834,113.8691507817163,2801300
2021-09-27,112.53189086914062,113.68562228782373,112.13857818975393,113.40592497297861,2931400
2021-09-28,110.12830352783203,111.8239319223711,109.93601494679959,111.71030321447844,6100400
2021-09-29,110.6352310180664,111.1421723645777,109.58638616304125,110.43420025363932,2693800
2021-09-30,109.56017303466797,111.85888698401394,109.53395307862007,110.63523791108827,5647000
2021-10-01,111.27326965332031,111.82391535713347,109.40283737220511,110.12828721377934,4042600
2021-10-04,109.2979507446289,112.36580518173186,108.598720900465,111.01105652764551,5125900
2021-10-05,109.95348358154297,111.51799862624372,109.24551148314968,109.86607484391014,3853200
2021-10-06,110.20695495605469,110.25940153581375,108.3540069572234,109.15811671778607,4005500
2021-10-07,110.85374450683594,112.61929709131341,110.67019814934388,111.08098856753038,3135600
2021-10-08,109.49024200439453,111.22957455708416,109.30669565494321,111.00232383799421,4116300
2021-10-11,107.9781723022461,109.70875606654533,107.925732390707,109.10567707879301,3588300
2021-10-12,107.44501495361328,108.38023119802347,106.9293313537575,108.19668483248701,4298100
2021-10-13,107.13035583496094,107.70722152273282,106.59719451808719,107.35760656059992,4063500
2021-10-14,109.07945251464844,109.36787868427898,107.74217481174047,107.89950120806196,4658000
2021-10-15,111.65786743164062,112.15607332003734,109.90979905697696,110.12830760380993,7229900
2021-10-18,105.51339721679688,107.7334446225378,104.44707455192476,107.55863380219347,10310600
2021-10-19,106.80696105957031,107.3051602144757,105.90670703126324,106.37868623091322,5031200
2021-10-20,106.4486083984375,107.72469731901236,106.07277348791301,107.5061888051807,5138800
2021-10-21,106.32624816894531,106.65837872187294,106.04655752744023,106.57971885473911,3737300
2021-10-22,107.58484649658203,108.00438576874015,106.20387778500225,106.27379544006985,3747000
2021-10-25,107.99564361572266,108.03934798496866,106.67585701938009,107.61107317343003,4182100
2021-10-26,108.42394256591797,109.07946820012944,107.63731047119389,108.57252677593485,3390900
2021-10-27,107.06918334960938,108.9833202715279,106.6758706495432,108.82599385783115,3610800
2021-10-28,105.99411010742188,107.59359407663896,105.67946397302998,106.89437081259466,4242900
2021-10-29,104.76172637939453,105.4259941537821,103.9051700386039,105.39976752971278,8118500
2021-11-01,105.08513641357422,105.79310199257192,104.88410561041279,105.00646986682345,3600400
2021-11-02,106.02033996582031,107.65477948000604,105.01519940796831,105.54836074730673,6909700
2021-11-03,105.91544342041016,106.46608245557572,104.84037863554359,106.07276981165037,4762800
2021-11-04,105.48717498779297,106.43112672390828,104.85786938481556,106.28254253108051,3928400
2021-11-05,107.48872375488281,108.93087478184042,105.65324668720689,105.99411947558066,6147400
2021-11-08,107.52367401123047,108.3452682141045,106.92933054564413,107.53241621952837,4183900
2021-11-09,106.88563537597656,108.26661091235047,106.6758690503094,107.59360089282275,3150700
2021-11-10,106.99050903320312,107.4450037956639,106.29127914042454,106.71081174141132,3225700
2021-11-11,104.51699829101562,107.11288061042808,103.91391263384075,106.97303195494078,4046900
2021-11-12,104.28099822998047,104.9714859155018,103.38948645136395,104.89282605342555,5539500
2021-11-15,102.76892852783203,104.83164948610644,102.6640420378288,104.75298295151632,5775200
2021-11-16,103.12728118896484,103.66044252134996,102.00851861227177,102.5242021967996,5283500
2021-11-17,102.98743438720703,103.45941357750392,101.93858951931924,102.42805312500714,3976700
2021-11-18,102.84759521484375,103.1797324543723,101.02960261099153,103.08358816591416,7731800
2021-11-19,102.45426177978516,103.24962921523496,102.02598700685066,103.0835672974399,7325000
2021-11-22,102.16584014892578,103.83524839467695,102.0522181223893,102.95247213204543,6813100
2021-11-23,99.09798431396484,101.04708330001931,97.1139298318982,98.48616310848642,11151900
2021-11-24,100.02447509765625,100.75866061835721,98.34632438054378,98.81830364457369,5588500
2021-11-26,97.06149291992188,99.21161608209118,96.82549997026295,99.16791170819843,5561300
2021-11-29,96.38848876953125,98.3026257668592,96.29234447579823,97.8918286333366,7026000
2021-11-30,93.25943756103516,96.0388663181744,93.16329327475431,95.76791787593807,14018500
2021-12-01,92.18436431884766,95.19977886226991,92.10569779363358,95.0686724324798,8205200
2021-12-02,93.7663803100586,94.32576161925714,91.7910613110037,92.42036695093985,7458800
2021-12-03,93.40801239013672,94.83268535476826,92.56894058259145,94.06353786493926,6922900
2021-12-06,96.35352325439453,97.218821867929,94.1422179120648,94.42190857456596,7624800
2021-12-07,98.12781524658203,100.02447450043847,97.57717610934401,97.71702478008159,9550600
2021-12-08,98.25890350341797,98.67844276954904,97.43731605428486,98.22394134221119,5585200
2021-12-09,98.59977722167969,99.19412063141323,97.42857481716534,97.8568496266004,6162500
2021-12-10,98.26764678955078,99.77098639619375,97.76070544901296,99.36893154042768,4342700
2021-12-13,98.64347839355469,99.12419976391666,98.03165725704879,98.15402148434997,4750000
2021-12-14,97.62088012695312,98.77460498288775,97.25378070179313,98.12781488563304,8183100
2021-12-15,91.72113800048828,92.45532342296899,90.40134467958038,92.30673923056467,18546500
2021-12-16,89.33502197265625,91.22293877476953,88.47847231374807,90.31394253690212,18427400
2021-12-17,87.95405578613281,90.84711341211641,87.63066741222922,87.84917595388364,22561600
2021-12-20,86.99261474609375,87.77924678640244,85.98747417616325,87.33348751883565,12699900
2021-12-21,89.4115219116211,90.37908252347793,87.83703392659388,87.94258855565842,9610500
2021-12-22,89.13883209228516,89.56104385648115,88.76060980777292,89.41151317969795,6690600
2021-12-23,90.5110092163086,90.95081003202357,88.9980933365166,89.82492101752568,7255200
2021-12-27,91.8568115234375,92.57808469395009,90.2295496192013,90.85406605981827,6591300
2021-12-28,91.94477081298828,92.15587335615857,91.43460018206699,92.05912333661169,7488200
2021-12-29,91.43461608886719,92.3406116955305,91.4170270033884,92.10311542117165,3635500
2021-12-30,91.8919906616211,92.8683490853693,91.33783729575792,91.37302216905307,3519200
2021-12-31,90.99479675292969,92.25262750174257,90.98600556738101,91.89199428021566,3608900
2022-01-03,93.32574462890625,93.52805598481274,90.39666918151498,90.72212424594584,7797800
2022-01-04,93.58082580566406,94.5483863487957,92.7012240917574,93.00029216411649,7680600
2022-01-05,93.24657440185547,95.86778360594636,93.23777650617207,94.24052186757974,7206000
2022-01-06,92.33180236816406,93.95026646507364,92.02394307916812,93.49287648011243,5207000
2022-01-07,92.4989242553711,93.08825582367001,91.35543928362586,91.47858299309641,5142200
2022-01-10,92.90354919433594,92.92993617592752,91.14434550604892,92.30541967188518,6500500
2022-01-11,94.90023803710938,95.05856663016313,93.2377911654595,93.30816092033432,7217100
2022-01-12,95.83260345458984,96.07889757006022,94.55718366162489,94.74189921510633,8421600
2022-01-13,95.68307495117188,97.28394982858656,95.39280477017203,95.63909889124466,5165400
2022-01-14,95.48078155517578,95.74465807829816,94.32849859180436,95.07615880689521,6291500
2022-01-18,94.54840087890625,95.18171528397878,93.51926832607815,94.12619574941093,8019400
2022-01-19,94.785888671875,95.95575392645645,94.07340667437805,94.46043360087867,7278600
2022-01-20,93.33454132080078,95.82381585966783,93.21139761386583,93.8183249629229,6110400
2022-01-21,92.88594055175781,94.48681541823888,91.89199302125331,94.4252435660984,6406200
2022-01-24,91.66329956054688,92.2086550733345,88.5583063890877,91.13553984120696,10286900
2022-01-25,91.62811279296875,92.0591224827644,89.07726637285016,90.29112108418572,8577400
2022-01-26,91.55774688720703,93.09705001613112,90.81888460652142,92.02394147192047,6568200
2022-01-27,90.75731658935547,93.20260858959219,90.44065939542834,92.43735258579672,5979300
2022-01-28,90.71332550048828,91.42580747694474,89.02449176153358,90.99479779031407,8459400
2022-01-31,91.02998352050781,91.11794235362424,89.55225230733384,90.59898054065714,9255000
2022-02-01,91.11795043945312,91.64571690664344,90.15918766499423,91.20591599120445,8114900
2022-02-02,90.92443084716797,91.029978757053,89.19161441105173,90.59017790365614,10230100
2022-02-03,89.8689193725586,90.53741865735772,89.10367005825638,89.82494330657165,7134200
2022-02-04,90.36148834228516,91.07396359349138,89.34114711805185,89.38512988872104,4526800
2022-02-07,89.7105941772461,90.81009653110773,89.55226556985683,90.29113464128335,5258400
2022-02-08,91.66329956054688,92.00634371365926,89.73696953858585,90.167979237279,5775500
2022-02-09,93.31694030761719,93.50166256851469,92.1822600301678,92.1822600301678,7087600
2022-02-10,92.25263977050781,93.91508673299602,91.95357836219247,92.82438231615545,6516700
2022-02-11,90.5901870727539,93.0882596625217,90.27352988939138,92.08551415215008,5859000
2022-02-14,89.9920654296875,90.94203706260434,89.44671656365834,90.81009543956094,7079900
2022-02-15,91.39942169189453,92.18226671790879,90.60777876928773,90.92443593833045,5325500
2022-02-16,90.73091125488281,91.05635956943138,89.37632391283518,90.66054151250496,7499400
2022-02-17,89.45549774169922,90.59898273236159,89.1828233391933,89.93928140178613,5551600
2022-02-18,88.47035217285156,89.73697422322441,88.21526684117451,89.27958423213991,8364700
2022-02-22,91.2322998046875,92.07671672771153,88.22406325813392,88.35599815952114,9609800
2022-02-23,90.62537384033203,91.91838958089646,90.20316872759422,91.68969123017975,6454100
2022-02-24,90.88925170898438,91.02998450132124,88.02174808485661,88.81339101309175,7617300
2022-02-25,93.09705352783203,93.1586320977077,90.63417245514894,91.15313430842107,6969200
2022-02-28,92.3493881225586,92.74521294628155,91.12674219688361,91.76885444292543,5780600
2022-03-01,91.17951965332031,92.46373738931837,90.440650701573,92.00634072613462,4543400
2022-03-02,93.57202911376953,94.09979551756872,92.20865046616456,92.43734208292703,5919300
2022-03-03,94.68913269042969,95.42799496233481,93.5456476953434,94.1261880896937,6480000
2022-03-04,95.26966094970703,95.47197229977888,93.16741335803263,93.27296798122168,5186200
2022-03-07,93.80075073242188,95.1201536478751,93.62483302802687,94.77710942672368,6556600
2022-03-08,91.55774688720703,94.09980222836442,91.51377082430665,93.51926182711509,7482700
2022-03-09,91.10913848876953,93.8271043055481,90.9068271610103,93.27295769428599,9962000
2022-03-10,91.88318634033203,92.04151490367434,90.07120911272517,90.44064019024789,5146900
2022-03-11,91.32025146484375,93.28176627818635,91.12673801024697,92.71882170708406,5149800
2022-03-14,90.7925033569336,92.41976542519127,90.45825036148328,91.89200566127386,4175500
2022-03-15,92.71002197265625,92.84196357188621,91.24987990661403,91.45219125354377,5017900
2022-03-16,94.38126373291016,94.4516267676656,92.71001918485167,93.21139187818639,5255000
2022-03-17,96.5274887084961,96.57147147784092,93.81832057189693,94.11738192879079,5693400
2022-03-18,96.91452026367188,97.09923582430999,95.4191999856517,96.51870216385144,16292800
2022-03-21,95.65669250488281,97.28395443751273,95.07615211537943,95.91177782352864,8206100
2022-03-22,95.85021209716797,96.36038276708236,95.6742877053892,95.89418816199064,5601800
2022-03-23,93.37853240966797,95.78863951684909,92.98270756426673,95.28726674800431,7002600
2022-03-24,94.1041030883789,94.28107771613739,93.06882683183588,93.97137380528298,5660500
2022-03-25,95.97115325927734,95.98885409935106,94.4845999850321,94.56424026357885,5597200
2022-03-28,97.27186584472656,97.34265568695417,95.69682898506241,96.39586348755545,5688000
2022-03-29,99.43975830078125,99.51939856570104,97.94436161326345,98.21866382943882,8862200
2022-03-30,98.71417236328125,99.56363020809209,98.44872058415396,99.0415703168515,4694900
2022-03-31,98.17442321777344,99.53709744756426,98.1301846248122,98.45757586611363,6899800
2022-04-01,99.56364440917969,99.68753002484499,98.07709128100608,98.52836814604765,4479100
2022-04-04,98.11248779296875,99.24510518346735,97.69661259787249,99.10352547807055,5099200
2022-04-05,97.7762451171875,98.9707951779431,97.48424204096737,97.82049046239365,5496100
2022-04-06,98.85574340820312,99.13004558126678,96.4489430160993,97.09488844889242,5560700
2022-04-07,99.3955307006836,100.09456532164768,98.12134032820303,98.64340706449684,6668600
2022-04-08,99.5194091796875,100.08571450948106,98.45758162315553,99.1566162413771,5230500
2022-04-11,98.67877960205078,99.75830107977566,98.52835624883102,99.42205945183308,3407100
2022-04-12,97.84703063964844,99.29818878642712,97.46654364074358,98.81151701426104,4733900
2022-04-13,97.7408447265625,97.93551343315876,96.99757157507658,97.03296649908421,4791500
2022-04-14,96.46665954589844,98.31600560506011,96.3693319383664,98.06824787485093,6665800
2022-04-18,95.6349105834961,96.67018693781041,95.15708916976047,96.03309171949624,3418000
2022-04-19,97.52848052978516,98.80267077215609,95.99768215522055,96.13926184921348,9780300
2022-04-20,99.98837280273438,100.42194881224881,98.03284879961974,98.03284879961974,5477700
2022-04-21,100.06800079345703,101.14752229911328,100.01491178527432,100.87322008898106,5859300
2022-04-22,95.38713836669922,98.94424379499623,95.29864768243664,98.88230436654725,6351500
2022-04-25,96.87369537353516,97.0418128285682,94.57307250617795,95.0685947049845,5498200
2022-04-26,94.48456573486328,96.82057621175795,94.46687165209606,95.43135780882521,5251200
2022-04-27,94.35186004638672,95.78532414051968,93.96252937027873,94.48458932839951,4757700
2022-04-28,94.81198120117188,95.24555719358202,93.21924342165728,94.92700963767909,5063200
2022-04-29,92.3432388305664,94.35185171796871,92.1308760486262,94.35185171796871,5206000
2022-05-02,91.26374053955078,93.40508324173989,89.60021928139354,93.05999110175456,6104000
2022-05-03,91.23717498779297,92.19281765546629,90.83899391837473,91.52032762070826,3841500
2022-05-04,93.64398956298828,93.97138083477125,90.67973352293434,91.21948761302144,4258100
2022-05-05,92.51136016845703,93.50239095419266,91.5557175528769,92.46711482942631,3945400
2022-05-06,91.53802490234375,92.75912615951874,90.89208610043632,91.99815216620118,5496400
2022-05-09,88.11365509033203,90.53815019253179,87.78625708073852,90.50275526574664,6593300
2022-05-10,88.75959014892578,89.66214386617517,87.41461674298476,89.1754720822768,5638900
2022-05-11,89.0604248046875,90.6620060170073,88.69763196052098,88.89230063291372,4113400
2022-05-12,89.46746826171875,89.72407638701982,88.03400427755489,88.44988617887417,4434700
2022-05-13,90.84784698486328,91.16639457371059,90.07802927089224,90.57354474203608,3525900
2022-05-16,91.8565673828125,92.31669462119046,90.25498596855758,90.25498596855758,3751200
2022-05-17,94.02447509765625,94.08641453329079,92.90070808571106,93.14846582824923,3168200
2022-05-18,91.64421844482422,93.70592740891807,91.36106577492792,93.03343728632981,4133800
2022-05-19,90.91861724853516,91.36104360984189,89.59133816461492,90.45849680316798,4230400
2022-05-20,90.72396087646484,91.79463200596086,88.85692083840814,91.60881371911195,5335800
2022-05-23,92.25475311279297,92.41402688388422,90.69741032333309,91.87426614579115,4134300
2022-05-24,93.43160247802734,93.55548807894635,91.81232700954955,92.1485686380697,4381900
2022-05-25,93.38737487792969,93.84749541061923,92.32554735874398,93.13961714872056,5495100
2022-05-26,87.98976135253906,89.7152215486519,86.8748449753403,87.37921078273412,12674300
2022-05-27,87.67123413085938,87.7597180779262,85.70685945187088,87.71547272894658,13358600
2022-05-31,88.61800384521484,89.03388571589822,86.9102377757242,87.01641578465394,11330500
2022-06-01,86.52090454101562,88.76843143291578,85.28210928748682,88.73303651128455,6493700
2022-06-02,87.15800476074219,87.51194724700471,85.05205743136192,86.59169948307874,6794700
2022-06-03,84.48575592041016,87.39691595370964,84.3972652317307,87.39691595370964,9097000
2022-06-06,84.49459075927734,85.70684150805923,84.22913897365258,85.16708076779723,5432500
2022-06-07,85.36174774169922,85.43253758346299,83.68052612970952,84.15834743527864,5929000
2022-06-08,84.98126220703125,85.64490179519964,84.77774309626757,85.19362498499565,5665500
2022-06-09,82.4682846069336,84.47690439802892,82.44174010103313,84.0610224698774,5974800
2022-06-10,82.0612564086914,82.98150423875636,80.530464665607,81.29143870295125,6723500
2022-06-13,79.78716278076172,81.22947693801306,79.40667586669352,80.07916577895384,8502400
2022-06-14,78.29179382324219,79.91106962905485,77.59275916623466,79.6721622973423,7521900
2022-06-15,79.06160736083984,79.937609864814,78.25639471095646,78.93772849162701,5236200
2022-06-16,77.33615112304688,77.92015057425436,76.9379632350081,77.42463507009136,6729900
2022-06-17,78.06172180175781,79.2031828219179,77.61044494474297,78.1059603950233,8299300
2022-06-21,78.49530029296875,79.41554812310959,77.96438990081994,79.3270641829001,6520400
2022-06-22,78.9731216430664,79.53942696127586,77.91130085914664,78.02632930628884,7458400
2022-06-23,79.06227111816406,79.90042076752569,78.6075364299845,78.79478132559744,6823300
2022-06-24,80.4443359375,80.70291419902978,78.68779151440857,79.66860115291065,7131800
2022-06-27,80.66724395751953,81.31814196400552,80.14116908935644,80.56916231773864,7237200
2022-06-28,79.53484344482422,81.9957890201906,79.46351691429501,81.01497949752289,4166900
2022-06-29,80.6226577758789,80.73857615000452,79.41893661705228,80.15008631967243,4072800
2022-06-30,80.02525329589844,80.97931453940643,79.27627368913159,79.73100839207379,5206500
2022-07-01,81.47864532470703,81.62131201356137,79.4100259553741,80.03418251502862,3985100
2022-07-05,80.68506622314453,80.9971410460987,79.18710027024353,80.7207328890137,3590400
2022-07-06,79.90933990478516,80.67615622909649,79.44568004218148,80.2838296996197,8061900
2022-07-07,79.80233764648438,79.98066417153342,79.08901794084645,79.68642608547458,5581100
2022-07-08,79.78450775146484,80.61373901849085,79.5615961936914,79.9093376796003,3997900
2022-07-11,79.31195068359375,79.64186232605039,78.61646752632221,79.05337919402167,3345200
2022-07-12,79.08010864257812,80.23924469405429,78.80369367729416,79.17819027498194,6200500
2022-07-13,78.38462829589844,78.99985960761033,77.40381193876688,78.16171672431787,4244200
2022-07-14,78.02796173095703,78.17062158712233,77.30572367510788,77.6445535886018,3843300
2022-07-15,79.46353149414062,79.61510975306803,78.52730003093524,79.18711647775983,5588000
2022-07-18,78.37571716308594,80.05200988712969,78.2063021761753,79.85584659759566,4264700
2022-07-19,80.54241943359375,80.62266434278163,79.14253488396592,79.14253488396592,4654800
2022-07-20,79.56160736083984,80.53349862383921,78.91070252758419,80.27492036420185,6264200
2022-07-21,80.4800033569336,80.73858162086857,79.49919370930837,79.95392846059084,4607000
2022-07-22,80.8901596069336,81.69264269881229,80.23925476498701,80.7385813570015,3466500
2022-07-25,80.91690063476562,81.60346528331777,80.65832239492302,81.12198227419988,3723200
2022-07-26,81.94229125976562,82.22761778600011,80.8812300515557,81.21114161111971,5163000
2022-07-27,83.11925506591797,83.39566319513008,82.47726875045218,82.61993539954247,5933200
2022-07-28,83.34217834472656,83.85933481645796,82.46836200274176,83.3332599772219,4726100
2022-07-29,82.49510192871094,83.32433315172091,82.2632788188909,82.95876175379206,6870900
2022-08-01,82.99444580078125,83.17277235379674,81.45189458658164,81.87988783762955,4711600
2022-08-02,83.11034393310547,83.93957519563348,82.62885415460009,82.94984734027034,4049200
2022-08-03,83.60969543457031,83.93960711271012,82.75371554821335,83.17279052233803,3489100
2022-08-04,83.11034393310547,83.94849356265789,82.90526911058998,83.61858200996323,3390400
2022-08-05,83.17277526855469,83.26193854818713,82.51295883600802,82.82503371608264,3333000
2022-08-08,83.44026947021484,84.16250085765697,83.35110619318971,83.50268444440462,3649700
2022-08-09,83.01227569580078,83.788010486768,82.84286751133263,83.41352064397911,2945000
2022-08-10,83.96633911132812,84.13575410269804,83.49376761195109,83.81476085732456,4369500
2022-08-11,83.85041809082031,84.67964941424009,83.68100311852037,84.4745677739443,5907500
2022-08-12,84.54590606689453,84.56373600057715,83.72559306305878,83.8593413752046,8837500
2022-08-15,84.88472747802734,85.14330572878401,83.9039178803886,84.31407437384766,3541500
2022-08-16,84.98280334472656,85.20571491098822,84.35865368028234,84.35865368028234,3664500
2022-08-17,84.62615966796875,84.93823453480749,84.06441810493712,84.30516643272836,3505400
2022-08-18,84.92040252685547,85.00956580767138,83.93959283243584,84.7064092923528,3552300
2022-08-19,84.70639038085938,85.24137674903645,84.05548565105143,85.06305022721767,4761700
2022-08-22,83.00335693359375,84.67965645517263,82.82503038150838,84.16249993031438,6859300
2022-08-23,80.4443359375,83.07468998658128,79.6507712188529,83.01227501329629,8490600
2022-08-24,79.60619354248047,80.21251339735171,78.83937705535733,79.77560854394703,6853300
2022-08-25,82.15629577636719,82.19196244740212,79.82909821243241,80.24817309369053,6650300
2022-08-26,79.73993682861328,82.8606991896528,79.69535178808103,82.49512090491015,5407500
2022-08-29,79.27627563476562,79.7845137526083,79.06227562524768,79.43676543782199,4585100
2022-08-30,77.79615783691406,79.39220590284629,77.69807617679868,79.35653922619315,5442700
2022-08-31,78.39354705810547,79.50810501833578,78.22413887400137,78.72345866331354,6743000
2022-09-01,78.93743896484375,78.99093556130639,77.05606489173849,78.22412606869895,4861000
2022-09-02,77.75154876708984,79.65075959640254,77.46622224474665,79.65075959640254,4507200
2022-09-06,76.85990142822266,78.02796260204957,76.57457490998603,77.75154764805225,5778100
2022-09-07,77.67131042480469,77.87638526609614,76.37842599944796,76.65483417802402,11559800
2022-09-08,78.36679077148438,78.91961391241686,77.08281795523924,77.39489959448638,7034500
2022-09-09,80.00741577148438,80.30165384466687,78.33111657740909,78.6342798199906,6756500
2022-09-12,82.0849609375,82.37920586613131,80.47108321824876,80.67616487227956,6874400
2022-09-13,80.53350067138672,81.80855526534236,80.47108569697164,80.6672489887682,6810700
2022-09-14,80.80098724365234,81.30030697679058,80.06983757610513,80.23924574115065,7183000
2022-09-15,80.80098724365234,81.9422933780947,80.72073554212875,80.98823214357918,5963000
2022-09-16,80.47109985351562,80.801011520732,79.72212002877342,80.24818821957237,14640700
2022-09-19,79.96284484863281,80.20358636965983,78.29546372706042,79.68643665732,5065500
2022-09-20,78.87503814697266,79.37435794409491,78.10822171412232,79.30303140359318,5598600
2022-09-21,76.44083404541016,79.53484073928024,76.41407894431062,79.16035095653689,5353800
2022-09-22,75.10165405273438,76.32398888201091,74.78708410191555,76.03638109024646,6309500
2022-09-23,74.29277801513672,74.7062138771721,73.35805077427368,74.64329987332134,5960800
2022-09-26,73.09739685058594,74.22984879233147,72.52218120671513,73.89730631962853,7099800
2022-09-27,72.70193481445312,74.05009778941336,72.25254715613305,73.75350028921535,5223000
2022-09-28,74.22984313964844,74.52644061199568,72.63002432339121,73.1692949484265,6099900
2022-09-29,73.94225311279297,74.7241902213563,73.1872850276525,74.02314646883659,5311200
2022-09-30,72.57609558105469,75.09266882082707,72.52217126468156,74.23882828796017,5972900
2022-10-03,74.32870483398438,74.81404425528366,72.98953173233716,73.25017735805959,5871400
2022-10-04,75.94651794433594,76.27007762260857,74.93988707225313,75.18256025951351,4872400
2022-10-05,76.44083404541016,76.72844183716714,75.11963339489478,75.21849921616536,3890900
2022-10-06,75.87460327148438,76.44083605493972,75.34432917719344,76.17120074309328,5471400
2022-10-07,74.07706451416016,75.53308308535311,73.7085701773402,75.41624475555399,4267900
2022-10-10,73.55577087402344,74.65227789102731,73.30411487479861,74.49948772822819,3380600
2022-10-11,73.6007080078125,74.49049362562593,72.80079854764799,73.72653599994324,5410400
2022-10-12,72.18063354492188,73.71753830187221,72.17165073011279,73.38499586906195,6152500
2022-10-13,75.04773712158203,75.68586675808584,71.39871161868852,71.90202358953967,6324000
2022-10-14,73.34905242919922,76.12626480144401,73.10637925938266,75.59599066840491,5500100
2022-10-17,74.38265228271484,75.1196478191775,74.00516141214658,74.41860412072667,9022200
2022-10-18,75.58700561523438,76.51274312922915,75.04774177628818,76.28804929157559,6913800
2022-10-19,75.1915512084961,75.64992171289728,73.76249479570058,75.31737921250175,5470100
2022-10-20,74.1040267944336,75.50612103978219,73.87933295108223,75.23648568491579,4043000
2022-10-21,74.83204650878906,75.07471286517593,72.79182238035334,73.92428137675472,5974500
2022-10-24,75.3892593383789,75.91055058647005,74.66125363966879,75.61395313251022,6044100
2022-10-25,75.94651794433594,76.12627027354881,75.00280107318882,75.0657150741245,5142500
2022-10-26,76.72843933105469,77.87887046050709,76.27006207078179,76.29702422895484,3986500
2022-10-27,76.90821075439453,77.34860878069334,76.0184250277996,76.89023826351202,5077300
2022-10-28,78.03167724609375,78.14851557547921,76.67452451919421,76.89023554482998,5430000
2022-10-31,78.49901580810547,78.80460291506482,77.61822002915498,77.87886563720238,6549100
2022-11-01,78.85855102539062,79.1371760599281,77.61824345218407,78.60689501260484,6683000
2022-11-02,77.0969467163086,79.75732087046384,77.08795704301664,78.62486889169537,6015700
2022-11-03,75.51509094238281,76.24310353317819,75.06570333253093,76.23411386099013,5151400
2022-11-04,76.0813217163086,76.29702584336752,74.73315892224682,76.23411185392906,5672900
2022-11-07,76.88123321533203,77.15086166732398,76.32399010983812,76.8722435431324,5217600
2022-11-08,72.07279968261719,73.86136076302239,71.65037415824993,73.47488707659193,12753700
2022-11-09,71.2638931274414,73.2411960104021,71.17401697041797,72.20760306185441,7150100
2022-11-10,73.55577087402344,73.87933054648725,72.83675471296849,73.79844405692715,9212300
2022-11-11,75.09268188476562,75.18255804672681,73.64565304872222,74.12200287851695,8502200
2022-11-14,74.50847625732422,76.11728492150166,74.38264825964433,75.1825577550857,6772100
2022-11-15,74.95785522460938,75.73080246758761,74.13996647748397,74.8499997289226,6765800
2022-11-16,73.50182342529297,74.84099634680904,73.36700579465897,73.85234515067563,8289500
2022-11-17,71.84809875488281,73.07043369577627,71.33579711473712,73.07043369577627,8953000
2022-11-18,73.0704345703125,73.36702520765405,71.46162596183592,71.65036795182104,9028200
2022-11-21,73.96021270751953,74.99380556839805,73.15131364869674,73.25916914224334,8304200
2022-11-22,70.04155731201172,70.35612728619715,68.84618455299595,70.10447130684881,17129900
2022-11-23,71.0212173461914,71.20996618323694,69.4573503287973,69.66407165374142,9873800
2022-11-25,71.11109161376953,71.65035532686629,70.77854234308997,71.2908438990984,4879800
2022-11-28,68.42375183105469,71.09311520679283,68.16310620658724,70.55385147142695,11012800
2022-11-29,68.73832702636719,69.34949440742831,68.15412180287917,68.66642336809876,8177300
2022-11-30,71.03919982910156,71.06616199069587,68.35186362879057,69.0888590931843,10610600
2022-12-01,71.22795104980469,72.04583996210587,70.93135351960015,71.28187537998289,7876700
2022-12-02,71.56049346923828,71.63239028345592,70.59880415082336,70.64373880257043,6339500
2022-12-05,70.81451416015625,71.38074019016807,70.41905079227443,71.039208008796,8515000
2022-12-06,69.277587890625,70.77854069521717,68.98998012652883,70.45498110347025,7228400
2022-12-07,69.12480926513672,69.79889071722738,68.80124961956432,69.50229323260082,6089300
2022-12-08,69.91573333740234,70.25726549225816,68.72935018297868,68.7563123455842,5938700
2022-12-09,70.63475036621094,70.93134787280354,69.47533621700646,69.89775486496096,6370200
2022-12-12,71.64137268066406,71.6593520252261,70.79652177112946,71.09311924240575,5997100
2022-12-13,72.02786254882812,73.01651415228882,71.74025468496478,72.58510578504999,11389600
2022-12-14,70.81451416015625,72.97157647852023,70.20334661757165,71.66834804214245,9302900
2022-12-15,69.8528060913086,70.71562941660775,69.34050452762752,69.81685426228235,9887600
2022-12-16,68.95404052734375,69.72698781613654,68.10019989771342,69.3315244989557,17064400
2022-12-19,69.31354522705078,69.39443170286107,68.56756017250676,68.94504410717583,9357600
2022-12-20,69.54930877685547,69.90294879057996,69.33168574951225,69.367957407088,8063300
2022-12-21,69.96642303466797,70.70090500916078,69.73973038396173,70.12963510179021,6804400
2022-12-22,69.94828796386719,70.01176163316572,68.7241489599035,69.53117429160385,7458600
2022-12-23,70.27472686767578,70.50141953499086,69.33168454147169,69.77600023233812,3856600
2022-12-27,70.40168762207031,70.63744997807065,69.36796941560056,70.2838099031264,5336000
2022-12-28,69.18661499023438,71.07269300145754,69.13220403777417,70.77346389443139,6053000
2022-12-29,70.55582427978516,70.93667322251699,69.15939660473178,69.43143057552435,4931600
2022-12-30,70.47420501708984,70.64649362747454,69.69438182644643,70.32911841505853,4991300
2023-01-03,70.96387481689453,71.02734848728979,70.16591219694142,70.70091049151101,6544500
2023-01-04,73.42121887207031,74.15570086711502,71.45352826922779,71.7618269621218,9769500
2023-01-05,72.56884765625,73.59350282859086,72.54164564603042,73.33960125761699,7048100
2023-01-06,73.32147979736328,73.65698744890553,71.95225409503965,72.98597214582104,5994400
2023-01-09,70.31100463867188,73.68419292854132,70.24753096302861,73.2217379099336,11108700
2023-01-10,71.53514099121094,72.00666563608762,70.50142293189636,70.61023790797056,6494500
2023-01-11,72.83181762695312,72.94063259442079,70.855057352345,72.05199432204554,8366300
2023-01-12,72.40564727783203,73.15826870510453,71.5351481366217,73.0675930083745,5738000
2023-01-13,73.0766372680664,73.16731985999213,71.553269344505,71.78902471280257,6024000
2023-01-17,72.85902404785156,73.40308508188808,71.97945536573869,73.06758435192312,8383000
2023-01-18,71.39006042480469,72.89529619296768,71.32658675237815,72.7864812181887,5792200
2023-01-19,72.10639190673828,72.596048839444,70.61022601682181,71.07267402150747,7831400
2023-01-20,73.3668212890625,73.43935768792204,71.94318463642422,72.5869979269027,6806400
2023-01-23,74.69070434570312,75.21662608898264,73.22173333502525,73.46655837774922,9491500
2023-01-24,73.26707458496094,74.67256500485477,72.9950406104724,74.11037160414178,7180300
2023-01-25,73.6297836303711,73.7748702740158,72.64140681346136,72.85902986081646,4200600
2023-01-26,74.21011352539062,74.24638518491206,73.46656180048032,74.11943783564287,4162700
2023-01-27,74.8811264038086,75.41611779852613,73.2761383834331,74.51841673855171,4858500
2023-01-30,74.8811264038086,75.24383606906548,74.55468839688855,75.04434540726862,6559100
2023-01-31,75.88764190673828,75.90577427672385,74.88112587881014,75.03527523707734,7396100
2023-02-01,77.77371978759766,78.06388613447238,75.80602903166249,76.16873869478374,8395800
2023-02-02,79.41497039794922,79.65979541471533,77.71930689419216,77.80091984518795,6940400
2023-02-03,78.9797134399414,79.37869469532531,78.43565249412445,78.61700383669334,4949900
2023-02-06,77.29314422607422,78.79838713652444,77.27501185329965,78.73491345464475,4731300
2023-02-07,78.50819396972656,78.82556227088489,77.16617054440118,77.52888013920075,5129500
2023-02-08,78.12737274169922,78.89812651137133,77.9822860980324,78.43567148232329,5454500
2023-02-09,75.81510162353516,78.4447381357695,75.62468059956768,78.03668715460063,6188000
2023-02-10,75.88764190673828,76.12339730710761,75.08061653920835,75.69722089038855,4544000
2023-02-13,76.52237701416016,76.54051630187459,75.76975569057,75.87857066252283,4279500
2023-02-14,75.6246566772461,76.62210278550653,75.1622018121209,76.25939322301832,4527700
2023-02-15,76.61305236816406,76.62212201198219,74.81765030640429,75.1168793712901,4584800
2023-02-16,76.35008239746094,77.19337933930622,75.8785647254481,75.96017075944407,4784800
2023-02-17,76.89415740966797,77.01203510904783,75.60653776991937,76.35008946025609,6825100
2023-02-21,77.51981353759766,78.51725977383913,76.3772876086116,76.3772876086116,8135900
2023-02-22,77.16619110107422,78.38126752962631,76.8306903439498,78.18177685343777,6083600
2023-02-23,76.15966033935547,77.15710661026448,75.65187101993503,76.90321195055425,6695000
2023-02-24,75.70629119873047,75.86951021739344,74.67257305323568,75.57934384178284,7401500
2023-02-27,75.6156005859375,76.28660890001346,75.48865325403422,75.83322359518444,6379400
2023-02-28,75.08061981201172,75.8876452147203,75.05341087868021,75.5521375514155,6657400
2023-03-01,74.427734375,74.83577838798952,74.05595509898264,74.71790069755298,5249100
2023-03-02,74.5909652709961,74.86299235037666,73.62978355313804,73.89274790588426,4985100
2023-03-03,75.63373565673828,75.83321936853159,74.75416710749602,75.0715354195653,4771600
2023-03-06,74.2917251586914,76.0145909054986,73.85647217033878,75.70628526414224,6845500
2023-03-07,72.30589294433594,74.49121362976717,72.0973395596029,74.4368026840057,6876300
2023-03-08,71.09082794189453,72.26056303559054,70.76438991955557,72.1154763953902,6810100
2023-03-09,70.72811126708984,71.93411790160611,70.70997889791332,71.44446091650678,5634400
2023-03-10,69.56744384765625,70.82785447003708,69.0505848652275,70.61023145588572,5901600
2023-03-13,70.70997619628906,71.18149387608545,68.93269968800597,69.11405796339751,7576000
2023-03-14,70.60115814208984,71.92504236302646,69.84853689789317,71.65300842089665,6808200
2023-03-15,71.09989166259766,71.1452260452993,69.63999032824752,69.93921939203419,5367900
2023-03-16,71.87970733642578,71.9975919500829,70.33819997819187,70.4198129351938,5774300
2023-03-17,70.9910888671875,72.1154827554564,70.61930950746972,71.69836900526168,8838600
2023-03-20,72.18802642822266,72.33310616380211,71.1905798974845,71.40820295990989,7224100
2023-03-21,73.65699005126953,73.82020906074439,72.49631769605294,72.50538734049924,5829900
2023-03-22,72.48724365234375,74.33705649821178,72.46910436628322,73.85646227115659,5537800
2023-03-23,70.94165802001953,72.9902484936858,70.6947325385921,72.7067401673313,6712400
2023-03-24,72.58783721923828,72.73416159339145,70.6947189668486,70.78617257287719,6217000
2023-03-27,72.83478546142578,74.36208279051034,72.77991467611845,73.62129927900114,5641600
2023-03-28,72.71588897705078,73.43838447852025,71.88364493875635,72.13971788055022,5146800
2023-03-29,72.3134765625,72.56954947564482,71.73731250792417,71.92021973803801,7074700
2023-03-30,72.4140853881836,73.02683234990293,72.20373577130604,72.88964842389272,4142000
2023-03-31,73.73104858398438,73.74018906331938,72.46896468923906,72.84393366592865,5561400
2023-04-03,72.86221313476562,73.48410755306794,72.29519647342173,73.48410755306794,6071900
2023-04-04,72.6792984008789,73.48409998626578,72.61528017223976,73.0268249309966,4508900
2023-04-05,73.41093444824219,73.58470120237702,72.31347710440777,72.91708352774123,4518700
2023-04-06,73.43839263916016,74.38037834149075,73.23719045468854,73.94139112287405,4313000
2023-04-10,73.38349914550781,73.39264660033163,72.44151364510023,73.09999084314225,3648200
2023-04-11,74.07855987548828,74.17916094709653,73.6304322694375,73.84992234500838,4421700
2023-04-12,73.90479278564453,75.02969250060755,73.86820994363738,74.69130644513913,4298300
2023-04-13,74.6181411743164,74.6181411743164,73.66701518671833,73.7584688035108,5224500
2023-04-14,73.81333923339844,74.81020249093312,73.48410063251208,74.65472366790192,4312400
2023-04-17,75.10285949707031,75.14858281728054,73.90479407715638,74.04197799271462,5048900
2023-04-18,74.67302703857422,75.67903088750741,74.62729673647816,75.65159549723556,4157400
2023-04-19,77.61788177490234,78.03857405014325,74.67302887075132,74.85593612869447,8988800
2023-04-20,76.35579681396484,77.70933422560067,75.96253993563172,77.40753097485245,5798600
2023-04-21,78.40438842773438,80.59930323370627,76.45639211785793,77.03256318526995,12750100
2023-04-24,82.02600860595703,82.1083147737057,80.47126909966151,80.72734203594298,14462000
2023-04-25,82.02600860595703,83.22406711961571,81.78822360335387,81.94369546074417,8189900
2023-04-26,82.28207397460938,82.56558227406563,81.12973888986089,82.14489006351444,8977700
2023-04-27,83.57160186767578,83.66306247742135,82.16319360266576,82.23635929947625,6385900
2023-04-28,83.17833709716797,84.01058112032793,82.92226416003082,83.54415856913428,7281700
2023-05-01,82.93141174316406,83.6539072326059,82.84909859754956,83.06859566754541,5502300
2023-05-02,82.51985931396484,83.22405982703268,81.78821643658792,82.49241694965575,5135000
2023-05-03,82.94055938720703,84.15690584324231,82.62960869273859,82.73020977234917,6964300
2023-05-04,81.64189147949219,82.43755264779388,81.19376384508656,82.30951618082084,4780900
2023-05-05,82.36439514160156,82.54730938220969,81.8888320709501,81.98028570252175,4332700
2023-05-08,82.48329162597656,82.60218064997028,81.62361213374001,81.91626794296407,3287600
2023-05-09,81.94369506835938,82.48328330505227,81.67847467777665,82.48328330505227,3245400
2023-05-10,81.76992797851562,82.67533062591117,81.3949590874695,82.46498103234273,3599300
2023-05-11,81.41325378417969,81.77907525091163,80.97427360607267,81.66933369511693,3995700
2023-05-12,81.28521728515625,81.3675304294337,80.36152662941856,81.01085641831438,4450100
2023-05-15,81.67847442626953,82.2272101168002,81.33094786940238,81.49556718106875,4053200
2023-05-16,81.30352020263672,81.76994279290328,81.23035450662141,81.24864244189283,3888900
2023-05-17,81.01087188720703,81.47728754313876,80.28837627154172,81.43156421199971,6632000
2023-05-18,81.41325378417969,81.6236033952264,80.58101675039207,80.8096542949165,4536100
2023-05-19,81.69676208496094,82.19061997611976,81.39495887745329,81.5687256291935,6819500
2023-05-22,81.85224151611328,82.22721044095648,81.41325435745101,81.5047149578761,4699200
2023-05-23,79.68475341796875,81.57787198168899,79.64817057404855,81.36752935097786,5459700
2023-05-24,80.01399230957031,80.43468454989606,79.25492097238693,79.69390114600334,6787500
2023-05-25,76.40153503417969,78.10259919790963,75.27663506366204,77.98370319000969,12202000
2023-05-26,74.499267578125,76.36495105189833,74.09686320805669,75.69732625405456,9655500
2023-05-30,75.45039367675781,76.22775997369212,75.00226601951925,75.33150465921499,8654900
2023-05-31,75.68816375732422,75.87107097553094,74.83763193548307,75.54183240078835,8238800
2023-06-01,75.67903137207031,76.13630648610095,75.39552303415996,75.76133754341286,6588200
2023-06-02,76.60272979736328,76.84965529124486,75.82536349148177,76.04485359465035,6062300
2023-06-05,76.57528686523438,77.28863486337757,76.33750187336535,76.66674048442589,3596100
2023-06-06,76.45639038085938,76.84049976543155,76.11801129431602,76.40151960519587,5046800
2023-06-07,75.80706024169922,76.63015675988358,75.20346078000655,76.63015675988358,5381800
2023-06-08,75.99913024902344,76.32836892264817,75.23091132887589,75.47783684536182,5700800
2023-06-09,76.57528686523438,76.69417587243694,75.55098818888341,76.03569865031588,3302200
2023-06-12,77.07829284667969,77.23376471235542,76.11801928444905,76.67588850966995,4428900
2023-06-13,78.42269134521484,78.69705923711717,77.64532495477866,77.8922504755185,8454300
2023-06-14,80.39810180664062,82.19061914676075,80.16946428401107,80.96511839718532,8387900
2023-06-15,80.70905303955078,80.99256136134879,79.84023316325514,80.43468519573946,5552900
2023-06-16,81.53215789794922,82.05345127231557,80.7364966518259,80.7364966518259,9108400
2023-06-20,81.34009552001953,81.74249285591937,80.62674749357548,80.95597914023382,5066300
2023-06-21,80.77307891845703,81.49557446324906,80.49871104867508,81.29437228907092,5587900
2023-06-22,80.57028198242188,81.35376915637622,80.39514699054352,81.12333133860118,5162000
2023-06-23,80.63481140136719,80.92055207023868,80.20158714055896,80.4135860134621,5496500
2023-06-26,80.1923599243164,80.76384823935055,79.52869788941328,80.51497146005985,4171200
2023-06-27,80.33064270019531,80.40438450619983,79.32592993249928,80.08176586303145,4998900
2023-06-28,79.60245513916016,80.59794838486582,79.46419101630013,80.33063962264455,4952400
2023-06-29,79.9803695678711,80.18315601039684,79.10470851049762,79.2153212152586,3842200
2023-06-30,81.20629119873047,81.82386290534033,80.71776411641507,80.83758925828718,5484500
2023-07-03,80.3214111328125,80.75463538740784,79.63009762843387,80.69933255742703,2584100
2023-07-05,80.07254028320312,80.52419646421912,79.8513149014608,79.96192759233196,3464000
2023-07-06,79.33514404296875,79.63932369783102,78.74522369969931,79.52871099631604,3909900
2023-07-07,79.16921997070312,79.88818487201708,78.92956265946366,78.99408497028915,5094700
2023-07-10,79.68540954589844,80.03567959546807,79.34436601225065,79.40888833205473,3234800
2023-07-11,80.45968627929688,80.49655718181101,79.38123875227954,79.5655862324446,2888200
2023-07-12,80.71776580810547,81.12333865433358,80.44123758887635,80.93898416404592,3847400
2023-07-13,81.16021728515625,81.42751901483297,80.26611726118628,80.65325117906852,4492600
2023-07-14,80.79151153564453,81.27081916890673,80.3951581527449,81.0864717020532,4394400
2023-07-17,79.9250717163086,80.97586786365298,79.90663978056828,80.70855908478035,4465200
2023-07-18,79.82366180419922,79.851313218233,77.51928353599251,79.39043756459165,5697000
2023-07-19,79.38123321533203,80.20159139993496,79.24296909864954,79.59323209949407,4796800
2023-07-20,82.35848999023438,82.48753462960659,80.31220066246743,80.42281336724594,5982100
2023-07-21,81.99900817871094,82.93919859620885,81.96213727680852,82.68110228289194,4673800
2023-07-24,81.81465148925781,82.55204834705867,81.80543200671896,82.11882408899326,3930200
2023-07-25,81.99900817871094,82.20179462297148,81.17864995049723,81.52891296996198,3116200
2023-07-26,83.32632446289062,83.45536909087232,81.58421495273285,81.63029830135216,5472600
2023-07-27,81.5842056274414,83.87936428552158,81.56576666417747,83.87936428552158,4654800
2023-07-28,81.34456634521484,82.27553728889086,81.2984759592525,81.98978955425433,3446300
2023-07-31,80.89290618896484,81.70404490289496,80.55185563358246,81.70404490289496,5786800
2023-08-01,80.81917572021484,80.95743985840043,80.37673188450218,80.4689126648967,3514200
2023-08-02,78.77287292480469,80.50576300588337,78.58852545981514,80.26611270787797,5507200
2023-08-03,77.87876892089844,78.63460474008488,77.8234660907448,78.34886407441824,4413900
2023-08-04,77.4639892578125,78.34886976658174,77.14137767113702,77.52851157514759,5346600
2023-08-07,78.09077453613281,78.1645163310024,77.64833079931982,77.77737542413932,3361600
2023-08-08,75.80482482910156,77.49163139334577,75.1688212150915,77.3072839465843,8227600
2023-08-09,76.45006561279297,77.12294021641799,75.71266165816292,75.83248681201805,4535800
2023-08-10,76.615966796875,77.30728023767033,76.52378604551244,76.87405602292061,4128700
2023-08-11,76.92015838623047,77.15059625680924,76.2749351615722,76.37632838721932,3596200
2023-08-14,76.65283966064453,77.11371529968427,76.5422269756095,76.85561903460253,3296000
2023-08-15,76.35787963867188,76.80032338776859,76.14588076304175,76.47771181676308,3842400
2023-08-16,75.18726348876953,76.44084598990908,75.17804400544203,76.02606066144016,4222200
2023-08-17,75.17804718017578,75.90623168088312,75.03979008645113,75.85092884339326,4848300
2023-08-18,75.14117431640625,75.47300539749524,74.92917542329158,75.01212967736113,5205700
2023-08-21,75.22413635253906,75.85092761946404,74.87387333341248,75.33474905813952,4722000
2023-08-22,77.16902923583984,78.14608348089894,76.04449138950119,76.1458846072796,10015700
2023-08-23,77.13214874267578,78.29355734489117,76.79109823143673,78.04468055678574,5268300
2023-08-24,74.7171630859375,76.8556259625519,74.66186025463693,76.33022796798213,6765100
2023-08-25,75.75874328613281,76.03526446285424,74.87386286229616,75.14116455673887,4441400
2023-08-28,75.0213394165039,76.79110026417179,74.69872786079432,76.31179267174674,4308500
2023-08-29,75.65734100341797,75.67577293336008,74.91993722246781,75.29785859411577,3757900
2023-08-30,75.86935424804688,76.2011853092352,75.48222035412884,75.92466411318158,3881200
2023-08-31,75.12274932861328,76.24728731491369,75.12274932861328,75.95232710804851,4423200
2023-09-01,75.70343780517578,75.89700474980219,75.14116890451602,75.68500587195632,4238700
2023-09-05,73.92445373535156,75.60204087198468,73.89680232068031,75.47299624858249,5612100
2023-09-06,74.39454650878906,74.75402895285691,72.74461083946017,73.40827290001752,6795400
2023-09-07,73.67559814453125,74.8462194627124,73.55577298043583,74.56969823039852,4276600
2023-09-08,73.70325469970703,73.82307987215113,73.20550800797507,73.34377214996834,4208600
2023-09-11,75.03056335449219,75.15038850161316,73.84150323648892,74.0442896642359,4763700
2023-09-12,74.6434326171875,75.3716100458988,74.46829759811746,75.19648205923396,3328600
2023-09-13,74.95682525634766,75.03056705778714,74.28394362492162,74.89230293818943,3520900
2023-09-14,75.54674530029297,75.93387920769088,75.30708796277774,75.36239782983832,5924200
2023-09-15,75.3716049194336,75.94309328904095,75.18725746209172,75.583610824541,9072500
2023-09-18,76.3210220336914,77.09528986762248,75.6850112898156,75.81405592880412,5829600
2023-09-19,76.16431427001953,76.49614533059821,75.38082700069958,76.35788121662294,4655500
2023-09-20,75.10429382324219,76.5975263252155,74.91993935655151,76.50535260807209,5845100
2023-09-21,74.79752349853516,75.4575554872135,74.54652821536243,74.93696847472717,5620800
2023-09-22,74.62089538574219,75.08570726132726,74.55582200685893,74.88119599374157,5067900
2023-09-25,74.34201049804688,74.6116022296648,73.91438443521139,74.36989807503042,3799700
2023-09-26,73.393798828125,73.8957965493814,73.08702835330192,73.36591124791082,5167000
2023-09-27,72.71516418457031,73.57971447640358,71.99005886092932,73.48675352843064,7418600
2023-09-28,73.152099609375,73.5425399059466,72.78024866824961,72.82672560309854,5354100
2023-09-29,72.84532165527344,74.65808523126988,72.36191330669656,73.60761288882921,6308800
2023-10-02,72.29683685302734,72.46416941389289,71.68328885816467,72.41769248127083,4517100
2023-10-03,71.15340423583984,71.94358302216797,70.65140654873966,71.84132384002906,5741000
2023-10-04,70.90239715576172,71.618211383382,70.48406932375114,71.50665398502836,7115500
2023-10-05,70.79085540771484,71.37651586182281,70.18659850540014,71.004664914824,7235900
2023-10-06,70.7629623413086,71.12551503609373,69.67529716448682,70.27955401995084,6762000
2023-10-09,69.8426284790039,70.53055514772382,69.11752310234918,70.33533501496802,7825500
2023-10-10,70.81874084472656,71.17199533282987,69.60093594530899,69.61022707666433,6319500
2023-10-11,67.76026916503906,70.54914019257794,67.31405377241369,70.363218294395,8881200
2023-10-12,66.27287292480469,68.24367767750692,65.95679718587296,68.0484504635535,10503300
2023-10-13,66.89572143554688,67.23038653911969,65.97539594695465,66.2449876744142,8168800
2023-10-16,66.70050811767578,67.62083370023802,66.28218024172934,67.07235905877639,9083700
2023-10-17,67.68589782714844,68.08563629298685,66.31005875342495,66.46809307673027,7936400
2023-10-18,67.5836410522461,68.73637956215933,67.14672386510412,68.55974878722006,7900700
2023-10-19,67.25827026367188,67.73238031532459,66.65401346724637,67.52786197569144,7048400
2023-10-20,67.5836410522461,68.05775113144483,66.94220551358835,67.36053334716802,8399300
2023-10-23,67.29547119140625,68.58764779965105,67.03517764333785,67.56506296403919,7133300
2023-10-24,66.89572143554688,67.89971674626533,66.3193521810679,67.36053329134623,13129200
2023-10-25,66.37513732910156,67.34194688253692,65.95680238510951,66.70050422389559,7462700
2023-10-26,65.41761016845703,66.49596977202806,65.36182793394386,66.2356763191821,7894000
2023-10-27,64.54376983642578,66.39371890065681,64.18121718294496,66.07765026632606,10009100
2023-10-30,65.0457763671875,65.22240715320032,63.995296967174234,64.90633138309667,8934700
2023-10-31,65.59423828125,65.9567909141763,64.98998862134958,64.98998862134958,10770200
2023-11-01,65.86383819580078,66.06835654605257,65.11084526302466,65.5570606704231,5380300
2023-11-02,67.01657104492188,67.0723532913938,65.95680056401554,65.9846952334846,6330200
2023-11-03,67.4534912109375,67.85322967264918,67.15601192030084,67.47208765611427,5198300
2023-11-06,68.25297546386719,68.35523464592355,67.43490909988283,67.53716828193919,5916500
2023-11-07,67.37913513183594,68.43890568050803,67.21180256665262,68.1228299051766,5653400
2023-11-08,66.66331481933594,67.82534444683614,66.13342959289449,67.66731011968795,6767100
2023-11-09,65.1573257446289,66.80276376682745,65.08296123431954,66.74698861097883,8321000
2023-11-10,65.70580291748047,65.84524788995027,64.44151412736187,65.4733969941861,7557500
2023-11-13,67.00727081298828,67.88111217440922,66.59823415926026,67.20249091795887,8452100
2023-11-14,67.48139190673828,68.17860979464766,67.00728884953622,67.27688061729057,6478100
2023-11-15,68.81073760986328,69.03385238646447,67.66730452276018,67.69519209671897,8385800
2023-11-16,69.61022186279297,69.86122423992046,68.97807744711069,69.07104549343414,9048600
2023-11-17,69.49867248535156,70.07503466246084,69.17330559626306,69.8519269517239,6262600
2023-11-20,69.87052917480469,70.31674463316965,69.40571726840221,70.00996707275196,8670100
2023-11-21,73.08702087402344,73.27294278473659,71.68328704300046,72.09232375752892,10745300
2023-11-22,72.8546142578125,73.75634331804811,72.51994914768675,73.34731369981257,6004700
2023-11-24,73.41239166259766,73.47746504404964,72.72447204546725,72.73376317676993,3310900
2023-11-27,73.44027709960938,73.72845819585402,72.73376105554532,73.2264605139506,7252900
2023-11-28,73.09630584716797,73.48675317472016,72.88249637710587,73.34730820719906,4972200
2023-11-29,73.31012725830078,74.15608115693817,73.07772132788325,73.20786808151978,4260400
2023-11-30,73.69127655029297,73.72846235391629,72.69657935388635,73.375207858195,6219300
2023-12-01,74.360595703125,74.44426552187367,73.21716255579733,73.52393297796709,5102000
2023-12-04,74.14678955078125,74.5837138319587,73.82142266877658,73.96086055215994,6206400
2023-12-05,73.27294158935547,74.02593453566548,73.12420548170469,73.95157002807318,4818800
2023-12-06,73.47745513916016,73.57041608692217,72.95686815772038,73.31012259620228,5319600
2023-12-07,73.95157623291016,74.1096105769445,73.19857613095422,73.63550045237473,5251000
2023-12-08,73.76564025878906,74.23045211560873,73.70056688253295,73.9980461871989,6240900
2023-12-11,74.10960388183594,74.43497076441477,73.74705119946722,73.74705119946722,5598900
2023-12-12,74.44426727294922,74.57441402298333,73.64479032704482,74.41637969686562,5263300
2023-12-13,76.13618469238281,76.15477404624565,73.90508632813457,74.1096046829567,6304700
2023-12-14,77.55851745605469,78.76703128817591,76.84271021808367,76.93567118383136,9680600
2023-12-15,76.79621124267578,77.42835561618423,76.50803017720443,77.23313549836826,12388900
2023-12-18,77.21454620361328,77.60499356786728,76.7683307765606,77.1215852473495,6447200
2023-12-19,76.9333267211914,77.59888772692547,76.66147665092612,77.02706639841556,5060900
2023-12-20,75.56470489501953,76.75521377511319,75.52720759500131,76.689595288051,7257600
2023-12-21,76.83020782470703,76.96144479789118,75.7521837005127,75.80843322607637,7440600
2023-12-22,76.79270935058594,77.56138610400018,76.43649573623055,77.10205670488007,3426700
2023-12-26,77.14892578125,77.35515018731161,76.53023110743077,76.83020233210362,2954800
2023-12-27,77.26141357421875,77.32703205871321,76.90519996580284,76.94269726435374,4041700
2023-12-28,77.55200958251953,77.84260468295604,77.07392800448058,77.1301703718224,3297000
2023-12-29,77.22391510009766,77.71137282196042,76.99893846409547,77.36452817955339,3847600
2024-01-02,77.6551284790039,78.54567327370808,76.83958543714117,76.9708224128864,5425800
2024-01-03,77.99258422851562,78.53628426842508,76.99893096045032,77.74886254321355,6182600
2024-01-04,78.6769027709961,78.9487528097365,77.78636521281877,77.94572336080788,5622000
2024-01-05,79.27684783935547,79.68931096720438,78.29256343039907,78.47067380867534,5107600
2024-01-08,81.15166473388672,81.29227780516555,79.03311400841862,79.49245051805465,7867100
2024-01-09,81.23603820800781,82.52966277376149,80.89856968618022,81.02043053777646,7223200
2024-01-10,81.62975311279297,82.05158520987752,80.9548160359549,81.08605300624247,4980800
2024-01-11,81.63910675048828,81.81721709896776,80.95480084126834,81.63910675048828,5099500
2024-01-12,81.94847869873047,83.17649213377558,81.79849663794988,82.1172129870332,5969000
2024-01-16,81.12355041503906,81.7234928948458,80.85170036139561,81.51726132643502,5398300
2024-01-17,80.66423034667969,81.3860337677106,80.30800954118345,80.80483629423944,6956000
2024-01-18,80.88919067382812,81.68598854051203,80.69233523513289,81.41413851034874,7203600
2024-01-19,81.07666778564453,81.2828993306086,80.354864530148,80.86106728091133,4819300
2024-01-22,81.05793762207031,81.9016090285071,80.87982722741172,81.17042237500922,6015700
2024-01-23,80.9360580444336,81.89222121912717,80.25175205552586,81.4235157438125,5060300
2024-01-24,79.41746520996094,80.91732145787907,79.37059179676277,80.78608448317864,6035200
2024-01-25,80.42048645019531,80.45798374650995,79.30496512843847,79.92365978981292,5557800
2024-01-26,81.12355041503906,81.17979278755891,80.270502955136,80.79545798887577,6784400
2024-01-29,81.96721649169922,82.00471378826086,80.73920327290912,80.8985685712656,7144700
2024-01-30,81.5266342163086,82.07970326256635,81.09542602298605,81.9859635947794,5760100
2024-01-31,82.06095886230469,83.59831231262062,82.04220663746668,82.76401710428618,10357900
2024-02-01,82.5765380859375,82.99837736041685,81.27353726506719,81.89223200688534,4320000
2024-02-02,82.14532470703125,82.62340632742406,81.61100071431405,81.98596655085981,5051900
2024-02-05,81.32040405273438,82.28593623609166,81.31102794023117,82.0984568972978,4083400
2024-02-06,82.24844360351562,82.34218327822997,81.43290056643427,81.629756028898,4667100
2024-02-07,81.70474243164062,82.72651694170183,81.59225054214295,82.53903761108374,4740100
2024-02-08,80.78608703613281,81.32978717814693,80.04553142584717,81.1329317098754,5938100
2024-02-09,79.6705551147461,80.76733136823678,79.17372845257341,80.69233677533728,8843400
2024-02-12,79.74555969238281,79.98928857388385,79.09874376342496,79.33309653167011,5892300
2024-02-13,78.35818481445312,79.67993780386605,77.92697659750469,79.27685077360664,7579400
2024-02-14,78.44255065917969,79.07061429585966,78.030087541657,78.43317454690558,4934500
2024-02-15,79.41746520996094,79.68931527237716,78.51755146121006,78.58316994856027,4867900
2024-02-16,79.13624572753906,80.37362813070894,78.8456505663935,79.201864220439,10848600
2024-02-20,80.47673797607422,81.76099370144176,77.42077592153852,81.51726482360205,11771400
2024-02-21,80.52360534667969,81.11417169478898,79.5299448355412,81.11417169478898,6877000
2024-02-22,79.73616790771484,80.49547559087182,79.19247502767193,80.4017287804957,9824900
2024-02-23,80.30799865722656,80.57047259293805,79.54869803579287,79.98928235011357,4707700
2024-02-26,78.43318176269531,80.20488809595419,78.25507852437093,80.20488809595419,5974100
2024-02-27,78.59253692626953,78.91126039384034,77.93635206932748,78.23632331134078,4546200
2024-02-28,78.14258575439453,78.58317009250096,78.02072489248629,78.39568359124358,4755300
2024-02-29,78.14258575439453,78.52692056618437,77.60826174159877,78.30194391655425,8893100
2024-03-01,78.36756134033203,78.60191409981381,77.47702371505272,78.19882706743,4266600
2024-03-04,79.73616790771484,79.7830413129029,78.03008037628119,78.36754886837818,5553000
2024-03-05,79.30496978759766,80.46735743412947,79.02375077653332,80.09239875271034,5073700
2024-03-06,80.19551086425781,80.42986360535514,79.3049661569611,79.42683415953368,6048400
2024-03-07,79.82054901123047,81.0204339609228,79.3799646917919,80.61734694014693,6177600
2024-03-08,79.80178833007812,80.87043619715521,79.60493289686684,80.12988787064128,6561200
2024-03-11,80.14864349365234,80.27050435352778,79.24872975826484,79.24872975826484,5539000
2024-03-12,80.37361907958984,80.70171150714206,79.5861972534645,79.82055000912732,4562200
2024-03-13,79.75492858886719,80.94543739700042,79.48307854407619,80.62672109392854,5908200
2024-03-14,79.10812377929688,79.40809505137389,78.73315790123078,79.22998465011966,7836100
2024-03-15,78.33944702148438,78.75191020293397,77.63638868140217,78.21758615054667,17082100
2024-03-18,78.4238052368164,78.79876390357072,78.12382686040793,78.55504220055604,4783800
2024-03-19,78.84564208984375,78.88313938916664,78.08634144622123,78.45193117477123,4903000
2024-03-20,78.780029296875,78.91126627804941,78.31132374928666,78.50817922104827,4191700
2024-03-21,78.83673095703125,79.3849247566401,78.53426925920047,78.98795459486286,6233800
2024-03-22,78.52482604980469,79.26205844163707,78.3830489257406,79.11082758634628,5181300
2024-03-25,78.67605590820312,78.82728677543881,78.18457001185644,78.26963196636302,5481300
2024-03-26,79.1108169555664,79.27150152049136,78.49646151898487,78.92178562293871,4806700
2024-03-27,82.15428161621094,82.25825102844232,79.48889903490998,79.5739681954103,8220100
2024-03-28,82.3716812133789,82.91988230453582,82.16374237114113,82.32441976338492,7579500
2024-04-01,82.24878692626953,82.40001776538615,81.69113943196442,82.07865583780499,4727300
2024-04-02,80.5285873413086,82.14483651905834,80.29229452961334,82.09757507228557,6007200
2024-04-03,80.33956146240234,81.02953969254501,80.08436838122263,80.78379313249744,5887400
2024-04-04,79.31877899169922,80.71763578074798,79.15810159077243,80.66092059547336,6797100
2024-04-05,79.92366790771484,80.03709103854204,78.5437189325259,78.86508086432794,4935800
2024-04-08,78.36415100097656,79.72519268358211,77.95772707917108,79.64013073326863,8725300
2024-04-09,79.2053451538086,79.2336991344992,78.44920535033577,78.80836779088939,5679600
2024-04-10,77.81594848632812,78.72331199468249,77.34336287503415,78.30743434919684,6509400
2024-04-11,77.66471862792969,78.5059204499616,77.61746439284323,78.37359705398472,5241200
2024-04-12,75.736572265625,77.30556005578977,75.19782492307974,77.25829860723411,6562700
2024-04-15,75.83110046386719,77.03146490359795,75.49083820151664,76.52107151007212,7500200
2024-04-16,74.90482330322266,76.07683366135554,74.47004538344892,75.93505652834388,7674500
2024-04-17,74.744140625,75.47191928000166,74.6212637532514,75.05604885332244,5640100
2024-04-18,74.84810638427734,74.95207578864782,74.12977428437691,74.90481434626717,6065600
2024-04-19,75.12222290039062,75.2734465682962,74.75359943562191,75.16947714176133,6756900
2024-04-22,76.15245056152344,76.46435881794383,75.04660188267077,75.49083354282988,4962600
2024-04-23,76.83296203613281,76.8802162659908,76.19969910958484,76.52105383251958,5296200
2024-04-24,75.97286224365234,76.39819363148533,75.62315349732971,76.34147845312366,5028900
2024-04-25,74.90482330322266,75.9445102601672,74.4605916516256,75.65150947340511,5624100
2024-04-26,75.36795043945312,75.47191984967871,74.62126431650753,75.04659568863516,5024900
2024-04-29,76.42654418945312,76.67229072178033,75.16001102538274,75.25453391472061,6029700
2024-04-30,75.84053039550781,76.25640800542779,75.38685228567105,75.63259159054782,6487200
2024-05-01,76.45489501953125,77.24884254851337,75.60423952815174,75.60423952815174,5366100
2024-05-02,76.48326110839844,77.24885477737902,75.7365749039326,76.97475423059399,6338700
2024-05-03,77.2110366821289,77.42842201723755,76.56831998562194,76.62502794937483,4987200
2024-05-06,77.27719116210938,78.033323715528,76.80460561206652,77.99551600619458,3676100
2024-05-07,77.4095230102539,77.7686854716001,77.19213046056804,77.6741697934652,4939700
2024-05-08,77.07872009277344,77.52294453316838,76.9085889754214,77.0125583921968,4175600
2024-05-09,78.22237396240234,78.24127421435446,77.09761787751697,77.18268703901228,5545600
2024-05-10,78.29798126220703,78.50592008666105,77.76868768074897,78.44921212038602,4217700
2024-05-13,78.94070434570312,79.25261260750729,78.51538014221366,78.54373412763498,4950800
2024-05-14,79.67794799804688,79.9709488101345,79.03523118911407,79.13920061490357,4053700
2024-05-15,80.07490539550781,80.2355827692043,79.10138021112041,80.04655141321832,6227200
2024-05-16,80.9444580078125,81.02007343168576,79.97093286146632,80.09380251694758,5506800
2024-05-17,81.20911407470703,81.44540689304202,80.43407391901167,81.12405212142701,8236300
2024-05-20,79.87642669677734,81.1429527475628,79.81971151657837,80.73652880971225,5513000
2024-05-21,80.50023651123047,80.61365966127785,79.8669734817397,79.90478119842217,4131600
2024-05-22,81.05787658691406,81.19019996571178,80.22612139323313,80.22612139323313,8527900
2024-05-23,76.91802978515625,79.49835033823142,76.76680614267389,78.98795702407092,10712300
2024-05-24,77.77814483642578,77.83485280519743,76.44544988161579,76.54941929842016,8732300
2024-05-28,77.50404357910156,78.20346829473615,77.3811739108812,77.62691324732192,7479000
2024-05-29,77.02198791503906,77.44731922009555,76.32256334742901,76.88021081335357,7910500
2024-05-30,76.18079376220703,76.93693357174644,76.04847037720018,76.53050968605864,8870600
2024-05-31,76.90857696533203,77.01254636587149,76.19969862224481,76.29421429243976,11406000
2024-06-03,77.6174545288086,77.94826297670988,76.67228341418587,77.04089957200206,6151100
2024-06-04,78.70439910888672,78.80836851309411,77.04090306373588,77.2960961033735,6331200
2024-06-05,77.79703521728516,78.6193367155545,77.23938769889868,78.54372129273081,7058300
2024-06-06,77.82538604736328,78.4208484641383,77.37170795095533,77.91045519736686,7366600
2024-06-07,79.4605484008789,79.60232553363225,77.65527502447888,77.74033697748017,7038900
2024-06-10,78.58153533935547,79.34712172668652,78.08059574215939,79.12973638239745,4966100
2024-06-11,77.45677185058594,78.48701214044907,77.3811636399929,78.48701214044907,5340400
2024-06-12,77.72142791748047,78.38304484724159,77.42841995337166,77.75922841825222,5549100
2024-06-13,77.18267822265625,77.50403294672503,76.4170847009872,77.50403294672503,5934400
2024-06-14,76.59667205810547,77.06925764048933,76.10517901421939,76.70064146311663,3689000
2024-06-17,75.56644439697266,76.0862915091086,74.91428108757519,75.8594524106697,5435400
2024-06-18,75.37740325927734,75.94450453750652,74.82920223218608,75.53808063274354,7011900
2024-06-20,75.77436828613281,75.94449937915421,74.62125834577485,74.81975063020273,7139700
2024-06-21,77.16377258300781,77.2299342754708,75.54753077191184,75.77436983020154,11094400
2024-06-24,76.59667205810547,77.48513526053391,76.31311782424167,77.27719645051162,6798700
2024-06-25,76.00121307373047,76.78569962139193,75.33958896435831,76.73844539213323,5318100
2024-06-26,75.66095733642578,75.83108844062627,74.82920206651939,75.14111029273428,5737600
2024-06-27,74.98043823242188,75.6798629498782,74.39442945174606,75.61370124972808,8044800
2024-06-28,75.05672454833984,75.59073017649396,74.62761392218472,75.08533095337938,8917200
2024-07-01,73.54051971435547,75.6956178038932,73.35933613304871,74.76110804566754,7111800
2024-07-02,73.7789077758789,73.90287126341369,72.96835433534689,73.28303927518077,7111800
2024-07-03,73.58819580078125,74.14127717075904,73.50237659265389,73.7312350896073,2838400
2024-07-05,74.00777435302734,74.31292143486398,73.14000801935673,73.49283728831297,4370000
2024-07-08,73.27350616455078,73.99823318001388,73.02557917330496,73.8361253914424,5606500
2024-07-09,73.31165313720703,73.41654812782978,72.43435619316239,73.27350884286419,6142600
2024-07-10,73.48329162597656,73.51189802511146,72.78717832942887,73.27350166528124,6736300
2024-07-11,74.44641876220703,74.57992014851371,73.60726615181078,73.83612463186796,6224600
2024-07-12,74.33198547363281,75.0090375686624,74.20802197997043,74.57038184433115,5661400
2024-07-15,73.50237274169922,74.38920755562087,73.38793986157769,74.20802398091514,4497800
2024-07-16,74.47502899169922,74.5703860903522,73.12093927509821,73.46423065047316,6811000
2024-07-17,77.48836517333984,77.77443647813067,74.3224613834701,74.33199200093344,9848100
2024-07-18,77.440673828125,79.74834888019609,76.36312488445866,76.71594684617685,8427800
2024-07-19,75.7909927368164,77.87934042026383,75.7242420305013,77.7935212015507,9292800
2024-07-22,75.61933135986328,76.36312686909474,75.40954139053547,75.8577277295031,5904400
2024-07-23,75.71468353271484,75.96261777810781,75.1520643537784,75.76235843837698,5022800
2024-07-24,76.25823974609375,76.6301375390494,75.26650987311847,75.88634195313809,5658500
2024-07-25,74.81831359863281,77.67906995110539,74.76110079967283,75.93400683003001,6357000
2024-07-26,75.04717254638672,75.76236163904711,74.68481269187279,74.97089123904883,4574700
2024-07-29,76.28683471679688,76.6587324540189,74.95181365419704,75.33324928283692,6551400
2024-07-30,77.05924224853516,77.24042582238097,76.00076175709493,76.01983754133136,6568400
2024-07-31,76.59199523925781,77.23089584634381,75.30465613198997,76.63013953636036,7573200
2024-08-01,76.75409698486328,77.3262468456622,75.6956164685092,76.9448184553164,4873100
2024-08-02,77.72676849365234,78.08912842213422,76.59199924023638,77.27858207338616,5057900
2024-08-05,76.60153198242188,78.01283457762614,76.48709909283207,77.06878688317241,7503200
2024-08-06,77.03063201904297,77.88886038502709,76.21054794435588,76.72548496394636,5514000
2024-08-07,77.32624053955078,78.89965798489256,76.81131079952146,77.05923777797125,5596600
2024-08-08,78.39427185058594,78.78524544145182,77.15461492709483,77.45976203021519,4088200
2024-08-09,78.2321548461914,78.57544620625302,77.717217806099,78.46101332780583,3094300
2024-08-12,77.42161560058594,78.25123039935242,77.0592484238552,78.22262399598539,4502200
2024-08-13,78.45147705078125,78.54684142242373,77.34532163747365,77.63140020184085,3704800
2024-08-14,77.94608306884766,78.06051595725025,77.0306417874687,77.64093597505467,5612900
2024-08-15,79.76744079589844,80.12980072251774,78.35613083775806,78.7280286579224,6743500
2024-08-16,80.67333221435547,80.80683360294438,79.91046817603024,80.12978876787773,5374800
2024-08-19,80.88312530517578,81.3313116735381,80.56844033054517,80.74962391144406,7492800
2024-08-20,81.41712188720703,83.62943980718946,79.4145939271394,80.10117660494078,10841600
2024-08-21,83.47687530517578,83.50548170604948,81.88438927078059,81.94160207252797,10608300
2024-08-22,83.75342559814453,85.0979775206962,83.48642279226368,83.82971419276215,8429600
2024-08-23,84.24927520751953,84.39231448373437,83.63898108593072,84.16345600695851,4843500
2024-08-26,85.19332885742188,85.94666230887671,84.02996060704486,84.48767759319443,5948200
2024-08-27,84.67839050292969,85.55568736705844,83.99180781786211,85.40311020358584,4174700
2024-08-28,84.23020935058594,85.00261128106827,83.86784220273098,84.84050349138582,5230600
2024-08-29,84.09671020507812,84.81189935246151,83.93459513579158,84.76421716585719,5024400
2024-08-30,84.46861267089844,84.48768118143106,83.18127358916836,84.2302162751973,7940100
2024-09-03,84.83097076416016,85.21240644420364,83.98228019558566,84.17299439796717,4745300
2024-09-04,86.80489349365234,87.24354198393341,84.6784017413054,84.6784017413054,8953500
2024-09-05,85.24101257324219,86.94793159761183,84.96447188798092,86.92886308754711,7007400
2024-09-06,85.7177963256836,86.33762832907648,85.15518439701968,85.55568854372413,7116500
2024-09-09,86.41392517089844,86.91932434841672,85.70826662560839,85.82269951072362,8643000
2024-09-10,86.7667465209961,86.89071729776623,86.01341306898807,86.5474259202618,5628100
2024-09-11,86.15645599365234,86.46160308928846,84.69747121528968,86.46160308928846,5805800
2024-09-12,85.82270050048828,86.35670608662379,85.05982914148287,86.07063478345711,4856500
2024-09-13,85.82270050048828,86.31856179114547,85.71780550674302,85.87991330606553,5209400
2024-09-16,85.9275894165039,86.05155291158005,85.2886888818131,85.82269443017796,5620300
2024-09-17,84.51628112792969,86.05155438097454,83.95366916919255,85.82269589566452,7012300
2024-09-18,84.03948211669922,84.40184923968403,83.60083368780984,83.94412502785883,7691400
2024-09-19,85.31729888916016,85.77501587131322,84.44000194396659,84.57350333670125,9374600
2024-09-20,85.19332885742188,85.4317252429982,84.62117898709475,85.32683752660252,25452900
2024-09-23,85.68920135498047,85.870384944442,84.87865506179473,85.38405425841829,6324400
2024-09-24,85.59383392333984,86.09923305897999,85.01214620394424,85.5652275232515,7657600
2024-09-25,85.24101257324219,86.20413602532035,85.05029837147326,85.98480814553366,3944400
2024-09-26,85.29822540283203,85.41265828909401,84.40185992392809,84.94540340193171,6321000
2024-09-27,85.84605407714844,86.518825864855,85.64422254083647,85.88449922682632,5232500
2024-09-30,86.52845001220703,86.59572719955116,85.55773002395865,85.9998456352641,4784900
2024-10-01,86.4996109008789,86.83599681007198,85.74033565860721,86.7398875978258,4907100
2024-10-02,85.6538314819336,86.20166200595251,85.52888291841172,86.05749453486075,4438900
2024-10-03,84.35633850097656,85.76916663488623,84.25062350166904,85.55772197094564,3435000
2024-10-04,84.82728576660156,84.85611779654121,83.81812072273736,84.53895080187958,3598500
2024-10-07,83.65473175048828,84.55817443492667,83.50095115200408,84.44283898606352,3794500
2024-10-08,84.71195983886719,85.1156229687341,83.83735639082222,83.92385249036646,4608700
2024-10-09,84.91378021240234,85.00028363320924,84.26022732666034,84.53894916511852,2773500
2024-10-10,85.39433288574219,85.96138967866867,85.33666882745435,85.78839017114258,3219800
2024-10-11,85.8844985961914,86.10554903938791,85.45200349765042,85.51928067592706,4482700
2024-10-14,86.50921630859375,86.5572672441011,85.68266395818024,86.04788186521743,3849200
2024-10-15,86.3458251953125,86.9801591574648,85.96138836903377,86.54766406157,4173700
2024-10-16,86.48999786376953,86.73027456094954,86.00944446940952,86.32661146952621,3773300
2024-10-17,86.29777526855469,86.64377428238575,86.1439946701131,86.64377428238575,5392700
2024-10-18,88.6524887084961,88.66210182959071,86.3458309342018,86.47077951044317,7355500
2024-10-21,87.48954772949219,88.46988073703314,87.24927103800938,88.4218224656715,4411500
2024-10-22,87.5760498046875,87.78748713050426,86.48038869498775,87.17237939638028,4400200
2024-10-23,88.68132019042969,88.79665564486282,87.15316391567075,87.21082797655588,6842200
2024-10-24,87.45110321044922,89.07537600305444,87.40305227140328,88.89276336975675,3813800
2024-10-25,87.06665802001953,88.03737790245192,86.62454978957079,87.59526967200318,3446900
2024-10-28,87.0762710571289,87.79710112768902,87.02822011868916,87.15316135782768,4241900
2024-10-29,86.80716705322266,87.87399620222108,86.7975539319474,86.85522532693588,7279700
2024-10-30,86.98016357421875,88.22960532105718,86.45155191224953,86.48039127508106,5325700
2024-10-31,85.7787857055664,86.43233865186772,85.52889587333443,86.33622943413644,6955600
2024-11-01,86.56688690185547,87.46071649561163,85.78839276081915,86.33622332907855,5052400
2024-11-04,85.83644104003906,86.99937932144141,85.74994495267661,86.52843906958881,4513600
2024-11-05,86.19205474853516,86.20166786930507,85.16367080603553,85.58656012795926,4578200
2024-11-06,86.6053237915039,88.45064686301991,85.44238558499657,88.29687360672462,6281700
2024-11-07,84.69273376464844,86.01905850746294,84.28906333625885,86.00944538632766,7077400
2024-11-08,84.30828094482422,85.24055561757652,84.16411347321039,84.92338864655852,8137700
2024-11-11,84.8368911743164,85.365502829715,84.33711888139086,84.77922711469573,4544500
2024-11-12,84.86573028564453,85.36550257709108,84.38517690312709,84.7984531053986,7202700
2024-11-13,84.5485610961914,84.82728293072793,84.09683975513781,84.56778000462107,8338900
2024-11-14,82.6551742553711,84.72155507828778,82.5590650541647,84.28905267386595,7956100
2024-11-15,84.12567901611328,84.16412416894013,81.70369304932689,82.14580130784094,7952300
2024-11-18,84.18334197998047,85.26939736833651,83.61629248167952,84.09684588674665,10339800
2024-11-19,81.69407653808594,83.11651780300308,81.21352314668543,82.65518332088695,12000800
2024-11-20,80.83869171142578,81.67485724832606,80.30047426201656,81.43458055374512,7389100
2024-11-21,81.44418334960938,81.81901439277068,80.65607611364683,80.92518482846391,5699700
2024-11-22,82.85700988769531,82.94351330593535,81.32885371452431,81.49224009794591,6532100
2024-11-25,82.41490936279297,83.45290648253668,81.4730214579893,83.1357394738378,10636000
2024-11-26,82.34762573242188,83.19339702341058,81.71329176468346,82.98195236749778,5702500
2024-11-27,82.9146728515625,83.52017477327242,82.57828696875826,82.7801184984408,5106500
2024-11-29,83.17417907714844,83.37601061485567,82.20345920589335,82.31879465572432,3543200
2024-12-02,83.17417907714844,83.47211982338351,82.59751649331885,82.81856693966661,7058700
2024-12-03,82.37645721435547,83.1645644421936,82.1554067720327,83.14534553390301,4979100
2024-12-04,82.00163269042969,82.77052107106861,81.70369192594704,82.03046472148762,5352500
2024-12-05,80.86752319335938,82.02084838646455,80.7329688319192,81.28079939854356,6967700
2024-12-06,80.74258422851562,81.26158277983977,80.31969489054863,80.73297110738102,4309800
2024-12-09,80.69451904296875,81.12702146502089,80.40619142759633,80.85790542494603,5015000
2024-12-10,80.32930755615234,80.82907986237318,79.65652840114159,80.73297064956105,5095400
2024-12-11,79.69497680664062,80.70414191402818,79.66614477488609,80.15631131270263,6125600
2024-12-12,79.51236724853516,80.01213954847229,79.32014149266486,79.68536676248702,5482500
2024-12-13,79.27208709716797,79.71419531740082,78.69541718736097,79.61807877732465,4301500
2024-12-16,78.18603515625,79.30092254172321,77.96498470294388,78.81075603034013,6351900
2024-12-17,78.20526123046875,79.0894777071229,77.55170832758029,77.81120393148385,8021400
2024-12-18,76.91737365722656,78.48398238578781,76.88854162734235,78.20526054246918,7048600
2024-12-19,76.8789291381836,77.45559173859436,76.42720777918527,76.68671071560094,7190300
2024-12-20,77.87847900390625,78.10914257142605,76.69632180428749,76.76359898367504,10707300
2024-12-23,78.23409271240234,78.42631113374969,77.2922048494097,77.55170778415766,7421300
2024-12-24,78.36864471435547,78.59930827956003,77.93614228035158,78.1379811491509,2465900
2024-12-26,78.42630767822266,78.58969406243524,78.06108976068938,78.14758584668577,3319500
2024-12-27,78.27119445800781,78.7849873563783,77.99006095970701,78.07731285730124,3880700
2024-12-30,77.17576599121094,77.91252954564955,76.86555092557003,77.74772201381644,5136200
2024-12-31,77.4375,77.77680393806857,76.9527885411705,77.37933699169562,4803700
2025-01-02,77.76710510253906,78.203342442819,77.41811227187125,77.91252001466893,5574900
2025-01-03,78.47477722167969,78.52325132291539,77.53444326424831,78.03853989499615,5394700
2025-01-06,77.39871978759766,78.65897249978714,77.22423076811356,78.05792764693975,7886200
2025-01-07,77.42781066894531,78.59111520527556,77.30178095683446,77.91252212510123,7363100
2025-01-08,80.15188598632812,80.67537524194138,77.8931288452866,77.95129924887239,11153800
2025-01-10,78.19364929199219,79.96768745606697,78.04823438776067,79.49267233861268,7068200
2025-01-13,79.28910064697266,79.60901198213946,77.56352905162665,78.43601114930436,6487700
2025-01-14,82.64329528808594,82.70145829044873,80.56873104790952,80.84016825374806,13399700
2025-01-15,82.78871154785156,83.26372666585934,81.3539624984631,81.3539624984631,12261100
2025-01-16,84.49490356445312,84.55306657173264,82.43002805271315,82.81779869216604,7267500
2025-01-17,85.38676452636719,85.91994264448293,84.38826019619063,84.58214180348558,9578900
2025-01-21,85.6775894165039,85.98780443481786,85.08624088220084,85.74544872063166,8376600
2025-01-22,85.15409851074219,85.75514333269652,84.7469426939873,85.54186912503178,5222900
2025-01-23,86.52099609375,86.59855170285,85.11533581033474,85.18319511926975,5694300
2025-01-24,87.4322509765625,87.53888808390798,86.1041389826022,86.38527250232121,7349500
2025-01-27,89.63284301757812,89.65223561795588,87.58736004821482,87.88788618519004,9164300
2025-01-28,89.16752624511719,90.23389001149106,88.86700010109433,89.63284511955553,7961100
2025-01-29,88.61494445800781,90.1369380055653,88.5664703580545,89.70069329431324,5514700
2025-01-30,89.17720794677734,89.98183070580582,88.66341500786577,88.91546702555978,5101600
2025-01-31,88.0429916381836,89.28385182538025,87.87819151247064,88.91547376859066,7215400
2025-02-03,87.76185607910156,88.42106396291112,86.5209959204271,87.50980404808645,5800300
2025-02-04,88.18840789794922,88.32412652072715,86.95723659632199,87.11234782013119,5196300
2025-02-05,88.88638305664062,89.2547610752732,87.90726391192933,88.47921984055169,5181100
2025-02-06,88.0429916381836,89.12874800003573,87.98482862819317,88.46954010107375,4509300
2025-02-07,87.25775146484375,88.38227810766776,86.81181784819722,88.33381140357466,6349400
2025-02-10,88.0623779296875,88.15932614234826,87.25776249581877,87.52919974060438,5029300
2025-02-11,88.41136169433594,88.67311000782664,87.7327686521553,88.06236887375462,6534800
2025-02-12,88.55677795410156,88.83791147475637,87.16081404657609,87.82971079947657,7053200
2025-02-13,89.38079071044922,89.65223534213267,88.09146384147513,88.47922709451728,5991000
2025-02-14,89.9721450805664,90.20481192270759,89.05119620111643,89.59407070722501,10855400
2025-02-18,83.438232421875,85.73576745976213,82.4591131783733,85.27044119275723,14516700
2025-02-19,84.33979797363281,84.50459810265276,83.07954516041029,83.37037500841865,8972100
2025-02-20,85.25105285644531,85.57095679489238,83.70966658746835,84.11682243357177,5804300
2025-02-21,87.18989562988281,88.36289641956097,84.90205705619515,84.96022006186378,11763000
2025-02-24,87.41285705566406,88.28533910433984,86.39496749563351,86.80212331964573,7158500
2025-02-25,87.71339416503906,88.07207593282129,86.49191914377951,87.59706074526328,6290300
2025-02-26,87.8103256225586,88.40167416685246,87.24805858108088,87.69399221518437,5108500
2025-02-27,87.9654312133789,88.48892046297419,87.3450011537348,87.53889016994216,4735900
2025-02-28,89.20629119873047,89.57467663091647,87.538890038509,88.75066865257412,7685300
2025-03-03,91.41658020019531,92.02731394970937,89.47773444745403,89.83641617820102,9306100
2025-03-04,90.18540954589844,92.64774455417071,90.10785394025767,91.85281808662688,7644300
2025-03-05,91.18392181396484,91.83344082221981,90.41807678330203,90.72829183657339,5820600
2025-03-06,90.2823486328125,91.10636398383625,89.27414796704218,90.8736971713519,5339800
2025-03-07,91.6104736328125,92.12426664017968,89.6134646166727,89.76856845092009,7795900
2025-03-10,90.93187713623047,93.30696044362406,90.68952139481846,91.6880258660583,10771700
2025-03-11,90.42776489257812,91.06758754230476,89.83641634520397,90.54409830055832,7457600
2025-03-12,88.71188354492188,90.15632146304287,87.58734953353004,90.04968436209678,6301000
2025-03-13,89.5068130493164,89.90427256976912,88.76035331688354,88.96393122678995,6737600
2025-03-14,90.22418975830078,90.44716028144538,89.3032409540775,89.48742627725625,7788600
2025-03-17,90.4956283569336,90.81553969649843,89.9818353912682,90.22419112194885,8099200
2025-03-18,89.39048767089844,90.85431836910814,88.9348577094874,90.80584426406485,12259300
2025-03-19,89.06088256835938,89.98183134508993,88.35320061230556,89.43895689953168,11665200
2025-03-20,88.43075561523438,89.18690427242743,87.52919204794046,89.18690427242743,10469600
2025-03-21,87.5679702758789,88.06237061807083,86.88936982414728,87.79093339582202,14027600
2025-03-24,87.37408447265625,88.06237385324724,86.95723232428594,87.91696633320748,5420400
2025-03-25,85.88117218017578,87.7327734912848,84.84388996070885,87.51949926737592,8819800
2025-03-26,85.53218078613281,86.43374432695754,85.32859548030297,85.91994400687129,7460400
2025-03-27,86.25924682617188,86.71486934437722,85.30920919673831,85.94903181584628,7340100
2025-03-28,85.6241226196289,86.35695491424839,85.23328469296966,85.83908795214485,6320200
2025-03-31,87.8030776977539,88.24277407814442,84.94014599619152,85.00854337658016,8241100
2025-04-01,86.46443939208984,87.53925862243334,86.19084985579394,86.75757529798159,7059400
2025-04-02,86.82597351074219,86.95299509530453,85.45801836145087,86.40581601749034,5577200
2025-04-03,85.878173828125,87.49040637835971,85.68275486344743,86.57192084391271,7663100
2025-04-04,80.98285675048828,86.0833710495056,80.7874377742966,85.97588837617336,12034000
2025-04-07,81.2466812133789,83.41586615819989,78.73550933013031,79.36085900461397,12129100
2025-04-08,80.00574493408203,83.3572317287187,78.7648188117003,82.56577520400106,10183900
2025-04-09,83.32791900634766,83.54288434596371,77.72908426519372,78.65733555380208,11981100
2025-04-10,80.650634765625,83.34745959931111,79.13611176312517,82.8882168519174,8838400
2025-04-11,81.00240325927734,81.53004344160315,79.32177322403723,81.2564538925652,8014000
2025-04-14,82.29218292236328,82.33126820626173,81.21736370680097,82.04790548906477,5596000
2025-04-15,80.48453521728516,82.79051489317555,80.33796725941595,82.69279795142542,5829400
2025-04-16,80.80697631835938,82.55600372982815,80.3184214253711,81.29553121134767,7111600
2025-04-17,80.70925903320312,81.4127792038985,80.24025055590977,80.62132273924387,5940500
2025-04-21,79.92758178710938,80.99262785305241,79.30223213366916,80.7092651265317,5220000
2025-04-22,81.46163940429688,81.70591683239027,80.61155127081989,80.91445289613394,5284900
2025-04-23,81.83293914794922,83.39631321086937,81.45186695307353,82.2335577119114,6468200
2025-04-24,82.37034606933594,82.60485029684422,81.35415114379344,82.10652229047852,5959000
2025-04-25,82.23355102539062,82.72210584625034,81.58865508357341,82.47782843582048,5879600
2025-04-28,82.11630249023438,82.93707108401685,81.47140649104333,82.66348155275602,4513400
2025-04-29,82.66348266601562,83.13249862217604,81.89156507541652,82.0772183118819,4495500
2025-04-30,82.81981658935547,83.05432081963242,81.76453637097657,83.03478190659062,7469800
2025-05-01,81.64728546142578,82.54623206551761,81.05124793844604,82.27263508311674,6015000
2025-05-02,82.90776062011719,83.12272595742066,81.95996297187321,82.54623478443023,5727500
2025-05-05,81.53980255126953,82.85890662735412,81.32484467644812,82.69279231056392,7168400
2025-05-06,80.4356689453125,81.54957338947621,80.16207942636075,81.43231754360177,7415800
2025-05-07,81.2564468383789,81.65705794190414,79.9959744213753,80.43567080776369,7557000
2025-05-08,81.70591735839844,82.64394179374524,81.25644778238365,81.55934940964772,6252400
2025-05-09,81.56912231445312,82.31172033066733,81.44209328041886,81.58866122866696,6588600
2025-05-12,83.84578704833984,84.27571773302151,82.13584494940896,82.51691716364738,7720300
2025-05-13,83.16180419921875,83.83601225370948,82.86866831776493,83.53310318827249,5532400
2025-05-14,82.32149505615234,83.1618100234324,82.16515392049295,82.95661787394619,5684900
2025-05-15,84.13892364501953,84.14869683013876,82.76119527869135,82.85891222037169,6567700
2025-05-16,84.46136474609375,84.47113047565743,83.87509296303512,84.15845567024535,6506800
2025-05-19,84.97923278808594,85.07694226826894,83.72853355033037,83.82624303051337,7296500
2025-05-20,84.3929672241211,84.88152207268199,83.43539644084936,83.46470853900216,9253500
2025-05-21,82.47783660888672,86.25924652601317,82.28241018832425,84.60792868234988,12936800
2025-05-22,79.05795288085938,81.7156851197051,79.01886759657044,81.37369820062162,14683400
2025-05-23,78.83321380615234,78.97000857282488,78.10038150408279,78.7745896075086,10571900
2025-05-27,79.32176971435547,79.73215401975449,78.86252693960887,79.29245761464922,8294300
2025-05-28,79.38038635253906,80.41612765695545,79.28267687790678,79.63443695038706,7515900
2025-05-29,80.52362060546875,80.53338633585138,79.3901696815781,79.41948178223802,8093300
2025-05-30,81.08057403564453,81.3639293158919,79.64422144482786,80.31842213386473,11025900
2025-06-02,81.82316589355469,81.85247799240386,80.32818921420242,80.51384244658793,7904400
2025-06-03,83.58197021484375,83.6601407852059,81.23690528727046,81.23690528727046,11977600
2025-06-04,83.64058685302734,84.37341911071408,83.58196265793408,83.58196265793408,9070700
2025-06-05,85.00855255126953,85.21374471458117,83.53311466678359,83.88487479096243,10361500
2025-06-06,85.4384765625,85.44824229230574,84.80335375161481,85.29190861310256,7577400
2025-06-09,85.44824981689453,85.80000994452223,84.40274261943341,85.39939879929727,8624700
2025-06-10,85.94657135009766,86.47421150128635,85.45801648285875,85.71206710115457,6628000
2025-06-11,86.04428100585938,86.44489957608471,85.75115255777916,85.91725942383351,4643300
2025-06-12,86.46443939208984,86.50352467652579,85.64367078320214,86.01496980321004,5855300
2025-06-13,85.2723617553711,86.60123156738383,85.08671597830329,86.19084727522696,6011700
2025-06-16,85.90748596191406,86.73802774426136,85.57527223087742,86.1908486791395,8414700
2025-06-17,84.19754791259766,86.12245537102446,83.99235575346796,86.09314327039965,6939100
2025-06-18,83.76762390136719,84.42228565843192,83.45494907301119,84.33434190261771,8514400
2025-06-20,84.3636474609375,84.45159120993206,83.76761740555375,84.16822850390237,13089200
2025-06-23,83.99235534667969,84.36365437738908,82.64394654117679,84.26594489086092,6746800
2025-06-24,84.10960388183594,84.41250550013318,82.9956994319144,83.85555327517243,11144100
2025-06-25,84.00212860107422,84.4515982032794,83.4842616127673,83.89464592937777,8461700
2025-06-26,84.20732116699219,84.69587605715697,83.54288621817784,83.92395843612589,11117300
2025-06-27,84.74918365478516,85.24179692473473,83.96100693287502,84.23686916137767,10134000
2025-06-30,85.88219451904297,86.11865429743607,84.90682236238757,85.36988003255503,8205600
2025-07-01,87.4388656616211,87.4388656616211,85.42900238272105,85.54723228736795,10089300
2025-07-02,86.97579956054688,87.85265059808026,86.72949292041544,87.50782280523266,8663000
2025-07-03,87.08417510986328,87.38959293838032,86.75904854078779,87.06447388598694,2989500
2025-07-07,86.37481689453125,87.34034229979068,86.02998907718239,87.18270243089826,7218300
2025-07-08,87.27136993408203,87.7245732467995,86.02012800149329,86.2664346399277,5403000
2025-07-09,87.68516540527344,87.83295089524799,86.68023760347454,87.51767869108733,4673100
2025-07-10,88.07926177978516,89.15315519304517,87.19255631393405,87.91177505753623,7962900
2025-07-11,88.59156799316406,90.49305550144403,87.75412694392492,90.41423557484504,12259500
2025-07-14,88.40438079833984,88.90684092205166,87.66546089286508,88.42408202181244,8911800
2025-07-15,87.90191650390625,88.78862192756452,87.10388538095492,88.37482105206915,8617300
2025-07-16,88.4536361694336,88.59156728153293,87.70486190612158,88.26644072443513,5173500
2025-07-17,88.20732879638672,88.36496864699254,87.04476120655508,88.21718316622002,6951700
2025-07-18,88.2861557006836,89.18270799266055,87.99058471577378,88.65069224651471,6413500
2025-07-21,88.37482452392578,89.12359885739573,87.86250999050903,88.10881664471916,6015900
2025-07-22,90.2960205078125,90.56202838575543,88.48319963276295,88.64083949871618,7457100
2025-07-23,90.65070343017578,91.39947024952377,89.54724690953506,90.49306356293457,7818800
2025-07-24,90.95611572265625,91.13345680413158,89.97088916261158,90.68025348851289,6684900
2025-07-25,91.56696319580078,91.72459554413551,90.57188221875647,90.61129218501077,5376500
2025-07-28,90.61128997802734,91.37976550956259,90.51276882313248,91.35020991476236,4311500
2025-07-29,91.07434844970703,91.34035632185596,90.39453969678522,90.46350525746696,4676800
2025-07-30,90.28616333007812,91.01522889573931,89.87236996983926,90.89700651663237,5424000
2025-07-31,88.90684509277344,90.33542815371696,88.81817830796436,90.07926713646461,8310000
2025-08-01,88.0201416015625,88.6309848048811,87.37975031933854,88.28615699521838,6658000
2025-08-04,88.31571197509766,88.78862405125417,86.94624760006857,88.12851651543619,8078800
2025-08-05,88.34526062011719,88.8674294752688,87.97087724693044,88.80831828915561,5597000
2025-08-06,88.03984832763672,88.67039274135173,87.64575618989424,88.35512053449423,5545000
2025-08-07,89.8920669555664,90.37483336976412,88.40438029961425,88.66053378672274,8207000
2025-08-08,91.50784301757812,91.58666294882012,89.85266204490803,89.86251641548387,6636900
2025-08-11,91.36991119384766,91.9019344506177,90.98567342784968,91.47828671930168,6782900
2025-08-12,90.71966552734375,91.74430207522175,90.09896796964595,91.46843231808812,5445200
2025-08-13,91.53740692138672,91.7837135711375,90.30587367263283,90.64084710828632,6596900
2025-08-14,90.62113952636719,91.53740049982959,90.36497852392557,91.47828179669266,6873500
2025-08-15,91.64576721191406,91.80340706248293,90.66054069590402,91.15315395390904,6641200
2025-08-18,91.43887329101562,91.94134093393829,91.14330983734736,91.39946332719012,11581800
2025-08-19,88.57186889648438,88.8181755355087,86.20732365851441,86.5422970795801,19583900
2025-08-20,91.84281921386719,93.04479679471332,88.95610515249608,89.02507070959305,13227300
2025-08-21,89.75413513183594,92.40439689555629,89.68516957559363,91.94133922506576,6808600
2025-08-22,91.3403549194336,91.58666156332701,90.32557274926187,90.32557274926187,4876000
2025-08-25,90.68025207519531,91.67533299000236,90.56202218382708,91.36990764980494,5106500
2025-08-26,90.81818389892578,91.13345609501965,90.50291170283192,91.06449053702043,6251600
2025-08-27,90.69010925292969,90.8181860016988,89.9807449161236,90.68025488250676,4223300
2025-08-28,90.60143280029297,90.73936391620853,89.98074277867296,90.73936391620853,5626500
2025-08-29,91.43887329101562,91.4487276611425,90.60143223059919,90.69010652837707,5174500
2025-09-02,91.95120239257812,92.44381570334944,91.04479570476272,91.17287245955752,7150300
2025-09-03,90.88715362548828,92.17779806296171,90.06941374550449,91.7738590666344,5365400
2025-09-04,91.47828674316406,92.9561266179056,90.43394897035172,90.89700666710657,6641400
2025-09-05,91.52754974365234,92.55218627719273,91.15315883683667,91.76400201549022,4856900
2025-09-08,91.61621856689453,91.62607293747286,90.03985752507019,90.79848620927096,5024100
2025-09-09,92.68026733398438,92.9167196168153,91.36006727843896,91.46843529069612,7038300
2025-09-10,90.95611572265625,92.90686761888483,90.2368970264835,92.85760328420974,5625500
2025-09-11,92.85760498046875,92.8773062046894,90.88715182438453,90.94626301372874,6957800
2025-09-12,92.64085388183594,93.88224147418617,92.12853936886407,92.5718883220766,7334200
2025-09-15,92.04972076416016,93.52756065172561,91.84282408190288,93.20243407245744,5716300
2025-09-16,92.79849243164062,94.12854678917591,91.89207828044219,91.89207828044219,7722300
2025-09-17,93.18273162841797,93.71475488298046,92.4241029533876,93.02509176779992,8145800
2025-09-18,94.17781066894531,94.22707500749253,92.43396282794167,93.0940628710511,9364500
2025-09-19,93.67533874511719,94.49307855565347,92.69011223122243,94.49307855565347,15677000
2025-09-22,93.2221450805664,94.08914179634904,92.90687286421976,93.98076626729089,7581600
2025-09-23,93.55711364746094,94.24677675250629,92.77878375963267,93.12361155381427,7101000
2025-09-24,94.32559204101562,94.57189868960997,93.39948415364495,93.44874097335439,11265300
2025-09-25,92.90686798095703,94.21721359824464,91.3502082060162,93.86253143391174,7560800
2025-09-26,93.53226470947266,94.03854420629168,92.7976682842783,93.16496271002269,5042800
2025-09-29,93.28408813476562,93.64146100087564,92.60905134030286,93.52233418760382,5452000
2025-09-30,94.54481506347656,94.69372168718046,93.12525272174965,93.21459972545418,7119000
2025-10-01,94.11795806884766,95.0312485380066,91.19942294001231,94.45548027072736,10343500
2025-10-02,94.78307342529297,95.04117017398578,93.29402226128695,93.72088389791692,6212500
2025-10-03,96.98686218261719,97.22511582044388,94.68379669956674,94.97168083166127,8573200
2025-10-06,97.71153259277344,97.93985709178578,96.91736898387583,96.92729811175606,8134500
2025-10-07,97.61226654052734,98.64467622911118,97.18540491518696,97.61226654052734,5894000
2025-10-08,97.15562438964844,97.95970956744328,96.0636475139942,97.85051187987786,7470100
2025-10-09,95.79562377929688,97.52292098898026,95.25956445759394,97.47329049497611,6207200
2025-10-10,94.75328063964844,96.34160784969303,94.60438159069902,95.97430585697177,6829800
2025-10-13,94.88233947753906,95.70628291751002,94.36613084640072,95.00145872033586,4619500
2025-10-14,95.83533477783203,95.89489440139901,94.56467898369684,94.56467898369684,4862700
2025-10-15,94.64408874511719,96.15299817223635,93.37343295830478,95.3687636470649,7246800
2025-10-16,94.34628295898438,95.2694949865394,94.00876075574729,94.50511114532084,4802600
2025-10-17,95.08087921142578,95.11065902294352,94.20730525418007,94.5845288229145,6136000
2025-10-20,95.21985626220703,95.89489309032551,94.23708461825858,95.3886135758102,5137800
2025-10-21,95.1305160522461,95.45810912212586,94.54481866303327,94.922049800606,4405000
2025-10-22,95.20000457763672,96.53021996315763,94.85256082572496,95.88496295320395,6651700
2025-10-23,93.5223388671875,95.53752022354386,91.19942269494592,95.4481807893988,9122200
2025-10-24,92.98627471923828,94.26685955818475,92.60905117178876,93.73080025999515,4309300
2025-10-27,93.44291687011719,93.55211455617545,92.43036545922897,93.05576419180356,5562600
2025-10-28,92.54949188232422,93.90948702778765,92.52963362655812,93.12525254654766,4279800
2025-10-29,91.06044006347656,92.132551081357,90.71298875371242,92.10277127165273,6963600
2025-10-30,90.30599212646484,91.2788346599106,90.04788780028892,91.10014821466665,5617400
2025-10-31,90.03795623779297,90.6534334378189,89.43240816604163,89.93868767616448,5959700
2025-11-03,89.5416030883789,89.98832296245853,88.39007417640957,89.98832296245853,7307700
2025-11-04,89.76000213623047,89.80964020439558,89.00555500132059,89.52175607119081,4729200
2025-11-05,89.74015045166016,89.82948988491327,88.70774074973586,89.14453150885538,5675100
2025-11-06,89.40262603759766,90.1570807190891,88.96584286301258,89.43240584794374,5462000
2025-11-07,91.52700805664062,91.5667169963253,89.5416065146423,90.03795690014188,7520500
2025-11-10,91.98365783691406,92.11270621167715,90.85197198080601,91.27883361881426,5375000
2025-11-11,94.70365142822266,94.70365142822266,92.1226310375649,92.29138834445935,8555500
2025-11-12,95.11065673828125,95.58715643223661,94.12788511327383,94.30657155179388,6322000
2025-11-13,95.43824768066406,96.00408679443458,93.9491965840358,94.30656945312303,5284400
2025-11-14,95.17022705078125,95.86511457128294,94.44555214479581,95.1106598535197,6324500
2025-11-17,95.57722473144531,96.54014564790106,95.10073262402123,95.12058330611995,11087600
2025-11-18,100.06423950195312,101.73197707944253,98.68438605331849,99.24029605457972,21965400
2025-11-19,99.60758972167969,101.84116641146822,99.24029529097498,100.25284672458196,12429800
2025-11-20,98.62481689453125,100.45139019242595,98.3567910274599,99.63737588947983,6726200
2025-11-21,100.46131134033203,101.28525476797142,98.53547706478541,98.92262974549202,11381000
2025-11-24,102.44671630859375,102.94306669298365,100.23299783549004,100.78890784242087,13926400
2025-11-25,104.58102416992188,104.82919936138998,103.04234252704305,103.04234252704305,9482900
2025-11-26,104.25343322753906,105.55387640749686,103.93576927892387,104.2931421678292,5249600
2025-11-28,104.56117248535156,104.56117248535156,103.85635585717888,104.27328835716176,2618200
2025-12-01,102.585693359375,104.95825515413866,102.55591354823544,104.2335802636844,6666300
2025-12-02,101.2852554321289,102.71474692331489,100.96759149783264,102.6651088567632,5797400
2025-12-03,101.22570037841797,102.1588415410117,100.83854767770482,101.7915395235915,4167800
2025-12-04,101.24554443359375,101.99999910233615,100.9973692532961,101.29518249913546,4480500
2025-12-05,100.62014770507812,101.71211700534391,100.57050963855012,101.36467326076465,5158000
2025-12-08,100.52088165283203,101.74189935333636,100.3124154008851,101.0668625297295,5528800
2025-12-09,98.89285278320312,101.25547787372258,98.85314384381972,100.68963874149412,4666100
2025-12-10,100.03445434570312,100.33226760941632,98.76379855811123,98.77372768655657,6158600
2025-12-11,99.02190399169922,100.64993268451337,98.89285561528679,100.64993268451337,8338900
2025-12-12,99.14102935791016,99.37927542383034,98.27737695510392,99.12117110108838,6546500
2025-12-15,97.85050964355469,99.93517964030448,97.63211427341516,99.17080341852156,9569100
2025-12-16,97.00672149658203,97.90015371390518,96.46073303774402,97.83066496220816,5639000
2025-12-17,97.58248901367188,97.87036557297567,97.04642968741656,97.09606018184219,5574300
2025-12-18,97.76117706298828,98.53548246685166,97.37401678735063,97.96964331989719,6306000
2025-12-19,97.91007232666016,98.51562039055568,97.50306895715167,97.82073289446525,12760100
2025-12-22,96.99678802490234,97.76117183304866,96.18277372416954,97.68175395646361,6546800
2025-12-23,96.758544921875,97.1754774261127,96.5600002243529,96.79825386137942,3579700
2025-12-24,96.55999755859375,96.88759062018191,96.29197169147064,96.69898262987512,1979000
2025-12-26,96.5199966430664,96.75,96.01000213623047,96.70999908447266,4340500
2025-12-29,96.1500015258789,96.91000366210938,95.95999908447266,96.73999786376953,4790600
2025-12-30,96.66000366210938,96.87999725341797,96.08000183105469,96.31999969482422,3741200
2025-12-31,96.05999755859375,96.98999786376953,95.94000244140625,96.55000305175781,4731500
2026-01-02,96.05000305175781,96.44000244140625,95.29000091552734,96.04000091552734,6221800
2026-01-05,97.36000061035156,97.55999755859375,95.16999816894531,95.62999725341797,6597700
2026-01-06,100.30999755859375,100.54000091552734,97.70999908447266,98.05999755859375,7107600
2026-01-07,99.7699966430664,101.31999969482422,99.37000274658203,100.68000030517578,7117900
2026-01-08,98.69000244140625,100.4000015258789,98.66999816894531,99.62000274658203,5385900
2026-01-09,97.52999877929688,99.19999694824219,97.0999984741211,98.94999694824219,5982800
2026-01-12,96.94999694824219,98.0,95.87000274658203,97.87000274658203,7837000
2026-01-13,96.41999816894531,97.31999969482422,95.93000030517578,97.31999969482422,5823400
2026-01-14,98.73999786376953,98.7699966430664,95.83000183105469,96.33000183105469,9909300
2026-01-15,99.0,99.45999908447266,97.63999938964844,98.37999725341797,6703700
2026-01-16,96.76000213623047,98.94999694824219,96.66999816894531,98.68000030517578,9035600
2026-01-20,98.5999984741211,98.66999816894531,95.69000244140625,96.26000213623047,10113200
2026-01-21,100.29000091552734,101.02999877929688,98.73999786376953,99.29000091552734,11294700
2026-01-22,101.33999633789062,102.08000183105469,100.12000274658203,100.41999816894531,9978700
2026-01-23,100.87999725341797,101.72000122070312,100.2300033569336,101.01000213623047,8482200
2026-01-26,100.66999816894531,102.0999984741211,100.58000183105469,100.94999694824219,8402000
2026-01-27,100.69000244140625,102.02999877929688,99.68000030517578,100.2300033569336,7131900
2026-01-28,100.79000091552734,101.25,100.26000213623047,100.45999908447266,6643000
2026-01-29,101.0,101.58999633789062,99.69000244140625,101.13999938964844,10126000
2026-01-30,102.95999908447266,103.0199966430664,101.27999877929688,101.66000366210938,8579900
2026-02-02,102.70999908447266,103.31999969482422,102.11000061035156,102.8499984741211,7284100
2026-02-03,103.18000030517578,105.02999877929688,102.55999755859375,102.70999908447266,10725500
2026-02-04,101.83999633789062,105.5,101.19000244140625,103.31999969482422,12572000
2026-02-05,102.94999694824219,104.5,101.91999816894531,101.91999816894531,9835000
2026-02-06,102.9000015258789,103.75,101.88999938964844,102.98999786376953,6617800
2026-02-09,101.6500015258789,103.62999725341797,101.43000030517578,103.58999633789062,8888500
2026-02-10,101.41999816894531,103.11000061035156,100.87999725341797,101.5999984741211,9032200
2026-02-11,101.08000183105469,101.22000122070312,98.62000274658203,101.22000122070312,10406000
2026-02-12,100.87999725341797,102.05000305175781,100.55999755859375,101.12999725341797,9379100
2026-02-13,99.48999786376953,102.51000213623047,99.12000274658203,100.91999816894531,10354800
2026-02-17,96.41000366210938,98.12000274658203,95.5,95.87999725341797,17374800
2026-02-18,98.48999786376953,98.55000305175781,95.94999694824219,96.0,10367800
2026-02-19,97.58000183105469,98.72000122070312,96.87999725341797,98.36000061035156,9888200
2026-02-20,96.86000061035156,97.87000274658203,96.47000122070312,97.18000030517578,7188500
2026-02-23,98.61000061035156,98.9800033569336,96.54000091552734,96.6500015258789,5959900
2026-02-24,96.75,98.7300033569336,96.56999969482422,98.54000091552734,7614100
2026-02-25,96.6500015258789,97.38999938964844,95.9000015258789,96.31999969482422,6830600
2026-02-26,97.02999877929688,97.5999984741211,95.98999786376953,97.0999984741211,7910700
2026-02-27,97.66000366210938,98.05999755859375,96.30000305175781,96.69000244140625,8290500
2026-03-02,98.0999984741211,98.7699966430664,96.70999908447266,97.11000061035156,6393800
2026-03-03,96.70999908447266,97.7300033569336,95.98999786376953,97.2699966430664,6727700
2026-03-04,95.5999984741211,96.9000015258789,95.41999816894531,96.68000030517578,7235800
2026-03-05,93.01000213623047,94.9000015258789,92.31999969482422,94.75,8367800
2026-03-06,90.9000015258789,92.66999816894531,90.16999816894531,92.48999786376953,10786900
2026-03-09,91.33999633789062,91.54000091552734,89.01000213623047,90.0,11109865
