Price,Close,High,Low,Open,Volume
Ticker,MKC,MKC,MKC,MKC,MKC
Date,,,,,
2018-01-02,43.59157943725586,44.06095274925647,43.29014405109963,43.927461859671624,1736800
2018-01-03,43.69491958618164,43.729369901867344,43.221239244273484,43.526978403917504,1643200
2018-01-04,43.970516204833984,44.284866305464206,43.46669265043455,43.63463383523436,1523000
2018-01-05,44.401145935058594,44.482964634301716,43.811196448856066,44.142775072362774,1822200
2018-01-08,44.44850158691406,44.60782854253282,44.215966891439386,44.27625329929991,1465600
2018-01-09,44.40544128417969,44.70687332991636,44.38821612651432,44.48295285099239,1139000
2018-01-10,43.74229431152344,44.26765020337674,43.59588209124401,44.10831993417689,1097200
2018-01-11,43.49251937866211,43.85854487477642,43.415007826572776,43.71643981505226,1529400
2018-01-12,43.49683380126953,43.914534830787865,43.32889262440216,43.61309950626894,1145400
2018-01-16,43.617408752441406,43.9145369808447,43.46669272548429,43.514061089008386,1868800
2018-01-17,44.203060150146484,44.396837469920975,43.67770421697198,43.81980933700056,1384800
2018-01-18,44.31502151489258,44.46573757124198,43.96621774406838,44.26334603041694,1981000
2018-01-19,42.713104248046875,43.88008146911883,42.446119256646384,43.87577435875488,5783000
2018-01-22,42.68726348876953,43.061903229597526,42.381524370082886,42.77769309130819,2562000
2018-01-23,42.58392333984375,42.803540004890145,42.347081516228705,42.59253756180961,2847000
2018-01-24,43.10066604614258,43.48822391033685,42.626985672288754,42.77339788114577,3562200
2018-01-25,45.25376892089844,45.727452656313375,44.353776394337416,44.655208511998126,5561200
2018-01-26,46.2700309753418,46.31739934940257,44.89635798367052,45.107360468346144,3120800
2018-01-29,46.41212844848633,46.92456625503758,45.88246876817283,46.23126920571407,2908200
2018-01-30,46.49393844604492,46.77384148015042,46.26140376934324,46.42503782241662,2478600
2018-01-31,46.83843994140625,47.22599780403436,46.40351699841101,46.56284396917363,3799400
2018-02-01,46.3001594543457,46.96762030527326,46.2527943807206,46.812597182288314,2453200
2018-02-02,44.59491729736328,46.07194108594246,44.573388311479754,46.07194108594246,2493000
2018-02-05,43.720767974853516,44.892052754637525,43.720767974853516,44.52171997028335,3203200
2018-02-06,44.12124252319336,44.33224500978716,42.84230298265337,43.285840229832964,3207600
2018-02-07,44.207359313964844,44.943717596228716,43.93606717261921,43.94037428361156,2069200
2018-02-08,43.647552490234375,44.99538909826709,43.634634442818054,44.32362434971396,2191200
2018-02-09,43.854244232177734,44.15998666104733,43.00592742939198,43.98773837707316,2126000
2018-02-12,44.052337646484375,44.409749022099476,43.931761532203986,44.00496928007216,1394200
2018-02-13,44.2288932800293,44.44850997029304,43.60880064180857,43.88439992518935,1189000
2018-02-14,44.6810417175293,44.73702102153419,43.69923062966976,44.00927364265444,1252000
2018-02-15,45.13318634033203,45.17194376730916,44.004966412946985,44.78438592435275,1184600
2018-02-16,45.4303092956543,45.58963952520371,44.68103307646162,44.95232189236864,1176000
2018-02-20,45.042762756347656,45.49922129267227,44.81022801943438,45.42601353977044,1800600
2018-02-21,44.81022644042969,45.585342202827384,44.78439034347086,44.999699912429854,1641800
2018-02-22,45.2408332824707,45.5810227032104,44.80591043684154,44.922176126920036,1896800
2018-02-23,45.7403564453125,45.91690854907849,44.85328224531535,45.25375481162025,1777200
2018-02-26,46.25709533691406,46.39058947003775,45.52935141147508,45.73604670572714,2212000
2018-02-27,45.89969253540039,46.70064439827652,45.89969253540039,46.390601377318326,2137600
2018-02-28,45.98151779174805,46.567160168378166,45.8953952656287,46.127930028587464,2484000
2018-03-01,45.96427917480469,46.60159685176929,45.72313354396756,45.78341995167685,2567200
2018-03-02,46.63174819946289,46.692034617700685,45.73605957798227,45.77050989850769,1297600
2018-03-05,47.256141662597656,47.43269708009344,46.48964014891871,46.48964014891871,2473600
2018-03-06,47.39393615722656,47.484365772194295,46.79537588289519,47.2259949743775,1840600
2018-03-07,47.01930236816406,47.333652483313536,46.85136117560736,47.02360619386634,1595800
2018-03-08,47.204463958740234,47.20876778400845,46.808291914756964,47.01499051532923,1205200
2018-03-09,47.60063552856445,47.61355357585761,47.10111579747576,47.368100821198645,2540400
2018-03-12,47.66522979736328,47.99680506274813,47.49728860919442,47.673840733906,1111000
2018-03-13,47.68675231933594,47.92359410920412,47.587711778382044,47.92359410920412,1311400
2018-03-14,47.609256744384766,47.962364349877554,47.484376784649506,47.80734117816231,1553800
2018-03-15,46.924560546875,47.77288063976987,46.765230308368956,47.63508266889211,1295200
2018-03-16,46.42503356933594,47.17431299851937,46.377665216271616,46.85565257147537,2559000
2018-03-19,46.45088577270508,46.894422941750534,46.20112589399649,46.35184192929886,1400800
2018-03-20,46.39921188354492,46.75231944349473,46.18390231563984,46.537009875589646,1355600
2018-03-21,46.09347915649414,46.36907517923903,45.18056527779934,46.076253994402116,2303800
2018-03-22,45.88677215576172,46.60160146850695,45.87385410788179,46.01165209420624,2141400
2018-03-23,45.52506637573242,46.55855320420306,45.494923160481214,46.00305399283304,2213000
2018-03-26,46.063323974609375,46.188203903303666,45.48629269324138,45.873850526195575,3519400
2018-03-27,46.226959228515625,47.82886278886758,45.727442786300905,47.385325646317405,4693400
2018-03-28,45.62408447265625,47.19153746385233,45.4389181601344,47.19153746385233,5050800
2018-03-29,45.81356430053711,46.196815024280085,45.67576632442012,45.71021663979009,2432600
2018-04-02,44.7111930847168,45.882477854290485,44.45282221739644,45.830802366680885,2637200
2018-04-03,44.79729461669922,45.03844020846432,44.47863747252929,44.83174492562632,3245000
2018-04-04,45.232234954833984,45.593953456219225,44.513101778010956,44.513101778010956,2347200
2018-04-05,45.34418869018555,45.54227306510611,44.900648295178655,45.464761502279565,1617400
2018-04-06,45.093204498291016,45.954391900249796,44.87250116562987,45.266307676163905,1857600
2018-04-09,45.62115478515625,46.00198232896007,45.04558828493826,45.22301989996823,1886200
2018-04-10,45.7509880065918,45.911105694574076,45.44805667225366,45.742331033276685,1967600
2018-04-11,46.12748718261719,46.23135105999822,45.62982013558949,45.62982013558949,1651200
2018-04-12,45.4740104675293,46.29191920878226,45.435060702786956,46.188058672247564,1828600
2018-04-13,45.785606384277344,45.92841341821396,45.279279130922696,45.63413907590854,1414600
2018-04-16,46.417423248291016,46.62081915686914,45.642789382394454,46.06256335513361,1218400
2018-04-17,46.932403564453125,47.140127971035184,46.36549405944215,46.58620062237294,1738400
2018-04-18,46.79391860961914,47.1184857033828,46.63380095642942,46.9150930980247,1024200
2018-04-19,46.066890716552734,46.66842149921818,45.889462412421565,46.58620007608454,1616400
2018-04-20,44.6777458190918,46.30490993375418,44.58253893395185,46.110170978998866,3138200
2018-04-23,44.907100677490234,44.95037893039783,44.46136240654592,44.703708076493356,1443600
2018-04-24,44.8595085144043,45.210039973913254,44.51763072601444,45.07155812433349,1441600
2018-04-25,45.52161407470703,45.655767405811545,44.75996243332818,44.85084081585061,2089600
2018-04-26,46.239994049072266,46.28326900381544,45.305242480283574,45.93706606420265,2004000
2018-04-27,46.170745849609375,46.404434522013915,46.03226404022151,46.31355284246762,1509200
2018-04-30,45.61682891845703,46.46935578975135,45.58220763287124,46.28759899292723,2786000
2018-05-01,45.30956268310547,45.456701475056214,44.924410015401605,45.3571661185895,1612000
2018-05-02,43.9766845703125,45.28360679217793,43.872820709037676,45.214367519662375,2550200
2018-05-03,43.72136306762695,44.24499772983548,43.63048465203719,44.0286196065261,2178200
2018-05-04,44.660438537597656,44.8811451241549,43.669429744660015,43.67375492946098,1369600
2018-05-07,45.02828598022461,45.25764624839758,44.664769038811116,44.664769038811116,1070000
2018-05-08,45.17540740966797,45.27061427655175,44.92440808818654,44.92440808818654,1608600
2018-05-09,45.595184326171875,45.87647645993283,45.17108188273221,45.30523852288514,1081200
2018-05-10,46.47802734375,46.56457728320068,45.750996626691276,45.993339098488,1624800
2018-05-11,46.313560485839844,46.76795575189551,46.175078653597595,46.4780099315238,1630000
2018-05-14,46.27463150024414,46.43475252056862,46.066907022570994,46.36118143996796,1133400
2018-05-15,45.859161376953125,46.17074627637254,45.5692156017527,45.98033254857916,1514600
2018-05-16,46.14046859741211,46.14479378233924,45.61250548952838,45.82455510933372,1234800
2018-05-17,45.50432205200195,46.1447994770541,45.28361543176925,46.05824954448001,2069000
2018-05-18,44.552242279052734,45.28792968132092,43.61316226901099,45.00663753638506,3669600
2018-05-21,44.53926467895508,44.837867495838836,44.18440474799699,44.716696295267916,1694600
2018-05-22,44.27960968017578,45.11050070598812,44.197384954131586,44.656108723903614,1784600
2018-05-23,44.56956100463867,44.712371345894226,44.25797600614212,44.29259729523459,1572200
2018-05-24,44.6561164855957,44.66909864424491,44.128153356074286,44.63014886662926,1193200
2018-05-25,44.76430130004883,45.4307462281033,44.55657687634745,44.634473122527005,1337600
2018-05-29,44.552242279052734,44.842191395525404,44.36183182691715,44.513295812138836,1360800
2018-05-30,45.01530075073242,45.16243958305042,44.27096282244188,44.6517871091255,1635400
2018-05-31,43.7083625793457,45.04557723583456,43.379467045371065,45.04557723583456,2797800
2018-06-01,43.49633026123047,43.825222623815954,43.349191423932275,43.825222623815954,2263000
2018-06-04,43.80791091918945,44.1887351808556,43.51363657555315,43.65644361013562,1544400
2018-06-05,43.63913345336914,43.86416852542733,43.28427350281686,43.86416852542733,1764800
2018-06-06,43.79491424560547,43.829535524619175,43.29291890657427,43.69538219552467,2147000
2018-06-07,43.730010986328125,44.40943802076403,43.072219778742145,43.56989001963487,1990800
2018-06-08,44.7816162109375,44.82056268690452,43.7949292314221,43.85551483959392,2171200
2018-06-11,45.51296615600586,45.80291200100634,44.95038510921401,44.95038510921401,2592000
2018-06-12,45.517295837402344,45.65577768504382,44.93307564584195,45.504313680071526,1384800
2018-06-13,45.31822967529297,45.776950189575246,45.153780206650055,45.58221122074501,1437600
2018-06-14,45.81157684326172,45.86783396710484,45.101856858105826,45.387474265952385,1659000
2018-06-15,46.045249938964844,46.14911047903634,45.66875094141349,45.84618252813321,2676600
2018-06-18,45.67741012573242,46.12314840437441,45.38746101391306,45.906770342768226,1459400
2018-06-19,45.76396179199219,45.9889935319946,45.4264125311549,45.573548033912765,1823600
2018-06-20,45.78993225097656,45.967363876945974,45.521625521300756,45.76396793563188,1700800
2018-06-21,45.46969223022461,45.93706970246947,45.365831670281636,45.828880656209144,1427000
2018-06-22,45.911102294921875,46.079880245389425,45.23600369972241,45.23600369972241,3755400
2018-06-25,46.244319915771484,46.33519830608502,45.58652875492983,45.89378851003823,1973800
2018-06-26,46.105838775634766,46.67707673875161,45.69904695434933,46.26163124754547,2120800
2018-06-27,45.84185791015625,46.858834175891985,45.7250152054266,46.14911437247069,2415000
2018-06-28,49.69339370727539,50.987333780940254,46.82421807661143,47.27861339327797,8311600
2018-06-29,50.23865509033203,50.68872183972476,49.28659297155282,49.805898981492916,4227200
2018-07-02,50.06123352050781,50.883470897975116,49.6847344666936,50.27328311782804,3173800
2018-07-03,49.90110778808594,50.4636920720518,49.75397229017724,50.26029616474619,1892000
2018-07-05,51.117149353027344,51.13878517602503,50.022273697337965,50.19970527492011,3281600
2018-07-06,51.890872955322266,52.09951589204386,51.04761590522879,51.41273689915786,2583400
2018-07-09,52.021278381347656,52.260348082159204,51.80394349561614,52.10386669913113,2304400
2018-07-10,51.256256103515625,52.16036997905669,51.047616480708925,51.95172703998298,2063600
2018-07-11,51.42576599121094,51.5605158397658,50.891124170909265,51.23016597232326,1667800
2018-07-12,51.308414459228516,51.98649816535278,51.10846678476281,51.7822028651059,1224800
2018-07-13,51.78654861450195,51.84305448254266,51.1128092423037,51.125852119174645,1086400
2018-07-16,51.495323181152344,51.869139412347785,51.343189439681375,51.79089872869602,1434200
2018-07-17,51.90827178955078,51.93869854587162,51.347547294837334,51.347547294837334,1242800
2018-07-18,51.082393646240234,51.85610867907648,50.947647068893446,51.85610867907648,1251200
2018-07-19,51.34318542480469,51.68222725536136,50.93024722594043,50.97371353206651,1332200
2018-07-20,51.21712875366211,51.47358227086785,50.94328473518616,51.47358227086785,1222800
2018-07-23,50.94328308105469,51.31275494692124,50.612936525509234,51.22581902472532,1104400
2018-07-24,50.93024444580078,51.130192096079455,50.399946917716896,50.96067119005479,1716200
2018-07-25,51.15192794799805,51.221473372166734,50.573816479130016,50.847660499260385,1589000
2018-07-26,51.63007736206055,51.973466895685334,51.156288880598936,51.48663553479944,1550400
2018-07-27,51.178009033203125,51.78654727031801,51.13454272689491,51.7561205242756,1160600
2018-07-30,50.71725845336914,50.956328104150636,50.42168293797861,50.93894091897866,1865400
2018-07-31,51.0910758972168,51.25190487680296,50.578165528994134,50.90851542283243,1947600
2018-08-01,51.05630111694336,51.464891684567874,50.704219731127836,51.15627660426704,1364800
2018-08-02,51.999542236328125,52.13429211709699,51.05630965228155,51.06500490459804,1430800
2018-08-03,52.82106018066406,53.28181231507205,52.11254976760012,52.17775088547798,1691800
2018-08-06,52.968841552734375,53.160097251773685,52.77324154509225,52.99492066941569,978200
2018-08-07,52.58198547363281,52.96884117757429,52.36030303461336,52.94276206107768,2723400
2018-08-08,52.74281692504883,52.934072643806566,52.27772050410598,52.58633889256194,1210200
2018-08-09,52.51679229736328,52.91234331071828,52.273378329924256,52.72977951887242,1110000
2018-08-10,52.59503173828125,52.78628746035301,52.003880703029,52.29076428613664,928200
2018-08-13,52.62980270385742,52.825402722400284,52.31684002117581,52.67326900617069,800000
2018-08-14,53.06013107299805,53.120984566759475,52.542873059759266,52.62111373977634,1156800
2018-08-15,53.95555114746094,53.972938334212216,53.05578495974968,53.06882452074644,1563600
2018-08-16,54.50323486328125,54.70318253263244,54.11637908532205,54.11637908532205,2529200
2018-08-17,54.94224166870117,55.00309515134896,54.34239545936431,54.45975811608938,1259400
2018-08-20,54.998748779296875,55.14653818071225,54.75098721822554,55.01178833783755,1606600
2018-08-21,53.83818435668945,55.13349808647145,53.46436818376184,54.98136436871401,1491400
2018-08-22,53.71213912963867,53.825154189521356,53.17314958570624,53.681712380777974,929200
2018-08-23,53.87296676635742,53.881658701698186,53.45568422839734,53.52957728572773,893000
2018-08-24,54.012054443359375,54.1207218615044,53.56868952021846,53.855573095929216,625400
2018-08-27,53.78602981567383,54.2945959045734,53.42525647117711,54.20765997147371,894800
2018-08-28,53.52088165283203,53.83384438313922,53.26877573454395,53.62085714800614,814800
2018-08-29,53.9990234375,54.046834058092145,53.49915257159754,53.77734094081393,910800
2018-08-30,53.75126266479492,54.094648847625514,53.577394102227316,53.772994162448995,832000
2018-08-31,54.28154754638672,54.333709100979576,53.77733245038817,53.925118547334954,1093000
2018-09-04,54.87269973754883,55.12480894906068,54.12941497913962,54.12941497913962,1198600
2018-09-05,55.520362854003906,55.57686872177266,54.73795605884678,54.86401067119246,1179000
2018-09-06,56.31581497192383,56.40274760039245,55.111781154670716,55.42039629688168,2016200
2018-09-07,56.76787185668945,56.88088360368591,55.85506273102869,56.13759541478682,1981800
2018-09-10,57.163414001464844,57.29381624742071,56.776558205733814,56.867841767663045,1162400
2018-09-11,56.593994140625,57.32424269234403,56.50706152632194,57.14168221254761,1852800
2018-09-12,57.015621185302734,57.11124904559863,56.38535147519463,56.72004898623028,1618400
2018-09-13,57.06343460083008,57.16775771090286,56.480978826122744,57.16775771090286,1572200
2018-09-14,57.502464294433594,57.52855005347736,56.85915485458309,57.05910587871033,1081200
2018-09-17,57.667640686035156,57.7371894447773,57.119959134143784,57.46769629531984,1183200
2018-09-18,57.046058654785156,57.50245657247363,56.28538661525927,57.50245657247363,1138200
2018-09-19,56.45925521850586,57.25035737033023,56.341892525453346,56.985208549750375,1215000
2018-09-20,56.5505256652832,56.60702821120706,55.96806327762184,56.507056046080834,1458000
2018-09-21,56.60269546508789,56.91130727385673,56.4157840233747,56.57226539892345,2203200
2018-09-24,56.341880798339844,56.86348971110042,56.2332133802702,56.50705739621622,1120200
2018-09-25,56.189762115478516,56.798297130614564,56.14629248616841,56.415785616795205,1516800
2018-09-26,56.45925521850586,56.785257540569575,56.11586902424715,56.211496902655234,2526800
2018-09-27,55.763771057128906,56.32015435672528,53.029701652538,54.116375866729356,3519000
2018-09-28,57.26772689819336,57.367699061475776,55.72030399159919,55.85939483192265,2262400
2018-10-01,57.64589309692383,57.863227945435874,56.85479769725726,57.37640000717953,1656800
2018-10-02,57.98493576049805,58.99337265565337,57.458989133784556,57.69370785522474,3472600
2018-10-03,58.25443649291992,58.606517897428695,57.728483224587826,58.176192496066065,2540600
2018-10-04,58.98902893066406,59.01945236127559,57.72848279923325,57.96755246489542,2310400
2018-10-05,59.233375549316406,59.447185342302156,58.8973906340659,58.8973906340659,1647200
2018-10-08,59.372989654541016,59.52134416299682,58.98463933728,59.18099833393104,1690800
2018-10-09,59.2639274597168,59.83553396905515,59.02829923480085,59.52572846090132,1367800
2018-10-10,58.60069274902344,59.9228075923646,58.52651545758717,59.40355989426469,2075400
2018-10-11,57.45309829711914,58.85811879702474,57.33092318043557,58.75776209218705,2164800
2018-10-12,57.954898834228516,58.15125123727745,57.125845737512556,57.74981773427554,2492000
2018-10-15,58.587589263916016,59.03702058516129,57.837081169438676,57.94616657086801,1212000
2018-10-16,59.79624557495117,59.96641852022275,58.63994308247041,58.84502415216231,1497600
2018-10-17,60.07988739013672,60.13224626151563,58.984665504792744,59.74826344994843,1916000
2018-10-18,59.983863830566406,60.57292749219907,59.61297090908767,60.232575012159735,1237800
2018-10-19,61.3714485168457,61.55907888274348,60.402769551072055,60.43767768096106,2645600
2018-10-22,61.70307922363281,61.97360893753831,60.86966500802918,61.384545000048774,1963000
2018-10-23,61.53725814819336,61.79906578346332,60.555489502998135,61.07473709618855,2067600
2018-10-24,61.65068817138672,62.6673646746845,61.30598131276135,61.663784541906416,2365400
2018-10-25,60.94383239746094,61.388902707767386,60.49876208715449,61.30163571662064,3044600
2018-10-26,60.38530731201172,60.71256347707965,59.626070612158394,60.59038837476445,2443600
2018-10-29,61.275447845458984,61.79469541604533,60.66893328626317,60.812926813588795,1595000
2018-10-30,63.16044616699219,63.286982300585144,61.175090568994264,61.27544727205381,3325800
2018-10-31,62.833194732666016,63.24335693023588,61.74234065744612,62.61502391762204,3973800
2018-11-01,63.356807708740234,63.954600310489845,62.55830167186956,62.95973520015702,2551400
2018-11-02,62.59758377075195,63.68843803049703,61.99979110894036,63.46153848021717,2704200
2018-11-05,64.07676696777344,64.22948253376796,62.83319073786867,62.863737845894256,1947000
2018-11-06,64.79673767089844,64.83164580328929,63.775699766136405,64.08549862178137,1816800
2018-11-07,65.45561218261719,65.70869115274536,64.86655491697961,65.1327236046967,2170600
2018-11-08,66.03591918945312,66.07082730745479,64.92761473958163,65.45122319352126,2089800
2018-11-09,65.62577819824219,66.02285067771503,65.0847188405863,65.86576742528868,2343400
2018-11-12,65.11524963378906,66.03593059876971,64.73999562299022,65.63885817819482,2529400
2018-11-13,64.67019653320312,65.25052504759952,64.1073120965897,65.01926451412113,3250000
2018-11-14,64.44328308105469,65.07597698218255,64.07675778553774,64.70508401011958,2702000
2018-11-15,64.85781860351562,65.63450616013678,63.993864053866936,64.43456669638508,2781200
2018-11-16,65.45123291015625,65.7610383421369,64.5392806628719,64.78799188574776,3743600
2018-11-19,65.08035278320312,66.0446707347784,64.9058187908491,65.42069872892498,1870600
2018-11-20,63.99822235107422,65.24615960661747,63.92404507725367,65.058535912491,2670000
2018-11-21,63.02518844604492,64.41275168517916,62.876833884259206,63.98077771656517,2735800
2018-11-23,63.34805679321289,63.662223210910284,62.567008425187126,62.837538028965376,1839000
2018-11-26,63.156097412109375,63.74079366771154,62.76775358168158,63.58807141588387,2979000
2018-11-27,64.194580078125,64.31675520493243,63.03827739296719,63.52261688068415,2293200
2018-11-28,64.56111145019531,64.56111145019531,63.732058346222296,64.26875669473264,1825000
2018-11-29,65.03672790527344,65.62142415107755,64.47384341675432,64.54365968259391,1762000
2018-11-30,65.45123291015625,65.53849988909438,64.83162870423868,65.00180164348335,2676200
2018-12-03,66.10576629638672,66.20612302123071,65.25926234915225,65.73487319520186,2298200
2018-12-04,66.1319351196289,67.33624225667073,65.97485186949497,66.15811455164376,2106200
2018-12-06,66.16248321533203,66.53336960447955,64.64837723281633,66.19302366712307,2571600
2018-12-07,65.62141418457031,66.36319358683012,65.2112520076146,66.21920005717261,1566600
2018-12-10,65.99666595458984,66.02284538488804,64.40402180303566,65.80467458834394,2306600
2018-12-11,66.72100830078125,67.50205698328811,66.09703623232532,66.40684175658798,1848800
2018-12-12,67.58496856689453,67.97767345064418,67.10499001293721,67.38424844668158,2281200
2018-12-13,67.99512481689453,68.06930210355472,67.09189434312006,67.48460585008334,1733400
2018-12-14,66.13631439208984,67.85549509024067,66.02286128940835,67.75949938399292,2120200
2018-12-17,63.76260757446289,66.14939693744984,63.35680637695593,65.84395245539386,3624400
2018-12-18,63.56623840332031,64.67454974894422,63.15171523246331,63.95022112565227,3058000
2018-12-19,61.938697814941406,64.84473489237935,61.82525137930444,64.16840398220631,5363600
2018-12-20,60.673309326171875,62.440494385777924,60.018796834321144,61.69434721552813,4507800
2018-12-21,60.27622985839844,62.77210440518273,60.11478559295312,60.647122890850476,4312000
2018-12-24,58.49161148071289,60.2936983364251,58.49161148071289,60.232610759249205,1425600
2018-12-26,60.36350631713867,60.36350631713867,58.47851372472431,58.722863999847874,1690200
2018-12-27,61.10527801513672,61.13146410529994,58.98902513634405,59.92279594415542,2011600
2018-12-28,60.90373992919922,61.59159923097378,60.215887312680096,61.39005883550476,2586200
2018-12-31,61.0045051574707,61.26737605044373,60.37360431792822,61.092128788461714,1316600
2019-01-02,59.41850280761719,60.5269583818931,58.923426166524564,60.36485429178151,3677000
2019-01-03,59.69888687133789,60.50504163855109,59.379057617618614,59.440394826349085,2306200
2019-01-04,59.8785400390625,60.7547899964971,59.624426749175676,59.88291888215729,2890600
2019-01-07,60.39113998413086,61.40320752352681,59.71204499166527,59.8916778211073,2660800
2019-01-08,61.46893310546875,61.50398390443132,60.145793856971025,60.426193563415275,2451600
2019-01-09,61.464542388916016,62.03410612478075,61.1447130676077,61.36816105647518,2091600
2019-01-10,61.72303009033203,61.762459721785156,60.601431560635106,61.32433487829388,2475200
2019-01-11,61.39006805419922,61.92458104717023,60.8993702319005,61.810670962781295,1898000
2019-01-14,61.070213317871094,61.31118328589897,60.62770969313164,60.802956932468106,1932800
2019-01-15,61.6836051940918,62.108586905782325,60.93003647420084,61.298059806410436,1526000
2019-01-16,61.149112701416016,61.88078068798261,60.91690028866632,61.6617181763666,2424200
2019-01-17,61.54780197143555,61.55656634385478,60.728510309557706,61.13596337607748,1846400
2019-01-18,61.09214401245117,62.19622075678333,60.70221307490516,61.99030149574998,3209000
2019-01-22,60.81175231933594,61.29807134460167,59.843493112182706,61.13158170263015,3455800
2019-01-23,60.89936065673828,61.10090105078374,60.290367317581115,61.10090105078374,2354600
2019-01-24,54.480831146240234,55.15116171456891,52.136863578264,52.658233283687515,15281000
2019-01-25,53.17084503173828,54.86638981812619,53.013119779859025,54.77876282117763,6080600
2019-01-28,53.38552474975586,53.38552474975586,52.45231980504339,52.62318826896781,4483000
2019-01-29,53.09635925292969,53.71849582688739,52.60127596217403,53.39866316978079,3248200
2019-01-30,53.72287368774414,54.34939239633661,53.33294281414052,53.35484705244118,3182800
2019-01-31,54.169761657714844,54.89705058663187,53.53448189810277,53.53448189810277,4295200
2019-02-01,53.9156494140625,54.27053285795623,53.683443750635234,54.200431269118255,2822400
2019-02-04,53.3548583984375,54.292445568350054,52.78967678510415,54.08214745428031,4371800
2019-02-05,54.673614501953125,54.76562034301401,53.46000648328015,53.477531882905296,3987200
2019-02-06,53.95945739746094,54.61664466353353,53.823636422819376,54.48958805764422,1977800
2019-02-07,54.69989776611328,54.76123498993932,53.3198035447714,53.38990513921716,2200400
2019-02-08,55.506046295166016,55.532332720303955,54.37568321744513,54.39759080014529,2737400
2019-02-11,55.85654067993164,55.88720928819148,55.16430590169131,55.50166059254955,2507600
2019-02-12,56.40858459472656,56.829187467974585,55.61557954307465,55.97922069365701,2610800
2019-02-13,56.33848571777344,56.7371810267472,56.01427419069932,56.448016955276806,1935400
2019-02-14,55.817115783691406,56.255237363474556,55.624339748189634,56.05808248544075,1859400
2019-02-15,56.28590774536133,56.62326579806979,56.13256135269686,56.26837900521109,3832200
2019-02-19,56.8204231262207,57.27169126838595,56.25523822392249,56.38229819710836,2660400
2019-02-20,57.1402473449707,57.4513189583471,56.61887765629007,56.74155209065548,2031000
2019-02-21,58.60358428955078,58.682450247980825,57.214729157069335,57.2497799513432,3491800
2019-02-22,59.47107696533203,59.51488544464479,57.4688429421101,57.88944579209677,3914600
2019-02-25,58.4589958190918,59.56307231848762,58.13478770703253,59.51049947550605,2688200
2019-02-26,58.28813934326172,58.87084631836339,58.169850422303874,58.8620886329076,1486400
2019-02-27,59.03732681274414,59.08114197427677,57.92449257351892,58.038402634146685,1524200
2019-02-28,59.57622528076172,59.68137766919106,58.9891394871901,59.046097866579636,1639600
2019-03-01,59.89606475830078,60.163321244775034,59.40974579718389,59.655094699142644,1488800
2019-03-04,59.3527717590332,60.176448585710496,58.43270693411689,60.15454100697355,1526000
2019-03-05,59.510501861572266,59.725185454445885,59.12933536416368,59.27829621542049,2349800
2019-03-06,59.7909049987793,59.88729301056954,59.330872521645006,59.541170599525834,1102400
2019-03-07,59.42287826538086,60.180832418711496,59.35277668171023,59.86976081945743,1854800
2019-03-08,60.04502487182617,60.11074093927949,59.47983995070326,59.567470287649144,1463400
2019-03-11,60.93441390991211,60.96507917759368,59.852244836294034,59.94863285230294,1721600
2019-03-12,60.636497497558594,61.140345260139156,60.30790374662835,60.943190346632406,2182800
2019-03-13,60.987003326416016,61.19730147062485,60.662795080189376,60.83804241948716,2063800
2019-03-14,61.100914001464844,61.28054016643606,60.816128747022596,61.135958117612795,1263000
2019-03-15,61.33311080932617,61.341868494463675,60.684681105336225,61.03518238325537,2824800
2019-03-18,61.648563385009766,61.84571827139381,61.1710021185609,61.17976648925194,1401200
2019-03-19,61.46893310546875,61.968395291486836,61.12281064399855,61.66608800003393,1897800
2019-03-20,61.070213317871094,61.60910492982169,60.873058502304154,61.60472608867706,2290600
2019-03-21,62.77452850341797,62.86653766420719,60.80296666176475,61.1972763559935,1691200
2019-03-22,62.37582015991211,63.17321043482044,62.19619408847685,62.761372089340604,2691200
2019-03-25,63.05931091308594,63.24332924612953,62.18744667846368,62.47661070438344,3275400
2019-03-26,63.68584442138672,64.61028835393793,63.06808662363195,63.49306836944143,3047200
2019-03-27,64.57522583007812,64.95639233659888,63.82165050125758,64.10643568456187,2058800
2019-03-28,65.14917755126953,65.19737156230933,64.42627407092859,64.69790939574051,5767400
2019-03-29,65.99475860595703,66.10866867806293,65.05717154787642,65.21927562842245,2500600
2019-04-01,65.87208557128906,66.0780048221832,65.10974579019653,65.96408806238722,2445600
2019-04-02,66.16124725341797,66.1743904672883,65.38138536591546,65.92466271849567,2097000
2019-04-03,66.24887084960938,66.44164019517159,65.52596073404254,66.06485250364283,2645400
2019-04-04,66.59498596191406,66.71328155884954,66.02980777256552,66.30582191840757,3507200
2019-04-05,66.79728698730469,67.13151288358416,66.2035892751873,66.59938998673894,2179200
2019-04-08,67.40857696533203,67.41297229080597,65.43398873939844,66.58620150352615,3392800
2019-04-09,67.41736602783203,67.56249227565446,66.99517996958316,67.19747899363193,2108200
2019-04-10,67.97589111328125,68.10342265955593,67.36459862501823,67.54051230487042,2327800
2019-04-11,67.74281311035156,68.16499928431085,67.43497252018415,67.85715869414344,1250600
2019-04-12,67.66364288330078,68.16058976061586,67.31182226335436,67.39098509029189,989400
2019-04-15,68.15617370605469,68.16497106510938,67.58446615503775,67.64604095800183,1269800
2019-04-16,67.37338256835938,68.20895728279537,67.14910022043982,68.12099710517728,2169000
2019-04-17,67.04796600341797,67.77798595049019,66.78849416992891,67.61966699718357,1154400
2019-04-18,67.89232635498047,68.09902071470302,66.46306055840806,67.33820670533277,1359000
2019-04-22,67.14031219482422,67.98467767607501,66.7049334125957,67.87033882386262,2227400
2019-04-23,66.52902221679688,67.31181954155413,66.3882980007607,67.24585611379028,1579400
2019-04-24,66.55101013183594,66.99517952220295,66.155209446667,66.74451179430702,1361000
2019-04-25,66.39269256591797,66.62577228857577,65.76381214994743,66.07605469543572,1299000
2019-04-26,67.2150650024414,67.22825768726702,66.2607561076781,66.476247810529,1025600
2019-04-29,67.44812774658203,67.6284366743967,66.96877575739289,66.96877575739289,1146800
2019-04-30,67.7120132446289,68.0286511078872,67.3162192707659,67.44814612177377,2815000
2019-05-01,67.06114959716797,67.83075421102777,67.00397682137552,67.65044523385131,1214000
2019-05-02,67.21066284179688,67.52289863147229,66.26514469280411,66.85004493212234,1327400
2019-05-03,66.91603088378906,67.40857574477525,66.82367536714393,67.33821027594281,899400
2019-05-06,67.34261322021484,67.63285903982832,66.41468955753317,66.69614472623934,1798000
2019-05-07,67.32501983642578,67.49213615287552,66.72253142668751,67.14031550739115,1745200
2019-05-08,67.83514404296875,68.16497456505773,67.10072221903422,67.28542650615377,1234200
2019-05-09,68.13421630859375,68.46404697177839,67.35141873813595,67.7164321439776,2126000
2019-05-10,68.89940643310547,69.04453268923133,67.54050609449978,68.05943630390125,1141400
2019-05-13,67.72959899902344,68.16497772410908,66.84565557461019,68.14298767953353,2596200
2019-05-14,67.95829772949219,68.56518819370727,67.7384106581587,67.93630768027467,1674200
2019-05-15,68.16938018798828,68.50800812074039,67.59767923166883,67.68123067313479,1219200
2019-05-16,68.53438568115234,68.98735241145434,67.83954188359702,68.28811328919237,1308800
2019-05-17,68.1913833618164,68.99177559141268,67.93191820579533,68.20018072434533,1220000
2019-05-20,68.12979125976562,68.52998723367419,67.84833615171964,67.96267498265675,1113600
2019-05-21,67.6064682006836,68.41125558139532,67.50092671496402,68.40686025629701,1190400
2019-05-22,68.4288558959961,68.48162664316935,67.1974870153958,67.65484914854534,1385200
2019-05-23,68.72349548339844,68.91699714698031,67.87472804276338,68.13419313237554,1279600
2019-05-24,68.24854278564453,68.92579193845593,67.98907768044161,68.71909757724814,972800
2019-05-28,67.23265075683594,68.64872356291718,67.1930659972183,68.21334489047229,4604600
2019-05-29,67.28984069824219,67.47454503715137,66.88965131914946,67.06995362186157,1467600
2019-05-30,68.27494049072266,68.31012322988148,67.39539214301608,67.40418950541113,1027200
2019-05-31,68.6223373413086,68.74987556905639,67.5097095716595,68.10340720197405,1147200
2019-06-03,69.08849334716797,69.22042016978754,68.34966958840712,68.79383888220227,1606200
2019-06-04,67.33821105957031,69.56786906739954,67.1579087704171,69.36557001975719,1957000
2019-06-05,68.78507232666016,68.84223839967862,67.49653065427138,68.02866029675194,1980200
2019-06-06,69.36119079589844,69.62945333960083,68.42446955617301,68.8510510881329,1324200
2019-06-07,69.39634704589844,70.17474900020089,69.17646001895352,69.48430051459249,1374200
2019-06-10,69.01815795898438,69.51950023452868,68.68832733795732,69.37437395602622,875600
2019-06-11,68.94779205322266,69.52829716361677,68.63555615843099,69.00056280492353,1243800
2019-06-12,69.09291076660156,69.59425298413683,68.74109013613007,69.3127978218437,1142200
2019-06-13,68.97856140136719,69.47990354249843,68.08141859486746,69.09290023691665,1220200
2019-06-14,68.86863708496094,69.25563378798368,68.69272339229494,68.89502246125554,830000
2019-06-17,68.3760757446289,69.12369037861913,67.46574683965112,68.96537814333628,1227400
2019-06-18,67.56690979003906,68.76309618575723,67.3602153731775,68.61357456389794,1955800
2019-06-19,68.49481201171875,68.76307446522156,67.38657946654418,67.56249312236068,1374000
2019-06-20,68.5915756225586,69.1368979915467,67.82197084984577,68.68392443744833,1418800
2019-06-21,67.90552520751953,68.59596710406876,67.83955506158864,68.59596710406876,2121600
2019-06-24,67.79117584228516,68.08583039885124,67.39098650523364,68.01986025661482,1329800
2019-06-25,67.32501983642578,68.36728908583503,67.14911286889394,68.09462456261379,2434400
2019-06-26,66.2431640625,66.93360579785009,65.37680868949255,66.93360579785009,2948200
2019-06-27,68.5475845336914,68.68831546199992,64.20701645877826,64.20701645877826,4103600
2019-06-28,68.16938018798828,68.51240344594801,66.1464233731514,67.94070248962856,6430800
2019-07-01,68.47281646728516,68.81583968055635,67.87472350637807,68.18256399131128,1820000
2019-07-02,69.48430633544922,69.51509374280201,68.27932291109589,68.4728245846846,2027000
2019-07-03,71.4017333984375,71.52047430140757,69.47992245278022,69.73499227266129,1788200
2019-07-05,71.24726104736328,71.70623448656093,70.42198832525769,71.14575853626351,1514200
2019-07-08,70.47935485839844,71.47233263837165,70.33371730924831,71.22078176915711,1411000
2019-07-09,69.76000213623047,70.54113980722201,69.6055362325321,70.50583312254633,1561000
2019-07-10,69.48637390136719,70.03802819835178,69.38046058614535,69.91886898466596,1757200
2019-07-11,69.28778076171875,69.777650054301,68.82438979834721,69.49520331928447,1327000
2019-07-12,69.95418548583984,70.02920967267205,69.06271686531909,69.50845117557947,964000
2019-07-15,70.55878448486328,70.87653785869928,69.97623438814381,70.13070026550257,2077800
2019-07-16,70.48818969726562,70.92951319562863,70.1130620300322,70.6117597380823,894800
2019-07-17,70.63823699951172,70.92068376481907,70.32490109149961,70.58528033541099,905200
2019-07-18,70.69117736816406,71.31786250785144,70.45286570058335,70.82799327565614,1378400
2019-07-19,70.06008911132812,70.96480341989283,70.04684994817367,70.6779391720715,850800
2019-07-22,70.10863494873047,70.49258414830074,69.85707738069435,70.20572663456258,935000
2019-07-23,69.9629898071289,70.50581563953449,69.8041131325151,70.36900647912869,892600
2019-07-24,70.09540557861328,70.09981638892711,69.17745197871896,69.79971967010901,1099200
2019-07-25,70.87213134765625,71.16781725160429,69.62760271811467,69.8615036083133,1173800
2019-07-26,71.74596405029297,71.94014073211895,70.62499859823413,71.11045713795444,1428600
2019-07-29,71.70623016357422,71.89600274321022,70.99128835048046,71.89600274321022,1050800
2019-07-30,71.2075424194336,72.24464850205618,70.93833484153228,71.7150617009232,1001200
2019-07-31,69.96741485595703,71.2516676759486,69.29660807911974,71.02217760278782,1345000
2019-08-01,69.48637390136719,70.36460996642872,69.41134972506464,70.28516824595108,1533400
2019-08-02,70.2498550415039,70.81916599421669,69.58345913687066,69.82618835182338,1527400
2019-08-05,68.29039001464844,70.69560136246983,67.9329123795686,70.30723458898723,4073800
2019-08-06,68.63019561767578,69.3583832268162,68.04323472087543,68.40953393018965,2848400
2019-08-07,70.46170043945312,70.63822711780232,67.87112732657839,68.44926667640341,2387800
2019-08-08,71.59149169921875,71.67534423345872,70.18807960491417,70.60292473174673,1424600
2019-08-09,72.15638732910156,72.69039169067106,71.44585627319564,71.6312113224674,1155400
2019-08-12,72.86249542236328,73.047850440721,72.01956611926026,72.02397692896142,1442600
2019-08-13,73.75839233398438,74.02318237065774,72.7963036854381,72.81837120534296,2360200
2019-08-14,73.54654693603516,74.91024145299541,73.2376218817627,73.56420364431423,2536600
2019-08-15,74.58366394042969,75.06470489049794,73.53772950634229,73.60833614129854,1799200
2019-08-16,74.9985122680664,75.29419818763412,73.53773264620511,74.92348808555475,4080600
2019-08-19,74.38946533203125,75.51043045028149,72.75657022823175,75.33831460728214,1864800
2019-08-20,71.15457916259766,73.20673728027721,70.85448244386656,73.11846720153366,2714200
2019-08-21,71.05748748779297,71.5164676547965,70.39109149104274,71.07955500748649,1231200
2019-08-22,71.662109375,71.84746442990334,70.84124742667838,71.05749162370131,1579600
2019-08-23,70.96481323242188,71.82980343706753,70.63823144997967,71.79449675242014,1141200
2019-08-26,71.3134536743164,71.69299210538331,70.92067607865913,71.3840670415059,1060200
2019-08-27,71.9489517211914,72.17844176949076,71.02658745241699,71.1810465984554,1738800
2019-08-28,72.31526184082031,72.65066524344886,71.60914161689952,71.82539253481488,990000
2019-08-29,71.99308013916016,72.7080218102556,71.82096430226458,72.69919345773125,1375000
2019-08-30,71.87836456298828,72.54034988917992,71.7989295561955,72.34175563813503,1184000
2019-09-03,72.42558288574219,72.50060705507728,71.58265358205752,71.8033152803586,1690800
2019-09-04,72.8934097290039,72.9905014484407,72.01076263162435,72.66833714343478,897800
2019-09-05,72.26671600341797,73.16701289171012,71.97103009564404,73.13171294116351,1150000
2019-09-06,72.80955505371094,72.85369010091783,72.1608089173335,72.58889328580194,1134200
2019-09-09,71.14134216308594,72.79630517897998,70.85448460062234,72.79630517897998,1359800
2019-09-10,68.84648132324219,70.85891585370214,68.00796918023843,70.76624166915038,3555800
2019-09-11,69.47755432128906,70.11306122912228,68.37866313271772,68.51547233819751,1477400
2019-09-12,69.6452407836914,71.08395929707227,69.54373829290193,70.17482748727774,1128800
2019-09-13,69.3407211303711,70.12186532888471,68.77141698389966,69.23039029520487,967200
2019-09-16,69.8526611328125,70.16158613910937,68.9567752475215,69.04503857302632,799800
2019-09-17,70.16159057617188,71.08837238773286,69.98947472363176,70.05567727249212,1278600
2019-09-18,70.28076171875,70.69118930836862,69.47754978104327,70.47494512057193,1237200
2019-09-19,70.62499237060547,71.04866585282618,70.25428228245082,70.46611565653039,1144800
2019-09-20,70.67354583740234,71.17224355306563,70.65147831533487,70.90744675638052,1826200
2019-09-23,70.52788543701172,71.86068387641672,70.48375714122697,71.07071128699074,900200
2019-09-24,70.54113006591797,71.48556186487184,70.11304583267591,70.95597513599259,1357400
2019-09-25,70.8544692993164,71.1678051249183,70.32929340490332,70.69117507118358,1035800
2019-09-26,70.87654113769531,71.48115204424282,70.73090360677774,71.43701701036693,1108600
2019-09-27,69.19952392578125,71.15900128033972,68.81556791394243,71.08397709583517,1681200
2019-09-30,68.9788589477539,69.57023077486294,68.8508713717896,69.20834903516251,2033600
2019-10-01,73.67897033691406,74.52189999092047,70.01598327596582,70.05570751605548,6256600
2019-10-02,72.70362854003906,73.45387706816193,71.71947238498215,73.10964531132836,2515400
2019-10-03,73.85547637939453,74.13350555238151,72.77422862267979,72.82277446781417,2132200
2019-10-04,74.82085418701172,74.83856448359847,73.8599033595456,74.1078948112932,1115600
2019-10-07,74.49315643310547,74.896134941394,73.84661911447354,74.4975823179931,1162200
2019-10-08,73.79349517822266,74.59059381604783,73.79349517822266,74.53745615921862,1123400
2019-10-09,73.68719482421875,74.00160831562657,72.78382109688027,73.85547303852793,1133600
2019-10-10,73.37279510498047,74.05032715453137,72.77940217062861,73.10709334720207,1188200
2019-10-11,72.96095275878906,73.4879235939737,72.64654601722444,73.4879235939737,1240400
2019-10-14,72.18598937988281,73.4790570684651,72.07528146041096,73.06722685142586,923400
2019-10-15,71.2958984375,72.47383229425235,71.21619198077954,72.46939965305121,1077200
2019-10-16,71.04351043701172,71.4996334589264,70.74238802247302,71.4996334589264,1135200
2019-10-17,71.78302764892578,72.2612799811799,71.05678386670053,71.24277238637181,1038600
2019-10-18,71.55719757080078,71.85832674479997,71.53062874072864,71.66790553415325,1148600
2019-10-21,71.90702056884766,72.12843644028067,71.37119118686627,71.46861471086288,1074400
2019-10-22,71.0744857788086,72.36755349427807,71.0567754844379,72.1284273563597,1299600
2019-10-23,71.05677032470703,71.36231849067245,70.49879811495536,71.1409026632027,954400
2019-10-24,70.85308837890625,71.08336280811928,70.38368774952832,71.03465103957569,885000
2019-10-25,70.57852172851562,71.00806903768041,70.0515509003397,70.94607286713476,1112200
2019-10-28,70.95049285888672,71.03463195986947,70.41466354882961,70.81321611815707,1085000
2019-10-29,71.92472839355469,72.23028336676317,70.86193495003258,71.0036375892001,916200
2019-10-30,72.20813751220703,72.58454716833263,71.49517818921166,72.0620022371374,993400
2019-10-31,71.15863800048828,72.20814713014533,70.85308299892317,72.119582127812,1224400
2019-11-01,71.13208770751953,71.74762375615506,70.95052501333394,71.21622684663375,814600
2019-11-04,70.1711196899414,71.43318608024305,69.79471001242146,71.07449345608283,1892200
2019-11-05,70.41912078857422,70.68038995136175,69.9054342346655,70.00285777961639,1629600
2019-11-06,70.55194854736328,71.13205698385735,70.28624682882649,70.52537296984929,1145400
2019-11-07,71.04351043701172,71.11436515469534,69.91872051136487,70.41026413504356,1041200
2019-11-08,70.71580505371094,71.06563917207666,70.1844082914867,70.88408328529458,1203200
2019-11-11,71.04792022705078,71.18519697523328,70.56523528761049,70.63608322542765,1106600
2019-11-12,71.34904479980469,71.38890479011395,70.675945448276,71.0434898308633,1025400
2019-11-13,72.47384643554688,72.54470113784042,71.18963029551249,71.3977617603271,1082800
2019-11-14,72.23030090332031,72.67755862428454,72.03545381471726,72.6067106660378,937400
2019-11-15,71.90702056884766,72.17714820227897,71.16305972715315,72.17714820227897,3128600
2019-11-18,73.27537536621094,73.32408713241968,71.26491529586114,71.94688002278352,1830200
2019-11-19,73.49236297607422,73.6916359196778,72.89453738818699,73.26651445052386,778000
2019-11-20,74.37358856201172,74.46658619950041,73.26208333940755,73.57649008738026,1220800
2019-11-21,73.70050048828125,74.35589648191701,73.5100860389271,74.17875969022721,1290800
2019-11-22,73.91305541992188,74.15218161253235,72.84582918823172,73.83777482674678,906000
2019-11-25,73.78462219238281,74.1743162849802,73.39936074170427,74.14331481985263,950800
2019-11-26,74.80756378173828,74.82970672050483,73.57649206557156,73.93961734152963,1814800
2019-11-27,75.02897644042969,75.45852375720607,74.28502238069902,74.80756057640376,938200
2019-11-29,74.94927978515625,75.27254509697482,74.78986007190326,75.0732721446778,1008800
2019-12-02,74.93157196044922,75.06441609498144,74.36474103911128,74.77215224193353,1043000
2019-12-03,75.65338897705078,75.7109592777951,74.47545467569475,74.86072296648567,1137000
2019-12-04,75.88806915283203,76.09177471569237,74.98912130821023,75.09097746817827,963800
2019-12-05,76.24676513671875,76.27334071684899,75.48066812466008,75.79508163064544,854600
2019-12-06,76.16264343261719,76.74717789277337,75.97222224564202,76.34419933456658,743400
2019-12-09,76.4947509765625,76.58774185043417,75.98549046275008,76.26005071402372,750800
2019-12-10,75.88363647460938,76.14933818375711,74.40014765317233,74.83412756191863,1175200
2019-12-11,75.5692367553711,75.99435821591437,74.88285293653638,75.8703658643135,901200
2019-12-12,73.71377563476562,75.64008968143415,73.65620534534747,75.19725793409754,1194000
2019-12-13,74.17430877685547,74.33372845704696,73.36392596563839,73.49677682531053,1103600
2019-12-16,74.2274398803711,74.50200010139862,73.98831375968243,74.31601161706858,1537600
2019-12-17,73.96619415283203,74.66586919954051,73.8244914921608,74.21861151929211,908400
2019-12-18,74.1610336303711,74.4533042067435,73.72262776581249,74.26731568280003,1170600
2019-12-19,74.53298950195312,74.89611467677373,74.04144612937543,74.05473053752016,1061800
2019-12-20,74.50643920898438,75.37439238031243,74.4887289127465,74.92270211987253,3253800
2019-12-23,74.06361389160156,75.16626743679541,74.01932801155621,74.87842273065384,833800
2019-12-24,74.50643920898438,74.66585890342928,74.05032306375399,74.11231923620058,435200
2019-12-26,75.11311340332031,75.14854075140113,74.33815790137612,74.52414641099364,1426200
2019-12-27,76.10063171386719,76.2334758205914,75.20168388729675,75.27253182519112,1085400
2019-12-30,75.72285461425781,75.96728849436737,75.08730889396521,75.92729096288123,1566600
2019-12-31,75.43399047851562,75.99398321436398,75.40732544948352,75.72287744996501,1795200
2020-01-02,74.4561996459961,75.80728592782927,74.38508841399639,75.27395846937176,1561200
2020-01-03,75.64285278320312,75.9672885078841,74.27844055044898,74.51843252094991,1469800
2020-01-06,76.09618377685547,76.31840134266066,75.38508485366206,75.66952306663104,1326600
2020-01-07,74.78954315185547,76.06062789522271,74.73621310633605,75.87840786430884,1432000
2020-01-08,74.38955688476562,75.34953164585927,74.35400125931147,75.2295390391864,1014400
2020-01-09,72.10517883300781,73.65181163488404,71.60296482044234,73.20293446482731,2770800
2020-01-10,72.98957061767578,73.3184550152031,71.8740410184994,71.8740410184994,1100000
2020-01-13,73.46514129638672,73.78513518892139,73.02070608803778,73.02070608803778,1232200
2020-01-14,74.1717758178711,74.22955455271718,73.5584531911716,73.5584531911716,1898600
2020-01-15,74.49178314208984,75.21621467844722,74.2962305716712,74.2962305716712,1453000
2020-01-16,74.2873306274414,74.73621445714944,73.82956297768084,74.63398949266704,1698200
2020-01-17,74.96732330322266,75.00287893159557,74.21178484954058,74.36733987597925,1084200
2020-01-21,76.06507873535156,76.1539711970426,74.98954640800854,75.0428832413317,1982600
2020-01-22,76.67841339111328,77.11840673141009,76.17619938687444,76.27397568471817,1690400
2020-01-23,76.78506469726562,76.95394544706821,75.86952935026532,75.88286186257757,1590600
2020-01-24,76.7406234741211,77.58949631492992,76.451743313123,77.45172249102183,1396200
2020-01-27,76.7583999633789,77.2295001509757,76.42062489940959,76.58951243139425,1698000
2020-01-28,73.80289459228516,75.53174692962773,72.70958799993144,73.02069122614829,4551400
2020-01-29,74.40290832519531,74.91845485312571,72.52739098998335,73.33181772360128,1872800
2020-01-30,73.5584716796875,74.91844916526247,73.10959454360214,74.54956711457034,1848200
2020-01-31,72.60736846923828,74.47844343935415,72.54959651104072,73.67845881102026,2006400
2020-02-03,72.51405334472656,73.23847815408463,72.21628255609393,72.95403987975321,1793800
2020-02-04,71.42074584960938,72.98515988387935,71.30963703317204,72.62071971082379,1756600
2020-02-05,72.00294494628906,72.24738566475558,71.43851712001721,71.84294800161489,1354000
2020-02-06,72.05181121826172,72.83402127991046,71.90959552257893,72.00292308940867,1164800
2020-02-07,72.49182891845703,72.75849276275429,72.04739369899045,72.2162812524816,1080400
2020-02-10,72.71402740478516,73.1495719064844,72.42514730072313,72.94957746663057,891600
2020-02-11,72.55404663085938,73.2206994329806,72.45182843336616,72.7140435746302,879200
2020-02-12,73.34959411621094,73.49181665802216,72.1851758766938,72.53628353832522,1113600
2020-02-13,74.2562255859375,74.46955255884757,73.00736390099534,73.26957901160793,916000
2020-02-14,74.14957427978516,75.05177728012868,74.04735607277529,74.49623322663913,924800
2020-02-18,73.29180145263672,74.06067235531705,73.04291885626913,73.87845231814002,1286600
2020-02-19,72.90070343017578,73.60735375235002,72.74959709364974,73.29180856616581,962400
2020-02-20,72.81182098388672,73.04292919101674,72.074056910596,72.9540367241292,1135400
2020-02-21,72.0873794555664,72.87847347435707,72.02071689616243,72.56737022790155,936800
2020-02-24,71.54962158203125,72.14072118118874,70.85185509904521,71.50961726213141,1442400
2020-02-25,70.38520812988281,71.79406705374312,70.24743428790453,71.42074307259996,2959600
2020-02-26,68.04747009277344,70.79407622628783,67.97191692661173,70.22075783292308,2354600
2020-02-27,66.78082275390625,68.58967705752721,66.67416265880198,67.94079875896024,2253000
2020-02-28,64.97198486328125,66.16751667110981,63.28312969783868,65.93196655078037,3578800
2020-03-02,67.76302337646484,67.81191151098967,64.80753253726341,65.2475189664451,2245400
2020-03-03,66.620849609375,68.68302915648577,66.11864232540269,67.77638411677056,1972800
2020-03-04,68.38968658447266,68.41190291788638,66.87860292749872,67.59414382721863,2873400
2020-03-05,68.23858642578125,69.01634812609977,67.34527399991404,67.58082414377272,2189600
2020-03-06,66.94970703125,67.24303584163773,65.3097403331771,66.4874974846278,2346200
2020-03-09,64.01200866699219,65.70086397731163,63.500910840895926,64.44311140303947,2872600
2020-03-10,67.34525299072266,67.4563617703921,64.2608721820521,65.16307493044468,2818000
2020-03-11,65.15863037109375,66.27860872345225,64.65197462766467,65.92750119631036,3015000
2020-03-12,58.30100631713867,62.754248922741844,58.26100877668409,61.69649775753285,4330000
2020-03-13,59.998756408691406,61.11873509381915,56.95437235237375,60.27875277535921,3300400
2020-03-16,53.496665954589844,57.11436480093952,52.97667419642319,54.89219220376083,4148400
2020-03-17,61.643150329589844,62.020922897527505,53.53220931828745,54.44330267860512,4872600
2020-03-18,62.67869186401367,66.35861455148479,57.94101129541187,58.41656018534627,4908200
2020-03-19,55.834388732910156,61.69649305341355,55.10996063237194,60.212074443698356,3857800
2020-03-20,55.349952697753906,60.89650473240995,54.718855613249055,55.56772496676199,3332000
2020-03-23,50.590057373046875,55.98105488788571,49.87896176292197,55.425510912667605,3428600
2020-03-24,55.523284912109375,55.78994533109663,51.95447110455574,52.07446710633009,2856000
2020-03-25,55.19440460205078,56.16771531430072,52.972228761926615,54.89218855216305,2830000
2020-03-26,58.505455017089844,59.01211092198064,55.087746919224394,55.12774785422725,2022800
2020-03-27,58.79433822631836,59.83876381174541,56.88771392323914,57.37214673454617,1992200
2020-03-30,63.62089538574219,64.17643937891683,59.554316068321,59.998751262860715,3329600
2020-03-31,62.75870895385742,63.554245122207,61.93205906072639,62.158718612463666,2925400
2020-04-01,61.607601165771484,63.78533757018782,60.68762388922134,60.9631715248429,2426400
2020-04-02,64.53643035888672,64.99419801549742,61.48760499436317,61.48760499436317,2932400
2020-04-03,65.27864837646484,65.66530485424367,63.67423693414511,63.843117709122765,1489000
2020-04-06,67.55857849121094,68.08301544633717,63.376449268658334,66.17638503068358,1944800
2020-04-07,66.7986068725586,67.99858046564381,65.30530444205138,67.81191850952322,1759600
2020-04-08,66.26528930664062,67.03860219431105,65.1364201303796,66.5230557481689,1623600
2020-04-09,68.8626937866211,69.1527801752893,66.28759314175143,66.28759314175143,1558600
2020-04-13,66.35900115966797,68.26466538601487,64.96657560179503,68.26466538601487,1777200
2020-04-14,68.3673095703125,68.71541595557777,67.55505679812072,68.13077591903891,1725000
2020-04-15,68.08613586425781,68.3449853929853,67.18909364304066,67.83621405993016,1061400
2020-04-16,69.36253356933594,70.02304222036753,67.51934990120716,68.61722855441577,1449200
2020-04-17,70.01858520507812,70.40239568532913,68.75112057163875,70.37115205084089,1627400
2020-04-20,69.67495727539062,71.05846226880143,69.14386983075963,69.71512864580502,1114000
2020-04-21,67.47026824951172,69.64817044857058,66.69818674757718,69.44288040775702,1328400
2020-04-22,68.44764709472656,68.9698067368929,66.9570368194968,67.79159879331908,1005400
2020-04-23,67.6666259765625,68.47887870607438,67.06413733058086,67.77819870469158,1109400
2020-04-24,68.84483337402344,69.03674200658655,67.37653927541686,67.83175791070117,775800
2020-04-27,70.0096664428711,70.17925920069894,68.7779057440619,69.17956491697397,986000
2020-04-28,69.93377685546875,70.73264131359186,69.38038054377397,69.9560927605857,1292600
2020-04-29,69.8266830444336,70.73711356016324,68.97426571984711,69.8534594110934,1613800
2020-04-30,69.99629211425781,70.29530632392714,68.88503167128077,69.58570513337479,2047600
2020-05-01,68.91624450683594,70.1256959219545,68.48780902809533,69.3491472531808,1038600
2020-05-04,70.24175262451172,70.5139904549919,68.2111268538672,68.84039890938291,1351800
2020-05-05,71.50028228759766,72.09384330982235,70.28637025368691,70.28637025368691,1463400
2020-05-06,71.5047378540039,72.53566887767245,71.37530966262914,71.69217923922913,1718800
2020-05-07,71.79035949707031,72.35268361908244,71.20571946651646,71.96887314568582,1235800
2020-05-08,73.20511627197266,73.4550381563472,71.91087502366422,72.52229154864199,1067400
2020-05-11,73.57106018066406,74.38330610615088,72.88823562439859,73.48626381709951,1346800
2020-05-12,75.25359344482422,75.47673896618579,73.97720079024154,74.1423331067545,2098800
2020-05-13,75.20895385742188,76.15508850555972,74.55736606492911,75.25357886713316,1904000
2020-05-14,78.33300018310547,78.81052802390427,76.50320431346275,77.3333058665887,2356600
2020-05-15,79.43087768554688,80.4127166151978,77.71712171998955,77.97597134132803,3712200
2020-05-18,78.69449615478516,80.50197614272724,78.63201568455345,80.18510652307043,1825200
2020-05-19,76.9941177368164,79.02474295125037,76.94948591721408,78.38208288419035,1411400
2020-05-20,77.4716567993164,77.74389459486623,76.62370658228478,77.6858813927678,1764800
2020-05-21,76.11939239501953,77.66802272048115,75.52582454374557,77.66802272048115,1498400
2020-05-22,76.70402526855469,76.79774936667927,75.93640427103966,76.03458882722366,737200
2020-05-26,76.3291244506836,78.096439234322,76.09259084212137,77.30204205653601,1217400
2020-05-27,76.76204681396484,76.86915909827803,75.81144486903213,76.2220317441097,1141600
2020-05-28,76.98965454101562,77.70818329151581,76.48981082235808,77.51628143876691,1233400
2020-05-29,78.17230987548828,78.64983756191398,76.49425185774412,76.94054272461511,2862600
2020-06-01,78.80162048339844,79.4041093648021,78.11878885536247,78.54723129512952,1088000
2020-06-02,78.2883529663086,79.12291481391877,77.88222659164498,78.698939798657,1408400
2020-06-03,77.78853607177734,78.54276908137565,77.44489003577606,78.23928760793179,1108600
2020-06-04,76.2131118774414,77.7751302934242,75.76235363337607,77.58322163261919,1148800
2020-06-05,76.23987579345703,76.48086988479223,74.91885172394836,76.21309942884854,1798800
2020-06-08,77.10569763183594,77.47165270907156,75.4321063893226,75.55706732397478,1371200
2020-06-09,76.36038208007812,77.17708850249096,76.0211966094908,77.17708850249096,954200
2020-06-10,76.9450454711914,77.82423942911497,76.3827143613321,76.90934136819547,1348000
2020-06-11,74.90548706054688,77.21727820558095,74.61540060639487,76.76205943473022,1152600
2020-06-12,74.3252944946289,75.80698377074725,73.94148399140569,75.80698377074725,1045200
2020-06-15,76.04798126220703,76.08815262642572,73.66032857390996,73.76297359389103,1071800
2020-06-16,77.19495391845703,77.54306034962626,75.68202771841844,76.59692561976736,1353400
2020-06-17,77.71710205078125,78.26603798631716,77.15923838991085,77.29312703049158,1023200
2020-06-18,77.60108947753906,77.9982882372102,77.15479843027438,77.71266223935524,793000
2020-06-19,76.8512954711914,78.58736688684004,76.80220319733567,78.34190551756139,1746000
2020-06-22,77.0744400024414,78.00718638458726,76.78881408796127,77.4671781885487,1262000
2020-06-23,76.9450454711914,78.26160277355783,76.8379331622036,78.1009377150068,1268400
2020-06-24,76.8825454711914,77.46272508029725,75.49011304736547,76.7620450054106,2024200
2020-06-25,79.68079376220703,80.74742900147905,77.45826644382198,77.80637288610421,2907800
2020-06-26,78.65877532958984,81.63553497452514,78.22587258866096,80.55551175597712,2895800
2020-06-29,80.05569458007812,81.35886369159749,78.81946640533526,79.13633606242045,1720000
2020-06-30,80.0690689086914,80.76528177010842,79.185407837022,80.25651030908367,1619800
2020-07-01,80.1092300415039,80.68048194492195,79.64062315561227,80.02443366664563,1292200
2020-07-02,81.33183288574219,82.61712533918369,80.89295370247542,81.15270047764324,1325600
2020-07-06,81.31392669677734,82.23647163106226,80.86160606709092,81.69458479256963,1003600
2020-07-07,82.01702117919922,82.40216199228429,80.97804095095817,80.97804095095817,927400
2020-07-08,82.24093627929688,82.29019871240881,81.3945230801649,81.76175336944704,920200
2020-07-09,82.33497619628906,82.67980635678622,81.65873679470374,81.72143380874523,737000
2020-07-10,83.2575454711914,83.34263576538434,81.74385118535258,82.34395233018354,816800
2020-07-13,81.91400909423828,84.32337167783577,81.76622180842058,83.51726914932051,969200
2020-07-14,84.82943725585938,85.01305239821914,81.7214417572336,81.7214417572336,1264000
2020-07-15,84.7309341430664,85.71617621253351,84.47118732624486,85.17877206859367,912000
2020-07-16,84.96379089355469,85.4698498117195,84.5428222536791,84.65925762564912,659000
2020-07-17,85.48775482177734,86.1326423279186,85.01752377909413,85.42505780498374,870400
2020-07-20,85.78782653808594,85.85500632277865,84.97724103709425,85.27281568942854,771200
2020-07-21,86.69245147705078,88.00909584415055,86.45509796417505,86.88054255328457,1111800
2020-07-22,86.79993438720703,87.28807599816538,85.79677515448458,87.28807599816538,1314600
2020-07-23,87.7269515991211,88.12105107332611,86.97010457864234,86.97010457864234,736800
2020-07-24,86.6655502319336,88.00458052921172,86.26249221760173,87.56122559694563,1058200
2020-07-27,87.78516387939453,87.81203305294171,86.51778213720861,86.7954393751458,780800
2020-07-28,86.4282455444336,87.44035681758865,85.29969203474943,85.76096456116889,1164800
2020-07-29,87.03280639648438,87.5791691218408,86.5939272155051,86.84471531892183,747000
2020-07-30,86.80887603759766,86.92083548569613,85.76093724342697,86.59391581061807,799000
2020-07-31,87.2835693359375,87.2835693359375,85.50565303187112,86.52224657478037,1286400
2020-08-03,87.90609741210938,88.3046728653629,87.09103599652457,87.63739877515938,881600
2020-08-04,88.78832244873047,89.04359328249986,87.7448595232098,87.78068736830704,736400
2020-08-05,88.33600616455078,89.01672153480301,87.6149870322773,88.98536960870035,987400
2020-08-06,89.14212036132812,89.28094899361253,87.89713175550534,88.01804304806492,694200
2020-08-07,90.26171112060547,90.39158107755662,88.73010664487114,88.73010664487114,1243400
2020-08-10,90.38262939453125,90.70954907993074,89.57651997607951,90.23484209835989,878000
2020-08-11,88.56887817382812,90.46323003798688,88.28226227278883,90.46323003798688,785600
2020-08-12,90.31098175048828,90.97377984983045,88.89133659733046,88.90028843416547,860200
2020-08-13,90.48114776611328,90.90211639919443,89.00776438379194,90.22588376882827,999600
2020-08-14,90.26171112060547,91.13946939318504,89.94374327178181,90.46323676651161,837400
2020-08-17,90.59758758544922,91.09468781283033,89.59891121276914,89.78700226725626,916000
2020-08-18,90.68268585205078,91.35891852421764,89.97957716962075,90.61103015827516,603600
2020-08-19,90.69610595703125,91.0901985429377,90.12287416529281,91.0901985429377,611800
2020-08-20,90.86181640625,91.42161368975084,89.77804968540792,89.92135423658341,734600
2020-08-21,90.97825622558594,91.3499624600044,90.68716435733043,90.97378030714593,714200
2020-08-24,90.83940124511719,91.43055031401904,90.36917027366549,91.17527953423107,660800
2020-08-25,90.81254577636719,91.47534378684676,90.29753505540997,91.47534378684676,583800
2020-08-26,92.03068542480469,92.5143511609215,89.95719382925516,90.65134391813015,828400
2020-08-27,92.00827026367188,92.80990371425277,91.96349058588092,92.23218915301324,525400
2020-08-28,91.62313079833984,92.08440317023916,90.79911091392384,91.86048427772639,573600
2020-08-31,92.34416198730469,92.64421252251306,91.51118332483699,91.56044576097348,759200
2020-09-01,92.22322845458984,92.33967064790072,91.08572352849124,91.97244039740036,650400
2020-09-02,93.94741821289062,94.23851006523203,92.40237908611142,92.70242960830635,847800
2020-09-03,91.36339569091797,94.5251365957043,90.64685924376022,93.55332246506838,891200
2020-09-04,90.39608001708984,91.97246445562179,89.03017309817861,91.53806115955061,1151000
2020-09-08,88.4569320678711,90.39607073503629,88.29571017213676,90.36024288782164,1175600
2020-09-09,90.77225494384766,92.18294143849063,89.12869085374776,89.12869085374776,1246800
2020-09-10,88.75696563720703,90.78119420044877,88.17029927230143,90.39605345832925,792800
2020-09-11,88.95849609375,89.28541575885409,88.1523867253421,88.98984801832302,746400
2020-09-14,89.61233520507812,90.83045441403895,89.1152350364694,89.56754869734479,1044600
2020-09-15,89.72430419921875,90.98272729912154,89.40633636074715,89.89447791311827,1067200
2020-09-16,88.9764175415039,90.73194786349043,88.89581001148018,90.17662648951811,1057800
2020-09-17,86.31178283691406,88.10313415223152,85.58628774091864,87.76277986236788,1771200
2020-09-18,85.07128143310547,87.14476604258407,84.37264864337975,86.17295872306899,1790600
2020-09-21,85.26831817626953,85.50567167414144,83.93823930447867,84.43086363975782,1185600
2020-09-22,86.1595230102539,86.40583519250856,84.95932086175954,85.11158408953033,1355400
2020-09-23,83.06944274902344,86.70140787622795,82.89030351435294,86.59840025374375,1410600
2020-09-24,84.57417297363281,86.15951581096789,83.21274220736312,83.32470165962715,1240200
2020-09-25,85.79229736328125,86.06099596430448,84.33234164721576,84.64135084683608,1080600
2020-09-28,87.40897369384766,88.0269920104049,86.78200354187811,87.21193081284447,2829800
2020-09-29,85.03993225097656,86.50436398874211,82.05285449951828,86.34314208336001,4796800
2020-09-30,86.92532348632812,87.85234421916441,85.53702351268475,85.70720407077935,1861400
2020-10-01,86.52227020263672,87.53438810476273,85.59524941779478,87.2119443100012,1524400
2020-10-02,86.63909149169922,87.11982403795659,85.43052806056572,85.70908612274238,1006000
2020-10-05,87.64546203613281,87.76227225996205,86.62559546131016,86.85922276443102,816400
2020-10-06,86.09994506835938,87.95547207041916,85.92023596470321,87.95547207041916,1087000
2020-10-07,87.24110412597656,87.62748483267148,86.31558930319765,86.55820411148589,977000
2020-10-08,87.30850219726562,87.72183859101852,87.01197602713995,87.57357550595569,695200
2020-10-09,88.10822296142578,88.52155937232403,87.73082974131816,87.96445019826325,732400
2020-10-12,90.2602767944336,90.39955924120765,88.05431897559214,88.10823033856065,1039600
2020-10-13,89.95926666259766,91.35203638577798,89.23143578885842,90.09405193507699,1297600
2020-10-14,88.96183776855469,90.54779396995322,88.8405372307036,89.73909629576619,635000
2020-10-15,89.47402954101562,89.90534097314539,88.18010895555162,88.38228340433075,699200
2020-10-16,89.58186340332031,90.74549597700126,89.57737307507466,89.914332790999,809000
2020-10-19,88.74620056152344,90.49389796521587,88.56649146022157,89.83345639196416,681000
2020-10-20,88.0318374633789,89.28982159361296,87.92400790177189,88.86749771331291,533000
2020-10-21,87.76226806640625,88.66532437424881,87.64994817581584,88.00937319679755,398800
2020-10-22,87.44329071044922,87.8925703102884,87.03893495731637,87.60952196864167,554400
2020-10-23,88.26548767089844,88.47215248164565,87.44330504575005,87.8476540097085,553800
2020-10-26,87.18722534179688,88.03187344765888,86.58968246429501,87.53317266150107,535600
2020-10-27,86.35604858398438,87.73533360918782,86.27966500710215,87.38489601422597,1094800
2020-10-28,83.41773986816406,85.8393565612721,83.29643246047537,85.23732356164476,907800
2020-10-29,82.62252807617188,84.01080745831298,82.6000695771773,83.3818118108004,863000
2020-10-30,81.09947967529297,82.80674397998726,80.20092023655539,82.26311935861114,1375600
2020-11-02,83.19310760498047,83.82210319527233,82.28107051174715,82.38890009005911,1005000
2020-11-03,84.32080078125,85.10254983428212,83.57500177806398,84.09616095795538,698600
2020-11-04,84.90486145019531,86.50879299899259,84.6263102769775,84.83747224875972,787000
2020-11-05,84.70716857910156,86.2302260735728,84.30731002909178,86.16732720690145,826400
2020-11-06,84.76109313964844,86.20777403692341,84.01528733934637,84.80601698751478,718600
2020-11-09,80.11555480957031,87.16025681177577,79.89989562997839,86.14937754462888,2137200
2020-11-10,81.74192810058594,82.6045440738364,80.0436518320831,80.42104503498098,1152800
2020-11-11,83.96586608886719,84.05123031169227,82.40237496466229,82.51019768363054,1027000
2020-11-12,83.10774993896484,84.79254867109455,82.16426676225035,84.5364628286519,623000
2020-11-13,82.94599151611328,83.54803134640976,81.90366648488124,83.06280859109992,596200
2020-11-16,82.7483139038086,83.48962936126479,81.55772569928261,83.20209068986252,1145400
2020-11-17,82.0654067993164,82.99541193188547,81.68351642776058,82.32149258593667,1334200
2020-11-18,81.85426330566406,83.04485167634591,81.65657915608739,82.20021056742326,1096800
2020-11-19,82.32600402832031,82.4967256304829,80.95569974978889,81.68802775964376,864400
2020-11-20,82.51919555664062,83.2560139357789,82.1597704522031,82.68992402372777,957600
2020-11-23,82.21817779541016,83.12572462831005,81.69252141576726,82.77078985778394,1054200
2020-11-24,83.8086166381836,84.50051108659235,82.725857972665,83.11672904523772,1804400
2020-11-25,83.38179779052734,84.85543430308257,83.21556653532195,83.87151090024119,731000
2020-11-27,83.78165435791016,84.554415785783,82.77976281165942,84.01528165959463,575200
2020-11-30,84.00630187988281,84.1141314572294,81.89019869736099,83.48064554431122,1792400
2020-12-01,84.14107513427734,85.38108424728225,82.97294554045298,85.38108424728225,1425100
2020-12-02,82.1462631225586,84.8239719911629,81.91264271568114,84.00628000070822,980900
2020-12-03,83.25151062011719,83.48513792987603,82.00251389002052,82.12831162863007,837600
2020-12-04,84.41963195800781,84.41963195800781,82.67643181590778,83.12571140451976,838700
2020-12-07,83.24252319335938,84.74311540220206,82.82019927525647,84.3657221859894,816200
2020-12-08,83.96137237548828,84.32977807621405,82.71237565773716,82.82019837235809,710800
2020-12-09,83.67382049560547,83.93440344055482,82.45177964951402,83.86251707185262,827000
2020-12-10,83.61093139648438,84.14107800275704,83.07179042374726,83.76368480621085,655700
2020-12-11,83.94340515136719,84.21297567388861,83.38630279283555,83.47615734852164,828800
2020-12-14,83.8176040649414,85.34515887263473,83.78166087300549,84.32079504111842,759200
2020-12-15,82.46078491210938,84.29384672827231,82.29006330482142,83.8355864158292,1312800
2020-12-16,83.30543518066406,83.71877165238365,82.49673040753284,82.64949070473695,982900
2020-12-17,85.00371551513672,85.66864753319464,83.50312300399983,83.69181965011909,1182800
2020-12-18,83.89849853515625,85.40807868934567,82.91906516723834,84.90488073430615,2191300
2020-12-21,84.18601989746094,84.57240065639071,82.56861047508907,82.90107987176084,1221200
2020-12-22,83.53004455566406,84.30280585093136,82.9909105219909,84.11410928191881,808700
2020-12-23,83.54804229736328,84.0961571342541,83.18861722534162,83.83558098388801,650500
2020-12-24,83.98832702636719,84.09614973966869,83.08078034179236,83.54803495097369,217600
2020-12-28,83.94340515136719,84.49152685315441,83.47615734852164,84.17703248052153,460000
2020-12-29,85.20138549804688,85.9831344922935,83.81760346795315,83.9434012111014,1205600
2020-12-30,85.27355194091797,86.11221978541887,84.9849784288389,86.0490945446558,1157800
2020-12-31,86.21141052246094,86.35570070676405,84.76854308010313,85.2735449648947,1190900
2021-01-04,84.7594985961914,86.53603141346734,84.02904867076364,86.37370844335754,987600
2021-01-05,84.9759292602539,85.21039040886767,83.26252175196923,84.58815812353754,825200
2021-01-06,84.70540618896484,85.89577252513139,84.17334480772756,84.55210304933844,1199500
2021-01-07,85.4809341430664,85.57111204050487,83.55109824132653,84.7324445220753,1090400
2021-01-08,85.85967254638672,86.03101534188113,84.81359670895667,85.6883297508923,842400
2021-01-11,84.43486022949219,86.44586126844729,83.93887830087573,86.15728783793833,765000
2021-01-12,83.37073516845703,84.7234242639764,82.92885865702448,84.47994325404122,1118600
2021-01-13,84.10118865966797,84.54306515376797,83.28055400477858,83.72243049887858,953700
2021-01-14,82.62226867675781,83.90281295440444,81.99100951331472,83.90281295440444,2018700
2021-01-15,84.25450134277344,84.73245042461095,82.49600813976127,82.83868692595176,1893300
2021-01-19,83.87574005126953,84.93083584768917,82.89278244117344,84.59717007543045,1442300
2021-01-20,82.73949432373047,83.91182778554789,82.26154521210957,83.68637957213173,1143000
2021-01-21,82.47798156738281,82.82066040815249,81.66636654436606,82.73950234591788,878400
2021-01-22,82.84770202636719,83.25350600988922,81.60322363398535,82.5230560874965,1051900
2021-01-25,85.26451110839844,85.54406467185865,82.90181152003682,83.06413449755988,1513100
2021-01-26,86.65327453613281,86.94185486265913,84.57013518499008,85.26451955546011,1613800
2021-01-27,84.83163452148438,89.0971167938614,84.73243677932686,86.4548640475782,2608500
2021-01-28,82.08119201660156,85.66131116097532,80.85475992334497,82.06315918469917,1862700
2021-01-29,80.74652862548828,82.24350110486384,79.70044566870396,81.74751918994694,2733500
2021-02-01,80.42188262939453,81.1884051376588,78.80767268274248,80.49402770503032,1402800
2021-02-02,80.69243621826172,82.21646162574268,79.8808211869834,80.47600095649803,1132800
2021-02-03,80.0070571899414,81.08019280846914,79.05115903704757,80.593223877712,1315900
2021-02-04,80.15132904052734,80.82767353465461,79.80865030701705,80.04311832475145,835200
2021-02-05,81.42288970947266,82.0541420489982,79.89885735815947,80.48502417636719,1610200
2021-02-08,81.90984344482422,82.24350238474747,80.8998330101559,81.98198852161478,858900
2021-02-09,81.85572814941406,82.37876961647136,81.38679892800153,82.05412366313462,792600
2021-02-10,81.8827896118164,82.50502197003554,81.26957022796968,82.50502197003554,710500
2021-02-11,81.05313110351562,82.14429952169408,80.66535994001974,81.71144284810455,611400
2021-02-12,80.84573364257812,81.27859037517949,79.93492090086777,81.05314215357728,1062000
2021-02-16,78.39286041259766,81.26056223199843,78.338755037935,80.8908238247793,2056800
2021-02-17,77.50908660888672,78.28462894929629,77.19346051223931,77.75257451210965,3036000
2021-02-18,77.9960708618164,78.98804173769243,76.71552651513765,77.43696363221162,1917000
2021-02-19,75.85881805419922,78.29365603037748,75.7235477488263,78.29365603037748,1446300
2021-02-22,75.71452331542969,75.85881346713808,74.63237469814926,75.85881346713808,1404400
2021-02-23,76.08428192138672,77.22955606485822,75.6694579450059,75.98508413571577,1376700
2021-02-24,76.47205352783203,76.96803557813169,75.33579235637679,75.4349901424637,2024800
2021-02-25,76.12034606933594,77.40990338049083,75.67846257096727,76.55320283164973,767800
2021-02-26,76.00308990478516,76.4630061218352,75.53416071416359,76.21050525918263,1377700
2021-03-01,76.24658966064453,77.01311222160543,75.92194367809792,76.46301802229775,1287700
2021-03-02,76.56222534179688,77.11231960974732,75.84980806231786,76.37284964170262,866400
2021-03-03,75.0201416015625,76.56220638928788,74.97504921169241,76.3367582002029,1440400
2021-03-04,74.75862121582031,76.31871883849294,74.47004780768746,75.38085354202796,1665000
2021-03-05,76.13837432861328,76.562218089687,73.97407000661734,74.97506066953879,1162400
2021-03-08,75.88584899902344,76.42692318537144,75.44397254952125,76.2285277116798,1401800
2021-03-09,76.67041778564453,77.8427511311671,76.03916560275255,76.20148857551517,1351600
2021-03-10,77.4640121459961,77.81571082958176,75.79569664280933,76.8507926935663,1034400
2021-03-11,77.39186096191406,78.27562096904195,77.0040897669702,77.2475776857272,851700
2021-03-12,78.28462982177734,78.35677489613877,77.0672109324933,77.74355552433254,1097100
2021-03-15,78.76258850097656,79.40286751382318,78.3928569900337,78.60928535936937,1530700
2021-03-16,78.66337585449219,79.2675752785127,78.25756503407949,78.73551403756234,966500
2021-03-17,78.140380859375,78.83475858459269,77.73456979802732,78.14940071766344,1410600
2021-03-18,77.8427505493164,78.40186453579352,77.08524793550812,77.75257264959629,1093600
2021-03-19,78.0411605834961,79.27661936804361,77.8698177260409,78.0050880408669,2363000
2021-03-22,79.22250366210938,79.28562888892644,77.90588687411496,78.1313350956236,976100
2021-03-23,78.96099853515625,79.66439602472641,78.47402945465343,79.52011271205988,1043500
2021-03-24,78.93392181396484,79.39383806333754,77.55417994597974,78.12230692687567,1238400
2021-03-25,79.98902893066406,80.49403764232675,78.81670226745318,79.44795455686412,974000
2021-03-26,81.35072326660156,81.62126384403614,79.80865848754293,79.80865848754293,1411100
2021-03-29,81.27857971191406,82.063141897008,80.62027484407618,81.16134912890901,1647900
2021-03-30,81.0711669921875,86.47290346442455,80.7735737430321,86.43683092996943,4028600
2021-03-31,80.40386199951172,81.04413416262267,80.09724882160647,80.90886384531548,1795500
2021-04-01,80.47599029541016,81.29662507391494,78.97901777392812,80.34071999476139,1808800
2021-04-05,80.33170318603516,81.39581895081241,79.88981976633073,80.41286123447088,1226300
2021-04-06,80.91789245605469,81.10726816872054,79.99805970295212,80.08823763086897,1231400
2021-04-07,80.40386199951172,81.20645716736446,79.9890311917339,81.20645716736446,1211600
2021-04-08,80.83670043945312,81.09822115894521,80.2685734916733,80.2685734916733,2671700
2021-04-09,79.75948333740234,81.29836515930336,79.40644566171531,80.72807512311539,959500
2021-04-12,79.86811828613281,80.11252634467101,79.30687550229867,79.72327876527426,1277400
2021-04-13,79.6780014038086,80.34787371659965,79.53316881342629,79.68705559893478,1496000
2021-04-14,79.57846069335938,79.87718017364496,78.73659981692602,79.74139482460801,877300
2021-04-15,80.09442901611328,80.1758960710795,79.61465325810646,79.8590682356628,769400
2021-04-16,80.37503814697266,80.46555938910856,79.6870642753492,80.32977407274066,935000
2021-04-19,80.42935180664062,80.63755688519117,79.54223393952888,80.20304524167747,1315500
2021-04-20,82.0316162109375,82.08592758316202,80.18495358568381,80.34789460868646,1822000
2021-04-21,83.20840454101562,83.38945395504481,82.37559795546831,82.52948477764639,1770000
2021-04-22,82.75578308105469,83.3803914108524,82.55663219872335,83.20839621132473,1042900
2021-04-23,82.80105590820312,83.11788375161336,82.16739331505366,82.73769033952108,1369000
2021-04-26,81.78718566894531,82.82819717868617,81.56087911927678,82.82819717868617,1651600
2021-04-27,81.3526840209961,81.9229740613328,80.93628078270338,81.74193157731963,956900
2021-04-28,80.85481262207031,82.0044469811907,80.67377012508915,81.54278654199015,712200
2021-04-29,82.01348876953125,82.2126396298767,80.95437581914221,80.95437581914221,669400
2021-04-30,81.79624938964844,82.20359846395536,81.280270672573,82.03161016248262,1719400
2021-05-03,82.28506469726562,82.86440892498204,81.70572046954919,81.70572046954919,725600
2021-05-04,81.80530548095703,82.7829446632001,81.33458392438743,82.5204351065052,1104200
2021-05-05,81.88675689697266,82.0315963963578,81.22594567342843,81.60613899982326,918100
2021-05-06,81.6785659790039,83.12692656941458,81.20784447066539,82.35748565322716,1206300
2021-05-07,80.86386108398438,81.9229741195023,80.39313957509103,81.58803792687927,843200
2021-05-10,82.08592224121094,82.93683718444146,80.93628786385642,81.06301899501901,1765000
2021-05-11,81.2168960571289,82.66525660100139,80.79143863660714,82.47515992708637,1029600
2021-05-12,80.5108413696289,81.53374475529034,80.33884613688784,81.28933665653216,951300
2021-05-13,81.70572662353516,82.07686581002855,80.1125264241529,80.1939934749703,1384900
2021-05-14,81.07208251953125,81.98636321141949,81.07208251953125,81.6514269226626,876700
2021-05-17,80.69185638427734,81.9048629853868,80.66470070548779,81.31646462174632,948800
2021-05-18,80.73713684082031,81.63330895441332,80.16683984517404,80.4293563039697,1048400
2021-05-19,81.2983627319336,81.33457260865728,80.2754596132187,80.66470715508858,1174600
2021-05-20,82.25792694091797,82.710540149098,80.85482323302807,81.11733972253202,1123400
2021-05-21,82.01348876953125,82.98208048512531,81.67855951015707,82.4932575296394,1354500
2021-05-24,82.01348876953125,82.69240838998486,81.87770346417501,82.19453814544872,959400
2021-05-25,81.741943359375,82.03161551934542,80.95439393711365,82.03161551934542,1089100
2021-05-26,81.16258239746094,82.06780857504765,79.7594790596705,81.87770500018611,1418600
2021-05-27,80.29357147216797,81.51563252391463,80.17589453735825,81.29837323550308,3122700
2021-05-28,80.61944580078125,81.37983942496064,80.4565048031948,80.5560802409603,1794500
2021-06-01,80.50177001953125,81.27121094436914,80.07631258055562,80.945328944572,1274700
2021-06-02,81.18071746826172,81.26218454291175,80.46558766334587,80.75525988376351,882800
2021-06-03,81.17163848876953,81.2259567616177,80.4565089021695,81.02680587594068,927800
2021-06-04,81.2983627319336,81.47035791978917,80.79143827045759,81.31647112345935,698200
2021-06-07,81.00871276855469,81.33459484182134,80.22117018010168,81.28933766329135,1064500
2021-06-08,80.11253356933594,81.44321743533078,79.65992038532839,81.22596504077931,1177600
2021-06-09,79.77759552001953,80.48367787239579,79.43361199424311,79.72328414919403,1620900
2021-06-10,80.32978057861328,80.42935602492578,79.69612492601436,80.02200694915913,1190900
2021-06-11,80.42935180664062,80.56513712688417,79.75043211175115,80.37504044107452,1565200
2021-06-14,80.74618530273438,80.75523949974244,80.00389999363419,80.29357214093356,861500
2021-06-15,80.35692596435547,81.0539539992125,80.24830324144729,80.93627708061938,1005800
2021-06-16,79.27066802978516,80.56514193487963,79.14393689834894,80.42935660653264,952300
2021-06-17,79.24351501464844,79.49697728605858,78.46501980598649,79.18920364401167,1111400
2021-06-18,77.9671401977539,79.41550783003214,77.89472734120297,79.00815184358062,2690400
2021-06-21,78.90858459472656,78.99910585456685,78.0033581836649,78.0033581836649,1301100
2021-06-22,78.99005126953125,79.56034136956424,78.75469049061482,78.90857730876724,1081600
2021-06-23,77.94904327392578,78.95384509714138,77.92188758783819,78.95384509714138,1621600
2021-06-24,78.10294342041016,78.21157308961733,77.46928761586072,78.03957783995521,910900
2021-06-25,79.00814819335938,79.17108919914628,77.8766153493749,78.1391317979387,4280900
2021-06-28,79.79570770263672,80.3026322712837,79.25257324961076,79.32498611203943,1252600
2021-06-29,79.3159408569336,80.29358013494708,79.05342436819357,79.79570975119556,1280500
2021-06-30,79.94957733154297,80.09441683789878,79.16202805497078,79.64180374002855,1817500
2021-07-01,79.63275909423828,80.52893120172276,78.47407052974751,79.19824742938994,2431600
2021-07-02,80.19398498535156,80.7733361016999,79.83190003383451,80.22114757241032,1127800
2021-07-06,79.70516967773438,80.22114833551495,79.1167712664304,80.11251870522985,1045200
2021-07-07,79.82286071777344,80.36599515262141,79.37930173505266,79.56939844193299,989400
2021-07-08,78.82709503173828,80.24829981517196,78.65509985270681,79.5422245211043,1285100
2021-07-09,79.1542739868164,79.30876401985529,78.49087234687262,79.20880518284238,1060500
2021-07-12,78.78166961669922,79.01794601262561,78.01829537326088,79.01794601262561,1208300
2021-07-13,77.88197326660156,78.96341715958987,77.71839357634619,78.6544371521071,867900
2021-07-14,78.31819915771484,78.55448250668933,77.5093902786025,77.81837032976888,953000
2021-07-15,79.1269760131836,79.14514844802689,78.00918060188988,78.29090534244216,611200
2021-07-16,79.88127899169922,79.94489292861071,79.06338056469497,79.32692599858518,790200
2021-07-19,80.52651977539062,80.55378190469486,79.36328936907591,79.70862122926306,1234900
2021-07-20,79.69952392578125,81.3625829884223,79.62682723238342,80.56286389385039,1004700
2021-07-21,77.7547378540039,79.65408001420904,77.73656541613627,79.59954883380884,1354700
2021-07-22,77.00048065185547,77.61844770328317,76.67332121678194,77.57300619653388,1130900
2021-07-23,77.9001693725586,78.11827336194798,76.80055280374437,77.08227074559736,986500
2021-07-26,77.5911865234375,77.92743568070813,77.23676492166089,77.40034465581941,817400
2021-07-27,77.92741394042969,78.68169844491847,77.30944699860984,77.55481306469453,1168400
2021-07-28,76.97321319580078,77.89107757078757,76.58243980315495,77.62753207961708,972800
2021-07-29,76.56424713134766,77.30944190027527,76.40975713943068,77.25491765216312,870500
2021-07-30,76.49156188964844,77.32763291743905,76.41885825243175,76.76419706251082,1402400
2021-08-02,76.4188461303711,77.02773032872511,76.20074218671856,76.52790156889704,826500
2021-08-03,76.14622497558594,77.19131715788731,76.09170071798064,76.32797712320357,848500
2021-08-04,75.59186553955078,76.18257036961175,75.12838858877686,76.09169430346378,1048300
2021-08-05,75.65550231933594,76.00992393769134,75.34652221447287,75.75546810229787,908800
2021-08-06,75.8190689086914,76.29162867338907,75.50099916962564,75.59187524744439,809400
2021-08-09,76.0644302368164,76.33706538655692,75.6463947583742,76.04625779575365,655700
2021-08-10,76.55516052246094,76.62786414513181,76.00989721922755,76.16438721735385,1520800
2021-08-11,77.68206024169922,78.08191637354805,76.55517468206973,76.55517468206973,1218300
2021-08-12,77.86381530761719,78.00921565188524,77.32763463796472,77.80020135698729,908400
2021-08-13,78.77256774902344,79.01793379405201,78.06372480405346,78.1909526693866,876500
2021-08-16,79.40872955322266,79.46326074908585,78.5363066868183,78.88164550481629,825000
2021-08-17,79.82675170898438,79.99942108906829,79.1360880554476,79.45415775554999,654800
2021-08-18,78.46358489990234,79.95398141870137,78.43632277497657,79.71769811367972,700600
2021-08-19,79.49961853027344,79.59957737448396,78.34547070999379,78.34547070999379,830600
2021-08-20,79.57230377197266,79.89946319092788,78.89072280471598,79.24514435301744,1002000
2021-08-23,78.81800842285156,79.51776167489525,78.54537332374963,79.42688561966081,979100
2021-08-24,78.04556274414062,78.8271094807705,77.72749301025641,78.8271094807705,1036300
2021-08-25,77.7547378540039,78.05463507930978,77.17312277465848,77.84562084353804,766300
2021-08-26,77.18222045898438,77.70022165937759,76.61877775911482,77.52755228144673,659400
2021-08-27,77.44577026367188,77.85471604839044,76.91867934702145,77.18222480534666,532100
2021-08-30,77.65478515625,78.00920668809115,77.13678392252832,77.3548948139689,397500
2021-08-31,78.41815185546875,78.49993823183061,77.254921613439,77.77292279726159,1019200
2021-09-01,79.4269027709961,79.62683429572397,78.49994878060323,78.61809391797884,964800
2021-09-02,80.00852966308594,80.03579179618761,79.3633004238757,79.38147286814312,822100
2021-09-03,80.04487609863281,80.33568372115008,79.55413693562231,79.97217245965334,517600
2021-09-07,79.03614044189453,79.96308762828214,78.6453670253956,79.96308762828214,778000
2021-09-08,80.29023742675781,80.43564469604799,79.15426913567919,79.15426913567919,946300
2021-09-09,78.84528350830078,80.2811420572178,78.82710413422605,80.2357074888304,980000
2021-09-10,77.74568176269531,78.98161596348658,77.67297811949558,78.74533258978796,1938500
2021-09-13,77.38216400146484,78.71806386646051,77.35490187089765,77.99104136213347,850800
2021-09-14,77.31853485107422,77.67295634556723,77.0458997322031,77.30944516487209,1143000
2021-09-15,77.56391143798828,78.00920905473923,76.90050985657973,77.06408956342294,1021700
2021-09-16,78.25457763671875,78.62717159961989,77.14587156813549,77.6093485334317,1180400
2021-09-17,78.39999389648438,78.88165033352381,77.93652377038009,78.31820749778399,2386700
2021-09-20,77.83655548095703,78.72715081614389,77.34581630439658,77.98195582953005,1596900
2021-09-21,77.6729507446289,78.69077365710194,77.57298500381123,77.90923403505239,1039400
2021-09-22,77.54574584960938,78.39998934226196,77.2822003578823,78.26367868567955,972600
2021-09-23,77.0458984375,78.30001164315377,76.90958088035516,77.71838960377585,806500
2021-09-24,76.8368911743164,77.41850633314665,76.6551321038072,76.90958786912049,850100
2021-09-27,76.65513610839844,77.57300039557175,76.5551703477459,76.88232975835422,1255700
2021-09-28,75.66456604003906,76.8277962788374,75.17382698303368,76.55516115825692,1559900
2021-09-29,76.05535125732422,76.59152496278232,75.61004669508928,75.61004669508928,1680800
2021-09-30,73.63800048828125,75.5827774656211,72.99277139144415,73.6107383611951,2376900
2021-10-01,73.34718322753906,74.05602617180011,73.01093419326709,73.42897653139921,1432300
2021-10-04,73.32901763916016,74.55586184446986,73.1472585766036,73.32901763916016,1451700
2021-10-05,72.7474136352539,73.60165709306109,72.67470999910852,73.23814584573445,1602500
2021-10-06,72.9564208984375,73.01094515359696,71.8931563224297,72.57473724552183,1245400
2021-10-07,73.09273529052734,73.93789587573684,72.9473280385604,73.02003166454388,1679900
2021-10-08,72.38087463378906,73.58554914354586,72.21660052051165,73.37564758720029,1084100
2021-10-11,71.56864166259766,72.92846915182845,71.55039207556003,72.17098247734424,1008200
2021-10-12,71.276611328125,72.00672026148625,71.04845315680396,71.46826335649449,1453400
2021-10-13,71.99758911132812,72.15273499055358,71.04845032097636,71.36787035550951,1092400
2021-10-14,73.24789428710938,73.27527215100415,72.13448140316095,72.21661499484527,1096300
2021-10-15,72.67292785644531,73.46692068600744,72.44476971766889,73.39390841051886,875700
2021-10-18,72.47215270996094,73.14749883406317,72.08884175475848,72.28962202585652,881200
2021-10-19,72.90108489990234,72.94671931210551,72.24399531887926,72.70943290174974,626700
2021-10-20,73.64031219482422,73.99623828158269,73.12923330491931,73.12923330491931,880700
2021-10-21,73.29350280761719,73.93234963909579,73.17486310710642,73.87758696261729,1043600
2021-10-22,73.67684173583984,74.4434498700155,73.27528111536593,73.27528111536593,815700
2021-10-25,73.63118743896484,73.76808370106626,73.01059708522709,73.59468130488226,862500
2021-10-26,73.97797393798828,74.25176642025691,73.52165777609527,73.70418841855171,831700
2021-10-27,73.43954467773438,74.3795551191748,72.98322838865968,74.30654284184268,862700
2021-10-28,74.0875244140625,74.14228014910054,73.28441012788585,73.38480028401231,812600
2021-10-29,73.22051239013672,74.6168390745319,72.87370756568097,73.95974252591445,1571200
2021-11-01,73.64031219482422,73.86847029981466,73.03797145548968,73.03797145548968,815600
2021-11-02,74.25179290771484,74.30654863856847,72.7003201889626,73.86848886607035,871000
2021-11-03,75.06403350830078,75.0914113730345,74.20615661152749,74.30654675744071,897600
2021-11-04,74.2061538696289,74.90888486505578,73.96887440881447,74.73548244437022,884000
2021-11-05,74.13313293457031,74.7354666980511,73.90497483451207,74.19701692407332,714600
2021-11-08,73.30265808105469,73.97800432849876,72.34439096228593,73.97800432849876,1240600
2021-11-09,73.90497589111328,73.91409720200652,72.9467090720355,73.26612902411719,855900
2021-11-10,75.1187744140625,75.15528054744824,73.92322813771952,74.08750225653888,1139200
2021-11-11,74.3430404663086,75.11877667632692,74.07837621341609,75.11877667632692,805800
2021-11-12,74.6168441772461,75.31956822361973,74.40693561320323,74.66247163006638,687100
2021-11-15,75.46556091308594,75.81235865196543,74.50729429170684,74.93623255150831,876800
2021-11-16,76.18656158447266,76.34170743314043,75.61159867272373,75.63897653274354,877200
2021-11-17,76.61549377441406,76.65199990908903,75.70286129603946,76.08617222871005,984500
2021-11-18,76.25044250488281,76.47860061296106,75.41994364931821,76.47860061296106,1007700
2021-11-19,76.6337661743164,77.60115457338424,76.38735145499952,76.7615341906901,1686100
2021-11-22,77.36386108398438,77.65590323235838,76.07705276118563,76.5790034675319,1677000
2021-11-23,77.94795227050781,78.28562187006605,77.2269716942653,77.50988556694037,1115600
2021-11-24,78.02095031738281,78.32212071285284,77.41861648927615,77.94794500928407,948300
2021-11-26,78.06658935546875,79.67282459703175,77.7380410796301,78.03008321783847,1402300
2021-11-29,79.389892578125,79.62717895785048,77.93881036678353,78.3129860397806,2159100
2021-11-30,78.3221206665039,79.58155100658773,77.92056013944817,78.80581477618465,6211300
2021-12-01,78.98834991455078,80.56720032540305,78.57766108973048,78.64154508965802,2402400
2021-12-02,79.40815734863281,80.41205172596545,79.2986389398419,79.34427335087983,1672400
2021-12-03,80.80447387695312,80.83185173501694,79.49028098722893,79.97397504724334,1223700
2021-12-06,82.23731231689453,82.54760401411265,81.03263773664605,81.26079585383579,2080600
2021-12-07,80.1565170288086,82.4015922240099,79.43553649233942,82.27382422644155,2459100
2021-12-08,80.90487670898438,81.24254629526456,80.1656396109602,80.1656396109602,961100
2021-12-09,80.96875762939453,81.22429361886118,80.43030082630393,80.95050107995634,937300
2021-12-10,82.60237884521484,82.72101857698179,81.04177792966101,81.22430166512311,1577700
2021-12-13,84.92957305908203,85.4862794072669,82.38332770332656,82.55673009589223,2184100
2021-12-14,83.57889556884766,85.44066691707008,83.55151770477345,85.11211862251116,2068800
2021-12-15,84.15383911132812,84.58277748571142,83.38723117970679,83.6153892969036,1927300
2021-12-16,86.38980102539062,86.76397675238367,83.5332566711365,83.91656067327587,2154700
2021-12-17,85.89697265625,87.8682552183561,85.66881453324312,86.38066676297126,3505400
2021-12-20,85.705322265625,85.93348039288372,84.73792707132128,85.34026786944436,1630700
2021-12-21,84.89308166503906,85.50455080078595,83.77967573819092,85.35852624214962,2081800
2021-12-22,85.23075103759766,85.30376331075043,84.22685665166468,85.02084945582544,786700
2021-12-23,84.90219116210938,85.45889748381899,84.87481330412902,85.30375164670848,692600
2021-12-27,85.90609741210938,85.92435396186855,84.90220302319727,84.92958088500241,1049000
2021-12-28,86.66358947753906,86.67271775298697,85.54105529663886,85.86047530897494,804100
2021-12-29,87.26592254638672,87.57621425561258,86.57231989369544,86.7365940229425,836400
2021-12-30,87.5591049194336,87.78814935073794,87.00939968227941,87.67820550735458,601800
2021-12-31,88.51193237304688,88.70432886042722,87.55910668086693,87.73318268892217,880100
2022-01-03,87.78814697265625,88.14545571662144,86.78035290019335,88.04467561038705,1633800
2022-01-04,88.41114807128906,88.65851297480093,86.89945346794883,87.65988263670341,1434700
2022-01-05,88.79593658447266,89.60217739384653,88.44779159216716,88.44779159216716,1155500
2022-01-06,88.40196228027344,89.86784483690326,88.227893313782,88.98831530292537,1115700
2022-01-07,87.98970031738281,88.92419842330317,87.80646059767646,88.20958099114985,1276000
2022-01-10,86.68872833251953,88.18209532662911,85.8275191388016,88.06299475319426,2271200
2022-01-11,87.2292709350586,87.2292709350586,85.3877519495817,86.89944643049914,1432300
2022-01-12,87.37586212158203,87.40334633179668,86.25812430698248,87.0643580960947,1170100
2022-01-13,87.5041275024414,87.81562454186884,86.9819065323161,87.54993219006747,1327200
2022-01-14,88.27371978759766,88.52109168034421,86.78035265649783,87.33005787721744,1670800
2022-01-18,89.29983520507812,89.51055214680262,87.5041278791985,87.76982023214384,2246100
2022-01-19,88.00804901123047,88.98835910885099,87.31175882274607,87.41253895342618,1618200
2022-01-20,87.34835815429688,88.67681970283634,87.18345291711215,87.89807023776396,1620700
2022-01-21,87.6873779296875,88.81427971890419,87.37588082739401,88.00803876730785,1252700
2022-01-24,86.27644348144531,88.32868635164671,84.69146013736167,87.61406194745062,1947000
2022-01-25,85.22286224365234,86.40473253268301,84.28836389342568,85.70844238540919,1663700
2022-01-26,84.23336791992188,86.04739559197857,83.77527913548006,84.80139353910643,2074700
2022-01-27,89.9686279296875,90.83900075079815,88.07214077952634,88.65849382180653,3162100
2022-01-28,89.99613189697266,90.15188041689335,88.09048074420468,89.92283600881683,2449500
2022-01-31,91.90177917480469,91.96591133164459,89.62049875020678,89.88619111136667,3451000
2022-02-01,92.06669616699219,92.46981659635672,90.7382412827772,92.05753942260206,2321500
2022-02-02,93.13863372802734,93.45929454361104,92.07586417937107,92.35072030123226,1271700
2022-02-03,94.27470397949219,95.06261750486455,93.24858225136292,93.45014250062782,1432000
2022-02-04,93.20276641845703,94.40295704495269,92.70802959023675,93.77995588977325,1721100
2022-02-07,93.3493423461914,93.73413529046964,92.70802077239436,93.50509087270198,1347100
2022-02-08,93.85325622558594,94.1830807933276,93.24857552143223,93.79828080437439,935400
2022-02-09,93.7249755859375,94.5220456610677,93.43179902005086,94.15557320623921,1785100
2022-02-10,92.02088928222656,94.08228908163214,91.8284928064011,93.6058727692139,1416600
2022-02-11,92.30490112304688,93.13862616575275,91.95675612152057,92.42400170491301,1322600
2022-02-14,91.98423767089844,92.82711943327813,90.97644365154177,92.4972949193242,1117300
2022-02-15,91.72769927978516,92.79962534105944,91.27876724533283,92.22243599803791,1247000
2022-02-16,90.14271545410156,92.10333500130857,89.4006138188157,91.6544099247673,1593000
2022-02-17,89.85870361328125,90.53667310220385,89.5013948968301,90.53667310220385,1415000
2022-02-18,89.593017578125,90.30763506140764,88.73180830858895,89.71211816204507,2235600
2022-02-22,88.84174346923828,89.7395936077447,88.33784299057011,89.51971293972603,1710100
2022-02-23,88.51193237304688,89.60218612475035,88.36534057892005,89.20822941538636,1038900
2022-02-24,86.23063659667969,87.84310410945432,84.62732582701793,87.522443353498,1922000
2022-02-25,88.14544677734375,88.31952275952763,86.61543185041515,86.64291606025883,1295900
2022-02-28,87.19263458251953,87.7698310371707,86.0382556529802,87.009401828908,2474000
2022-03-01,88.1821060180664,88.91505099390936,86.85365111296755,87.08269554418331,1735800
2022-03-02,89.17157745361328,89.86786747473417,87.70569452772567,87.70569452772567,1358800
2022-03-03,91.21464538574219,91.30626874343884,89.3364853809349,89.43726548249656,1585900
2022-03-04,94.74193572998047,94.94348894485965,90.42673277504151,90.8481806522021,2371800
2022-03-07,95.33744049072266,98.3516656863546,94.15557052721611,94.23803014739961,3039200
2022-03-08,89.37313842773438,95.26416138403242,89.30900626761435,94.45792052551646,2198700
2022-03-09,90.06942749023438,90.8481841274851,89.1349293113671,89.86786727776389,1218900
2022-03-10,89.73043060302734,90.27097199707936,88.90586941814469,89.95031125570274,874500
2022-03-11,88.42945861816406,90.56415409750024,88.32868551314834,89.77624080461118,916200
2022-03-14,89.9686279296875,90.03276007525317,87.68734790613239,88.86921772288206,1054500
2022-03-15,90.04193878173828,90.47254339781004,88.15461504989771,90.07858672671043,1154700
2022-03-16,88.7134780883789,89.99612811772056,87.90723733228283,89.99612811772056,1411300
2022-03-17,88.76844787597656,88.98832854472025,87.15597332880185,88.77761160922267,1351300
2022-03-18,88.17292785644531,89.11658964026752,86.86279364466532,89.11658964026752,1898400
2022-03-21,88.6126937866211,89.7395882591983,87.93472435654083,88.34700145823882,738700
2022-03-22,88.66769409179688,88.93338651573417,87.61408813201314,88.44781335780421,740800
2022-03-23,88.08131408691406,89.52887637547813,87.39418088549344,89.02497589848419,711600
2022-03-24,88.54857635498047,88.70432488685225,87.7148512904648,88.07216003529118,928600
2022-03-25,89.71212005615234,89.92284400587039,88.70432596896624,89.35481130696711,1314600
2022-03-28,89.43727111816406,89.95949213648963,88.84175420501496,89.83122781548906,1168800
2022-03-29,88.77761840820312,91.41620760484344,87.60491209858522,90.82985445003447,1896900
2022-03-30,89.10745239257812,89.37314478622996,86.62461146002973,89.29068515170546,1645200
2022-03-31,91.43453216552734,91.87429352271111,88.62186706271179,88.73180390706736,2757900
2022-04-01,93.37681579589844,93.62418765291022,91.37039168062113,91.62692028057401,1876400
2022-04-04,92.85459899902344,93.24855564932128,91.29709986429086,92.90041067528986,1353500
2022-04-05,94.17389678955078,94.73276568739252,92.32321411443806,92.32321411443806,2226300
2022-04-06,93.9265365600586,95.19086628423747,92.52478577010486,94.50373299583809,1011600
2022-04-07,94.35713958740234,94.91600854490517,93.62420161960995,93.90821447051489,1097000
2022-04-08,93.89739990234375,95.009971042771,93.65833288408602,94.7065406367227,763600
2022-04-11,93.86982727050781,94.70655848455364,93.65835053437796,94.301984533579,649600
2022-04-12,93.8238296508789,94.29276686297169,92.86756869576608,93.54798258139319,670000
2022-04-13,93.78706359863281,94.16405418229873,92.79402241808609,93.6399432688851,830500
2022-04-14,93.39169311523438,94.49506760638506,93.29974641015248,93.91579705079354,1066400
2022-04-18,92.17797088623047,93.78706264733674,91.90212377829319,93.40088230829124,715100
2022-04-19,93.35491180419922,93.5112219022941,92.2055604680595,92.4078474256335,776500
2022-04-20,95.62602233886719,96.52711678985081,93.53880359176121,93.53880359176121,1475300
2022-04-21,95.88348388671875,96.72021501919016,94.99158613543253,95.29501656908153,957200
2022-04-22,94.04450988769531,96.33401547543896,93.93417666400056,96.01219854785778,1025800
2022-04-25,94.12727355957031,94.4766738180904,92.48140170915319,94.0445166207914,945200
2022-04-26,92.49058532714844,94.71573455602095,92.48139556851471,94.03531360264759,1227800
2022-04-27,93.7410888671875,94.91803048660341,92.79402452198521,92.84919815443325,995100
2022-04-28,95.37776184082031,95.47889829124327,93.51120962335558,94.1272671900958,950500
2022-04-29,92.47221374511719,95.03756685034341,92.35268372780763,94.98240022929039,1727900
2022-05-02,90.05396270751953,93.32731250728352,88.86783149000128,93.16180566262788,1645200
2022-05-03,89.86087036132812,91.12975146261567,89.22642630314313,89.97120357834642,1349700
2022-05-04,91.4423828125,91.59869991425141,89.68617774710654,90.05397155080107,780000
2022-05-05,88.67475891113281,91.04701480114416,88.29776829551851,90.75278113179711,1747100
2022-05-06,89.6861801147461,90.29303394404167,88.04030823645304,88.27017849294508,945100
2022-05-09,90.58726501464844,91.14814898573923,88.76669656347121,88.96898350584274,1043100
2022-05-10,90.08155822753906,91.57111301634126,89.55745431757467,90.92747909711606,806900
2022-05-11,90.23786926269531,91.19413039202175,89.52067516947142,89.76893196517058,647700
2022-05-12,89.9896011352539,90.97344544964919,88.70232643037005,90.44934160020652,846400
2022-05-13,92.19635009765625,92.20554687121266,89.75053446286024,90.256251782221,945900
2022-05-16,92.81240844726562,93.23536883839725,91.97567742355449,92.23313096467088,707900
2022-05-17,92.87678527832031,92.89517181316921,90.10914528048202,92.61013492496596,1050100
2022-05-18,84.27043151855469,92.33427646370505,83.95780434382354,92.0584363843243,1926600
2022-05-19,82.23838806152344,83.85666967253016,81.55796702783269,83.59921609873744,2163900
2022-05-20,83.04752349853516,83.29578028147742,81.16258464569898,82.97396333503994,1291300
2022-05-23,84.24284362792969,84.64741045868965,83.14865909853683,83.88424663369017,1360100
2022-05-24,86.16455841064453,86.32086848748689,84.27042991104616,84.27042991104616,1084800
2022-05-25,85.88871002197266,86.36683697987627,84.87727546953427,86.09098991737812,1559000
2022-05-26,84.55545806884766,86.90932679848073,84.50029146271007,86.11857972187389,1268100
2022-05-27,85.45655822753906,85.51172483744645,84.51868376861756,84.51868376861756,1548800
2022-05-31,85.2542724609375,85.8611262233989,83.61759753737822,85.51172599744129,3660000
2022-06-01,83.41532897949219,85.24509445834163,82.51423438822617,85.07039079935191,1367900
2022-06-02,83.74633026123047,84.1508971266145,81.55796101515743,83.56242985416206,921300
2022-06-03,82.6153793334961,83.87507102541534,81.8430185402617,83.24982356728465,904900
2022-06-06,82.5050277709961,83.19463847547921,81.99011367472569,83.12107831671446,784600
2022-06-07,82.43147277832031,82.53261624918993,81.16258451289546,81.66830186724353,846800
2022-06-08,82.25678253173828,83.12109705435577,81.86140535810308,82.1464422687176,703700
2022-06-09,80.32585906982422,83.1026885461,80.29827576280462,82.37629772922354,842300
2022-06-10,80.89595031738281,81.55797081714384,79.19490466920644,79.40638840898131,1049800
2022-06-13,79.74658966064453,80.65687388007471,79.4615457823752,80.05920983122496,1157000
2022-06-14,77.0525131225586,80.02243292110914,76.37209210947614,79.87531960414776,1639000
2022-06-15,76.98815155029297,78.89147704682766,76.64794103571256,77.48466514496836,1433900
2022-06-16,76.18820190429688,76.62035912894602,75.02045701874488,75.73765814491288,1431900
2022-06-17,75.89396667480469,76.83183425874763,75.13999249474585,76.19739710478882,2068800
2022-06-21,76.84103393554688,77.55822805889864,75.95833293641518,76.14222634724446,1212500
2022-06-22,76.73068237304688,77.16283954140583,75.40663457700158,76.4824256035018,1078400
2022-06-23,78.6156234741211,78.80871363733527,77.2272052356765,77.2272052356765,956600
2022-06-24,80.7672119140625,80.87755216528676,78.86388642471711,79.08456692716562,1385100
2022-06-27,80.83158111572266,81.2821248584354,80.18794018247802,80.65687747432884,1278900
2022-06-28,79.84772491455078,81.58555042016133,79.78336152657137,80.83157629736682,1254900
2022-06-29,78.73515319824219,79.26845384624062,76.01349035977574,78.61562319717348,2849800
2022-06-30,76.54679107666016,78.77193334986325,75.7100600231769,77.85245237596942,2099100
2022-07-01,76.01348876953125,76.76746287106879,75.58133159881774,76.5192061001711,1510700
2022-07-05,77.3283462524414,77.5122466509215,75.15837065595676,75.79281475431797,1708900
2022-07-06,76.7123031616211,77.53983749755062,76.49162967706775,76.66632630375916,1256400
2022-07-07,76.0226821899414,77.12605647983489,75.6640851949719,76.78585303157709,967700
2022-07-08,75.80101776123047,76.79852279696036,75.5608760941213,76.02268319807582,686900
2022-07-11,76.04115295410156,76.73386355105511,75.77330401101887,75.88414024331341,890700
2022-07-12,75.97650909423828,77.09408147520188,75.6624765894769,76.03192369353019,842700
2022-07-13,76.77082061767578,77.17720610455606,75.31150838067653,75.7363700990527,1070500
2022-07-14,76.13350677490234,76.71538109230733,75.5331562303071,75.73635244970389,1044200
2022-07-15,75.4962387084961,76.58610397695526,75.25610403925256,76.58610397695526,1299900
2022-07-18,74.76657104492188,75.66247799878788,74.7111564445978,75.44081255087406,1382900
2022-07-19,75.69941711425781,75.88414417765954,74.94205377085311,75.20066461299858,1307600
2022-07-20,75.74559783935547,76.2074049108486,75.29302183572818,76.06886138007732,976200
2022-07-21,76.65998077392578,76.68768807325276,75.5608775898399,75.76407384706089,968500
2022-07-22,77.68519592285156,78.26707036949863,77.03866875991037,77.62978132220448,1212800
2022-07-25,78.11005401611328,78.9597774041984,77.39887416984182,77.58359419451519,946000
2022-07-26,78.36865234375,78.48872668255191,76.6969131338108,77.26955639336109,919600
2022-07-27,78.87666320800781,79.07062136683665,77.06638001232069,78.2116597796701,942700
2022-07-28,80.84394073486328,80.92706966778432,78.67344901752762,78.91359065565734,1182100
2022-07-29,80.67770385742188,81.0748582693919,80.03117669682766,80.33597109251531,2344400
2022-08-01,81.0286865234375,81.27805928664598,80.27132307104029,80.2805541405761,1243000
2022-08-02,81.61978149414062,82.14624125534142,80.49297115169979,81.45353067236056,1052000
2022-08-03,81.65673065185547,81.78603606955048,80.95478192249914,81.59207089639119,986500
2022-08-04,81.54591369628906,82.12778821348692,81.27806468298955,81.63827372410513,804300
2022-08-05,81.58284759521484,81.61979301044735,80.4006224942444,81.13027154357972,810700
2022-08-08,82.367919921875,82.7465981039268,81.8414600759666,82.02618010916977,844000
2022-08-09,83.42082977294922,83.73486224829087,82.59881374291434,83.12527352671889,749400
2022-08-10,82.94978332519531,84.08583181334207,82.41409248157636,84.06735558451098,796200
2022-08-11,82.78353118896484,83.8826342486756,82.58957306900703,83.34693636691603,865200
2022-08-12,83.74410247802734,83.79028600924147,82.54340817925272,83.29153346792246,800800
2022-08-15,84.83397674560547,84.92633677139878,83.41160979921007,83.76258776249023,698500
2022-08-16,85.4066162109375,85.86842336506034,84.63077652776978,84.63077652776978,832000
2022-08-17,85.50820922851562,85.89612552356287,85.26806754969792,85.38813486579801,1073200
2022-08-18,85.03717041015625,85.8961320121424,84.42758862140825,85.54516110629464,759400
2022-08-19,84.76931762695312,85.18494828159065,84.23361965250534,85.02792849830922,1031300
2022-08-22,83.43931579589844,84.66772455490954,83.00522297680455,84.66772455490954,698300
2022-08-23,82.2293701171875,83.25458243068164,81.804508435852,83.25458243068164,845100
2022-08-24,82.03540802001953,82.5341605035669,81.67519906744921,82.48797697770232,834400
2022-08-25,82.23861694335938,82.46028239914133,81.51819892710465,82.07236608986845,612100
2022-08-26,79.98497772216797,82.24783644057825,79.87414854267463,82.18318373700174,752000
2022-08-29,79.31075286865234,79.92033456855536,78.67345682394811,79.4308201763228,1063600
2022-08-30,78.2947769165039,79.33846552943251,78.01769686931688,79.21839116702904,887800
2022-08-31,77.64825439453125,78.72888144095903,77.53741814107023,78.42409407552258,1412200
2022-09-01,78.3132553100586,78.47950616160846,76.68769221119531,77.27880478412419,1081900
2022-09-02,76.70616149902344,79.07984969167492,76.2812927694878,78.74734801867481,988000
2022-09-06,75.92108917236328,77.14025971079218,75.5793564068132,76.86317966142326,1065000
2022-09-07,78.50720977783203,78.57186249225497,75.91185603891773,75.97650875334065,1130300
2022-09-08,73.24260711669922,74.34170319655937,71.73711149708095,72.9470508616739,3878100
2022-09-09,73.78753662109375,74.72038892030336,71.98649178032879,73.43656576783665,1890700
2022-09-12,75.19143676757812,75.33921137801634,73.63976460158202,73.88913733959154,1579300
2022-09-13,73.40888214111328,74.91437121022086,73.20568582758308,74.6742294718107,1601500
2022-09-14,73.34420776367188,73.88913676493704,73.01170608450029,73.43656777530461,1574900
2022-09-15,72.5129623413086,73.53817480172336,72.48525503912734,73.2610876866747,1243600
2022-09-16,73.09483337402344,73.15948609159824,71.86642469348452,72.48525161497786,2166600
2022-09-19,72.83622741699219,73.32574188973908,72.06962582359473,73.23338186506162,1010600
2022-09-20,71.45079040527344,72.7715589068047,71.24759416709684,72.55912455417916,1178500
2022-09-21,71.39537811279297,72.86392125975311,71.3861399980463,71.8294708532499,1263900
2022-09-22,70.81348419189453,71.60779280126681,70.76730771953584,71.3861274127444,1010000
2022-09-23,70.22238159179688,70.47176135447721,69.23411474871608,70.25932700280939,971700
2022-09-26,69.60356903076172,70.36093241852237,69.20641462945933,70.1115596765964,1057200
2022-09-27,68.76307678222656,70.63801959312153,68.51370403999495,69.87141808905592,1195700
2022-09-28,69.30802917480469,69.73289097621782,68.27357845400377,69.14177829193702,1333500
2022-09-29,67.89488220214844,69.26182727983634,67.38689157060533,69.26182727983634,1326800
2022-09-30,65.82597351074219,68.29202850209099,65.75208973850258,68.05188686411734,1612700
2022-10-03,66.87891387939453,67.13752475220036,65.75210332221104,66.55564324176946,1314100
2022-10-04,68.74459838867188,68.84619650435268,67.03591369699296,67.13751181267376,1444500
2022-10-05,67.71015930175781,68.31974809713938,66.27856142342846,68.19044266417073,1859000
2022-10-06,66.89738464355469,72.01420875801205,66.6849502520972,68.4675261492879,2635000
2022-10-07,68.17849731445312,68.78192331734886,66.79524115790198,67.0087662495647,1986600
2022-10-10,70.42512512207031,70.6850638105406,68.52199145137311,68.67981744034269,1962500
2022-10-11,70.40656280517578,71.42776075550528,69.97024114243375,70.30445009294178,1916500
2022-10-12,69.14401245117188,70.88932055589284,69.12544135018136,70.70365204278627,1356100
2022-10-13,69.50606536865234,69.99809326297209,67.78859988920526,68.1135303849704,1492900
2022-10-14,68.27132415771484,70.3879754196501,68.09493419162138,69.84024859432326,1047300
2022-10-17,68.3548812866211,69.1811179414345,67.8721390601898,68.76336038169197,1102600
2022-10-18,69.26469421386719,70.24875005306866,68.7912303119044,69.2925437817239,1065600
2022-10-19,69.3389663696289,70.3137366855976,68.90263757366208,69.44108617646368,1112800
2022-10-20,67.57508087158203,69.7567175653515,67.53794575593841,69.18113389707396,1156700
2022-10-21,68.54984283447266,68.62411305680817,66.90665489138924,67.38011870528035,1114600
2022-10-24,69.16255950927734,69.84026287324905,68.30847322594705,69.11613885098411,938800
2022-10-25,70.67578125,70.89859192050609,68.94903750896864,69.19041219395108,1138900
2022-10-26,70.92644500732422,71.63199800004949,70.1651928856044,70.9078739091269,1090800
2022-10-27,72.0590591430664,72.8481610259687,71.1214167687564,71.24210060592483,1129900
2022-10-28,73.52582550048828,73.79504971174651,71.49272976059606,72.18899707436128,1355500
2022-10-31,73.00596618652344,73.76721835409627,72.84814725633375,73.5444147418991,1848400
2022-11-01,72.95954895019531,73.92504075882748,72.66247509236999,73.22877324053692,896400
2022-11-02,71.69697570800781,73.73007162944377,71.59485592624641,72.88527089636078,1062600
2022-11-03,71.2606430053711,71.90120413885128,70.24873079294967,70.94499812966986,884900
2022-11-04,73.35872650146484,73.91574606001825,71.56699819787275,71.80837286772604,1466000
2022-11-07,74.21282196044922,74.39849043004189,72.91312142490617,73.66508793439404,1020700
2022-11-08,74.91838073730469,75.8281733939968,73.85077622874876,74.49133751732245,1082000
2022-11-09,73.53512573242188,75.44753806963358,73.4422914886075,75.0112164154261,1006100
2022-11-10,75.99526977539062,76.3016291449287,73.91575303114156,75.52180593908619,1464300
2022-11-11,77.76842498779297,78.07478434881288,74.3242230411826,76.02311722560394,1818700
2022-11-14,76.82150268554688,78.35329237317785,76.82150268554688,77.88911410921683,1082200
2022-11-15,77.65702819824219,78.78962434253182,76.9514752245735,77.71272732573233,1274500
2022-11-16,77.65702819824219,78.50182899063623,76.5801311814427,77.92625245244206,1011500
2022-11-17,77.16500091552734,77.46207473564455,75.97669855225998,77.05359557693393,1127600
2022-11-18,77.75914001464844,77.94480847577829,76.86791865218916,77.94480847577829,997000
2022-11-21,79.049560546875,79.18881544399305,77.0628781241991,77.85197976413701,1349300
2022-11-22,79.9500732421875,80.11717771412728,78.82676260190297,79.41162471229279,1233400
2022-11-23,79.94078826904297,80.3214107961605,79.52303062758244,80.06147207855851,865300
2022-11-25,78.82677459716797,80.09861880449486,78.36259622478883,80.09861880449486,1003100
2022-11-28,77.7498550415039,79.19808888085632,77.66630635821718,78.58537728836023,1523400
2022-11-29,77.7498550415039,77.7498550415039,76.15308076591134,77.48063081291698,1490300
2022-11-30,79.07740783691406,79.10525739897757,77.04430481270104,77.65702350929052,5048000
2022-12-01,79.5880126953125,80.33069370940453,78.891745260527,79.83866585540389,1172000
2022-12-02,80.19143676757812,80.33069166755537,79.10526129679288,79.43018467487414,1002600
2022-12-05,78.02837371826172,79.35592391669269,77.69416478139807,79.28165369010107,898700
2022-12-06,78.33473205566406,78.73392570091433,77.86127526088755,77.86127526088755,850600
2022-12-07,79.23523712158203,79.28165778629985,78.58539031232671,78.66893900945996,937400
2022-12-08,79.51375579833984,79.9500845971971,79.01244231132084,79.06814144894524,820300
2022-12-09,79.17024230957031,79.71797633539342,79.02170895051873,79.26307654432732,809000
2022-12-12,79.82009887695312,79.93149712939208,79.13310993385394,79.55087462889507,781500
2022-12-13,80.39567565917969,81.72322580644436,79.82009913227505,81.11979263354253,1188600
2022-12-14,80.08931732177734,81.53755837180704,79.83866416698673,80.58135224817111,1176300
2022-12-15,78.40898895263672,79.78295968578352,78.03764493696478,79.41161567011159,1109900
2022-12-16,77.4342269897461,78.14905845147437,76.52443441020228,77.76842884777581,2481500
2022-12-19,76.90505981445312,78.17691094711265,76.22736344105277,77.45279390910174,1064900
2022-12-20,77.04431915283203,77.30425789087084,76.0509777851555,76.69154616303642,787600
2022-12-21,78.21403503417969,78.65036372192071,77.2578289735377,77.2578289735377,669400
2022-12-22,78.14906311035156,78.28831802446491,77.21142091030738,78.04694331218838,916400
2022-12-23,78.18620300292969,78.40900662944331,77.73131019964784,78.05623363056345,602900
2022-12-27,78.75247955322266,78.99384713122089,78.07477622657188,78.39969956833693,665300
2022-12-28,77.27640533447266,79.24452397646476,77.25784131795913,78.92887903334191,700600
2022-12-29,78.47962188720703,78.61953231172421,77.48160462932287,77.64016645624378,685600
2022-12-30,77.313720703125,78.54491974384541,76.44628453015332,78.4516484909094,842800
2023-01-03,77.85470581054688,77.86403507090762,76.567538294107,77.64017551909335,931000
2023-01-04,79.24446105957031,79.74813434092349,77.92932008837602,78.12519184510113,890800
2023-01-05,78.76876068115234,79.53359622945689,78.45163704421262,79.16983341478397,776900
2023-01-06,80.49432373046875,80.78346675427763,78.89003253487002,79.55226769284101,937200
2023-01-09,78.91799926757812,80.55027083975638,78.83405017204508,80.18650803010495,1167000
2023-01-10,78.69416046142578,79.32841495220792,78.40501032259385,79.07657473826207,1067800
2023-01-11,77.90133666992188,78.8993540287999,76.89399716696853,78.62886952780556,1148500
2023-01-12,75.52287292480469,77.82670873440053,74.68341757286746,77.67746906466097,1637300
2023-01-13,75.6441421508789,76.03588569949248,74.73007387078056,75.18710801082973,840000
2023-01-17,75.6441421508789,76.67014020892718,75.39230904566753,75.6441421508789,1191600
2023-01-18,71.978515625,75.68144165423297,71.94120570415491,75.49489916614729,1326700
2023-01-19,71.49349212646484,72.32361819417152,71.46551146829432,71.81994499868563,984700
2023-01-20,72.23035430908203,72.24900571104669,70.74731522993493,71.47484088093026,1046000
2023-01-23,73.35894775390625,73.44288973129056,72.15572959842378,72.2490008342305,1142500
2023-01-24,73.31231689453125,73.88128074847681,72.54748128832999,73.88128074847681,1056400
2023-01-25,72.7340316772461,73.18173651116317,71.60542610059257,72.92057417202153,1660400
2023-01-26,68.51809692382812,69.88920619926469,67.38949856307529,68.08904353085808,3539300
2023-01-27,69.43216705322266,70.41152566659764,68.77925419483378,68.77925419483378,2217400
2023-01-30,69.65601348876953,70.11304746933627,69.09637902658645,69.28292147526805,1270500
2023-01-31,70.06642150878906,70.41152578047698,69.49745773984863,70.01045307640648,1732600
2023-02-01,70.53279113769531,70.82193411917288,69.48813473820998,69.89853673731841,1436400
2023-02-02,69.92652130126953,70.59808565870125,69.61871978475666,70.2436449610901,1696400
2023-02-03,69.52543640136719,70.90586768075396,68.89118207631041,69.79592794900861,1198600
2023-02-06,70.25296783447266,70.34623907205085,69.1803308119752,69.1803308119752,1059000
2023-02-07,69.56275177001953,69.78660416225402,68.41549491705663,69.78660416225402,1470600
2023-02-08,68.82588958740234,69.45081463723912,68.72328910266633,69.28292358186552,1210900
2023-02-09,68.48079681396484,69.4321820914616,67.97712351107957,69.1057220334901,1386500
2023-02-10,69.4881362915039,69.49746555063933,68.12635621945951,68.55540962987298,1174200
2023-02-13,70.50479888916016,70.51412814749534,69.59073082420718,69.63736999974398,1036000
2023-02-14,69.87055206298828,70.42085733369021,69.12436794677168,70.42085733369021,990400
2023-02-15,69.76795959472656,70.00114126835047,69.16168582007644,69.71199115408167,1099500
2023-02-16,69.3109130859375,69.62804383818646,68.49944547816338,69.03109936868896,974000
2023-02-17,70.65404510498047,70.86857536973405,69.06841261574704,69.37620700793818,1031200
2023-02-21,70.44884490966797,70.6913558386699,69.65602865593297,70.607406737187,1002100
2023-02-22,70.73799133300781,71.7080279799128,70.38355773969529,70.7939597754236,1320800
2023-02-23,70.32758331298828,71.02712822568483,69.58139922632309,70.73797815612917,945200
2023-02-24,69.93583679199219,70.17834056076818,69.58139616416209,69.76794573568807,820500
2023-02-27,69.96383666992188,70.70069166857475,69.63738372523781,70.34625094336879,1056400
2023-02-28,69.32024383544922,69.76795575527028,69.07773291570699,69.609386817666,1724000
2023-03-01,68.0610580444336,69.02176526014803,67.70661739822826,69.02176526014803,1403800
2023-03-02,68.12635803222656,68.12635803222656,67.00708173880294,68.04240893005336,2324100
2023-03-03,67.99577331542969,68.44347811651306,67.50142933600286,68.44347811651306,1794800
2023-03-06,68.30357360839844,68.43415476608833,67.61335078502115,67.84653244034443,1194800
2023-03-07,67.2775650024414,68.63934494212468,66.9697706422861,68.38751189906324,1836300
2023-03-08,67.84654235839844,68.16367315638992,67.02574537348356,67.47345023211334,1565700
2023-03-09,67.15631866455078,68.4528081361447,66.91380774352082,68.2569363939765,1743500
2023-03-10,66.17693328857422,67.02571770337414,65.93442955532066,66.8671559279074,1358800
2023-03-13,67.26824951171875,67.89317466818852,65.85050099861812,65.92512083954756,1456600
2023-03-14,67.00706481933594,67.64131909061642,66.26088792827177,67.6226676926985,1406100
2023-03-15,68.01441955566406,68.2662597137841,66.17694708014864,66.7365887132425,1507900
2023-03-16,68.32221984863281,68.39683968057291,67.19362157605964,68.12634812689421,1416700
2023-03-17,67.734619140625,68.51810619480608,67.51075959702438,68.51810619480608,2680300
2023-03-20,68.35020446777344,68.4714634807383,67.68796943223809,67.75326000993483,1348800
2023-03-21,67.8931655883789,68.4994392616051,67.23093060000956,68.2942382845619,1329700
2023-03-22,67.2589111328125,68.25692824246688,67.24025261704023,67.74392580081049,1203200
2023-03-23,66.4101333618164,67.77192050694157,66.37283055873358,67.17496891552452,1448200
2023-03-24,67.9677963256836,68.1916487383151,66.55937703409144,66.60601621495378,1259200
2023-03-27,69.0777359008789,69.43217659492832,68.11702855548363,68.30357816186223,2233300
2023-03-28,75.71875,78.24643837652161,73.11644178334042,73.70405701311273,6331900
2023-03-29,75.7374038696289,76.46493666046898,75.55086137934573,76.01722472119354,2550700
2023-03-30,75.5601806640625,76.33433830106765,74.92592631823129,75.93327271151715,1883000
2023-03-31,77.61219024658203,77.82672052529962,76.00789913452414,76.00789913452414,2106800
2023-04-03,78.64751434326172,78.86204461340999,77.28573422759764,77.2950634870319,1870500
2023-04-04,79.41233825683594,79.5615779212575,78.63817350896161,79.07655612802633,1851600
2023-04-05,79.57091522216797,80.42902922379272,79.42168264545512,79.91602667478554,1614000
2023-04-06,80.39546966552734,80.41420672209934,79.40223409553785,79.77703956635541,1188100
2023-04-10,79.88011169433594,80.32987969158533,79.5053062214314,79.97381127535712,1459300
2023-04-11,80.68594360351562,81.19192993619774,79.68334304120664,80.06751348063082,1333000
2023-04-12,80.47981262207031,81.16383327403202,80.25493215585625,80.47981262207031,1177000
2023-04-13,81.02327728271484,81.35122943972777,80.02067660337767,80.39548213231568,1363700
2023-04-14,79.6364974975586,80.9576853541474,79.45847041494149,80.85461365687506,1105300
2023-04-17,80.13311004638672,80.27366300770814,79.05555402350389,79.75831168129038,1159100
2023-04-18,79.78642272949219,80.39548081039929,78.77444996264536,80.01130318362901,1276000
2023-04-19,79.88949584960938,80.13311336725386,79.61776201947897,79.96445123644259,859600
2023-04-20,80.02067565917969,80.05815692651332,79.32729008555948,79.80516015921651,720400
2023-04-21,80.28303527832031,80.69532205936777,79.79579311339018,80.4048440323477,937000
2023-04-24,79.85199737548828,80.77963532065482,79.48656402894329,80.40482987196734,1157600
2023-04-25,80.43295288085938,80.63909627057822,79.84263902297224,80.01130114648578,1023200
2023-04-26,79.62714385986328,80.33926658918762,79.46784666491544,79.84265224019347,1014900
2023-04-27,81.89469146728516,81.94153768716772,79.52405684685239,79.52405684685239,1387200
2023-04-28,82.31635284423828,82.61619585216911,81.70729472377282,82.13832574969327,2218300
2023-05-01,82.841064453125,83.18775360684808,82.18515310902968,82.30696184563244,1763400
2023-05-02,82.67241668701172,82.93477841061089,81.9977681698591,82.64430037477969,982600
2023-05-03,82.3819351196289,83.55319787035891,82.26012636712836,82.96288401756637,1258400
2023-05-04,82.70988464355469,82.98161845098626,81.73540035673703,82.55996673359054,974700
2023-05-05,83.34706115722656,83.37517747050498,82.35383255268786,82.35383255268786,776600
2023-05-08,82.72863006591797,83.26272558524994,82.44752415097678,82.94413840506189,775600
2023-05-09,82.8785400390625,83.431379712471,82.29759835543626,82.5318508791745,1125200
2023-05-10,83.41265869140625,83.84368974584909,82.67242680161061,82.95352561893483,1100500
2023-05-11,83.87181091308594,83.97488263883217,83.00039087193679,83.32834311348266,1000500
2023-05-12,84.5932846069336,84.62139377074877,83.72186478455859,83.74060899298266,1298700
2023-05-15,85.12737274169922,85.42721571094583,83.88114749655972,84.62138639069174,1422800
2023-05-16,84.04981994628906,84.93998400888752,83.75934904472786,84.93998400888752,1064500
2023-05-17,83.1877670288086,84.33092065257706,82.53186272770573,84.12477725828168,1021000
2023-05-18,83.00037384033203,83.15966387513632,82.39131571739777,82.76612126603587,903600
2023-05-19,83.31895446777344,83.82494088949935,82.80360309016427,83.00973935191517,2950100
2023-05-22,82.19453430175781,83.39390619080305,81.72602921079825,83.06595405689542,1544900
2023-05-23,81.7916259765625,82.25075899961672,81.41682044498275,82.25075899961672,972300
2023-05-24,82.16641998291016,82.73799672991126,81.14507523133673,81.78224240100256,1032800
2023-05-25,81.7166748046875,82.1570708293773,81.33250426428744,81.64171225818245,1013600
2023-05-26,81.45429229736328,81.80098862504207,80.63909089657159,81.32311144879728,1070100
2023-05-30,80.03941345214844,81.07012329239893,79.70208919187434,80.76091534449837,1390300
2023-05-31,80.32989501953125,81.11698022887865,79.4209938976745,80.21745121155827,6040500
2023-06-01,82.0633544921875,82.10083575779954,80.93893797028774,80.9670542811121,1644700
2023-06-02,82.88792419433594,82.96288672854914,81.9509139631332,81.9509139631332,1139300
2023-06-05,83.16902923583984,83.96548649410009,82.81296077653666,82.83170498430033,814700
2023-06-06,84.47146606445312,86.579738892274,83.94673552166451,85.97068086780617,1718300
2023-06-07,85.03367614746094,85.26792869883135,82.75674106218767,83.62816083923845,1419700
2023-06-08,84.4527359008789,85.08053823599,83.78745944467042,84.90250399108164,761100
2023-06-09,84.9587173461914,85.2304511755725,84.10604173914528,84.22785049763162,693200
2023-06-12,84.9212417602539,85.26793814827863,84.50896208535084,85.15549433758434,765700
2023-06-13,84.64949798583984,85.3428906805751,84.5183171298241,84.73383262117596,898000
2023-06-14,85.24918365478516,85.52091029795973,84.6963439679496,85.0711494447978,759100
2023-06-15,86.18621826171875,86.26117365933057,85.15550112031006,85.61464135560009,1303100
2023-06-16,86.81399536132812,87.42305341338596,86.18620025098838,86.25179067820565,1714000
2023-06-20,87.08572387695312,88.31320486114076,87.07635177397201,87.40430389011145,2782400
2023-06-21,87.43243408203125,87.79786754917991,86.57038626972272,86.92644763163581,1776200
2023-06-22,87.8447036743164,88.21013706969595,87.46989817554193,87.97588452656443,1293400
2023-06-23,87.88217163085938,88.44437621947489,87.61043786411771,88.33193244222412,1779900
2023-06-26,87.4136734008789,87.84469719056894,86.87020582520985,87.84469719056894,1853300
2023-06-27,87.3761978149414,87.86343995486287,86.87958357170794,87.62918741380403,2792200
2023-06-28,86.06439208984375,86.64534103230508,85.3428973255798,86.62659682351737,3916600
2023-06-29,81.3137435913086,85.10863774119441,80.8546105973548,85.10863774119441,4993700
2023-06-30,81.73539733886719,82.44751989533908,81.05137679385443,82.08208651407008,2368600
2023-07-03,82.61618041992188,82.61618041992188,81.05137523798052,81.744760723896,1164900
2023-07-05,81.58547973632812,82.42879036581722,81.4168176104303,82.29760950665455,1883700
2023-07-06,80.31114196777344,81.4449234319196,79.99256193682577,81.35122384333619,1675000
2023-07-07,79.6993179321289,80.67826402175714,79.65225756661276,80.15114196638017,1346700
2023-07-10,78.4285659790039,79.84992102705421,78.27796276904093,79.5769450786539,1712000
2023-07-11,78.61682891845703,78.72978672230013,78.07088415363047,78.40975038366041,1953600
2023-07-12,79.9628677368164,80.2734962679229,78.63564783894982,78.8144958747078,1329900
2023-07-13,80.20760345458984,80.34879888980339,79.20041988293045,79.82167692527082,872800
2023-07-14,80.7347183227539,80.9323962235764,79.84990755741792,80.1134685165179,901500
2023-07-17,80.71589660644531,81.2053659391269,80.40526810877361,80.46175058748513,938900
2023-07-18,80.4146957397461,81.42187939412445,80.07582954000209,80.8759274965926,955000
2023-07-19,81.00769805908203,81.19596102556189,80.06640477117637,80.60294165802269,1178700
2023-07-20,82.41963958740234,82.47612206918929,81.13007235415141,81.29950543651624,957900
2023-07-21,82.9561767578125,83.1350247846471,82.090188636873,82.41023209639292,1456400
2023-07-24,83.55860137939453,83.91629742226843,82.63613798582018,82.81498600725713,1131400
2023-07-25,84.54696655273438,84.66933210020731,83.25739210621944,83.78452125406034,1632400
2023-07-26,84.65050506591797,84.81993814379457,84.04807794046737,84.47165704440995,1186700
2023-07-27,84.3116455078125,85.13998107475247,84.26457796747,84.64109674571485,1444500
2023-07-28,84.55638122558594,85.0646804835707,84.03866702351863,84.89524739757577,1006500
2023-07-31,84.22693634033203,84.70699080221937,83.14444749726492,84.55638759304844,2362700
2023-08-01,82.8808822631836,84.56579103840141,82.83381472312794,84.17986449963871,1508800
2023-08-02,83.10679626464844,83.66215593099251,82.56084436175172,82.69262486500281,1132700
2023-08-03,82.99382781982422,83.40799916632238,82.69261425368862,82.96559017010804,1016300
2023-08-04,82.21255493164062,83.56801960738677,82.16549457464828,83.23856838244794,992600
2023-08-07,82.47611999511719,82.69261342844587,81.86427792521393,82.18431419413383,725300
2023-08-08,80.74415588378906,82.47613967109965,80.52766239881245,82.47613967109965,790300
2023-08-09,81.86428833007812,82.24080712721971,80.48058587994454,80.74414688349404,1006600
2023-08-10,81.0830078125,82.29727708406915,81.00770262166665,81.95841090681738,755300
2023-08-11,81.3559799194336,81.55365064995694,80.90415597716743,81.29950461971204,1101800
2023-08-14,81.73249816894531,81.95840654793234,81.37480212225982,81.61012544497486,878600
2023-08-15,80.83827209472656,81.46894411106835,80.38645529840541,81.46894411106835,782000
2023-08-16,80.76295471191406,81.34655186564396,80.75353976964516,80.95121046831143,476600
2023-08-17,80.09465026855469,81.05477353793142,79.98169965909759,80.90416314999054,637700
2023-08-18,79.98168182373047,80.4052608777365,79.6992910000618,80.00050452727646,789500
2023-08-21,78.74860382080078,79.7934328152423,78.53210319398069,79.7934328152423,990300
2023-08-22,77.51549530029297,78.67328912179126,77.22369669991015,78.57916123600621,1140000
2023-08-23,76.85660552978516,78.0143923597686,76.68717243497069,77.7978989050881,1161400
2023-08-24,76.2353515625,77.41196832959038,76.01885809899471,76.99780411099375,1441700
2023-08-25,76.69659423828125,77.10135071311757,75.88708128860861,76.76248449318487,1411100
2023-08-28,77.1860580444336,77.3272534893512,76.77188665440829,76.82836914127452,1090100
2023-08-29,77.9390869140625,78.02379986264079,76.73422547613242,77.46844027130004,943200
2023-08-30,78.05203247070312,78.57916155996779,77.76964881218382,78.14616035687624,702500
2023-08-31,77.26136016845703,78.24030611774528,77.12016472915133,78.14617103720924,1394300
2023-09-01,75.73645782470703,77.55315417541362,75.50113450042637,77.33666073871426,1460200
2023-09-05,75.76468658447266,76.08473000231989,75.05871669446807,75.58584576242285,1141500
2023-09-06,75.39759826660156,75.89648260872956,75.35053790652262,75.70822680541661,812900
2023-09-07,75.41642761230469,76.263585902606,75.26581722554094,75.73646391192989,973000
2023-09-08,75.9623794555664,75.98120934643227,75.16228144974801,75.33171456004479,783400
2023-09-11,76.95073699951172,77.1672376457307,75.98120592702864,76.15063902970036,1039100
2023-09-12,75.99061584472656,77.06368969682318,75.7270476723972,76.95073190868203,763200
2023-09-13,75.1528549194336,76.02825799077286,74.92694653436162,75.73645936082579,1090800
2023-09-14,75.6611557006836,75.76469854207907,75.00225323861983,75.33170446965171,1103800
2023-09-15,75.10580444335938,75.89648748588174,75.02108429937539,75.68940896152995,1796700
2023-09-18,75.22816467285156,75.48231790528942,74.50337193524798,75.3787750597034,1100100
2023-09-19,74.09860229492188,75.4540668090842,74.02329711491346,75.08695585191754,1377600
2023-09-20,73.94800567626953,74.59750040691401,73.85387777451636,74.41865236653398,1421300
2023-09-21,72.86551666259766,74.06095597507625,72.81844912573325,73.7032671119995,995700
2023-09-22,72.0560073852539,73.2514467561729,72.03717749698849,72.62078194774712,958800
2023-09-25,71.12411499023438,71.94304269522452,70.87938391825824,71.78302456781763,1378900
2023-09-26,71.04882049560547,71.49122230824267,70.46521607205528,70.54052125860973,1317200
2023-09-27,69.74041748046875,71.40651065100532,69.48627144812313,70.90762634868015,1427300
2023-09-28,70.26754760742188,70.51228588086012,69.75924835404926,70.03222427798075,1237000
2023-09-29,71.19941711425781,71.66064877170275,70.61581274458457,70.71935557116366,1661700
2023-10-02,70.33343505859375,71.04881996249746,69.94750136652142,70.86055699752396,2825400
2023-10-03,64.38446044921875,67.24599282268376,62.69012970785866,66.1823268422475,7564700
2023-10-04,64.39389038085938,65.22222605749434,62.20067485002555,64.53507865758742,3804500
2023-10-05,61.551170349121094,64.55389837355645,61.47586515906984,64.55389837355645,3350700
2023-10-06,61.12505340576172,61.51329551592476,58.93761807447941,61.51329551592476,4143900
2023-10-09,59.808799743652344,61.10610803947354,58.63459119000473,60.812558610281854,5231600
2023-10-10,59.85614013671875,60.87883815734571,59.51524079650976,60.50006030993722,3570500
2023-10-11,58.729286193847656,60.23492265499519,58.4167939036597,59.98871595139979,2864400
2023-10-12,56.39980697631836,58.71034170425376,55.99262205938605,58.587238363431766,4390400
2023-10-13,57.75394058227539,57.80128691588557,56.3429967220124,56.55132492464963,3939300
2023-10-16,58.23687744140625,58.539898303337395,57.327814855612814,58.03802067806899,3586300
2023-10-17,58.57777786254883,58.95655214059507,57.89597910485445,57.89597910485445,2704500
2023-10-18,57.96226119995117,59.23116236012088,57.933854124190795,58.60618140733839,2525100
2023-10-19,56.854347229003906,58.07590217335363,56.75965094710056,57.86757396546007,2564400
2023-10-20,56.589202880859375,57.30888019486518,56.39981753618891,57.00585930863976,2688700
2023-10-23,57.611900329589844,58.22741352862168,56.29565269491244,56.5323879849564,4475300
2023-10-24,58.99443054199219,59.44896184217564,57.87703974109775,57.87703974109775,3593900
2023-10-25,60.96406555175781,61.21974369509121,58.805040994924624,58.92814434963865,3439300
2023-10-26,61.011417388916016,61.986765598385254,60.60423241340495,60.85043913046891,3532700
2023-10-27,59.63835144042969,61.31443766013567,59.221698647103146,60.85990274267836,1888500
2023-10-30,60.395896911621094,60.651575031993545,59.39214174541405,59.998183418360185,2123600
2023-10-31,60.50953674316406,61.068228515205206,59.922430669935345,60.74627201428397,6000200
2023-11-01,60.70839309692383,61.56064151215884,60.19704404778282,60.65157894410385,1651600
2023-11-02,61.38071823120117,61.882595828980605,61.049290310458794,61.17239004542401,1738600
2023-11-03,61.51328659057617,62.41288487675434,61.39965106954487,62.214020908802944,1341600
2023-11-06,61.27655792236328,61.90154251828984,61.077701157637726,61.16292238912556,968600
2023-11-07,61.33336639404297,61.64585866305328,60.86936731934034,61.162916722272485,907400
2023-11-08,61.83525085449219,61.90153643622122,60.99247393340023,61.50381572126045,1316300
2023-11-09,61.12505340576172,62.195094291866006,60.88831812103699,62.0341160321542,1064800
2023-11-10,61.48488235473633,61.522760863495314,60.6799839112217,61.19133294258774,902400
2023-11-13,61.64586639404297,62.280315220082116,61.48488813512334,61.48488813512334,1160000
2023-11-14,62.791664123535156,62.857949713762615,62.03411555301963,62.30872934812979,1622000
2023-11-15,62.37500762939453,63.25566306755889,62.261372106068386,63.104149036457365,1540100
2023-11-16,62.53599166870117,62.696969923235976,62.090928191797744,62.30872782555866,1246400
2023-11-17,62.83900451660156,63.08521119626762,62.024634689279225,63.08521119626762,1765200
2023-11-20,62.14773941040039,62.74431690427301,61.693211745588556,62.74431690427301,1693600
2023-11-21,61.9109992980957,62.26137006509258,61.56063575568523,62.06251332423049,1900800
2023-11-22,62.640159606933594,62.91477341216054,62.280317339938684,62.3466029326081,1302500
2023-11-24,62.914772033691406,63.41664968499048,62.32766592249173,62.32766592249173,553500
2023-11-27,61.49435043334961,62.76324789691223,61.4754075677101,62.76324789691223,1326500
2023-11-28,61.560638427734375,61.97728756851693,61.0776964792006,61.465945769583186,1663700
2023-11-29,60.86937713623047,61.92995384547074,60.623170409612804,61.89207533179204,1650900
2023-11-30,61.39019775390625,61.437540477629604,60.29174252946049,60.86937722083494,2406100
2023-12-01,62.48863983154297,62.49811126522512,61.153456665843905,61.46594895607093,1608400
2023-12-04,63.24618911743164,63.454517289611985,62.25189819551137,62.28977670177929,2029300
2023-12-05,63.113624572753906,63.823830384394974,62.8390107919689,63.3882383535389,1306900
2023-12-06,64.13632202148438,64.43934287571147,62.962109889840676,63.15150243909952,1343400
2023-12-07,64.13632202148438,64.66660671023504,63.56815159829489,64.2026076075782,1084300
2023-12-08,63.53028106689453,64.39200101892054,63.24620304421089,64.30677977949183,991900
2023-12-11,64.24994659423828,64.51508892321176,63.54921226415311,63.56814790568553,1079900
2023-12-12,64.08898162841797,64.37306688234645,63.56816107107846,64.37306688234645,1273600
2023-12-13,66.08702850341797,66.20066405048514,63.89959660063881,63.99428927756738,1345300
2023-12-14,64.65711975097656,66.74039394505994,64.61924125022028,66.37108036883257,2475700
2023-12-15,63.331417083740234,64.57191481623842,62.96211063902493,64.01321582001069,3956900
2023-12-18,64.11738586425781,64.18367145728855,62.98105934813443,63.549222606196125,1623500
2023-12-19,64.59085083007812,64.78024338267834,64.12685171923516,64.24995145998491,1481500
2023-12-20,63.38823699951172,64.44880636517196,63.37876556600776,64.14578551432804,1093000
2023-12-21,64.26889038085938,64.45827569724247,63.54921317434748,63.70071998253661,990200
2023-12-22,64.26889038085938,65.46203087832903,64.20260479766661,64.57191122182438,1003100
2023-12-26,64.54350280761719,65.007501880339,63.86170412344584,64.09843937630609,2017000
2023-12-27,64.59085083007812,64.70448636163825,64.25942289376172,64.49615816607161,1266200
2023-12-28,65.01009368896484,65.26734865302559,64.5908558385788,64.64802199295936,918900
2023-12-29,65.19111633300781,65.40073523911838,64.69565941166721,64.69565941166721,1170800
2024-01-02,66.2582778930664,66.67751579431028,64.97198837802617,64.97198837802617,1818900
2024-01-03,65.70563507080078,66.76325247219874,65.47696319922352,66.13440300802435,1765400
2024-01-04,64.83859252929688,65.63894782446368,64.72425294312359,65.41027592146584,2409900
2024-01-05,64.06681060791016,65.21970746459527,63.63804989742382,65.08631492047293,1190400
2024-01-08,64.04776000976562,64.34312818703235,63.60946916727837,64.00011669824254,1846600
2024-01-09,64.43839263916016,64.52414912620053,63.304556234470674,63.561811156897704,1970200
2024-01-10,63.142581939697266,64.17161630768872,62.5137324499345,63.63804616251449,2201700
2024-01-11,62.6185417175293,63.18069493741931,62.427975759589295,63.12352878471131,1380100
2024-01-12,63.21880340576172,63.39983923494206,62.875791976445015,63.1425770282808,1514600
2024-01-16,62.104026794433594,63.20928031330231,61.72290213403642,62.93297238559633,2728900
2024-01-17,61.951568603515625,62.42797257000308,61.503754981269424,61.77054003940678,1603800
2024-01-18,61.85629653930664,62.037332394055625,60.86537893481821,61.379892516787,1837700
2024-01-19,61.96110153198242,62.29458286979786,61.21791247360861,61.96110153198243,2299900
2024-01-22,61.5609245300293,62.027798407547245,61.046407345493016,61.31319241836041,2378900
2024-01-23,63.64756774902344,63.7523771948308,61.8181711390612,61.8181711390612,2274700
2024-01-24,62.67570114135742,63.838127917275,62.67570114135742,63.77143165649353,2485600
2024-01-25,65.36260986328125,66.2391912441743,63.37124516520817,63.37124516520817,4464200
2024-01-26,65.8199691772461,66.0581711439246,64.83857823762622,65.5912900553048,2894400
2024-01-29,65.34357452392578,66.08676360241421,65.05772921557723,66.01053721760817,2598400
2024-01-30,66.00101470947266,66.57270539206304,64.9338742765818,64.97198747337777,2967900
2024-01-31,64.9433822631836,65.87712982378176,64.73376338690949,65.65798810356539,2795500
2024-02-01,65.44837951660156,65.46743247682798,63.88577508151999,64.49557157963243,1855200
2024-02-02,64.48605346679688,65.6865937262363,63.942953132418154,65.35310507075106,2293900
2024-02-05,62.74240493774414,64.20973012051519,62.73287482238869,64.114450775005,1523700
2024-02-06,63.88577651977539,64.68613171556093,62.751932723064726,62.8090988743786,1719100
2024-02-07,62.52325439453125,64.18113803562984,62.42796779304693,64.16207780759414,1544100
2024-02-08,62.71381759643555,63.085412107200284,62.18024748238313,62.4946685742511,1937000
2024-02-09,61.59903335571289,62.885322591209025,61.29413511271123,62.885322591209025,2111100
2024-02-12,62.95201873779297,62.97107169760565,61.45611060000852,61.55138993776694,1850500
2024-02-13,62.2660026550293,63.275984099416945,61.29414167311291,62.83768601317708,1990400
2024-02-14,61.92299270629883,62.46609300027298,61.39895264402818,62.46609300027298,1325200
2024-02-15,62.45655822753906,63.28549641464169,61.86581473645853,62.40891492672639,2016000
2024-02-16,63.028263092041016,63.5904164336908,61.79913965716062,62.18026438624246,1746600
2024-02-20,64.84810638427734,64.98149891497556,63.11399621585271,63.11399621585271,2326500
2024-02-21,64.34312438964844,65.13395679042675,63.771441031854444,65.13395679042675,2292200
2024-02-22,64.59085845947266,64.62897165372229,62.61854609048259,63.923888464126925,2089000
2024-02-23,64.8671646118164,65.46743098143061,64.2859512019934,64.4669870320736,2966100
2024-02-26,64.67660522460938,65.26734880889613,64.17161814144647,64.76236172573324,1319900
2024-02-27,64.63849639892578,64.88622853415085,64.34312822150083,64.79094918040235,1053900
2024-02-28,64.53368377685547,65.0196105833055,64.15255915406027,64.45745739842693,1397000
2024-02-29,65.6103515625,65.7913873868959,64.4383946650826,65.01960805665624,2743500
2024-03-01,64.60990905761719,65.47696783903332,64.37170705428505,65.41027156887425,1325900
2024-03-04,65.24828338623047,65.29591941611457,64.34311158627055,64.48603421461652,1233500
2024-03-05,65.64846801757812,65.89620011550002,65.12442074684866,65.48649241366088,1841900
2024-03-06,65.08631134033203,66.22015517235218,64.61943746158471,66.1534589039597,1558200
2024-03-07,65.16252899169922,65.43884414353896,64.47650616911052,65.4293140295177,1232300
2024-03-08,65.34357452392578,65.66752575532918,64.76236106113905,65.04819910013944,957600
2024-03-11,66.59175109863281,66.69656056106234,65.32451470332906,65.32451470332906,1554600
2024-03-12,65.70563507080078,67.17296017967136,65.67705199552209,66.29637861416875,1471500
2024-03-13,65.42932891845703,66.82995795507486,65.3435796807941,66.02007254330262,2311100
2024-03-14,64.77188110351562,65.61034939794231,64.49556595357629,65.16252854353536,1987000
2024-03-15,64.95291900634766,65.20065111944236,63.857188362751764,64.30500928164864,3794600
2024-03-18,64.90528106689453,65.90572506659564,64.7528283035032,64.94339425774236,2081300
2024-03-19,66.1248779296875,66.28685354816912,64.50509993682651,64.86717163619515,1846700
2024-03-20,65.48649597167969,67.21107609739333,65.11489416993312,66.36307757275584,2096100
2024-03-21,66.20109558105469,66.42023732553372,64.73377055402497,65.37215009746888,1731500
2024-03-22,66.72513580322266,66.81089229393541,66.2201487813668,66.42976768161203,1577300
2024-03-25,66.6393814086914,67.59218923086041,66.25825682595445,66.96333257894241,4910700
2024-03-26,73.65205383300781,74.08081448175489,70.26958286854564,71.3176701083087,6318400
2024-03-27,72.44198608398438,74.09986985430055,71.660683868608,74.08081689412693,4352500
2024-03-28,73.1851806640625,73.80450732225013,72.86122943109099,73.16612770244285,2583900
2024-04-01,73.004150390625,73.3376317313362,71.72738391131182,72.21331801883272,2306900
2024-04-02,74.57627868652344,74.70967849383189,73.29951946051797,73.91884611210413,3759000
2024-04-03,72.65160369873047,74.52863645902606,72.39434875955607,74.31901755411117,1934400
2024-04-04,72.80406188964844,73.40432830543052,72.1466220514004,72.74688846718249,1856200
2024-04-05,72.30586242675781,72.79448232477256,71.50107628240845,72.7561584788963,1616900
2024-04-08,72.45914459228516,73.13937635468773,72.21005057869026,72.23879163337232,1279400
2024-04-09,72.45914459228516,72.84237571027232,72.10466183850563,72.70824591540566,1045800
2024-04-10,71.64478302001953,72.21962604211717,71.10826384066516,71.85556050034464,1235100
2024-04-11,70.34180450439453,71.75975750624171,69.8436091472474,71.75975750624171,1719000
2024-04-12,68.75140380859375,70.1214501505784,68.36817268246381,70.1214501505784,1708000
2024-04-15,68.8951187133789,69.54660214734322,68.3969160397843,69.04840678327463,1912500
2024-04-16,68.78973388671875,69.43164187818657,68.67476234560193,69.06756898607983,1217900
2024-04-17,69.2400131225586,69.35498464786696,68.63642906112193,69.19211380249085,1158800
2024-04-18,69.65199279785156,69.8915113526028,69.33583386081983,69.70948222146968,1330400
2024-04-19,70.82083892822266,71.0699402521822,69.68073566801576,70.12144889685149,1726900
2024-04-22,71.55855560302734,72.20046348439354,70.81125898776219,71.098676826966,1715000
2024-04-23,71.87472534179688,72.0663445730418,71.2903067876971,71.44359486316678,1701200
2024-04-24,72.66991424560547,72.81362681306253,70.59089533957109,71.09867340966453,1824600
2024-04-25,72.39208221435547,73.6759054078653,71.9992756041536,72.8040544013628,1732000
2024-04-26,72.55496978759766,72.86155327050841,71.99928494059479,72.21006245563221,1248000
2024-04-29,73.09148406982422,73.14896618472207,72.59328137562183,72.69867012595209,1386200
2024-04-30,72.8711166381836,73.26393054355663,72.10466171306821,72.88069942623615,3019000
2024-05-01,71.42442321777344,72.59326741658721,70.93580340652,72.51662704796944,1767000
2024-05-02,71.98970031738281,72.55496793963377,71.29031019114672,71.7310234797606,1479300
2024-05-03,72.28669738769531,72.95735373123816,71.86514969896757,72.152567580892,1584400
2024-05-06,72.58369445800781,72.76572356300794,71.83639784399375,72.35375141559952,1637400
2024-05-07,72.98609161376953,73.36932274919212,72.5837022108625,73.04357372574884,1510100
2024-05-08,72.39208221435547,73.61841598697475,72.3441828913935,73.1298034213231,1331100
2024-05-09,72.18130493164062,72.6028599082479,71.05078442078639,72.46873010833211,1097800
2024-05-10,72.95733642578125,73.01481852662614,72.09506836548516,72.18129151675251,793100
2024-05-13,72.56453704833984,73.54177681472571,72.49747214747227,73.07231519912666,879900
2024-05-14,71.47232818603516,73.10105858249439,71.19448581294166,72.78489236729915,1037400
2024-05-15,71.5010757446289,71.99927842774716,71.21365786700791,71.64478833820249,1029400
2024-05-16,71.35736083984375,72.27711108137295,71.3477780523572,71.84597335878024,1416500
2024-05-17,70.90707397460938,71.55856472653643,70.79210243855421,71.55856472653643,1279500
2024-05-20,71.15617370605469,71.46275718390547,70.30348817985951,70.83043195875617,2137400
2024-05-21,70.89749145507812,71.52024115273741,70.3801305051547,71.21365769828569,1450600
2024-05-22,70.55257415771484,70.90706419618783,70.17892585397107,70.51425031764816,1804300
2024-05-23,69.12505340576172,70.8304242731061,69.03882292878681,69.92983220672275,1346900
2024-05-24,69.18254089355469,69.60409590368897,68.85679915628835,69.33583628252224,1053800
2024-05-28,68.32026672363281,69.13463561575325,68.02326606998116,68.85679322931023,1561700
2024-05-29,67.2376480102539,68.31069375145842,67.15141753083626,67.9466208754023,1314900
2024-05-30,67.7550048828125,68.15739427048874,67.12267243687069,67.42925587169911,1783200
2024-05-31,69.1921157836914,69.4986992171001,67.68793967141661,67.74542178095399,4091100
2024-06-03,68.88553619384766,69.7957037567597,68.31069313782288,69.23044348936773,1624700
2024-06-04,65.98257446289062,68.2148818504023,65.58976052233169,68.02326992934141,3345700
2024-06-05,65.44605255126953,65.7813844011104,64.5837915360409,65.76221882193431,2665600
2024-06-06,66.3178939819336,66.56699530816199,65.40771915166762,65.70472710931422,2188900
2024-06-07,65.7047348022461,66.39454944209012,65.62808710681308,65.95382884811357,1250300
2024-06-10,65.25444793701172,65.53229039001984,64.4305033686504,65.50354932755823,1251700
2024-06-11,66.2987289428711,66.3370527864111,64.94784817833286,65.1298846077665,1451600
2024-06-12,66.16460418701172,67.36219697817266,65.7717975524646,66.97897313262222,2473000
2024-06-13,65.07239532470703,66.0879589068414,64.71791256288557,66.0879589068414,1460000
2024-06-14,64.94784545898438,65.08197525099557,64.21012429339731,64.91910440491418,1374600
2024-06-17,66.56700134277344,66.61490066900825,64.67001113333728,64.68916940192594,1945400
2024-06-18,65.75262451171875,66.75860526592827,65.36940070966321,66.14543841120881,2034500
2024-06-20,65.68556213378906,66.20292305783023,65.27358995221141,65.49395022541489,1805500
2024-06-21,65.80052947998047,66.82566847459321,65.3693990587932,65.9250764815506,2280600
2024-06-24,66.2987289428711,67.18973820398065,65.40771968176155,65.71430312055593,2245200
2024-06-25,65.6664047241211,66.83525638523136,65.55143319188004,65.9921464345153,2037500
2024-06-26,64.8328857421875,65.13946922398807,64.07600617253335,64.40175523355528,3171300
2024-06-27,67.64002990722656,69.08672384295015,67.13225180443277,68.6843344757768,5768100
2024-06-28,67.96578979492188,68.08075402709707,67.1131042951657,67.83165998436651,4136000
2024-07-01,67.01728057861328,69.26876056820203,66.99812231274512,67.87954873318712,2432800
2024-07-02,67.29512023925781,67.70709237934592,66.70111899740404,66.95979577861051,1784700
2024-07-03,66.9406509399414,67.65920663239001,66.61490189174427,67.41010527900707,1059600
2024-07-05,67.90828704833984,67.95619367536639,66.49992431377456,66.98853682372525,1551900
2024-07-08,66.92523956298828,68.12033102572829,66.81922261395282,68.12033102572829,1922100
2024-07-09,67.53242492675781,67.70590654726615,66.50117511404078,66.88669064329233,1541300
2024-07-10,68.74679565429688,69.07447907171128,67.60952889739895,67.86974764928114,2105300
2024-07-11,68.61186218261719,69.18049185020173,68.27453152221646,68.80461625733479,1905600
2024-07-12,68.86244201660156,69.59492074681866,68.7178801349967,69.1997726819375,2085700
2024-07-15,70.11536407470703,70.92494000670183,68.58294933781835,68.79497587731943,4089900
2024-07-16,70.66472625732422,70.74183083336206,69.6431163606626,70.35631530626993,1599700
2024-07-17,71.75379943847656,72.56338276509518,70.88639871058818,70.9056711776781,2931600
2024-07-18,71.54177856445312,72.6597655717968,71.03096623232894,71.07915843352288,1740400
2024-07-19,70.92494201660156,71.93691931336946,70.4334169095742,71.58031617906813,1616600
2024-07-22,70.77074432373047,71.10806765782793,69.94188850103544,71.04060299100844,1228400
2024-07-23,71.26227569580078,71.64778386981654,70.42377997581262,70.66472626112102,1353300
2024-07-24,71.54177856445312,71.71526019441478,70.33704706557985,71.18517539367153,2182400
2024-07-25,72.06221008300781,73.67173681943795,71.5899574337567,71.65742209793542,1785200
2024-07-26,73.04527282714844,73.45970070982295,72.18750468560528,72.2067771520358,2667700
2024-07-29,73.36332702636719,74.03797367873685,72.7272253086212,73.0452761674942,1621000
2024-07-30,74.08617401123047,74.4138574631901,73.03564427651142,73.03564427651142,1701600
2024-07-31,74.22109985351562,75.07886808798224,73.61391047527471,74.124722804729,2291000
2024-08-01,75.23306274414062,75.31980722697132,73.56571863463888,74.33674230473963,1434600
2024-08-02,75.96553802490234,76.43779064475042,74.07652019241358,75.74386422606139,2183200
2024-08-05,73.52716064453125,76.49562029454701,73.2187497297956,75.91734339545847,2940400
2024-08-06,74.10543823242188,75.28125727029361,73.82593966169031,73.82593966169031,2682900
2024-08-07,74.79936218261719,75.84025185512898,73.8741293691945,74.18254030700207,1568000
2024-08-08,75.0499496459961,75.22343126103686,74.19218148082142,74.34638327580383,1398100
2024-08-09,74.81863403320312,75.14632478804242,74.05724292827,75.09813259221124,1158600
2024-08-12,73.71028900146484,74.68370667564203,73.62354451730334,74.68370667564203,1098100
2024-08-13,74.51985931396484,74.6258762570611,73.63317883815647,73.89339756469506,761800
2024-08-14,75.13668060302734,75.92698403925273,74.50058630220997,74.96319900224147,1422500
2024-08-15,74.0572509765625,75.34872696360509,73.7584799186105,75.34872696360509,1419400
2024-08-16,74.38494110107422,74.66443968795505,73.80667145891617,74.02833793441299,1566100
2024-08-19,75.3294448852539,75.73423285143987,74.3849322777234,74.51022169018194,1540500
2024-08-20,75.2716064453125,75.5029127846508,74.90537079526885,75.15595695219132,978300
2024-08-21,75.93663024902344,76.38961043049834,75.12704692715201,75.50292253452545,987700
2024-08-22,75.8595199584961,76.31250010583648,75.31980268665036,76.10046621958385,844300
2024-08-23,76.42816162109375,76.50525884099225,75.74386772713153,76.03300619931548,1014200
2024-08-26,76.30286407470703,77.19918450563384,76.27395169840241,76.48598559543191,949000
2024-08-27,76.38961029052734,76.91005513511315,75.81134069201985,76.35105800354727,1044400
2024-08-28,76.81366729736328,77.24737499162235,75.89807442019949,76.18721288303888,1521300
2024-08-29,76.1679458618164,77.18955585680197,75.88844726160195,77.09317880402749,974800
2024-08-30,77.13172149658203,77.20882607044494,76.37033037415378,76.37033037415378,1902900
2024-09-03,78.25934600830078,78.91472016062276,77.08353438048772,77.1413591326319,2563000
2024-09-04,79.09784698486328,79.68575651474846,78.01840496949602,78.27863107779125,3501100
2024-09-05,80.03271484375,80.45678263680605,79.23277145342942,79.6182869604716,2531800
2024-09-06,79.87850189208984,80.55315583552877,79.65683544944714,80.07126331297083,1445000
2024-09-09,80.22547912597656,80.80374878355148,79.33879849415516,80.03272502448414,2787900
2024-09-10,80.75556182861328,81.43984843009207,80.26402932359989,80.48570315232277,1781000
2024-09-11,79.59900665283203,80.53387936192041,79.22313105787231,80.53387936192041,1160300
2024-09-12,80.15800476074219,80.25438179983246,78.90508854637527,79.36770127524723,1408400
2024-09-13,80.72663879394531,80.92903277444822,80.00379999796503,80.19655406898785,1210900
2024-09-16,81.6904296875,82.39398871475036,81.15070501452907,81.43984349480267,1148900
2024-09-17,81.43983459472656,82.15303345420398,81.32417774463717,81.66150838579051,1251500
2024-09-18,80.88084411621094,81.64223523030269,80.50496851411583,81.19889496509042,1355400
2024-09-19,80.32184600830078,80.95794769827363,79.55082234684191,80.93867523180326,1735300
2024-09-20,79.98453521728516,80.2736737312782,79.57010726888066,80.2062090584262,4289000
2024-09-23,80.17729187011719,80.72664913128554,79.66648689870946,79.91706575250736,1554300
2024-09-24,80.72663879394531,80.77482363515279,79.7339413572945,80.03271237330881,1939000
2024-09-25,80.36039733886719,80.9964990212769,80.10981851224817,80.9964990212769,1246800
2024-09-26,80.235107421875,80.57243072720351,79.78212726053533,80.09053819013519,1613000
2024-09-27,80.22547912597656,81.23745654155591,80.05199749339432,80.57244239114104,2037400
2024-09-30,79.31951904296875,80.20619959673813,78.9532759880358,80.13873493184474,3214700
2024-10-01,81.04468536376953,81.73861181084587,78.6352226186971,80.3025740736498,4415900
2024-10-02,79.06893920898438,80.49533719660549,78.31718792454924,80.01344459344476,3608800
2024-10-03,77.96057891845703,78.72197005685905,77.45941388402758,78.63522557116919,2423100
2024-10-04,77.69071960449219,77.87384113144533,76.96788075990487,77.31484399355453,1841400
2024-10-07,76.90596008300781,77.54539340436179,76.6249976289228,77.4194477766447,1806100
2024-10-08,77.1481704711914,77.2353692863452,76.6346901549157,77.11910666334325,1408900
2024-10-09,77.2256851196289,77.62291023657312,76.76064937330534,77.33225735141346,1360600
2024-10-10,77.29349517822266,77.55508422624072,77.04159652980763,77.44851200543472,1059600
2024-10-11,77.6810302734375,77.92323852355528,77.31287639423779,77.52601344538971,1550400
2024-10-14,78.52391815185547,78.55298195939979,77.66165736719731,77.83604021246326,1416400
2024-10-15,78.95020294189453,79.96748059803673,78.64986706259579,78.64986706259579,1224100
2024-10-16,78.58204650878906,79.12459063236297,78.17513841610862,78.50453809353299,1098100
2024-10-17,77.52601623535156,78.74674792952672,77.50664282695298,78.52392047070053,1559400
2024-10-18,77.6810302734375,78.06856495194778,77.43882202331973,77.6810302734375,1526900
2024-10-21,75.62710571289062,77.61321642716092,75.54960468631386,77.55508880932595,1961600
2024-10-22,76.40217590332031,76.60562995946079,73.90258482797795,75.5011608594927,3127700
2024-10-23,76.89627838134766,76.97377940423905,75.45271187980794,75.64648291605954,1884300
2024-10-24,76.31497955322266,77.05129477422805,76.27623273408386,76.95441294316127,1580300
2024-10-25,75.43333435058594,76.54749372542898,75.25894412329217,76.51842991948149,1129200
2024-10-28,75.8886947631836,76.47968351643513,75.74336832701182,75.90806817192203,1088900
2024-10-29,75.06519317626953,76.28591758203602,75.04581237462304,75.53022893324436,1201600
2024-10-30,75.51084899902344,75.88869329077328,74.88110604890387,75.1136239073016,1205000
2024-10-31,75.80149841308594,76.31497876488453,75.4430349026808,75.52053593176768,1917500
2024-11-01,76.29560089111328,76.48936453990727,75.62710373703804,76.03401922608046,1517300
2024-11-04,75.74337005615234,76.55718629071752,75.61742441745338,76.11152396346377,1625300
2024-11-05,76.37310791015625,76.42154512566397,75.21050386383202,75.76273838356302,1369600
2024-11-06,74.270751953125,76.72189861112787,73.90259062982607,76.5378179494784,2015700
2024-11-07,73.9607162475586,74.88111213924135,73.77664298251008,74.40638598384879,1947000
2024-11-08,75.07486724853516,75.54960074143082,73.48598171672768,73.66037195273627,1391500
2024-11-11,74.62920379638672,75.3848923434924,74.25135952283388,74.88110244262498,1590900
2024-11-12,74.20291900634766,75.0554968124158,73.60224725201,74.90047997799996,1413100
2024-11-13,73.47628784179688,74.29011136854801,73.20501579674945,74.11572114078768,1551800
2024-11-14,72.58496856689453,73.72819183375805,72.46871333435175,73.3794113529109,1190400
2024-11-15,71.66458129882812,72.41057948885401,70.2500859445125,72.37182528018118,3138100
2024-11-18,72.29432678222656,72.42027242110984,71.48050315486061,71.8002198438833,1855600
2024-11-19,72.96280670166016,73.23407874352478,71.616129499826,72.28462659699863,1960200
2024-11-20,74.72608184814453,74.8520348607161,72.84655097468868,73.2922132391827,2118100
2024-11-21,75.52052307128906,75.8305493096714,74.56138055123256,74.73577077229815,2024300
2024-11-22,75.16207122802734,76.33435835391623,74.86172795049849,75.96620444886666,1359000
2024-11-25,74.87141418457031,76.0146374374465,74.80359616921363,75.09424903023324,2418200
2024-11-26,75.38489532470703,75.66585778900522,74.62920674771645,75.1911316763128,1239400
2024-11-27,75.36552429199219,76.36342115673341,75.22988825551919,75.95651304731439,1156700
2024-11-29,75.96620178222656,76.24715685761196,75.16206858961473,75.60773089848637,839300
2024-12-02,75.92744445800781,76.0049454799633,74.93923066408159,75.9468178655944,1771400
2024-12-03,75.55928802490234,76.10183956296699,75.12331610601666,75.92744931709079,1382700
2024-12-04,75.10393524169922,75.33646049707612,74.56139109570567,74.9489257963909,2222500
2024-12-05,75.7046127319336,75.8886933738217,74.64858827219746,74.73577969733847,1761400
2024-12-06,75.08454895019531,76.37309846745563,74.89078532890267,75.84992782003546,1557500
2024-12-09,77.47757720947266,77.48726760925041,76.04370109834643,76.28590935152516,2782900
2024-12-10,79.38619232177734,79.63808362403893,77.13849966285314,77.50665360650426,2989600
2024-12-11,78.82426452636719,79.57026278868479,78.37860217085651,79.31837149531586,1529700
2024-12-12,78.8727035522461,79.32804888489827,78.18482556988684,79.12459482777035,1360700
2024-12-13,78.04918670654297,78.87270069717758,77.6325882070442,78.87270069717758,1467700
2024-12-16,77.67134857177734,78.50454563681647,77.65197516190645,78.04919289294509,1519800
2024-12-17,77.8069839477539,78.59174378557384,76.95441348016294,77.31288438838241,2602500
2024-12-18,76.70250701904297,77.7197846281141,76.6734432116311,76.88658765479717,1697200
2024-12-19,75.80149841308594,76.72189427773742,75.53022633225723,75.97588866384865,1411300
2024-12-20,76.40217590332031,76.80908401560126,75.67555110641449,75.97588699048714,3353300
2024-12-23,75.6949234008789,76.58625542291674,74.87141678816563,75.81118602765154,1320100
2024-12-24,75.59803771972656,75.79180875446751,75.04580320603095,75.6077281193659,538500
2024-12-26,75.4042739868164,76.09214452820709,75.25894755883603,75.31707517338451,2102300
2024-12-27,74.6485824584961,75.5980346191538,74.30948500950947,74.99736291511574,1235500
2024-12-30,73.52787017822266,74.59010574405401,73.34271557998302,74.53163665356064,1612200
2024-12-31,74.2977523803711,74.46342721067278,73.20628960209673,73.52787706496254,1201100
2025-01-02,73.94692993164062,75.03840024822681,73.93719003807908,74.5608852375474,1062300
2025-01-03,73.91769409179688,74.6388402595369,73.44992641786993,73.77151390555728,910500
2025-01-06,72.24150848388672,73.97616857884476,72.13431017928166,73.2745096523508,1967300
2025-01-07,72.42666625976562,73.28424521084912,72.04660226956695,72.22201699081499,2034500
2025-01-08,72.6215591430664,72.86519025690994,71.90041312789837,72.64105379579155,1456800
2025-01-10,69.5713119506836,72.10507447289771,69.28869891898967,71.90042519512613,2026400
2025-01-13,69.42514038085938,69.76622255277927,68.26546099633171,69.58106790804203,3305300
2025-01-14,70.05856323242188,70.13652697407217,69.27894068598219,69.65901206776947,2217500
2025-01-15,69.95137786865234,70.46787474119357,69.0645643074104,70.01959429644018,2346000
2025-01-16,71.7445068359375,71.88093969104393,69.6492773681845,69.70774646750641,1290800
2025-01-17,71.44239807128906,72.01737146779935,71.1500451440241,71.84195673742724,1845000
2025-01-21,72.35844421386719,73.13806678883743,71.30595596816693,71.48137067578364,3576500
2025-01-22,71.37418365478516,72.62157402365666,71.27673267628577,72.52412304515728,2036400
2025-01-23,72.85546112060547,74.31724801945772,70.65303344452559,70.65303344452559,3567600
2025-01-24,72.9821548461914,73.42068799113177,72.21227943404634,72.21227943404634,2648200
2025-01-27,74.98966979980469,75.47693213101857,73.34272817612425,73.99565791554292,4330500
2025-01-28,74.73629760742188,76.12986815096144,74.54138821687224,75.01891064744407,1984500
2025-01-29,74.97017669677734,75.7887737801842,74.59011270304808,74.84349117721176,1816800
2025-01-30,75.79853057861328,76.012927203922,74.97993339292557,75.38923198576943,1278900
2025-01-31,75.26253509521484,75.99342851574896,74.97992208040444,75.2332931129663,1462100
2025-02-03,76.04214477539062,76.27602857121339,74.56087082180407,75.23328766417347,1905200
2025-02-04,74.92145538330078,75.7595472103033,74.31725483478733,75.7595472103033,1569800
2025-02-05,74.84349060058594,75.06762709001607,74.24903001291602,74.6095993485295,1452200
2025-02-06,75.34049987792969,75.74005856154872,74.9799305083579,75.6328602530184,1148600
2025-02-07,76.35400390625,76.461202211241,75.18457731457195,75.48667757316497,1310700
2025-02-10,74.716796875,76.34425111982414,74.29775101318569,76.34425111982414,2028400
2025-02-11,75.23329162597656,75.32100270092387,73.73253037497092,74.68756026197451,1839800
2025-02-12,74.90196228027344,75.18457530998434,73.73253571977489,74.0541231911407,1435400
2025-02-13,75.53540802001953,75.61336434172128,74.52190148756607,75.05788558629355,1301300
2025-02-14,74.9994125366211,76.50018131708373,74.97992531598015,75.74005331653194,1334100
2025-02-18,73.98590850830078,74.89221671629508,73.73253745641247,74.66808021385289,1421600
2025-02-19,76.6561050415039,76.70482680821952,74.09310070422269,74.1418299059706,2627700
2025-02-20,77.19208526611328,77.32851810221798,76.19807354091726,76.28577717768518,1402100
2025-02-21,78.09839630126953,78.31279289038974,76.84125874827289,77.2213227253379,2089700
2025-02-24,79.15088653564453,80.41776401195396,77.4064866681955,77.89374895178352,3179700
2025-02-25,80.69063568115234,81.31433079809577,79.63814738317322,79.63814738317322,2496900
2025-02-26,78.1178970336914,81.09993998884367,77.68910382208888,80.19363179570466,2140900
2025-02-27,79.5601806640625,79.80381179236623,77.4162297090025,77.77679902047154,2370500
2025-02-28,80.50547790527344,81.23637135622191,79.27757482587086,80.65165808246967,2088300
2025-03-03,82.57147216796875,82.62019393667687,80.28133342274093,80.68089207532368,2235800
2025-03-04,80.26184844970703,83.59472087199869,80.24235379365182,82.95153848780005,2505800
2025-03-05,80.62242126464844,81.50923476061992,79.85254595911618,79.92076238188322,1940800
2025-03-06,79.76483154296875,80.77833794954248,79.18986563728588,80.72960874887723,1762500
2025-03-07,80.51522827148438,81.7528712903808,79.29707247393426,79.73560558703912,3604100
2025-03-10,82.04523468017578,84.04300580078049,81.04147545559896,81.11943177889077,4391900
2025-03-11,81.06095886230469,82.23038544200499,80.0961815623003,81.78210500528544,3014500
2025-03-12,79.47248840332031,80.4859874993199,79.05344250524944,80.02796715796933,2560000
2025-03-13,78.67337036132812,79.84279684981857,78.09839700938052,79.84279684981857,2232600
2025-03-14,78.28355407714844,78.60514894330143,77.66959888994148,78.1568611350102,2158500
2025-03-17,79.77458190917969,80.13515867675544,78.17636220889825,78.29330039889828,1465400
2025-03-18,79.22885131835938,79.97923197345364,78.95597819056532,79.67713173290085,1496400
2025-03-19,79.26782989501953,79.42375740475262,78.03993421351943,78.47846732333619,2499500
2025-03-20,78.64413452148438,79.45299174729577,78.06916855966392,79.4335045261463,1680000
2025-03-21,78.12763214111328,79.18012044965181,77.81578457951288,78.52719077927475,3780800
2025-03-24,78.29330444335938,78.73184498361081,76.75356119357062,77.47470733094252,2672800
2025-03-25,78.18611145019531,79.41400708544577,74.1710674461926,74.25877109083937,6273400
2025-03-26,78.80979919433594,79.31654866422544,77.64036533030864,78.31278961624854,2775700
2025-03-27,79.55044555664062,79.9889861159695,77.7963056244245,78.03018946171336,1906000
2025-03-28,79.38477325439453,80.10591937868018,78.93649282929627,79.9110174321271,2176100
2025-03-31,80.2131118774414,81.03171635082113,79.78432613903502,80.09617369198155,1992700
2025-04-01,80.1546401977539,80.73935341127826,78.85852082716981,80.5054696128749,2321200
2025-04-02,79.21910095214844,80.66139311143257,79.08266811100081,80.56394214418887,1667000
2025-04-03,78.78056335449219,80.7880890419572,78.51744498972027,79.90126810673624,4776300
2025-04-04,74.51214599609375,79.53094890181238,74.36596582698888,78.98521753452195,3894600
2025-04-07,72.46333312988281,74.95328087137761,71.81634295715972,73.74752339896415,4690900
2025-04-08,70.78702545166016,74.90426454186517,70.10082267615066,73.6004717893478,3548300
2025-04-09,74.40431213378906,74.8650514859027,69.41461205038418,69.83613874709991,3746200
2025-04-10,74.0514144897461,75.27678206970803,72.72801899919723,73.93377650961169,2518200
2025-04-11,74.48274230957031,75.20815778419005,73.12993178665405,74.19845614865385,1826400
2025-04-14,76.07081604003906,76.37471227832029,74.29648622019218,74.86505855860223,1959200
2025-04-15,73.78673553466797,76.46294178803134,73.55146703868512,76.11984033992081,1639800
2025-04-16,72.0908203125,74.2768717034474,71.55165563093924,74.2180564578406,2500600
2025-04-17,73.83574676513672,74.21806084226515,72.27708283208237,72.38490829571477,2652800
2025-04-21,73.19855499267578,73.91417294068272,72.53195473883854,73.52205382447549,1680000
2025-04-22,74.24746704101562,74.51215061489867,72.74761838584449,73.55145918373587,1577500
2025-04-23,75.09052276611328,75.5022444723163,74.1494413751992,74.60037574090491,1765800
2025-04-24,73.5318603515625,74.8552558514534,73.49264769124089,74.8552558514534,1289700
2025-04-25,73.07112121582031,73.63969357404208,72.44373360642051,73.52205559263578,1256100
2025-04-28,73.23776245117188,73.41421566698168,72.37510644001816,73.1397345488441,1949900
2025-04-29,74.53175354003906,74.64939151552217,72.22806407660644,72.83584906469436,1357100
2025-04-30,75.14934539794922,75.52185444416902,73.91417280188347,75.10032770387159,2606100
2025-05-01,73.6298828125,74.39451093454541,73.35540168961701,74.2572703731039,2295500
2025-05-02,74.5219497680664,74.83564356228551,73.45343285243102,74.32589395132321,1826000
2025-05-05,73.81614685058594,74.44353446035937,73.22796442225437,74.31609144399741,1713700
2025-05-06,73.25737762451172,73.95338550230937,72.93387879314025,73.55146135199027,1975900
2025-05-07,73.48284149169922,73.94358089436267,72.61038038075995,73.20836035284867,1606400
2025-05-08,74.71800994873047,75.77672926472377,73.25737398145526,73.62988300935675,2335000
2025-05-09,74.57096862792969,75.05131062179717,74.26707986351049,74.78663451714982,1490300
2025-05-12,74.9826889038086,75.40421563948668,74.11022780794814,74.61998489618907,2349200
2025-05-13,73.32599639892578,75.03170591613824,72.30648971074999,74.9826882230428,2289500
2025-05-14,72.11042785644531,73.27698016813709,71.94377966307508,72.9534813369713,2895900
2025-05-15,73.26718139648438,73.26718139648438,72.07122135773626,72.6201911578973,2432100
2025-05-16,73.91417694091797,74.02200989068713,72.55156873461733,73.22796658065512,4008400
2025-05-19,72.93387603759766,73.93377263972737,72.55156197098485,73.5024483599115,1838400
2025-05-20,72.74762725830078,73.06132108405254,72.33590551432363,72.92408050272681,2054200
2025-05-21,71.11052703857422,72.81623648959463,71.01249913523733,72.62018068292087,2147800
2025-05-22,69.90476989746094,70.98309939100606,69.45383550881955,70.84585133624087,4498900
2025-05-23,69.70870971679688,70.07142120371184,68.60098014510251,69.9537832265651,3700800
2025-05-27,70.38511657714844,70.5615698073048,69.79693415726045,70.14984061757319,2437800
2025-05-28,69.973388671875,70.85565483885205,69.78713788260505,70.46353571141222,2089100
2025-05-29,71.1203384399414,71.1203384399414,69.66949991189512,69.9733886831611,3000200
2025-05-30,71.29678344726562,71.52224687120737,70.61057318354642,71.08111757806957,3262700
2025-06-02,71.9927978515625,72.05161310161472,70.0125996705698,70.87526322626962,3129400
2025-06-03,71.90457153320312,72.94368837643198,71.16935095008438,71.62028534357782,2335800
2025-06-04,71.79673767089844,72.45354040088846,71.3752109094349,72.10063392714919,1152800
2025-06-05,71.4732437133789,71.81634513957137,70.93407898718348,71.63989190909379,1589800
2025-06-06,72.76722717285156,72.84564500905623,71.72811044335542,71.74772051169387,2248800
2025-06-09,73.73771667480469,74.09062311694862,72.36530356413938,72.36530356413938,2272900
2025-06-10,74.09062194824219,74.7474171300193,73.29657872641872,73.8847611067471,2017100
2025-06-11,74.13963317871094,74.42391933869378,73.68869883223634,73.97298499221918,1470500
2025-06-12,74.31609344482422,74.37491617667122,73.33579934327929,73.99260207539274,1842700
2025-06-13,72.55156707763672,74.86506170867344,72.3162911131226,74.18865639903338,1993800
2025-06-16,72.41432189941406,73.4632362009214,72.05161041980878,72.74761827603797,1713000
2025-06-17,71.52225494384766,72.67900225360141,71.30658905030963,72.28688312708229,1796500
2025-06-18,71.75752258300781,72.13003911438625,71.1497450491591,71.41442115598835,1881600
2025-06-20,71.62027740478516,72.5319511259594,71.49284187696176,71.71831278824128,2803700
2025-06-23,73.41422271728516,73.52205566391625,71.70851312001636,71.83594865737574,2668400
2025-06-24,73.23776245117188,73.59066888279148,72.46332930839829,73.40441063303403,2443400
2025-06-25,72.18885803222656,73.0907268230788,71.90457184138282,72.87506092112488,2642800
2025-06-26,76.0414047241211,76.61978206899249,74.44352820827741,75.48263744737395,4695200
2025-06-27,74.80622863769531,76.43352017825416,74.5905627728936,75.51204147557388,3715200
2025-06-30,74.32589721679688,75.6885053964626,73.55146399225191,74.5905733289336,3684500
2025-07-01,75.64928436279297,76.49233778080954,74.11022311902776,74.27687130004163,3060300
2025-07-02,75.05130767822266,75.89436113262693,74.50234542104772,75.77673063697505,2184600
2025-07-03,73.66910552978516,75.07092643797692,73.66910552978516,75.07092643797692,1785200
2025-07-07,72.37716674804688,73.91563526370149,72.09116804529761,73.61977998520833,3419900
2025-07-08,71.8939437866211,72.40676420696877,71.08526051185036,72.25883277975726,3257200
2025-07-09,71.21345520019531,71.95310472349286,70.86828692747727,71.77558853693729,2615300
2025-07-10,71.44029235839844,71.93339209577202,70.45409288365127,70.86829485725991,1845800
2025-07-11,70.95704650878906,71.57835696975611,70.54284455088076,70.94718993177072,1857600
2025-07-14,70.96691131591797,71.02608087503505,69.71444132861005,70.9570472146969,1850900
2025-07-15,69.77360534667969,71.26276850040391,69.7341564690329,70.96690568010497,2276200
2025-07-16,70.39491271972656,70.48367458110593,69.60595768890038,69.96099008620875,1839600
2025-07-17,70.730224609375,71.15429066695341,70.25684557045543,70.46394654870006,2041400
2025-07-18,70.43436431884766,71.11484436064124,70.37519475838033,70.75981194962762,1422900
2025-07-21,69.76374053955078,70.89787130706942,69.61580913089983,70.56256713662432,1422800
2025-07-22,71.49945831298828,71.61780495266672,69.58622902076178,69.7736093192265,2017000
2025-07-23,71.41070556640625,72.10104216964085,71.07539384190325,71.95311074777496,1704100
2025-07-24,70.46394348144531,71.65725136583711,70.3554609465006,71.24304190327356,2022400
2025-07-25,70.58229064941406,70.70063728591117,69.81305632244366,70.47380811365113,1974300
2025-07-28,70.62174224853516,71.71642422496058,69.92154155152419,70.18781208876881,2137100
2025-07-29,71.80517578125,72.8209599576245,70.36532556264977,70.39491034074157,2830800
2025-07-30,70.40477752685547,71.93338967082447,70.09905810770353,71.6769757092848,1680100
2025-07-31,69.65526580810547,70.48367727485346,69.28051271844855,69.68485811243258,3634000
2025-08-01,69.31008911132812,70.28642436103937,68.87615898963249,70.0102897469072,1401900
2025-08-04,69.17202758789062,69.59609364479468,68.79727451224932,69.04382437035389,1571900
2025-08-05,68.78740692138672,69.62567489159353,68.7775428208137,69.34954026838227,1906500
2025-08-06,68.4718246459961,69.15230463973961,68.31402913041904,68.85644181008479,2003800
2025-08-07,69.27064514160156,69.51719499655725,68.17596318366994,68.73809655200473,2236000
2025-08-08,69.34954833984375,69.67499597969419,69.02410069999331,69.27065057428514,1466100
2025-08-11,68.70851135253906,69.67499008865323,68.20555506886446,69.67499008865323,1873600
2025-08-12,68.13651275634766,68.8071286475591,67.47576096585964,68.39292670642669,2359600
2025-08-13,69.6454086303711,69.88209439421375,67.4757653021483,67.92941615122372,2934200
2025-08-14,69.2213363647461,69.45802210740125,68.61975414558184,69.45802210740125,1959000
2025-08-15,68.73809051513672,69.497468215207,68.61975141057788,69.497468215207,1709800
2025-08-18,67.46590423583984,68.80712849110883,67.28838804374325,68.73809483441039,3287200
2025-08-19,68.09707641601562,68.84658259589176,67.61383325833974,67.96886566948311,2575800
2025-08-20,68.91561126708984,69.99057252412302,68.26472357653297,69.72429447299643,2446700
2025-08-21,70.08918762207031,70.20753425294788,68.8169895555263,68.8169895555263,3272000
2025-08-22,71.26277160644531,71.57835511727055,70.22725921436955,70.79925667902292,3163700
2025-08-25,69.58622741699219,70.90773852857839,69.43830352593402,70.90773852857839,2140700
2025-08-26,69.35940551757812,69.9905725308289,69.11285566789878,69.48760873073384,2857700
2025-08-27,69.70457458496094,69.76374414183498,68.83672181302282,69.1424412223445,1965500
2025-08-28,68.89588928222656,69.7933268054077,67.74203781352045,69.70457247278608,3423200
2025-08-29,69.39885711669922,69.72429721271321,68.75782597758507,69.02409651507008,2465900
2025-09-02,67.85052490234375,69.8722292524164,67.43631541665597,69.40871430888568,2469600
2025-09-03,68.87616729736328,68.9353443818894,67.60397660367684,67.9885937946248,1825900
2025-09-04,69.16216278076172,69.60595703528212,68.81699448775994,69.22133986249379,1765800
2025-09-05,69.93140411376953,70.64146137216494,69.23119590806235,69.30022956613291,2584000
2025-09-08,69.18189239501953,69.54678137331136,68.55072535375864,69.52706069506773,2585200
2025-09-09,68.66905975341797,69.28050607442489,68.55072064387761,68.92547369759559,1591900
2025-09-10,67.63356018066406,68.44224342982237,66.77556394929543,68.26472722761177,2425300
2025-09-11,68.8465805053711,69.25092588738057,67.6335594075519,67.98859180791474,2008000
2025-09-12,67.99844360351562,68.92547341973318,67.68286010584005,68.49154328889023,1795900
2025-09-15,65.03984832763672,68.58030813555888,65.03984832763672,68.38306373834482,3202700
2025-09-16,66.183837890625,66.70652233366168,65.18777445677739,65.19763855686406,2273600
2025-09-17,65.88797760009766,66.76569443877631,65.67101253451793,66.12467086660504,1538400
2025-09-18,65.33570861816406,65.9175626380615,65.0497098964147,65.57239436150334,1795800
2025-09-19,64.57633972167969,65.88797919924816,64.56647562097645,65.5428109156775,4423700
2025-09-22,63.73806381225586,64.31006126374939,63.63944537816145,64.20157872901427,1957700
2025-09-23,63.41262435913086,64.13254570683193,62.78145358370887,63.90572405858256,3448600
2025-09-24,64.30020141601562,64.60592836326502,63.39289972377001,63.47179748590564,3441700
2025-09-25,63.728206634521484,65.08915907003563,63.64930887834856,64.68481371272755,3589200
2025-09-26,64.79329681396484,64.81302501523295,63.757791970515854,63.91557996013961,2349100
2025-09-29,65.87812042236328,65.91756177565038,63.9944760284835,64.6946766729418,3646300
2025-09-30,65.98660278320312,66.35149173094356,65.37515647138098,65.86825615133638,3349900
2025-10-01,66.82487487792969,67.10100951197042,65.85839613468268,65.98660687484764,2856300
2025-10-02,67.15031433105469,67.26866096913622,66.17397902022132,66.4501136516405,3019500
2025-10-03,67.95899963378906,68.05761806224682,66.93335142480014,66.93335142480014,3907600
2025-10-06,67.3475570678711,68.13651206332192,66.98266058585865,67.81107198380187,5613900
2025-10-07,64.71440124511719,68.17595539592632,64.69467304547578,66.519140258918,6012500
2025-10-08,64.90177917480469,65.33570931229022,63.80709725458741,64.32978924933326,3825200
2025-10-09,65.19763946533203,65.48363817900028,64.49743883149758,64.95108962845636,2588400
2025-10-10,65.74005126953125,66.16410976035684,65.16805384956065,65.56253508830257,2745800
2025-10-13,64.45799255371094,65.77949612107892,64.41854367532774,65.45405604159996,2309400
2025-10-14,65.341796875,65.42123402748682,63.64369799703329,64.19980352203902,2426200
2025-10-15,64.84527587890625,65.70921264384958,64.37854758800924,65.06373750912532,2056600
2025-10-16,66.13622283935547,66.45399418485549,64.94458218779704,65.05381679808765,2768100
2025-10-17,67.0696792602539,67.13919150509453,65.88796352169685,66.53343869594062,1918200
2025-10-20,67.27821350097656,67.43710295544642,66.86114004739247,67.06967677418452,1743900
2025-10-21,66.4440689086914,67.33779560428974,66.38448157305612,67.31793820992229,2114900
2025-10-22,68.1024398803711,68.45993359965914,66.45399577740218,66.61288524209316,3121600
2025-10-23,66.90086364746094,68.08257178778933,66.49371509505673,67.88396754229763,2571400
2025-10-24,66.38448333740234,67.427174611668,66.34476097134524,66.96044628083035,1572800
2025-10-27,66.66252899169922,66.76183869001174,65.8184495899067,66.50364711167848,1813900
2025-10-28,65.55033111572266,66.30503328140979,65.43116402711972,66.23552104045793,2613600
2025-10-29,63.38551330566406,64.98430246721969,63.19683397098785,64.89492525427498,2668900
2025-10-30,63.6635627746582,64.33882781448344,63.26634670836107,63.3855138011301,2352000
2025-10-31,63.713218688964844,64.0309900320606,62.710249809460606,63.25641906864812,3240500
2025-11-03,63.395442962646484,64.04091433994246,62.74996779721732,63.355720598099076,2197300
2025-11-04,63.57418441772461,63.71321647825467,62.97836411712703,63.5146046605447,1708400
2025-11-05,64.11042785644531,64.90486001063036,63.12732393724786,63.455027769069176,2042500
2025-11-06,63.60398483276367,64.52750899336468,62.99822823088854,63.8522439342557,2162400
2025-11-07,64.58708953857422,65.11339762793358,63.67349785227998,63.971404231932475,1663300
2025-11-10,63.86216735839844,64.597019736639,63.79265511464772,64.58708725145566,1538000
2025-11-11,65.2524185180664,65.40137548780272,64.14021506380362,64.14021506380362,3171600
2025-11-12,65.42123413085938,65.92768480712805,65.07367291234807,65.4311666160358,2388400
2025-11-13,65.63970184326172,66.27524450719748,65.10346130001601,65.10346130001601,2484600
2025-11-14,64.87506866455078,66.16601141559369,64.61687708383566,65.75887043856825,2428200
2025-11-17,64.120361328125,65.8581750629021,63.752935125316135,65.3120020014655,2746900
2025-11-18,64.64666748046875,64.76583457473704,63.703285940377214,64.3884758976873,3397500
2025-11-19,66.2752456665039,66.66252924735592,64.9048581939711,65.24248692547641,3257300
2025-11-20,67.01010131835938,67.19877308732069,66.03692228792733,66.42420588772511,2287000
2025-11-21,67.68536376953125,68.40034360405471,67.17891309084405,67.24842533487826,2937100
2025-11-24,66.45399475097656,67.50661849762918,66.44406984178667,67.28814927518681,3935900
2025-11-25,66.6823959350586,67.68536482281684,66.17594524849027,66.5235064740699,1989600
2025-11-26,66.83135223388672,67.1391910911018,66.3348340377249,66.46392604127107,1605900
2025-11-28,67.01010131835938,67.23849545348799,66.4341383733336,66.65260759912039,800400
2025-12-01,65.93761444091797,66.93065078015991,65.69928784085438,66.64266933262782,2593400
2025-12-02,64.98430633544922,65.79859590414452,64.61688012927857,65.6496389245474,2298000
2025-12-03,63.67349624633789,65.5999816968883,63.5940515165943,65.3715875692085,2316500
2025-12-04,62.998226165771484,64.19980305658581,62.70031601137337,64.10050093449748,2222400
2025-12-05,62.85920333862305,63.42523378335852,62.670527786422305,62.998227828469204,2392100
2025-12-08,63.15711212158203,63.29614039652515,62.20379810791383,62.75989984328686,1910500
2025-12-09,63.03794860839844,63.802587071457246,62.461989480928914,63.335858763167714,2101400
2025-12-10,63.86216735839844,63.90188972286547,62.86913476365486,63.08760019195719,1880200
2025-12-11,65.48081970214844,66.03691763678992,63.911820442248654,63.95154280561821,3126500
2025-12-12,66.33483123779297,66.63273759715585,65.63970124674736,65.78865821456186,2956800
2025-12-15,67.97333526611328,68.19180447576299,67.09946600378055,67.25835545671347,2818200
2025-12-16,67.79459381103516,68.49965634416219,67.19877346768655,68.09250777084283,3460200
2025-12-17,68.17195129394531,68.97630836437963,67.85417994471365,67.85417994471365,4596700
2025-12-18,67.98326873779297,68.67839874006543,67.86410164636352,68.14215819303223,4472900
2025-12-19,68.1024398803711,68.65853785425618,67.51654444965644,67.72508118986335,4362300
2025-12-22,68.4400634765625,68.46985335488293,67.34772500597194,67.52647185216065,2646000
2025-12-23,68.42021179199219,68.68832829551349,67.73501422838582,68.44006918710733,2620000
2025-12-24,68.40034484863281,68.59895667539182,67.66550003029079,68.43014230484656,921100
2025-12-26,68.44999694824219,68.70818852451838,68.03292349321109,68.48971931199746,1538200
2025-12-29,69.13999938964844,69.26000213623047,68.38999938964844,68.48999786376953,2538900
2025-12-30,68.4800033569336,69.75,68.4000015258789,69.08000183105469,2164800
2025-12-31,68.11000061035156,68.7699966430664,68.08999633789062,68.3499984741211,1684900
2026-01-02,67.27999877929688,68.37999725341797,67.12000274658203,68.23999786376953,2445500
2026-01-05,65.68000030517578,67.0999984741211,65.3499984741211,66.76000213623047,3771900
2026-01-06,66.3499984741211,66.55999755859375,65.0,65.36000061035156,2925900
2026-01-07,65.37000274658203,66.83999633789062,64.91999816894531,66.37999725341797,3495400
2026-01-08,67.12999725341797,67.5199966430664,65.0999984741211,65.0999984741211,2037100
2026-01-09,67.72000122070312,68.30999755859375,66.73999786376953,67.27999877929688,2735500
2026-01-12,66.83999633789062,67.63999938964844,66.30000305175781,67.55999755859375,3136900
2026-01-13,67.41999816894531,67.63999938964844,66.4000015258789,66.80000305175781,4276600
2026-01-14,68.56999969482422,68.62000274658203,67.30000305175781,67.43000030517578,4348800
2026-01-15,68.69999694824219,68.77999877929688,67.77999877929688,68.72000122070312,2767800
2026-01-16,67.04000091552734,68.3499984741211,66.91999816894531,68.20999908447266,4078200
2026-01-20,67.83000183105469,67.97000122070312,66.55000305175781,67.04000091552734,5546500
2026-01-21,66.55999755859375,67.6500015258789,65.7300033569336,67.58000183105469,6748700
2026-01-22,61.20000076293945,65.72000122070312,60.59000015258789,63.290000915527344,17061000
2026-01-23,60.790000915527344,61.68000030517578,59.619998931884766,61.02000045776367,6500000
2026-01-26,60.970001220703125,61.79999923706055,60.790000915527344,61.25,4265300
2026-01-27,63.40999984741211,63.43000030517578,60.529998779296875,60.81999969482422,6231800
2026-01-28,61.86000061035156,63.619998931884766,61.45000076293945,63.29999923706055,4101000
2026-01-29,61.31999969482422,62.310001373291016,61.150001525878906,61.86000061035156,2741500
2026-01-30,61.83000183105469,61.93000030517578,60.79999923706055,61.16999816894531,4938100
2026-02-02,61.099998474121094,62.02000045776367,60.7400016784668,61.81999969482422,4063800
2026-02-03,63.290000915527344,63.349998474121094,60.150001525878906,60.2599983215332,4671000
2026-02-04,66.58000183105469,66.5999984741211,63.7400016784668,63.7400016784668,5347400
2026-02-05,66.9800033569336,67.33999633789062,65.77999877929688,67.0,4390000
2026-02-06,67.41999816894531,68.36000061035156,66.5999984741211,66.7699966430664,3564700
2026-02-09,67.83000183105469,68.23999786376953,66.66000366210938,67.48999786376953,2420200
2026-02-10,68.95999908447266,69.05999755859375,67.55000305175781,67.91999816894531,4762300
2026-02-11,70.52999877929688,70.58999633789062,68.30999755859375,68.76000213623047,3097600
2026-02-12,71.6500015258789,72.1500015258789,70.16000366210938,70.52999877929688,3870100
2026-02-13,71.48999786376953,72.41000366210938,70.80999755859375,71.62999725341797,4075300
2026-02-17,69.19000244140625,71.83000183105469,67.7699966430664,71.51000213623047,4156300
2026-02-18,70.0199966430664,70.26000213623047,69.36000061035156,69.69000244140625,2941100
2026-02-19,68.48999786376953,70.68000030517578,68.41000366210938,70.12999725341797,3196400
2026-02-20,68.5,69.4000015258789,68.19000244140625,68.95999908447266,3804700
2026-02-23,69.52999877929688,69.91000366210938,67.52999877929688,67.91000366210938,2966400
2026-02-24,70.0,70.4800033569336,69.37000274658203,69.61000061035156,1506500
2026-02-25,69.02999877929688,70.0,68.26000213623047,69.68000030517578,2337900
2026-02-26,69.26000213623047,70.12999725341797,68.58000183105469,69.45999908447266,1947800
2026-02-27,71.04000091552734,71.33000183105469,69.22000122070312,69.30999755859375,3762000
2026-03-02,69.9000015258789,70.75,68.83999633789062,70.66999816894531,1991400
2026-03-03,67.66999816894531,69.9000015258789,67.47000122070312,69.9000015258789,2992100
2026-03-04,65.69999694824219,67.88999938964844,65.33000183105469,67.62000274658203,3070500
2026-03-05,65.2699966430664,65.83000183105469,64.63999938964844,65.0,2122000
2026-03-06,64.8499984741211,65.54000091552734,63.709999084472656,65.11000061035156,2061000
2026-03-09,64.18000030517578,64.80999755859375,63.5,64.08000183105469,1536216
