Price,Close,High,Low,Open,Volume
Ticker,RJF,RJF,RJF,RJF,RJF
Date,,,,,
2018-01-02,52.458011627197266,52.90076998422703,52.03886533770014,52.90076998422703,1396650
2018-01-03,53.01293182373047,53.34352439055052,52.369454050439316,52.741372799348085,1545150
2018-01-04,53.44978332519531,54.11096843264349,53.13099680389549,53.13099680389549,2018250
2018-01-05,53.69183349609375,53.70954423744821,53.21955831990325,53.697738202538076,1752150
2018-01-08,54.12867736816406,54.25855385444043,53.34942182848354,53.744952614339404,1278000
2018-01-09,54.99059295654297,55.462868141638985,54.2703741437662,54.2703741437662,1675350
2018-01-10,55.72853088378906,56.21851685448966,55.043730115033654,55.043730115033654,2120550
2018-01-11,56.18307876586914,56.224401569315866,55.59273321704548,55.84068017165948,1194300
2018-01-12,57.13944625854492,57.13944625854493,56.1240563080929,56.56091000614859,1330800
2018-01-16,56.43693542480469,57.75340453887638,56.065016626668566,57.47003944409571,1543800
2018-01-17,56.820655822753906,57.06270148143148,55.97646526032734,56.71439813666015,1073700
2018-01-18,56.31886291503906,57.186672286730776,56.27163540094566,56.8737904281093,1200750
2018-01-19,56.785221099853516,56.938716399005905,56.413309151319645,56.44282591901317,907950
2018-01-22,57.00366973876953,57.015472395400295,56.20079858173285,56.79114084793353,1106100
2018-01-23,57.00956726074219,57.115831705361735,56.32476996685663,56.86788809053961,1015650
2018-01-24,57.20438003540039,57.51136394604961,56.501872025255054,57.292930358182126,1523100
2018-01-25,56.58452606201172,58.31423350925323,55.94695287164088,57.853767736183826,2048550
2018-01-26,58.00725173950195,58.04857117030675,56.555004812271996,57.09812292244674,2338050
2018-01-29,57.25751495361328,58.50313767571614,57.19847464983695,57.983638401327674,1008600
2018-01-30,56.50187683105469,57.44643057762421,56.38971105253719,56.93282920346627,1074750
2018-01-31,56.90330123901367,57.12763275194315,56.454638213154716,56.454638213154716,1336950
2018-02-01,57.4759521484375,57.499564220632465,56.212611702599254,56.80295742119834,1968150
2018-02-02,55.68718719482422,57.452315725018664,55.492375835952465,57.151243317855254,989250
2018-02-05,53.00702667236328,55.852486632038456,52.90666694868119,54.90203174368497,1367700
2018-02-06,53.96929168701172,54.09916819151529,51.30093552874613,51.79092139557294,1575450
2018-02-07,53.7508659362793,54.778065203176524,53.59147265538333,53.59147265538333,1087350
2018-02-08,50.8050537109375,53.79810164623137,50.781441639492414,53.79810164623137,1852800
2018-02-09,51.407196044921875,51.76140407564892,49.80736195683566,51.283224247560845,2083800
2018-02-12,52.546566009521484,53.030647211144334,51.51936667692396,51.85586400011338,1820100
2018-02-13,52.38125991821289,52.599690104904006,51.696462720947544,52.21596532431288,1458450
2018-02-14,53.733154296875,53.76267107017964,52.09199737969393,52.19235373333408,1695000
2018-02-15,53.90434265136719,54.541915634674346,53.39664614658223,54.293968708956285,1296900
2018-02-16,54.64229202270508,54.813491352108194,53.620993996783355,53.697738290793126,1621200
2018-02-20,54.447471618652344,55.00239573873486,54.211334054572355,54.44156691280853,1034550
2018-02-21,53.851219177246094,54.89612912358842,53.827607110763914,54.43566004740553,1194000
2018-02-22,53.17823028564453,54.78396910495756,53.06015981420435,54.057842292657895,1452000
2018-02-23,53.998809814453125,53.998809814453125,53.172326631951975,53.237264885832346,965850
2018-02-26,54.66590118408203,54.68951325268483,53.69773543382196,54.270370322169185,612300
2018-02-27,55.315284729003906,56.124057257116235,54.913849129261436,55.256251174858384,1897050
2018-02-28,54.730831146240234,55.84067927387474,54.71902173574999,55.50418201243731,1889400
2018-03-01,54.3234977722168,55.29166005946406,53.88664076165104,54.73673596029753,2104500
2018-03-02,54.22904968261719,54.37073223383719,52.91848186135906,53.89255235672775,977700
2018-03-05,55.262142181396484,55.521895175884815,53.532435046568565,53.839412173169706,867000
2018-03-06,56.58452606201172,56.59633209717229,54.996497792654196,55.63997231161603,1373700
2018-03-07,56.67306137084961,56.80884256213085,55.76983404989437,55.946938042273814,1045200
2018-03-08,56.8265495300293,56.90329718264833,55.95874368911893,56.856066298893076,1134600
2018-03-09,58.296512603759766,58.30241055300213,57.192569190185814,57.32834362996107,1042200
2018-03-12,57.99544906616211,58.5976007954173,57.90689873220405,58.26110682399371,744450
2018-03-13,57.41100311279297,58.526749319218226,57.21028364689594,58.32603660927764,1033050
2018-03-14,56.56679916381836,57.57628413028139,56.42511664842279,57.57628413028139,1490250
2018-03-15,56.3306770324707,57.01547435503845,56.04730854626167,56.7262045403112,1602750
2018-03-16,57.59991455078125,57.78291990328396,56.41332197861488,56.47235552742501,1910850
2018-03-19,56.98004150390625,57.440513935384956,55.988263822969465,57.334249507515466,1368300
2018-03-20,56.938720703125,57.198466927271745,56.649447575120135,57.109916617497475,701700
2018-03-21,57.17486572265625,57.88328184732232,56.720297921133884,56.86788855474749,936000
2018-03-22,54.0755500793457,56.5845162141432,53.99290109164864,56.46054104360861,1227150
2018-03-23,51.448524475097656,54.16411179222371,51.30094059447779,54.02242924004153,2261850
2018-03-26,52.871253967285156,52.924382808982834,51.41900369794756,52.38716941817988,1351950
2018-03-27,51.74368667602539,53.343520558185865,51.34815588974889,53.07786288034616,1567050
2018-03-28,51.808624267578125,52.20415504887959,50.728292966686425,51.808624267578125,1381200
2018-03-29,52.93348693847656,53.13477642180272,51.619178641223186,51.909274799272836,1545750
2018-04-02,51.11003875732422,53.22359048224042,50.68377682238484,52.78548539727563,1492650
2018-04-03,51.802711486816406,51.99808280129513,50.985710331048224,51.42973358204273,1077000
2018-04-04,52.169769287109375,52.31777816121067,50.71929519390476,50.73705314217876,1206750
2018-04-05,52.317779541015625,52.726280114659815,51.9507198271511,52.726280114659815,1369050
2018-04-06,50.21605682373047,51.559969421106665,49.66546906601466,51.447483240210005,1959000
2018-04-09,50.22199630737305,51.55998780852243,49.99110228985413,50.45288693726295,1073400
2018-04-10,51.32316589355469,51.61326207977885,50.36407742679086,50.95018798637669,1228650
2018-04-11,50.802181243896484,51.24028291221093,50.26342974517709,50.84954029034599,955950
2018-04-12,51.58366394042969,52.05728832003043,51.080438460557495,51.24620868723215,779550
2018-04-13,50.642330169677734,52.0691213103853,50.41735777172061,52.04544178829946,1068600
2018-04-16,51.24027633666992,51.67245976253137,50.914657526901685,51.06858795862306,1928550
2018-04-17,51.500762939453125,52.07503359292118,51.15146464380015,51.755336388407926,2604450
2018-04-18,51.2580451965332,52.06912477785332,51.133719228232415,51.8263944159817,945600
2018-04-19,52.10464096069336,52.12832386903466,50.93834156868078,51.269878572062,843000
2018-04-20,51.980323791503906,52.35922328796595,51.47709832121883,52.09873157796265,1009050
2018-04-23,51.873748779296875,52.27633110757806,51.51261069241955,52.16384491861167,591450
2018-04-24,51.453407287597656,52.501302312464134,50.8021764215637,52.22304930902935,841950
2018-04-25,51.40012741088867,51.71982466207379,50.61864561772819,51.48300912312848,1422450
2018-04-26,53.18806457519531,53.70312977825256,50.88506324137003,51.40013183205579,1999800
2018-04-27,54.058353424072266,54.147156724163,52.696682496908466,53.30647599794353,1282350
2018-04-30,53.13478088378906,54.46685062784753,53.1051797856049,54.16491468368913,1474350
2018-05-01,53.25320053100586,53.28872321179408,52.32370958028007,53.05191098592143,599550
2018-05-02,52.406585693359375,53.28871404720222,52.24673704493244,53.09334272409625,813750
2018-05-03,51.85599136352539,52.15792728564231,50.90874274026773,52.122404615363074,942450
2018-05-04,53.01637649536133,53.38935439766631,51.3527697088251,51.55405920907088,676800
2018-05-07,53.993221282958984,54.23003343413677,52.90388538754116,53.27094506877379,984600
2018-05-08,54.02283477783203,54.531981866631796,53.7327419433242,53.963632573356435,994650
2018-05-09,54.72142028808594,54.75102138418785,53.83929542878702,54.33660265113276,1071000
2018-05-10,55.12992858886719,55.33121809088096,54.54381464416239,54.79246996884495,756750
2018-05-11,55.50883102416992,55.733800061865615,55.04704641103785,55.25425749882312,727050
2018-05-14,55.526588439941406,55.76931879803255,55.23057068536763,55.55618953787308,619650
2018-05-15,55.621315002441406,55.89957144615264,55.28977793263671,55.28977793263671,1616700
2018-05-16,57.07769775390625,57.213866850780654,56.18373320163033,56.242935389335,1931850
2018-05-17,58.4097785949707,58.463065994411444,56.69881268119185,57.01850658917803,2089350
2018-05-18,58.64067077636719,58.770918320567304,58.03087730359131,58.25584971854995,1944900
2018-05-21,59.582000732421875,59.73001300798485,58.73539843026261,58.830123305509616,2003850
2018-05-22,60.22731399536133,60.48780908350195,59.546475176380824,59.64712162182217,1743900
2018-05-23,59.806968688964844,60.31611570227864,59.321507974135976,59.90761513175475,1900500
2018-05-24,59.499122619628906,59.73001663432954,58.46898530423989,59.51096577047537,1305600
2018-05-25,58.88932800292969,59.48136357977279,58.67619871840022,59.22086846798245,813600
2018-05-29,56.675132751464844,58.35650104177894,56.28439347383341,58.16705128442687,1381800
2018-05-30,57.85918426513672,58.0841566489064,56.965216304020196,57.40923949759736,1109400
2018-05-31,57.16651153564453,57.80589926967066,56.87049380257679,57.66973693918011,920550
2018-06-01,57.99535369873047,58.38609632505541,57.60461784766261,58.12560124083878,980700
2018-06-04,58.380165100097656,58.45713200780521,57.8236591260411,58.427530914515216,710700
2018-06-05,58.31505584716797,58.45714655051337,57.72894863401228,58.16705034389788,866550
2018-06-06,59.54056167602539,59.54056167602539,58.557790274534135,58.56371184944057,944250
2018-06-07,58.954444885253906,59.90761514172052,58.5577874639065,59.58791786469091,747000
2018-06-08,59.55830764770508,59.67671202099216,58.83010991157993,58.95443585858257,909600
2018-06-11,59.019569396972656,59.75961040313474,58.99588987344334,59.6944866319863,628050
2018-06-12,58.94260025024414,59.45174719228382,58.52817816311288,59.31557809608547,575250
2018-06-13,58.616981506347656,59.3096565851459,58.504491929943185,59.09652735519015,963300
2018-06-14,58.28546905517578,58.87750476411193,58.054581768444805,58.80645939499811,1314150
2018-06-15,57.799983978271484,58.03087116834579,56.98889770016344,57.794062404114406,1792650
2018-06-18,57.8887939453125,58.0012767662518,57.06587119918024,57.569096656501394,916500
2018-06-19,57.397396087646484,57.53948676106552,56.85272646496723,57.27307013603294,634950
2018-06-20,57.26714324951172,57.85917863349383,57.20794106616463,57.75261063831571,729450
2018-06-21,57.13098907470703,57.255315032493975,56.0179702535972,57.13098907470703,1793100
2018-06-22,56.846805572509766,57.80589041425281,56.77576024341606,57.59276120222719,1587000
2018-06-25,55.443702697753906,56.50343757465415,54.94047726342552,56.45015356641068,844950
2018-06-26,55.07665252685547,55.72788694954115,54.987845831072065,55.55027694560341,1380300
2018-06-27,53.94585037231445,55.26015845164605,53.94585037231445,55.064790574904286,1635750
2018-06-28,53.5965690612793,54.02875257652377,53.193990033832165,53.928106125847606,1361100
2018-06-29,53.0738410949707,54.39846050849096,53.03820371707533,54.15491973230244,2010450
2018-07-02,53.638145446777344,53.65596583629452,52.52736722504347,52.58676625750622,990600
2018-07-03,52.83624267578125,53.976723764348236,52.76496451962235,53.846043179350026,565500
2018-07-05,52.378868103027344,53.18076866528728,52.20660886343977,53.18076866528728,822450
2018-07-06,53.26986312866211,53.37678206246007,52.01058397885936,52.26600388657623,1551000
2018-07-09,54.879608154296875,55.05186740000055,53.53716817244753,53.54310943567221,1296600
2018-07-10,54.82019805908203,55.164716480991835,54.3093582893522,54.89741747096586,1240500
2018-07-11,54.39846420288086,54.6776457748165,54.024242818986664,54.30936565375413,803550
2018-07-12,54.790496826171875,54.974638566819735,54.244019664219316,54.94493905356169,1365900
2018-07-13,55.241939544677734,55.40231964107361,54.65982158660899,54.814260420585924,1571550
2018-07-16,55.83594512939453,55.936922807502135,55.43202422028855,55.43202422028855,1462950
2018-07-17,56.44776153564453,56.726943108138165,55.83594401952286,55.83594401952286,1435950
2018-07-18,57.16055679321289,57.33875387083426,56.75069467756614,56.75069467756614,744150
2018-07-19,56.26361083984375,56.95858888896228,56.02601136156002,56.869490359190024,681000
2018-07-20,56.47151565551758,56.68535350488249,55.99631665816073,56.00819578337182,1105800
2018-07-23,57.35657501220703,57.56447159317793,56.6081323655904,56.6081323655904,1482150
2018-07-24,57.291236877441406,57.986214991094705,57.11897426565995,57.5585324915789,1397550
2018-07-25,57.77238845825195,57.849611294109565,56.65567215589611,57.1902737484813,1648500
2018-07-26,55.360740661621094,56.9942412301723,55.28946250311214,56.9942412301723,2637000
2018-07-27,55.30134201049805,56.47746052457383,54.927124028242915,55.657743002172055,1204200
2018-07-30,54.05393600463867,55.61615135792702,53.77475448295523,55.27163295131291,1452000
2018-07-31,54.40439987182617,54.66575762839339,53.44211932551905,54.3212391951901,1281900
2018-08-01,54.356895446777344,55.74685209976931,54.030193909438275,54.68953484913651,1475100
2018-08-02,54.03612518310547,54.19650529016754,53.459945050244805,53.81040478065575,1332150
2018-08-03,54.25590133666992,54.47568046420964,53.828222207673065,54.1133416270043,676350
2018-08-06,54.43409729003906,54.58259485093285,53.85791723687552,54.24401769298198,821100
2018-08-07,54.78456115722656,55.598340768879936,54.49350047741315,54.73109999188586,996450
2018-08-08,54.4697380065918,54.636059363664856,54.27372053440967,54.636059363664856,770400
2018-08-09,53.935142517089844,54.58260079015514,53.84604397085861,54.46974059226058,875700
2018-08-10,53.44211959838867,53.69753949293053,52.90752155808274,53.39459969705278,920700
2018-08-13,52.937217712402344,53.66189531206712,52.91345606379648,53.49557736739099,1365300
2018-08-14,53.804466247558594,53.89356819983123,52.91940838129937,53.19264870344888,878100
2018-08-15,53.53716278076172,53.73912152446568,53.014443833068626,53.281742870095684,1047750
2018-08-16,54.267784118652344,54.50538365076826,53.638146208268125,53.822284571073524,850350
2018-08-17,54.30937194824219,54.451931682702785,54.02424908042882,54.20244959822761,586500
2018-08-20,54.297481536865234,54.58854222704301,54.05394415016582,54.374704355848806,789150
2018-08-21,54.28559875488281,54.57071816320311,53.75693857737131,54.12521866284122,779100
2018-08-22,54.297481536865234,54.61230047989051,53.95296307833475,53.99454172026371,535200
2018-08-23,53.899497985839844,54.46379893601851,53.61437857908371,54.33311835819909,695250
2018-08-24,54.196502685546875,54.46973958181059,53.89356287553208,54.01830219749848,508800
2018-08-27,55.1884765625,55.366677041393885,54.6063586235975,54.6063586235975,784050
2018-08-28,55.78842544555664,55.80030457263591,55.11126421866045,55.33104336464029,1390800
2018-08-29,55.87751770019531,56.03789779381384,55.30727887794789,55.83593906065741,785550
2018-08-30,55.129085540771484,55.90722445933493,55.039986987832826,55.78842638875006,579300
2018-08-31,55.265708923339844,55.342928351126005,54.70140787583785,54.89148751312441,525150
2018-09-04,55.53894805908203,55.75278935897037,54.91524794987421,55.14096837784185,650700
2018-09-05,55.408267974853516,55.84188501781216,55.22412620417274,55.50330439344452,596400
2018-09-06,54.541019439697266,55.47953835540174,54.11334032102211,55.42013932753085,602250
2018-09-07,54.75486755371094,55.11126516444829,54.131167486305664,54.70140638259897,657600
2018-09-10,54.90929412841797,55.289453307617315,54.84989510639087,55.028092172472185,551400
2018-09-11,55.230064392089844,55.443902270073885,54.52320366461128,54.82020562687726,528600
2018-09-12,54.41035079956055,55.28352961666858,54.21433328479245,55.11127035870597,629550
2018-09-13,54.13710021972656,54.897422074951024,54.07770119004846,54.600420128777294,1089150
2018-09-14,54.980594635009766,55.12315437637381,54.29749205055318,54.29749205055318,678750
2018-09-17,54.238094329833984,55.230074678641245,54.11929624191499,55.08157366985007,516600
2018-09-18,54.65388870239258,54.7192290034511,54.02424734623415,54.37471050595351,511800
2018-09-19,55.69932174682617,55.8715843790816,54.68358333725787,54.68358333725787,780900
2018-09-20,56.72694396972656,57.47538335148665,56.15670508817447,56.186404605060495,1165500
2018-09-21,56.507171630859375,57.01801157088716,56.27551331798029,57.01801157088716,1954650
2018-09-24,55.509239196777344,56.530918815268286,55.26570181712615,56.441820271331245,1309950
2018-09-25,55.752777099609375,55.86563728877661,55.1528387773715,55.752777099609375,1078500
2018-09-26,55.09938430786133,55.92504310873405,55.04592313842725,55.90722271892269,1086600
2018-09-27,55.09343719482422,55.527057570478185,54.87365807530788,55.325098838880926,956550
2018-09-28,54.85508346557617,55.653622345465806,54.71206111859153,54.76569236750969,1450050
2018-10-01,55.02788543701172,55.71915820473581,54.86698491799163,55.39140003520052,1272750
2018-10-02,54.837196350097656,55.147076346667134,54.265107054965235,55.010014565095425,1356150
2018-10-03,55.98733139038086,56.5117499811161,55.08748389293164,55.28414086445735,2045400
2018-10-04,56.20186996459961,57.26857860699284,55.85027297549335,56.20186996459961,1662900
2018-10-05,55.862186431884766,56.613054463611256,55.29605769450682,56.35680571429503,884100
2018-10-08,56.178043365478516,56.23167461662851,55.14708758771345,55.61191108723732,948300
2018-10-09,56.50578689575195,56.7381968798865,55.7191624549748,56.08268049081336,1379250
2018-10-10,53.65129852294922,56.42235720817528,53.59766387507066,56.386604186177266,1367850
2018-10-11,52.27470016479492,54.128032936010605,51.666854536489815,53.43675678011211,1408500
2018-10-12,52.35813903808594,53.53807405524484,51.17224347874863,53.472521730966996,1750200
2018-10-15,51.92311096191406,52.62034776259067,51.917153829721634,52.244912037623095,966600
2018-10-16,53.04345703125,53.13284470822326,51.48212908598553,52.38197662791544,1133250
2018-10-17,53.1447639465332,53.454643943877194,51.9827037267297,52.93022875536175,1210200
2018-10-18,51.73836135864258,53.16262365328052,51.48806980504745,52.888500167312856,949200
2018-10-19,51.4642448425293,52.23299105020161,51.36293609255173,51.7145330366846,1309800
2018-10-22,50.29623031616211,51.89331459585104,50.23067799319805,51.66686173650629,1236150
2018-10-23,49.41426086425781,49.831410177679096,48.43694331787108,48.961358525911145,2239950
2018-10-24,46.768333435058594,49.41424752063876,46.601472390780025,49.33082040841986,2447700
2018-10-25,45.02823257446289,46.1545328232672,43.94364588675474,46.1545328232672,5060400
2018-10-26,43.50267028808594,44.426356644179606,43.079560408371464,43.95557265195657,5232600
2018-10-29,43.41328048706055,44.527663326330696,42.86502988186758,43.949616826173916,2618100
2018-10-30,44.08667755126953,44.25949578380363,43.35964818407876,43.580140529378184,2845950
2018-10-31,45.70163345336914,46.19625272596509,43.687399931250454,44.99843954221435,4477200
2018-11-01,47.08417892456055,47.43577585330513,45.86253048616637,46.005552792269896,2458800
2018-11-02,47.131866455078125,47.87081695211,46.69684228126965,47.56093690555721,1862550
2018-11-05,47.35829162597656,47.72180611846286,46.95902071523398,47.1497170660412,1907700
2018-11-06,47.96615982055664,48.09130393382076,47.191452970946216,47.31063995162526,1813050
2018-11-07,48.36543273925781,48.69319098108833,48.01979627915705,48.3356368454479,1871550
2018-11-08,48.23432159423828,49.10437658017751,47.966155176078196,48.21644337837147,2715750
2018-11-09,47.376190185546875,48.210488783661276,46.959040886489674,48.210488783661276,1167750
2018-11-12,46.48230743408203,47.66224265769191,46.05920093325627,47.25701437660833,1773450
2018-11-13,46.66703796386719,47.578803129316334,46.404828670327596,46.476338125888596,1351350
2018-11-14,45.94000244140625,47.36426843182892,45.43346551185607,47.251042008412156,2069850
2018-11-15,46.899452209472656,47.024596325492745,45.33812421069756,45.45730778407996,1854300
2018-11-16,46.92327880859375,47.30467162815873,46.29159780366945,46.58360295986918,1330050
2018-11-19,46.42865753173828,47.07225959146704,46.220086326373504,46.83388908970095,1345200
2018-11-20,44.49786376953125,45.88041636954532,44.271414304457046,45.731433497064835,1512000
2018-11-21,45.35002899169922,46.160488653994754,44.59916109915118,44.74218339249745,1053000
2018-11-23,45.671836853027344,46.24392611220131,44.944804195386375,44.97460008472824,779250
2018-11-26,47.1735725402832,47.18549021395415,46.31543524747767,46.42866167215395,1470900
2018-11-27,45.83869552612305,47.286800331500636,45.67183786014505,46.91136461568833,1600050
2018-11-28,46.26179885864258,46.33330830262488,45.13549527911651,45.92808016357722,2059050
2018-11-29,45.451358795166016,46.23798006821365,45.409641809070344,45.89830409527482,2031750
2018-11-30,47.513248443603516,47.70394827210063,45.373870866501406,45.68971479344902,2369400
2018-12-03,47.572845458984375,48.76469812086111,47.024591529560546,48.35946651086249,2034600
2018-12-04,45.43941879272461,47.41193851779425,44.93884244732735,47.34638620400735,3376350
2018-12-06,46.172420501708984,46.28564694494402,44.37868244818861,44.43231710338042,2966550
2018-12-07,44.92097091674805,46.83985628604371,44.82562270249439,45.95788359923684,1927050
2018-12-10,45.04016876220703,45.29641759551245,44.25950458421014,44.71837099449709,1634100
2018-12-11,44.6766357421875,46.02343170246102,44.37271291088334,45.570526021326714,4420200
2018-12-12,45.570533752441406,46.22009649636036,45.20701908350265,45.48114607333104,3529350
2018-12-13,45.04016876220703,45.84467170628735,44.849472273228315,45.570544650899905,1663800
2018-12-14,44.301204681396484,45.36195264442246,44.22373127860569,44.479980014209666,1958550
2018-12-17,43.8542594909668,44.891172106007765,43.657602533140114,44.24160945497571,1827300
2018-12-18,43.61589050292969,44.50382377470025,43.460950499770235,44.08667446472824,1867950
2018-12-19,42.51939392089844,44.074765014913005,42.34061853462345,43.57418506754606,2445900
2018-12-20,42.41807556152344,42.9961219379977,42.0486004051686,42.376358589562855,2736150
2018-12-21,41.95920944213867,43.53841882093562,41.929413553470184,42.19758337132834,3471750
2018-12-24,41.542076110839844,42.53727554161101,41.42885305445095,41.48844485463925,907950
2018-12-26,43.87213897705078,43.88405665092222,41.18450744858435,41.63145261301272,1551450
2018-12-27,44.34292221069336,44.34292221069336,42.84118609325386,42.98420841825185,1475250
2018-12-28,43.96152877807617,44.80178450038185,43.77083234720052,44.527657528517814,1369950
2018-12-31,44.34292221069336,44.61108864382444,43.72315880236874,44.25353453629006,972450
2019-01-02,44.3249626159668,44.911650325218616,43.66044587511987,43.66044587511987,1968450
2019-01-03,42.828304290771484,44.09148108358932,42.73850630773444,44.061548422576976,1967850
2019-01-04,44.564430236816406,44.70810907856969,43.187507146953976,43.57065072496273,1811550
2019-01-07,44.77397155761719,45.23494084192872,44.07353748758703,44.402800283359696,1321800
2019-01-08,45.09724426269531,45.360653781419074,44.63627503574816,45.22296283135598,2000100
2019-01-09,45.92338562011719,45.99522674216819,45.12716592896697,45.36064272448623,1364550
2019-01-10,45.82162094116211,46.150883656490606,45.39058100660407,45.55820802844038,1183050
2019-01-11,46.24667739868164,46.31253063804199,45.18105661249053,45.606108716439266,745050
2019-01-14,46.402320861816406,46.755531763400164,45.57616840757572,45.74977990697604,2146950
2019-01-15,46.42626953125,46.444229814212896,45.600113642825086,46.20476508399707,2325750
2019-01-16,47.87501907348633,48.13843192778164,46.85729506495896,46.941108557286825,1775400
2019-01-17,47.80318832397461,48.3599433438862,47.36017946896998,47.47392563387695,2218050
2019-01-18,48.64730453491211,48.86880897853478,47.671485347078686,48.22824383308272,1772250
2019-01-22,47.7133903503418,48.41981214871323,47.47991352699003,48.10850971757753,1834050
2019-01-23,47.86305618286133,48.2042946956773,47.240447906800085,47.892988844859886,2921100
2019-01-24,48.144432067871094,48.55152040453755,47.23446264940162,47.677474978281175,1957500
2019-01-25,48.5275764465332,49.030450685506835,48.228246379259666,48.64132262572339,1662900
2019-01-28,48.67124938964844,48.784995555049576,48.01272058101873,48.120478844082236,924900
2019-01-29,48.45573043823242,48.88078244807009,48.407837495262925,48.767036280320866,843750
2019-01-30,48.3779182434082,48.557517685718224,47.89898868096445,48.55152978159726,1406700
2019-01-31,48.19232177734375,48.34198508566372,47.61760645201854,47.99476209967313,1258800
2019-02-01,48.66526412963867,49.13222119569897,48.282120572988916,48.282120572988916,1289700
2019-02-04,48.9765739440918,49.08433222172309,48.377910375611734,48.695200730932356,1054500
2019-02-05,49.17412185668945,49.32378857976204,48.7131527343597,48.982550095431726,1092300
2019-02-06,48.88677215576172,49.245970979253336,48.73112093084982,48.958613290689584,836700
2019-02-07,48.32402801513672,48.74309215743049,47.85707092588291,48.62934598020368,1043100
2019-02-08,48.150413513183594,48.246199401140885,47.16262197182073,47.97081411687028,955200
2019-02-11,47.90495681762695,48.25816765237743,47.79719514136296,48.24619184907719,1127700
2019-02-12,49.096309661865234,49.57524262134812,48.28212945422054,48.306074218128856,1390350
2019-02-13,48.9765739440918,49.84463491943703,48.958613660224266,49.55727722870433,1179150
2019-02-14,48.59342956542969,48.90473201253569,47.93490067849351,48.57546928185452,1533600
2019-02-15,49.287872314453125,49.401618485811575,48.65329165636516,49.024462832549546,1415400
2019-02-19,49.64707565307617,49.83864744855954,48.83887999989699,48.952626181661984,1417350
2019-02-20,49.55727005004883,49.58720271030083,49.22800393613002,49.56924242903495,810900
2019-02-21,49.63510513305664,49.64108961090616,49.00650887097072,49.5872121823903,1363350
2019-02-22,50.02423095703125,50.07810837942444,49.55727388470621,49.75483014277067,891750
2019-02-25,50.03620529174805,50.77854425893099,50.01225710541374,50.371455921411844,1378050
2019-02-26,50.03021240234375,50.485197067183954,49.74285474841524,49.8446285354383,1135500
2019-02-27,50.17988204956055,50.29362822238474,49.79075058598166,49.940417324029,962550
2019-02-28,49.43753433227539,50.22178165163386,49.38964139235711,50.10204758905152,912900
2019-03-01,50.56303024291992,50.700721188125485,49.91048923425833,49.976339042435626,1080600
2019-03-04,50.21579360961914,51.203588490057584,49.688971271986155,50.71268328808327,1552950
2019-03-05,50.1080436706543,50.23376223026513,49.461490589002324,50.14995214090713,777450
2019-03-06,49.509368896484375,50.44927078028156,49.48542414082706,50.26967141055949,692550
2019-03-07,48.16836929321289,49.21602948580744,47.87502375417177,49.21602948580744,1663950
2019-03-08,48.10253143310547,48.126479623290244,47.49189540307292,47.749320463293984,1073550
2019-03-11,48.49164581298828,48.755055258347525,48.078569652274446,48.58144378685716,1448850
2019-03-12,48.58744812011719,48.82691289032352,48.40186420779764,48.635341074158454,1037250
2019-03-13,49.03644943237305,49.245981553472106,48.575480136184964,48.85086550325012,768900
2019-03-14,49.0903205871582,49.216039149840924,48.65329614379652,49.03643973504821,757500
2019-03-15,49.02446746826172,49.455504009422604,48.94065395108696,48.988546900104836,2266800
2019-03-18,49.401615142822266,49.62910747014485,49.192083096664454,49.3836548616575,1617150
2019-03-19,48.80894088745117,49.81469268088037,48.683222341469204,49.81469268088037,1550850
2019-03-20,47.503868103027344,48.86881551260252,47.461959629339425,48.60540599124949,1814100
2019-03-21,47.53977584838867,47.91693490914039,46.983020823594025,47.39011254501956,1584000
2019-03-22,45.953330993652344,47.25841652556443,45.49834965521196,46.97704328711093,2274600
2019-03-25,46.10298538208008,46.462184144168035,45.79167955989897,46.001211600188064,2048400
2019-03-26,46.75553512573242,46.917174256764106,46.4023241987482,46.4023241987482,1776150
2019-03-27,46.994998931884766,47.00697473807301,46.534029735279205,46.75553419172773,1549350
2019-03-28,47.8570671081543,47.934896138132714,46.899208245365365,46.899208245365365,1821600
2019-03-29,48.344058990478516,48.53644904336838,48.079520947652206,48.41620698041497,2003250
2019-04-01,49.949310302734375,50.033481804822216,48.819017103855494,48.825030582649354,1337850
2019-04-02,49.90723419189453,50.087600742076226,49.37214802109763,49.93128467068147,1219650
2019-04-03,50.37016296386719,50.71285900122028,50.10562838782677,50.41225043383635,1495950
2019-04-04,50.754947662353516,51.091630251803124,50.261949016425106,50.478386103825684,896700
2019-04-05,51.223899841308594,51.259973836344784,50.748938187418986,51.03752326729747,1690050
2019-04-08,51.40426254272461,51.4283130176903,51.00745894753536,51.10365396698762,1232100
2019-04-09,50.91127014160156,51.199855235178994,50.73691363738522,51.121697202360814,1320600
2019-04-10,51.470394134521484,51.48843112967324,50.73089453432489,51.12168806880108,900450
2019-04-11,52.01750946044922,52.11370448509549,51.55457133436473,51.70487391024612,1165800
2019-04-12,52.787071228027344,53.23197581040627,52.30008261119072,52.787071228027344,1204650
2019-04-15,52.58265686035156,53.027557995804614,52.468424836885546,52.961423485366105,991500
2019-04-16,53.23799514770508,53.394314674861604,52.600703839210354,52.708922404006294,1554450
2019-04-17,53.38829040527344,53.4303744385765,52.93136231704384,53.243997867970215,1121250
2019-04-18,53.62276077270508,53.74300626556182,52.92534861083374,53.34018919680983,2460150
2019-04-22,53.25001525878906,53.490502854163694,53.05161514273369,53.47847933444645,1132950
2019-04-23,53.827178955078125,53.947421010384666,52.87724882908895,53.37626436726802,1706850
2019-04-24,53.195899963378906,53.77307010833693,53.033570430083785,53.76104659036833,2336400
2019-04-25,54.23602294921875,54.31418099753127,52.642791139168025,53.472472587630854,1833900
2019-04-26,53.95945358276367,54.45846576447626,53.14179577277076,54.23601517266568,1987650
2019-04-29,55.0656852722168,55.131816331991516,54.17587970182345,54.17587970182345,1292550
2019-04-30,55.053672790527344,55.1378443071961,54.248038502853255,54.95146771476358,1366200
2019-05-01,53.80914306640625,55.31218942991006,53.72497156183582,55.047654838667036,1572300
2019-05-02,54.06767654418945,54.40435917784422,53.61074839269788,53.85724946812948,990900
2019-05-03,54.765079498291016,54.81919048810752,54.181899329004715,54.308154865037885,799200
2019-05-06,54.602752685546875,54.7290116680668,53.340193822197215,53.586691427589926,773850
2019-05-07,52.931358337402344,54.163860011048214,52.7028943104646,53.92938250543125,1569150
2019-05-08,52.81110763549805,53.24999518145022,52.60068063885874,52.85319165874406,1403550
2019-05-09,52.4624137878418,52.4624137878418,51.44635248799273,52.023526111264104,1832100
2019-05-10,52.61271667480469,52.666827666316564,51.23592237256091,52.20388609941658,1119450
2019-05-13,50.141700744628906,51.65677403356465,50.05753268206992,51.65677403356465,1539750
2019-05-14,50.91728591918945,51.31409304773198,50.19582310393858,50.19582310393858,1886250
2019-05-15,50.093605041503906,50.50243561238838,49.58256940805237,50.20182702333549,769350
2019-05-16,50.59261703491211,51.07359215231782,50.165752908291566,50.165752908291566,1413150
2019-05-17,50.5024299621582,50.99542854348095,49.70280934702844,49.865135421203895,1222800
2019-05-20,50.82709884643555,51.02550238919492,50.17176718345665,50.388207724667396,1677450
2019-05-21,51.57260513305664,51.65677319424807,51.127700591505864,51.211872092902524,896250
2019-05-22,51.16377258300781,51.47039462308802,50.863164021436965,51.35616261284597,978600
2019-05-23,50.94132614135742,51.42831473366043,50.44231403127302,50.49041154260398,2469750
2019-05-24,52.20989990234375,52.33014540415852,51.19985213596268,51.3501547129743,1309350
2019-05-28,51.24795150756836,52.18585475904558,51.17580351582137,51.99947474050293,1680450
2019-05-29,51.211875915527344,51.30205746219471,50.4723762241974,50.93531435612641,1197300
2019-05-30,50.803043365478516,51.71689951592334,50.40623975924166,51.410277452856796,759450
2019-05-31,49.64869689941406,50.2920014595966,49.57654892172391,50.05151393430429,1393350
2019-06-03,49.33607482910156,50.24391413087577,49.155708288549896,49.58858592175052,1511400
2019-06-04,51.18783187866211,51.272003396930835,49.780980308511054,50.17177050010528,1228500
2019-06-05,50.91728591918945,51.38623760915404,50.44833422922487,51.18182400488447,1300200
2019-06-06,50.965370178222656,51.10365266529128,50.43629758471162,51.03150468243719,669150
2019-06-07,50.35212707519531,51.03150568621211,50.22587154292241,51.01948216890165,1502100
2019-06-10,50.899234771728516,51.494441858902974,50.58058921358357,50.85113726408012,851700
2019-06-11,50.64072036743164,51.57261363475058,50.59863632989842,51.45236812147511,788400
2019-06-12,50.06956100463867,50.7910237257015,49.64269341121466,50.616670664803685,759750
2019-06-13,50.2439079284668,50.31004243317856,49.967346392455404,50.08157840602979,923250
2019-06-14,49.636680603027344,50.279985256780755,49.05951045837442,50.279985256780755,1329900
2019-06-17,49.44429397583008,50.039501158711104,49.36613594335963,49.82907409888806,716550
2019-06-18,49.973365783691406,50.69482850198995,49.47435364017588,49.552511671299186,938850
2019-06-19,48.77693557739258,50.3220694470473,48.758898580290115,50.15973991333058,1546050
2019-06-20,48.51240158081055,49.18577024796807,47.79093883764789,49.10159873454767,3406650
2019-06-21,49.51643371582031,49.552507708902034,48.57853397713284,48.68675251617268,3137400
2019-06-24,48.271915435791016,49.6066223152785,48.18173044651144,49.43226581607318,1816200
2019-06-25,48.187740325927734,48.47632538965203,47.80897027966126,48.151666332910864,1846050
2019-06-26,48.60858917236328,48.879137210461145,48.32000413969823,48.51239072126997,1284300
2019-06-27,49.60060119628906,49.68477269325046,48.65067457682348,48.9212226225804,1737900
2019-06-28,51.04347229003906,51.04347229003906,49.999056261369525,50.10168773656888,2077050
2019-07-01,51.912818908691406,52.14222844758103,51.568704600356966,51.707555924188746,1709700
2019-07-02,51.049503326416016,51.61698867047085,50.687277462741235,51.61698867047085,1026300
2019-07-03,50.958953857421875,51.3211763041125,50.77784090685546,51.28495302311077,813000
2019-07-05,51.68340301513672,51.80414613555381,51.206472352986275,51.37551203068175,704700
2019-07-08,50.50617980957031,51.242701529179705,50.385436675263726,51.10988511777526,1458750
2019-07-09,51.333248138427734,51.417764513448496,50.0473494210402,50.16205416364481,1309050
2019-07-10,51.23061752319336,51.532470114080844,50.89254165415563,51.35739554227727,1247850
2019-07-11,51.5445442199707,51.719622249039915,51.07365541419073,51.39965455947487,1147950
2019-07-12,51.97922134399414,52.03959117770176,51.453994118299356,51.67133035586603,814950
2019-07-15,51.65320587158203,52.105986420692446,51.339276596363014,52.081836420548775,1957650
2019-07-16,51.840370178222656,52.37163235148591,51.44795932300998,51.894705104995076,1084500
2019-07-17,50.51823806762695,51.68339359501564,50.21034713929,51.62905868256502,1483200
2019-07-18,50.90460968017578,51.290982062096035,50.306939470087684,50.51823729825552,1375200
2019-07-19,51.20647430419922,51.57473859011651,50.880475120979696,51.03743807450492,1148100
2019-07-22,51.2125129699707,51.49625741548438,50.868398688815034,51.15214313432872,908100
2019-07-23,51.84640121459961,51.95506759834045,51.44795205014644,51.48417532954074,1178550
2019-07-24,52.28105926513672,52.62517343849876,51.453979649042694,51.490202920857925,1947000
2019-07-25,50.11979675292969,52.136178690264835,49.365160094917,52.136178690264835,3424500
2019-07-26,51.2125129699707,51.27892117095385,50.13187702154405,50.16810030470621,1384200
2019-07-29,49.41949462890625,51.06157740675255,49.37119807661665,51.02535758336678,1425000
2019-07-30,49.37119674682617,49.389308385252185,48.79767304480862,49.389308385252185,1400550
2019-07-31,48.701080322265625,49.40742040861586,48.344892824143265,49.395343679943224,1520250
2019-08-01,47.270301818847656,48.960681345450006,46.83563279772134,48.56827051707288,1668150
2019-08-02,46.93826675415039,47.27634615662418,46.21985666000044,47.02882497068542,1755450
2019-08-05,45.28410339355469,46.26814616685718,44.837357653822444,45.79121551103153,2303400
2019-08-06,46.24398422241211,46.37680058248741,45.042608981621704,45.74290714485272,1294800
2019-08-07,45.86968994140625,46.10513777789418,44.372496915494835,45.066760242379935,1820550
2019-08-08,46.54584503173828,47.01069888567233,46.03269117419483,46.32247046920112,1046250
2019-08-09,46.32246398925781,46.79335614138144,45.83949856514158,46.24398253964407,1423650
2019-08-12,45.01243209838867,45.94817824029983,44.92791226741378,45.66443383369312,1365900
2019-08-13,45.857608795166016,46.58809527217344,44.710565084427785,45.09693741188141,917700
2019-08-14,44.25779724121094,45.17543178140018,44.03442610731224,44.638131314426225,2071350
2019-08-15,44.523433685302734,44.73473156152212,44.209504326380625,44.505322043976236,1432200
2019-08-16,45.7308349609375,46.02061423284952,44.84338550890178,44.97016350855811,1076400
2019-08-19,46.4432258605957,46.71489358975608,45.930075321688044,46.570003903907704,1120050
2019-08-20,46.26211166381836,46.515671198166125,45.88177754396047,46.26815002931801,1382100
2019-08-21,46.88392639160156,46.96844622619887,46.46736558338698,46.60018197283389,1223100
2019-08-22,47.4272575378418,47.81966830639346,47.02881185949877,47.20992133319174,2222700
2019-08-23,46.00251770019531,47.46349126658609,45.74896161763458,47.10730369611146,1389900
2019-08-26,46.213802337646484,46.69073290154514,45.90591141661968,46.58810144305569,885600
2019-08-27,45.67650604248047,46.6001788882546,45.507469838916855,46.4190659559464,1258650
2019-08-28,46.026668548583984,46.081000021872086,45.199588627932734,45.314293394624706,1114500
2019-08-29,47.25822448730469,47.38500250911455,46.5941460095198,46.5941460095198,777750
2019-08-30,47.397071838378906,47.85589078810788,47.19784727529527,47.680812772672226,797850
2019-09-03,46.43717575073242,46.96844125225924,45.99646843898482,46.92014124808251,1155900
2019-09-04,47.1072998046875,47.137484721123364,46.72696225782265,46.914113575944164,816150
2019-09-05,48.26641082763672,48.870119440262094,48.06718971447936,48.13359444923728,929250
2019-09-06,48.63468933105469,48.89428034536618,48.02494217511852,48.41131469522859,1034400
2019-09-09,49.66701889038086,49.896424937407865,48.96067874591622,49.03312530614526,1403400
2019-09-10,50.886505126953125,50.91669004168754,49.75153436984064,49.95679731714192,1343100
2019-09-11,51.78602981567383,51.80414145482204,49.79379441711607,50.934800047917705,1057050
2019-09-12,52.16636276245117,52.4138838862778,51.10383862097988,51.36946792912676,1493400
2019-09-13,52.588958740234375,53.0658858972699,52.43199580936723,52.69159020896238,1537200
2019-09-16,52.73385238647461,52.76403730204499,51.84640274182527,51.97921913388866,1583100
2019-09-17,52.13014602661133,52.56481504812241,51.88866323688295,52.38974045737462,1237800
2019-09-18,51.834327697753906,51.99732554538358,51.14006084555688,51.86451261229429,1100850
2019-09-19,51.41172409057617,51.671318461090905,51.00724007985146,51.508317184049496,1433250
2019-09-20,50.83216857910156,51.671325072265,50.783875480627465,51.53247032360516,2167350
2019-09-23,50.886505126953125,51.16421117872857,50.11979862026138,50.361281392578704,888000
2019-09-24,50.59672927856445,51.15214142029847,49.90850419375691,50.99517501666963,1539000
2019-09-25,51.18836212158203,51.315140147567504,50.457875426514825,50.638984918241434,1168200
2019-09-26,51.115909576416016,51.42380051252072,50.63897898916132,51.09779793847554,1079100
2019-09-27,50.63295364379883,51.659254655050056,50.222431166632916,51.435883502326604,2147850
2019-09-30,49.984352111816406,50.79661657655713,49.86312099097665,50.79661657655713,1316100
2019-10-01,48.12948989868164,49.760071352634675,47.4808936957351,49.547913424413586,2493900
2019-10-02,47.40208435058594,47.8264001626734,46.83229259730002,47.44451801289632,2707050
2019-10-03,47.05657196044922,47.46270240447651,45.72906847194022,47.17174359100944,2503350
2019-10-04,47.656681060791016,47.71123367750064,47.05657799746352,47.05657799746352,1154400
2019-10-07,47.35966491699219,47.790043769622024,47.13538454297541,47.41422100871391,1245450
2019-10-08,46.335243225097656,46.87473076183085,46.26856471741689,46.69288060165633,1425150
2019-10-09,47.02021026611328,47.31116913542337,46.711066033908395,46.965654177428895,1163700
2019-10-10,47.49302673339844,47.91734268471712,47.353610220709776,47.353610220709776,1207800
2019-10-11,48.84476089477539,49.31756985693997,48.49318304324117,48.49924598617381,1189800
2019-10-14,49.014488220214844,49.05085894308823,48.1113039027117,48.462878307812986,2868600
2019-10-15,50.19043731689453,50.26317527649541,48.808381399455875,49.25694197775085,1386600
2019-10-16,49.5236701965332,50.43897697395916,49.49942189067592,50.117710333746714,1222950
2019-10-17,49.97222900390625,50.23894301567853,49.60246923454264,49.929798805898415,1240200
2019-10-18,50.1237678527832,50.23893948900887,49.65095889051541,49.78431588704017,2509800
2019-10-21,50.99665451049805,51.32398412418171,50.3116874994198,50.3116874994198,1566150
2019-10-22,50.37229537963867,51.10575537591931,50.335924659839,50.98452079942131,1694700
2019-10-23,50.863285064697266,50.92390408581726,49.85099215567772,50.1843811635757,1627050
2019-10-24,50.87541198730469,53.40918098559912,49.893423366069705,53.40918098559912,2334750
2019-10-25,51.20881271362305,51.493708656691915,50.28744290402371,50.42685940347163,1427250
2019-10-28,51.402774810791016,52.22109868190557,51.21486520183284,51.7482897195397,1699500
2019-10-29,51.4330940246582,51.560391575082946,51.075456619020876,51.208813645225355,1849650
2019-10-30,51.66343307495117,51.89377637961413,51.08757828179708,51.23911719130957,1439400
2019-10-31,50.60870361328125,51.61493718024831,50.251066256280794,51.40277924973093,1045650
2019-11-01,51.63311767578125,51.899831666781076,51.11181557955634,51.17243113441893,708000
2019-11-04,52.79696273803711,53.04549141482078,51.954393883079355,52.172614776829015,927300
2019-11-05,53.415245056152344,53.53041669948534,53.14853451514674,53.16065693325994,1070700
2019-11-06,53.54253387451172,53.72438400241443,53.203081921061255,53.257637999982876,1048800
2019-11-07,53.98503875732422,54.500277931412036,53.91229731375736,54.088087979542955,939300
2019-11-08,54.12446594238281,54.3063126386225,53.43343601005977,53.785010451660575,622800
2019-11-11,54.00929260253906,54.18507981785696,53.55466893911198,53.633469865392186,752850
2019-11-12,54.324493408203125,54.42754263549437,53.785005903536266,54.057782861836245,637050
2019-11-13,53.54859924316406,53.96685212833672,53.22733263479964,53.80925029564905,791700
2019-11-14,53.90623474121094,53.90623474121094,53.28188343765345,53.28188343765345,721950
2019-11-15,54.191131591796875,54.633632773334526,54.015344401460766,54.2032574775808,1157400
2019-11-18,54.21538543701172,54.330557084212785,53.51829607879672,54.00929044815341,825000
2019-11-19,54.100215911865234,54.494224011507704,53.79713462594972,54.31843679630664,766350
2019-11-20,53.93049240112305,54.04566406187339,53.34251514592841,53.712274968072386,899100
2019-11-21,53.43342590332031,54.2759945898076,53.29400943553933,54.172948841796526,1068000
2019-11-22,53.591026306152344,53.99109727597908,53.34250115417197,53.548596113217386,803400
2019-11-25,54.288124084472656,54.3729844782403,53.512230374645135,53.83350046263368,1134300
2019-11-26,54.26387405395508,54.354797388029255,53.791065086063035,54.160824833868716,1282800
2019-11-27,54.84579849243164,54.870046798948934,54.354804103363655,54.554839625243936,767250
2019-11-29,54.44572067260742,54.676060464412565,54.215377412299645,54.65787857357484,610350
2019-12-02,53.50010681152344,54.651819730961655,53.41524295106942,54.55483345287219,1021350
2019-12-03,53.342506408691406,53.50617119092371,52.251409016643734,52.86363447995538,1402950
2019-12-04,53.821380615234375,54.17295852166039,53.372819886263855,53.42131303178778,943350
2019-12-05,54.50028991699219,54.59727621740838,54.130530080218406,54.2457017455256,1036500
2019-12-06,54.88823318481445,55.336793912964076,54.86398487784518,55.22768520286075,1135350
2019-12-09,54.233577728271484,54.82761793370411,54.233577728271484,54.530596096736,646200
2019-12-10,54.23963165283203,54.55483882189543,53.94261331476622,54.09415222138043,663300
2019-12-11,54.148704528808594,54.42147801017544,54.03353288671984,54.22750544844764,963900
2019-12-12,55.1609992980957,55.458017606246095,54.03959415958123,54.372983189057095,1270650
2019-12-13,55.088260650634766,55.639870567549444,54.80336474563623,55.22768059995568,937500
2019-12-16,55.191307067871094,55.6701755140723,55.13675098589127,55.59743753993542,1065450
2019-12-17,55.35498046875,55.488337488695926,54.94278698941809,55.13069663133939,831600
2019-12-18,55.154945373535156,55.47621203793445,54.77306314268395,55.47621203793445,1012200
2019-12-19,55.191307067871094,55.23373726374237,54.82154384862376,54.967026733903296,866700
2019-12-20,54.9124755859375,55.60350201059117,54.87004538625378,55.60350201059117,1396650
2019-12-23,54.82154083251953,55.00339096061125,54.53058201497386,54.967023709795065,601200
2019-12-24,54.6821403503418,54.93672852298604,54.524538478562384,54.93672852298604,181350
2019-12-26,54.98521041870117,55.03370702771071,54.74880765942046,54.74880765942046,325500
2019-12-27,54.7366828918457,55.039764139876006,54.63969661499578,55.03370466538717,405450
2019-12-30,54.59727478027344,55.033716589161784,54.43361343756981,55.02765364485648,565800
2019-12-31,54.4511833190918,54.84072864042528,54.299015871892195,54.530309277136425,691200
2020-01-02,55.25462341308594,55.260711364909696,54.33553772505682,54.79812454498325,1137600
2020-01-03,54.305110931396484,54.51814399223512,53.897305184398,54.378152430111605,830400
2020-01-06,54.08598327636719,54.225974812285294,53.45296868203307,53.78164839910394,827850
2020-01-07,54.65812683105469,54.95028579505026,54.04337263018895,54.085981322527616,1007700
2020-01-08,55.723297119140625,55.83894382913865,54.59117834470157,54.7494337536942,1513650
2020-01-09,56.514564514160156,56.61803532144444,56.118931210303906,56.29544351243372,1030950
2020-01-10,56.53281784057617,56.60585933081632,56.16762083780526,56.52673337159612,1082250
2020-01-13,57.117130279541016,57.27538217294985,56.544984800128994,56.80671096074098,1386300
2020-01-14,57.18408966064453,57.53102977543049,56.93453936094426,57.14757239814862,1659000
2020-01-15,56.95280456542969,57.30582917917699,56.575431625142784,56.71542318361216,1580850
2020-01-16,58.05448532104492,58.29795116489808,57.36669300610595,57.36669300610595,1980150
2020-01-17,58.59619140625,58.73618642715866,58.10317182296342,58.28577205560398,3460950
2020-01-21,58.82140350341797,59.15617121492339,58.054485225835734,58.12752672027697,2206800
2020-01-22,59.18661117553711,59.44224947141044,58.73011222844296,58.73011222844296,1897350
2020-01-23,55.53460693359375,56.15544563867852,54.3233623152486,56.15544563867852,4085400
2020-01-24,55.03550338745117,55.74155605053904,54.70682363941354,55.38853146040012,2362050
2020-01-27,54.50596618652344,54.932032266118355,53.78165315465009,53.80600147942037,1413300
2020-01-28,55.339839935302734,55.49200390997553,54.62161482985471,54.956379056944996,1455000
2020-01-29,55.047672271728516,55.73546451764525,55.03549985145994,55.63807818987703,960600
2020-01-30,56.50847625732422,56.53282110026803,54.524228762187384,54.524228762187384,1037400
2020-01-31,55.6502685546875,56.070246766975686,54.8529173535278,55.96068450765734,1584300
2020-02-03,55.97284698486328,56.63020645181644,55.87546065515243,55.96067108154202,1404600
2020-02-04,57.29974365234375,57.664944186224965,56.86150510137255,56.958891446032816,1022100
2020-02-05,58.35273361206055,58.699673753490366,57.963188253041906,58.109267762673895,1532850
2020-02-06,57.464073181152344,58.86400598669073,57.24495568658793,58.86400598669073,776250
2020-02-07,57.24495315551758,57.43363784987262,56.703240428935906,56.99539939731059,721950
2020-02-10,57.35453414916992,57.36670657353886,56.721522805442255,56.946728328917075,848400
2020-02-11,58.7361946105957,58.85183784181,57.68320176258548,57.71972251076381,1005450
2020-02-12,59.19877624511719,59.490942239151245,58.79097398208257,59.192695258258716,813600
2020-02-13,60.11176300048828,60.11785095184538,58.55358180280338,58.86400463144058,2040000
2020-02-14,60.22742462158203,60.56827334052126,59.89874484204949,59.94744149653836,1677150
2020-02-18,60.519588470458984,60.54393331683149,59.843971965678286,60.02656876190401,1762050
2020-02-19,61.63343048095703,61.74907369437621,60.55609295514824,60.74477765368449,1679100
2020-02-20,61.63343048095703,62.357743449525884,61.07345737109188,61.60908564112448,1533300
2020-02-21,59.41180419921875,61.323010029757675,59.11964521304172,61.07345973915428,1776900
2020-02-24,57.0623664855957,57.73189848454739,56.26501534296596,57.384958321128046,1872000
2020-02-25,55.35200881958008,57.30582338513017,55.31548807486832,57.30582338513017,2093700
2020-02-26,54.798118591308594,56.47194643155802,54.798118591308594,55.75980938918888,2042250
2020-02-27,52.45476150512695,54.773772970557026,52.38172001881557,53.41036439896907,2116800
2020-02-28,50.902679443359375,52.448688694207824,49.63665683284632,50.5679116724766,2887950
2020-03-02,53.039093017578125,53.06343786402964,50.269666472106174,51.23135756315393,2564400
2020-03-03,48.83320236206055,53.745130745218994,48.6688625047304,52.771264021052644,3366300
2020-03-04,48.565391540527344,48.583651912899,46.215943698459036,48.49843800276789,4715400
2020-03-05,45.46120071411133,47.24459105454544,44.93775176582346,46.964604465491846,3391950
2020-03-06,44.797752380371094,45.1690373180886,42.75872397446702,43.5256421731475,3776700
2020-03-09,39.60584259033203,41.52922438625161,36.55034207426791,40.28754691345113,3436050
2020-03-10,43.860408782958984,44.07952627278747,39.67887779402365,41.43183512670007,3345600
2020-03-11,41.06055450439453,42.80133974737627,40.01365305353178,42.45439959272196,2730750
2020-03-12,37.0129280090332,38.7597974721059,35.783422986347624,37.950270560256676,3102900
2020-03-13,44.02475357055664,44.14040027978387,38.95457266913073,39.95886882270232,4339350
2020-03-16,40.537109375,43.04480969912951,36.48339634781358,36.48339634781358,3875850
2020-03-17,46.5750617980957,46.58114975055091,40.293635746303906,41.6266152263565,3939150
2020-03-18,43.77519226074219,46.00899313346577,40.20232775802289,42.910887807403824,4989600
2020-03-19,40.69535446166992,44.499513012130464,40.20842278018555,43.056974858274174,2804400
2020-03-20,37.38421630859375,41.77877743588666,37.20161605360373,40.336242735366866,3191700
2020-03-23,33.537452697753906,37.00684363556082,32.99573988119616,36.891196922686234,2672550
2020-03-24,36.1668815612793,36.927711777696864,33.330502279378074,35.05911126160155,2107500
2020-03-25,36.994659423828125,39.77017268265169,34.62086381451491,35.74689430601279,2202900
2020-03-26,39.36236572265625,39.91625076522138,36.58076460965324,37.262468741608934,2172750
2020-03-27,37.52420425415039,38.68067126356969,36.5442564961643,37.432905876843,1373250
2020-03-30,39.19803237915039,39.398889488768965,36.525993029108754,37.38420954463063,1904400
2020-03-31,38.68992614746094,39.81022107012064,38.126720623159,38.86746194076158,1879800
2020-04-01,36.10651779174805,36.700335469014284,34.92500556899861,36.479948262990185,2097150
2020-04-02,36.71868896484375,37.93692905819442,35.54941989748112,35.7881694123786,1693200
2020-04-03,35.21884536743164,37.14109849586855,34.93724091508374,36.44933187449839,1546500
2020-04-06,39.30823516845703,39.700031557296434,36.853381103098144,37.20232607550924,1627650
2020-04-07,39.12458801269531,41.42639578703578,38.93481291030321,41.408029889556424,1699650
2020-04-08,40.77135467529297,41.17539385208754,38.8368546239333,39.7122769270805,1199100
2020-04-09,42.50994110107422,42.981324134143456,41.38964976345281,41.63452247410248,2409750
2020-04-13,41.27945327758789,42.19772671499972,40.869291095504806,42.069165491296516,1185300
2020-04-14,41.016212463378906,42.399742171614655,39.97550098982894,42.24669894236832,1470300
2020-04-15,38.371585845947266,39.45514877162958,38.206296348610294,39.25312749645436,2010450
2020-04-16,37.12885284423828,38.32873061124612,36.21057950763179,38.13283248625992,1932150
2020-04-17,38.9776496887207,39.638807737779665,38.10835071800577,38.56136434247331,4236300
2020-04-20,38.17569351196289,39.1368184921185,37.58187585729075,38.0961103164904,1339200
2020-04-21,37.51453399658203,37.77164946494467,36.688089918444014,37.0186654479379,1303350
2020-04-22,38.0410041809082,38.59808992825368,37.85734880754417,38.37158315237649,1574400
2020-04-23,37.5573844909668,38.659309798832666,37.41046088305567,37.91244900101823,995700
2020-04-24,37.67982482910156,38.32261702539897,37.1104961994373,38.02264663320638,1117950
2020-04-27,40.28772735595703,40.569331894664806,38.138966781757055,38.138966781757055,1252650
2020-04-28,41.72023391723633,43.293542589791194,41.03459024329535,41.867157561652256,1593450
2020-04-29,43.7526741027832,44.11998141774628,42.55279606764127,43.5078013918293,1327050
2020-04-30,40.35505676269531,42.85276163668732,39.81633685913403,41.70797790081753,3254100
2020-05-01,38.677677154541016,39.52861018716484,38.35934441012836,38.977647512336624,1660350
2020-05-04,38.273643493652344,38.408324367416064,37.40434444881709,38.10835396729428,913050
2020-05-05,38.42667770385742,39.71225820744242,38.273630987957105,38.92866574766724,1318050
2020-05-06,38.26751708984375,39.03274735101334,38.12671659936195,38.94704102931616,1145700
2020-05-07,39.44290542602539,40.69175432751423,38.68991800329383,38.81235609328651,1146300
2020-05-08,40.91214370727539,41.05906732147424,39.8653125182417,40.37954341647003,1324950
2020-05-11,40.7774658203125,41.224359826300336,39.69390277311578,40.238745862366514,1213500
2020-05-12,38.7021598815918,41.13252048822708,38.64706222189426,41.10191184492891,1282950
2020-05-13,36.34526443481445,38.84908894019071,36.03917095287278,38.475658535274455,1352550
2020-05-14,37.967552185058594,38.07162089978453,34.62503699214238,35.43311520161652,1834050
2020-05-15,37.36761474609375,38.322620173153226,36.773797044464715,37.46556384102621,4223100
2020-05-18,39.767364501953125,40.21425498438353,38.16956708988925,38.16956708988925,1862850
2020-05-19,38.48178482055664,40.12855696902667,38.42669064650634,39.47352198869156,1330650
2020-05-20,40.28772735595703,40.72237867727333,39.14906643933935,39.14906643933935,1537500
2020-05-21,39.657188415527344,40.24488312141171,39.510264739056254,40.06734728060614,1538250
2020-05-22,39.920413970947266,40.35506526495743,39.1245784578393,39.65717884586078,1292250
2020-05-26,43.0609016418457,43.63023018106999,41.23659756116943,41.8977555440977,1588200
2020-05-27,44.67707061767578,45.17906233991338,43.581264716255205,44.77501970939007,1593150
2020-05-28,43.275177001953125,45.564738019336005,43.10988746295104,45.4178143738826,934500
2020-05-29,42.41199493408203,43.164978946798755,41.922246016610075,42.69359592023885,1022850
2020-06-01,43.58125686645508,43.844495440890014,42.46096564535926,42.73032384758918,1580400
2020-06-02,44.6893196105957,45.081116001380536,44.064893237048366,44.25466830023375,1560600
2020-06-03,47.278846740722656,47.36455306909231,45.607589100725185,46.115700436361074,2290650
2020-06-04,48.5276985168457,48.5276985168457,46.63605370913687,47.04621594880606,2743200
2020-06-05,49.7949104309082,52.53748819984096,49.72145037167957,52.03550003581638,3576150
2020-06-08,49.61126708984375,51.08662318650898,49.48270583387842,50.65197537850826,2420850
2020-06-09,49.990814208984375,50.388733708561375,48.36853106025028,48.97459150445002,1659150
2020-06-10,46.75236511230469,49.97856510788915,46.360568794278144,49.87449289731258,1341150
2020-06-11,43.011932373046875,45.29537344304797,42.92010642103379,44.126104071562835,1378350
2020-06-12,43.832252502441406,45.17905401686825,42.3568932666899,45.17905401686825,1273950
2020-06-15,44.60360336303711,45.019888687211505,41.720225250983695,41.84878297527623,1295400
2020-06-16,44.989280700683594,46.893168229674565,44.003666719286436,46.893168229674565,1214400
2020-06-17,44.29139709472656,45.3076197903901,43.96694116839915,45.17906204621779,900150
2020-06-18,44.22404861450195,45.16681107188178,43.624111416485825,43.801643673912274,737550
2020-06-19,45.093353271484375,45.20354511723967,43.55065341916783,45.20354511723967,3052500
2020-06-22,44.03428268432617,44.87297311080948,43.74043190096434,44.689317684809296,2210700
2020-06-23,44.01591491699219,45.1790612282123,43.960817240657725,44.90357985241148,1405050
2020-06-24,41.87939453125,43.33026838427793,41.744713666760404,43.24456206115405,1111800
2020-06-25,42.89561080932617,42.956828101264335,41.40188576666409,41.62839254918328,1264200
2020-06-26,40.64891052246094,42.43036352186889,40.34894012339043,42.265073996090095,2692800
2020-06-29,41.87327194213867,42.15487643437154,40.75910023590884,41.19375148549198,941850
2020-06-30,42.36567687988281,42.70421025552207,41.503962924228105,41.68246073957115,1551150
2020-07-01,41.30084991455078,42.93811269579145,41.23314322792171,42.75961132813983,895950
2020-07-02,41.56551742553711,42.81500578295941,41.42395114975522,42.297974538997295,852000
2020-07-06,42.5872688293457,43.68903452348015,42.32875495753409,42.65497551424634,1225800
2020-07-07,41.25160598754883,42.137942238904806,41.060795287751034,42.10101068126818,963000
2020-07-08,41.84250259399414,41.89174350364007,40.8884595293557,41.03002582384239,797850
2020-07-09,40.37757873535156,41.8609622418333,39.995960861013835,41.614757729677855,723150
2020-07-10,42.433387756347656,42.44569710159324,40.506836106919636,40.506836106919636,871200
2020-07-13,42.476478576660156,43.28895176877524,42.341065203978495,43.16585126414641,837600
2020-07-14,42.501094818115234,42.7842308932179,41.565517653330645,42.42107879032285,773850
2020-07-15,44.40302658081055,44.76617867378303,43.18431337422273,43.85522022460021,975600
2020-07-16,44.77848815917969,45.52325812598196,43.58439716087419,43.94139282146263,1078950
2020-07-17,43.6090202331543,44.88313090733613,43.59671088685948,44.88313090733613,1259100
2020-07-20,43.276649475097656,43.68288613735576,42.99966977255858,43.276649475097656,717150
2020-07-21,44.944671630859375,45.00622187127001,43.455131863412284,43.455131863412284,696000
2020-07-22,44.58152389526367,45.23396495957762,44.236837584797634,44.446110535655244,1069650
2020-07-23,44.464576721191406,45.110864879979395,44.126043319069886,44.126043319069886,1432050
2020-07-24,44.39072799682617,44.98777187784681,44.05219451182624,44.5692258698316,892050
2020-07-27,43.82444381713867,44.341475034659815,43.19046502039266,44.31685282335546,874950
2020-07-28,43.09814453125,43.95986215067069,42.907333818499026,43.51669047292082,934350
2020-07-29,44.0152587890625,44.0152587890625,42.92580234893044,43.17200689568449,1037700
2020-07-30,42.51955795288086,43.09198297917169,41.860960470485225,43.09198297917169,1954200
2020-07-31,42.76576614379883,43.07967735084174,41.984064582107706,42.61804343001318,1104900
2020-08-03,43.97831726074219,44.48303910870505,42.75345123894979,43.04889662810456,1004250
2020-08-04,43.65826416015625,44.11374170245712,42.9750443247172,43.74443663415547,938400
2020-08-05,44.42150115966797,44.575376807861176,43.90446982457044,44.1137428193059,858300
2020-08-06,44.286075592041016,44.55689877157154,43.80597595334275,44.27991915901131,741000
2020-08-07,46.02798080444336,46.11415327189414,43.93524050314033,43.93524050314033,1539150
2020-08-10,46.75428009033203,47.06819127825553,45.82485587146378,46.11414836958278,872700
2020-08-11,46.711204528808594,48.27460433308164,46.62503205408777,47.63447249027568,1067850
2020-08-12,46.96970748901367,47.8991316685825,46.21878465192172,47.48058226171992,810000
2020-08-13,46.21263122558594,46.8035220582007,46.040289827066886,46.31726946460666,526050
2020-08-14,46.76658248901367,47.14820030019866,45.6586641286537,45.81253972204449,544350
2020-08-17,46.311119079589844,46.82815038664939,45.87410733163679,46.538857844156055,604050
2020-08-18,46.09569549560547,46.45269125162042,45.75100908793873,46.218799545051915,661650
2020-08-19,46.07106399536133,47.12974162084229,45.90487551188729,45.972578669981246,693300
2020-08-20,45.37554168701172,45.75100317804272,44.91390772469836,45.35707590588067,746550
2020-08-21,45.36322784423828,45.800243103651844,45.16011130013326,45.39400649345424,468300
2020-08-24,47.07435607910156,47.07435607910156,45.4432496030588,45.64636615700445,724050
2020-08-25,47.363643646240234,47.640623318162234,46.83430299581759,47.640623318162234,1028250
2020-08-26,46.286495208740234,47.35748582493005,46.24956716968973,47.13590350267699,1035600
2020-08-27,47.2343864440918,47.646779493552685,46.261877619481986,46.28649631276953,599400
2020-08-28,47.222076416015625,47.58522855167341,46.612719741097266,47.58522855167341,676500
2020-08-31,46.60655212402344,47.388253549855335,46.51422676469874,47.25284020525642,843900
2020-09-01,46.47114944458008,46.86507670328404,45.90488077118689,46.26803290305304,1110900
2020-09-02,47.35133361816406,47.5729194657057,46.17570473551515,46.52039109236737,746400
2020-09-03,46.840450286865234,48.545419504041945,46.477298214880946,47.708320695341705,847050
2020-09-04,47.160526275634766,48.317685851961315,46.52654738426492,47.80681099151294,892500
2020-09-08,45.1231689453125,46.69888114520854,45.055462272810246,46.655793159805256,1216500
2020-09-09,45.27705764770508,45.60943464778249,44.88313039486887,45.504796400502585,1144500
2020-09-10,44.90159225463867,45.701759621351925,44.79695753027477,45.47402087057544,1368750
2020-09-11,45.30782699584961,45.83101112155112,44.98775938274559,45.104706961265116,1072650
2020-09-14,46.76658248901367,47.20359762701129,45.67097347172765,45.67097347172765,1082550
2020-09-15,45.75715637207031,46.60656111202127,45.19704063138168,46.58194242024835,989700
2020-09-16,45.97258758544922,47.08050984947323,45.73253946387145,46.12031384117435,1719450
2020-09-17,45.39399719238281,45.63404524877194,44.94467267854042,45.45554743422821,1418100
2020-09-18,44.913902282714844,45.57865623493735,44.8831271585545,45.02469343408953,1741350
2020-09-21,43.3320426940918,44.2553106292103,42.741148257146314,43.7875202272082,1467900
2020-09-22,43.233551025390625,43.92292360245404,42.65496958914426,43.2827919237523,889200
2020-09-23,42.525718688964844,43.92908625185506,42.47032134972366,43.3197260861642,1120800
2020-09-24,42.81501007080078,43.44898896346023,41.64553762361192,42.63035578503674,1524150
2020-09-25,43.572086334228516,43.73827482724715,42.42723618453048,42.47032065524419,956850
2020-09-28,44.74155807495117,45.23396711334823,44.138357883411594,44.48304421028953,1083000
2020-09-29,44.50151062011719,44.9077472020548,44.18144297962973,44.61845820864218,846750
2020-09-30,45.015010833740234,45.50995274228826,44.538626149171954,44.63142996958957,1087800
2020-10-01,44.97169876098633,45.78216653471617,44.198352513406824,45.43570721755475,1068600
2020-10-02,46.1038818359375,46.51220801486573,44.09936538829255,44.24784795700315,924150
2020-10-05,47.1185188293457,47.35980169817117,46.61738878628051,46.648322215096286,1060350
2020-10-06,46.45653533935547,47.687702138376864,46.18431549106892,47.49591345625072,760650
2020-10-07,47.44023895263672,47.867129561234044,46.92673614181244,47.00716378108303,912450
2020-10-08,48.411556243896484,48.51054463269138,47.52684530647706,47.774316278464305,613500
2020-10-09,48.42393112182617,48.999300715494336,47.972295249757785,48.98073994923354,577500
2020-10-12,49.518985748291016,49.648907556789375,48.38061581837368,48.60952954869873,840300
2020-10-13,48.08985900878906,49.63655577907237,48.058925568998134,49.21585320968415,669300
2020-10-14,48.19502258300781,49.12303968773785,48.046539987855176,48.089846083902245,1000800
2020-10-15,49.1230354309082,49.17252962500342,47.33505634167944,47.63820606794765,661950
2020-10-16,49.321006774902344,49.698399520798034,48.863182874869885,49.15396344571671,699900
2020-10-19,48.59715270996094,49.74170356271384,48.5105369983705,49.56228757877158,525000
2020-10-20,48.75801467895508,49.7973927415678,48.733265812174224,49.160152788234306,587850
2020-10-21,48.62809753417969,49.413816603247696,48.49198760407206,48.720897828287086,693750
2020-10-22,49.77264404296875,49.84688710345822,48.20120251034934,48.57241073258875,743250
2020-10-23,50.18097686767578,50.30471412936579,49.67984679900316,50.112921904761905,676800
2020-10-26,49.37670135498047,49.4509408863732,48.764206635441845,49.413819350624586,702150
2020-10-27,48.40537643432617,49.47568812901186,48.35588223144993,49.17872291175439,645900
2020-10-28,46.5307731628418,47.53303325115433,46.09769807827001,47.38455066845292,1701450
2020-10-29,46.74113845825195,47.254637761127775,45.349112551131626,46.50604008867427,1250400
2020-10-30,47.291751861572266,47.53922285900956,46.394668168322916,46.58027230142699,805500
2020-11-02,48.54148483276367,48.7765831739716,47.551600806735046,48.07747625304969,924000
2020-11-03,49.481868743896484,50.07579908853285,49.23439776696466,49.58085713466921,929700
2020-11-04,47.693885803222656,49.03022897204706,47.05046131452942,48.41773791048956,961050
2020-11-05,49.27151870727539,49.8840098103448,47.97848154078397,47.97848154078397,759150
2020-11-06,47.95374298095703,49.698416377484705,47.74958159611892,49.426196477560815,753750
2020-11-09,52.952659606933594,54.016786689202185,51.90709329239114,52.17312506295829,2167500
2020-11-10,53.088768005371094,53.39191776250283,52.649504775489866,53.3114901314228,912450
2020-11-11,52.445335388183594,53.65175683134562,52.31541356908824,53.63319606574571,1594500
2020-11-12,51.22035217285156,52.278291010527965,50.589300315271956,51.82665870352028,936300
2020-11-13,52.7422981262207,53.15062787038724,51.727668947628224,51.78334770175719,799950
2020-11-16,54.27043151855469,54.42510219227193,52.995955221019365,54.42510219227193,994050
2020-11-17,55.32837677001953,55.65009081780748,53.08257715792734,54.0786491915332,1143750
2020-11-18,55.11184310913086,56.42962928357813,55.08709777914822,55.42736907708828,1342950
2020-11-19,55.186073303222656,55.45828957004007,53.9425304890767,54.48078200181468,1078200
2020-11-20,54.75920104980469,55.087099694152236,54.31993779635059,54.90768365517553,712650
2020-11-23,55.977989196777344,56.16978142027875,55.21701548506545,55.61915715811612,1116750
2020-11-24,58.13098907470703,58.18048327155939,56.708030030175756,56.95550101443753,743850
2020-11-25,57.8402099609375,57.98250444434307,57.01118130779947,57.59273898538167,662850
2020-11-27,57.35764694213867,58.14955415046408,57.27721930880618,57.963950013486695,257700
2020-11-30,56.268768310546875,57.425699175223535,56.0398580865562,57.134918548450926,1876050
2020-12-01,57.53086853027344,58.0010651534227,56.88744399445617,57.59892349099788,1132500
2020-12-02,58.588802337646484,58.6135512030948,57.023548996334824,57.202964995446024,799500
2020-12-03,58.37226867675781,58.88577135161679,57.96393894535665,58.366080575335204,1223400
2020-12-04,59.28791809082031,59.925158106369864,58.91052527137174,59.108502064531926,678300
2020-12-07,58.47126770019531,58.79916633319264,58.03200446194633,58.663056397954676,681150
2020-12-08,57.493751525878906,58.31040398838121,57.09779795857982,57.592739917703675,1705200
2020-12-09,57.26484680175781,57.722667272808444,56.79465012546459,57.62367887149455,1605300
2020-12-10,57.32052230834961,57.44425957301426,56.45437207600988,56.65853696965963,1989600
2020-12-11,57.12872314453125,57.35763332508005,56.20070622006578,56.633781256830154,980850
2020-12-14,56.58429718017578,58.35990384327281,56.510057649160494,58.242354674069496,2046750
2020-12-15,57.8402099609375,57.99487710809484,56.29351370863554,57.25865228335529,1473750
2020-12-16,57.75978088378906,58.14954633294821,57.43187875183297,58.14954633294821,910050
2020-12-17,58.632118225097656,58.675424319124666,57.178225772866696,57.79071689181408,1089450
2020-12-18,58.06911849975586,58.731103782830715,57.5556157977416,58.53931510983309,2215350
2020-12-21,58.12480545043945,58.32897035572316,56.88745043380594,58.1990485214897,1214250
2020-12-22,57.994876861572266,58.35989699147851,57.79690008196916,58.32896356217853,649650
2020-12-23,58.186668395996094,59.13324618989525,58.08768000735712,58.37845707144509,1108200
2020-12-24,57.48756408691406,58.638306810227846,57.240093104497795,58.638306810227846,329100
2020-12-28,58.638301849365234,59.10849490612523,57.80308514180544,57.87732820030136,798600
2020-12-29,58.149539947509766,59.27553361935099,57.926814329516475,58.792964397118524,449550
2020-12-30,58.29804992675781,58.85485892341835,58.25474381905498,58.30423803076047,486300
2020-12-31,59.18893051147461,59.275546244704195,58.149552333032695,58.384650663182555,496050
2021-01-04,58.412418365478516,59.40014067459582,57.79120675038859,59.40014067459582,986700
2021-01-05,58.642269134521484,59.667264985013425,58.139087802274986,59.667264985013425,1103700
2021-01-06,62.11484146118164,62.692562677730244,59.20136032261188,59.80393526741721,1906800
2021-01-07,63.19575500488281,63.95363033687403,62.62424001202032,63.00939466575409,1327950
2021-01-08,63.36347961425781,63.661660410427864,62.43166373757755,63.307572936598106,897450
2021-01-11,64.17725372314453,64.5561877309106,62.45028235057805,62.791949988063266,1121100
2021-01-12,64.31392669677734,65.33892981686397,64.18968647950287,64.23317339922522,1700700
2021-01-13,63.28890609741211,64.22693501361897,62.6490578523318,63.95981438474385,1150050
2021-01-14,63.79832458496094,64.12135198876805,63.33241666788926,63.537417288871296,1804050
2021-01-15,63.947383880615234,64.4505650674441,63.07148220800577,63.431782943106214,895650
2021-01-19,64.51892852783203,64.92271635071899,63.8728736985656,64.17726792393535,1095150
2021-01-20,64.28284454345703,64.68041878941082,63.810730458278115,64.3139045870979,949200
2021-01-21,63.7362060546875,64.70529539928401,63.61196583617766,64.35120082366385,749250
2021-01-22,63.388309478759766,63.51876309827188,62.9037684790275,62.95346171065636,995550
2021-01-25,62.226654052734375,63.58089074963827,61.87256663042732,62.61801495778794,1167450
2021-01-26,61.28240966796875,62.72982630719927,61.220282466276025,62.66770621469543,747300
2021-01-27,59.26968765258789,60.6115044703891,58.648476031213455,60.41892364250892,1518300
2021-01-28,61.87876892089844,62.69876406610871,59.903317346160364,59.971650867360275,2010900
2021-01-29,62.077571868896484,63.43802209943215,61.25135597313501,62.139691975051846,2659950
2021-02-01,63.62438201904297,63.9722631423607,62.41302573822641,62.41923206145068,1435500
2021-02-02,65.1277084350586,65.40725600167545,64.27665308958186,64.54377379219265,1289100
2021-02-03,65.55010986328125,65.84829052788406,64.55617431460522,64.76117485449235,1174500
2021-02-04,67.02239227294922,67.39511994922456,65.60603563412987,65.60603563412987,995250
2021-02-05,67.96664428710938,68.12815797729685,66.92922150142391,67.60012999081044,824700
2021-02-08,68.46981811523438,68.86117898788876,68.28345071693037,68.33315105954122,1060200
2021-02-09,68.85496520996094,69.48238671118388,67.71193553674551,68.333150715714,1073100
2021-02-10,70.01043701171875,70.53225878192556,68.73696041713671,69.1718012285217,1166550
2021-02-11,70.47632598876953,70.48253942052382,68.7680019342009,70.14087176593424,886650
2021-02-12,70.89875793457031,71.94860046467909,70.22163601992901,70.4639101073349,973950
2021-02-16,72.97980499267578,73.29662602594816,71.23420747599826,71.44541438899027,1379100
2021-02-17,72.61949157714844,73.10403252687135,71.7808561745623,72.59464496389842,916050
2021-02-18,72.19708251953125,73.0170777643597,71.3273869308883,72.06041546052825,1324500
2021-02-19,73.45813751220703,73.71283133021166,72.2219276836187,72.47040807012284,1194600
2021-02-22,74.24085235595703,74.33403249222988,72.91146250606946,73.1475231168072,1171350
2021-02-23,73.88054656982422,74.57008806266253,73.45812571509285,74.56387463215992,1404750
2021-02-24,76.19146728515625,76.22252733463773,73.79980081994493,74.31540901604082,1453350
2021-02-25,74.80616760253906,77.04252683424282,74.3278399705213,76.58904582133988,1571100
2021-02-26,72.52010345458984,74.94282260330581,72.45176993113543,74.3029742771024,1386900
2021-03-01,75.18510437011719,75.98025300890465,73.9861679802224,74.04828807897898,957750
2021-03-02,73.47056579589844,75.09813668770423,73.41465912428215,75.02359682861258,1041000
2021-03-03,73.6941909790039,75.08570091384931,73.4705501218694,73.94267134134626,1122750
2021-03-04,72.48905181884766,74.0296558816674,71.04784133720372,73.52647454399184,981300
2021-03-05,73.03571319580078,74.17874293759641,70.73102763513931,73.92404910663542,1357350
2021-03-08,73.0543441772461,74.3713071868618,72.93631031534935,73.8557061588594,1351950
2021-03-09,72.26541137695312,73.32147440402869,71.19072227275191,72.43313849055062,1420350
2021-03-10,72.94873809814453,73.3090389010292,72.29647001612824,72.85555795916919,1565700
2021-03-11,73.15374755859375,73.81222915172745,71.9610245727237,72.52011258370158,888450
2021-03-12,74.38995361328125,74.66949404972668,73.15374377749227,74.10419263610976,1220400
2021-03-15,74.72541046142578,74.79374399236181,73.40844018756306,74.49556325078359,1236900
2021-03-16,73.8495101928711,74.34647815451959,73.38981571699506,74.06693056582147,1204200
2021-03-17,74.71918487548828,75.39009321220352,74.02964335572584,74.54524436056424,796650
2021-03-18,74.75646209716797,76.51448629918144,74.27812743445239,75.75039779056114,2072100
2021-03-19,74.36510467529297,74.66949885748414,73.1102615732876,73.84950357158189,2211150
2021-03-22,74.27193450927734,74.89935614463353,73.20966499935506,74.25951475292396,1022550
2021-03-23,73.29662322998047,74.5700994186092,72.50768094733216,73.79359110804786,1986750
2021-03-24,73.65071105957031,75.27206832708502,73.65071105957031,73.99858502169207,1311900
2021-03-25,75.3155746459961,75.60754201836001,72.84936779064212,73.5451230033607,1140750
2021-03-26,76.775390625,76.82509096238351,75.40251389017786,76.16038893906484,937950
2021-03-29,75.38388061523438,76.3591830865568,74.55145861587864,75.68827474242104,836100
2021-03-30,76.27220916748047,76.76296356327197,75.5453941654069,75.79387452411103,801450
2021-03-31,76.37814331054688,77.59959954964162,76.16003020033227,76.34075106528464,1103250
2021-04-01,78.83975982666016,78.88338531173912,76.26599171202308,76.26599171202308,1143300
2021-04-05,80.33541107177734,80.76541124042927,79.38192654541854,79.6748241774217,1165650
2021-04-06,79.35077667236328,80.47252288373484,78.81483292436026,79.84309493590185,1115250
2021-04-07,79.33831787109375,79.70600004643332,78.85845893431656,79.53150523925586,851100
2021-04-08,78.44090270996094,79.30091011585208,77.60582822296648,79.00800537355026,1362150
2021-04-09,79.163818359375,79.712221408401,78.14801573139046,79.43179021923719,1641900
2021-04-12,79.89295196533203,80.03628774565968,79.33208243740353,79.55019559143679,1102950
2021-04-13,79.05789947509766,79.81195657696591,78.59050688230994,79.81195657696591,910800
2021-04-14,80.60960388183594,81.63787284124486,79.24481896425175,79.3320699175699,1069050
2021-04-15,81.01470184326172,81.37615082590555,79.80571879066213,80.80905512329694,826200
2021-04-16,80.86511993408203,81.82483053986655,80.17960726434868,81.62540996900634,780750
2021-04-19,80.64700317382812,81.40106714326778,79.99265662598934,80.41642357450196,660000
2021-04-20,78.96439361572266,80.11105836615317,78.2414886760974,79.99888874912895,731400
2021-04-21,79.23860168457031,79.5065664086061,78.2726506518379,78.8335272855129,1212150
2021-04-22,78.80859375,79.89918085646114,78.39106002507705,79.41932195907083,778650
2021-04-23,80.7342529296875,81.05207635336734,78.62787041554115,78.62787041554115,583200
2021-04-26,80.96482849121094,81.91830584658244,80.69062342917087,81.36366962441758,562350
2021-04-27,81.40729522705078,81.40729522705078,80.5285952339249,80.9585953855834,500550
2021-04-28,81.74382019042969,82.44801828877567,81.33251258735282,81.57555863752026,1011150
2021-04-29,82.30470275878906,82.61006689467031,80.50368409885583,82.17383343367473,1001550
2021-04-30,81.50078582763672,81.93078605076988,80.6407853813704,81.93078605076988,964800
2021-05-03,82.18629455566406,83.00890991070847,81.5007888916372,82.71600509874015,1034700
2021-05-04,82.58512878417969,82.68483907952152,80.76541767715206,81.9681744519334,638250
2021-05-05,84.105712890625,84.36121828387526,82.08034090856883,83.19585380630943,746100
2021-05-06,85.0342788696289,85.04051210111852,83.55731680771751,84.460942813929,642150
2021-05-07,85.15266418457031,85.23368191354422,83.42643027372364,83.8439711153175,792300
2021-05-10,84.16179656982422,86.3491968546795,84.1431040106016,85.58266642154501,726750
2021-05-11,83.04629516601562,84.54195685688981,82.6100688266614,83.76920021842975,715800
2021-05-12,80.61585235595703,83.94991773766574,80.31672145624793,83.28933789228854,825450
2021-05-13,82.16758728027344,82.46048490794958,80.07367127590658,80.07367127590658,1004250
2021-05-14,83.6134033203125,84.19296543795829,82.38571354309525,82.64122609464202,646200
2021-05-17,83.45760345458984,83.62586503945167,81.9868746778254,83.4077518681793,439650
2021-05-18,82.31716918945312,84.05586995233833,82.27355083188155,83.68195450611196,606900
2021-05-19,82.46672058105469,82.47917990976268,80.39149707364035,81.30758936435063,730500
2021-05-20,82.9278793334961,83.31425402639002,81.50700950754802,82.75338454593268,750600
2021-05-21,83.19585418701172,84.40484415133892,83.00266683358029,83.44513348280648,939900
2021-05-24,83.8377456665039,84.08079174414159,83.08368164230171,83.49498929186655,839550
2021-05-25,82.13019561767578,84.90962431499412,82.09280336870783,84.06831654282081,806250
2021-05-26,82.92164611816406,83.27686892359674,81.58178688959362,82.51657173447137,1098150
2021-05-27,82.13019561767578,83.72556020381644,80.64077454830395,83.6071573586198,3081750
2021-05-28,82.62873840332031,82.86555120077216,80.94612303506807,82.60381261723104,1471200
2021-06-01,82.9278793334961,83.82527192859631,82.2049815259593,83.60715879302383,1050000
2021-06-02,82.38571166992188,83.07122443672529,81.99933693360954,82.87803706856913,1020600
2021-06-03,82.82194519042969,83.0649912744831,81.6254215948485,82.16136534684964,705450
2021-06-04,82.5290298461914,83.08989927001116,81.53192706343593,83.05250702417763,663600
2021-06-07,81.43222045898438,82.71598767525875,81.32004371642289,82.71598767525875,633600
2021-06-08,82.03047180175781,82.32960261232354,80.07988473805301,80.85887434408176,620400
2021-06-09,80.52860260009766,81.94947248633821,80.50367680991444,81.60672325875169,1051650
2021-06-10,80.30425262451172,81.6316453891727,80.1671500868867,81.46338383225495,643950
2021-06-11,81.70018768310547,81.824823746585,80.44133919370088,80.44133919370088,787050
2021-06-14,80.3977279663086,81.58178493784398,80.07989741809584,81.58178493784398,772650
2021-06-15,81.1206283569336,81.74382301314712,80.2730944648837,80.47251504322985,654600
2021-06-16,81.63789367675781,81.99310941494831,80.10484682290293,80.46629579247009,1093650
2021-06-17,79.3819351196289,82.21744895240228,78.80859912221833,82.18628992996585,1251900
2021-06-18,77.31293487548828,78.74003789181644,77.13221399457318,78.21656067559036,1672650
2021-06-21,79.89915466308594,79.9677059116685,78.12929578855442,78.25393182894446,993150
2021-06-22,79.5501937866211,80.12976299370911,78.82106270367208,79.80570631947462,858900
2021-06-23,80.8526611328125,81.22657652155546,79.58758632084236,79.58758632084236,942750
2021-06-24,81.96195220947266,82.05542928666708,80.63455917051797,81.46963389744033,1292100
2021-06-25,82.2984619140625,82.94657524860463,81.84976203243569,82.47918280733793,952050
2021-06-28,80.28556060791016,81.95570987627457,79.89918587901165,81.86846604028418,926250
2021-06-29,81.21411895751953,81.68774469302497,80.86513645314538,81.07079029607618,951150
2021-06-30,81.19537353515625,81.42664529813801,80.28278321299099,80.94535310090619,1051800
2021-07-01,82.39547729492188,82.51424270722629,81.18286548209088,81.45788649075605,592050
2021-07-02,82.28296661376953,82.62049985763286,81.99543458583052,82.39547292622413,501600
2021-07-06,81.67664337158203,82.28295272009865,80.61404260349039,82.28295272009865,859800
2021-07-07,81.73290252685547,81.96417422326844,80.75780737679719,81.03908743761656,575700
2021-07-08,79.53895568847656,80.77657526515236,79.1014128358538,80.04525558165076,955200
2021-07-09,82.52050018310547,82.55799752292718,80.23902811950052,81.00785234435706,826800
2021-07-12,83.76435852050781,84.13939627062982,82.03919488449674,82.50799028383672,634500
2021-07-13,83.4393310546875,84.3456693244051,83.03304074551234,83.80811687266569,635850
2021-07-14,82.0016860961914,84.1268951333271,81.74541377111096,83.35181906456584,661350
2021-07-15,82.41421508789062,83.28304866151156,81.12658742237761,81.47037254956534,712800
2021-07-16,80.41404724121094,82.88928657455514,80.28277793795341,82.87053075126806,551550
2021-07-19,77.5262451171875,78.93263105498896,76.84492678308187,78.46383574238847,1522500
2021-07-20,79.45771026611328,80.1452808057491,76.88871296177298,77.11998473785461,794550
2021-07-21,81.58289337158203,81.80791313278789,80.57654565611381,80.73906032549856,811800
2021-07-22,80.27653503417969,81.50790278865601,80.10776838688845,81.2703790941998,494400
2021-07-23,80.32027435302734,81.3078735025489,80.17026354807152,80.66405954620731,906600
2021-07-26,81.25786590576172,81.88917598718054,80.1577604303611,80.31403033052172,1728150
2021-07-27,80.63279724121094,81.03908748340218,79.75145972651147,80.66404978651418,927600
2021-07-28,81.37663269042969,81.75167044259935,79.70772220418732,80.83282830744618,960450
2021-07-29,81.8829345703125,83.20180794567449,80.75156934571127,81.47664425837151,1118250
2021-07-30,80.93282318115234,82.67674233136806,80.40152277604344,81.75790036329518,994800
2021-08-02,81.48912811279297,83.56432862363732,81.32036150454512,81.41412629498774,1326300
2021-08-03,80.95783996582031,81.70791548367484,79.35768649119761,81.70791548367484,709650
2021-08-04,80.27025604248047,81.27660364585405,80.01397661066117,80.01397661066117,637950
2021-08-05,81.55164337158203,81.55788815835972,80.59529683841542,80.80156793981408,945900
2021-08-06,83.68309020996094,84.03937207637429,82.60173357844916,82.60173357844916,722400
2021-08-09,84.65192413330078,85.0957187978472,82.95176158780026,83.5205664159097,667950
2021-08-10,85.74579620361328,86.58962929949374,84.40191519040545,84.66444660609577,774600
2021-08-11,86.5583724975586,86.60212892356472,85.03322821298049,85.73954720272546,736800
2021-08-12,86.98343658447266,87.73976415894103,86.22086422155319,86.56464948267516,756300
2021-08-13,86.84590911865234,87.38346157033935,86.32711248918713,87.2834519782406,462900
2021-08-16,86.1333236694336,86.22708129730556,84.65818076718618,86.01455828486365,472950
2021-08-17,85.07073211669922,85.77080637387354,84.00187921630786,85.28325517000214,429750
2021-08-18,84.3456802368164,85.7395699191819,84.22692196036995,84.58945588451057,468150
2021-08-19,83.23304748535156,84.36441253309779,82.49547595967131,83.20179493956844,449850
2021-08-20,84.90196990966797,85.31451215698256,83.21431073594962,83.32682420883094,898800
2021-08-23,85.57078552246094,85.87081427539927,85.252000948761,85.53328103418744,518850
2021-08-24,85.90208435058594,86.19586122321164,85.48329010712388,85.71456187095697,899850
2021-08-25,87.60847473144531,88.55231734374497,86.13333169180459,86.34584757079152,596850
2021-08-26,87.25218963623047,87.90850742858515,86.7271411249463,87.7272369337016,960300
2021-08-27,89.37740325927734,89.46490896464171,87.34595898880245,87.50847367205047,627000
2021-08-30,87.75849914550781,89.47116608908617,87.74600241730302,89.47116608908617,520500
2021-08-31,87.44597625732422,88.43356832430615,87.14594747268092,87.75850177054612,890400
2021-09-01,87.53973388671875,87.87726716350403,86.25835782311725,87.35221142558778,582450
2021-09-02,87.57723236083984,88.05852447929337,87.34596063571283,88.0210199896444,416850
2021-09-03,86.90840911865234,87.94600938453058,86.70838996265773,87.46471016087197,403800
2021-09-07,86.58963012695312,87.83350156858204,86.50837636331389,86.8521543919025,465450
2021-09-08,85.73955535888672,86.77090378871675,85.59578934065435,86.4521192030602,663000
2021-09-09,86.17709350585938,88.06477900519336,85.63329627310935,85.73330586402605,838950
2021-09-10,84.84571838378906,86.8146577010029,84.5144370527174,86.74590065845969,759150
2021-09-13,85.27700805664062,85.9708304127115,84.51443581228597,85.63329714577169,539400
2021-09-14,83.87686157226562,86.15833318608057,83.62684120540877,85.68953784497474,628650
2021-09-15,84.91447448730469,85.24575581471288,82.92678652285556,83.5830972369189,550650
2021-09-16,84.03939056396484,85.61454346465919,84.00813801278144,85.36452305519208,604800
2021-09-17,83.57683563232422,84.83945569493262,82.87676856718741,83.75185418692078,1857900
2021-09-20,81.79541015625,82.38922284160549,80.56404266598005,81.46412887399079,919650
2021-09-21,80.53905487060547,82.62675247490908,80.12651261051083,81.98294562768622,642900
2021-09-22,81.49539947509766,82.27360164044275,81.11099092501512,81.14849541948064,1185200
2021-09-23,85.8833236694336,86.05209031493061,82.48924924246711,82.62988215267231,1148000
2021-09-24,87.31782531738281,88.28354981348872,85.41451721008401,85.4613996096061,1209200
2021-09-27,88.5741958618164,89.08986646236713,87.87100282658858,87.92725598036698,818000
2021-09-28,87.35533905029297,89.16488970328412,86.98967918572616,88.68671635990806,788000
2021-09-29,87.73973846435547,88.17102932325434,86.81151853115533,87.53346736808878,639800
2021-09-30,86.76192474365234,88.79276650413135,86.42345111690585,88.52010679518672,1101200
2021-10-01,89.0184097290039,89.52612014934093,86.66790250883922,86.94056220715979,1129600
2021-10-04,87.7961654663086,90.35351912089624,87.50470479219241,88.4355038799555,813200
2021-10-05,88.88679504394531,89.21586466879853,87.56110533259114,88.28506568044806,1137400
2021-10-06,88.82097625732422,89.03721892474313,86.73372450367344,87.94658720304294,673700
2021-10-07,90.12784576416016,91.42532311466195,89.87398697771033,89.95860896425309,667100
2021-10-08,90.59796142578125,90.8706211558764,89.43211171720648,90.16546890765157,683500
2021-10-11,90.74837493896484,92.5159608685776,90.73897807525555,91.99884643742952,582700
2021-10-12,91.24671173095703,92.01767796918779,90.3441104622759,90.9176349146015,622100
2021-10-13,90.71080017089844,91.79202802031942,89.74238493185776,91.28431747475399,698100
2021-10-14,92.25271606445312,92.35613896283897,91.22789111858766,91.77321055131684,506300
2021-10-15,94.21774291992188,94.9699081983801,92.53477866858589,93.55019964255057,772600
2021-10-18,94.3681640625,95.11092518600259,93.90745949435146,94.09550437109941,615400
2021-10-19,94.3681640625,94.81945742033791,93.84164558078432,94.55620176606936,976700
2021-10-20,95.59043884277344,95.59984288141665,94.13312847298481,94.3493711495204,735000
2021-10-21,95.6468505859375,95.95711211212335,91.5099561139395,91.58517407254548,3253700
2021-10-22,96.3990249633789,96.78451168657527,94.650246582379,96.08875621151557,1014100
2021-10-25,95.90071105957031,96.8785230919397,95.42120549578206,96.8785230919397,823200
2021-10-26,96.22977447509766,97.27340036658568,95.94771788234765,96.37080635806244,953900
2021-10-27,93.8980712890625,96.83149990504624,93.8980712890625,95.66565025441628,1030100
2021-10-28,93.62541961669922,94.55621860957645,92.1681020483164,93.34335583792193,1247200
2021-10-29,92.69461059570312,94.20833800394755,92.47836792205658,93.992095330301,1002600
2021-11-01,93.65362548828125,94.03910500503939,92.82624939454234,93.47498461507287,697600
2021-11-02,94.8852767944336,94.98869968930218,93.061288010671,93.72883122189069,725900
2021-11-03,95.96652221679688,96.28619497449088,94.63143564644969,94.80067247742186,849800
2021-11-04,94.46219635009766,95.71266805891246,93.80404994763637,95.51521911694834,604600
2021-11-05,94.02029418945312,96.0417319491622,93.88866635144223,95.12973394781584,613300
2021-11-08,94.43399047851562,95.0169117406628,93.86986294676352,94.75365605154091,523000
2021-11-09,93.92630004882812,94.50922143537761,93.15533372050375,94.15194680577693,500000
2021-11-10,93.58779907226562,94.30235529655569,93.48437617770341,93.84165070325896,558000
2021-11-11,94.72545623779297,95.02632092353171,93.46558760788069,93.81345814169055,518600
2021-11-12,94.00150299072266,94.69725123105752,92.9484730047505,94.20834163382118,1654400
2021-11-15,93.39976501464844,94.3023662306048,92.76043384421406,94.11432132178896,931500
2021-11-16,93.62541961669922,94.54681457076923,92.92966420856322,93.49379176611778,712400
2021-11-17,92.64759826660156,93.3715513718446,92.14929185773336,93.3715513718446,723400
2021-11-18,92.03646850585938,92.9860755176238,91.47234815637198,92.71341579451602,624300
2021-11-19,92.2715072631836,93.1646971027484,90.3064867468696,91.88602782415973,975700
2021-11-22,92.74160766601562,94.18011686509338,92.2150963704521,93.37154184794746,929100
2021-11-23,94.6878433227539,94.79126622666675,92.55358566774625,93.11770603342927,841400
2021-11-24,96.37079620361328,96.52123210910572,94.67842813271734,94.91347885516518,1052300
2021-11-26,92.64759826660156,93.35275046930468,91.46294055757018,93.08009075681132,760800
2021-11-29,94.55621337890625,95.61864016359348,92.95787118273192,94.06731098567464,1332900
2021-11-30,92.41254425048828,95.02630717464235,91.7920068910209,93.64420775871857,2879700
2021-12-01,89.23466491699219,95.19554814275577,89.14063888398684,94.30235821463863,1600000
2021-12-02,92.20571899414062,92.76044256079925,88.96202112394423,89.80819818700034,1168300
2021-12-03,89.98682403564453,94.02029557666496,89.31928079783172,94.02029557666496,1392300
2021-12-06,91.98945617675781,93.44677366592761,90.6167606858935,91.36892593962877,1128100
2021-12-07,92.98607635498047,93.72883757154635,92.56298070917029,92.99548039329078,1006500
2021-12-08,92.90145874023438,94.02970667578666,92.25272352980113,93.99209769395027,1149600
2021-12-09,92.08348846435547,93.39037012222278,91.82023275963111,92.31853922545649,815400
2021-12-10,91.7637939453125,92.80741965104937,90.6261493920597,92.69459273012329,698100
2021-12-13,90.56975555419922,91.7544061543716,90.28769178853177,91.4253365432126,751100
2021-12-14,90.63556671142578,91.54756472965819,89.71416465511014,90.55094471503529,948200
2021-12-15,91.84843444824219,91.9800622959396,89.81759250117385,91.0868651315017,831800
2021-12-16,93.0142822265625,94.23654898466002,92.13048911922492,92.62879555696051,1318600
2021-12-17,91.55696105957031,93.16470724980209,91.05865464176026,92.73221475183149,2156900
2021-12-20,89.15945434570312,90.10905423374363,87.45768199720699,90.10905423374363,927300
2021-12-21,91.19027709960938,91.41593095989505,90.0526324534231,90.17486342103923,800900
2021-12-22,92.13048553466797,92.37494031141229,90.45692542279076,90.9458349762794,917400
2021-12-23,93.4561767578125,94.2365469453538,92.57238366960047,93.10829907617641,975600
2021-12-27,94.97933197021484,95.02634500337905,93.49381624286113,93.66305311979785,591500
2021-12-28,96.116943359375,96.51182684651145,94.79125385847286,94.79125385847286,1662300
2021-12-29,96.04174041748047,97.28280812328313,95.99472739696877,96.41782306203457,1087500
2021-12-30,94.97933197021484,97.20761632101804,94.92292206896319,96.3332269857086,528500
2021-12-31,94.3963851928711,95.51522191543053,94.34937217232515,94.65023685355169,821300
2022-01-03,97.03789520263672,97.1605343216232,94.71713755203238,95.1227988810539,1225200
2022-01-04,101.40583038330078,102.53791209394736,98.01903564005228,98.27374988635408,2147100
2022-01-05,99.08506774902344,102.94356841456954,98.95299263553812,102.0473362044291,1551400
2022-01-06,100.49071502685547,101.1605336956399,98.79260356667146,100.29260238304498,1256900
2022-01-07,102.8963851928711,103.00959550616582,100.49071821761832,100.69826685988208,1313100
2022-01-10,101.59452056884766,102.53791845412604,100.2548901016108,102.53791845412604,1207900
2022-01-11,102.6888427734375,102.83035387424304,100.63223540805049,101.8869561322775,1065800
2022-01-12,103.36808776855469,104.11337283016746,102.58506593448075,102.9718624540426,1167500
2022-01-13,102.23601531982422,103.79261582737485,101.94355712710359,103.59450316636938,978100
2022-01-14,102.30205535888672,102.45299525770164,100.05676408450239,100.72657563014236,999600
2022-01-18,99.00016021728516,101.68884231174715,98.52846135167592,101.1605418854819,1139600
2022-01-19,96.4246826171875,100.0001609331255,96.31147229670995,100.0001609331255,952800
2022-01-20,95.89637756347656,98.73600665339194,95.81146802782062,96.45297875118067,1095000
2022-01-21,92.60391998291016,95.57561692518823,92.21712347820167,95.57561692518823,1259600
2022-01-24,92.11334991455078,92.45297365889792,87.78315797045445,90.31146406862032,1705500
2022-01-25,91.330322265625,92.68881715616892,88.5473021358858,90.6133452489959,1583900
2022-01-26,92.88694763183594,94.4624202492082,91.36807657992128,92.93412040142,1658300
2022-01-27,95.19827270507812,98.79261591611579,94.06619105922147,95.16053593046085,2329100
2022-01-28,98.19827270507812,98.2454454736952,94.11336573624916,96.07562767328079,1672700
2022-01-31,99.87751007080078,100.06618671851942,96.45297205404073,97.61335431041334,1546300
2022-02-01,102.90584564208984,103.1039583392751,99.41526906022447,100.16055427204799,1475000
2022-02-02,103.5001449584961,103.87750542023677,101.93410875896767,102.6039201597201,968900
2022-02-03,101.93412780761719,104.47186281201216,101.82091748867347,103.23601408647906,887900
2022-02-04,104.67941284179688,105.8020584607093,101.71714450055646,102.08506904502205,973700
2022-02-07,105.72657775878906,106.83978730960807,104.3492180090559,104.95299194873199,1303200
2022-02-08,108.28319549560547,108.73602959466596,106.2360240506499,106.2360240506499,1228500
2022-02-09,108.90583038330078,110.1511150318653,108.80205606279097,109.02846949047004,1020400
2022-02-10,107.18885803222656,110.72659969658277,106.66055038267942,107.92470714680404,1379600
2022-02-11,104.98129272460938,108.10393674355522,104.22657889881185,106.73601298597944,981000
2022-02-14,103.28318786621094,105.76432133427257,102.28318136627308,105.17941214365055,1232700
2022-02-15,106.00016021728516,106.30204717649299,104.3963870960347,104.3963870960347,1130500
2022-02-16,106.40582275390625,106.8020480430188,105.14166614893146,105.29261322909983,871700
2022-02-17,102.81149291992188,105.54734071559228,102.50960591913841,105.1039498062805,1274100
2022-02-18,102.37751770019531,103.83978704939761,102.06620192184579,102.85865255408594,1154600
2022-02-22,102.60394287109375,103.6982805350659,101.57563556517347,102.37752222539986,1483500
2022-02-23,100.84922790527344,104.25489459465497,100.37752899757577,103.73602291716588,1639400
2022-02-24,101.10394287109375,101.7077169014576,95.86808927676154,96.2643146346464,2252900
2022-02-25,105.93413543701172,105.94357142993593,101.2171466324296,101.2171466324296,1629200
2022-02-28,103.44355773925781,105.01903014791964,102.29261141039721,102.490724060808,1864400
2022-03-01,96.86808776855469,102.8303616613861,95.98129152073459,102.34922676123327,2365200
2022-03-02,99.80206298828125,100.55677697676859,97.79262808695982,97.79262808695982,1388000
2022-03-03,98.04731750488281,100.25486453872998,96.87750644073012,99.90581201661301,1222300
2022-03-04,94.23600006103516,95.96241965976063,92.93411376559084,95.46242000710926,1679600
2022-03-07,89.42467498779297,93.82090482896884,89.36807342512299,93.37751392546446,1780000
2022-03-08,87.69822692871094,91.15106508362433,86.38690503644857,90.47181776150684,2227500
2022-03-09,90.45296478271484,92.82089491764087,90.24542334407187,91.50957274991539,1904300
2022-03-10,90.83976745605469,90.96240656871576,88.52843872012464,89.11334789850378,1255600
2022-03-11,90.68880462646484,92.66050926469546,90.61333829199192,91.76427726638984,923200
2022-03-14,92.87751007080078,94.71714009021842,92.14166094205531,92.66053260850607,1091300
2022-03-15,93.83976745605469,94.00957932468266,92.22655830286547,93.5756172598674,857600
2022-03-16,97.91524505615234,97.95298182666762,95.47184134754718,95.50014932359841,880900
2022-03-17,98.80203247070312,98.83976204034362,95.66051677803144,96.21711789963358,795800
2022-03-18,99.7926254272461,99.93413654710139,97.30205562898942,98.7171524324332,1660500
2022-03-21,99.7926254272461,100.98130875745414,98.83979156427868,100.18885080479727,731100
2022-03-22,101.50961303710938,101.92471041811235,100.54735034189453,100.93413973982973,801500
2022-03-23,99.71715545654297,101.01904916896744,99.46244118968654,100.67942534812234,610200
2022-03-24,101.08506774902344,101.14166930934876,99.43412172903606,100.26430913653904,794800
2022-03-25,103.13223266601562,103.16996943640106,101.14166301289006,101.54732429759225,952800
2022-03-28,105.01905059814453,105.46244874864333,103.32093155316078,103.52848023616485,1480100
2022-03-29,106.3492202758789,107.54733212473116,104.96242457845155,106.7548815533743,1088400
2022-03-30,105.65110778808594,106.65111425748789,104.67940929599858,106.26431774060858,1078700
2022-03-31,103.68885040283203,106.08507435965842,103.62280565052417,105.29262370260787,1443700
2022-04-01,103.09265899658203,105.2029599324267,102.3355960264811,104.45536223492111,1392600
2022-04-04,102.07063293457031,103.1021238994812,101.34195851395411,102.61003799014229,950000
2022-04-05,102.88446807861328,103.22514569899711,101.48390372593667,101.72995027841114,1596500
2022-04-06,101.1526870727539,102.88446369934417,100.57542819722381,102.78983263546279,1469200
2022-04-07,100.82147979736328,101.54068891474132,99.22218802394916,100.93504141165067,1434000
2022-04-08,102.78984832763672,103.6888544015857,101.36089521925152,101.49338017288845,1181800
2022-04-11,102.29773712158203,104.35126076056918,101.57852805736954,101.89081705865897,1202800
2022-04-12,102.37344360351562,103.7266887059555,101.94760022144251,102.67626732896224,1131600
2022-04-13,105.6477279663086,105.96948223753388,101.2567803134831,101.69208896993965,1680800
2022-04-14,105.79915618896484,107.69180651635321,105.58149822456444,105.99788360695406,1864600
2022-04-18,104.96636199951172,105.48684361134616,103.04532350110053,104.7297807613845,906800
2022-04-19,106.98204803466797,107.32272562466775,105.18402902519958,105.18402902519958,1006400
2022-04-20,107.68233489990234,108.25012852069422,106.8211755861227,107.77696596671971,1042000
2022-04-21,103.86863708496094,109.01664032726774,103.55634809297779,108.82737820964054,1334400
2022-04-22,97.96356964111328,103.60367350228876,97.8121613818259,103.60367350228876,1901300
2022-04-25,98.3894271850586,98.5786893274581,95.94790656071021,96.72389289636885,1602200
2022-04-26,94.66089630126953,97.55664872665227,94.57573050988174,97.1781244717456,980900
2022-04-27,95.02996826171875,96.51569843390065,94.58519429337785,94.58519429337785,1527900
2022-04-28,98.45567321777344,99.36414452994637,93.60102761275581,96.96047769112108,2475900
2022-04-29,92.2288589477539,98.20016902634114,91.98281235865298,98.20016902634114,1667800
2022-05-02,93.14678192138672,94.06471844366835,90.64848418027367,92.48435722483694,1273200
2022-05-03,94.96373748779297,95.51260786611113,92.88182482368173,93.5631801595403,1094700
2022-05-04,97.68914794921875,97.77431374676975,93.14678436274721,95.27601594017676,896900
2022-05-05,93.94168853759766,96.43999341829323,92.16259996698808,96.00467752325302,906300
2022-05-06,92.00172424316406,93.16570003337647,91.01754530630339,93.16570003337647,941000
2022-05-09,88.60440063476562,90.72417367719342,88.15016871130699,90.45919663197526,1237800
2022-05-10,88.7085189819336,90.26995694880195,87.09976908872864,89.68323274710148,1370200
2022-05-11,87.96092224121094,91.00809046380472,87.8757564408979,88.41516150254482,1169000
2022-05-12,87.0619125366211,88.1312573414439,85.00838872369343,87.1092316813896,1123500
2022-05-13,89.89143371582031,90.79990509185807,88.00824848486357,88.42463390633914,900300
2022-05-16,89.09651184082031,90.061760290249,87.95145930752356,89.64538214534237,813000
2022-05-17,91.71781921386719,91.79352694824685,90.26047781654982,91.1784142412142,897500
2022-05-18,87.05244445800781,90.84721015370506,86.78747458357486,90.61062887726312,1323800
2022-05-19,86.62660217285156,87.50668482143527,85.37745330581865,85.72758897876972,900500
2022-05-20,86.84425354003906,88.63281466849391,84.82858362305217,87.8473630820112,1356700
2022-05-23,89.13434600830078,89.78730528979187,86.92940722471386,88.40567178098988,1696700
2022-05-24,88.12178802490234,88.52870807028147,85.9168490064553,88.3678273305646,1303000
2022-05-25,88.10286712646484,88.23535206552111,84.11883924224382,87.16600728031332,2313700
2022-05-26,90.97021484375,92.06795525128834,88.75581792630986,88.75581792630986,1254500
2022-05-27,93.8659896850586,93.96062075179253,91.64211990742926,91.81245871550539,1193800
2022-05-31,93.20355987548828,94.5851936965797,92.91966666889806,92.95752054042099,2608400
2022-06-01,92.49382019042969,94.00793902002684,90.91345888765917,93.19410601527744,1840900
2022-06-02,93.08053588867188,93.72403723492504,91.70836740410685,92.50327700953798,3247100
2022-06-03,90.8188247680664,92.44650516274164,90.69579787923696,91.80300377926278,1333100
2022-06-06,92.13421630859375,94.0363318636393,91.22574503958832,92.84396016436874,1299700
2022-06-07,93.35496520996094,93.53476205528358,91.20680335892983,91.28251109374304,963100
2022-06-08,91.31092071533203,92.73040858045123,90.97970832411528,92.33295371099112,675500
2022-06-09,88.56656646728516,91.21627974964063,88.53817786824149,91.0459409354908,989300
2022-06-10,84.55415344238281,87.00513941447142,84.34596074746932,86.5130462774235,1302400
2022-06-13,80.8635025024414,82.42494085565467,80.30517398226196,81.89500094227894,1146300
2022-06-14,82.12210845947266,82.96433739970871,80.92973655873264,81.31773339766046,1178100
2022-06-15,83.2576904296875,84.78126728906399,81.89497989422414,83.11574021226207,1307700
2022-06-16,81.84767150878906,82.58580407257642,80.4376488620699,81.01490786090646,2048200
2022-06-17,82.80343627929688,84.1188274323142,81.84764602181902,81.84764602181902,2921800
2022-06-21,85.1787338256836,85.57618867948663,83.94850816975413,84.70557122261663,1455900
2022-06-22,83.91063690185547,85.17871616956533,83.59834791579034,83.59834791579034,1140800
2022-06-23,83.09680938720703,84.77180895140908,81.62054445866659,84.00528066783868,1016700
2022-06-24,87.53507995605469,87.6864954517953,83.84441027609203,83.84441027609203,1584000
2022-06-27,87.62022399902344,87.97983210216285,86.19127851723043,87.97983210216285,953700
2022-06-28,86.9104995727539,89.67377453800292,86.6549949552936,88.71798410105227,667000
2022-06-29,85.38692474365234,87.14708294801858,85.12194762676037,87.14708294801858,824400
2022-06-30,84.93095397949219,85.6528760893344,82.86965596981392,84.0190393983947,1357900
2022-07-01,84.62699890136719,85.71939066102128,83.088158059097,84.34203186441205,1796100
2022-07-05,86.14684295654297,86.17533893249848,82.39471576647979,82.78418009706203,1843500
2022-07-06,85.07344818115234,86.45081411081648,83.44911228936621,85.71938355746465,1353200
2022-07-07,86.18482971191406,86.65028084037974,85.48189523539558,85.48189523539558,898800
2022-07-08,86.13735961914062,86.47932589541547,84.71250255039472,86.22284756461042,797000
2022-07-11,85.43440246582031,85.83336056707185,84.61748411724129,85.04493819041146,705200
2022-07-12,85.16844177246094,87.10624059367198,84.51300534201833,84.51300534201833,708200
2022-07-13,84.7884750366211,85.27292109842688,83.35411725744898,83.924058490112,676300
2022-07-14,82.92667388916016,83.06915378038937,81.65379796566957,82.76518460043887,1118700
2022-07-15,85.6623764038086,86.3748046815358,83.52509157062694,84.54148895696329,900800
2022-07-18,85.09245300292969,87.20124230498169,84.55100768866201,86.75478599814407,991300
2022-07-19,89.0250473022461,89.12953737279958,86.3368159365445,86.43180493326696,1143100
2022-07-20,90.70637512207031,90.77286814457739,88.34111503895194,88.86356539236174,888700
2022-07-21,91.61827850341797,91.70377366984673,89.3575085905062,90.26941596497134,758800
2022-07-22,90.93436431884766,92.14073988945866,90.28842894519865,91.63729164549036,1037600
2022-07-25,92.083740234375,92.15023325637152,90.34541334149993,91.48529578921048,1054300
2022-07-26,89.52849578857422,91.70377788217232,89.36701376891921,91.39030766952722,1364000
2022-07-27,91.06733703613281,91.62777715101207,88.97754301701434,90.18392565813356,1435400
2022-07-28,90.60189819335938,91.62779690130206,88.44561793883253,91.47581593375331,1743500
2022-07-29,93.537109375,94.07855472015635,90.45942042606903,90.88687460748827,1278000
2022-08-01,93.71757507324219,94.18302621736358,92.05524231132723,92.55869050252731,1220900
2022-08-02,93.10012817382812,93.90754542883683,92.65367196593522,93.17611501461374,748500
2022-08-03,95.09493255615234,95.55088262167305,93.6225777986847,94.0690340379373,632300
2022-08-04,95.30390930175781,95.60787841703274,94.47748987248129,95.09492917615717,559500
2022-08-05,97.17522430419922,97.35570121449346,94.73397025379697,94.75296515328222,801800
2022-08-08,96.85226440429688,98.19163326188684,96.83326950258193,97.63118582414468,601400
2022-08-09,98.44810485839844,98.46710700741859,96.6432848028946,97.00425316231322,875300
2022-08-10,100.74687194824219,100.8513620261266,99.58798726421253,100.19593282972016,895200
2022-08-11,102.0577392578125,102.38070330111636,101.22181868042179,101.91525213692127,945600
2022-08-12,103.86256408691406,103.9005611400661,102.07674607194967,102.50420748451239,632700
2022-08-15,104.50849914550781,104.86946752564275,102.77967309247276,102.81767014549733,758400
2022-08-16,105.27792358398438,105.77187076388358,104.00504771157277,104.52749811577094,748900
2022-08-17,105.24942016601562,105.74336731099402,103.90055028522839,103.9670433094985,835800
2022-08-18,105.42040252685547,105.82886174371554,105.19242023335492,105.3729044039105,713700
2022-08-19,103.43510437011719,104.6889780680506,103.20712931063743,104.44200085941625,879200
2022-08-22,100.78487396240234,101.9722546812035,100.64238682670685,101.65878443211277,740400
2022-08-23,101.16483306884766,101.95325557293673,100.76587490311456,100.76587490311456,485600
2022-08-24,101.7917709350586,102.10523391599693,100.79436829906525,101.25031840617353,447900
2022-08-25,103.26411437988281,103.36860445167808,101.49729148050308,102.35220695555714,511300
2022-08-26,101.43079376220703,103.84355188136729,101.35479966856522,103.58708087432073,765100
2022-08-29,100.29090881347656,101.041334163047,99.4074974269894,100.30990371280947,532300
2022-08-30,99.28401947021484,100.82286743614732,98.62859026479626,100.64238325419325,625800
2022-08-31,99.14153289794922,99.9964411297034,98.77107073160346,99.88245723064071,1026700
2022-09-01,99.322021484375,99.37902068779604,97.1657412565971,98.35312199257977,734600
2022-09-02,98.31510925292969,101.23131558532683,97.86865300788197,100.68987034599562,604700
2022-09-06,98.2201156616211,98.88504583768034,96.6337770650259,98.88504583768034,717600
2022-09-07,100.43338775634766,100.680357663569,97.7261546246505,98.02062989432962,559100
2022-09-08,102.06723022460938,102.1527253936269,99.48349620898829,99.87295326483576,672300
2022-09-09,102.98865509033203,103.65359265928073,102.59919797250515,103.01715106880754,861800
2022-09-12,104.29952239990234,104.62248646797246,102.81766637507282,103.80556797589364,614300
2022-09-13,101.67777252197266,103.04563723998528,101.09833023154762,101.71576956938364,851500
2022-09-14,101.87725830078125,102.20972342854735,100.338410391583,102.03874032752532,883500
2022-09-15,102.52317810058594,103.79604646726105,101.44028770746989,101.90573881572622,827400
2022-09-16,101.4972915649414,101.65877358614263,99.93944880785621,101.25981544651749,2717100
2022-09-19,103.98604583740234,104.27101283651642,100.31941392067128,100.31941392067128,900900
2022-09-20,102.96965026855469,103.78656872641562,102.12423583496312,103.05513819574661,791900
2022-09-21,101.62078857421875,104.80296726163931,101.57329044941693,104.03353967358865,1009900
2022-09-22,100.13893127441406,102.07673733614773,99.82546104813444,102.07673733614773,804800
2022-09-23,96.86176300048828,99.02754410039884,95.10444112536408,98.647580851054,1207400
2022-09-26,95.6933822631836,97.70718251660443,95.62688923462329,96.31082166964157,771800
2022-09-27,94.99046325683594,97.38421974214143,94.08805675477487,96.85227546700625,1351400
2022-09-28,95.91185760498047,96.48179885007683,94.14503467214449,95.48439623576111,1299300
2022-09-29,93.35660552978516,95.30391249574866,92.81516029858098,94.79096323768225,1291300
2022-09-30,94.1954345703125,96.37826832937604,93.2136375360848,93.2708273369586,1688000
2022-10-03,96.67375946044922,97.1503605312726,93.8427479361815,95.4155329243697,1165900
2022-10-04,102.48828125,102.55500510262786,98.13214817095603,98.6278173096382,1388500
2022-10-05,103.07927703857422,103.5368172576242,100.32452348384656,101.00129611875094,1037700
2022-10-06,103.15553283691406,103.63213388881454,102.35483928809673,102.73612158408808,1036300
2022-10-07,102.10701751708984,102.87910893590538,100.81066200379753,102.47876577595328,1118600
2022-10-10,102.32624053955078,103.03160803357164,101.28725377621969,102.75518583353934,1226100
2022-10-11,99.73353576660156,102.19279899559858,99.41898459219665,101.52556041673354,969300
2022-10-12,98.47530364990234,100.00995956634428,98.44670875134268,99.69540113747874,930200
2022-10-13,101.53507232666016,101.88775967945041,95.57755991546414,96.52123511749248,1156100
2022-10-14,95.8825912475586,103.34616508558499,95.73008270034185,102.36436813224714,1394500
2022-10-17,96.14950561523438,99.12349173470723,96.03511873665641,97.66509357652643,1994200
2022-10-18,97.9510498046875,99.62868026411975,96.95971874828396,98.82799399107549,1655000
2022-10-19,95.32022094726562,98.1035696535604,94.45280344591475,96.79768728089053,1806000
2022-10-20,93.47100830078125,96.34968310648802,93.28037076381715,95.73010020282086,1384600
2022-10-21,96.26387786865234,96.32107493975023,92.68937000011665,93.23269490523988,4017900
2022-10-24,97.41726684570312,97.7222912741972,95.07239018808812,96.6356412931648,1397200
2022-10-25,99.87651824951172,99.92418126506433,96.59750058755158,97.94151908469983,1693900
2022-10-26,101.9163589477539,101.94495384497776,99.80024928493738,100.08621280188449,2224000
2022-10-27,108.62689971923828,109.65635963097108,101.35397103229845,104.08965613491362,2358300
2022-10-28,113.6598129272461,114.11735312123245,108.76988892031237,109.8946676551594,1850100
2022-10-31,112.61131286621094,113.66936794205122,112.24909863043958,112.99259521943955,1459300
2022-11-01,112.29674530029297,114.9180512673202,112.16329757830546,113.69795365351712,1692500
2022-11-02,111.8868637084961,113.96484464849462,111.0194535494396,112.21095621521043,1966700
2022-11-03,112.49690246582031,113.33572492207412,110.60956648395822,111.00990959861326,1229300
2022-11-04,114.80365753173828,114.91803712373286,112.89725342671362,113.68840560330942,1045300
2022-11-07,115.81405639648438,115.93797005277028,114.42238218818865,115.6996695252055,689600
2022-11-08,117.29151916503906,118.78804614372693,115.94750073793253,116.17626720148192,1324700
2022-11-09,115.83311462402344,117.97781932369168,115.46136639120266,116.32878378268768,1104300
2022-11-10,118.1780014038086,119.29324613286384,115.6615411299343,119.15979841856775,1775700
2022-11-11,117.62512969970703,120.10345347568686,117.1961844310242,119.30276727657898,1823500
2022-11-14,116.13813018798828,117.68232007261102,115.98562164698778,117.10086626081598,1328000
2022-11-15,117.11041259765625,118.47349191494382,116.46223486763792,117.61560855574972,1120500
2022-11-16,114.88946533203125,116.97698057402282,114.18409770756952,116.77680897541973,1081000
2022-11-17,113.96484375,114.03156760786291,112.2109553305434,113.44058694460713,1000200
2022-11-18,115.89983367919922,116.03328865666224,113.90764488696901,115.652006382486,1394900
2022-11-21,117.29151916503906,118.44489281222546,115.35651282871228,115.84264792706514,1098200
2022-11-22,117.73951721191406,118.79757209792072,116.75772023734231,117.53934564866343,777600
2022-11-23,114.7369384765625,117.37730507258983,114.41284598353236,117.23432330426346,1750400
2022-11-25,113.96484375,115.14681962122171,113.6026295605092,114.307997096825,632900
2022-11-28,110.42845916748047,112.66848259398999,110.27595061678285,112.12515770098679,1722500
2022-11-29,109.97093200683594,110.9813239342729,109.64683950204072,110.42846495526376,1229800
2022-11-30,111.42933654785156,111.57231832964523,108.16938683026255,109.80888847478259,1929700
2022-12-01,111.91545104980469,112.42064694956427,109.11303482414459,111.42931599033516,1520300
2022-12-02,113.58356475830078,114.24126925649176,111.26728338415552,111.56277370548257,1247800
2022-12-05,110.73348236083984,112.47784388854424,109.22742134984846,111.90592410290392,1175800
2022-12-06,110.63818359375,112.00126308646246,109.57059446798408,110.45707284117968,1385400
2022-12-07,108.57925415039062,111.26728376784725,108.47440133813465,110.63816689431141,1458300
2022-12-08,108.34095001220703,110.05670936284194,108.06452054115013,109.4657214655112,964100
2022-12-09,108.15032958984375,108.88429941642764,107.49261769086581,107.84530515177617,844100
2022-12-12,109.21791076660156,109.35135849396805,107.37823021378566,108.05500290896016,1282600
2022-12-13,106.30109405517578,111.86779805173276,105.25257320888892,111.60090262966209,1883700
2022-12-14,105.11912536621094,107.04459766134634,104.38516295643574,106.07232745661524,1163600
2022-12-15,102.81239318847656,103.85138012924295,102.19281028402999,103.85138012924295,1425500
2022-12-16,101.75433349609375,103.19367083520203,100.61049378025552,101.63041982979053,2584200
2022-12-19,100.22920989990234,101.80199493910916,99.43805035130634,101.42071261561124,1477500
2022-12-20,100.65814208984375,101.52555950695036,99.65728423051499,100.40078071811779,1168000
2022-12-21,101.74479675292969,102.6884721295661,100.78206780524177,101.62088308989654,929900
2022-12-22,101.12519836425781,101.23005116778288,99.44756805256534,100.61047567540383,1172900
2022-12-23,102.32624053955078,102.54548021501445,100.55328411138252,101.05848004381726,961700
2022-12-27,101.55413818359375,103.18411267041624,101.21098489454124,102.57406399484597,1005500
2022-12-28,101.2872543334961,102.45968881100195,101.23959132089469,101.62087360464187,882200
2022-12-29,102.93629455566406,103.09834444250781,101.46836242312811,101.91636858159522,750800
2022-12-30,102.24730682373047,103.41475503074912,101.60616962831834,102.29515593414897,781800
2023-01-03,101.5391845703125,102.85973678042777,100.21863236019723,102.67792622371029,1291300
2023-01-04,100.99373626708984,102.4865350224738,100.33345652493969,102.2377327963268,2061700
2023-01-05,102.63006591796875,103.13723430636671,100.01766102772753,100.18990758423517,1058700
2023-01-06,105.43387603759766,105.59655134910204,103.59658389404804,103.9506410660576,1157400
2023-01-09,105.90277862548828,106.9362583103321,105.53915012930287,105.90277862548828,1189600
2023-01-10,106.18982696533203,106.33336698427767,104.69702829009417,106.0462869463864,956700
2023-01-11,106.98409271240234,107.35729244157062,106.20897940503376,106.85968793551304,1163100
2023-01-12,108.9266357421875,110.11321918640444,107.05106600753842,107.60607625194291,1465300
2023-01-13,110.57255554199219,110.86919960395846,107.62522828505404,107.7496257592577,1305700
2023-01-17,111.96966552734375,112.32372269136296,110.04624647944951,110.60126408343886,1633300
2023-01-18,109.49124145507812,111.96010710757928,109.17545478541506,111.96010710757928,1302800
2023-01-19,107.59651947021484,108.22808541153785,105.70180704474674,107.9505766203923,1675100
2023-01-20,108.7831039428711,109.77830562646346,107.79747354202229,108.14196671329464,4868200
2023-01-23,111.20411682128906,111.4337764950671,108.14196350175048,108.42903626878568,1370900
2023-01-24,111.96009826660156,113.01271311494096,110.53428367476684,111.60603378911236,808500
2023-01-25,113.02227020263672,113.06054803059135,110.34288065180606,110.34288065180606,1145000
2023-01-26,108.49602508544922,115.52942132731759,107.38599719946197,115.02224554670521,2723000
2023-01-27,106.95536804199219,108.89792945462744,105.67309367679113,108.0941096803044,1872000
2023-01-30,106.93624114990234,108.23765818106627,106.0175951221542,106.26639736948692,1463800
2023-01-31,107.91229248046875,107.9792768536733,105.11807676858034,106.91709816450094,1224000
2023-02-01,107.27115631103516,108.40032668486707,106.16112850158554,106.9458057240281,1147100
2023-02-02,104.14203643798828,108.4194877121964,103.70185229197531,107.80705696115658,2290100
2023-02-03,107.05107879638672,108.90750618877448,103.34778069327442,103.8549491896677,1497700
2023-02-06,107.433837890625,108.1611020639722,106.31423873347511,106.31423873347511,1116700
2023-02-07,109.01275634765625,109.36682077804093,106.65872470157623,106.72570907481126,831600
2023-02-08,108.47689056396484,109.04147214330419,107.64436416820625,107.7879042089577,844400
2023-02-09,106.20897674560547,109.25199490007003,106.12285710291526,109.1467326918378,1040600
2023-02-10,106.5247573852539,107.05106839684453,105.83577107944409,105.99844637366328,926900
2023-02-13,108.5343017578125,108.56300830530972,106.11328557555083,106.6683031629961,838600
2023-02-14,109.31897735595703,110.62039436144755,107.70178103207137,108.24722732843507,1239100
2023-02-15,108.96493530273438,109.4912391068011,108.29508414198965,108.58216425384461,861800
2023-02-16,109.10845947265625,109.91227934215084,108.03670938099673,108.03670938099673,804100
2023-02-17,107.33814239501953,109.35725222531815,107.28072930245632,108.76396413350008,1079200
2023-02-21,105.55827331542969,107.94101908844739,105.14679574545373,106.97452390301551,902400
2023-02-22,104.80229949951172,106.1994147806296,104.1611622559198,105.4434440438534,966700
2023-02-23,102.63006591796875,105.43385262621919,101.05114036677341,104.78314422394013,1586500
2023-02-24,103.12767791748047,103.59657585058689,101.62530779683715,102.1229122767155,913000
2023-02-27,102.99371337890625,104.01762162657411,102.4195605177303,104.01762162657411,780100
2023-02-28,103.7879638671875,105.01282527394669,103.36691502083282,103.44347068394275,938600
2023-03-01,102.2186050415039,104.02719052822076,101.69229400536956,103.42433113289833,942100
2023-03-02,102.00809478759766,102.38129455566352,100.38132694222087,101.66360157080601,618300
2023-03-03,103.29035949707031,103.58700354511676,101.40521840300232,102.57266663186165,706600
2023-03-06,102.44825744628906,103.99847659658091,102.36213781053625,102.86930624530022,1055000
2023-03-07,100.98417663574219,102.86931786141554,100.4100237636424,102.33344282088906,1058800
2023-03-08,101.94110107421875,102.32387209127228,100.55356435074333,100.85020842110362,1300100
2023-03-09,95.80721282958984,101.71143088306471,95.59668842690854,101.71143088306471,2426000
2023-03-10,90.76421356201172,95.08951287341638,90.03694948915853,94.50578881899784,2824300
2023-03-13,85.46285247802734,87.67335116799762,81.62559373495571,87.55851769684709,5039500
2023-03-14,88.34320068359375,89.63504629143675,86.71643322197649,87.43412603752802,3508300
2023-03-15,83.40548706054688,85.08966779596317,82.95573167866594,84.30499052355908,2536700
2023-03-16,85.60641479492188,86.21884553245192,81.95096563621117,82.17106135473772,2101200
2023-03-17,84.22843933105469,84.76432168507046,82.76434691713222,84.72604385258718,3164900
2023-03-20,87.9221420288086,89.20442351175052,85.36715764434905,85.67337291925715,2616900
2023-03-21,91.03215789794922,91.30966667430826,88.97477758138076,90.61111639308477,1903900
2023-03-22,87.78820037841797,91.5393477789252,87.47242102618736,91.5393477789252,2139200
2023-03-23,87.3767318725586,89.0991980671536,87.08965904062678,87.94132085330125,2463500
2023-03-24,85.25234985351562,86.12315413861057,83.56816898467852,86.12315413861057,2111100
2023-03-27,88.63028717041016,89.34798003811265,86.89825008517855,89.34798003811265,2135300
2023-03-28,87.78820037841797,88.69728250359778,87.08964998930904,88.35278930048231,1002700
2023-03-29,89.34797668457031,89.39581849350517,87.11834250708068,88.72597476242419,1511400
2023-03-30,88.21881103515625,90.57284280251282,87.94130224581448,90.21877835388723,1455300
2023-03-31,89.6607666015625,89.70883470614473,88.37262354138484,88.85327525055496,1313400
2023-04-03,88.5360336303711,90.59322213275881,88.20919402446007,89.92031274755244,1696100
2023-04-04,86.67111206054688,89.19933718711388,85.48870573342244,88.91094325342625,1725300
2023-04-05,86.30582427978516,86.40195315985963,85.23877684238256,85.37335874131952,1177100
2023-04-06,85.8924560546875,87.33441113339238,85.13302549980341,86.43079093796803,1333400
2023-04-10,87.72854614257812,87.97847973402955,85.63290453742061,85.70019547883639,1091900
2023-04-11,89.04552459716797,89.53579134781977,87.64202261894185,88.43990614106563,1143900
2023-04-12,88.51681518554688,89.7761202407348,88.20919840358637,89.04552763326761,1098700
2023-04-13,89.26661682128906,89.58384864133492,87.80543183243857,88.52640924118202,1234100
2023-04-14,89.96836853027344,91.60258847181275,89.5646229215089,90.87199594107562,1973200
2023-04-17,92.16016387939453,92.20822465112934,88.49759276802715,89.43967337082108,1469100
2023-04-18,93.0733871459961,93.52520087984732,91.2373016186204,91.7083381918396,1763100
2023-04-19,93.14067840576172,93.59249214116879,92.14092206945216,92.63118881788986,1260800
2023-04-20,92.4581527709961,92.83306047565712,91.89098000358439,92.33318598082982,745200
2023-04-21,92.05441284179688,92.13131153749758,90.84316854101775,92.13131153749758,706200
2023-04-24,91.83331298828125,92.64081166120926,90.88162467211873,92.17938280036998,931000
2023-04-25,87.83428955078125,90.93929525782185,87.60357146665447,90.93929525782185,1773900
2023-04-26,88.63216400146484,89.14166092653886,87.07485730232538,87.07485730232538,1739000
2023-04-27,85.93091583251953,87.18061326607332,82.40293388918751,87.18061326607332,4626500
2023-04-28,87.02677917480469,87.0940701067158,85.14262574713194,85.23875460212476,3132400
2023-05-01,86.28659057617188,87.57473354218533,86.03664965210862,87.29595469114604,1530800
2023-05-02,83.20079803466797,85.9116728676427,81.88380996065084,85.9116728676427,1665400
2023-05-03,81.07633209228516,84.26786669099191,80.97059545677281,83.48920588390924,1276700
2023-05-04,80.23037719726562,80.44186510901369,78.82687517785695,80.04772721272637,1694200
2023-05-05,82.8643569946289,84.00831048210264,81.98957464209755,82.12415654248699,1258900
2023-05-08,82.80667877197266,84.08521412338474,82.50867704877258,83.89294903247881,1062700
2023-05-09,83.00855255126953,83.40269049144122,81.98957322756847,82.08570210702196,1268100
2023-05-10,82.2875747680664,84.12366789837904,81.53775924219585,83.98908600061579,1393600
2023-05-11,81.74922943115234,82.37407801179214,81.2493476329758,81.28780064315568,765700
2023-05-12,81.14361572265625,82.91241028841117,80.80715369763439,82.67208446148824,772100
2023-05-15,83.2680892944336,83.33538022787144,81.3550905661146,81.80690426240942,949900
2023-05-16,82.41252899169922,83.41227789509945,82.34523805908263,82.85472759663129,913100
2023-05-17,83.94100189208984,84.44087636932377,82.49904697594023,83.09505764824704,874000
2023-05-18,85.63288879394531,85.87321458826993,83.92177031181986,84.1813189426595,869000
2023-05-19,86.7384033203125,87.12291878776382,85.53677414912109,86.09432451059047,1473300
2023-05-22,87.1229248046875,87.67086745122656,86.32504855387654,87.09408687605327,1126900
2023-05-23,86.8249282836914,88.79560331194233,86.73841449262021,87.23828906519053,1034500
2023-05-24,86.0174331665039,87.0652503729052,85.37335430175494,86.29620470397425,1217500
2023-05-25,88.89170837402344,89.74726763814482,85.70018203274243,85.81553372326398,1842200
2023-05-26,89.5550308227539,89.95877650208878,88.64178816616717,89.14167005557874,1396100
2023-05-30,90.4201889038086,90.8912328162667,89.00707183475907,89.97799025195677,1532800
2023-05-31,86.85375213623047,89.83379091477153,86.69033233458633,89.64153318744455,2427600
2023-06-01,87.61317443847656,88.51680180761251,87.03639397624231,87.03639397624231,1396700
2023-06-02,90.698974609375,91.09311252501692,88.82443590712491,88.82443590712491,1094400
2023-06-05,90.26639556884766,91.11233996592664,89.36276797744368,90.69897918838689,1227900
2023-06-06,91.21808624267578,91.6218319423601,89.64154912891111,89.65116421723603,1045700
2023-06-07,93.12146759033203,93.45792233009081,91.1123395714926,91.55453827719889,953700
2023-06-08,91.77564239501953,92.88114283959166,91.14117859174456,92.73694585392342,897400
2023-06-09,91.97750854492188,92.669648158408,91.717959856946,92.04479948877955,865600
2023-06-12,91.10271453857422,92.43893293203293,90.75665208271553,91.9871191876074,815000
2023-06-13,93.55403900146484,93.58287692765819,91.17000353592971,91.17000353592971,873100
2023-06-14,94.4576644897461,95.22670273069949,93.80397795114652,94.20772357770922,1307300
2023-06-15,96.29376983642578,96.39951380816066,94.03470807822039,94.03470807822039,1068500
2023-06-16,96.21685791015625,96.97628850881053,95.53433334699783,96.95706566701817,2049100
2023-06-20,95.05367279052734,95.60161540771475,94.32308752371915,95.36128956975251,1169500
2023-06-21,95.98612976074219,96.30336159910928,94.75566275222215,94.93831271991749,1089600
2023-06-22,94.48650360107422,95.71697066937088,93.48674727454262,95.71697066937088,1090700
2023-06-23,93.42909240722656,93.94819719341285,92.871534599749,93.515606204509,1477100
2023-06-26,94.13081359863281,94.67875616427915,93.45790424929938,93.63093912972252,628200
2023-06-27,96.66867065429688,96.98590254665997,93.91934225547637,94.1116073421342,1155100
2023-06-28,98.03372192382812,98.51437361384968,96.44756987992444,97.23583835819328,1237000
2023-06-29,99.64871215820312,100.12936384949101,98.24520276557925,98.28365578098182,980500
2023-06-30,100.16026306152344,100.63322326856401,99.7741833160197,100.59461382121381,907600
2023-07-03,100.34365844726562,101.30887256164564,99.44600902633225,99.8127951027562,367600
2023-07-05,99.55218505859375,100.38226980184434,98.36497579920008,99.66801340555875,698800
2023-07-06,99.37843322753906,99.465306317405,97.6603534741746,98.94408987020479,721300
2023-07-07,100.7007827758789,101.43434014576833,98.91513827086057,99.3880910895522,820700
2023-07-10,100.37259674072266,101.80111662890478,100.1988579349167,100.89381315814055,739100
2023-07-11,101.5019302368164,101.90731843916808,100.39193241837728,100.92279581745683,881900
2023-07-12,101.18339538574219,102.65051757055578,100.38226591921939,102.6022612841864,1087500
2023-07-13,102.23548126220703,102.94009083366956,101.28957551662671,101.9169588245322,681700
2023-07-14,101.46331787109375,102.86287549502462,101.22201432462292,102.86287549502462,642900
2023-07-17,102.91114044189453,103.61574268259523,100.6621895931925,101.19305298369302,725300
2023-07-18,105.98051452636719,107.01329335194765,103.27791201404474,103.56747919893623,1259200
2023-07-19,105.77781677246094,107.0036428854432,105.35312754752192,105.7102520754934,895100
2023-07-20,107.08085632324219,107.10015736539127,105.50755260211766,106.17355269825009,625100
2023-07-21,105.66200256347656,107.187042808855,105.22765174310922,107.187042808855,839400
2023-07-24,105.83572387695312,106.83954738991088,105.29519899213038,105.6716392529886,848900
2023-07-25,106.26040649414062,107.00362540335739,105.3627645370841,105.78745369263807,830200
2023-07-26,106.8974609375,107.7275456476696,105.797117459182,105.86468215121911,1394400
2023-07-27,104.70641326904297,107.21596808380878,102.73737591358109,105.05388351859686,1802900
2023-07-28,105.382080078125,106.89746598305392,104.8125999063622,106.02877178443237,927500
2023-07-31,106.2411117553711,106.76232823373583,105.20833300120364,105.54615645088478,733000
2023-08-01,105.68128204345703,106.55963034514956,104.96702572344243,105.27589391836756,582400
2023-08-02,104.78365325927734,105.12148412713101,103.73157329527616,104.8994816165986,653000
2023-08-03,105.83572387695312,106.14459208370944,103.82807685103762,104.48442271089465,802600
2023-08-04,104.08868408203125,106.54032875787126,103.77016902850805,105.80677135048539,856000
2023-08-07,105.15042114257812,105.72954810076477,104.6292046710105,104.92841867054052,413000
2023-08-08,104.5423355102539,104.89946737383805,102.38025801514767,103.62538507229341,590700
2023-08-09,102.69879150390625,104.35896109242351,102.4864432034215,104.19486908313992,752100
2023-08-10,102.83391571044922,104.194863823217,102.62156742068414,103.42269692697981,730900
2023-08-11,103.72190856933594,104.04043099665758,102.09069434820329,102.31269683621515,517800
2023-08-14,103.39373779296875,103.64468815870953,102.47677997291842,103.56747662678887,500400
2023-08-15,101.40538787841797,102.79529849625546,100.79730566511354,102.39955719267714,529100
2023-08-16,100.72974395751953,102.04243572123723,100.72008975461007,101.12547790881723,512200
2023-08-17,100.75870513916016,101.6660088021309,100.47879215028621,101.07722757794771,471600
2023-08-18,101.44400024414062,101.94591569902497,99.70661928584657,99.70661928584657,622900
2023-08-21,101.19303131103516,102.17755370597943,100.44981977790913,101.83973028183124,563200
2023-08-22,98.86687469482422,101.6273874462477,98.69313587256684,101.45364862399032,890500
2023-08-23,99.14679718017578,99.61975004466703,98.4518418243522,99.09853352779935,1051300
2023-08-24,98.41323852539062,100.32436587333756,98.30706437472692,98.66419627823213,972600
2023-08-25,98.71243286132812,99.30121399236555,97.3032213004184,98.9151342823069,759200
2023-08-28,99.63905334472656,100.1988719180054,98.00783918279575,98.94409802451938,620600
2023-08-29,100.71043395996094,101.00000113067465,99.00200827194739,99.42670482526108,649200
2023-08-30,101.33782196044922,101.51156078557423,100.06373969753201,100.56565513189268,771400
2023-08-31,100.95173645019531,101.65634596427195,100.41121892531393,101.65634596427195,710300
2023-09-01,102.70843505859375,103.06555955965399,101.69495731645179,101.71425835813109,581000
2023-09-05,102.58296966552734,103.66401228029554,101.70462852427846,102.55401441616753,827200
2023-09-06,101.48261260986328,102.45748093895995,100.22783130057056,102.14861271322627,832300
2023-09-07,100.34365844726562,101.80113382189924,99.90931504139434,101.26061627432621,1000200
2023-09-08,102.63121795654297,102.72773789462357,100.26643897157238,100.66218029090187,694800
2023-09-11,103.11383056640625,104.25278357071888,102.78565392245194,103.38408935319235,710700
2023-09-12,104.13695526123047,104.78364698186513,103.17174110004453,103.17174110004453,833400
2023-09-13,102.50572967529297,104.71607074448924,101.85903802592954,104.69676970355252,876500
2023-09-14,104.88017272949219,104.88981956888084,102.91113498627482,103.46130675540913,786700
2023-09-15,103.92459106445312,104.85119563371786,103.18137951422986,104.18520297193295,2440300
2023-09-18,103.43234252929688,103.73155653235735,102.64085992817118,103.50955405770033,568000
2023-09-19,102.75668334960938,103.58676799321572,102.50572564331016,102.95937740946694,892100
2023-09-20,102.8049545288086,104.4458155320749,102.65051674007813,103.2199968810229,540500
2023-09-21,98.83792877197266,101.77218062234678,97.11984879208241,101.69496172428444,1642300
2023-09-22,97.68932342529297,99.12749044963304,97.47697513364552,98.74141068009178,1054500
2023-09-25,98.32636260986328,98.69314131530099,96.7048026340348,97.00401664731295,857300
2023-09-26,96.28011322021484,97.87271806958977,96.16428486906041,97.47697672614522,651300
2023-09-27,96.08707427978516,97.02332584585017,95.45968359184488,96.71445760372569,835000
2023-09-28,97.33219146728516,97.95958213833282,96.2897657806824,96.2897657806824,727400
2023-09-29,97.34188079833984,98.59221550875945,96.96387348993375,98.08820083435232,737200
2023-10-02,95.07383728027344,97.17711779685061,94.47290632822202,96.96388137071659,871500
2023-10-03,93.23226165771484,94.58920722340129,92.59255240977804,94.51167275878973,895600
2023-10-04,94.39535522460938,94.511668007878,92.25331138096776,93.4067224486203,803400
2023-10-05,95.25800323486328,95.59723966337499,93.42611912610049,93.81382107074225,579700
2023-10-06,96.2175521850586,97.18680327238377,94.2402864743383,94.95753020841524,679800
2023-10-09,96.43077850341797,96.89602223029733,94.97690202476743,94.97690202476743,538400
2023-10-10,97.24494934082031,97.97188755147069,96.90571298814305,97.21587299556195,607500
2023-10-11,97.07050323486328,97.7974415904991,96.11094667596781,96.94449585388148,379300
2023-10-12,95.63599395751953,97.84588504423706,95.0641394196401,97.32249601405512,594900
2023-10-13,95.94615936279297,96.56647944316923,95.10291568201828,96.30478491339744,523700
2023-10-16,98.34990692138672,99.98794359044815,97.08019039034313,97.0995721579657,984600
2023-10-17,100.40471649169922,101.03473117682545,97.89435972740104,98.2626724781092,885200
2023-10-18,95.77169799804688,99.4354659412566,95.51969803847723,99.4354659412566,1164300
2023-10-19,93.87196350097656,96.46955663255818,93.73626894442219,95.74261833896033,750000
2023-10-20,92.62163543701172,94.10458847987064,92.49563545248358,93.89135944331517,863700
2023-10-23,91.3131332397461,92.87362789718989,91.0417441505903,92.4374679174464,985800
2023-10-24,91.75897979736328,92.58284157325008,90.85757617568075,92.04006344227476,914100
2023-10-25,89.0063247680664,91.31313958088272,88.85124105218031,91.31313958088272,1892200
2023-10-26,93.43579864501953,95.80076607594656,91.92376204415984,92.49562398414352,1814000
2023-10-27,91.62329864501953,93.27102983222042,91.351909539899,93.23225890366055,1017700
2023-10-30,92.55377197265625,93.46487024013945,91.02236107800739,92.22423019621218,1170800
2023-10-31,92.50531768798828,92.79608855073731,91.62329572961352,92.52469945425224,834800
2023-11-01,93.05780029296875,93.95920411284003,92.02070191051891,92.68948014185635,1267900
2023-11-02,96.35324096679688,96.78940093854054,94.06580812187019,94.06580812187019,1269000
2023-11-03,98.14635467529297,98.86359831803725,97.22556182270696,98.11727832954358,884400
2023-11-06,97.20618438720703,98.19481716071512,96.18846787185602,98.19481716071512,702100
2023-11-07,96.7894058227539,97.84588586730214,96.61494034629293,97.0607949206269,509700
2023-11-08,96.32417297363281,97.09957682216033,96.20786757271308,96.92511132598159,591800
2023-11-09,96.05278778076172,97.20619901913658,95.9267877930029,96.99296258231439,526600
2023-11-10,97.40972900390625,97.57449990508161,95.68446334501479,96.43078338814928,613500
2023-11-13,97.46788024902344,97.5454221054102,96.01400371836475,96.50832380933227,573000
2023-11-14,100.04609680175781,101.00565329217524,98.77638026419542,98.92176200910804,910900
2023-11-15,100.81180572509766,101.63566765452526,100.22056198161222,100.47256933001556,769800
2023-11-16,100.03639221191406,101.25765051058566,99.62930857728956,100.80210136930668,766200
2023-11-17,101.11226654052734,101.29642660144587,100.34655734409581,100.91841929362249,590100
2023-11-20,100.70518493652344,101.44181780040438,99.9200865625298,100.63733765924484,739900
2023-11-21,101.06381225585938,101.46120876938838,99.99763748987314,100.78273593506968,770200
2023-11-22,101.67443084716797,101.77135446770137,100.43379075682466,101.48057621130293,495900
2023-11-24,102.22692108154297,102.71154666179505,101.52905906281204,101.77137185293809,236200
2023-11-27,102.06212615966797,102.19782069864678,101.1510279166979,101.635653382993,805000
2023-11-28,99.5711669921875,102.20752372583681,99.2706941280489,102.20752372583681,804400
2023-11-29,100.5597915649414,101.24795888972088,99.40638050499362,99.95885328093196,980600
2023-11-30,101.916748046875,102.10090071549142,100.23025331258576,100.85057338484843,999900
2023-12-01,104.60157775878906,105.13466882589557,102.8278464571064,103.08954839724927,1407900
2023-12-04,103.62263488769531,104.6015731388922,102.90538377548526,104.33987860510659,1252300
2023-12-05,101.9458236694336,103.33185293864545,101.85858723140565,103.28338742920788,860700
2023-12-06,101.8488998413086,103.80678366500918,101.829510679653,102.65337996965029,815400
2023-12-07,102.12998962402344,102.44014967584282,101.45150942674427,102.16876055485072,648100
2023-12-08,103.75833129882812,103.96187313869738,101.8489054838846,102.04275274238896,660100
2023-12-11,104.7178726196289,105.1443454002755,103.47723259752736,103.94246890841653,793000
2023-12-12,106.24930572509766,106.29776384206936,104.23326171014362,105.00865813488058,790700
2023-12-13,104.43679809570312,107.06346748989905,103.64201254983867,106.29775829165915,1707700
2023-12-14,107.47054290771484,108.81780113956248,105.58050650902153,105.80343748171768,2001200
2023-12-15,106.63700103759766,107.55779400453285,106.27838286908933,107.09255023037207,3529300
2023-12-18,107.97456359863281,108.16841084200553,106.49161074191635,107.0246943585905,908100
2023-12-19,110.17477416992188,110.4364761161037,108.09088276150791,108.09088276150791,1091500
2023-12-20,108.65304565429688,111.22156252043891,108.58519837382364,109.63199132523835,974200
2023-12-21,107.59656524658203,109.53506742072919,106.24930682713367,109.16674727496991,1102800
2023-12-22,108.27503204345703,108.61426842615512,107.58686469718421,107.88733015117414,907100
2023-12-26,109.14736938476562,109.85491856237999,108.11996556230133,108.3622783426787,602600
2023-12-27,109.69013977050781,110.12630718074892,108.79843057749737,109.23459059293981,806500
2023-12-28,109.263671875,110.12630470019025,108.94381726032088,110.05845742387636,582700
2023-12-29,108.50462341308594,109.67238320650182,108.30999925566185,109.29286090241987,554800
2024-01-02,109.28313446044922,109.37071310361378,107.53148735280126,108.15429356342372,696100
2024-01-03,106.51942443847656,108.00832075425767,106.49023155768644,107.7553108377862,818800
2024-01-04,107.21035766601562,108.31000575228401,106.27614829036028,106.27614829036028,1244000
2024-01-05,109.03010559082031,109.37070154117932,106.5583404555315,107.22007291241539,984100
2024-01-08,109.43882751464844,109.47775382916439,108.26133434217367,109.30258912606031,700100
2024-01-09,107.75531005859375,108.3391899434809,107.19088961928075,108.2807967578873,688800
2024-01-10,107.95967102050781,108.94253267807915,107.40498399886732,108.84522059829649,847400
2024-01-11,107.56067657470703,108.00831805933619,106.78217255013102,108.00831805933619,659100
2024-01-12,106.19828796386719,108.59220070773922,105.99393037377958,108.01805425336484,1180500
2024-01-16,106.37345123291016,106.43184441817,103.88222644526462,105.04026019785087,1305200
2024-01-17,106.26641082763672,107.1325009688439,104.70939526054717,104.72886213138096,895700
2024-01-18,106.79190063476562,106.869753266066,105.29327089219352,106.28587338018434,683900
2024-01-19,108.52409362792969,108.82577075363893,106.07179484863978,107.3952600388713,923900
2024-01-22,110.4703598022461,110.4995601093509,108.42677634663916,108.42677634663916,1068800
2024-01-23,110.373046875,111.19048470565707,109.76970750596143,110.83042183181054,948200
2024-01-24,109.50694274902344,112.31930390729237,108.92306290126885,111.50187360532296,2376500
2024-01-25,110.79148864746094,113.44815215190525,106.74324833644526,112.8642722658709,2534500
2024-01-26,110.17842102050781,113.32164505624617,110.1492281385096,111.29752851853301,2085000
2024-01-29,109.2539291381836,110.22706472565072,108.60193007644509,109.49721303505038,1627000
2024-01-30,110.441162109375,110.84988472224357,108.7965679203661,108.806293931208,2146500
2024-01-31,107.22007751464844,110.8693359060649,107.09357256320935,110.17841054155562,1392000
2024-02-01,107.5217514038086,108.20295078505016,105.34192971759363,106.93787152305545,1093600
2024-02-02,109.40962982177734,110.6455086994402,107.25900115431936,107.48281817239582,1116000
2024-02-05,109.39990997314453,110.07137595962901,107.8234349432223,108.65059877582094,985600
2024-02-06,108.358642578125,109.7891530320663,107.57040515429411,109.06903480011665,778200
2024-02-07,108.0569839477539,108.75764280678136,107.43417772293748,108.36838706016214,795300
2024-02-08,109.0885009765625,109.14689416208935,107.21034894229162,108.16402511191765,804500
2024-02-09,111.79380798339844,111.87166060833817,108.96198742723895,108.96198742723895,949900
2024-02-12,113.88607025146484,114.69377466765134,112.08577068394807,112.08577068394807,1151100
2024-02-13,111.82303619384766,113.71091456096842,110.30493932638994,112.76697166518963,1380200
2024-02-14,113.55519104003906,113.60384336344988,111.88139668645579,112.74748674218095,985900
2024-02-15,115.25818634033203,115.85179966831552,114.07095968436504,114.07095968436504,1085000
2024-02-16,115.30683898925781,116.02696470273396,114.703499648887,114.92731668662596,737100
2024-02-20,113.32164001464844,115.15113973245907,113.06863009896296,113.96391308777828,1149500
2024-02-21,113.69143676757812,113.75955596430094,112.55286986902424,113.11728288854094,713800
2024-02-22,115.27765655517578,115.80315073515844,114.46022611371586,114.77162924728674,824500
2024-02-23,115.39442443847656,116.86385388974143,115.31657180644733,115.45281020028068,718800
2024-02-26,115.4625473022461,116.38702320753698,115.04409867234439,115.04409867234439,812200
2024-02-27,116.49406433105469,116.54272408189232,115.2484519237414,115.99776308536606,523100
2024-02-28,117.19471740722656,117.65209231465639,116.0366836990051,116.11453632674532,706600
2024-02-29,117.08767700195312,118.16785812950016,116.21185346280207,117.74940951770775,971800
2024-03-01,116.84439849853516,117.29204001158332,116.07562043554942,117.22392081230286,966600
2024-03-04,117.6229019165039,118.71280903011679,116.89305022102297,116.95143598084212,803400
2024-03-05,118.22624969482422,118.81012960811138,116.96117778677471,116.96117778677471,808700
2024-03-06,117.92457580566406,118.74200617020114,116.8249352178171,118.72254672437506,893700
2024-03-07,117.68128967285156,119.11180020817326,117.65209679244671,118.1970503584986,967600
2024-03-08,116.97090148925781,118.96583253008882,116.65949838002152,117.86619192469347,794600
2024-03-11,115.62797546386719,116.91251420075876,115.0246286994046,116.2702485445308,956200
2024-03-12,115.74475860595703,116.29944563915598,115.11221893753537,115.95884964060153,862500
2024-03-13,116.77627563476562,117.41854871448595,116.23132205762279,116.23132205762279,844600
2024-03-14,116.77627563476562,117.59370600047987,115.64743473990043,116.74708275376663,959100
2024-03-15,117.51586151123047,118.12893428926506,115.67663575269101,115.67663575269101,1343200
2024-03-18,117.71048736572266,118.15812887391454,117.36015793767059,117.63263473183646,936700
2024-03-19,118.9074478149414,119.34535588901359,117.33096538429709,117.83699265710128,1027800
2024-03-20,119.40374755859375,119.69569123870654,118.02189664485711,118.2457211228684,791400
2024-03-21,122.71238708496094,123.02379015310926,120.10438360505577,120.66880398621046,1429300
2024-03-22,122.21610260009766,123.18923824914476,122.17718370763927,122.98488065377717,1064200
2024-03-25,123.06273651123047,123.83151458504835,121.95336243621125,121.95336243621125,1275500
2024-03-26,122.03120422363281,123.82177014187587,121.87549896581933,123.2281568392238,850400
2024-03-27,123.97747802734375,124.01640434262215,122.12851888601499,122.74159164666992,682900
2024-03-28,125.41307067871094,125.7060492215422,124.26069983473053,124.26069983473053,1019700
2024-04-01,125.5107192993164,125.60836886691501,123.72356680554734,125.1982049193869,764200
2024-04-02,125.69628143310547,126.39940903294954,124.42671775558263,125.34471018243002,952200
2024-04-03,126.57518768310547,126.95605525280368,125.44234545987307,125.60836312856149,734300
2024-04-04,124.42671203613281,128.11820254778704,124.37787980049065,127.63967048090365,823000
2024-04-05,125.28609466552734,126.61425098426416,124.85640229234987,124.8856986529355,739300
2024-04-08,126.94629669189453,127.25879616078043,125.530236440629,126.0283043557519,687400
2024-04-09,125.0712661743164,127.64945035077902,124.1435058198126,127.23927147818814,617600
2024-04-10,124.15325927734375,125.02242685841146,122.8251029645756,123.72356690609729,977800
2024-04-11,121.58484649658203,124.34858415291801,121.55555013532985,123.85052365937175,1562200
2024-04-12,119.68050384521484,121.35046342830934,119.22150766813715,120.4031747140431,1381900
2024-04-15,119.65119934082031,123.04971865828513,119.44611737048017,121.27233413125111,1413900
2024-04-16,119.01644134521484,120.13950836781017,118.23517020268837,119.77817661126356,752800
2024-04-17,119.08478546142578,121.12584467521793,119.01642480476175,120.5496630620144,1149400
2024-04-18,119.10432434082031,120.54967364528882,118.61603176442269,119.53402419229133,1049100
2024-04-19,120.7059097290039,120.92075963041408,119.42658570792845,119.70979626426436,3039900
2024-04-22,122.54190826416016,123.27434712883478,120.1199738066379,121.52625881105426,810000
2024-04-23,124.16302490234375,124.8075746233405,122.52236169069623,122.56142598749173,1115700
2024-04-24,124.55368041992188,125.2372945474864,123.91889853388125,124.31930205226597,1324200
2024-04-25,119.09455871582031,120.11997612646965,115.07103257665175,120.11997612646965,2902400
2024-04-26,119.00665283203125,120.72544457797697,117.7175608852601,118.65508162375252,1197900
2024-04-29,120.30552673339844,121.6336831303748,119.15315596104404,119.18245232335548,1112300
2024-04-30,119.14337921142578,120.23715717826072,118.733215267895,119.88558595501924,1097300
2024-05-01,119.68050384521484,121.1160776459168,118.60625430279777,119.34846104553516,1305100
2024-05-02,121.06724548339844,121.53600211810637,119.04571480068363,120.48129596463734,759100
2024-05-03,121.5067138671875,122.45400258692173,120.91099637231859,122.07313500177642,632200
2024-05-06,122.63956451416016,123.35246749884898,122.13173606544021,122.3954182274784,693900
2024-05-07,122.33680725097656,123.5380101537274,122.30751089128188,122.88369995137053,627700
2024-05-08,122.4637680053711,123.00088531788096,121.3797579927886,122.13172521060349,959500
2024-05-09,122.2293930053711,122.64931743985247,121.84851796693509,122.17079283366783,691400
2024-05-10,122.75674438476562,123.31339759507352,121.99500919705515,123.10831561767094,781900
2024-05-13,122.75674438476562,123.16691579032384,121.76063085870263,123.16691579032384,738400
2024-05-14,123.98725128173828,124.14350848403043,122.7762877669881,123.07902678298727,572000
2024-05-15,124.31929016113281,125.34470752902149,123.90911874352538,124.280225861801,1133400
2024-05-16,122.65908813476562,124.37788001189888,122.6200238363361,124.02630877678632,770100
2024-05-17,123.45989227294922,123.72357443458567,122.61026796507333,123.29387458643937,745400
2024-05-20,122.20008850097656,123.45988414953338,122.10243148302897,123.4012914289154,772000
2024-05-21,121.86805725097656,122.73721740623957,121.75086435504387,122.23915691196706,695800
2024-05-22,120.7059097290039,122.37586925712034,119.9441745881879,121.86804831349387,1013200
2024-05-23,120.50083923339844,121.85829197523384,118.86017590827137,120.7547534547553,886400
2024-05-24,122.91300964355469,123.01066667004747,120.99890361143274,121.17468923942116,681200
2024-05-28,120.64732360839844,122.94229709298172,120.4617700559875,122.78604735207225,1086500
2024-05-29,118.86016845703125,120.23715698766983,118.62579012549273,119.71956063984106,627100
2024-05-30,119.03595733642578,120.70591696464693,118.83087535935508,118.96759667740221,750300
2024-05-31,119.8758316040039,120.27623510670084,118.12774322664531,119.16292113975845,1852200
2024-06-03,118.09842681884766,120.07112528178882,117.21949881030855,120.07112528178882,624200
2024-06-04,116.184326171875,118.09843200183543,115.9987726256088,117.12184693854422,532600
2024-06-05,117.98125457763672,118.38165808243464,115.51049523574893,116.43825563794344,759600
2024-06-06,117.41483306884766,118.56720381645616,117.09255818883564,118.07891125307549,436300
2024-06-07,117.2195053100586,118.75274357912356,116.96559110445627,117.39529092151362,507000
2024-06-10,116.7507553100586,117.64921184177223,115.4909595978554,116.58473017533171,570500
2024-06-11,114.52413940429688,115.9792566695567,114.43625031551457,115.9792566695567,1236200
2024-06-12,116.02806854248047,117.07301425818314,115.65696890211737,115.92064358986828,956400
2024-06-13,114.48507690429688,115.2077478069388,113.85029508609986,115.2077478069388,897600
2024-06-14,112.96159362792969,113.86981804402829,112.3561156510325,113.313164850339,790900
2024-06-17,115.19798278808594,115.66674693592779,112.7369915014879,112.88347331260721,872500
2024-06-18,116.17455291748047,116.65307749037932,115.05147865595048,115.05147865595048,1175100
2024-06-20,116.27222442626953,116.3601209632931,114.69992175423982,116.05737450327119,1195800
2024-06-21,117.86405944824219,117.98124489309751,115.52025369134533,116.43824608006193,2475200
2024-06-24,119.51449584960938,120.67663463892447,117.74687899588115,118.19610730039065,1235400
2024-06-25,118.84065246582031,120.1102087243192,118.14727788486825,119.2312805756639,873300
2024-06-26,118.67460632324219,118.86015985811079,117.83475007509234,118.1667853998548,770400
2024-06-27,118.74297332763672,119.1433767767724,118.18632014400485,118.26444873662929,1049500
2024-06-28,120.7156753540039,120.85239666123722,118.47929475604101,118.99688362638895,1665100
2024-07-01,120.7548828125,122.34273384062644,120.59806217402983,121.1077385965281,624100
2024-07-02,119.65711212158203,120.62746175795517,119.13763208875575,120.09817809866729,823400
2024-07-03,118.33391571044922,120.47065028502512,118.15748781060437,119.84334526937279,604000
2024-07-05,117.13811492919922,117.90263325419902,116.62843106054888,117.90263325419902,740700
2024-07-08,115.13861846923828,118.05947134697375,114.94258330692182,116.95190072229883,843500
2024-07-09,116.3147964477539,117.01070443008115,114.84456642025157,114.84456642025157,962000
2024-07-10,117.41255950927734,117.6183907958129,115.6776840573726,116.18736793848763,1156500
2024-07-11,118.30450439453125,118.47113614453383,116.75586781044093,117.60859642491359,1521300
2024-07-12,118.6573715209961,119.99038078041856,118.54955404575036,118.92201713404549,789400
2024-07-15,118.70637512207031,119.8237493645321,116.13837060312692,118.50054381193017,1371100
2024-07-16,111.2572021484375,116.78526611110125,110.6004937602458,115.13860828320293,3689400
2024-07-17,111.11017608642578,111.86489081945705,108.61078223871738,111.29640760202064,4975800
2024-07-18,108.8950424194336,112.07073737586728,108.08151329394074,110.93376330814682,2214000
2024-07-19,106.4642562866211,109.18908131913446,106.19961070261361,108.79701849562701,3376500
2024-07-22,107.7972640991211,108.0717058288721,106.41524434547695,107.071945267092,1836500
2024-07-23,109.59093475341797,109.93399438038539,106.83670645697488,107.63062821292301,2351900
2024-07-24,109.9927978515625,111.97270410717434,109.02244823724622,109.93399105008145,2426500
2024-07-25,115.66790008544922,115.76591392583525,110.75732965894906,110.75732965894906,2281900
2024-07-26,114.36428833007812,118.47113308547242,114.24666724099163,115.93253212801676,2179000
2024-07-29,113.17830657958984,115.38365157926081,112.11973918503344,114.39369461890843,1240500
2024-07-30,113.21752166748047,114.68775177189109,112.23736826454007,113.97223649743471,987700
2024-07-31,113.69778442382812,114.80535497657498,112.06093018416492,113.74679508071858,1417500
2024-08-01,109.94378662109375,114.83475664992632,108.62058124888699,113.95261724246323,1406700
2024-08-02,106.83670806884766,109.76736429726989,104.8665978720934,107.96388584223348,1809700
2024-08-05,104.27851104736328,106.91512586936608,102.17117991516642,104.64117046759412,2638300
2024-08-06,105.70952606201172,107.1013418763082,103.2591429475563,103.87664427830359,1810500
2024-08-07,105.15084838867188,107.97369477417811,105.04303092378233,106.79750628755836,1079400
2024-08-08,106.74850463867188,106.99354297548494,105.23906758654621,106.11140346736259,901900
2024-08-09,107.99330139160156,108.46377831164814,106.33683976061758,106.48386426550569,871600
2024-08-12,107.93449401855469,108.30694961475092,106.48386371078031,108.03250786197718,1287300
2024-08-13,109.57135009765625,109.7085709761874,107.87568141583981,108.76762460426933,1099900
2024-08-14,112.62943267822266,113.1391091644872,109.72817198479426,110.65932221724543,1435800
2024-08-15,112.98226165771484,114.29567089917589,112.02171566190718,113.96241490615785,886300
2024-08-16,113.64877319335938,113.78599405838851,112.50199561648314,112.75683757066996,722100
2024-08-19,113.6291732788086,114.28587420035748,113.10969322212138,113.7271871139989,567400
2024-08-20,113.28611755371094,113.68797650874522,112.8548477188659,113.51154861976099,776000
2024-08-21,113.49195098876953,113.82519951982701,112.44318726165305,113.3351228720534,1009200
2024-08-22,113.90361785888672,114.4917083627213,112.95286792999885,113.7271899599387,664400
2024-08-23,114.47209930419922,115.42284915599376,113.97221905138413,114.77594441964767,633500
2024-08-26,116.09915924072266,116.23638010903133,114.54071903151277,115.01118844343495,761400
2024-08-27,115.34445190429688,116.17758079504071,115.0406067445846,115.92273881832693,638900
2024-08-28,115.51106262207031,116.06974969288822,115.03078960841395,115.27582792856174,561600
2024-08-29,116.02075958251953,116.62844989902267,114.58973652904417,115.91294211127344,511800
2024-08-30,117.19692993164062,117.36355419813925,115.73650360660777,116.34419386747952,961400
2024-09-03,116.91268920898438,117.2067382022008,115.63849435365846,116.28539166956745,878300
2024-09-04,116.7852783203125,117.87324918523497,115.86393173755515,116.76567106477722,960600
2024-09-05,115.2464370727539,117.32435746791217,114.79556741195584,117.32435746791217,861000
2024-09-06,112.91366577148438,116.1971855590304,112.21775777282163,115.2464355891184,808100
2024-09-09,114.53091430664062,115.81492024490318,113.4331473706927,114.17805851209268,1086100
2024-09-10,114.00162506103516,114.92297153280056,112.521598999425,114.68773684055392,860100
2024-09-11,113.64877319335938,114.07023941537066,111.64926702351295,113.6879802230786,1137900
2024-09-12,114.65833282470703,115.12880220668067,113.60956912483645,114.66812897326515,937500
2024-09-13,115.55027770996094,116.07956141575335,114.57992798832983,115.04060125881452,810500
2024-09-16,117.35375213623047,117.55958342176523,116.14816034612585,116.36379525801252,659200
2024-09-17,118.28490447998047,118.54954258947885,117.43216838852753,117.64780331818066,1116400
2024-09-18,118.71617889404297,120.87251331735307,118.03006704809756,118.18689517676283,1006500
2024-09-19,121.6468276977539,122.26432158994395,118.65735711609105,120.36282925676574,1121400
2024-09-20,121.84285736083984,122.02908888542467,120.43144165875528,121.90167164532666,2076200
2024-09-23,122.20551300048828,123.30328738188865,121.92126764785847,122.51916175546322,872000
2024-09-24,121.69583892822266,122.72499542005907,121.49980377884216,122.4113466590266,864300
2024-09-25,122.6171875,123.11706782235275,121.97029015164078,122.09770740017203,1006200
2024-09-26,120.08838653564453,123.23468540602335,119.61791710988952,122.59758422558578,1038700
2024-09-27,120.02957153320312,121.60761893540335,119.73553003167291,120.17659602295632,746200
2024-09-30,120.02957153320312,120.60786586543873,118.4319243554247,119.74532618047392,869400
2024-10-01,121.00350952148438,121.39701837063313,118.4653853253098,120.019741151391,1411700
2024-10-02,121.82987213134766,122.55786613388857,120.50178632431209,121.27896424233903,1039000
2024-10-03,122.67591857910156,123.38423304012349,120.72806131684864,121.42653599214599,1527500
2024-10-04,125.06646728515625,125.66656657742935,123.83675685108132,124.48604756294016,1035000
2024-10-07,123.33505249023438,124.9582644179139,123.079270593313,124.60411468329038,620200
2024-10-08,122.87267303466797,123.79741021464845,122.80380954780179,123.60065953947571,637800
2024-10-09,126.19779968261719,127.01432919468755,124.22042324542173,125.03695275749207,1315200
2024-10-10,124.68280029296875,126.20763675311503,124.0433493555591,125.8239751973376,2036400
2024-10-11,127.84068298339844,127.85053027315647,124.66311569183077,125.70590765053572,1094600
2024-10-14,128.0472869873047,128.72608952380466,127.09303052456023,127.80134490950691,904900
2024-10-15,130.9789276123047,133.17272699875562,128.87366378150935,128.92285520502298,1477300
2024-10-16,133.92039489746094,134.25487254530353,131.05762529778139,131.4708062176659,1817100
2024-10-17,135.9075927734375,135.95678419360377,134.02860661644246,134.72707374501633,1398600
2024-10-18,136.26174926757812,137.13730250193038,135.09107753600563,136.5076913560042,3790600
2024-10-21,135.26815795898438,136.58640404115346,134.71725004471162,136.18305538566275,1027300
2024-10-22,133.96957397460938,135.66165682940883,133.65477589128935,134.42211404508043,907000
2024-10-23,135.13043212890625,135.34686238436927,133.37932552460717,133.37932552460717,1992200
2024-10-24,145.00743103027344,146.2666531632002,141.08220540150631,142.41028350472297,2687100
2024-10-25,142.55787658691406,145.01729748582108,142.04631283682951,144.91891464541925,1497000
2024-10-28,145.75511169433594,146.10926887491678,143.86627840160895,143.98432579143167,930200
2024-10-29,146.60116577148438,147.11271451264054,145.44031129646154,146.15847301001259,982500
2024-10-30,146.63067626953125,148.4899978594605,146.04040925226866,147.4275262350561,1031300
2024-10-31,145.81414794921875,149.1294425286192,145.48950258812965,147.03402612320983,1174800
2024-11-01,141.94793701171875,146.32571843702124,141.78069818366154,145.8436665130107,1540100
2024-11-04,142.99073791503906,143.75807603916036,140.7870913725466,141.67247689695918,1030800
2024-11-05,144.0728759765625,144.1122351179121,140.12797018421722,141.23963325507336,1187100
2024-11-06,158.1800994873047,159.13435594604204,154.45162420843664,154.88448466532117,2330400
2024-11-07,153.890869140625,157.84562193998264,153.82201316487712,156.7634858083742,1153600
2024-11-08,156.15354919433594,157.16682941472428,153.2514355045505,155.10092484403089,1218900
2024-11-11,160.06895446777344,160.73790973891087,158.1997856003746,158.1997856003746,761100
2024-11-12,159.63609313964844,160.02959447220067,158.17027290533116,159.75414053719138,912300
2024-11-13,158.03253173828125,160.79691813052608,157.95382847661975,159.43932814742354,801000
2024-11-14,157.5504913330078,160.61985871629298,156.69461769333222,160.0295917165153,984200
2024-11-15,158.07188415527344,158.94745235801904,157.10779541879464,157.4029289127286,1026800
2024-11-18,160.76742553710938,161.66265835821991,157.63904931975262,158.10142165544204,1001000
2024-11-19,159.98040771484375,160.5116510414952,159.16387816544542,159.16387816544542,1291100
2024-11-20,159.5475616455078,160.1870201512093,157.92434969087216,160.1870201512093,999800
2024-11-21,161.12158203125,162.03649441882126,159.47869065882819,160.35424390547487,742600
2024-11-22,162.4988555908203,162.73496540861902,160.65921350353776,160.924835172172,793000
2024-11-25,164.3385009765625,164.68281088214246,162.25290192910364,163.48261232998914,2692100
2024-11-26,166.1781463623047,166.26668191032843,162.52837422337618,164.1614182610087,1233000
2024-11-27,167.33900451660156,168.1555190479447,166.03059079274485,166.88646446482377,1160700
2024-11-29,166.53231811523438,168.5982378163005,166.19784045273488,168.5982378163005,534300
2024-12-02,164.24014282226562,167.752203460326,163.88598557314285,167.36853435803596,996500
2024-12-03,162.76446533203125,165.50918734751772,162.13485420848713,165.50918734751772,1246000
2024-12-04,163.06944274902344,163.62036565617373,161.56427831481287,162.76447695022597,1062300
2024-12-05,162.85301208496094,164.18110541108902,162.10535351527423,163.10880147254625,766100
2024-12-06,160.7477569580078,162.67594970369655,159.99026606784,162.42017531351047,1228600
2024-12-09,158.90809631347656,161.04287177708554,157.06845434954775,160.74773827740538,1095800
2024-12-10,158.2981719970703,159.5967384395081,157.4127714575266,158.652329210665,1052900
2024-12-11,158.88844299316406,160.15751274811248,158.52445345638955,159.75416406561783,905600
2024-12-12,157.7669219970703,160.127974991526,157.46195621709256,158.98680012809476,836000
2024-12-13,157.88497924804688,158.72117329307977,156.45850320978482,158.72117329307977,1643200
2024-12-16,157.80628967285156,158.05223176821684,156.33063710065983,157.77677782229688,1129100
2024-12-17,155.33700561523438,157.0979592450118,154.60902669417322,156.3994771603884,1026700
2024-12-18,149.9459686279297,155.52393331612447,149.8377535100516,155.40588591884426,1753500
2024-12-19,148.4113006591797,152.1201117111677,147.19142244546862,152.07092028919845,1513000
2024-12-20,152.5332794189453,152.71035050935438,147.9587477722403,147.9587477722403,3880300
2024-12-23,153.28094482421875,153.2907921148709,150.9100594885776,151.52983835511057,766000
2024-12-24,154.7270965576172,154.7270965576172,152.81858341288674,153.60560115447137,242900
2024-12-26,156.13388061523438,156.24209573361188,153.6351006131045,153.6351006131045,710400
2024-12-27,154.37294006347656,156.4585243292124,153.5662577575488,154.8254801456665,565000
2024-12-30,152.80874633789062,153.56625220386977,151.44130887160105,152.20864701751236,822700
2024-12-31,152.80874633789062,153.95975355675756,152.15945559562277,153.45803708015845,474000
2025-01-02,152.9765167236328,154.28915573879925,151.9797074232085,153.78581907296734,525000
2025-01-03,155.6610107421875,156.322262272534,151.90075163550597,153.45024789387858,924500
2025-01-06,157.78292846679688,159.73709085724593,157.21049842854717,158.72053847919926,1075500
2025-01-07,156.90455627441406,158.65145363532645,154.1904567565469,157.56580780434365,1459100
2025-01-08,157.29934692382812,157.54608324912735,154.99976256488858,156.7861311505205,863800
2025-01-10,152.1968536376953,156.835493910609,151.64415157497774,155.44389731085747,1189200
2025-01-13,152.1968536376953,152.808754954072,150.6769493195069,150.8743353835389,1041300
2025-01-14,154.67405700683594,155.5623016863047,153.04560340794686,153.34167492804377,891900
2025-01-15,159.29296875,159.7173630689223,157.14143517930378,157.91125132474468,1278200
2025-01-16,162.7472686767578,162.85583325862632,159.27323217614455,159.27323217614455,1714900
2025-01-17,164.82972717285156,165.21463523289404,160.77338143567013,162.8459725648773,1389200
2025-01-21,167.47476196289062,168.75779395364887,165.80682188086402,165.87591528525147,951200
2025-01-22,168.27418518066406,168.73805070821678,166.90233172204407,167.1293249399131,1026600
2025-01-23,169.3104705810547,170.88957403793017,168.4123467365699,168.4123467365699,1481600
2025-01-24,170.38624572753906,170.54416059886586,167.7905746211223,167.83992490086078,1313500
2025-01-27,167.12930297851562,169.54731579955163,163.90200289335493,168.876200266355,1993100
2025-01-28,169.27098083496094,169.85328999986498,166.31014497250837,166.34963121737812,1771800
2025-01-29,169.77432250976562,172.04429954839011,169.01437046674843,169.26110677399916,1523100
2025-01-30,168.42221069335938,170.01119324074554,162.00706619490188,167.90900997638778,2580600
2025-01-31,166.28053283691406,169.4683768628855,164.76064376594363,169.14268312062265,1651800
2025-02-03,163.8131866455078,164.67183934927897,158.89820296911148,163.50723599342484,1392500
2025-02-04,162.5301513671875,164.51392113878163,161.46426365239725,164.25730571223627,1284300
2025-02-05,163.4776153564453,163.7934450742227,161.05960243562282,163.17166472959212,787300
2025-02-06,166.2509307861328,166.39898161511746,164.14874756277837,164.82972716158392,978400
2025-02-07,165.24424743652344,168.145869082249,164.8889615790946,166.34963643368914,725300
2025-02-10,160.29965209960938,165.5304651454261,159.31270681019453,165.39229340729162,1423400
2025-02-11,160.82273864746094,161.31621131287787,158.39486156698038,160.1516230510974,1607600
2025-02-12,158.9969024658203,160.3095265334786,158.1086426119541,159.36206742753043,1287700
2025-02-13,158.296142578125,160.32924731337442,156.65780990540577,159.64825270485926,1560400
2025-02-14,157.75332641601562,159.77656720672576,157.31906809298445,158.2961493198046,1699200
2025-02-18,158.81924438476562,159.92461836096712,157.72373444064058,158.08889940215192,1583300
2025-02-19,157.49671936035156,158.9376509421947,156.88481814556246,158.76000803193548,1351800
2025-02-20,153.0456085205078,156.57885929479903,149.76894303247926,156.49003783580284,2085600
2025-02-21,149.56167602539062,154.24966594617158,148.30826640526507,153.46012179665888,1668700
2025-02-24,149.69985961914062,151.1506704511902,148.40696365334188,150.80524862330586,1047200
2025-02-25,148.9695281982422,150.74603277647586,146.02843537736058,150.14399553217416,1554600
2025-02-26,149.4136505126953,151.00263307092328,148.67344152705354,149.689993995901,1073600
2025-02-27,149.7491912841797,151.37765990324814,148.84120350548181,150.3709715805139,1093400
2025-02-28,152.65081787109375,152.86794702781805,149.50246015818067,150.52889163716625,1213900
2025-03-03,148.4365692138672,153.96346899655398,147.67663216493028,153.21339597930535,1696200
2025-03-04,142.30764770507812,146.68968732324157,139.68236954686807,146.35411447008488,1528800
2025-03-05,143.8768768310547,144.39009257592346,140.5706042314198,142.0411580701677,984700
2025-03-06,141.9622039794922,143.38340757739599,139.60340538729037,141.23187411805085,1090600
2025-03-07,141.49835205078125,141.86353207606882,137.67887831027502,141.2318876453444,872100
2025-03-10,135.82339477539062,139.92909045707276,134.69827784007848,138.1328580085798,1543000
2025-03-11,137.87623596191406,138.7743596726088,135.1423936496137,136.0306533301514,1610300
2025-03-12,139.3862762451172,140.6693081078483,137.44199285873316,140.6298369232735,1413000
2025-03-13,137.9848175048828,140.2054443899943,136.95840103753972,140.0179223768283,1378700
2025-03-14,140.53114318847656,141.82403914516183,138.59672373951582,140.09688483914312,1451500
2025-03-17,142.58399963378906,143.6696455709081,139.48499175643903,140.37323657074273,1609600
2025-03-18,141.863525390625,142.8998059265594,140.422578600533,142.48529070026754,1509900
2025-03-19,144.508544921875,145.59419089518533,140.9062002042765,141.20228683877858,1302700
2025-03-20,139.87974548339844,143.14653183776224,139.09018627476806,142.66293830541298,1750700
2025-03-21,139.218505859375,140.23505834464729,137.49135153163792,138.05391759841865,5311200
2025-03-24,143.06761169433594,143.72886330464934,140.34363275440367,141.45888587456966,1295600
2025-03-25,143.80780029296875,144.42956556552215,142.8405830963932,143.54132085639472,988500
2025-03-26,142.65306091308594,146.058034099616,142.4556748734758,144.43944447946976,1314500
2025-03-27,140.77786254882812,142.19906604457756,139.8402676219233,140.61008367218946,1053900
2025-03-28,137.19525146484375,140.7087891455814,136.77087224311126,140.14622313397604,1282100
2025-03-31,137.09657287597656,137.2544877355583,133.3165706349318,135.3200683546567,2938500
2025-04-01,136.78952026367188,137.53240321561654,135.45232490457457,136.0367225327462,1690700
2025-04-02,140.54354858398438,141.04870354950262,134.65991319527586,134.65991319527586,1793400
2025-04-03,129.04371643066406,134.03589818974447,128.85551700327923,133.3623431398404,2127800
2025-04-04,122.47663879394531,126.30001036421976,117.44484306683852,122.59549523101325,3460800
2025-04-07,123.75439453125,125.6858871433193,116.45432882151346,118.90089116813192,2894600
2025-04-08,123.6751480102539,129.17248459145046,121.97146865330666,128.4890298929785,2524900
2025-04-09,134.98678588867188,135.6306117451409,121.64460664750632,121.64460664750632,3187400
2025-04-10,130.97520446777344,132.86708322646624,126.78534911563527,132.0647721073325,2280700
2025-04-11,134.04580688476562,134.80850431039337,128.43951302832028,129.54888010996578,2090200
2025-04-14,133.74864196777344,136.61121692998574,132.5105037468513,136.61121692998574,1082400
2025-04-15,134.91744995117188,136.83902774072808,134.14483780993808,134.65000786820602,1440700
2025-04-16,130.92568969726562,134.72926205767556,129.99462238746017,133.37225219758946,1509600
2025-04-17,132.19354248046875,134.37266263185518,132.0152427251236,132.61945475525266,2421800
2025-04-21,129.598388671875,131.87656581793996,128.24139413927566,131.10396884612524,1592600
2025-04-22,133.49111938476562,133.76846114695138,131.02474252033593,131.81715403257778,1303000
2025-04-23,134.04580688476562,138.32480499539318,133.23358090428022,136.31406960291426,2220700
2025-04-24,135.9574737548828,136.73007078103097,130.59882312254572,132.4708874726727,1750600
2025-04-25,136.06643676757812,136.93809093514375,134.382571764411,135.81880911670083,1139500
2025-04-28,136.27444458007812,136.8786566258902,134.7985784054902,136.32397313084797,1156700
2025-04-29,136.78952026367188,136.92819114347517,133.82788812088197,135.87823720897316,864700
2025-04-30,135.73956298828125,136.20510416916116,132.61946071250415,133.580257182491,1253200
2025-05-01,136.40322875976562,137.5918385213075,135.10564710777302,135.9674016539352,1019400
2025-05-02,140.41477966308594,140.87042119718663,138.06727433663485,138.67148641772894,780400
2025-05-05,140.78126525878906,141.79157510865633,139.09738528102804,139.28558469835363,781300
2025-05-06,139.78085327148438,141.06852009488063,138.46347233873223,138.89929942794257,921800
2025-05-07,141.8411102294922,142.26703763275177,140.02847407746336,140.315730605846,1029900
2025-05-08,144.15890502929688,146.28851187226155,142.97029534070776,143.5348936333331,1343700
2025-05-09,143.99050903320312,145.3673180474015,142.79199977135664,144.85226346058718,917500
2025-05-12,150.1416015625,150.97362685577122,148.25962231649024,148.3388649797531,1517400
2025-05-13,151.58773803710938,152.5485345438415,149.37890359513418,150.5576136465267,990800
2025-05-14,150.7458038330078,151.96412758413877,150.17130589724087,151.3698303193393,896800
2025-05-15,151.49859619140625,151.68679562730247,149.54728906236542,149.9534020436159,725200
2025-05-16,152.41978454589844,153.3013384249713,150.63686234271927,151.63727266400636,934300
2025-05-19,152.35044860839844,152.81598984731133,150.79535466602502,151.38965201864153,730100
2025-05-20,151.1717071533203,152.35041706250274,150.51798171220287,151.09246449991412,761400
2025-05-21,147.0511932373047,150.69626456699382,146.99174991245908,150.26043753540262,870500
2025-05-22,145.08009338378906,146.7441439897501,143.8518547598706,146.58567377536772,1170000
2025-05-23,143.9409942626953,144.90177555048635,141.59347408145928,142.18778643179544,639600
2025-05-27,146.6252899169922,146.7441463581955,144.2975838501401,145.3772519423781,1079500
2025-05-28,144.85227966308594,147.4375130064281,144.84236488385173,146.63518670208654,836700
2025-05-29,146.328125,146.6153815344865,144.09947617598448,145.21875797741197,1180300
2025-05-30,145.5852508544922,146.59557594767122,144.51549754065434,145.70412240980286,2849600
2025-06-02,144.0400390625,145.57533340257288,142.7226582475467,145.0800781389359,963900
2025-06-03,144.7036895751953,145.3574301969657,142.57409783596444,143.69337964772353,1061200
2025-06-04,144.02023315429688,145.70411324163786,143.92119116409523,145.03055818390305,1489900
2025-06-05,142.04913330078125,144.3372104414686,140.83079434187562,143.93109745516674,1328800
2025-06-06,145.357421875,145.80314859560036,143.7428848568788,144.18862669147057,1169600
2025-06-09,145.56544494628906,146.72434053875094,144.58483400774793,145.84278670616067,983600
2025-06-10,145.4862060546875,146.69463023144183,144.6442659742628,145.3178210614011,896600
2025-06-11,146.328125,147.28892147991718,145.4267718511433,145.68429916310347,877500
2025-06-12,147.19979858398438,147.4177121513266,143.9806387466038,144.6145650023282,866500
2025-06-13,144.23814392089844,146.50642158301974,143.95090250664308,145.54562512397143,917900
2025-06-16,147.09083557128906,148.31907425211392,145.9220402268536,146.06071111710855,773100
2025-06-17,146.16964721679688,147.89312587842275,145.70410605523347,146.59555949304055,963600
2025-06-18,146.93234252929688,148.36857991317996,145.8526895750807,145.91211779435972,937300
2025-06-20,147.5365447998047,148.3784848208912,146.9422475325598,147.84360065497995,2143100
2025-06-23,149.52749633789062,149.56711011425392,145.78335212684541,147.72475967649873,1225700
2025-06-24,149.44825744628906,151.6967058260394,149.11147232572404,151.28069315074646,1370100
2025-06-25,150.2901611328125,150.5477035481043,148.61619588938177,149.79490585908704,889800
2025-06-26,151.1618194580078,151.4490608746065,147.93276042448727,150.319879423646,1176800
2025-06-27,151.77593994140625,153.04379234151384,150.676472535095,151.69669727715043,1843900
2025-06-30,151.91461181640625,153.05370811927298,150.63685974267827,152.2018683654567,1138200
2025-07-01,153.67355346679688,154.3791228869721,150.75192501261182,151.44754722469708,919500
2025-07-02,157.19142150878906,157.40011575210488,153.52449549132683,154.2002384441079,1395700
2025-07-03,159.0000457763672,159.33791723441973,156.75417558860934,157.52929959869508,599900
2025-07-07,156.2970428466797,159.50685200575896,155.82004695797377,158.8410411376791,1062500
2025-07-08,156.59518432617188,157.88706283327366,155.81011304635348,156.63492766886134,843700
2025-07-09,157.66842651367188,159.0000482787844,157.11192877084434,158.29447889263975,1005100
2025-07-10,159.19879150390625,159.99379475899636,157.171547608681,158.0857960448356,745500
2025-07-11,157.4100341796875,158.34416184466357,156.82372516900693,158.34416184466357,1050900
2025-07-14,158.31434631347656,158.73171958940657,157.23116220474685,157.84728249348757,918000
2025-07-15,155.29336547851562,158.46343139946447,155.28341827080425,157.8075525544213,902600
2025-07-16,155.17410278320312,156.46598120175543,153.08723625793505,155.8399288258881,1340100
2025-07-17,158.48329162597656,158.73172919788485,154.56791306655376,154.65736211664452,939900
2025-07-18,159.6559295654297,160.03354437475255,158.65223204068567,158.69199054488377,1143700
2025-07-21,158.38392639160156,160.96766805275155,158.32430380022961,159.96398571666276,1125700
2025-07-22,159.6062469482422,159.92423918049647,157.8075612112719,158.38393824337422,983800
2025-07-23,159.86460876464844,161.4844266348825,159.47704674726177,160.72918185222366,2525700
2025-07-24,165.79730224609375,166.55256220525916,158.23486159048417,162.47817976653795,2196400
2025-07-25,167.4767303466797,167.62578682052478,164.59486065388649,165.90660311400023,1086800
2025-07-28,166.37367248535156,167.89410922286038,165.91655584140082,167.31773223244005,800000
2025-07-29,166.96994018554688,168.41087517876724,165.91656722723994,167.50655870949348,877300
2025-07-30,168.4009246826172,169.8120482234169,166.96992189098214,167.5462988578032,1217200
2025-07-31,166.0854949951172,169.0369346436857,165.55880854125124,167.1487999471654,885700
2025-08-01,162.0111083984375,163.0744284860847,159.1093593742431,163.0744284860847,960900
2025-08-04,165.43954467773438,165.63829170382317,162.8856143074698,162.9054783956804,681300
2025-08-05,165.57867431640625,166.56249259709205,163.7402453130212,165.43954987742885,797600
2025-08-06,165.71778869628906,166.98978782213655,165.22091356389782,166.02586401564918,561100
2025-08-07,161.97137451171875,166.9500582912123,161.33537489619405,166.9500582912123,793800
2025-08-08,163.88929748535156,164.52529707015077,162.47817388043538,163.17379605702416,659500
2025-08-11,163.88929748535156,164.94267037610405,163.59116936297744,164.15761431183088,1123000
2025-08-12,167.31773376464844,167.4966167042779,164.47560728981856,164.7041807773132,649500
2025-08-13,162.8160400390625,167.9437950538947,160.18260789796636,167.9437950538947,1719800
2025-08-14,163.640869140625,163.96880857739103,161.73287027860843,163.58124654547245,906400
2025-08-15,162.29930114746094,164.2371111385609,161.95148248807791,164.2371111385609,956200
2025-08-18,163.3328094482422,163.809805374325,161.2558748392342,161.64343687231906,816500
2025-08-19,163.15391540527344,164.64454084092685,162.43842914651177,162.99492688300754,1047900
2025-08-20,161.45460510253906,162.97504177923472,159.64597236044722,162.97504177923472,1149100
2025-08-21,161.01736450195312,162.47817869781494,160.29193100796087,161.07698709551048,754200
2025-08-22,164.23712158203125,165.1811813645541,160.96767449889654,161.71298724774513,677900
2025-08-25,164.8631591796875,165.23085708057366,163.91909948191565,164.4358538538196,677800
2025-08-26,166.91030883789062,166.98979551892228,164.11785772786652,164.63461213513048,965600
2025-08-27,166.90036010742188,167.86429911296935,166.22461718083358,166.5922999400992,590200
2025-08-28,167.65562438964844,167.9040619714719,166.67180610679398,167.34754905090898,661500
2025-08-29,168.38104248046875,168.66922337711543,167.12890747802223,167.86428811178567,843300
2025-09-02,167.26806640625,167.53636808342875,164.44580388440428,166.69168938289513,996100
2025-09-03,165.51904296875,167.35748703832638,164.44579085479157,166.74135155821966,702200
2025-09-04,170.02073669433594,170.17974038296717,166.15504859961902,166.54261061351616,888500
2025-09-05,164.46566772460938,170.11016191248402,162.18998630534227,169.93129414446042,1293500
2025-09-08,164.73399353027344,165.0420537009654,163.40235658746982,164.1079259811727,969100
2025-09-09,164.5550994873047,166.10534744389338,164.08803565891893,164.08803565891893,486000
2025-09-10,165.65817260742188,166.7612360511546,163.56135885990926,164.4756073197756,578000
2025-09-11,170.01080322265625,170.03068247442482,165.81717574163235,166.32398293603455,1472700
2025-09-12,169.20587158203125,170.37848968361118,168.301555149739,169.7921806328212,1188300
2025-09-15,167.2084197998047,170.9747419233823,167.1786085039179,169.2654901965506,1583500
2025-09-16,168.01336669921875,168.56986442848336,165.84698320923766,167.01961642169599,1173200
2025-09-17,169.0071258544922,170.7263096791541,167.39724000921026,167.95373776770705,1017400
2025-09-18,172.84298706054688,173.75725070501124,169.1363025873709,169.5338118161438,942000
2025-09-19,172.97216796875,174.17461245622562,170.87535431192438,173.09141314774985,3059700
2025-09-22,174.22430419921875,175.54597871135113,171.36229857615004,172.0082301847388,1050000
2025-09-23,174.71124267578125,176.5496868472811,173.50881327085892,173.84668474303325,907500
2025-09-24,170.8356170654297,175.9037344781858,170.4778663522471,174.98948602525834,1535100
2025-09-25,170.81573486328125,172.64423173755293,168.7884909658802,169.74248274227156,1308900
2025-09-26,174.5919952392578,175.21806278989942,171.58093299838623,172.077808155803,1593400
2025-09-29,175.32736206054688,176.0130522089867,174.055362861254,175.52612425572045,1002500
2025-09-30,171.52130126953125,176.20185651156794,170.23935494016027,175.3174193850128,1183000
2025-10-01,165.34213256835938,170.15589286032153,165.28233675972916,169.08949878896456,1181200
2025-10-02,165.9002685546875,166.66766840450188,163.3389031330923,164.544841080269,843900
2025-10-03,166.25906372070312,167.5247823100705,165.25245018150565,166.53812098508968,857200
2025-10-06,167.0762939453125,168.05299434399777,165.37203729168135,167.4649819249154,630800
2025-10-07,165.08302307128906,168.89018534827653,163.02995240149176,167.8935479196386,1320300
2025-10-08,164.59466552734375,166.4484117559592,163.92692027395543,165.00329052355283,618100
2025-10-09,163.5980224609375,166.32881440051213,163.19937358555248,165.31223999855663,707800
2025-10-10,159.7410430908203,164.58470151877296,158.87397340925125,164.305644260165,1358300
2025-10-13,159.33241271972656,162.90037635708615,158.53511498348402,162.20273323413417,1191400
2025-10-14,161.99343872070312,163.8970198328886,157.81754072670626,157.81754072670626,883000
2025-10-15,163.1395721435547,164.62455207946144,161.37551975553603,163.86711315938413,1116900
2025-10-16,159.64137268066406,164.68437073837893,158.57497856221534,163.77742704749227,1326200
2025-10-17,160.9469757080078,161.1064261308629,157.7876370434657,159.99019713347957,2950400
2025-10-20,164.42523193359375,165.72086357885496,161.60474630203794,162.3223264376448,1093000
2025-10-21,165.19264221191406,165.72085879545037,163.31895911108091,163.31895911108091,1031500
2025-10-22,165.48167419433594,166.94673245081557,164.7940071335733,165.2424909410204,1806400
2025-10-23,164.52490234375,172.41826865617563,159.25268202876848,171.9000129547217,2801500
2025-10-24,161.89378356933594,165.57137805124214,160.65794770429093,165.2225488741991,2012500
2025-10-27,161.17620849609375,163.82726774422855,160.72772468824672,163.82726774422855,1667600
2025-10-28,159.1530303955078,161.78415254893758,159.02346266584726,161.27587294466002,1081700
2025-10-29,157.71786499023438,159.69120273960087,156.4521312627082,157.26938121185282,1504500
2025-10-30,157.51853942871094,159.39220734392336,156.2229078057321,158.09659092842392,1002600
2025-10-31,158.13645935058594,158.86400041711553,156.52191157877277,157.42885529077068,1177300
2025-11-03,158.3457489013672,159.08325081627606,156.54183770979486,157.32917453428712,1176000
2025-11-04,157.628173828125,158.89389236866418,156.64149733372724,157.60823682215783,1133700
2025-11-05,159.0135040283203,159.6613122708778,157.06008798614104,157.50857178541008,748700
2025-11-06,160.28919982910156,161.2559393536281,158.6347780440891,159.26266449192065,1161700
2025-11-07,162.5615234375,162.65121715178208,159.06333171318278,160.19949771652782,908100
2025-11-10,161.38548278808594,164.05647886021274,159.50183875817288,162.9003758557477,1032300
2025-11-11,162.96017456054688,163.9468510537393,161.3655638571564,161.3655638571564,614800
2025-11-12,165.35211181640625,167.3752844867238,163.04988189552625,163.48838956963897,874300
2025-11-13,160.6280517578125,165.6810107957187,160.22940287131223,164.4950098282821,1134300
2025-11-14,158.1962432861328,160.43867733750628,157.95706005343965,159.05335202073474,1197400
2025-11-17,154.81765747070312,158.3656843511986,153.91071374353135,158.16635990316144,1087800
2025-11-18,155.2561798095703,156.47207870784757,152.75462529982573,153.96054809087548,1247100
2025-11-19,157.1896514892578,157.88729462574094,154.75785380710536,155.5950255708851,952700
2025-11-20,150.82113647460938,160.16959996133124,150.18328915998637,159.05335575513132,1850800
2025-11-21,152.47555541992188,154.12996188242903,150.6218093191191,151.33938943604142,1510500
2025-11-24,152.635009765625,153.38248780601978,150.83109852800231,152.1765650837048,2146700
2025-11-25,154.0203399658203,154.6482264058776,152.54532084451444,152.96390673539258,1053200
2025-11-26,155.2262725830078,156.28270577702128,154.0203346568825,154.38910083010805,769600
2025-11-28,156.01361083984375,157.1497768597897,155.26613279494563,155.67475777595175,659400
2025-12-01,155.30601501464844,156.85080609724136,154.63826975081395,155.08675355995885,1590300
2025-12-02,155.11663818359375,156.3923327884656,154.77778513081074,155.83421829976908,1194600
2025-12-03,158.25604248046875,158.36567320029192,155.11664082436462,155.11664082436462,881300
2025-12-04,162.05325317382812,162.7907551436681,159.6413771961665,159.6413771961665,1341400
2025-12-05,162.5814666748047,163.50833217287146,161.32569379680442,161.42536362148002,1122000
2025-12-08,163.6378936767578,164.9135883051668,161.9934328770653,162.3920969531178,1042400
2025-12-09,164.37539672851562,166.59790904807423,163.7973604273755,163.7973604273755,1181900
2025-12-10,166.37864685058594,167.1161487798864,164.22590645740064,164.65446843920566,1736100
2025-12-11,163.3588409423828,166.27898124371538,162.750891516144,164.8936558570375,1439000
2025-12-12,163.29904174804688,165.2424816088815,161.9934339983522,164.48502746287852,972100
2025-12-15,162.282470703125,164.1661147928535,161.35559000731703,164.0066491580401,1339000
2025-12-16,161.4154052734375,162.9103614223213,160.98684326953438,162.45190151203892,1301000
2025-12-17,160.4685821533203,163.43857255200385,160.29915562037203,161.5250305706423,1529800
2025-12-18,159.68124389648438,163.02994613631782,159.63140898547155,160.86724482418285,1605500
2025-12-19,162.46185302734375,163.18940926049368,160.17956012983856,160.17956012983856,4065200
2025-12-22,165.44180297851562,165.60126860708516,162.17283363023728,163.09969908227382,1357500
2025-12-23,165.21258544921875,167.05635550795813,164.355476680068,165.8404566678261,1272100
2025-12-24,165.2424774169922,166.02981424051822,164.14617023742,165.46173885290665,411100
2025-12-26,164.74417114257812,166.30888400854616,164.17608050470795,165.05312631441052,571900
2025-12-29,163.53822326660156,165.4816631069813,163.10967649480375,164.72422417643008,604700
2025-12-30,162.00341796875,163.38874339397208,162.00341796875,163.37876728684273,779500
2025-12-31,160.0500030517578,163.04989148291804,160.01014424539642,162.35223310800976,740600
2026-01-02,163.60000610351562,163.75999450683594,159.63999938964844,160.22999572753906,1428600
2026-01-05,167.3300018310547,169.63999938964844,163.41000366210938,163.41000366210938,1488600
2026-01-06,168.86000061035156,169.5500030517578,166.0800018310547,166.7899932861328,1049700
2026-01-07,165.14999389648438,168.97999572753906,164.64999389648438,167.22999572753906,1167700
2026-01-08,168.3800048828125,168.6300048828125,164.07000732421875,164.13999938964844,1340400
2026-01-09,167.7100067138672,170.1199951171875,167.25,168.99000549316406,839900
2026-01-12,170.88999938964844,171.02000427246094,165.3000030517578,165.72999572753906,1258100
2026-01-13,167.19000244140625,171.1999969482422,165.86000061035156,171.11000061035156,1135100
2026-01-14,172.27000427246094,172.60000610351562,166.1300048828125,167.0500030517578,1517800
2026-01-15,171.5500030517578,174.6999969482422,171.35000610351562,173.22000122070312,1206300
2026-01-16,171.77999877929688,173.02000427246094,170.89999389648438,171.02000427246094,1168300
2026-01-20,167.8300018310547,170.6300048828125,165.41000366210938,168.94000244140625,1084700
2026-01-21,170.05999755859375,171.67999267578125,168.0500030517578,168.32000732421875,1101000
2026-01-22,171.57000732421875,172.63999938964844,170.3699951171875,171.67999267578125,924600
2026-01-23,169.02999877929688,170.72000122070312,167.16000366210938,170.08999633789062,723100
2026-01-26,169.69000244140625,170.58999633789062,168.5,169.13999938964844,918400
2026-01-27,169.02000427246094,170.8000030517578,168.35000610351562,169.30999755859375,1333600
2026-01-28,168.30999755859375,171.1699981689453,167.19000244140625,171.1699981689453,1513700
2026-01-29,167.61000061035156,173.47000122070312,165.55999755859375,168.0,2155300
2026-01-30,165.86000061035156,167.86000061035156,163.6999969482422,166.27999877929688,1645200
2026-02-02,167.33999633789062,168.8300018310547,165.05999755859375,165.3800048828125,1338600
2026-02-03,166.1999969482422,169.72999572753906,163.4600067138672,167.16000366210938,1345800
2026-02-04,169.88999938964844,171.4499969482422,164.4499969482422,166.25,1511700
2026-02-05,167.44000244140625,170.42999267578125,167.05999755859375,169.27999877929688,1258200
2026-02-06,172.13999938964844,173.05999755859375,169.0,169.6699981689453,1067000
2026-02-09,173.6699981689453,174.00999450683594,170.47999572753906,171.6300048828125,972600
2026-02-10,158.47999572753906,174.13999938964844,157.19000244140625,173.02999877929688,4178300
2026-02-11,158.60000610351562,163.17999267578125,156.5399932861328,162.77999877929688,2791600
2026-02-12,157.41000366210938,159.97999572753906,152.02999877929688,158.4199981689453,3035600
2026-02-13,158.67999267578125,159.47000122070312,156.0,157.3000030517578,1271000
2026-02-17,158.02999877929688,160.0,157.42999267578125,158.0,1409500
2026-02-18,161.16000366210938,161.5800018310547,158.02000427246094,158.77999877929688,1338300
2026-02-19,158.02999877929688,159.69000244140625,156.38999938964844,159.69000244140625,1564600
2026-02-20,158.25999450683594,158.3300018310547,154.82000732421875,157.27999877929688,1399200
2026-02-23,153.1300048828125,157.88999938964844,152.30999755859375,156.91000366210938,1379700
2026-02-24,155.47999572753906,156.58999633789062,152.1999969482422,152.57000732421875,1128600
2026-02-25,158.33999633789062,160.1699981689453,155.64999389648438,156.50999450683594,1200800
2026-02-26,159.67999267578125,160.86000061035156,158.32000732421875,159.13999938964844,1363300
2026-02-27,153.0800018310547,157.7100067138672,151.44000244140625,157.14999389648438,1918100
2026-03-02,154.4199981689453,156.11000061035156,150.22999572753906,150.97999572753906,1207400
2026-03-03,153.75999450683594,154.6300048828125,150.1300048828125,150.69000244140625,980700
2026-03-04,156.1199951171875,156.83999633789062,153.86000061035156,154.6999969482422,1054000
2026-03-05,156.3000030517578,157.0,152.63999938964844,155.19000244140625,1632600
2026-03-06,152.0500030517578,154.27999877929688,150.47999572753906,153.1699981689453,1284600
2026-03-09,151.19000244140625,152.22999572753906,147.1699981689453,149.72999572753906,996685
