Price,Close,High,Low,Open,Volume
Ticker,TGT,TGT,TGT,TGT,TGT
Date,,,,,
2018-01-02,53.56400680541992,53.96001456071163,52.233420505935854,52.233420505935854,8509000
2018-01-03,53.19967269897461,54.522336960068074,53.144231862958655,54.356014452020204,6057500
2018-01-04,52.15419006347656,53.714460685657514,51.52849744611188,53.24717470454704,7124500
2018-01-05,52.7086181640625,52.85909695505054,52.233404172235694,52.573970976993216,5549700
2018-01-08,53.20759582519531,54.1104929149518,52.4710212474889,53.223433474753286,8337200
2018-01-09,54.75994110107422,55.45691243737264,54.25305175783944,55.06090476030811,18160800
2018-01-10,56.019256591796875,56.835031555294215,54.88667423325049,54.973796417953935,10985200
2018-01-11,58.609130859375,58.65664984265695,55.837077372782936,56.153884694055726,12186000
2018-01-12,60.82678985595703,60.98519053120651,58.96554868748433,59.03683322116549,14846000
2018-01-16,59.36946487426758,61.444547090562686,59.11602022547251,60.89013276703799,10167900
2018-01-17,60.84262466430664,61.183191538522735,59.2665156615848,59.39323498734527,7083700
2018-01-18,61.69800567626953,61.705927522814264,60.39910080246162,60.8743088709721,7668600
2018-01-19,61.85638427734375,61.91182509817524,60.898046635772914,61.91182509817524,7808100
2018-01-22,62.236572265625,62.28409125651544,61.43663501091369,61.86432405672178,5621600
2018-01-23,61.872230529785156,62.3315947603199,61.65046119466913,62.236556802152414,5372700
2018-01-24,60.89806365966797,62.00688642886263,60.48621831016033,62.00688642886263,9765100
2018-01-25,60.43077087402344,61.428705818973306,60.003081879360366,61.420790016503524,6347700
2018-01-26,60.945579528808594,61.00102036229909,60.05060434743409,60.68421905240919,4981200
2018-01-29,60.82678985595703,61.09607221240083,60.494138769775645,60.723823978706285,3489400
2018-01-30,59.4803581237793,60.74758161474937,59.25859476818431,60.50205876285467,5626300
2018-01-31,59.575401306152344,59.99516851508575,59.08434956673314,59.71004247833888,8706300
2018-02-01,59.377403259277344,59.915974043316545,58.72795078816525,59.10811484595837,4649100
2018-02-02,57.777530670166016,58.99723531514488,57.595370481573774,58.83091277845671,6807800
2018-02-05,56.05092239379883,58.7437757314499,55.845002758123634,57.38150839342657,6518200
2018-02-06,57.587425231933594,57.864629347096944,54.16591976418297,55.076738464802425,8051600
2018-02-07,58.01511764526367,58.727932585943286,57.294380860077375,57.444865692719986,6521900
2018-02-08,56.32020950317383,58.52201111088996,56.28852816547896,58.22104746668469,5705500
2018-02-09,57.38148498535156,57.793336173887184,54.57775717095855,56.87459586299616,7733200
2018-02-12,56.9300537109375,57.999279127186156,56.652849583338394,57.92007276850345,4624500
2018-02-13,58.51408767700195,58.569528505813274,56.771656449277124,56.9142194437344,4417500
2018-02-14,59.6783561706543,60.68421906176248,58.65665563108824,58.838821822640895,7388700
2018-02-15,60.22483825683594,60.359479394466426,59.49618570220397,59.971393627285835,3428600
2018-02-16,59.9555778503418,60.83471564018031,59.646692253111986,60.304066644180324,4279000
2018-02-20,58.1827507019043,58.96533163282232,57.24045502513952,58.16677618107232,7086000
2018-02-21,58.26261520385742,59.636131795544415,58.23067224910939,58.470241363471786,8645200
2018-02-22,59.9156379699707,60.658295073841664,58.669892928315015,58.68586136288884,6987100
2018-02-23,60.21908950805664,60.92980360837016,59.32470491224232,60.30692503177825,5475600
2018-02-26,61.408931732177734,61.48079881748347,60.03541501637019,60.889869332483556,5779300
2018-02-27,60.34685516357422,62.63072499680965,60.10728601197742,62.079719603634985,6234300
2018-02-28,60.21908950805664,61.23325258735344,60.21908950805664,60.73814584980498,5520500
2018-03-01,59.196937561035156,60.33089139477492,58.29457172624295,60.298948432592404,7084400
2018-03-02,60.0114631652832,60.27498801327665,58.534136311905606,58.79765506740245,4956200
2018-03-05,60.00348663330078,60.4906061936794,59.05320321346418,59.70801877278496,7654800
2018-03-06,57.32831573486328,59.60419831300313,55.850988874842436,59.292762070336444,20019700
2018-03-07,57.04083251953125,57.60780632176279,56.3620614093947,56.7453647243558,7684600
2018-03-08,55.69926452636719,57.16062303635502,55.22013228657525,57.04083845328279,8753900
2018-03-09,56.290184020996094,56.553708838137304,55.363862668691084,56.20234241528236,6813000
2018-03-12,56.43394088745117,56.68947851769903,55.747182363816755,55.93884015587591,3665100
2018-03-13,56.83320617675781,57.57586320146413,56.601624298892794,56.69745317361166,4485800
2018-03-14,56.4179573059082,57.27241159884711,56.202343870846434,57.0488169939653,4683700
2018-03-15,56.40198516845703,57.096730799455365,56.12249190052539,56.92104757604225,6528600
2018-03-16,56.6894645690918,57.04083100891449,56.226306916821,56.33810422176528,7297000
2018-03-19,56.17039489746094,56.95298202321751,55.98673053133644,56.633558582245534,3214900
2018-03-20,57.14463806152344,57.31233401016591,56.30615831831109,56.37802539951678,5015000
2018-03-21,56.01069641113281,57.09673265248184,56.01069641113281,56.84119507172304,3792600
2018-03-22,55.01249694824219,56.282203570000576,54.948611035544516,55.77910962312636,6614000
2018-03-23,54.2059440612793,55.850972501235745,54.11810247063865,55.67528931995444,5261000
2018-03-26,56.12247848510742,56.4019716862295,54.82083523845611,54.83680366745101,4893900
2018-03-27,54.709049224853516,56.61759673877191,54.485454617908516,56.52975512997264,6896500
2018-03-28,55.244075775146484,57.31233182193168,54.892709367122954,54.892709367122954,8052400
2018-03-29,55.443721771240234,55.79508822425429,54.98854527187948,55.2840130703228,7594300
2018-04-02,55.08437728881836,55.4037947088663,53.85460072564417,55.12430142007597,5903000
2018-04-03,55.52356719970703,55.85097790422202,55.10832098854909,55.41176990853007,3484200
2018-04-04,57.38420867919922,57.44010733020333,54.98055450103041,55.004510195389884,5200200
2018-04-05,57.84735870361328,57.95915597912871,56.489810784148766,57.46404940720712,4525100
2018-04-06,57.72757339477539,58.6299388472092,57.11268229517891,57.31232115485409,6360100
2018-04-09,57.08076095581055,58.070968263078086,57.02486230360583,57.8553548242198,3093300
2018-04-10,58.12687301635742,58.302556253868225,57.36026023744402,58.18277167442933,4653900
2018-04-11,58.15081787109375,58.701823178275546,57.60779982571774,57.879311894653576,3545700
2018-04-12,57.83937072753906,58.76569186927561,57.58383323059507,58.39835709819952,3020200
2018-04-13,57.112701416015625,58.1268705744975,56.80925244101528,58.11888331153797,3824400
2018-04-16,57.49602508544922,57.8394043678539,57.07279143114768,57.448113680810714,4837600
2018-04-17,57.855342864990234,58.24663944203479,57.80743148514596,58.14282332904567,3066500
2018-04-18,57.91926193237305,58.661919207696734,57.8314202906951,58.07897677746858,3211100
2018-04-19,56.68150329589844,57.743578065687274,56.042656106966746,57.743578065687274,5816500
2018-04-20,56.15443801879883,57.20853132610149,55.994729311706195,56.80126620276964,4110000
2018-04-23,56.65752410888672,56.76134024840813,55.70724697497524,56.497815406925795,3346000
2018-04-24,56.32211685180664,57.464051428301644,56.05859208203976,56.67348321149581,3946100
2018-04-25,56.80925369262695,57.23248725135875,55.81904630120759,56.098539585983616,2590900
2018-04-26,57.400169372558594,57.60779551650848,56.7693097719958,56.95298022481594,3112700
2018-04-27,58.17477798461914,58.358448465135105,57.00888746470216,57.10471633616651,3711800
2018-04-30,57.97514724731445,58.84557619816408,57.887305625875584,58.13486205561102,4810200
2018-05-01,56.75333786010742,57.73556378363169,56.75333786010742,57.39218468268359,5619600
2018-05-02,57.056800842285156,57.112699496129736,55.45170831367803,56.386016996150175,4603400
2018-05-03,56.817230224609375,57.20053348776526,56.35406653017512,57.04082481019957,3217300
2018-05-04,56.73738098144531,57.008886976190226,55.84299646626382,56.41795750513077,2609500
2018-05-07,55.36386489868164,56.649539987736276,55.020485724105015,56.6335654628744,5927700
2018-05-08,55.43574523925781,55.906896355409856,55.13229621177686,55.34790360900061,3852300
2018-05-09,55.8430061340332,55.99473368236192,54.565318100072545,54.84481140554877,4122900
2018-05-10,56.09055709838867,56.298183310112414,55.23610264504146,55.69926646638781,3574200
2018-05-11,56.098541259765625,56.16242718176247,55.33991573666789,55.85099092764892,3032200
2018-05-14,58.21470260620117,58.39836697655966,56.370035085998424,56.409965301726196,7312700
2018-05-15,58.8590202331543,59.15701625864773,58.158315416775764,58.25496626395876,5000000
2018-05-16,60.59065246582031,60.96113822174458,59.551678736383366,59.58389569056231,8596200
2018-05-17,61.07389450073242,61.51686379507766,60.48594584017622,60.55037974854649,5476000
2018-05-18,61.16250228881836,61.653800188836136,60.88866119376004,61.36385368571886,4317600
2018-05-21,61.91151809692383,62.169247590734734,61.45243724404953,61.71821636799877,5073900
2018-05-22,60.78395080566406,62.52362339701618,60.55843826092915,62.01622017136265,7550100
2018-05-23,57.320701599121094,58.7623780215025,57.07102788815053,57.562325680209504,17346600
2018-05-24,57.135467529296875,57.61065381976531,56.442818315075286,57.38514126532224,8246300
2018-05-25,57.35292053222656,57.9569746110385,57.12740799263104,57.32875935223502,5984000
2018-05-29,57.74757766723633,57.79590618050379,56.942172086690455,57.18379621875699,6711000
2018-05-30,59.17313766479492,59.640274286880086,57.675083080008534,57.98919070474545,7652200
2018-05-31,58.70601272583008,59.277849955043976,58.28720452441883,58.91541989891419,6418900
2018-06-01,58.633544921875,59.31008284697514,58.45635466203678,58.738245464161835,4017300
2018-06-04,61.49271011352539,61.871251690412215,58.987898459206136,58.9959542349236,7619000
2018-06-05,63.22433090209961,63.49816581894418,61.025571212894356,61.46854668985615,8824700
2018-06-06,62.741085052490234,63.457895403052895,62.531677917399925,63.30486640301507,4396700
2018-06-07,63.10352325439453,63.91698457579659,62.88606646082514,63.38541396633881,5668000
2018-06-08,62.83772277832031,63.57870037121879,62.70886111743918,62.9746463579977,4815200
2018-06-11,63.675350189208984,63.916974271784404,62.724971553037705,63.03907917353234,4291400
2018-06-12,63.68342590332031,64.10223414685774,63.11158861658766,64.01364517658207,4251900
2018-06-13,62.83772277832031,64.03778117547661,62.821617374993366,63.97334727265845,3502700
2018-06-14,62.19340515136719,63.48205254542995,62.032320386637174,62.99881054075085,4246800
2018-06-15,62.21756362915039,62.338375661264834,61.48464180714328,62.24172480662224,6780000
2018-06-18,62.112892150878906,62.75721304845109,61.36386457569216,61.47662088638624,3341000
2018-06-19,61.669891357421875,61.98399897247918,61.14637661740784,61.7182137151982,3926700
2018-06-20,60.71952438354492,62.209523433396896,60.00271393018765,62.14509565892323,5147600
2018-06-21,61.32355880737305,62.20145377616613,60.59869281129498,60.71950483476712,4261000
2018-06-22,61.243045806884766,61.91153396505233,60.87255994862209,61.798777666657486,3254500
2018-06-25,61.88733673095703,62.1370165379811,61.2832827908174,61.30745011001672,6191500
2018-06-26,61.476593017578125,62.08064704164635,61.40410333941719,61.73432248872369,3575900
2018-06-27,61.91151809692383,63.224326745905046,61.50075960390287,61.50075960390287,4328100
2018-06-28,60.88866424560547,62.104828464372716,60.40542209777473,61.80682616991106,4670700
2018-06-29,61.307472229003906,61.99206571253757,61.243038310734306,61.4766066558941,3438400
2018-07-02,61.025569915771484,61.3316279278056,60.22822021894448,61.009464510022575,3518800
2018-07-03,61.718204498291016,62.418909305183455,61.178584434522804,61.19469598121255,1993300
2018-07-05,61.65378952026367,61.919568648166596,60.880594882573206,61.79876274673614,2772100
2018-07-06,61.84708786010742,62.120922775212684,60.76784131616292,61.371895429225205,2380600
2018-07-09,62.62833023071289,63.031032960330826,62.09675967813433,62.13703240899853,3397100
2018-07-10,63.0632438659668,63.20821708051118,62.62026844798244,62.845780971772506,3831400
2018-07-11,62.48335266113281,62.990755853086625,61.983999098987766,62.73302636982754,3001100
2018-07-12,61.61353302001953,62.96661477526908,61.19472478030879,62.96661477526908,3472600
2018-07-13,62.59612274169922,63.11963759832752,61.98401277957581,61.98401277957581,2958900
2018-07-16,62.18533706665039,62.59609545445331,61.36382643579879,62.41890532070483,3405600
2018-07-17,62.23367691040039,62.9746546002799,61.91151964365519,62.04038132140207,3179100
2018-07-18,61.89540100097656,62.668589413127464,61.71016120829998,62.35448181271476,4161000
2018-07-19,63.1921272277832,63.49817916589683,62.04845266746869,62.08871926353869,5180200
2018-07-20,62.62833023071289,63.33708482272829,62.52362358836839,63.0471383658229,2896300
2018-07-23,63.37736892700195,63.57066455137482,62.724986209513226,62.78136435598686,3415900
2018-07-24,63.91697311401367,64.48075443680327,63.50621463897807,63.58675395012579,5504400
2018-07-25,64.42439270019531,64.57742173164996,63.755910717264065,64.11028500545154,3655700
2018-07-26,64.31968688964844,65.47141705716719,64.06195736274422,64.40022621466414,4409300
2018-07-27,64.53713989257812,65.23784488306403,64.15860447275314,64.79486940435059,3361600
2018-07-30,65.4069595336914,65.47139342835224,64.58544888340622,64.58544888340622,3781800
2018-07-31,64.9801025390625,65.47140028397577,64.8592905101116,65.25393740291315,3959500
2018-08-01,63.58674240112305,65.16534210773037,63.09544470417214,64.91566230033854,4204800
2018-08-02,65.04454040527344,65.18951361990037,63.473996222689046,63.57064708069214,4180100
2018-08-03,65.60026550292969,66.00296819145535,65.24589131546075,65.27005249361143,3142400
2018-08-06,65.7291488647461,65.86606633649922,65.30228489707055,65.39088000108889,2467200
2018-08-07,66.23655700683594,66.68758833613818,65.88218270958944,66.01104441456346,2910700
2018-08-08,66.35736083984375,66.4540117151406,65.78552365337292,66.23654878191182,2674100
2018-08-09,66.5426025390625,66.89697676953487,66.22849489547583,66.45400744525537,3025200
2018-08-10,66.61508178710938,66.98556754425279,66.22849062520136,66.2848687590111,2343300
2018-08-13,66.0915756225586,67.00168780130849,65.76136255154584,66.84060300894913,3895600
2018-08-14,67.1143798828125,67.2848438194153,66.57051786702378,66.6435711856856,4680400
2018-08-15,65.49900817871094,66.6516723114087,64.42751644254486,66.57049991487702,6191700
2018-08-16,66.61919403076172,66.89518757714926,65.83992797110959,66.63542603087575,6603600
2018-08-17,67.40660095214844,68.2995098800816,66.84650077499174,66.92767318788418,7431500
2018-08-20,67.63388061523438,67.75564232107398,66.99260807799958,67.53647001195117,5699300
2018-08-21,67.5932846069336,67.95856968819767,66.9195481285307,67.68257610281657,8030000
2018-08-22,69.76063537597656,72.1552555251542,68.575500853196,71.4733998516604,19633800
2018-08-23,70.38567352294922,70.7753097809099,69.68757961418592,70.01227546364345,7409600
2018-08-24,70.87268829345703,71.2136222169428,69.92295839023572,70.1664817365747,4505200
2018-08-27,70.2963638305664,71.09998105053464,69.9879062595323,70.92951716709027,3940300
2018-08-28,70.3775405883789,71.13245565791213,70.17460649649423,70.58859377799492,3953800
2018-08-29,71.13245391845703,71.22986450968014,69.97978979107278,70.55612185476491,3307100
2018-08-30,70.87268829345703,71.2136222169428,70.43434998588043,70.62917114017401,2940500
2018-08-31,71.02691650390625,71.09996978821499,70.45870364909726,70.45870364909726,3469400
2018-09-04,72.20394897460938,72.22830626832942,70.95388039149435,70.95388039149435,3562700
2018-09-05,71.91983032226562,72.58545379779302,71.55455148794861,72.18770477039467,7113900
2018-09-06,72.14710235595703,73.21859376049409,72.0821681746631,72.40685766029769,4504900
2018-09-07,72.03347778320312,73.04814816179872,71.60325853356763,72.22829895489417,4614900
2018-09-10,72.4555892944336,73.37284915257848,72.17959571138962,72.56923188949378,4156000
2018-09-11,72.08218383789062,72.91827121188324,72.02536254625198,72.56110526840821,3070200
2018-09-12,71.9604263305664,72.40687759274228,71.6519625640215,72.19583060759297,2920500
2018-09-13,71.49775695800781,72.19585088789435,71.39222724273247,71.94420834559489,3756500
2018-09-14,71.38410186767578,71.85490427868953,71.05940606510754,71.53021466917862,3433300
2018-09-17,70.84835052490234,71.60326560889509,70.7347079267148,71.57891450829163,2857300
2018-09-18,71.17304229736328,71.40844657833114,70.33695486089002,70.58859114365781,5014100
2018-09-19,70.75093841552734,71.38409173447576,70.11777890352249,71.17303856380747,3218500
2018-09-20,70.92951965332031,71.140572837245,70.39377688558145,70.92140674886474,3242100
2018-09-21,70.87268829345703,71.96853715892651,70.66975423585986,71.0512712550315,6707500
2018-09-24,70.81587219238281,71.86301274945497,70.65352741163555,70.79152109457637,3475700
2018-09-25,70.87268829345703,71.42466917784357,70.5074094670045,70.96197977424426,2949600
2018-09-26,71.3434829711914,71.73311901123374,70.83209147462466,70.98631711724049,3880100
2018-09-27,71.0350341796875,71.62759811741931,70.9295045137216,71.30290240985319,3075800
2018-09-28,71.6032485961914,71.6681889777424,71.01068464544154,71.15679740740347,3924000
2018-10-01,71.81432342529297,72.07407883687901,71.60327021804883,71.70068081979018,3154800
2018-10-02,70.31261444091797,72.56112171165054,70.15026343297663,71.7250341481902,4258800
2018-10-03,69.78498077392578,70.41813418841951,69.52522536815765,70.40190218502161,4270700
2018-10-04,68.86771392822266,70.2314313422992,68.52678612296785,69.67945033676686,5473200
2018-10-05,68.60794830322266,69.1842865173101,68.03161628219162,68.87582276446503,5075200
2018-10-08,69.32228088378906,69.45215547069746,68.32384251524272,68.50242549116616,3732000
2018-10-09,69.5333251953125,70.45870395896,69.39532533591859,69.39532533591859,3330900
2018-10-10,69.15994262695312,70.4668387986621,69.05441911861885,69.54145974693814,4952600
2018-10-11,67.2117919921875,69.91487012465167,67.13061337890606,69.33853789009378,5091000
2018-10-12,68.68102264404297,69.6145208152971,67.99916079459229,68.25891621508357,5128900
2018-10-15,68.67289733886719,69.24922943246168,68.44561214061102,68.64042714010814,3345500
2018-10-16,69.65511322021484,69.86616646286602,68.63232959910383,69.11125120363158,2691700
2018-10-17,68.52677154541016,69.76872699539501,67.81244588734891,69.45215035885205,4191800
2018-10-18,67.66633605957031,68.65665530127785,66.56237423534448,67.85303193382623,4242600
2018-10-19,66.57861328125,67.99915190610785,66.49744088415522,67.96668790171547,5464400
2018-10-22,67.56082916259766,68.00728050552435,66.96825881420533,66.96825881420533,3420200
2018-10-23,67.1062240600586,67.33350918448355,65.80744749687663,65.97791134019535,4517500
2018-10-24,66.78154754638672,68.42937755772925,66.65167294930443,67.04130293360824,5098800
2018-10-25,68.04786682128906,68.6566691474398,67.09001758042294,67.52023690001359,5311600
2018-10-26,66.51367950439453,68.39690761708805,66.40814981374581,67.95856923830719,6128800
2018-10-29,68.26702117919922,69.41968523190599,66.97636344265919,67.19552951739104,5353000
2018-10-30,69.62261962890625,70.19083875394728,68.63230654645555,68.83524062117239,5767600
2018-10-31,67.88551330566406,70.19084791574497,67.79622180568919,70.19084791574497,6674200
2018-11-01,68.37256622314453,68.49432174032036,67.35789562629365,67.78811496846917,4388600
2018-11-02,68.5186538696289,69.54143699658047,67.74750078343526,68.80276029378211,3637600
2018-11-05,69.28170013427734,69.4196938352124,68.27514873766691,68.64042763850846,3670700
2018-11-06,69.47650146484375,69.54144185005558,68.94075876948621,69.35474598389158,3837700
2018-11-07,70.42625427246094,71.15681829674052,69.61451784394083,71.03505659385102,6778300
2018-11-08,71.10810089111328,71.31915406984642,70.45059644908918,70.62106033431554,4477900
2018-11-09,70.57234954833984,71.37596667891377,70.3531772989659,70.97821766178913,3490000
2018-11-12,69.37911224365234,70.85647226830666,69.19241014362655,70.75906166919877,4720800
2018-11-13,68.44561004638672,69.7930953849011,68.13715245719936,69.50086979806802,4328400
2018-11-14,67.4796371459961,69.48462682036254,67.05753699020889,68.6079501202008,5625500
2018-11-15,65.55582427978516,67.25235014714501,64.9957242599121,67.25235014714501,7119000
2018-11-16,64.67916107177734,65.06879729566282,63.48590749038409,64.49245896192318,8260900
2018-11-19,63.14497756958008,65.26361014520128,62.95827546592191,64.88209303259447,9144000
2018-11-20,56.49899673461914,58.520619121564124,54.117251706986025,55.64778697988273,20866400
2018-11-21,56.6872444152832,57.497528116455,55.72144938717972,57.292910578674025,11724700
2018-11-23,55.12397384643555,56.77728736102472,55.00938850317882,56.62996245620423,5652600
2018-11-26,56.67905807495117,56.752717391367575,55.71326304497979,55.71326304497979,10028800
2018-11-27,58.42240905761719,58.921676451209706,56.21254169653418,56.548111279847944,13392500
2018-11-28,58.83161926269531,58.83980571084514,57.14557312079029,58.43057072537846,8457200
2018-11-29,58.250511169433594,58.55334733181954,57.096471661696874,58.47968178121503,6718400
2018-11-30,58.07863998413086,58.65975303018744,57.571186252838615,58.062273328993754,7100400
2018-12-03,59.20812225341797,59.45366577379511,57.95586403724302,59.28178780730356,7747600
2018-12-04,56.72816467285156,59.322719820398525,56.065205842854944,58.978957608148654,9762000
2018-12-06,56.91641616821289,56.96552238001963,55.123964504085166,56.22889798075948,6304400
2018-12-07,55.50045394897461,57.18650655459224,55.10759180871325,56.61357375376699,5471500
2018-12-10,55.917884826660156,56.0897628224403,54.48556195072682,55.459543504579784,5750900
2018-12-11,54.65744400024414,56.318937660444405,54.0763308539555,56.261644990935174,5756500
2018-12-12,55.48408126831055,55.91786936309545,55.042106725200334,55.53318746940153,5451300
2018-12-13,54.575584411621094,56.204338099324204,53.98628496325406,55.18125051380674,5866800
2018-12-14,54.97663497924805,55.59048755269502,54.035393117743084,54.18271798514761,6471700
2018-12-17,52.64399337768555,54.60013629805701,52.185649025588184,54.59194984911457,8576400
2018-12-18,53.45427703857422,53.83895896169622,52.8486109492071,52.97138270575703,7074300
2018-12-19,51.42448425292969,53.97810728487625,51.12983448086938,53.88807506316716,6705300
2018-12-20,50.49959945678711,51.83370642657822,49.71386900872736,51.27714657864875,8216200
2018-12-21,50.033077239990234,51.98103379700943,49.771167062202515,50.556897595565665,8825100
2018-12-24,50.376834869384766,51.32626007630508,49.23097858363443,49.68931984904828,3623400
2018-12-26,53.29058837890625,53.38880703829027,50.73696255701885,51.07253517104182,6157300
2018-12-27,52.963199615478516,53.110524483794876,50.876101477284244,52.68492277778723,5706000
2018-12-28,53.167816162109375,53.92080714433452,52.73402801461948,53.3478805805613,4193200
2018-12-31,54.092689514160156,54.16635507517044,53.38062447617379,53.4706566927243,4178500
2019-01-02,54.3791618347168,54.71473136806012,53.00413165529897,53.249668967504135,4549300
2019-01-03,53.63434600830078,54.53466189214989,53.536133590256696,54.125426831815616,4562200
2019-01-04,54.3709716796875,54.73928074511611,53.56886819449929,54.215460354784405,4825900
2019-01-07,57.0309944152832,57.194685930614995,54.68198307924265,54.68198307924265,7630600
2019-01-08,56.973697662353516,57.685768816132686,55.90968415593829,57.44022531636592,6756000
2019-01-09,57.53025436401367,58.095000635870996,56.294362973260355,56.78544370145226,6025100
2019-01-10,55.89332580566406,55.92606536012475,54.45281663155118,55.615042714963934,13913700
2019-01-11,56.973697662353516,57.32564001498958,55.70506665427617,55.90150395186183,5025900
2019-01-14,56.34348678588867,57.170143454158975,56.17160878951345,56.59721679957492,4568000
2019-01-15,55.82784652709961,56.27800759402684,55.49227702265236,56.27800759402684,3770000
2019-01-16,55.533199310302734,56.1716050383295,55.32858176955406,55.7050772951998,4888700
2019-01-17,56.777278900146484,57.01463600278845,54.97664074906563,55.25492385867178,4133200
2019-01-18,57.849464416503906,58.01315593165375,57.15376611047051,57.268351419961604,4484100
2019-01-22,57.5220947265625,58.14413393589608,57.01464711016653,57.6039405120038,5763900
2019-01-23,57.554832458496094,58.47970166898073,56.74454859287034,57.98043427591007,4446600
2019-01-24,57.79217529296875,58.02953237554071,57.14558315308611,57.743069084309525,4057000
2019-01-25,59.249053955078125,59.28997996055535,58.06227472941916,58.152306945923684,5544200
2019-01-28,59.0280647277832,59.10991048732706,58.283253953742324,58.94621272380815,3511100
2019-01-29,58.68431091308594,59.08536580756128,58.35692782823629,59.02807314326938,3320600
2019-01-30,59.199951171875,59.46186138657204,58.365108069481145,59.17539806493967,3789300
2019-01-31,59.7483024597168,59.8055951027092,58.98712520600075,59.18355623277044,6699400
2019-02-01,58.250511169433594,59.83015859427655,57.66939819115045,59.83015859427655,5916200
2019-02-04,59.28999710083008,59.38820955127712,57.95588636754479,58.283275772713175,3622300
2019-02-05,59.56005096435547,59.78922777817074,59.134449370415034,59.510944769324176,3526200
2019-02-06,59.347267150878906,59.535511772085464,58.82344680010157,59.44547956388019,3399300
2019-02-07,58.81526184082031,59.371821758174256,58.50424545105214,58.96258670848552,3711600
2019-02-08,58.013153076171875,59.077166605566866,57.89856777232081,58.68429824634127,4146200
2019-02-11,57.41567611694336,57.939496457240004,56.53172695103114,57.931310008176645,6661000
2019-02-12,57.62849044799805,58.25870976176046,57.5057186676871,57.86584131365184,4505500
2019-02-13,59.3963737487793,59.55188506296428,57.26835277916964,57.79217313339875,7186900
2019-02-14,59.077186584472656,59.74014553015971,58.20142361205374,58.708877446742704,4624800
2019-02-15,59.61735153198242,60.05932607930731,59.109904130722015,59.388180932131846,3835800
2019-02-19,60.52565002441406,60.864194026519684,59.468716645205895,60.220129481230956,6868000
2019-02-20,60.038482666015625,60.79814839032431,59.85682210155404,60.63300585887764,5005600
2019-02-21,59.476993560791016,60.25317737450943,59.187990959869545,60.079775813956545,3985000
2019-02-22,59.65864181518555,59.98067411823298,59.28706801929479,59.62561205336236,3144800
2019-02-25,60.36053466796875,60.76513841161673,59.95593092432076,60.13759154793825,7782000
2019-02-26,59.69169235229492,60.45961725755204,59.21277008884745,60.21189710755228,5370900
2019-02-27,60.29446029663086,60.67429948891439,59.699943356056515,59.70819607343953,5164400
2019-02-28,59.98067855834961,60.377029429785125,59.675157963705914,60.377029429785125,5375600
2019-03-01,60.2284049987793,61.48350467455638,59.4191914382372,60.765121400395046,6833800
2019-03-04,60.00545883178711,61.07890429166035,59.823798249366924,60.6495235877973,7383800
2019-03-05,62.75511932373047,63.217523450185055,61.20275811364454,63.15972293437823,17015100
2019-03-06,63.4982795715332,63.94417200875897,62.86246753520255,63.432220032732864,7874200
2019-03-07,62.89549255371094,63.57258702580834,62.358769866122834,63.02761162133184,5617900
2019-03-08,62.59821701049805,62.71381801902963,61.7559801912276,62.65601751476384,4581900
2019-03-11,62.97807312011719,63.002850173792474,62.29272582993636,62.606499212190414,3435900
2019-03-12,62.903743743896484,63.167975546478665,62.565193400078286,63.118434052176724,3646200
2019-03-13,63.679962158203125,63.886393563449104,62.90377805854654,62.969837620174026,3796600
2019-03-14,63.15973663330078,63.415715801494365,62.79642172647893,63.30011474480763,3779500
2019-03-15,63.300106048583984,63.48176032714653,62.812924833946305,63.35790656898667,5274100
2019-03-18,64.30747985839844,64.4148281721863,63.514784378608894,63.514784378608894,3923500
2019-03-19,64.78641510009766,65.04238796200718,64.41484118443641,64.67907306440962,4192300
2019-03-20,64.0267333984375,64.77814006199613,63.91113237327464,64.76162832973716,4325300
2019-03-21,65.63690948486328,66.0002306723817,64.57172297582639,64.57172297582639,5322000
2019-03-22,64.67080688476562,65.71947527046629,64.61300636429054,65.35616041310185,3174500
2019-03-25,64.8442153930664,65.46350945012453,64.44787072442877,64.66255479503045,2911400
2019-03-26,65.75250244140625,66.0827938166931,65.27358656201352,65.36441684771201,3493600
2019-03-27,65.90938568115234,66.58648009798057,65.6864426474701,65.79378465631216,3609400
2019-03-28,66.32225036621094,67.34614788970394,65.95067653181422,66.13233079099209,5394100
2019-03-29,66.272705078125,66.6938203864156,65.93415472855231,66.66904963884357,3886600
2019-04-01,66.03325653076172,66.56172024504319,65.48002206421462,66.56172024504319,4733900
2019-04-02,65.61212158203125,66.27270424126498,65.52955032457282,65.72772260242968,2909200
2019-04-03,65.48825073242188,65.94240202312773,65.38916775974576,65.84331275066951,3251700
2019-04-04,67.1975326538086,67.34616348193555,65.36442750662282,65.38093924317691,4396200
2019-04-05,66.8342056274414,67.36266929829644,66.55345575867123,66.9332886283618,4234600
2019-04-08,67.65165710449219,67.89937715224299,66.76813150719536,66.809420281748,4609000
2019-04-09,66.6030044555664,67.19752136844416,66.36354336714521,67.03237883149767,4863800
2019-04-10,66.67731475830078,67.22229645390571,66.25619311167732,66.82594555712178,2265400
2019-04-11,66.42959594726562,66.94980690310896,66.17362312758647,66.63602726630596,2627800
2019-04-12,66.66082000732422,67.29662584772228,66.42135886489795,66.88376311246019,3517200
2019-04-15,67.6929702758789,67.81682404460922,66.62778376630476,66.75163753503507,3306200
2019-04-16,67.68470001220703,68.08930362233222,67.42046818317658,68.03150310660006,2663600
2019-04-17,68.27098083496094,68.86550417020933,67.95720743015107,68.03977871564996,3045000
2019-04-18,68.7498779296875,68.9315384711198,68.07278355693808,68.33701535362607,3162700
2019-04-22,67.72599029541016,69.07192664499622,67.65167803795997,68.66732298827037,3331200
2019-04-23,67.84159088134766,67.92416214799441,66.29748236593967,67.41221021513041,6238500
2019-04-24,68.43609619140625,68.81592899348361,67.43696954468005,67.43696954468005,2660000
2019-04-25,67.4947738647461,68.3617878161509,67.42046162308557,68.3617878161509,3797000
2019-04-26,63.679962158203125,64.70386016428296,61.70647842803447,63.679962158203125,12352800
2019-04-29,64.24142456054688,64.80291796147948,63.556071116802876,64.75337016448485,9097000
2019-04-30,63.92763137817383,64.52215441766684,63.589087386107174,64.45609490221604,5339800
2019-05-01,62.48265075683594,64.43962257513579,62.44136825927342,64.24145020739212,5463200
2019-05-02,63.10193634033203,63.58085860541213,62.54044279156555,62.821192715841356,4456300
2019-05-03,62.70559310913086,63.58086007606488,62.19364105877751,62.73036386483121,5774300
2019-05-06,62.738590240478516,62.87896198293539,61.72294568670623,61.929376943183506,4008600
2019-05-07,61.96241760253906,62.60648222810683,61.49175450694854,62.3009616468423,4437200
2019-05-08,62.2679443359375,62.57345864760403,61.35138880137045,62.02848325665763,3997700
2019-05-09,62.020225524902344,62.3917993764362,61.2935895553274,61.8881064578248,4549300
2019-05-10,61.63212966918945,62.00370349678314,60.55043165126625,61.648647701401835,5200300
2019-05-13,59.187984466552734,60.7155748750801,58.9320116623591,60.517402584729666,6055200
2019-05-14,59.37128829956055,59.79619750512952,58.34649343954464,59.129669895873235,8063100
2019-05-15,58.99636459350586,59.33796502237838,58.53812802266495,59.10468002536272,5578900
2019-05-16,58.971351623535156,59.937824992037804,58.82971525776619,59.562897348103206,4476200
2019-05-17,59.06302261352539,59.64623513911986,58.396488564383326,58.438149326157124,3891200
2019-05-20,60.05448532104492,60.254442976714955,59.23798149587178,59.504593822278245,5750100
2019-05-21,59.954505920410156,60.779336847865956,58.91305048191664,59.3712934174696,7705900
2019-05-22,64.62020874023438,65.97827035821433,63.9870085697977,64.16197227661873,20777800
2019-05-23,66.15325927734375,66.31155620201402,64.00369344880716,64.82852448290501,11619600
2019-05-24,67.96119689941406,68.03618497548712,66.30320208324348,66.31986256873873,7851700
2019-05-28,67.29467010498047,68.52775592643023,67.22802179948629,68.13616773266162,6522700
2019-05-29,66.35318756103516,66.81143035274933,65.92827209567633,66.67812104732792,5772200
2019-05-30,66.97806549072266,67.31133242193445,66.56981683717066,66.66146540216735,3996900
2019-05-31,67.02806091308594,67.14470339876792,66.16157569274519,66.47817581723359,4137000
2019-06-03,69.11095428466797,69.7858214766744,67.11969274596724,67.15302007021151,7071800
2019-06-04,71.52713775634766,71.61878631720664,69.36091233607799,69.44422747598496,7952700
2019-06-05,71.22721099853516,72.82689121299356,70.92727135560789,71.9687266834001,6744500
2019-06-06,71.40218353271484,71.68546272219496,70.56901916777517,71.21889271192141,4558400
2019-06-07,72.36030578613281,72.8435425229088,71.69377827425309,71.86874198449169,5214100
2019-06-10,72.94355010986328,73.30181107747632,72.61028305869344,72.76857998168039,3019500
2019-06-11,73.1934814453125,73.85168199575945,73.01018428486664,73.31845735984733,4285000
2019-06-12,73.53506469726562,73.6433737411041,72.97683992346134,73.24345853574852,3650900
2019-06-13,73.56840515136719,74.27659348614596,73.29345942578784,73.70170812475982,3200300
2019-06-14,73.14347839355469,73.92665469547822,72.7102294942421,73.59338777828495,4300800
2019-06-17,72.60192108154297,72.98517581487307,71.88539942810995,72.86853334631773,4194500
2019-06-18,72.04370880126953,72.99351547297098,71.88540557047317,72.91020032496071,4389100
2019-06-19,71.78543853759766,72.2770024193397,71.3438561228051,72.10203868059054,4088200
2019-06-20,71.82708740234375,72.2270090290463,71.218881074979,72.20201511922838,3814800
2019-06-21,72.98519134521484,73.81835564449021,71.70211756154607,71.95206939394434,7847600
2019-06-24,72.25202178955078,73.31013783931836,72.02706382942033,72.86856169989078,3059000
2019-06-25,71.40218353271484,72.69359084098721,71.28554103014646,72.60194225232067,5061300
2019-06-26,71.31053161621094,72.15202936536107,71.26054379074002,71.70211986650475,2978100
2019-06-27,71.5438232421875,71.81043557329016,71.06058640564538,71.32719873674803,2941600
2019-06-28,72.16034698486328,72.59358954265345,71.44382531285275,71.48548606264744,5284100
2019-07-01,72.43529510498047,74.01830194561475,71.66045217121669,72.94352575812329,4780700
2019-07-02,72.51861572265625,72.52694914483081,71.85208179254197,72.41030666054161,2323600
2019-07-03,73.2351303100586,73.30178496785867,72.83520871979619,72.90186337759626,1532900
2019-07-05,73.8516845703125,73.96832706620089,72.85188993225806,73.11016883650528,2032000
2019-07-08,74.07664489746094,74.49322706958063,73.2768015332364,73.77670522501161,4734400
2019-07-09,73.15180969238281,74.48487096594579,73.15180969238281,73.71002810747831,3986900
2019-07-10,71.52713775634766,73.31844186876712,71.38550138285206,73.19346598063782,5638400
2019-07-11,72.04370880126953,72.66858194615408,71.70210843092757,71.9853875620085,5307700
2019-07-12,72.92687225341797,74.05164281936734,72.26034460822616,72.52695693761076,4732000
2019-07-15,72.31866455078125,73.49342292085912,72.02705195745243,72.94353778241862,3174200
2019-07-16,73.57672882080078,74.00164434466953,72.56860089675014,72.83521318776735,5276900
2019-07-17,73.20182037353516,73.41844488458524,72.6602622741797,73.36012363428786,3671100
2019-07-18,73.73506164550781,73.75172213939713,72.5103087570613,72.91023053235564,3847300
2019-07-19,73.3268051147461,74.26827865605246,73.31847169040454,74.01832677812814,3420400
2019-07-22,72.66857147216797,73.85166293039023,72.38529238191708,73.52672945040719,2850200
2019-07-23,73.76835632324219,73.7850168097538,72.2270038811226,73.11015586661571,4304000
2019-07-24,74.22660827636719,74.57654213144262,73.08517719449428,73.33512268350304,3204700
2019-07-25,73.29345703125,74.17660906530655,72.83521417025547,74.00164534289186,3603500
2019-07-26,72.53527069091797,73.1851377272317,71.96039173539175,73.1851377272317,5315900
2019-07-29,72.67692565917969,72.86854989108403,72.20202225608126,72.6186044116602,3328800
2019-07-30,72.38529205322266,72.72689237277734,71.83540707287808,72.71022553173022,2733400
2019-07-31,71.98540496826172,72.91021795483606,71.51050151757813,72.34366591221881,4470600
2019-08-01,68.8360366821289,72.51862135869561,67.5113021411185,71.8104329757465,7100500
2019-08-02,67.9195556640625,68.92769013094956,67.86123441326686,68.7610534454337,5134500
2019-08-05,67.31132507324219,67.96119202206027,66.6781186087237,67.73624052306067,7255600
2019-08-06,68.96100616455078,69.3276004898482,67.29467756816494,67.61961749247618,5546300
2019-08-07,69.16096496582031,69.3609226025012,67.59461213496047,68.2694794881338,4762100
2019-08-08,69.81916809082031,70.50236253524047,69.13597364640015,69.76084684641391,4464100
2019-08-09,68.66107940673828,70.29408082399203,68.36113972228966,69.56922552715123,4966300
2019-08-12,68.34445190429688,68.45276730833105,67.52795462447351,67.75290614051609,5194200
2019-08-13,70.18573760986328,72.18533259597682,67.66125156196655,67.98618503209956,8412100
2019-08-14,68.2278060913086,69.33591584471708,67.61126645113816,68.20281218592213,7011500
2019-08-15,68.78604125976562,70.02746061975678,68.32780471744363,69.45257522964731,5389000
2019-08-16,70.1607666015625,70.36905768149465,69.29427494626002,69.4025903760099,4861100
2019-08-19,72.13536834716797,72.38531382923053,71.41051310045403,72.06871367600223,7353800
2019-08-20,71.80794525146484,73.14285603670925,71.80794525146484,72.39564420041981,8797200
2019-08-21,86.47512817382812,86.7941603213526,82.38644747754098,83.84729406049756,41449400
2019-08-22,89.2624740600586,89.43038435403716,86.79415302529743,88.4816790228607,17105700
2019-08-23,86.8864974975586,88.94343363629596,86.68500388252075,87.96113865158253,8989600
2019-08-26,87.961181640625,88.77556033967731,87.12161702805473,88.07872657932494,5583100
2019-08-27,87.9023666381836,88.2381935895542,87.53296275650561,88.16263588831313,5319900
2019-08-28,89.32965087890625,89.59831122298577,87.73447728358566,87.87720169020369,6641000
2019-08-29,90.61416625976562,91.13469838059804,89.77460204218431,90.66453806310318,5196600
2019-08-30,89.86693572998047,91.78953815278594,89.6906280499894,91.09269846136982,5309000
2019-09-03,89.58990478515625,90.23637287667343,89.00221234320173,89.64027659293315,3992100
2019-09-04,90.13562774658203,90.60578172565656,89.67386479901414,89.83338407278625,3963700
2019-09-05,91.12629699707031,91.84832270533937,90.85763671529809,91.71398936177006,4144400
2019-09-06,92.22613525390625,93.1412636536378,91.34459659952319,91.47052611774423,5274400
2019-09-09,90.63095092773438,92.57873957468344,90.26993807308851,92.01623310976461,5005500
2019-09-10,91.3697738647461,91.3697738647461,89.69903648680993,90.17759423227398,3949200
2019-09-11,91.48731994628906,91.94068542281208,90.580588993243,91.260634005344,3704700
2019-09-12,91.46212768554688,92.11698674877292,91.13469815393385,91.87351235763589,3185700
2019-09-13,90.66453552246094,91.6552215276601,90.53020858220275,91.57126638932793,2508300
2019-09-16,89.7998046875,90.62258059250192,89.24569553137042,90.04327912463967,4642500
2019-09-17,90.06846618652344,90.219588032019,89.1449466442141,89.52274805526903,4325800
2019-09-18,89.80818176269531,90.41266899986806,89.00220091492044,89.93411767133404,2950900
2019-09-19,90.56378936767578,91.29420609649497,89.73261622710967,91.13469325976682,2938700
2019-09-20,89.55632019042969,91.13470513591423,89.49755094705742,90.93320509689464,4199800
2019-09-23,91.32779693603516,92.69629074567636,90.00968133640681,90.18598905803479,4945300
2019-09-24,90.21116638183594,92.51996782060701,89.90053174223566,92.51996782060701,5397700
2019-09-25,89.66545867919922,90.7820741916046,89.5143368677311,89.89213819371815,3934100
2019-09-26,89.2372817993164,90.16919859685297,87.8855828913712,89.7494164864443,5166600
2019-09-27,89.09455108642578,89.67384600196542,88.59920490056098,88.95182031095314,3188600
2019-09-30,89.75780487060547,90.16079206895354,89.34641383202735,89.5563048660654,3639000
2019-10-01,88.94342803955078,90.79046660613412,88.87626137030911,90.11042169481895,3557400
2019-10-02,88.28861236572266,88.96026017173004,87.3231118388822,88.07032378621986,5637600
2019-10-03,89.51433563232422,89.581495898987,87.64210468305085,88.34734192862442,3512600
2019-10-04,91.5964584350586,91.73918282033463,89.44717600381085,89.6402721943921,4116400
2019-10-07,90.63095092773438,91.386559972966,89.95090598970911,91.22704713395949,3755600
2019-10-08,91.1095199584961,92.37726391374852,89.86696831411835,90.61418006921016,4339800
2019-10-09,92.65431213378906,93.40152381185455,91.95747226154513,92.28490181011912,5832000
2019-10-10,92.83061218261719,92.84740064804701,91.5880543637181,91.98265055766645,3647000
2019-10-11,93.88845825195312,94.82037494924585,93.36792618510665,93.90524671620224,4563100
2019-10-14,93.31755828857422,94.22428912472043,93.14964161223256,93.9052506423544,2356300
2019-10-15,93.9388427734375,94.28306718814413,93.47707987696931,93.66178503555659,2706100
2019-10-16,94.19071960449219,94.20750807190561,93.34275787935266,93.85489260791907,2315700
2019-10-17,95.06385040283203,95.46683760307906,94.3166324251988,94.37540806415781,4100800
2019-10-18,94.71125030517578,95.49204539066139,94.36703225962167,94.75323108395027,3887700
2019-10-21,95.44165802001953,95.55079905952475,94.65246562637213,95.13941439714888,2886500
2019-10-22,95.0302963256836,96.40718142693542,94.92114885443185,95.66836065674408,3509100
2019-10-23,93.49388122558594,95.03028543623145,92.95656058449143,95.03028543623145,5157800
2019-10-24,92.56197357177734,94.03121124751983,92.36887094460357,93.88848683916459,3840100
2019-10-25,91.52928924560547,92.34366757097824,91.11790456771442,92.28489833127952,5659700
2019-10-28,92.11700439453125,92.75507511403634,91.52930548788754,91.65524142540889,4448200
2019-10-29,90.79888916015625,91.99946648217853,90.61418397132698,91.73080613625449,3004700
2019-10-30,90.61416625976562,91.31939712795794,90.0180764339269,90.68972396477196,3567800
2019-10-31,89.75780487060547,90.61415747111964,88.91824073445328,90.37908053785559,6467400
2019-11-01,90.52180480957031,90.98356764612018,90.19437530924077,90.72329840853479,3104000
2019-11-04,91.31939697265625,91.64683290989342,90.8492430613276,91.09271745265612,3195600
2019-11-05,92.4024429321289,92.70468658642149,91.36978245110188,91.48732093828598,3292400
2019-11-06,92.78025817871094,92.85581589568879,91.79796302042526,92.25972597540432,3234400
2019-11-07,92.84741973876953,93.91367006574247,92.63752864822484,93.71217641232255,3494300
2019-11-08,92.47801208496094,93.17485201505193,91.86512730666426,92.82223012892784,2805400
2019-11-11,92.72987365722656,93.07409809214636,92.15057865034692,92.880995486275,3082700
2019-11-12,90.96678924560547,92.58714857626862,90.59738531485239,92.53677676874938,5429600
2019-11-13,91.15989685058594,91.70561494832589,89.85017213493653,91.20187122403206,3653900
2019-11-14,93.28399658203125,93.40153508003962,91.98266926146562,92.94816955684969,5968400
2019-11-15,95.04706573486328,95.4416619479266,93.4686872879767,94.07317455859571,5340300
2019-11-18,93.99761199951172,95.92861232306215,93.91365685617623,95.5675994418894,6898000
2019-11-19,93.61756896972656,93.82870467170761,92.35075475784028,93.24597451571812,7377500
2019-11-20,106.77556610107422,107.42586134160959,99.96010470923336,103.30449403916832,32365500
2019-11-21,107.8058853149414,108.07613874219298,106.16747028784447,106.90222481350494,10804300
2019-11-22,107.27381896972656,108.05924399740596,106.64885912896175,108.05924399740596,7537100
2019-11-25,105.72830963134766,107.67075410314261,105.63540941276726,107.47651287763806,8365300
2019-11-26,107.1640396118164,107.96635272618495,105.56785417220077,105.78743711301708,7581400
2019-11-27,106.32793426513672,107.38361271009767,106.20969879476908,107.38361271009767,3430400
2019-11-29,105.57630157470703,107.07113955711867,105.52562462314444,106.41239717695929,2660000
2019-12-02,104.70642852783203,106.58130829881729,104.6473107842877,106.1590368611146,4194400
2019-12-03,104.75706481933594,105.21311859628587,103.31289774733551,103.54092141413614,4237200
2019-12-04,105.1624755859375,106.01546569079224,104.97668156651291,105.57630623242837,3935200
2019-12-05,105.29761505126953,105.84656925633215,104.42773684546094,105.61853905201549,2614100
2019-12-06,105.59319305419922,106.75021909528539,105.44962231399639,105.71142853946634,4305300
2019-12-09,106.79243469238281,107.40895377266764,105.48339721582221,105.55096218635894,3508700
2019-12-10,106.2181625366211,106.89379946473967,105.83812079164895,106.48841601919827,3573800
2019-12-11,106.24346923828125,106.31947498489723,105.33980884953503,105.90565088550669,2816200
2019-12-12,107.69609832763672,107.98324623899545,105.67764148912985,106.1252545992876,3677400
2019-12-13,107.44273376464844,107.62008697567909,106.55596126614508,107.02046237361829,2970000
2019-12-16,106.37860107421875,108.10146900976382,106.37860107421875,107.92411581037163,4488100
2019-12-17,108.42240905761719,108.87001571179529,106.41239306486995,106.80932921279398,5617300
2019-12-18,108.1690444946289,109.01358730340644,107.89034382132826,108.53219171678697,3940200
2019-12-19,108.6926498413086,108.9291207814466,107.56941287565307,107.86500155082558,3292700
2019-12-20,109.07271575927734,109.99327735956865,108.52376800188658,109.32608121911254,6224900
2019-12-23,108.38860321044922,109.40205183744106,108.10990258285425,109.34294055160493,4051800
2019-12-24,108.56597137451172,108.86155360032176,108.05924057783814,108.86155360032176,1643400
2019-12-26,108.85310363769531,109.2838157578765,108.04234345204054,109.0557985166209,2197900
2019-12-27,109.12337493896484,109.14025651562481,108.29571376143538,108.94601529043717,2233600
2019-12-30,108.85310363769531,109.74831680122782,108.44772676654252,108.94600384636557,2546500
2019-12-31,108.2788314819336,108.9206793317394,107.5694122224774,108.4392837793603,4059800
2020-01-02,106.47149658203125,108.86154749579832,105.7874190655719,108.72643045940173,5149800
2020-01-03,105.36518096923828,106.01547621012654,104.66420876952333,105.28072796232897,5018500
2020-01-06,104.36859893798828,105.27225946038857,104.06456301985827,104.69797010873744,4226900
2020-01-07,104.55440521240234,105.08646487712646,103.87876836924592,103.87876836924592,3641600
2020-01-08,104.2165756225586,105.7789784061552,104.1658986765748,104.76552969337627,5731600
2020-01-09,104.3010482788086,105.49185686208767,103.59163533474096,104.3010482788086,5369700
2020-01-10,105.33982849121094,106.15902961199998,104.76553911741685,105.32293402658003,4678000
2020-01-13,104.61351013183594,105.2975876802644,103.81963790492411,105.22157548413364,3632800
2020-01-14,105.78742218017578,106.12524055451084,104.25035469813339,104.38547818185768,3291900
2020-01-15,98.81151580810547,100.83841998514701,97.5953720132104,99.22534001034309,26743400
2020-01-16,98.23722076416016,99.0817635858752,97.82339658565789,98.92974562023247,9361600
2020-01-17,98.74395751953125,99.47871218593346,98.11055032401764,98.38080380303606,7303800
2020-01-21,96.31167602539062,98.5243808104542,96.1258755507901,98.5243808104542,8188000
2020-01-22,96.19342803955078,97.18998882025267,96.08363334971689,96.39611651127056,5070600
2020-01-23,97.57003784179688,97.6038203301804,95.51779838679164,95.88095208272593,4641500
2020-01-24,96.54813385009766,97.96696602964025,95.97384448115541,97.96696602964025,4338900
2020-01-27,97.78116607666016,98.1443197447955,95.0701844140755,95.39110836412637,6779200
2020-01-28,97.4940414428711,98.35547242769094,97.48559420912588,98.09366617175233,3865100
2020-01-29,96.50590515136719,98.03453203617491,96.48901713005097,97.78116661297905,5250600
2020-01-30,96.84371185302734,96.87749433492361,95.3404268470662,96.0836221187353,4466400
2020-01-31,93.52466583251953,96.10052389380218,93.21218912706398,95.7795999563924,6961900
2020-02-03,95.01950073242188,95.7795904491022,93.74423945462205,93.8624749168446,5186000
2020-02-04,95.64446258544922,96.95350637256783,95.60223287231007,95.97383372921591,3626000
2020-02-05,97.57003784179688,97.8825210268313,96.15120554644325,96.28633549997733,3636700
2020-02-06,97.24065399169922,98.28788522203132,96.91973005880631,97.95851405730308,4024800
2020-02-07,97.63758850097656,97.67137098440621,96.66636304326121,97.13930492457656,2970800
2020-02-10,98.79460906982422,99.01418553525467,97.62913600605695,97.62913600605695,3862000
2020-02-11,98.54969787597656,98.92973954507025,97.22376598504191,98.87062180891456,3065100
2020-02-12,99.74897766113281,100.28948468417305,98.36392760917323,98.52439284654054,3764800
2020-02-13,99.89253234863281,100.07833281602065,99.16622494521725,99.52093141385714,2654900
2020-02-14,98.4990234375,100.04453829210522,98.22032921329507,99.90941479602861,3289100
2020-02-18,100.07881164550781,100.1127863890239,98.82177205549196,99.33138024819362,3122500
2020-02-19,99.70510864257812,100.33362527760694,99.41633300595049,99.95991601138417,2866700
2020-02-20,100.44404602050781,100.46952546168679,99.00864368723342,99.3483846896678,2659300
2020-02-21,99.38235473632812,100.97063364153794,99.20399217649272,100.07882084236086,3856500
2020-02-24,96.6389389038086,98.51599962443753,96.07837187123194,97.2334871577758,5304900
2020-02-25,94.88931274414062,97.80258134523342,94.81286793115622,96.98720672685458,5095900
2020-02-26,93.98896789550781,95.73012953984286,93.67470641783848,95.27997558535633,4318300
2020-02-27,89.7082748413086,92.90182352384699,89.64032534252586,92.05247422912534,6713400
2020-02-28,87.48298645019531,88.50220311780063,85.56345503018306,86.81199966001357,9174100
2020-03-02,92.63002014160156,92.9527769794597,87.44049609729751,87.80571650643907,9691100
2020-03-03,89.89512634277344,95.29698838160449,88.29835199973076,95.12712111447985,10927400
2020-03-04,91.57682800292969,91.78916529717503,88.9013767994344,90.88036193700577,6834800
2020-03-05,90.00555419921875,92.10344818979368,89.3940216131378,89.72526735059473,5294900
2020-03-06,89.98854064941406,90.39623109624225,87.27062593729221,88.4682113598339,5370800
2020-03-09,88.35780334472656,91.45792947003555,84.73108482028313,84.73108482028313,7346600
2020-03-10,92.01000213623047,93.08017748291249,89.01180044017097,90.23485890495333,7461000
2020-03-11,89.67430114746094,91.71274077479127,87.83970353885736,90.05650574257622,6102500
2020-03-12,78.6667251586914,86.23442315356623,78.48836260447094,84.2894127098952,10208800
2020-03-13,85.80126190185547,89.30058328814371,78.59028828809342,82.08960967438166,9267200
2020-03-16,79.66045379638672,84.88395211835845,77.4266679701213,78.64123097647888,6963700
2020-03-17,88.01805877685547,90.44719810422782,80.73913610148318,80.79010146193141,10586400
2020-03-18,87.33008575439453,92.02698586187434,82.25946991987524,84.03461314329256,8845700
2020-03-19,85.35960388183594,90.98229853004398,84.77355079650323,87.24516034767088,7414200
2020-03-20,82.72662353515625,87.04131955622259,81.86028361595505,84.34038850933692,8057200
2020-03-23,82.12356567382812,84.2554272264018,79.67743614479097,82.00465731950207,7104300
2020-03-24,85.41055297851562,86.33634697070775,81.53752272278955,85.05382787180824,6498600
2020-03-25,77.32475280761719,84.3658585317137,76.88308758988222,84.18749597532774,12563200
2020-03-26,81.59697723388672,81.93671820926241,77.46913961111949,77.62202272603754,7014000
2020-03-27,80.46735382080078,83.09184662373232,78.93003360498678,80.25501648800785,4902800
2020-03-30,81.54602813720703,83.04087824013827,81.11285817964287,81.69041596305478,4485600
2020-03-31,78.96399688720703,82.20001529536928,78.2760261024847,80.92599148364931,6388400
2020-04-01,80.9175033569336,81.65643956610387,77.5370968387062,77.83436779181352,8581000
2020-04-02,80.14460754394531,81.25725315159599,78.24206675833842,80.06816273058364,5929200
2020-04-03,78.62425231933594,79.94923494944045,76.58581301762288,79.43962674401718,6815300
2020-04-06,82.8200454711914,83.08334165964625,78.25054245336501,79.17633648635267,7107800
2020-04-07,83.45704650878906,86.34483481843947,82.41234423793776,83.87322576399734,6599300
2020-04-08,88.86740112304688,89.7677156476216,84.9349168076594,85.23218772048224,7542900
2020-04-09,88.50218963623047,89.03728381323047,86.20894924343789,86.63362387025285,7069200
2020-04-13,88.90988159179688,89.49593466004899,87.4065362393501,88.50219109213874,3235500
2020-04-14,92.0524673461914,93.3519771131663,89.92909426815582,92.1458962800266,5032300
2020-04-15,90.23486328125,92.57906904580645,89.39400933092779,92.37522703845998,4225600
2020-04-16,92.83387756347656,93.33499052107366,90.58310070777993,90.88037165550877,5950300
2020-04-17,96.33319091796875,96.88526922955708,92.09493995119713,94.19283364722048,7617500
2020-04-20,92.56208038330078,95.55178677152078,92.34124777280093,95.55178677152078,5329600
2020-04-21,90.7954330444336,91.95054850369456,89.95457912983137,91.95054850369456,4519700
2020-04-22,90.74445343017578,92.17985546216448,90.38772836850428,91.89107988272163,2954600
2020-04-23,88.21342468261719,89.60635710884588,85.35961032643613,85.52947760572398,16508000
2020-04-24,91.57682800292969,92.11191565162076,88.21340603968589,88.75698899455237,6088600
2020-04-27,93.32649230957031,94.44763304898561,92.1628879960985,92.30727581192748,4340700
2020-04-28,95.12710571289062,96.72387979740701,93.52183632238717,94.71092643980228,4904700
2020-04-29,95.21204376220703,96.85978327928296,93.52184067325994,96.40113393494161,4929800
2020-04-30,93.20756530761719,94.4476141746126,92.4856198927251,94.34569643322779,4769600
2020-05-01,91.92506408691406,92.98675055595805,90.11594619645032,92.4516564283471,4590500
2020-05-04,94.88079833984375,95.15258982460125,91.41545204917047,91.5853257771565,4578300
2020-05-05,94.92329406738281,96.29923599613356,93.82763252558601,94.87232869519144,4201100
2020-05-06,96.46907043457031,98.20174334207142,95.60273074081013,95.88301749349839,4913900
2020-05-07,96.28223419189453,97.92147854945317,96.061401566311,97.47132447116341,3689800
2020-05-08,98.380126953125,99.22947621840964,96.92774048709074,97.42885344319878,4266900
2020-05-11,102.07478332519531,102.55041678592873,98.46504935922363,99.22096960075493,5996300
2020-05-12,101.40379333496094,104.42747420061228,101.40379333496094,102.77124596915039,4897000
2020-05-13,101.19145965576172,102.45698810541107,100.34211048525506,101.45475582501241,4677900
2020-05-14,101.8709487915039,102.6268690883343,99.47578422041899,100.17225033030836,5635600
2020-05-15,102.72029113769531,104.17267744707482,101.75203359810897,102.2191717556175,8354200
2020-05-18,106.3385238647461,106.63580128725985,104.27460492112105,104.6907907206321,6320900
2020-05-19,105.16873168945312,107.55951494883139,104.82719029320475,106.8252032269235,7914900
2020-05-20,102.14610290527344,106.65443769040432,101.85579694761282,105.95427423269486,12897000
2020-05-21,101.33495330810547,102.77796239177681,100.44694821925854,102.14610848290678,7620700
2020-05-22,100.3188705444336,101.91557296049473,100.05417903438934,101.46303334098907,4902900
2020-05-26,98.29524230957031,102.42787435838702,98.03054430450155,101.43741146407275,7274600
2020-05-27,100.25057983398438,100.28472811776963,97.53533526774133,98.73072063107465,8260300
2020-05-28,101.12150573730469,102.66697291651778,100.29326978567279,100.7201949966697,6137300
2020-05-29,104.45150756835938,104.83573759322255,100.89095342151013,101.38618163893449,8705900
2020-06-01,102.02656555175781,103.09387837475323,101.45448744207877,102.84626101809503,6020100
2020-06-02,101.48009490966797,103.12802605530928,100.91655716545428,102.1717180010412,5144600
2020-06-03,103.93921661376953,104.42591110252593,101.01050935283563,101.7277405933769,5815800
2020-06-04,102.42789459228516,104.8015976941999,102.07781931100244,104.06728581908591,3963600
2020-06-05,103.76844024658203,104.60521652245522,102.18881827631664,103.66598236562405,4578800
2020-06-08,104.48565673828125,104.56250013337389,102.9572640192885,103.15364592743215,3578400
2020-06-09,103.0768051147461,104.79304597277651,102.70964923993085,104.63081233770262,2923500
2020-06-10,102.46204376220703,104.32343781779491,102.27419563967851,103.10243153572083,3653700
2020-06-11,100.76287841796875,103.26466012435513,100.5664899774053,101.24103251414276,5005100
2020-06-12,99.81510925292969,102.24858149717174,98.03055859757796,102.103428498159,4953400
2020-06-15,100.8824234008789,101.34350338643574,98.38918186211507,98.58556380089064,4593800
2020-06-16,101.7874984741211,103.59766354408256,100.0883381177955,102.83773726095579,5138000
2020-06-17,100.98487854003906,102.00950287384926,100.56649369043954,102.00950287384926,3808600
2020-06-18,100.15665435791016,100.97634995881319,99.78949842595094,100.95926930279933,3261100
2020-06-19,102.94019317626953,104.96382079323985,101.80457719406387,102.63280653788516,12611200
2020-06-22,104.5368881225586,105.11750656287775,101.69356517889146,102.88895685182628,4671200
2020-06-23,103.74281311035156,106.24459478996575,103.53789085909291,105.04920304796195,4307000
2020-06-24,102.22295379638672,104.16119101319359,101.2922536289163,103.46103406312356,4181600
2020-06-25,102.29981231689453,102.41935084938228,101.00196260087264,101.94119671943129,2759500
2020-06-26,99.91755676269531,103.01703744404918,99.68702005372914,102.46203345993572,6670800
2020-06-29,101.24105072021484,101.8472837766997,99.70411725704044,100.3188906423102,3258900
2020-06-30,102.40227508544922,102.83774059796107,100.98488034503713,101.50572959163566,3633900
2020-07-01,101.57403564453125,102.76942742316639,101.46303744552327,102.38519737598703,2836400
2020-07-02,101.71065521240234,102.96580974466094,101.51426676717593,102.44496702859672,2216100
2020-07-06,101.8131103515625,102.67550099894267,100.7372636385039,102.47057874612592,3766400
2020-07-07,100.80557250976562,102.0778142502972,100.59210991745162,101.01050128872723,3908300
2020-07-08,100.4981689453125,101.18125173152256,99.6699396985601,100.88240545544075,2845100
2020-07-09,100.66893005371094,101.87285533069429,100.01146181586351,100.29323391779812,2861000
2020-07-10,101.48865509033203,101.59111947948917,99.9517218247816,100.60064992738748,2033500
2020-07-13,101.37763977050781,103.9648049020474,101.07878698118365,101.93263720357217,3469700
2020-07-14,102.53034973144531,102.60719313465792,100.25910471475456,101.38618689573373,2578200
2020-07-15,103.8879623413086,104.78450774396248,102.47057425937618,103.58057571836216,3533900
2020-07-16,104.12705993652344,105.01506518765203,103.43544315552487,103.5379075548573,3109900
2020-07-17,103.8879623413086,105.20289255849931,103.70011423680126,104.71619815789423,2715500
2020-07-20,102.30833435058594,104.0587299287293,101.64233221314143,103.77695778923808,3825900
2020-07-21,102.63280487060547,103.30734739863756,102.47911155391004,102.76088372024513,3195400
2020-07-22,105.14314270019531,105.17729749953165,102.4620528387308,102.71821057657239,3876600
2020-07-23,104.46858978271484,105.535902728011,104.11851452412554,105.4078238717032,3267500
2020-07-24,105.62982940673828,107.18383683303635,104.2209749811519,104.6308260286241,3832900
2020-07-27,104.75889587402344,106.29582251248469,104.30635625523716,106.09090026356202,2423400
2020-07-28,105.27120971679688,106.27021305605145,104.2722063775423,104.69059122217385,2337000
2020-07-29,105.60420989990234,106.28729277498266,104.93820767959762,105.424902110925,2095800
2020-07-30,106.37268829345703,107.08991952884631,104.0160592790775,104.4515248230563,3606300
2020-07-31,107.4826889038086,107.52538403070398,105.69814464660335,106.11652952985884,3267100
2020-08-03,109.15624237060547,109.49779038026031,107.79862323262898,108.01208585289162,3319200
2020-08-04,111.38477325439453,111.65801161454561,108.93422696962931,109.23307328309323,3924500
2020-08-05,110.4626235961914,112.64847856562196,109.85639709994886,111.64094133356892,3688800
2020-08-06,110.15522766113281,110.94076841040109,109.40384822154527,110.57361901802751,1979900
2020-08-07,112.49478149414062,112.60578620674148,110.14669307585686,110.35162184633796,2303100
2020-08-10,113.5108642578125,114.50986757433174,112.06785512437737,112.7680186444648,3002900
2020-08-11,112.46916198730469,114.91970816667263,112.1532415470995,114.16832876601799,3915900
2020-08-12,114.92822265625,115.36368149411979,113.36567549158605,115.36368149411979,4860900
2020-08-13,115.10753631591797,115.2185410042986,114.08291874451906,114.40738596980445,2324800
2020-08-14,116.57616424560547,116.97747487323458,115.45762259236169,116.05531511370724,3180900
2020-08-17,118.03629302978516,118.42052313347862,117.31904873700333,117.81428357039292,4632300
2020-08-18,117.46993255615234,118.3880749507065,115.5564376007574,117.56432090425487,5756800
2020-08-19,132.3317413330078,132.73503584391418,125.7417477174678,127.42357302817602,40211800
2020-08-20,130.6327667236328,133.94492214330518,130.1865660249424,132.94096729796985,12046000
2020-08-21,131.82545471191406,133.52443166182422,130.53834818465265,130.7099597696626,7061400
2020-08-24,131.4908447265625,132.67497416321166,130.96742073371735,132.57200980171044,4355300
2020-08-25,131.15618896484375,132.38322450369802,130.7357293607289,132.27167105721037,2984400
2020-08-26,131.03607177734375,131.77401360664206,130.5040586769751,131.07038886778912,3061600
2020-08-27,128.97665405273438,131.07034945480106,128.42748911884186,130.99312620467353,3773100
2020-08-28,129.44004821777344,130.1436598067221,128.36745919738462,128.97668242881397,2835600
2020-08-31,129.7489776611328,130.34962500170334,128.98529466530812,129.68890638051073,3025600
2020-09-01,129.18260192871094,130.2294496793048,128.8136245609809,129.2340840978999,3603500
2020-09-02,128.57339477539062,129.4572071279355,127.3549351543397,129.13972495074805,4128200
2020-09-03,125.30416870117188,128.6935481992824,124.77216860935938,128.2559364876106,4135300
2020-09-04,126.33381652832031,127.46647677387581,123.29625030336838,125.87046385076489,4742100
2020-09-08,123.56224822998047,125.95626102846049,123.03024829545757,125.8618726762264,3503200
2020-09-09,126.60838317871094,127.50936037943073,124.2143576712805,124.2143576712805,3279300
2020-09-10,125.31271362304688,127.28628002271356,124.6863253064443,126.65131570754545,2828100
2020-09-11,126.69420623779297,126.96021930549004,125.4328405383393,126.0163357572161,2356400
2020-09-14,127.37210083007812,129.0453371802856,126.85725283318577,127.46648919307077,2706900
2020-09-15,127.9126968383789,128.5734023219473,126.44538913303508,127.08894261740656,2206200
2020-09-16,126.98600006103516,128.4790360216207,126.91735277306906,128.1443886759931,2072500
2020-09-17,126.65985870361328,127.6552241892235,125.75030555380967,126.4710820393381,2391200
2020-09-18,127.69815826416016,128.29880546669872,126.35955623591089,126.75427473650882,3614800
2020-09-21,128.59054565429688,128.70209909584563,125.6645198314763,127.58660395973897,3360000
2020-09-22,132.2116241455078,132.52053032945335,129.5086917627021,129.6974684913982,4334500
2020-09-23,129.5773468017578,133.1726677685812,129.02818167440174,132.04002042165337,2801300
2020-09-24,130.42678833007812,131.7653769575133,128.79645871320176,130.10071716945325,3223100
2020-09-25,132.4432830810547,133.1383185958304,130.21229292385672,130.306681271118,2743300
2020-09-28,134.2538299560547,135.32641898995374,132.70071003674144,132.9581340235028,3627600
2020-09-29,134.6656951904297,135.94421288902583,133.74755272876783,134.50265956877928,2784200
2020-09-30,135.07757568359375,136.56203529188417,134.28815169845873,135.10331677384926,2806000
2020-10-01,136.09010314941406,138.0550805171821,135.66106753178428,135.92706751981427,3866000
2020-10-02,136.5191192626953,137.28280202924458,133.99638809655184,134.69142360291255,1978700
2020-10-05,138.56991577148438,139.2735273113619,137.2828090367829,137.2828090367829,2268600
2020-10-06,135.92709350585938,138.99040159294142,135.24063376779128,138.55278989282414,2932600
2020-10-07,137.87490844726562,138.67292167031104,136.95677884317675,137.34290836065583,2927000
2020-10-08,138.88739013671875,140.14017971602468,138.48409566829926,139.5223674704938,2189200
2020-10-09,140.474853515625,141.41872405770837,139.09335824579404,139.17915751700423,2582700
2020-10-12,141.21275329589844,142.00217705892962,140.39757535672936,140.98107045565433,2436300
2020-10-13,142.13087463378906,143.02326267964753,140.85234417778258,141.21274550633726,2015200
2020-10-14,140.69790649414062,142.57708412681123,139.5223533840566,142.42262453446,2284700
2020-10-15,141.97645568847656,141.97645568847656,138.25241701362603,138.8702292779733,1859000
2020-10-16,141.51312255859375,143.5124303341251,141.0326047073832,142.36261789113848,5047900
2020-10-19,140.76657104492188,143.26356116758626,140.56921835172844,142.6200078221445,2322500
2020-10-20,141.4701690673828,143.65825285181006,140.5692049441996,141.53881632219083,2698500
2020-10-21,140.1144256591797,142.6114157292821,139.82268462440427,142.2252863487704,3033500
2020-10-22,136.9481658935547,140.19167391428013,136.72505900661847,139.9256739427428,3647400
2020-10-23,137.48873901367188,137.62603354233426,136.27027953132878,137.62603354233426,1816800
2020-10-26,135.54946899414062,136.76792817174277,134.11649207907774,136.29598653070443,2310600
2020-10-27,134.742919921875,136.33035688423107,134.44258976365816,135.63532130489628,2406100
2020-10-28,133.1812744140625,134.94889949154316,132.23739058961596,132.92385036256516,2655700
2020-10-29,132.35745239257812,133.93629989789338,131.60234571911238,133.20694740022708,2157700
2020-10-30,130.6156005859375,132.26309573736037,129.3971410393579,131.55948415384375,3694100
2020-11-02,132.47760009765625,133.10398835109388,131.1132701550399,132.1429528835593,2674300
2020-11-03,134.48553466796875,136.18452556571432,133.37003916454535,134.13373532431248,2545400
2020-11-04,134.39111328125,136.85378664085286,133.2155598734559,134.90596126197352,3156600
2020-11-05,136.1158447265625,137.17984468249347,134.32246588766924,137.06830432483721,3114900
2020-11-06,138.5784912109375,138.92171443489036,136.0300188390509,136.13298318761144,3498000
2020-11-09,132.92381286621094,140.0029002732334,132.78651833172415,139.9943111816233,5092800
2020-11-10,135.6353302001953,136.48481236703677,134.33963421945194,134.75150475771227,3577900
2020-11-11,137.02537536621094,139.49662431160877,136.21878644135882,136.81943358971915,3336500
2020-11-12,136.88807678222656,138.14086630569992,136.12439405346984,137.00820620833014,2708500
2020-11-13,139.7626190185547,140.25171271634505,137.80621804114247,138.14086523219655,2765800
2020-11-16,141.7362060546875,142.43125478142315,140.16594715297498,141.58175951083192,5035600
2020-11-17,140.47824096679688,141.9171550883605,138.29834773323896,141.3054003144037,6299900
2020-11-18,143.76097106933594,148.3016885426105,141.77924700528047,142.9768955203046,13092300
2020-11-19,147.655517578125,149.4390736938792,144.66570115262255,145.36362298960333,6834900
2020-11-20,148.4654541015625,150.27485787494763,147.72446180307415,148.38791160628236,6652900
2020-11-23,152.98892211914062,154.24689044822634,149.56829688869357,150.1369680435097,5755700
2020-11-24,153.24742126464844,154.95342170498984,152.5925961328131,154.88449066786228,4688400
2020-11-25,154.9362030029297,155.50486106694615,152.8080048327542,153.13541083391485,3780700
2020-11-27,154.8931121826172,156.04767745021664,154.18657892655585,155.7891893529442,2371900
2020-11-30,154.68630981445312,155.15159099113785,151.85159180517022,153.58343960288562,8010000
2020-12-01,154.2727508544922,156.09937734403246,152.5925978903159,154.92757599386954,5034900
2020-12-02,151.9980926513672,153.54900827380473,151.1881693181358,153.38529868765127,3109300
2020-12-03,150.7142791748047,152.04979023763238,149.7320347884045,152.04979023763238,4214600
2020-12-04,150.80905151367188,150.92106610091884,149.25813592862636,150.2490048719411,2935700
2020-12-07,148.98240661621094,150.74010196530648,147.68997931188323,150.15420789802477,3430800
2020-12-08,148.81869506835938,149.73200824767088,147.97431292202896,148.62913801447394,2682200
2020-12-09,149.98191833496094,150.71428607262524,148.55162866292974,149.3615520470258,2853800
2020-12-10,148.54296875,150.12835619072894,148.25864632060708,149.56829648622005,2643700
2020-12-11,147.94845581054688,148.84453288655027,147.39702072979492,147.76751021732775,2676500
2020-12-14,147.32809448242188,149.02548331598058,146.6215612778036,149.02548331598058,4016400
2020-12-15,147.68995666503906,148.8703692148666,147.03511851701927,147.03511851701927,3487900
2020-12-16,147.9312286376953,149.0513349103067,147.08684649561908,148.20693962098034,2193700
2020-12-17,147.5435028076172,148.4395799356839,146.72495501364986,148.19832789554093,3495300
2020-12-18,146.8369903564453,148.35343384432443,145.58764644027627,147.49181553700066,6715800
2020-12-21,147.9915313720703,149.1116376166612,145.56177498194992,146.15629361970008,4077400
2020-12-22,148.49990844726562,149.15473357455792,147.7330687420118,148.54297884132689,3103200
2020-12-23,150.70565795898438,151.92915435067655,148.1035670471381,148.20695703461158,4753000
2020-12-24,150.9468994140625,152.08422863805413,150.49885425442906,151.62757202915398,1941200
2020-12-28,151.9808349609375,152.90277275282926,150.68840765082786,152.60120112157017,2442000
2020-12-29,150.81765747070312,153.1698848337049,150.31793043946075,152.60121361535823,2359700
2020-12-30,149.8181610107422,151.69648217781685,148.9048479186968,151.38629913266473,1935200
2020-12-31,152.10142517089844,152.22205116554994,150.00769973217987,150.27479920981912,2571300
2021-01-04,153.0492401123047,153.44557710899795,150.0249519140913,152.08421881945387,3463100
2021-01-05,155.41006469726562,156.78865902445307,152.01528701304767,152.33409467521906,4843300
2021-01-06,162.77691650390625,163.25080916588274,155.18606190463618,155.37561896942677,5610100
2021-01-07,164.6552276611328,165.73225030897578,162.99229785629373,163.0267699434842,4226700
2021-01-08,166.8092803955078,167.0505324276031,164.40535837586236,165.06880803774922,3321500
2021-01-11,168.2568359375,171.8928665473239,165.59443830270928,166.32680603623822,7219100
2021-01-12,171.5481719970703,171.71186839527084,168.57557898179897,169.02362408293754,3866700
2021-01-13,169.5836944580078,172.289174984768,168.25679511431179,171.0484427169353,4098200
2021-01-14,170.60899353027344,171.80664215132538,169.65259692301262,169.7301525431409,3321200
2021-01-15,167.8432159423828,171.3327720313675,167.16253025077933,170.29881974777987,4289900
2021-01-19,162.12208557128906,167.80014642063168,161.2949263047848,167.51581083362242,5347800
2021-01-20,162.2427215576172,162.58736360392786,159.0030284743912,162.41504258077254,3443200
2021-01-21,164.80174255371094,167.23149942091126,162.84586525277757,163.7936506798164,4585100
2021-01-22,165.35316467285156,165.75812630987073,163.25942544876818,164.4829218094799,3257100
2021-01-25,163.83670043945312,166.38709617358413,163.0440132490849,165.05158529363464,3423900
2021-01-26,161.72576904296875,164.1899981622692,160.83830315376557,163.80227251653292,3463600
2021-01-27,153.60928344726562,161.72572488048309,152.35132830485327,161.648182401961,6985900
2021-01-28,158.1758575439453,159.76123174440647,153.16123372741686,153.3077072315329,3965200
2021-01-29,156.09938049316406,158.10695264115517,155.3153047116469,156.9179152207116,3612300
2021-02-01,158.16726684570312,159.39937461992258,154.81555926611784,156.96960486908978,2637300
2021-02-02,159.90771484375,162.88029493479604,159.55444823466988,159.83017236290317,2920500
2021-02-03,159.49417114257812,161.06230968185025,158.2792861301281,159.56310218731846,2135400
2021-02-04,162.49258422851562,162.621834855652,159.01165224868038,160.1489815134231,2309500
2021-02-05,162.7252197265625,163.9917995786443,161.88944899022957,163.26804341952638,2218900
2021-02-08,167.11085510253906,167.56751171818848,164.12966335310128,165.7236492095518,3076400
2021-02-09,167.40383911132812,169.0926170202456,167.05919699795913,167.26599015433285,2868600
2021-02-10,165.809814453125,167.54166236417325,163.81085384681484,167.05915825844343,2713500
2021-02-11,164.06076049804688,166.43882251712787,164.00044090017457,165.46518953107054,1862300
2021-02-12,164.9395751953125,165.31868932866234,163.87978842963076,164.6121692006249,1821500
2021-02-16,164.80123901367188,166.52197660336168,164.42077336014285,165.27682108058318,2500300
2021-02-17,167.4039764404297,167.94007997719996,163.51287173881545,163.59933281571188,3459300
2021-02-18,165.5102996826172,165.63999789212934,162.56170390791124,162.79517387915413,2983500
2021-02-19,163.2707061767578,166.40952063676866,162.8729431320282,165.97717581142288,3120100
2021-02-22,163.41773986816406,164.6455978746255,162.23310579900362,162.665450724974,2152600
2021-02-23,161.14361572265625,163.19292663260384,159.1980633820869,162.63952560571786,2828100
2021-02-24,161.7661590576172,162.32820211414938,159.362322622348,160.84959003909103,3738400
2021-02-25,160.0367889404297,164.55047072863832,159.6044440426635,163.01132394812018,4355600
2021-02-26,158.6186981201172,161.54999599766592,157.52918053408297,160.9620000760711,4340400
2021-03-01,160.9101104736328,162.19850293550385,159.83790364077748,160.78905443785501,3683500
2021-03-02,150.01504516601562,167.38666089365765,148.873648243471,162.5703321492872,22090500
2021-03-03,150.1187744140625,152.93765799359292,149.2367872546787,151.32069252982038,8285300
2021-03-04,146.8416290283203,150.9834873891411,144.25620176131054,149.04657747592566,7111700
2021-03-05,149.2540740966797,151.30338425008142,144.446401976563,147.2393457222637,6008100
2021-03-08,152.9376678466797,154.32117668801823,150.11014193815072,151.5541721994593,4558600
2021-03-09,154.93507385253906,156.2840006912038,153.22299216477458,154.19145347413257,3752400
2021-03-10,154.4163055419922,157.0536120618443,153.9926027915506,155.61822383213865,3314800
2021-03-11,155.05618286132812,155.72198451439886,153.3959668174557,154.90917398299365,3045200
2021-03-12,155.6527862548828,155.94679077683816,154.3989888439485,155.55766986127443,2441900
2021-03-15,156.59530639648438,157.19193119289562,154.40764256062417,156.02460804083805,3453100
2021-03-16,155.8257598876953,156.240807311257,154.0185481175753,155.60958743044782,3437300
2021-03-17,154.26068115234375,155.35019892899064,153.80239653630454,155.2204875205643,2929300
2021-03-18,155.30694580078125,156.63856237563922,152.77339765789492,153.25763506105432,2859300
2021-03-19,162.1725616455078,162.8210789435884,155.32422056107106,155.54903514118976,7745200
2021-03-22,162.5962371826172,164.6196210061044,161.4721511846007,161.78343998866666,3952200
2021-03-23,163.35719299316406,164.97415867289848,162.06880046052171,162.36280501566173,2920200
2021-03-24,162.80377197265625,163.82411265648483,162.0255565379314,163.3485306934341,2489700
2021-03-25,166.62571716308594,167.20505772959592,162.2763286462044,162.6394967687576,3444700
2021-03-26,173.75942993164062,174.00154204416137,167.77577750454634,168.0092474680916,6046100
2021-03-29,171.39019775390625,174.63278500887245,170.78490424434884,173.01580585906012,3231800
2021-03-30,172.63531494140625,174.1139403189429,170.87135353796893,171.27775880338055,2810800
2021-03-31,171.26910400390625,174.08798782072517,171.23450902542447,172.97253066175966,3556600
2021-04-01,173.56053161621094,174.20904894343548,169.7904836928475,171.32963042726425,2730200
2021-04-05,177.56405639648438,177.95316416917,174.66734027759924,174.66734027759924,2833000
2021-04-06,177.63320922851562,179.31936479839106,175.48878234022266,176.7425798404461,2494900
2021-04-07,176.78582763671875,178.1260994705883,176.46589663163246,177.90992701977447,2100400
2021-04-08,175.92977905273438,177.097102276949,175.03049434083334,176.69935238808827,3032600
2021-04-09,177.57269287109375,177.84074459051013,175.99895114609325,176.39671424834006,2900500
2021-04-12,177.34791564941406,178.42877809682852,175.94710894556218,177.50355350866334,3191300
2021-04-13,177.2095184326172,178.1260874511613,175.97300523645637,177.7456218523426,2393400
2021-04-14,177.8753662109375,178.12612047804194,175.55799040396963,176.63885278551115,2171300
2021-04-15,177.9185791015625,178.30770009004843,175.99032442699735,178.1434069071979,3370300
2021-04-16,180.33103942871094,181.1438498571157,177.97908239107414,178.12607805666173,4342300
2021-04-19,180.41751098632812,182.3284811384615,180.0716403641165,181.14386040356217,2924500
2021-04-20,179.2242431640625,181.1438554109016,178.49789376684797,180.64233378663462,2089800
2021-04-21,178.79190063476562,180.20999127584685,178.3854954027986,179.19830586673265,2836900
2021-04-22,177.7542724609375,179.552815471633,176.08541443675935,179.23288449665358,2499300
2021-04-23,178.13475036621094,178.8178627330343,176.32755175525187,178.07422893795317,2444600
2021-04-26,176.07679748535156,178.14340568861425,175.40234046129896,178.00505214672654,2675700
2021-04-27,176.7080078125,177.54675797287487,175.80008088492605,176.58695176843142,2260000
2021-04-28,176.7944793701172,177.4775784953324,175.91249209444723,176.33618164515727,1598800
2021-04-29,179.31939697265625,180.21002652052638,177.92724569588782,178.22987924658997,1884900
2021-04-30,179.21559143066406,179.98516477436843,178.10878961486716,178.30767775557388,1802000
2021-05-03,182.691650390625,184.0232800021025,180.56452098191784,180.87579662738062,2249700
2021-05-04,182.97698974609375,183.1758646846986,180.80662332760983,181.24761032906875,2203300
2021-05-05,183.668701171875,184.74956305458585,183.03746833260922,183.87621820912202,2509000
2021-05-06,184.17886352539062,184.97437628220652,183.2622947663226,184.7495617620568,2226000
2021-05-07,185.6575164794922,186.24549909540272,184.01459826410385,184.4296455926358,2298500
2021-05-10,185.06951904296875,187.9748767053919,184.8014673707702,186.34925599126328,3092700
2021-05-11,180.9276885986328,183.9713870282672,178.94754167631126,183.76386993186216,3297100
2021-05-12,175.49745178222656,180.4434654171258,175.32450326282287,179.82090088492694,3857300
2021-05-13,180.3828887939453,181.69722061333766,176.3015530343445,176.58690217110097,3132300
2021-05-14,182.58787536621094,183.5390260944629,181.09195272520117,181.76642281186506,2650300
2021-05-17,181.60214233398438,184.7323149610974,181.03144394074064,184.04056053238844,2583700
2021-05-18,179.07772827148438,183.6320958865717,178.88689075896718,183.22438372571702,4794900
2021-05-19,189.99085998535156,190.69354495696783,182.00120544493552,182.44362495715802,13378700
2021-05-20,192.40248107910156,193.27866301112257,188.3079004522867,189.35756619505628,7086300
2021-05-21,195.2652587890625,196.9915857868693,192.4632419873975,192.76687179544163,5084800
2021-05-24,195.54281616210938,198.22338302260894,195.47341470215463,196.34958331475536,3821000
2021-05-25,195.44740295410156,197.15637595537748,193.67769870772585,195.66427756607084,4103000
2021-05-26,197.01759338378906,197.74628897842447,196.04599925760854,196.2021426406116,3186800
2021-05-27,197.2431640625,198.51838813856062,196.09807272629024,197.72896118919377,6623100
2021-05-28,196.85276794433594,198.09329774503226,196.21081425669794,197.78966795995194,2632400
2021-06-01,197.15638732910156,198.47497551531995,196.09803810267852,197.40795606922927,3426400
2021-06-02,198.11932373046875,198.77861786530542,196.18479242704075,196.41035052244132,3331400
2021-06-03,198.81333923339844,199.7242154861111,196.93086870418122,198.08464352602002,3155400
2021-06-04,200.6870574951172,200.92128574707996,198.40554592235372,199.69810994313133,3085100
2021-06-07,200.2967529296875,201.8322291711132,199.8630036259949,200.8259276096716,2221700
2021-06-08,203.9488983154297,205.04194163691534,201.7367745399926,203.22887298727696,3441700
2021-06-09,201.20762634277344,205.4236700460596,201.16424876560615,203.5151757835014,3372900
2021-06-10,200.96473693847656,202.73442832940782,200.73917882173546,200.96473693847656,2579400
2021-06-11,202.07510375976562,202.1097978756765,201.07747253738674,201.07747253738674,2510200
2021-06-14,202.18789672851562,202.5609147574031,200.86929520446915,202.26596842242543,2904200
2021-06-15,201.7541046142578,202.1357927824442,200.17525120872278,202.1357927824442,2518000
2021-06-16,200.6177215576172,202.12717388758338,199.1429765843738,201.86692166007498,2767600
2021-06-17,200.5830078125,202.06642286129525,199.3771854054363,200.0017853955533,2826600
2021-06-18,199.98443603515625,200.7131316270279,197.79833602256411,199.403213605665,4481400
2021-06-21,202.79510498046875,203.02932001820022,200.60900530281583,200.74780822389937,3049700
2021-06-22,205.77932739257812,206.34319612931813,202.8905557656836,203.41973038629146,2901400
2021-06-23,205.86605834960938,206.438610512656,204.5908345487219,205.48435690757827,2246400
2021-06-24,208.06080627441406,208.08683016660495,206.7422182801611,207.71381222055268,2141900
2021-06-25,208.6767578125,209.70908310084425,208.01745050930143,208.20830123001934,5987500
2021-06-28,209.29269409179688,210.14285219607538,208.0087999522228,208.9803940862813,2062900
2021-06-29,209.80455017089844,211.2012235027366,209.07584125738992,209.29271591614133,2089600
2021-06-30,209.70907592773438,210.75874161880287,208.8936252829188,209.75244025979748,2773200
2021-07-01,211.2098846435547,211.26193244150082,209.17994110178665,209.89996652632382,2125300
2021-07-02,213.90782165527344,214.254815825267,211.85185406225446,212.10342284995292,2178900
2021-07-06,212.92752075195312,214.56709251509886,210.75877433313718,213.83839689525135,2305000
2021-07-07,214.74928283691406,215.4866487107687,212.99693194420254,213.06633342120855,2035800
2021-07-08,215.642822265625,215.97247599802822,212.58055300118454,212.81478134983837,2292700
2021-07-09,215.642822265625,217.5252928023363,214.6018265028003,215.72956419095578,2702500
2021-07-12,218.8178253173828,219.0173462650374,216.11122100969556,216.44087467388908,3056900
2021-07-13,218.39276123046875,219.85883590639702,217.30838803667297,217.30838803667297,2392900
2021-07-14,220.02366638183594,220.38801419252854,218.27131556538117,219.1301439143565,2578700
2021-07-15,219.41639709472656,220.80440003913415,218.635653711608,220.0843746699582,2646200
2021-07-16,217.8722686767578,220.3880225656598,217.62069990635672,220.25788983312557,3415900
2021-07-19,217.84620666503906,218.4534661700013,215.60805907419575,216.6837619181829,3187300
2021-07-20,220.96054077148438,222.4092616256755,216.6056947525598,217.82887077021604,2805200
2021-07-21,222.12298583984375,222.4526395138454,220.60487666420013,221.42899761222733,2262500
2021-07-22,222.955810546875,223.63245835612688,221.19477631441174,223.29412121452356,2472200
2021-07-23,226.44314575195312,226.5125339875063,223.40690082287145,223.62377546066298,2016900
2021-07-26,226.29563903808594,227.61425366083466,224.7601762709641,226.31300595088152,2338000
2021-07-27,224.1268768310547,225.77514499164894,221.81067089834679,225.54958693305173,3036100
2021-07-28,223.31146240234375,224.5606358129366,222.4092566026279,223.1986833681353,2810500
2021-07-29,226.98968505859375,227.14582845160996,223.27679213890124,223.97946388143032,3055000
2021-07-30,226.4604949951172,228.55116976156907,224.44791839838624,226.19157255171874,2806600
2021-08-02,223.1553192138672,227.55354322958823,221.0386338644447,227.35400903185334,3174900
2021-08-03,227.4581298828125,228.41235710648075,223.7799180368799,223.91003752429333,2545000
2021-08-04,226.00936889648438,228.05667899386017,225.75778693463934,226.59060450337776,2397200
2021-08-05,226.7641143798828,227.90053535597494,225.53228127133397,227.0850846057166,2202900
2021-08-06,225.62770080566406,228.14344137403327,224.9770768755364,227.22389500403594,2441900
2021-08-09,227.64031982421875,227.96997354111588,225.6190331807,225.63640009672028,2508800
2021-08-10,229.08038330078125,230.53777473273573,227.29333813384588,228.12612945582578,3369800
2021-08-11,228.16082763671875,231.6741865677564,227.67503051227794,229.49675649195214,2939000
2021-08-12,227.1804962158203,229.5400930369044,226.46045768358226,228.97622434442192,2266400
2021-08-13,226.88555908203125,228.75935896918213,226.0874488346706,227.88317703576763,3070400
2021-08-16,228.2822723388672,228.57721871318137,222.7302860818618,225.62772849608086,3397400
2021-08-17,221.6666259765625,226.71540084527047,219.40339718436087,226.71540084527047,6620500
2021-08-18,215.51234436035156,222.65894138990373,214.3546102522076,216.73971810835417,8908000
2021-08-19,213.62344360351562,217.20979921832202,212.744254650391,212.85742074116666,5067600
2021-08-20,220.57855224609375,221.08342978072537,214.67672765655362,214.7202541010299,4146100
2021-08-23,219.82122802734375,222.16280979158898,219.65583551873087,221.3271472731679,2952900
2021-08-24,218.18472290039062,220.66558389022487,217.8626511506048,220.66558389022487,2466600
2021-08-25,218.61997985839844,219.58620847466466,217.10536055026634,218.0541759324144,2438100
2021-08-26,216.71363830566406,218.0628650283709,215.26864544128844,217.99322537777874,2919900
2021-08-27,216.90512084960938,218.0280419008889,215.59940734596645,216.0085319730336,2661100
2021-08-30,217.0618438720703,218.82020868975002,216.87903811161976,216.93127781632455,2092700
2021-08-31,214.99008178710938,217.2707371225952,213.63214183848396,216.87901243691834,3966000
2021-09-01,214.4591064453125,215.48627473796907,212.6224020800759,215.00751041861244,2862700
2021-09-02,213.9716033935547,214.9726582949627,213.3970863143887,214.42425442099488,2523300
2021-09-03,212.66590881347656,213.4232183960105,211.52558781095615,213.34487877348727,3351700
2021-09-07,211.2818145751953,212.90959951100237,210.2981730091162,212.32638251946935,2725200
2021-09-08,214.23275756835938,214.30239721256262,210.99458716613083,211.29054569219159,2843300
2021-09-09,213.6495361328125,215.2860345321971,212.93573975609243,214.11088714414475,2474600
2021-09-10,212.86611938476562,215.6168257528966,212.56146086271372,215.19030116554293,1945600
2021-09-13,211.61257934570312,214.3545715983666,210.3068662192156,213.70171503512282,2872000
2021-09-14,210.864013671875,212.7529441259215,210.46358905247916,211.86505529675927,1905800
2021-09-15,212.51792907714844,213.14467262076843,210.48101920158584,210.94237024308322,1953000
2021-09-16,214.9639892578125,215.44275358893583,213.04894521572544,213.46676986724842,2171400
2021-09-17,214.72024536132812,216.33933074014007,213.6582639148813,213.6582639148813,3735900
2021-09-20,210.77700805664062,214.28502444101838,208.5311789160562,211.9434424318755,3329100
2021-09-21,210.0544891357422,213.31877301220183,209.9935627435656,211.3863158947453,1960300
2021-09-22,210.4549102783203,211.856376663777,208.67043246592067,210.97718772036578,2285900
2021-09-23,211.2383270263672,213.41451617851058,211.03812134344327,211.96082341876735,2038600
2021-09-24,210.1676483154297,211.3601957353743,209.2449462285466,210.0718954602397,1901400
2021-09-27,207.67811584472656,210.951100037757,207.06007218875635,209.1318088220462,2588400
2021-09-28,203.203857421875,206.61612070445577,202.69897990238624,206.2156960226524,3173900
2021-09-29,205.30169677734375,206.84242918514622,203.5259189317883,204.18748895685619,2655500
2021-09-30,199.1387176513672,205.32780003805792,198.58161376811307,205.32780003805792,5425400
2021-10-01,198.8340606689453,199.7654760569385,194.8559935693993,199.5565571042583,3476400
2021-10-04,196.63172912597656,199.33890872334078,194.01160239996815,198.40749347296634,3816400
2021-10-05,198.08546447753906,199.78288957582717,196.431565824316,197.65022659170077,2407300
2021-10-06,197.45001220703125,198.06804253961695,195.66553429702572,196.85808180145028,2789100
2021-10-07,200.05271911621094,201.51511182430627,198.81663201175343,198.94721132795038,2352000
2021-10-08,199.25184631347656,201.70659371824155,198.7469821874722,200.2529011565329,2004900
2021-10-11,199.09519958496094,201.2975020037501,198.76441457454197,198.9646335452718,1998600
2021-10-12,200.41831970214844,201.42806136789181,198.90368727992671,200.20940076316475,2167400
2021-10-13,206.0851287841797,206.10254201782845,200.66206871307185,201.51513120818413,3984700
2021-10-14,210.73342895507812,212.2219480339354,205.63244154965614,207.86957015498842,4281700
2021-10-15,213.8845977783203,215.31217744633167,210.7856930177247,211.7867480781459,3626900
2021-10-18,220.79617309570312,220.87452600940048,212.86613832311792,213.22303657554176,4365800
2021-10-19,219.52523803710938,223.66871028716645,219.18575309314616,221.56214770088857,3204800
2021-10-20,219.21188354492188,221.74497086277674,218.75923248988974,221.37065942811432,2209300
2021-10-21,221.2836151123047,221.30972831853754,218.8375674417963,219.0290731424397,1758400
2021-10-22,222.78082275390625,224.0691362562502,221.61438859149575,222.38911137487634,2205700
2021-10-25,226.6283721923828,227.19417613031962,222.92885016727226,223.555593784707,2488400
2021-10-26,225.21823120117188,227.63815305495226,224.15624957815655,227.5423868956364,2439700
2021-10-27,223.31182861328125,225.79268950568138,222.5980322113625,225.40096484089932,2269700
2021-10-28,224.7742462158203,226.45425801525485,224.17361583118327,224.80907268350094,1735200
2021-10-29,225.9928436279297,226.13212289482382,223.285677591186,223.285677591186,2417800
2021-11-01,224.51309204101562,227.89051525917438,224.13876732108648,227.67289634599152,1718100
2021-11-02,226.55003356933594,227.3682829225409,225.05281417462177,225.47933880338155,2228000
2021-11-03,226.68060302734375,226.889508715619,223.4685452460472,225.19209686875672,2397300
2021-11-04,226.70669555664062,228.50858664807257,225.818819897656,226.8982012750268,3031000
2021-11-05,221.33584594726562,227.40304897239218,220.06494566145682,227.1941433183554,4060300
2021-11-08,220.51760864257812,222.92883002842953,219.38598758652626,220.44796899333133,2523100
2021-11-09,222.11058044433594,222.33689934227004,219.85605159302202,220.0388440499367,2346800
2021-11-10,221.1443634033203,222.8417884321623,219.92568940338856,221.1269501695255,2093100
2021-11-11,222.85049438476562,223.3466453488002,220.83968434315753,221.3358618720025,2199400
2021-11-12,226.341064453125,227.95144968659446,223.43367902766084,224.04302259647892,2497600
2021-11-15,230.09278869628906,234.1405212249061,227.54230172970384,228.75227548612528,4852400
2021-11-16,232.67825317382812,233.67397186307517,229.49014078971078,229.71724621689282,4355800
2021-11-17,221.6815185546875,224.6250528679601,219.64637931933427,221.84747611667953,11855900
2021-11-18,220.1529998779297,224.16214413600778,218.05671259814162,223.68173080695172,5786300
2021-11-19,218.97381591796875,221.75139262542297,218.72052139372428,219.3232037608032,3960900
2021-11-22,213.6195831298828,219.82979722554208,210.68479183003245,219.61143481730255,5568900
2021-11-23,217.6461639404297,218.1178341858423,212.62382876328004,214.56288793268047,4053400
2021-11-24,217.27931213378906,218.0304793036641,214.97340578195133,216.52814496391406,3052000
2021-11-26,215.36648559570312,219.63765383121736,214.67645291185494,217.21819458019598,3180900
2021-11-29,217.6287384033203,219.74248515522729,215.7508134830258,217.0871905066373,3027600
2021-11-30,212.98196411132812,215.73333856562041,211.58445263746063,215.18306100920512,7907900
2021-12-01,209.9685821533203,216.9649097623159,209.8288269964596,214.58912540682522,3851600
2021-12-02,214.431884765625,215.41014408907435,210.84200624315838,211.27873105938167,3684000
2021-12-03,216.23997497558594,216.97366961431968,214.26596988326745,215.50626700906582,4838700
2021-12-06,212.2220458984375,217.3579337029149,211.6543090015351,217.01728889921688,3772600
2021-12-07,214.54547119140625,215.0695330565428,212.83350377860756,213.67202142172619,3565900
2021-12-08,209.27854919433594,216.03031150622368,208.05571164253791,215.51497939237402,4929400
2021-12-09,207.49668884277344,209.36587048968806,205.98562473742902,208.8505384144237,2762200
2021-12-10,208.03823852539062,209.40956092125214,206.7368070310948,207.14732944719447,2487200
2021-12-13,204.53570556640625,208.33521692378702,202.98969593428353,207.81114179594687,3783500
2021-12-14,205.50521850585938,206.27385841008788,201.6882480617649,201.6882480617649,3364800
2021-12-15,206.7018280029297,206.85032615295756,202.24724335221424,204.03781757211163,3433500
2021-12-16,196.33401489257812,206.70185816497238,196.0807203536176,206.0991890906627,7302100
2021-12-17,195.05003356933594,197.6529097192963,193.4428894584734,196.37768073072758,5832300
2021-12-20,191.45143127441406,193.46909783724647,187.44230057207562,193.05857543475508,5233200
2021-12-21,192.22006225585938,192.8402040160002,189.0843680238127,192.0541046973536,3975700
2021-12-22,190.1848907470703,193.2768959798417,189.5385333468724,191.984194507227,4182600
2021-12-23,193.0410919189453,194.02809423501077,190.66530793308056,190.89241335959233,3345300
2021-12-27,195.7400665283203,196.25539860902018,192.91008494192488,193.99316727622565,4335600
2021-12-28,196.44754028320312,198.70977140514782,195.3382556297338,196.0457476284454,3202400
2021-12-29,199.07666015625,200.51786020230998,196.84936068709197,196.84936068709197,3065800
2021-12-30,202.5616912841797,204.27364496351134,199.84526261107467,199.84526261107467,4007400
2021-12-31,202.1511993408203,204.055313276677,200.21213995363925,203.3128890333412,2485100
2022-01-03,202.59661865234375,202.8848586006102,199.8103124802172,201.82799211808225,3018000
2022-01-04,204.53570556640625,205.8196776346089,202.26474444392858,202.64905109952267,3327600
2022-01-05,199.8976593017578,206.42232833530446,199.81905204298786,205.09468132235645,3885800
2022-01-06,202.0725860595703,203.2168029924124,194.55218388361473,194.55218388361473,4193200
2022-01-07,201.57469177246094,203.68843814379005,200.10730288437773,201.05061669655532,3052900
2022-01-10,198.63992309570312,199.70553276331512,194.79674986442936,199.60945276614407,4858100
2022-01-11,198.75347900390625,199.76668383980805,195.6527299485399,199.225135970807,3048900
2022-01-12,196.06321716308594,201.01567440132152,195.74004510171508,199.31245048252867,4233300
2022-01-13,197.25111389160156,198.09836102311,195.43433722443825,196.77071397253246,3459000
2022-01-14,193.3817596435547,195.9147717884936,190.7526808255963,194.27268207575975,5282600
2022-01-18,192.16763305664062,192.98867777616536,189.78311948764627,191.0932938287306,4652500
2022-01-19,195.51296997070312,199.4085613439319,192.71793370603305,193.6874633680669,4091200
2022-01-20,193.66123962402344,200.29071865814336,193.1546372743579,196.54362586905293,4307900
2022-01-21,189.75694274902344,192.93629904724207,187.11039128806766,192.1589293660997,7859300
2022-01-24,192.66549682617188,193.05854644483017,185.10142078017253,188.1322916824506,5617700
2022-01-25,187.5121612548828,191.00595979507693,185.96616499685118,190.72646284230893,4929100
2022-01-26,184.9180450439453,189.68707302472598,183.7563553235539,188.333223300794,4207500
2022-01-27,185.3285369873047,189.8180809017671,184.6385176405112,188.07991133170617,4004300
2022-01-28,190.12379455566406,190.2286042547487,183.87863453322333,187.17153030545623,2906200
2022-01-31,192.5345001220703,192.79653768285834,188.95336455058043,189.45996694736158,4151100
2022-02-01,191.486328125,194.35998441312,188.95332993294215,193.89705724924585,4117400
2022-02-02,190.07138061523438,192.2375320353489,188.07991646116741,190.63911756183492,4588500
2022-02-03,186.23692321777344,190.69152147156234,185.66918631364368,187.13657523201275,6357800
2022-02-04,186.95314025878906,188.2283824963063,183.89606676116924,187.02301782378285,3754700
2022-02-07,184.55117797851562,187.93143732051084,183.6864713206205,187.55584702571826,4402800
2022-02-08,186.00106811523438,187.4946726224973,183.99213160231568,184.367721817269,2926600
2022-02-09,189.22413635253906,189.6957933110533,186.96190490140194,187.78294972528258,2562700
2022-02-10,186.7784881591797,189.97531738838373,185.7914990213892,187.2501584797037,3038100
2022-02-11,184.7870330810547,187.57334000803183,184.11447301956014,187.058007837179,2852400
2022-02-14,182.17539978027344,184.73460085578563,179.67733324977416,184.4638335969058,4066700
2022-02-15,181.7455291748047,183.6228248040731,180.53495405490702,183.6228248040731,4739300
2022-02-16,182.2982177734375,183.21054974223486,179.65774503126678,181.4823955833166,3340600
2022-02-17,178.95591735839844,181.5437576038747,178.84187253945342,181.22795250840878,3865900
2022-02-18,179.29803466796875,181.26304559692377,178.4997477231862,179.41207948452106,3321700
2022-02-22,172.2450714111328,178.23657377073425,170.62218155370604,177.75410530253765,5621300
2022-02-23,166.5869140625,173.57847778606194,166.33252181295606,172.72755880139954,4471300
2022-02-24,168.03436279296875,168.21857464253205,161.4112360288084,161.8410859870286,3917700
2022-02-25,174.76275634765625,175.0083810748125,167.83260525830974,167.9992686630957,4098500
2022-02-28,175.24522399902344,176.48211506520616,171.7976837973804,173.1310846258831,6192200
2022-03-01,192.4916534423828,199.2200571060121,191.71969580945023,198.98319992797212,15776100
2022-03-02,197.29013061523438,198.36035830183027,191.81619321288713,194.746154669712,6357700
2022-03-03,196.3602752685547,201.05348777910612,195.07073877344746,198.36036995779372,4604600
2022-03-04,196.58836364746094,197.45681770771137,194.43035971497764,195.38654262712205,3996100
2022-03-07,185.1316680908203,197.03575343890464,184.71937995645496,196.58836840871425,5743400
2022-03-08,183.17543029785156,187.64933395886283,181.3244639923641,185.2983372999082,4463200
2022-03-09,189.48275756835938,191.60566463485074,187.23703813886578,187.48266286487018,3183200
2022-03-10,188.41250610351562,189.0265678412599,184.2895048523277,187.3773753721099,3155300
2022-03-11,181.56134033203125,189.9477053128109,181.4122119790059,189.18451509863854,4042600
2022-03-14,183.13156127929688,185.0176244318666,179.78929829915134,182.64909277066877,3168500
2022-03-15,188.9125518798828,189.65819355622736,184.66672454789992,184.66672454789992,2866700
2022-03-16,189.1230926513672,191.8512940687256,185.74574589315785,190.29858435259712,3029800
2022-03-17,193.54437255859375,193.781216383515,188.14936899224188,188.60553496429404,3655400
2022-03-18,198.2989959716797,198.37794391772664,191.30743119122437,192.0179894767373,6544800
2022-03-21,195.62339782714844,200.4131066411652,194.14964950624685,198.28141870884423,3023500
2022-03-22,195.421630859375,197.05328837925265,194.52684747478588,196.24623384266863,2464000
2022-03-23,190.1143798828125,195.3865576805721,189.4301376190615,194.9830370560751,2993500
2022-03-24,190.3950653076172,191.8600594353073,189.62310766331757,190.38629777702096,2240400
2022-03-25,191.77235412597656,192.93029742732742,189.77225929001594,191.28110464143109,2465700
2022-03-28,192.5706329345703,192.5706329345703,189.87751503172623,191.2898639317182,2212000
2022-03-29,195.5619659423828,197.00064399988938,193.1671184609661,194.7461439266691,3072200
2022-03-30,194.71104431152344,196.22865678482745,193.54432040799279,194.456638720728,2464900
2022-03-31,186.16680908203125,193.16714049537055,186.02644827228193,191.52671536124885,4615500
2022-04-01,184.6930694580078,187.8423535955802,183.8772472515823,187.13179531629473,3217100
2022-04-04,188.08795166015625,188.2633959756763,180.87707919227213,184.38601904484665,3167000
2022-04-05,188.4212646484375,191.56176696947648,187.00891602620408,187.28087006938281,2538500
2022-04-06,189.4301300048828,190.43894491112033,185.0965869182843,185.68433276811024,3678500
2022-04-07,200.17625427246094,201.5973706712021,191.61443221346377,192.1144625822319,7938100
2022-04-08,204.69398498535156,207.088845860536,202.3079050257697,204.39572833678935,6631200
2022-04-11,201.15875244140625,206.99237312799198,200.80786380132238,204.62382795802313,3172200
2022-04-12,202.9395294189453,206.50988207816394,202.10615889643472,203.7816808576731,3366600
2022-04-13,205.11508178710938,206.31688938144498,201.33418792067846,202.02721102489673,2451300
2022-04-14,208.0801239013672,208.9485913057979,204.4922362298082,205.1940268549049,3909700
2022-04-18,210.0012969970703,211.6417222487049,206.22041609282803,206.62393671783437,3341800
2022-04-19,215.84365844726562,216.85247326836114,210.07145096834194,210.80832510125742,4715700
2022-04-20,218.71221923828125,220.1596515189984,216.18577835574953,218.09814407866278,3735500
2022-04-21,217.7034149169922,223.58088691734568,217.2121654438466,220.05441174846013,3967700
2022-04-22,212.01014709472656,216.8524880134386,211.79083834605086,216.28229062109924,3431300
2022-04-25,211.9925994873047,213.09791069642537,209.0187735666663,210.52761873910956,3265100
2022-04-26,207.46607971191406,212.72948976803028,207.38713177360287,210.1504166988463,2915500
2022-04-27,202.61497497558594,208.3696346030252,202.1763574626952,207.42221916891592,2995300
2022-04-28,207.36956787109375,208.44856310423236,202.448279299966,205.65018149126166,2317800
2022-04-29,200.5797882080078,206.8783428080133,200.19381603105884,205.7028510571791,3220700
2022-05-02,201.57101440429688,204.39571157501808,197.5181938487147,201.89558700196565,3049000
2022-05-03,203.9921875,205.702806177427,201.32539942771993,202.6763352161587,3027600
2022-05-04,208.28189086914062,209.29948663889323,201.00961891449322,203.38693155419452,3256300
2022-05-05,202.43077087402344,206.90467532701695,200.27277998110796,206.6853665476652,3466500
2022-05-06,197.56207275390625,201.46576528369803,195.31634022248593,198.12350254037582,3683300
2022-05-09,196.6760711669922,200.16746248549654,195.02687857947845,195.7988362256715,4672300
2022-05-10,192.21092224121094,200.66746538359408,190.08801557981118,198.77263495695027,3748000
2022-05-11,187.28091430664062,193.79876425656022,186.30718287266853,192.46536324212445,3193600
2022-05-12,190.59683227539062,193.71101887698205,186.9036674217877,187.1668405713877,3547400
2022-05-13,192.7548370361328,195.8865723175136,191.07054749278058,192.98292669605797,3146700
2022-05-16,192.3337860107422,194.4391447907354,189.71962929204926,193.08820869425628,3345600
2022-05-17,189.62954711914062,189.8938050305201,184.21232041908192,185.53359653526363,6641600
2022-05-18,142.3542938232422,147.98292971959083,136.7080371480502,143.6403418644823,50936800
2022-05-19,135.14892578125,142.19573186781943,133.25510202177085,142.05480596103217,23319000
2022-05-20,136.84898376464844,137.23656027548682,132.91157952882995,135.31629850107396,12300200
2022-05-23,135.56292724609375,137.5096133490631,135.01680407327052,136.52306479410092,7700100
2022-05-24,132.08358764648438,133.96860800459493,128.17260756275346,133.51937889146504,10936600
2022-05-25,137.78268432617188,138.2759586372725,131.70481901469813,132.3390326834609,8107700
2022-05-26,143.7548370361328,143.86935193253038,139.04229367577736,139.15679513145938,7369700
2022-05-27,147.2254180908203,147.27826699401913,143.75486341310614,143.79010497571736,6315500
2022-05-31,142.59213256835938,146.91709980456739,142.19573895366415,146.6704626545044,8942100
2022-06-01,137.8707733154297,143.71962218890164,137.8355317560313,142.59213422105526,4480900
2022-06-02,141.73770141601562,141.86982365596518,137.48319056033014,137.90599516888483,4366000
2022-06-03,141.8521728515625,143.45532737410073,140.0552435650195,140.2226073273409,4187700
2022-06-06,140.64544677734375,142.74187599957773,139.83506564757923,142.169314910449,3772300
2022-06-07,137.39511108398438,139.13038832445108,129.61719650724132,130.36592510201956,33299700
2022-06-08,138.02931213378906,140.61021186340977,135.07847013661387,136.0297771346146,6576000
2022-06-09,136.13546752929688,139.42984028282658,136.08261864202095,138.0733362267933,5744300
2022-06-10,131.83694458007812,134.52354234999174,131.80171646013443,133.4577069118329,5099600
2022-06-13,127.5560073852539,129.82860415456756,126.72800544906399,129.07107189812967,5886000
2022-06-14,125.69743347167969,128.98300389801994,124.4554303511253,127.61769561732483,5200800
2022-06-15,129.87261962890625,131.48457790202968,125.1776841367488,125.53883612246413,6353100
2022-06-16,125.86473846435547,129.55550453409634,125.0895856552319,127.65286406118203,5630300
2022-06-17,122.7025146484375,124.90464156804076,122.06830102033447,124.27042793993773,10928100
2022-06-21,127.45909881591797,128.33994955195155,124.06783154661798,124.68442437369838,6555500
2022-06-22,124.0325927734375,127.12438752834753,123.53051483180475,126.12902187326642,4639700
2022-06-23,129.31771850585938,129.74934028560924,124.0502338861454,124.92228111598851,5211100
2022-06-24,132.49755859375,133.00845360458717,129.02700473991064,129.63479386384995,6993100
2022-06-27,131.7840576171875,133.82762400161843,130.39231206883167,133.14937872303832,3607200
2022-06-28,127.3005599975586,133.28153095072014,127.13319619686067,132.51519506406797,4131800
2022-06-29,124.99270629882812,127.27411977831358,124.48182473150864,127.02748266280943,4238900
2022-06-30,124.40255737304688,126.16425901060897,120.81750152978077,123.4776613251834,5899900
2022-07-01,125.41554260253906,125.52124039868755,122.8786879692415,123.98855515095083,3010200
2022-07-05,128.34878540039062,128.65707513858356,122.70252813228566,124.5611239943016,3715100
2022-07-06,127.5560073852539,128.67469171015202,125.98809397274339,128.12856849297017,2828500
2022-07-07,132.0924072265625,132.24215026707157,127.93478989233137,128.41044346567085,3959500
2022-07-08,130.3571319580078,132.15406191356584,129.89028204756858,132.03074332289734,2544900
2022-07-11,128.94776916503906,130.99134980683058,128.4192532223085,130.3571360518414,2050800
2022-07-12,127.3357925415039,131.828137105182,126.49018328009052,129.18558464201064,3132800
2022-07-13,128.11093139648438,129.77573872653235,125.28339465969032,125.66216746002684,2769000
2022-07-14,128.8596649169922,129.08869474002356,125.89120185388091,126.4373250797853,2976000
2022-07-15,129.1943817138672,130.96488693511782,128.47209106665903,130.29544518395952,3831500
2022-07-18,131.5638885498047,134.5763969596933,130.17214254043193,130.85040148439919,4362700
2022-07-19,135.08726501464844,135.24581169042563,131.91619709195348,133.3167599315609,3155900
2022-07-20,137.85316467285156,137.9500588086529,134.0743202580356,135.4748699513038,3248100
2022-07-21,139.75579833984375,139.8350716901479,136.52307735050718,137.83553650793363,3105200
2022-07-22,138.94540405273438,141.63198812457478,137.96765916917175,140.3635743173483,2779800
2022-07-25,138.72515869140625,139.59719213845935,137.950005902281,139.52672248120132,2328000
2022-07-26,133.72193908691406,134.43542598456727,131.68717617413574,131.88976806638814,4620000
2022-07-27,136.17953491210938,137.27178126881185,132.83229928582819,134.7701682987122,3609300
2022-07-28,140.42523193359375,140.9889759039926,136.24119066307702,136.61996349358057,3114000
2022-07-29,143.91339111328125,144.49474235810092,139.64125985843347,140.93611145770836,5523000
2022-08-01,145.82484436035156,148.9606708800458,145.648676898483,148.54666995226097,4534700
2022-08-02,144.00144958496094,146.51187912348522,143.8340858236309,144.91754171833176,3109400
2022-08-03,147.91246032714844,149.43632840245837,144.79425450173696,144.79425450173696,4057000
2022-08-04,146.71449279785156,148.42334533381165,145.98338509222353,147.65700951353244,3157600
2022-08-05,146.3357696533203,147.0140151937316,144.81188786344373,145.38444903374972,2205400
2022-08-08,147.07565307617188,150.6166769093075,146.59998613701845,146.80259148996558,2806400
2022-08-09,145.4460906982422,146.291713443549,144.38026867714478,146.0186518255938,2608600
2022-08-10,149.45396423339844,152.32553320660367,147.76273219021766,148.8990238889719,4539900
2022-08-11,149.39227294921875,152.3783560617803,148.75805941728407,150.6871244568592,4278800
2022-08-12,151.9291229248047,151.93794003374347,149.78866220419837,150.68713366948842,2357300
2022-08-15,152.730712890625,153.40897173989984,149.92079681291668,151.3565878541733,3788600
2022-08-16,159.71534729003906,162.99492046032495,155.6114412586629,156.98532034383922,9057600
2022-08-17,155.4164581298828,157.7653519677194,151.41892541015503,154.37054569621466,13409000
2022-08-18,153.38665771484375,155.23917171225423,152.08368995925838,154.2109770775814,4241300
2022-08-19,148.0595245361328,152.38502281034286,147.8379316085599,152.30525260240677,5015800
2022-08-22,143.5567626953125,147.1199670973289,143.024934279361,146.31337915057898,4630100
2022-08-23,143.56564331054688,144.3190647598857,141.95244012253593,143.53905323821354,3795100
2022-08-24,144.59384155273438,145.8436155592229,141.57131035396753,143.65428957304985,3407100
2022-08-25,148.46725463867188,148.51157592713778,143.23766719869602,144.1506289362685,3071400
2022-08-26,142.3690185546875,149.01680632470405,142.35130085860447,148.91930489641211,3607600
2022-08-29,140.65834045410156,142.21834992370432,140.18856449095526,141.1547064887497,2531100
2022-08-30,142.51083374023438,142.7856067895443,139.3198903693105,140.66717907314037,3249700
2022-08-31,142.12083435058594,142.98061597685532,140.27717960172788,142.9274358391411,4901300
2022-09-01,146.10952758789062,146.16270773310606,140.1353901760399,141.19016128105403,4021400
2022-09-02,145.89682006835938,147.43909851752093,144.73566151904106,146.7034082179371,3563200
2022-09-06,144.99270629882812,146.0652086445087,141.22562600250652,145.81702561286554,4530300
2022-09-07,151.38340759277344,152.20774025720362,144.2835755715102,144.6735812600614,5206400
2022-09-08,152.36729431152344,152.64208090758902,149.5486387144149,149.85887422854358,2817100
2022-09-09,153.91847229003906,154.73394632551535,152.04822707327295,152.23437111994858,3379500
2022-09-12,154.09573364257812,156.11666014395965,153.46640375115797,155.21255717493332,3024600
2022-09-13,147.3504180908203,152.23432068605803,146.86291101099727,150.72749168702444,3585400
2022-09-14,146.58816528320312,149.69046642810127,144.8331394689755,148.7863634503137,3618800
2022-09-15,146.2601776123047,149.78794643321183,145.9854045713455,146.65018329300457,2909300
2022-09-16,145.44473266601562,146.81861154057054,143.33517716391674,144.23926658269093,4843500
2022-09-19,146.0386199951172,146.33112432632538,143.61882865052698,144.47861042030112,2607200
2022-09-20,141.84605407714844,145.14335769736928,140.24172355453263,144.74449315983375,3019600
2022-09-21,140.959716796875,145.20544560986357,140.959716796875,142.70587045524982,2809500
2022-09-22,135.5794219970703,140.42786278222073,135.29577655938692,140.25946351917497,3984700
2022-09-23,135.26922607421875,135.4199076852226,132.69875278656718,134.68421733152414,3796600
2022-09-26,131.81236267089844,135.18056485298519,130.6246141227822,134.3385143074635,3967800
2022-09-27,131.599609375,134.95895221791903,130.1725503753788,133.3723528018607,2941400
2022-09-28,138.15875244140625,139.11603549964187,132.34415625801262,132.54801796186243,4254000
2022-09-29,134.5423583984375,137.16602465954725,133.75348810294477,136.67851750503843,3170400
2022-09-30,131.5286865234375,134.9323503596461,128.96707303642705,134.36507305361133,4328300
2022-10-03,134.5423583984375,135.27804855434005,131.52869993867992,132.66325466646813,2847500
2022-10-04,139.1249237060547,140.30378629831898,136.80262039262976,137.1217147816903,3028600
2022-10-05,138.63743591308594,139.64789936569713,135.9783201404289,137.3876482539462,2491700
2022-10-06,138.0524139404297,140.9331224175173,137.8130897568826,139.56811573628013,2603400
2022-10-07,135.0298614501953,136.9621587880031,133.59394362505213,136.8026048491212,2771900
2022-10-10,135.7035369873047,136.39490595514653,133.38123352035993,135.59716316727895,2055800
2022-10-11,136.9444122314453,139.79852986609725,135.3578130180622,136.0580406312418,2408100
2022-10-12,136.64308166503906,139.16037436293863,136.53670785071844,137.15717893854708,2265100
2022-10-13,136.6076202392578,138.32718372988307,131.9541681955384,134.02828852828054,3393900
2022-10-14,129.13551330566406,137.55604564038757,128.6923273933102,136.92671569386238,4762800
2022-10-17,132.29100036621094,133.8421511242737,130.01301818953164,130.95258372395426,3177400
2022-10-18,139.36424255371094,142.8211008927462,137.39649595955763,137.85741310975456,5563400
2022-10-19,137.73333740234375,140.2151815787396,136.61651360919882,139.32880962466697,2611500
2022-10-20,136.85580444335938,141.07494298859535,135.98716384138285,138.2562735506052,3079800
2022-10-21,141.10150146484375,141.1635404457552,136.76714474985135,136.97986528435652,3508300
2022-10-24,143.43270874023438,144.3899784995465,141.4915520964254,142.08541965218618,2974100
2022-10-25,146.96044921875,147.41249397414308,143.58337477708977,144.30133378122724,4177900
2022-10-26,147.8202362060547,151.3479923580707,146.53499973728876,148.76864704612407,3453500
2022-10-27,147.9354248046875,150.94909656693554,147.84679575356614,149.10544188913818,2957400
2022-10-28,148.4849853515625,148.8572598284787,144.51403054787326,147.36814839585566,3066800
2022-10-31,145.58653259277344,148.3431487585116,145.38267091555232,147.1376828639293,3792500
2022-11-01,145.887939453125,148.00636763228505,144.0974780552308,147.52773278457104,3051000
2022-11-02,141.9967498779297,147.04020723665994,141.89038959724036,145.8790624226033,3377900
2022-11-03,141.6422119140625,142.51971131263747,139.82514707591287,140.02900879654666,3041600
2022-11-04,141.49154663085938,144.25702255085116,138.50446421731803,143.9556593595621,2653500
2022-11-07,141.7042694091797,143.06928969070333,140.04675830657692,142.91860809273595,2424100
2022-11-08,143.25540161132812,145.94997937498218,141.65107086633668,142.98950089942008,3284600
2022-11-09,135.6060333251953,143.22882307101614,135.17170625251276,142.77677829941993,4018400
2022-11-10,145.70181274414062,145.85249433948536,140.3924403583474,140.87994759326352,4962900
2022-11-11,153.62594604492188,154.964362412522,146.2070058875409,146.3576874501217,5828300
2022-11-14,153.57276916503906,156.71053282859557,152.76618112719598,153.02322299146158,5753800
2022-11-15,159.6378936767578,160.9579620761087,157.7826745512705,157.8718731438571,8606000
2022-11-16,138.66859436035156,141.3622313587196,132.6748134633417,133.6559435782491,36731500
2022-11-17,144.5018310546875,144.65345779082386,136.215792625896,136.89365573035195,11300500
2022-11-18,145.2777862548828,146.90109427514784,142.70901954788718,144.47503985405035,7280900
2022-11-21,140.9430389404297,144.4304812444788,139.82812441117954,143.6723475304666,5964700
2022-11-22,140.80029296875,142.62875508175094,138.9183171487001,141.62978264759525,6364100
2022-11-23,145.75050354003906,146.4016096075164,141.1481345591535,141.35327495661775,4833500
2022-11-25,145.72378540039062,146.24110734820835,144.13614828216882,145.8308128344923,1883000
2022-11-28,147.4987335205078,148.8544734476625,145.21539065990854,145.21539065990854,4624100
2022-11-29,148.39064025878906,148.92580460616523,144.0558525963852,146.66029096004013,5231700
2022-11-30,149.01499938964844,149.1576980834772,145.1529344352869,147.95359874736735,11376700
2022-12-01,147.1954345703125,149.33606443865273,145.42941424844216,148.47981793523374,4989200
2022-12-02,146.4194793701172,147.04382870269427,144.8942705057266,145.66133214569126,3442900
2022-12-05,138.18692016601562,145.28669983612764,138.06205031901882,145.28669983612764,6233200
2022-12-06,138.29397583007812,139.74781485768995,136.71525333245177,138.98076686618808,4721800
2022-12-07,137.14340209960938,138.86483721721044,136.8133917526782,136.91150477606269,3685200
2022-12-08,137.5447540283203,138.4812711570991,136.61713770466596,137.39311370615482,3107100
2022-12-09,135.82333374023438,137.99964887408478,135.68062142756986,136.831220734959,2905900
2022-12-12,133.8164825439453,134.396232578007,132.38938669269314,134.23569143988334,4433800
2022-12-13,134.56568908691406,137.44663737484856,133.5221309578622,136.6438909303363,4178900
2022-12-14,136.0284881591797,137.93722130533686,133.91461454861312,134.23571048020014,3749100
2022-12-15,131.64907836914062,133.78970825734092,129.6154758924125,133.66483840735913,5415500
2022-12-16,130.62338256835938,131.70262581308006,129.82064955709674,130.26661536553073,8367000
2022-12-19,129.01791381835938,131.11395873871362,128.0457115403217,130.7571915057926,4186700
2022-12-20,127.76921081542969,128.40248828491985,127.05566276256386,127.45702928923929,3175400
2022-12-21,126.92186737060547,128.60761752323359,126.62752831414075,126.88618248569075,3510200
2022-12-22,126.07451629638672,126.3956121637844,124.58497879360166,126.20830057038829,3846500
2022-12-23,127.68000030517578,127.7870413494974,124.76339383598193,125.63748297413265,2464800
2022-12-27,129.8206329345703,130.47173912077187,127.01104053530482,127.54620488082053,3112500
2022-12-28,130.0436553955078,131.3101968816491,129.1963229320089,129.6066039266384,2623200
2022-12-29,132.33587646484375,133.48647575754129,131.00690719828594,131.08717776946156,2829000
2022-12-30,132.9334716796875,132.96915656302687,130.9355537261326,131.31907775836132,2391100
2023-01-03,135.332763671875,136.14442460914896,133.41511637679844,133.77188353548416,3685200
2023-01-04,136.2157745361328,137.64287032522958,131.7204323273338,132.23775421063655,4443300
2023-01-05,137.58934020996094,137.81232307186534,134.04837127413566,135.76089163017997,3266000
2023-01-06,142.8428192138672,143.654480116425,139.92621311138316,140.61299054296828,4944200
2023-01-09,139.4534454345703,143.0389989790614,139.44451741250504,142.6019614111342,3853800
2023-01-10,139.1145782470703,140.51490383740253,138.10669114404243,140.40787639630105,2554900
2023-01-11,141.79037475585938,141.81713161643722,139.05213807182065,140.16705262855365,3146800
2023-01-12,142.48605346679688,142.9320192053471,139.56943372593602,142.709036336072,3222600
2023-01-13,146.8119354248047,147.10626085337148,141.93306886217266,142.10253803060482,5161200
2023-01-17,144.5821075439453,147.78413849436868,144.55535068662775,146.71382337228061,3527900
2023-01-18,143.44937133789062,147.33819394229965,143.27098772682174,145.75055666713146,2798100
2023-01-19,141.90631103515625,143.2531227380359,140.50597200856248,142.2630782011471,2881300
2023-01-20,144.68020629882812,145.16184329287307,141.3711346354555,142.3790215277382,3122000
2023-01-23,146.83868408203125,147.60574570013458,143.91314991293822,144.68021153104152,2371400
2023-01-24,145.87542724609375,151.4678426237359,145.61675944049236,151.4678426237359,1902000
2023-01-25,146.4640655517578,146.4640655517578,143.27986382606315,144.93885682394745,2248200
2023-01-26,148.9793243408203,149.0417660814492,146.70489618722928,147.79305375702899,2079100
2023-01-27,150.2993927001953,151.91380036799197,148.76526922181145,149.84451247257317,3850300
2023-01-30,150.4510040283203,151.26266498740605,147.82873676094297,148.95256558981896,3453500
2023-01-31,153.53709411621094,153.60845027229126,149.95152552949745,149.95152552949745,3716000
2023-02-01,157.9432373046875,158.47838805795945,151.5480898540322,153.51033650228624,4022200
2023-02-02,161.4574432373047,162.06395012196086,157.7826762186546,158.50515216273436,4003800
2023-02-03,157.65785217285156,159.71822595989786,156.26644081210233,158.11274607834164,2941600
2023-02-06,155.0533905029297,156.42697282761807,153.16249981209774,155.81153782848594,2642700
2023-02-07,155.87396240234375,156.48048297088474,153.358722353143,154.79473278169604,2256700
2023-02-08,153.22491455078125,155.16933240134952,152.97517480627454,154.76796592694913,2037000
2023-02-09,152.8502655029297,155.21389165984095,152.12780331342495,154.03653578820965,1656100
2023-02-10,151.64620971679688,152.69868243929517,150.54912408393355,151.91379191041707,1841400
2023-02-13,154.58958435058594,154.75012549851655,151.92270408944248,152.5113821847791,2432600
2023-02-14,153.62921142578125,155.25372799167437,151.5379784541465,153.97027499479998,2418400
2023-02-15,157.9822235107422,158.22454519957327,152.53424469850327,152.58809396268796,2954400
2023-02-16,156.6538543701172,159.122045707856,155.96277065604485,156.3486994551919,2318700
2023-02-17,155.4691619873047,155.73842201918168,153.3779287027522,155.5858445299827,2678100
2023-02-21,149.18649291992188,153.46768774241872,149.1416139650894,152.1483259021218,4133600
2023-02-22,148.73773193359375,151.95087065400708,148.27101545090068,148.63003339725472,2941000
2023-02-23,148.54025268554688,148.89925688165846,145.28223551006207,148.89925688165846,2718500
2023-02-24,149.85064697265625,150.27247074858354,146.29644510258785,147.26577288533377,2888800
2023-02-27,149.71603393554688,152.46245624254433,148.52232491218587,151.38542976658343,5245000
2023-02-28,151.23281860351562,154.97549264898208,149.97629027714737,151.43924532246223,10669300
2023-03-01,145.7579345703125,151.14308013860187,144.32190396918205,150.92768308075568,5835700
2023-03-02,148.93516540527344,148.98004435353639,144.45651479322447,144.6898798461388,2829200
2023-03-03,148.98902893066406,149.1775150533628,147.48119472960818,149.12365209321064,2318600
2023-03-06,148.27101135253906,149.6711470667828,147.66070140330828,149.5185695794751,2220900
2023-03-07,146.13487243652344,149.5454528713963,145.91946173421488,148.83641489755044,2410800
2023-03-08,146.75418090820312,146.95163733305637,145.55150173510273,146.20669058386147,1752700
2023-03-09,144.17828369140625,147.82222967007553,144.02570622426018,147.4721957877682,1872200
2023-03-10,141.97036743164062,145.2822338287005,141.36902787779036,143.84620336574127,2754200
2023-03-13,141.7370147705078,144.25905548786778,140.220196737471,140.30098432077924,2342500
2023-03-14,142.14089965820312,143.8910827610491,140.50741277604754,143.3974417242241,2574200
2023-03-15,142.82305908203125,143.47824804529887,140.10356130414397,140.30998807706538,2633900
2023-03-16,146.34133911132812,146.5118709186841,141.11774113817418,141.40495548638083,2510100
2023-03-17,143.02944946289062,146.70930396549056,142.0690920462358,146.05410147379584,13175000
2023-03-20,146.51187133789062,146.62854018394123,142.93971477130242,143.0384429918892,2875800
2023-03-21,146.0361785888672,147.88507637601103,144.9322138869201,147.4004056056115,2497200
2023-03-22,141.33314514160156,146.3951813780687,141.2433872382952,146.20669525917867,2909900
2023-03-23,140.1215057373047,142.92179119381967,138.6226416242517,142.48199930508588,2791700
2023-03-24,140.2112274169922,140.52536635562933,137.03398417495106,138.86494115734507,2703700
2023-03-27,143.04742431640625,143.63977993368135,140.44459568391324,141.21646711353065,3078700
2023-03-28,143.39744567871094,144.73474797565046,141.89858190384052,142.75122715725234,2910600
2023-03-29,141.90756225585938,144.50140683699135,139.94198192194852,144.4026786199185,4219400
2023-03-30,143.84619140625,144.86936833290434,143.30767146795574,143.42435398345003,2237400
2023-03-31,148.65696716308594,148.8364692997223,144.45654595109215,144.9501870981935,3094100
2023-04-03,149.0428924560547,150.7481969505644,148.38770351041717,149.34804745044644,2744400
2023-04-04,149.03390502929688,149.90450465078266,148.04662287241612,148.72875006994585,2350500
2023-04-05,148.30694580078125,149.87761359625105,147.24785982293642,148.80955730410977,2762100
2023-04-06,148.61207580566406,148.8454271943081,144.21419850176753,145.9105325825824,2552900
2023-04-10,151.68157958984375,152.29188943109835,147.7234948474429,148.16328660608684,2724400
2023-04-11,152.2021484375,153.6920418273991,152.0226463448315,152.31883096054386,2155500
2023-04-12,146.75418090820312,153.27021553809428,146.46698027804658,152.9919852199282,3900300
2023-04-13,146.53878784179688,148.03765169291117,145.12966819842484,147.2298716524317,2464600
2023-04-14,144.50140380859375,148.5133382894492,143.50515134633164,146.29645230311044,2370100
2023-04-17,146.02716064453125,146.36822416702054,144.716783196779,144.95910483052964,2566500
2023-04-18,145.7579345703125,146.32337923742557,145.38996003144743,146.25157565309905,2195400
2023-04-19,145.85667419433594,146.1618428753743,143.79237918781632,144.27703630100876,2183700
2023-04-20,143.8551788330078,145.83871335675886,143.40641672941217,144.42959377780494,2809900
2023-04-21,145.5604705810547,147.66965796386535,144.4475493195994,144.78861290366225,2743600
2023-04-24,147.14012145996094,147.37347282475938,145.67715261242122,145.67715261242122,2313100
2023-04-25,141.4587860107422,147.29269315818897,141.20748033692428,147.14908600311244,2723300
2023-04-26,139.5201416015625,142.35632151185064,138.9277723110973,140.86642797345627,3077400
2023-04-27,141.94345092773438,142.34734778572243,139.23293762449006,140.2202060564547,3037900
2023-04-28,141.5844268798828,143.29870119898413,139.96888075965987,142.39219309242884,3432900
2023-05-01,141.01901245117188,142.48198143034836,140.31894459865237,141.52162386373627,1964500
2023-05-02,139.762451171875,140.7317788240395,137.83277987325138,140.5073978034958,2277400
2023-05-03,138.7303466796875,142.3653093758368,138.52390621671654,139.403489948624,2385700
2023-05-04,136.8993682861328,138.66749209650143,135.40947479295667,138.3802777722171,2653600
2023-05-05,140.2830352783203,141.60239694867667,138.37130434879734,138.65851866662325,2187200
2023-05-08,140.46255493164062,141.6203552691159,139.69965378782405,140.4446006107498,1495200
2023-05-09,141.28826904296875,141.68318191327796,139.49322050166035,139.74452620183283,1886000
2023-05-10,141.5664825439453,142.97560205499767,139.13419972893618,141.97036567869287,2804800
2023-05-11,142.5896759033203,142.98458877198698,140.498442717978,141.25237351049321,2832000
2023-05-12,141.79983520507812,142.97558956591763,140.04068197155766,141.62930343760416,3361600
2023-05-15,144.11546325683594,144.31290597568213,141.27029957227637,141.78189492534693,4055200
2023-05-16,141.7841796875,145.34437343604193,139.7872133901549,142.20887369026747,5805900
2023-05-17,145.44375610351562,147.1425181620913,140.16671095639956,140.7811673682952,8387700
2023-05-18,139.31732177734375,146.04012151396896,138.47697870420038,145.36242015000062,7881600
2023-05-19,137.60049438476562,140.3022689931883,136.3806263209667,139.96792691891721,4456000
2023-05-22,137.26617431640625,138.01616558280043,135.3324667120679,136.4438932401085,3717000
2023-05-23,132.9740447998047,136.74206266833923,132.7752512998741,135.8384608642436,4374100
2023-05-24,129.30543518066406,131.82647837163057,128.42894024971304,131.74515751111855,6738300
2023-05-25,127.18195343017578,128.4921732834279,125.28438413383185,128.4740973868131,7409500
2023-05-26,125.53740692138672,126.93799264150553,123.98322431875913,126.7843819711258,8100400
2023-05-30,120.93807983398438,125.50127236944658,120.70314829420205,124.89586072672681,10931900
2023-05-31,118.30857849121094,122.22117598722514,118.03750897821757,121.29951206730885,20234400
2023-06-01,118.51642608642578,119.30255531121088,114.5315384799287,116.20320747584903,13678400
2023-06-02,120.37784576416016,120.43205967189506,117.97426141019348,118.58871786955424,7594000
2023-06-05,118.01041412353516,119.73628328060337,117.21524003626043,118.97726099067978,7702900
2023-06-06,119.90796661376953,120.14291192660158,117.40498554775041,117.55861000054236,6065200
2023-06-07,119.04956817626953,119.55558311008625,118.38089770637012,119.30257564317789,5504400
2023-06-08,118.61581420898438,119.97121693255085,117.66702954491393,118.82363876599443,6162000
2023-06-09,114.74840545654297,118.0104158208571,114.7122605526074,117.01644819746765,9404100
2023-06-12,114.2875747680664,115.10984893684584,113.02253069139323,115.02852807249938,8248400
2023-06-13,116.31163024902344,116.92607288363703,114.52249556785902,115.20923489833915,6916300
2023-06-14,120.38687896728516,121.56156421135832,115.59779296638149,116.74536436216808,14968700
2023-06-15,124.55247497558594,124.76934438196668,121.62481382273081,122.08564579993617,10063100
2023-06-16,120.91097259521484,124.7512808151193,120.75736192096322,124.7512808151193,9903000
2023-06-20,119.9260482788086,120.44109420503328,118.751363021773,120.28748353272518,5355200
2023-06-21,120.37784576416016,121.06457824192032,118.67003873115661,119.60074758159463,3845500
2023-06-22,119.62786102294922,120.86579127626591,118.76039708853529,120.5766458233756,4620600
2023-06-23,119.1218490600586,119.64593985588515,117.75741505242395,118.38088882834357,6975500
2023-06-26,121.53445434570312,122.40191822777048,119.58267095195455,119.59171579510223,4831100
2023-06-27,119.73628234863281,121.84167642214629,119.64593043169994,120.35976986331386,6047600
2023-06-28,119.70013427734375,120.52241524317455,119.16701251228098,119.90795883547727,4601900
2023-06-29,120.09773254394531,121.13686921990437,119.06762692340585,119.70917655496882,6055200
2023-06-30,119.1850814819336,120.94711616381677,118.4893179672916,120.91096436770502,7316200
2023-07-03,121.85975646972656,122.27541942295653,118.9049743067902,118.9049743067902,4134600
2023-07-05,119.77244567871094,121.52543573288065,119.71823176575676,121.29953523699017,5186900
2023-07-06,118.22726440429688,120.15194078392919,117.85678433150818,119.16701806269407,4882300
2023-07-07,117.51343536376953,119.47424992418416,117.34174878865838,117.92005348026512,4256800
2023-07-10,119.04051208496094,119.14893989429815,117.72124732392183,117.72124732392183,3831300
2023-07-11,120.53144836425781,121.35372934418662,118.70616879475659,119.31158037039116,4089200
2023-07-12,120.09773254394531,122.35673730722228,120.03447379239553,121.85072244630757,3758300
2023-07-13,120.01641082763672,121.35373777737772,119.89893816866346,120.513380841725,3077400
2023-07-14,118.2995376586914,119.88987175090433,118.06460617089226,119.35675003558997,4124300
2023-07-17,117.4772720336914,118.21823217188908,116.15802104852149,118.1911252193082,4731500
2023-07-18,118.20015716552734,119.24833863279248,116.60077801184435,117.78450803090611,3786400
2023-07-19,119.90796661376953,120.11579118538441,118.26341836329756,118.82364711629003,3229200
2023-07-20,121.66095733642578,122.2482930469695,119.70917395426828,120.29652345268255,4174700
2023-07-21,121.15493774414062,123.21514885981836,120.72121271659532,122.10372244454037,4034200
2023-07-24,122.35675048828125,122.52843707484482,120.92905766954541,121.37182761447924,2622600
2023-07-25,120.7212142944336,122.73624258635843,120.48626898604535,122.06757224475605,3849400
2023-07-26,121.50735473632812,122.47420164849432,119.6911197891793,119.962189342581,5180100
2023-07-27,121.53445434570312,124.95006839082781,121.53445434570312,122.28444556981589,5538800
2023-07-28,121.98626708984375,123.55853949596899,121.81458050788001,122.75433428666933,2957500
2023-07-31,123.3145523071289,123.69406345031082,122.221187942254,122.221187942254,6055300
2023-08-01,120.17002868652344,123.37780458920051,120.13387688719732,123.18805590028899,4060700
2023-08-02,120.6669921875,121.16397599224948,119.11280959753843,119.45616894528918,3562700
2023-08-03,119.9350814819336,121.11879781575757,119.81762260563663,120.38688245135474,3723100
2023-08-04,119.75434875488281,121.64287325989683,119.2483339389814,120.90192693314683,3481500
2023-08-07,119.22124481201172,120.8115792980253,118.67907812084688,120.1971365833854,3036700
2023-08-08,118.3537826538086,118.56162103502595,116.88092081244062,118.02848539176395,4359100
2023-08-09,118.01041412353516,119.33871002483686,117.70317899753393,118.68811555122497,2761200
2023-08-10,118.2995376586914,119.73626111028163,117.93810247932838,118.59772788620663,4375600
2023-08-11,118.41703033447266,118.99533499203234,117.48632149164801,117.49535254690637,3804000
2023-08-14,116.94415283203125,119.1128056014911,116.4471690439548,118.12786908044127,4425100
2023-08-15,113.96405792236328,117.85551735746671,113.88203299560911,116.60696127564552,9416500
2023-08-16,117.33602905273438,123.25978974277533,116.2241836261185,123.03195279315837,23754400
2023-08-17,118.5754623413086,121.072560309532,117.04439081226202,117.14463962610473,8659600
2023-08-18,119.57795715332031,120.6806802610688,117.61855093814357,118.11979503533132,5755800
2023-08-21,116.46114349365234,120.07008017341933,116.1330577088524,118.92178687965189,5928600
2023-08-22,113.86380004882812,114.89362059312697,111.76769725965246,114.39237650566214,8791100
2023-08-23,112.28716278076172,114.27390128371032,111.9043983694768,113.29875940560902,4797500
2023-08-24,113.0982666015625,113.40812848561099,111.29380175533717,111.74947567956026,4308100
2023-08-25,110.99304962158203,113.09826081888355,110.045247073295,113.007127429305,7279700
2023-08-28,112.48766326904297,112.76107040006768,110.6740830288067,111.12064151998372,5116600
2023-08-29,114.97564697265625,116.34266873433032,112.79751923559924,112.84308940886793,5267400
2023-08-30,115.69561004638672,116.0601505872968,114.25568568699227,114.62021927486985,3276700
2023-08-31,115.33106994628906,116.37911438180758,114.68400687236831,115.14879620960994,4234600
2023-09-01,114.39237976074219,116.37911836381383,114.05518550415462,116.24242174791743,2997100
2023-09-05,114.09163665771484,116.16950859025452,113.91847834565915,114.30124276417287,3427300
2023-09-06,112.74284362792969,114.34681781836164,112.2142601971121,114.09164152845864,3562100
2023-09-07,113.42635345458984,113.8091178858248,112.56968424398863,112.87043070554427,3267200
2023-09-08,112.72461700439453,113.67241959614059,111.66745016832047,113.33521839090339,2923200
2023-09-11,111.7950439453125,113.56306107605646,111.67657122275962,113.32610867791809,2613100
2023-09-12,111.54898834228516,112.53324577823376,111.41228476178681,112.00466230859104,2930600
2023-09-13,112.03197479248047,112.71548557817776,111.63097957323471,111.85881650180048,2541500
2023-09-14,113.7088623046875,113.88202061220292,111.92262144542721,112.64258704405792,3760900
2023-09-15,112.14134979248047,114.00960861434761,111.84060334915941,113.69975369919155,4919800
2023-09-18,108.76024627685547,112.0228731644472,108.04028761259006,112.0228731644472,5415200
2023-09-19,109.51667022705078,110.08170840107013,108.40482472983689,108.8696140834168,4056200
2023-09-20,109.73538208007812,110.76520249849806,109.42552024033033,109.89030952343637,3263500
2023-09-21,106.91931915283203,109.67158633456084,106.51832391260774,108.95162772129505,4133200
2023-09-22,102.61775970458984,106.96489255409661,102.56308106219136,106.60035204769913,6593700
2023-09-25,102.30790710449219,102.75446558457398,100.73127233374957,102.17120354237638,5353300
2023-09-26,99.77436828613281,102.42638698339829,99.44628249531176,101.48769978583962,6022200
2023-09-27,100.01129913330078,100.8315134906661,98.8721144572466,99.68321339035467,4498100
2023-09-28,99.8472671508789,100.6857124481971,98.56227031172814,99.82904325340844,4676500
2023-09-29,100.7677230834961,101.7519803480503,100.13889089452562,100.58545630992607,4738100
2023-10-02,97.23169708251953,100.60368109456704,96.37502794250487,100.56722634892473,6121300
2023-10-03,97.6600341796875,98.96325486670656,96.76691027091907,96.76691027091907,5370300
2023-10-04,97.16790771484375,98.79010573269925,96.37503260310254,98.79010573269925,5523100
2023-10-05,95.8282241821289,97.2408091242123,95.35431942441203,96.48439572171718,4749300
2023-10-06,95.70063781738281,96.84893107990618,93.80503265745702,95.46368543413405,7556900
2023-10-09,96.3841552734375,96.71224107171464,94.5432286327677,95.91025047457823,4819900
2023-10-10,99.91106414794922,101.30543222489246,96.79425611179184,97.01297765300488,6791800
2023-10-11,99.32778930664062,100.6219083956969,97.45041516697003,100.3576167138837,3977400
2023-10-12,100.97734832763672,102.98231089120827,99.80170872292184,102.97319546551923,6497300
2023-10-13,102.052734375,102.28057133542968,100.2573780143289,101.35099264317851,4651400
2023-10-16,101.51502990722656,102.79091820553431,100.05687483188849,102.58130515422079,3872700
2023-10-17,102.58130645751953,103.14634459834329,100.93176915943266,101.32364899275534,3387900
2023-10-18,100.43963623046875,102.04361024186807,100.18445996904806,102.01627092143465,2940800
2023-10-19,98.75364685058594,101.06847106615714,98.72630752943472,100.44875429227956,4249500
2023-10-20,99.1819839477539,100.46698074578957,98.15215647130144,98.65340054860414,4215700
2023-10-23,97.8969955444336,98.83568282451539,97.20437610561646,98.50759700485123,3189800
2023-10-24,99.04528045654297,99.54652453420528,97.79673145138632,98.12481721985037,2518100
2023-10-25,100.57633972167969,101.23251122379065,98.35264895408844,98.81743826025564,4123200
2023-10-26,101.0411376953125,101.98894028488436,100.23914714481127,100.43052935717209,3092400
2023-10-27,97.72383117675781,101.25074283997985,97.41396929800916,100.72215942819417,3448200
2023-10-30,99.03617095947266,99.42805082009258,97.14968115440287,98.20684801673846,3852700
2023-10-31,100.96822357177734,101.41478204681967,98.84478152956675,99.22754593674588,5549400
2023-11-01,99.82904052734375,101.23251699734014,98.98148678095086,101.23251699734014,3081500
2023-11-02,101.22340393066406,101.91603023331281,99.26400469141362,100.46698355757609,3817800
2023-11-03,102.84559631347656,104.08502985932968,102.14386157722222,102.25321886165926,4341100
2023-11-06,101.20518493652344,103.38330581523078,101.08670526208743,103.24660224251446,3696200
2023-11-07,101.47857666015625,102.68155548420836,100.97733953940318,101.00467886105837,2859100
2023-11-08,100.11155700683594,102.01627757326064,99.61031987580046,101.19606314161919,4514000
2023-11-09,97.32283782958984,100.53077920534501,96.90361865255,100.53077920534501,5604600
2023-11-10,98.7262954711914,98.99969560234281,95.90111906444102,97.61445019329516,6235800
2023-11-13,97.78762817382812,99.18198928735134,97.63269375330036,99.08174046649377,4016000
2023-11-14,102.0140380859375,103.41363185933679,99.51870504566578,99.6752372194903,7656100
2023-11-15,120.12593078613281,121.11116600136184,114.98792836595787,116.09287746466819,32230800
2023-11-16,119.64713287353516,120.44821352175506,117.11496718767879,117.1794220332258,12033200
2023-11-17,119.60107421875,120.70601628313825,118.68948963932685,120.05226510050299,5982500
2023-11-20,119.38008117675781,119.91413955650027,118.20147442494712,119.1038561959434,5810200
2023-11-21,120.4389877319336,120.5034355401365,118.51454554977714,119.90492938495287,4057900
2023-11-22,120.16277313232422,121.87543850678904,119.60109217483569,120.16277313232422,3587900
2023-11-24,121.0467300415039,121.0559328583994,119.4813800629384,120.16276786596224,1863100
2023-11-27,120.92701721191406,121.86622434274761,119.93256508222585,120.76126816524864,3736700
2023-11-28,121.24008178710938,121.35978865157433,119.90494279538268,120.92701742631029,3804900
2023-11-29,120.91780853271484,122.55680898640878,120.77968199217389,121.50711190876098,2918900
2023-11-30,123.2105712890625,123.34869784206342,120.06147977204948,121.7373197411002,5759500
2023-12-01,124.10372161865234,124.26025378681935,122.01353033764516,122.83303054163736,4594800
2023-12-04,123.11848449707031,125.44807540160927,122.63967113425001,123.5880809941959,7625100
2023-12-05,122.35424041748047,123.25660818124722,122.00433669169071,122.75938914205778,2997800
2023-12-06,122.81463623046875,123.37631714453465,121.81096721837939,122.68572654773732,3894200
2023-12-07,124.48126220703125,125.06136281797016,123.50522972203065,123.93800096350857,3939200
2023-12-08,124.48126220703125,125.59540719458778,124.39839470549768,124.5180875243455,2880800
2023-12-11,125.9268798828125,126.10183173699096,124.75748999979993,125.32837369229743,3571700
2023-12-12,124.91402435302734,126.06500862419242,124.51807845769406,126.06500862419242,3352100
2023-12-13,127.41858673095703,127.45541205121977,124.03008121255682,125.22710784759118,3531700
2023-12-14,129.95993041992188,130.93596279597298,128.4037974976855,128.63399434298435,4636400
2023-12-15,127.40933227539062,130.38348532541934,127.26201698769705,129.92309168239186,5680200
2023-12-18,126.81082916259766,128.12754826879095,126.51617048003453,127.98943579265153,3117000
2023-12-19,128.5235137939453,128.63400379177267,126.97658357385525,127.068667938779,2834600
2023-12-20,126.0557861328125,127.86973838723046,125.73351898132779,127.7408287166165,3711700
2023-12-21,128.3301239013672,128.57874041103756,126.41488459559068,127.02260759696291,3980200
2023-12-22,129.09439086914062,129.2969652214612,127.64876195496275,128.39459750209727,3223100
2023-12-26,129.858642578125,130.23616877449763,128.25646748504874,128.91023270437938,2237700
2023-12-27,131.1017303466797,131.42399754555296,129.47193251775252,129.76657721529673,2806400
2023-12-28,131.24903869628906,131.7738942938572,130.75181964868386,130.80706464840648,2146700
2023-12-29,131.13856506347656,132.013310451827,130.4940165694343,130.77025565262483,2517400
2024-01-02,131.76470947265625,132.77756738946957,130.365108404763,130.92678939548898,3601500
2024-01-03,127.68560791015625,131.6449971863449,127.37254351508861,131.0833162186751,4662100
2024-01-04,129.14041137695312,129.76653996079418,126.79240108735249,127.86051766577371,3903000
2024-01-05,129.60081481933594,130.70575678930328,128.28409570056556,128.28409570056556,2745300
2024-01-08,130.50318908691406,130.74260279347365,128.50508219425222,129.09438554485249,3563300
2024-01-09,132.381591796875,132.56574644371386,129.3982359377291,129.83100708535486,3664400
2024-01-10,132.67625427246094,132.97091298712655,131.59893469090383,132.02250308071044,2777400
2024-01-11,130.77023315429688,133.05378201893262,129.82182323692433,133.05378201893262,3215300
2024-01-12,129.74815368652344,131.81070843517645,129.52715965626754,131.39635692228458,2236400
2024-01-16,129.89547729492188,131.17537114041568,128.83656341980983,130.92675462363636,3482400
2024-01-17,127.75005340576172,129.60083108650954,127.4277721844404,128.98390519292693,3566300
2024-01-18,126.51619720458984,128.0999528326618,124.92323875953106,127.64877594856956,4160700
2024-01-19,127.19757843017578,127.6211468413822,125.04293915820348,126.35045565786449,3592600
2024-01-22,129.24171447753906,129.6100238016869,126.98578825440818,127.43696506897429,2778700
2024-01-23,129.72052001953125,130.4847751686643,128.77211021942503,129.68368065927706,2806800
2024-01-24,128.173583984375,130.5676364841948,127.95260403368914,130.38348184192373,2845900
2024-01-25,130.9175567626953,131.00964113045498,127.99866214601815,129.16806617607682,2566500
2024-01-26,131.23983764648438,131.67260888360647,130.42033735599608,131.57132169938424,3014800
2024-01-29,130.30984497070312,131.6541867911252,125.54937549956715,131.42398992665963,4879000
2024-01-30,129.38906860351562,130.0151973844823,126.92135069886962,129.48113892713278,2879500
2024-01-31,128.06314086914062,130.24540298127548,127.95265085336783,129.39828007677542,5804400
2024-02-01,132.98008728027344,133.02612945082694,127.52902867906451,129.77575172113734,3613900
2024-02-02,133.96536254882812,135.39257176452284,131.27666505363797,132.12378776718276,3775800
2024-02-05,131.05567932128906,133.4128929430565,130.29142405249547,132.79596703814872,4697400
2024-02-06,132.98931884765625,133.02615821210316,130.25459316676046,131.35953524845283,2873200
2024-02-07,135.1071319580078,137.1973233007113,133.7535733490867,137.1973233007113,3979600
2024-02-08,135.7240447998047,137.2801776123358,135.2176230159296,135.36493830845902,2946900
2024-02-09,134.92298889160156,135.88061574291285,134.71121170433352,135.42942481776598,2792400
2024-02-12,137.5656280517578,138.48641542573236,135.8161376612463,135.83455734275387,3492600
2024-02-13,134.53622436523438,136.15680485160857,133.1366238246713,135.55829876490571,3061800
2024-02-14,133.54177856445312,134.51781083667288,132.3539691511156,133.22871426017488,2986400
2024-02-15,134.7388153076172,136.51592815825038,133.91009825827578,134.24158226799236,2807600
2024-02-16,137.7589874267578,138.385116041764,133.63386428937258,134.1863282349488,4319900
2024-02-20,139.03909301757812,141.09838288001973,138.408326687041,139.14113041271418,3474400
2024-02-21,138.01873779296875,139.002013804133,137.15606946136128,138.50109774034766,2306900
2024-02-22,139.45652770996094,140.0501960270485,137.27665827176295,138.01873305249552,2503800
2024-02-23,140.51397705078125,141.71986960513016,139.52144440774677,140.05017331096758,3503600
2024-02-26,139.28025817871094,140.02234699737184,138.30628164302087,139.70696384954522,3856900
2024-02-27,140.98707580566406,141.28390285978227,139.5585522605811,139.87393542875918,2851700
2024-02-28,140.47689819335938,141.22825808995916,139.74408025788813,140.37486079047738,2298300
2024-02-29,141.8497314453125,142.52688092966733,140.996334278443,141.358100622596,4447800
2024-03-01,144.04820251464844,144.28010445415273,140.9963792186073,142.14661793405017,4285500
2024-03-04,139.59568786621094,143.5658476898122,139.2246362937149,142.1002258253358,9096100
2024-03-05,156.3760986328125,158.1292765172677,153.2500653956938,154.0385234021491,22986800
2024-03-06,160.97703552246094,162.82297995807457,159.1774884572817,159.75260070727865,8955200
2024-03-07,159.1217803955078,162.58176647612586,158.91771977237724,162.33130849413962,3644700
2024-03-08,157.43356323242188,159.81750740770798,157.1831052168918,158.93628301726503,3362600
2024-03-11,155.9030303955078,158.23132058911102,154.6136421254906,157.86955415816598,3142400
2024-03-12,155.439208984375,156.82133521999413,155.40209675483837,156.43174173486986,2292100
2024-03-13,154.60433959960938,155.4113535914816,152.30387697359208,155.13308266612367,5546300
2024-03-14,152.4152069091797,155.06816528824402,151.2371412598655,154.68784276421965,3365900
2024-03-15,152.33172607421875,153.28716080042952,150.93104364894114,151.07945011251732,5074900
2024-03-18,155.45774841308594,156.01431861372362,151.60818268020785,152.10908453744722,3189600
2024-03-19,156.03289794921875,156.40393536875007,154.26116383949068,154.97542573396723,2290500
2024-03-20,158.12001037597656,158.22204778630794,155.26297704086772,155.76387895711372,2969700
2024-03-21,157.8509979248047,158.50960560843396,156.73787153457758,158.31480176691346,2624300
2024-03-22,156.42247009277344,157.8509795321854,156.29260559828143,157.69328794274284,2443600
2024-03-25,160.1607208251953,161.01411806121354,157.44282338009464,157.693281378392,4262600
2024-03-26,160.14218139648438,161.58924704111837,159.69693369525143,160.1329104156436,3512900
2024-03-27,162.0252227783203,162.77658269276944,160.97702162873767,161.4964937902213,4747100
2024-03-28,164.38136291503906,164.55759648443015,162.04378760233277,162.33134371796598,3716200
2024-04-01,164.9471893310547,168.69471778688768,164.7987687188595,165.82841371543972,3917400
2024-04-02,163.4815673828125,165.01211425050312,162.41481015772845,164.78948333255033,3022100
2024-04-03,162.78587341308594,164.3628036048738,162.4241069917101,163.7505791520317,3033900
2024-04-04,159.75259399414062,164.39990332343137,159.52996305793093,164.0381368984467,3614400
2024-04-05,159.33517456054688,160.04942228047187,157.72113210788532,159.19602491656562,2334000
2024-04-08,157.41500854492188,159.66910239679908,157.34079823764105,158.52813484579644,2122900
2024-04-09,159.2052764892578,159.30731387833185,157.00683713451102,157.6932717659334,1846600
2024-04-10,159.1959991455078,159.41863004733585,156.53377007417254,157.6005130678258,2148700
2024-04-11,158.92701721191406,160.52250347051313,158.05506377359026,160.2813164276419,2247900
2024-04-12,154.0941619873047,158.6765455582092,153.77877881666922,158.4539288044279,3551700
2024-04-15,153.0645294189453,157.50777787812163,153.0181603609357,156.93265152460987,5075400
2024-04-16,151.4969024658203,153.98288440804458,150.46725731114185,153.11093087022329,3450600
2024-04-17,152.5636444091797,155.78244436300454,152.00707410978958,154.68785988198286,3700200
2024-04-18,154.5208740234375,155.40209840300534,153.1387336189912,153.72313092995986,3169500
2024-04-19,156.11636352539062,156.27405512052124,154.69712501504634,155.2165830117516,3377100
2024-04-22,155.01251220703125,156.849171358273,154.01069426430777,156.54305914070451,2155500
2024-04-23,154.4559326171875,155.8473439832858,154.0756242676219,155.5041337089821,1890300
2024-04-24,153.37063598632812,154.4837622667802,152.8604489794884,153.08307989724625,2631400
2024-04-25,152.5358123779297,153.19440591827166,151.3670176178334,152.02562531234562,3141700
2024-04-26,152.8140869140625,154.24259644439599,152.25751667129043,153.19439528731522,2085500
2024-04-29,151.87718200683594,153.72312614881727,150.3280790783899,152.77696247338366,2698500
2024-04-30,149.3262481689453,150.85680900346298,148.80679024480605,150.6898322968943,3534400
2024-05-01,145.1056365966797,149.92920699200448,145.01288433779567,149.1871181500955,4378000
2024-05-02,146.6732940673828,147.1556539328409,144.52125201732727,145.90337814022556,3880000
2024-05-03,146.59910583496094,148.7047791500807,146.38576004000103,147.48961540106603,3802200
2024-05-06,146.88670349121094,146.9330725587257,145.17062336800345,146.5991331784216,3314500
2024-05-07,148.7975311279297,150.60636302732058,148.26878802817112,149.40975551054447,3492500
2024-05-08,148.0369110107422,149.576743206019,147.48035487736155,147.48962585895825,2678300
2024-05-09,152.4244842529297,152.4986804036193,147.5267032114797,147.89775473576978,2538000
2024-05-10,151.32064819335938,153.65820939960653,149.9941618260214,152.69350362222727,2414100
2024-05-13,149.2520751953125,152.4987021872294,148.9645190692671,152.32246861145708,2629000
2024-05-14,148.46751403808594,150.93325466395729,148.1125921842195,149.7190610732145,2707900
2024-05-15,147.11318969726562,150.44755058244505,146.67421197425998,150.0085728594394,2563700
2024-05-16,150.04595947265625,152.84793828074768,149.17735288291647,149.67236799888454,5232900
2024-05-17,149.56028747558594,149.87784164085798,148.59827592975554,149.60697571925488,4005500
2024-05-20,146.36602783203125,150.18605522133282,145.66553318477838,149.34545309366933,4429200
2024-05-21,145.49742126464844,146.4874515158408,144.4420046658936,146.36604212288424,6291000
2024-05-22,133.81317138671875,136.0547487233579,130.74032665888464,131.26336042066038,18724000
2024-05-23,134.8779296875,135.97069976411288,132.40283973907432,133.09399967498072,6661100
2024-05-24,135.64378356933594,136.11078001483546,134.0840171515597,135.33556420511422,3550300
2024-05-28,137.39035034179688,137.70790448210636,134.98998193931754,135.42895970746278,4344300
2024-05-29,137.98812866210938,138.35238535600428,135.8959792462299,136.40967823803086,3038500
2024-05-30,139.97750854492188,140.43517018728596,138.15622527690206,138.7166267062622,4238000
2024-05-31,145.8523406982422,146.57150499974267,138.94078440230098,139.05287324601113,7501000
2024-06-03,142.92892456054688,144.2925603909645,141.38784206014054,142.05096900211907,4162500
2024-06-04,140.6126251220703,144.01235849467767,140.20166599160135,142.3124846825741,4683700
2024-06-05,137.62387084960938,141.01425566473497,137.06346936281744,140.56594302626252,5746100
2024-06-06,135.5504150390625,137.4744384294862,135.4756938853486,137.01677670733963,4682900
2024-06-07,136.36297607421875,136.92337756694536,134.63508334798,135.08341024280207,3110800
2024-06-10,138.7166290283203,139.08088568802177,135.9613528329784,136.40966543301084,3051600
2024-06-11,136.54043579101562,138.57653364313583,136.28825369640197,138.46445904624167,3592400
2024-06-12,137.0914764404297,138.25896756303288,135.5223752124193,136.68051728501726,3064300
2024-06-13,135.13006591796875,137.38099189398244,135.00865655003838,137.38099189398244,3470600
2024-06-14,131.84243774414062,134.30817836573655,130.17993156564944,134.2801597195957,5019700
2024-06-17,135.40097045898438,135.48502641115059,131.5062212409872,132.01992025689626,5006300
2024-06-18,133.13134765625,135.28888332319818,133.01927306374407,134.8218868522884,2969500
2024-06-20,133.9158935546875,134.28015018024166,132.37479686842045,132.76707213812497,2628700
2024-06-21,136.48439025878906,136.61514869781118,134.48564597567915,134.48564597567915,5651600
2024-06-24,139.80941772460938,140.83680149770953,137.03545730951473,137.2969742155113,3933000
2024-06-25,137.08213806152344,139.2770127637283,136.68051371500582,138.67925789463249,3336500
2024-06-26,137.4557342529297,137.5864926896934,135.3542502146269,136.37229906168716,2447000
2024-06-27,137.03543090820312,137.29694776381575,135.70916278285347,136.12945671140236,2273600
2024-06-28,138.26829528808594,138.89408303919654,136.47503072569702,137.80129886293466,12772300
2024-07-01,136.1201171875,139.1088913275888,135.4943437153251,138.54848994124748,2638900
2024-07-02,135.793212890625,137.28760707422154,134.9246064256739,135.89595266889225,3296400
2024-07-03,135.24217224121094,136.57777522246604,134.8405478908892,135.7278525305766,1633300
2024-07-05,136.0360565185547,136.76456982079517,134.96197041313866,134.9993238574278,3562200
2024-07-08,138.90342712402344,141.9389040904547,138.0348063043353,141.8361642999884,5183800
2024-07-09,137.85736083984375,139.74401627910564,137.51177376798609,138.23095230760228,2848400
2024-07-10,136.46568298339844,137.71722986370514,133.94390537710325,137.71722986370514,4105700
2024-07-11,141.40650939941406,141.86417101875497,136.82995021240356,137.29694662951073,4727800
2024-07-12,142.7608184814453,143.4986665914859,140.85546501103096,142.40589662386608,2675700
2024-07-15,141.31312561035156,143.32120460193923,140.94886895717426,142.76081742483586,3645900
2024-07-16,144.7782440185547,144.7782440185547,141.39719405406976,141.45323135157588,3391800
2024-07-17,145.6375274658203,146.3940737973817,143.87228119538258,143.87228119538258,3353700
2024-07-18,142.0509796142578,145.0024006583482,141.81748138453423,144.60079054399208,2927400
2024-07-19,139.8467559814453,141.46257399489463,139.50118316140862,141.46257399489463,3187000
2024-07-22,141.05160522460938,141.72408122163444,138.90341880364593,139.5105084599269,3692800
2024-07-23,140.3511199951172,140.99557738978888,139.76269989535592,140.28573364998775,1622400
2024-07-24,136.78326416015625,140.95821377100359,135.7091779723567,140.36979365421527,3029500
2024-07-25,136.63381958007812,139.55722201408116,136.3536331021107,136.9046855109148,3019700
2024-07-26,139.16493225097656,140.0895902871126,137.530444791653,137.530444791653,2427000
2024-07-29,137.1288299560547,138.1375296402605,135.55971463871393,137.65186364463523,2487000
2024-07-30,138.18423461914062,138.5017887569833,137.07278088509184,137.64251707432695,2379200
2024-07-31,140.48187255859375,142.3405092695291,138.1655599540949,138.89408751226495,5743700
2024-08-01,137.31564331054688,141.3598343708684,136.43768768407324,141.22907593192133,3782400
2024-08-02,129.98379516601562,135.82125101480702,128.92837858804177,135.7278602721871,6476500
2024-08-05,125.03362274169922,127.34993535371042,123.67933591107355,127.02303214387646,6887700
2024-08-06,125.01494598388672,126.9389689332422,124.4545445853018,125.63137042041062,5005500
2024-08-07,124.6600341796875,128.65752267325476,124.5386105415163,127.19114697152808,3209700
2024-08-08,125.12704467773438,127.01371454820067,124.28645666945654,125.89291153502714,3894000
2024-08-09,126.5560531616211,126.64945816348833,123.98757237789816,124.79080693850834,3778100
2024-08-12,126.10774993896484,127.52740916264035,125.26714761409029,125.70612550281732,3695600
2024-08-13,127.63948822021484,127.87298647281222,124.84684398857337,126.72416480887945,3319800
2024-08-14,126.79887390136719,127.8729743121299,126.56537567097543,127.67682952789639,4838000
2024-08-15,132.3094482421875,134.38291378655398,131.28205026917644,133.83184710015615,4640600
2024-08-16,134.53233337402344,134.7191433585376,131.59026138873702,131.80507576900723,3473900
2024-08-19,135.08340454101562,138.8287111294588,134.88725975135986,134.96198089734293,4427000
2024-08-20,134.80319213867188,136.08275780532688,133.44890533250125,134.96196921579255,6815100
2024-08-21,149.90159606933594,157.57316337255952,149.63803397254432,157.50728002989013,25572100
2024-08-22,147.61427307128906,150.72054316727304,147.23774547328003,150.51345657913288,7452400
2024-08-23,149.19561767578125,150.24986602469386,147.53893964705335,148.32962590873782,3188300
2024-08-26,149.57215881347656,152.33957561000895,148.69675908068652,149.95809421447527,3655200
2024-08-27,149.3650665283203,150.39109162391858,148.49907463234626,149.57215310812484,3252300
2024-08-28,147.6519012451172,149.0262016805011,146.55058508149426,148.48965530273074,2666500
2024-08-29,144.41384887695312,147.08713011047,143.51961919793868,147.08713011047,3879500
2024-08-30,144.6020965576172,145.10098301182416,143.2560482204703,144.6679942674088,3933200
2024-09-03,142.88894653320312,145.86344972979344,142.465365580734,144.0090927242839,4071000
2024-09-04,143.5290069580078,144.71505073742068,140.13092316183952,143.6890257739645,3841000
2024-09-05,142.98306274414062,144.53621200060238,141.8252710170021,144.07497112509716,3358900
2024-09-06,142.3994598388672,144.3291222502493,141.87233562880442,142.71008968330935,4045100
2024-09-09,141.7499542236328,143.94317861386332,141.14752453778394,142.4841649544156,3735200
2024-09-10,139.3214111328125,141.92880873031294,138.7001658176684,141.7499599414619,4103200
2024-09-11,138.64366149902344,139.28375107872805,136.17746737373224,138.6060159298906,4089500
2024-09-12,139.72616577148438,140.23445996558792,138.00359008432082,138.7001552184427,3453500
2024-09-13,142.47479248046875,143.66082217896297,140.70514855564795,140.931065130006,3592300
2024-09-16,143.86785888671875,144.71503497445812,141.86290564148493,143.03010496322258,3429200
2024-09-17,143.03955078125,144.66799116547963,142.20179671921835,143.96201815714767,3162300
2024-09-18,144.58326721191406,146.88002049837056,143.4536989912603,143.5384266619489,3269500
2024-09-19,147.30361938476562,148.15078120803068,145.90108123956864,147.38833269448077,5098800
2024-09-20,145.66575622558594,148.15078050686688,144.9033077156445,147.68953966217262,7389800
2024-09-23,146.174072265625,146.59766760154466,143.93379413867305,145.6846079411482,2927700
2024-09-24,147.01181030273438,148.56495951715644,146.37173501174158,146.74824819902472,3114000
2024-09-25,145.9669952392578,147.70838681770974,145.11041115503122,147.11536485739003,2319900
2024-09-26,146.8235626220703,148.48025521802398,146.01404629351796,147.34127905830584,2757900
2024-09-27,146.07054138183594,148.26376631382772,145.6940281213219,147.31306099504064,3067200
2024-09-30,146.71060180664062,147.1718426670868,145.1668747665044,146.07051215616315,2934400
2024-10-01,143.2654571533203,146.27760587126707,142.48417861095228,146.13641701068286,3994400
2024-10-02,141.57113647460938,143.5007991979571,141.15697764478756,142.757180502054,2795000
2024-10-03,140.81809997558594,141.1946131988928,138.87901522268507,141.0910699080246,4790100
2024-10-04,143.90553283691406,144.83740795223918,142.4371113774446,143.00188112790235,3557100
2024-10-07,140.2532958984375,143.67020964972525,139.22728530175033,143.67020964972525,3301400
2024-10-08,142.43711853027344,142.870107257729,140.0744530452497,140.2438940330356,3224100
2024-10-09,145.2704315185547,145.3739748085403,141.4299363487131,142.6630336620501,3514300
2024-10-10,146.81414794921875,147.08711785933843,143.37841838751973,145.27042087898704,3139100
2024-10-11,149.15797424316406,149.5062496427682,147.24712753877864,147.49187402546846,3594100
2024-10-14,148.6967315673828,150.19339078635772,147.36009116146906,148.91322591881183,2534300
2024-10-15,151.257080078125,152.01952866684772,149.13916094809153,149.3368253569153,2987800
2024-10-16,149.5438995361328,151.35118865371933,149.14855638819736,151.26647534267397,3124500
2024-10-17,146.7388458251953,149.63804343631844,146.3811482299027,149.55333012050426,2879700
2024-10-18,147.63307189941406,147.84958062980883,145.62811832474677,147.30362644704147,2988700
2024-10-21,142.0511932373047,146.89886907328454,141.2510847068342,146.8423935277094,4455200
2024-10-22,140.43215942382812,141.45817012822613,139.92385079168315,141.23225358471078,2815000
2024-10-23,139.35906982421875,140.62040477435053,138.75664011945005,139.62263192236398,3962000
2024-10-24,141.36402893066406,141.66525097650972,139.89560736481073,140.45098371645645,3060300
2024-10-25,142.2864990234375,144.09378806135857,142.0888202766549,142.6159444506665,4082200
2024-10-28,140.53570556640625,144.37620070585191,140.51687559663281,143.68904325817735,2523700
2024-10-29,139.24610900878906,141.40168796684478,139.04844461013795,140.15916858023593,2881500
2024-10-30,139.80148315429688,140.99692041926815,139.0202046486125,139.31200452215757,2520500
2024-10-31,141.2322235107422,141.872313066206,139.3966968700938,140.29092632445528,3229500
2024-11-01,141.9853057861328,142.9077876407191,141.29816266021396,142.49361445915946,2452800
2024-11-04,141.18519592285156,143.71727375136444,141.0063471267097,141.6276068302368,3289500
2024-11-05,142.12649536132812,142.91718170663162,140.75219487853659,141.204013595416,2692300
2024-11-06,138.64366149902344,142.79478569488901,136.5634026818589,142.79478569488901,7506600
2024-11-07,142.0511932373047,143.3125282986779,138.93550115990223,139.12375776617225,4862000
2024-11-08,140.98748779296875,142.70065552228957,140.846298963873,142.6159278617773,3323600
2024-11-11,144.28207397460938,145.61871464845606,141.1004839536003,141.19461944512082,3541700
2024-11-12,146.51292419433594,147.84015688152613,144.70563503782603,145.71283007880308,5082100
2024-11-13,145.8916778564453,147.7554425419173,145.66576132730492,146.37173432242918,3624500
2024-11-14,144.4608917236328,146.7670671393368,143.877292018278,145.67515886998055,4075100
2024-11-15,143.1995849609375,145.15748537088268,143.0019061776629,144.7997877454616,3888700
2024-11-18,147.36952209472656,147.81193303212476,143.8114189885027,144.01850557039373,6503000
2024-11-19,146.84239196777344,149.12032991447575,144.96920500209896,147.03064857204356,9170500
2024-11-20,115.40325164794922,122.36233344208038,113.97161219043412,121.35734524150682,64557700
2024-11-21,115.27999877929688,117.65974260621985,114.33189447588904,115.7540509310008,19616700
2024-11-22,118.52251434326172,119.22410946304285,114.96712340500001,115.38428435633564,13730100
2024-11-25,123.75604248046875,125.06443093138235,120.89277092339066,121.42371420449143,15456500
2024-11-26,119.98259735107422,122.89326991507876,119.93518924454949,122.58988407378182,9888200
2024-11-27,123.3388900756836,123.96464241192797,120.57991020864249,121.34787240906779,6745200
2024-11-29,125.44368743896484,125.95567190252399,123.41474465680092,123.72762083632604,5023500
2024-12-02,123.93618774414062,125.14028418292379,121.2340920995512,123.94566357847403,14195600
2024-12-03,124.62831115722656,124.93171148663873,122.22960836214193,123.72761493803561,8163900
2024-12-04,123.31993103027344,124.15425296178087,122.34337030924303,123.98360113496909,6051300
2024-12-05,122.46662139892578,123.72760175823967,121.8313933021747,123.39575949165933,6858600
2024-12-06,125.51953125,125.89876719396138,123.25356248755952,123.25356248755952,7284100
2024-12-09,128.2689971923828,130.94265769577046,126.0978451710481,126.42968739247695,9619300
2024-12-10,128.04148864746094,129.52052904120455,126.38230612195458,128.743076570844,5575500
2024-12-11,128.9232177734375,130.60136642359356,127.529503304703,127.86134559418204,4811900
2024-12-12,128.2689971923828,130.55393154310707,128.20263742824932,129.9566357982238,3860200
2024-12-13,127.53898620605469,128.97061839801108,126.42021568189251,128.67670839880145,4261200
2024-12-16,125.57640838623047,127.82342535648783,124.92221412148173,126.61932887596369,5503800
2024-12-17,124.77052307128906,125.15923481264872,123.15873429878688,124.71362466499306,5793000
2024-12-18,123.91722106933594,129.21712029009478,123.83189515993871,124.49556523345477,6602400
2024-12-19,123.66122436523438,125.14975490941593,123.64227269734107,124.20165070555672,5262100
2024-12-20,124.65673828125,125.44366651663837,122.63728613847773,122.99755590308618,7189100
2024-12-23,125.07391357421875,125.25405570024351,122.49506880222059,124.01204142113353,4097800
2024-12-24,125.52900695800781,125.78499917673057,124.37231852309628,125.02651282265226,1647700
2024-12-26,129.3119354248047,129.8333956449867,125.56692660755239,125.58589274290149,5042000
2024-12-27,128.4681396484375,129.97562209549756,127.994087472613,128.11734566774314,3089000
2024-12-30,128.04148864746094,129.3593530461862,126.88480024375406,127.42521217211875,3945600
2024-12-31,128.16470336914062,129.50153360212545,127.32089131148955,128.46810362070607,2830200
2025-01-02,130.07041931152344,131.67271774639002,128.43020307357813,128.7051469299348,4358300
2025-01-03,128.74305725097656,130.86681577301468,128.13627116852587,130.5444638313518,4025200
2025-01-06,132.06141662597656,132.59236708585888,129.90923068785895,129.90923068785895,4937900
2025-01-07,132.0235137939453,134.820418374113,131.1702257752238,132.66821772508203,4166100
2025-01-08,131.0469512939453,132.06141516925217,129.1886608721573,131.78647134268732,4663400
2025-01-10,134.27052307128906,135.57891160288617,131.2650342494097,131.53999259120022,5882800
2025-01-13,131.56845092773438,133.30348370638916,130.71514829219066,133.23710945462383,4061900
2025-01-14,129.38778686523438,133.44567185743526,128.61982474509637,132.9431777672975,4635500
2025-01-15,127.54845428466797,133.08537922843524,127.501046182244,132.63976910610901,5132600
2025-01-16,126.33489990234375,126.82791819660375,121.28150217021916,121.85037054566712,9900600
2025-01-17,126.67621612548828,126.83739212048775,124.09737127164965,125.99357987200608,6892500
2025-01-21,130.21263122558594,130.5634396275182,127.15973445350647,127.5200186896284,4848900
2025-01-22,128.72412109375,130.1462775021209,128.38280297706407,130.07042742431034,4012400
2025-01-23,130.1273193359375,130.37382125372716,128.0320024004915,128.45866092267312,6788900
2025-01-24,130.73406982421875,131.69164972822358,129.5679058671562,130.17469189416406,5868200
2025-01-27,135.1048583984375,135.11433423303984,130.34537091499618,130.7909810789975,5331600
2025-01-28,133.7395782470703,137.55096124193406,133.3129342437243,135.5789027387937,4141500
2025-01-29,132.81993103027344,134.85836400323967,132.68719700383707,133.8723274066347,3279200
2025-01-30,133.15174865722656,134.7256050125729,132.19415421037405,133.54995066275012,2792000
2025-01-31,130.7530517578125,133.10434608825534,130.30744163305752,132.83887807354026,4056400
2025-02-03,127.19766998291016,128.42071810314536,125.22561140174997,127.59587203291517,6330500
2025-02-04,128.56292724609375,129.7764993886511,126.36331869588287,127.99405897499202,4376200
2025-02-05,128.19317626953125,129.22660638370954,126.85634586481142,128.17421013464187,4908700
2025-02-06,127.69066619873047,129.93768298120742,127.16922046436359,128.99905461888753,4289200
2025-02-07,124.53350830078125,127.99408328429068,123.5285055687034,127.69068295756745,5756700
2025-02-10,124.46712493896484,125.45316146167995,123.52849652219382,124.94117706456021,4003500
2025-02-11,125.57640838623047,125.59537452247739,123.45266406811649,124.125810002189,4782600
2025-02-12,121.91419982910156,124.1516804654699,121.26399047154038,123.54929081124673,6429000
2025-02-13,122.94689178466797,123.76921563339967,121.42654614056185,122.01938646957643,5325900
2025-02-14,122.27754211425781,123.76920307898777,121.7803266561137,123.28153697064941,4549000
2025-02-18,124.40985107421875,124.9261871282785,122.15324264218755,122.39229008375739,4901600
2025-02-19,125.02181243896484,125.93018980248854,123.79789070047644,124.30467011139908,3893500
2025-02-20,122.5166015625,124.44809441911083,122.20105718327984,123.13811908531963,6195900
2025-02-21,118.82569885253906,121.43610012010448,118.50059783420399,120.39385677822548,9052900
2025-02-24,120.2599868774414,121.15880761597651,118.27111765526358,118.86395065714913,8772900
2025-02-25,121.80901336669922,122.11499379915811,120.38429266198271,120.74764214579359,6404300
2025-02-26,118.60578155517578,122.28711076058539,118.2328681234289,122.12456024831606,7714200
2025-02-27,117.13325500488281,119.57154200671773,117.00895295235595,118.3189283598414,6164500
2025-02-28,118.79702758789062,119.0743235260328,116.99939325579456,117.4201191336861,8893600
2025-03-03,115.469482421875,121.49347379163183,114.66627919548453,119.78189317226868,12120900
2025-03-04,112.00807189941406,113.0407586278977,107.60003636491643,112.35230080890861,15623300
2025-03-05,111.45348358154297,111.66384651010455,109.10125748927612,111.27181247563477,7311000
2025-03-06,109.05345153808594,110.82240124036294,108.29806070729914,109.94270835962996,8020200
2025-03-07,110.038330078125,110.26781360029497,107.18888110517851,108.54666894614613,8050900
2025-03-10,108.8622055053711,110.56422215454279,106.94026199590066,109.6654087178218,8146200
2025-03-11,107.81996154785156,109.9713885511038,107.29405425121917,108.92913789827298,8271800
2025-03-12,102.58003997802734,108.50842108051356,102.33142858883667,108.03988282874091,10434200
2025-03-13,99.92182922363281,103.28761394551073,99.45329828713976,103.05813044735173,9700200
2025-03-14,100.11306762695312,100.66765945339644,98.92739433553741,100.61985434120939,7551800
2025-03-17,101.04057312011719,102.27405882172539,100.64853910061952,101.03101647474712,5436200
2025-03-18,100.00788879394531,101.59516738129176,99.91227127191043,100.83977655546235,4922200
2025-03-19,100.34256744384766,101.12664284662627,99.2046991623806,99.44374663024178,6331900
2025-03-20,99.63497161865234,101.99676152969268,99.36723964892533,99.82621395070666,5863300
2025-03-21,99.50111389160156,100.51468009773491,97.3018816040756,98.83178391173489,31066200
2025-03-24,103.60316467285156,103.72747401730915,100.34256120735628,100.39036632086747,8526100
2025-03-25,100.78240966796875,103.99520808442735,99.98877035723326,103.42149564473462,6837700
2025-03-26,101.44217681884766,101.99676867794919,100.37124886488559,101.12663971535501,5490800
2025-03-27,101.84378051757812,103.24938073050814,101.08838967882154,101.16488661581829,5015300
2025-03-28,99.10906982421875,100.77283795963233,97.8851481018387,99.91226571884982,9704400
2025-03-31,99.7879638671875,100.07482371304577,96.0970708125656,97.53135545155912,7069200
2025-04-01,99.85490417480469,100.96408058341716,98.9943318693255,100.38081149902791,6240500
2025-04-02,101.13618469238281,102.3983548461755,99.37679908806821,99.4628526622331,5654400
2025-04-03,90.14956665039062,94.13687607689322,88.92564496222042,93.4675461834091,19020400
2025-04-04,91.5264892578125,92.63566563760152,86.6499227136873,87.81646814730097,16229700
2025-04-07,90.24518585205078,93.57272938724472,86.29612481634847,87.27143515011373,13800600
2025-04-08,84.87140655517578,93.22850315425946,83.52317546942726,92.31056184477387,13408900
2025-04-09,93.41018676757812,94.16557760821433,84.02995958055847,84.1447049863391,13717800
2025-04-10,88.64835357666016,91.79421882644259,85.86584511196114,91.49780232926324,12187900
2025-04-11,88.71528625488281,88.88740070637813,84.74709722523711,88.36150070663895,10457600
2025-04-14,90.50336456298828,91.23007084185834,88.65791798707625,90.28343770268516,8164400
2025-04-15,88.04595947265625,90.81891138122216,87.93121406918033,89.92009062520063,6605600
2025-04-16,86.4969253540039,88.57185539531767,85.60766857984815,87.01326870304425,8048400
2025-04-17,89.03083801269531,89.44199994229,86.27701385562023,86.27701385562023,5349800
2025-04-21,89.67147827148438,89.79578761437256,86.86984186584374,88.58142248316065,6856600
2025-04-22,89.97746276855469,91.73685587317757,88.68660793951616,89.9965906506987,7200100
2025-04-23,88.1128921508789,93.34325156101559,87.67304571519264,92.60698132453587,9113800
2025-04-24,91.13444519042969,91.37349263436232,87.854713967868,88.25631921798809,7718800
2025-04-25,92.34880828857422,92.60697631255826,90.54161023523929,90.8475906650328,5274900
2025-04-28,92.14801788330078,93.69704076152985,91.000585693526,92.26275599567356,4662400
2025-04-29,92.66435241699219,92.83645956910028,91.12488633184621,91.74640383485578,3768400
2025-04-30,92.46355438232422,92.74085031065954,90.10177161126379,91.32569343622696,8255300
2025-05-01,91.76553344726562,93.25718715488178,91.36393549446882,92.85558920208497,5443700
2025-05-02,93.10419464111328,94.19425032634129,92.45398534684143,93.03726165325361,5294900
2025-05-05,89.90096282958984,92.59741780508088,89.60454632259717,92.59741780508088,6789300
2025-05-06,89.54718017578125,90.44599366669456,88.93521926042128,89.78622763631715,5726600
2025-05-07,91.30656433105469,91.91852523533849,89.8340311253876,89.99658893992347,5725200
2025-05-08,92.68347930908203,94.06995162650202,92.02370600050939,92.70259989556776,5006300
2025-05-09,92.17669677734375,93.5536051077043,91.88027298314985,92.69304013690987,4614700
2025-05-12,96.65167236328125,98.48755513535684,94.69148024107109,96.50824242589886,9670800
2025-05-13,94.74884796142578,96.46042865437269,94.15601492816063,96.46042865437269,7774500
2025-05-14,92.12794494628906,94.05251359551508,91.69273608607084,93.85909235444967,10286400
2025-05-15,93.87843322753906,94.29429554405475,90.62890614466015,91.19951135966888,8348500
2025-05-16,95.33879089355469,95.88037629777459,94.19758780712864,94.54575196085509,6371500
2025-05-19,94.76818084716797,95.20338970649276,92.89197120133359,93.57862619781774,8468700
2025-05-20,94.89391326904297,96.06412877009757,94.14922598202344,94.7778560950984,10163500
2025-05-21,89.9519271850586,92.17630108040979,87.62116200980071,88.49157239430673,27058500
2025-05-22,91.93452453613281,92.669538599201,89.02349549185196,89.13954529543513,11428000
2025-05-23,91.1898422241211,92.05057934506262,90.0776515709855,90.0776515709855,7373800
2025-05-27,93.80106353759766,93.93645988704478,91.76043764136914,92.41808021520413,6501800
2025-05-28,92.78558349609375,93.89776665209708,92.62116733187366,93.80105603573335,4476000
2025-05-29,91.75076293945312,94.55540766190502,91.14147204686158,94.55540766190502,7033300
2025-05-30,90.9190444946289,91.64438522243952,90.18403049112085,90.94805694317374,7874000
2025-06-02,90.2517318725586,90.38712822294642,89.03315734052042,90.33877659983517,5748800
2025-06-03,92.63085174560547,93.25948189538076,90.00028134433211,90.4161436853944,6388800
2025-06-04,90.85134887695312,92.89197477220155,90.84167560098365,92.48577834550764,4416700
2025-06-05,90.44515228271484,91.83780887783381,90.02928995936946,91.14148058027432,4759900
2025-06-06,94.12020874023438,94.15889446291254,91.34456901108923,91.41226718113926,7822800
2025-06-09,94.14923095703125,96.09314629667448,94.11054523033884,95.07766626200541,6299300
2025-06-10,97.456787109375,99.00418672631001,94.43937408915781,94.5070722690076,9612400
2025-06-11,94.88423919677734,97.76625556267427,94.53607505641367,97.50513614667524,6803400
2025-06-12,96.02544403076172,96.21886527743985,93.83974852627047,94.4393661966488,5320600
2025-06-13,92.23433685302734,95.98676385684642,91.66373159879659,94.77786254882568,7303300
2025-06-16,94.16857147216797,94.32330699046906,92.3310401541026,93.0273684328261,7427600
2025-06-17,91.89582824707031,93.65598805841557,91.741092733894,93.49157926986975,7195500
2025-06-18,91.99256134033203,93.53028034181264,91.71209533696702,92.08927197425655,6408600
2025-06-20,92.39873504638672,93.4045417045505,91.29621777039986,92.54380466239492,9619800
2025-06-23,93.35618591308594,93.4625698099097,91.07377983703583,91.50898870000957,6887200
2025-06-24,94.32331085205078,94.91325525798001,93.36586311888192,94.05251815002708,6406100
2025-06-25,93.5206069946289,94.59411200104631,92.83395190216748,94.2943068225409,4372000
2025-06-26,94.39100646972656,94.6134475423884,93.22079096566479,93.79139618250754,5331900
2025-06-27,95.96742248535156,96.96355595978697,94.88424428188654,95.02931391123732,6389800
2025-06-30,95.40648651123047,96.3832807706944,94.91325274358367,96.325248494264,4933600
2025-07-01,100.43550872802734,101.8765168710237,95.08733107925774,95.09700435470728,9968200
2025-07-02,101.98291015625,102.23436369126185,99.92294500864546,100.86105359285882,6327900
2025-07-03,100.63861083984375,102.48581552717297,100.62894494221165,102.46646897481314,3535300
2025-07-07,98.25949096679688,100.00998497358853,97.42776632631076,99.61346182655669,5677100
2025-07-08,98.65601348876953,99.10088825528459,97.27303018868136,98.37554751842465,6100500
2025-07-09,99.06221008300781,99.93262050930885,98.45292647387113,99.13958153835637,4312200
2025-07-10,101.29625701904297,102.8726690576075,99.2459651090789,99.53609699783233,5109900
2025-07-11,100.81268310546875,101.58638279649973,99.79721056185608,100.88038127504294,3866100
2025-07-14,101.42198181152344,101.54770488510403,99.79721823821987,100.58058388619827,4468100
2025-07-15,98.84943389892578,102.03126278983545,98.83009472600044,101.54770230267982,5289900
2025-07-16,98.0080337524414,100.00998120686397,97.06025935128933,99.29430638969508,3861900
2025-07-17,100.2420883178711,100.52255427984502,98.24981413601267,98.24981413601267,4529500
2025-07-18,100.05834197998047,100.85138093816963,98.78174250146749,100.5419025003043,5282100
2025-07-21,98.36587524414062,100.2517656063066,98.33686279493844,98.7527251167809,4478800
2025-07-22,103.03706359863281,103.39490099494998,99.0815352029652,99.37167443009233,6473000
2025-07-23,103.89781188964844,105.31948097530709,103.28852830088667,103.96551006617753,5907500
2025-07-24,102.34073638916016,104.86492260357952,101.97323309249784,103.69470716517219,5415200
2025-07-25,102.56318664550781,103.50128783256554,101.6927762558456,103.24984168108918,3476000
2025-07-28,102.9306869506836,103.28852437218247,101.78948389078045,102.72759242882128,3864900
2025-07-29,100.75466918945312,102.79529515281237,100.50321565568738,102.63088634858195,4753500
2025-07-30,99.74885559082031,101.54770117331715,98.97515586855704,101.2672352084604,4527100
2025-07-31,97.19566345214844,99.25562858843912,97.06026709831983,98.98483588078189,6442300
2025-08-01,96.48965454101562,97.01190074272166,95.20338927713219,96.24787430199693,5021700
2025-08-04,96.5090103149414,97.73725079997146,96.3252549545916,96.72177812617844,5312700
2025-08-05,99.06221008300781,99.57478306223284,96.49933780833456,96.77013052350642,5093400
2025-08-06,101.92488098144531,102.86298952632242,99.59412322242835,100.06801044356044,6306600
2025-08-07,102.19567108154297,103.4142455691698,100.69663800586825,102.99838325712122,4191000
2025-08-08,101.93456268310547,102.75661412035869,101.3446182376365,102.33107848663072,3494900
2025-08-11,100.59025573730469,103.07575637414308,100.25176486819198,101.9345533164577,5020200
2025-08-12,102.76628112792969,104.27498755031237,100.82236582163429,101.45099595714301,6593800
2025-08-13,103.00090026855469,103.3039567172187,100.03874574812716,101.48560310810292,7364700
2025-08-14,101.91575622558594,101.97441038919045,100.28315069768756,101.52471106490165,4985800
2025-08-15,100.71329498291016,102.10150569447855,99.66725345303297,100.00942263472417,6305100
2025-08-18,102.60008239746094,103.85142843671602,101.338973094955,101.67135664232772,6901600
2025-08-19,103.00090026855469,104.86812985985433,102.10150164385993,103.43105067974169,8815500
2025-08-20,96.4802474975586,97.33076266780346,92.04190114905911,92.29608161144488,33165700
2025-08-21,94.8867416381836,96.29450119982569,93.97756483105073,96.28472301993486,11415700
2025-08-22,97.01793670654297,99.07091457264283,95.1800340617751,95.3951092831071,13663600
2025-08-25,94.9551773071289,96.62688811586585,94.43704563325072,96.29450457359161,7651300
2025-08-26,93.95802307128906,94.81831650292193,93.68429368206799,94.63257582227418,6398800
2025-08-27,95.76659393310547,95.9718909649243,94.16331548203516,94.1828643837753,6486000
2025-08-28,94.64234161376953,96.5780110573092,94.1828641092716,96.31405240390711,5145000
2025-08-29,93.83094024658203,95.04317364303819,93.52787630354293,94.92585784651658,5370900
2025-09-02,90.37019348144531,93.22481044946538,89.86183253951155,92.99995706003966,12987200
2025-09-03,90.28221130371094,90.78079410164575,89.63699308747167,90.42885418058195,8485800
2025-09-04,90.63414764404297,91.20116276764067,90.21377539152276,90.66347472654522,5901000
2025-09-05,91.08384704589844,91.84638102578151,90.3799672310629,90.7025800559569,4894600
2025-09-08,89.45124816894531,91.34781253872225,89.29482710569629,91.12295912494349,9261700
2025-09-09,88.87445068359375,89.80317638511195,88.19989798884033,89.4414583174709,7564800
2025-09-10,88.74736022949219,89.3534806066026,88.02393152418153,88.7375820492868,5747900
2025-09-11,89.47078704833984,90.18444501696399,88.75713653828169,88.83534706114357,9492500
2025-09-12,87.94572448730469,89.37303305268362,87.94572448730469,89.25572471983133,6176200
2025-09-15,86.57706451416016,88.17057221276058,86.45975618886065,88.08258351022,9310900
2025-09-16,87.71110534667969,87.77953769758726,86.58685318871235,86.93879312439894,6736700
2025-09-17,86.93878936767578,88.77669204018034,86.75304122671011,87.82840989103263,9399000
2025-09-18,87.41780853271484,87.52534613605975,86.18602637205373,86.72370693021236,8781100
2025-09-19,86.15670013427734,87.73065161646332,85.84386547401118,87.54491093161464,13319500
2025-09-22,84.6218490600586,86.09804102466632,84.36767604094521,86.04915758176271,12449500
2025-09-23,85.10088348388672,85.91229344794824,84.78804883955105,84.94446243243576,8077800
2025-09-24,86.3326644897461,86.36199157184028,84.92491233926168,85.25729588108409,10691700
2025-09-25,85.1888656616211,86.02961017593486,84.59252344894351,85.84386203995014,8566300
2025-09-26,85.88296508789062,86.60639379367431,84.89557772635152,84.89557772635152,7575600
2025-09-29,86.84102630615234,86.84102630615234,85.35505615767377,86.38154879259076,7955600
2025-09-30,87.69154357910156,88.19012636701954,85.30618216695159,86.51841550483545,16872300
2025-10-01,87.14408111572266,87.49602101481389,85.30617855490868,87.47647211311597,10378500
2025-10-02,87.50580596923828,88.25856180922347,86.20558387796994,86.93879081474383,7557400
2025-10-03,87.03654479980469,88.3465449899614,86.30333790892654,87.78930805123666,6872000
2025-10-06,86.96810913085938,88.1510153079012,85.87318419724829,87.33959792295458,8975700
2025-10-07,87.27116394042969,88.07280313040567,86.52818637020418,87.18318269865263,6348100
2025-10-08,88.3563232421875,88.9526654942793,87.53513503452675,87.61334556627544,6848500
2025-10-09,87.10498046875,88.95266130758966,86.6357322174774,88.95266130758966,7189200
2025-10-10,83.61491394042969,87.23207246672183,83.4487221659732,87.18318902314459,13925200
2025-10-13,85.38438415527344,86.3717715380702,84.78804940370601,84.97379008033208,10515500
2025-10-14,86.96810913085938,87.39825954380764,84.41654865144517,84.59251859687257,6352300
2025-10-15,88.87445068359375,89.14818004999634,86.91923239949998,87.26139410750322,6402500
2025-10-16,88.05326080322266,89.59788513730516,87.1245350418231,88.84512187259632,5556500
2025-10-17,88.80602264404297,88.92333844170848,87.79908628775624,87.98483443608492,6461400
2025-10-20,89.4805679321289,90.10623721679748,88.96243625500333,89.04064678022846,4886300
2025-10-21,92.28631591796875,92.4329587991306,89.68587169830332,89.82273639843658,7770100
2025-10-22,91.91481018066406,92.60891924960873,91.35757325635635,92.17876883134804,4973000
2025-10-23,92.1396713256836,92.90220534328411,90.87855450481867,91.96370136327066,4833400
2025-10-24,92.14944458007812,93.46921549833483,91.81705357614977,92.73600860390708,5459000
2025-10-27,95.58084869384766,95.71772084443263,92.8239910340105,93.11727677894552,10000000
2025-10-28,94.93562316894531,97.26233021223132,94.25129976167466,95.33643903361363,7959600
2025-10-29,92.01258087158203,94.89652503700984,91.92459216485742,94.3588369919325,6125600
2025-10-30,90.83944702148438,92.51115789429684,90.5852739942028,91.2207140209732,5631200
2025-10-31,90.64392852783203,90.95676318146336,89.46102226070839,90.47773674965181,7084800
2025-11-03,89.40235900878906,90.58527271295708,88.8646784200063,90.53638926917395,5698100
2025-11-04,87.96527862548828,89.24594428387124,87.74042522892634,88.84512093391142,5057400
2025-11-05,89.88139343261719,91.17183729547267,87.02676886206238,87.81863739644092,8215300
2025-11-06,87.15386199951172,90.63414837786037,86.49886562310408,89.73474970053351,7051500
2025-11-07,89.19705963134766,89.52945063151088,87.1538600221316,87.1538600221316,6524900
2025-11-10,88.698486328125,91.3380281945294,87.90661780135062,89.76407677998195,6299900
2025-11-11,89.52944946289062,90.06713003055576,88.90378019158493,89.33392315400381,4762900
2025-11-12,90.98465728759766,91.66770525843555,90.19270863573155,90.84605985382632,5512400
2025-11-13,89.7076416015625,91.6875056245736,89.49975678545616,90.88565555949843,6303500
2025-11-14,88.99488830566406,90.19270511928895,88.50982374041341,89.08397856041995,6096900
2025-11-17,87.58918762207031,89.35126539254625,87.34170461941736,88.61871026683457,7549400
2025-11-18,87.63867950439453,89.1136760823417,86.73784530399898,86.95562400170098,10063400
2025-11-19,85.21334838867188,88.71770857564182,84.44120263693951,85.54992164349602,18972000
2025-11-20,82.83750915527344,86.05478812005359,82.59992759259717,85.29254381153393,12051800
2025-11-21,86.73784637451172,88.08415452689896,83.39187131082197,83.58986224651537,12573900
2025-11-24,83.68885040283203,87.09421882708702,83.66904753380824,86.7477365924054,9227300
2025-11-25,85.70831298828125,85.75780505593279,83.87694032837747,84.1343172063615,6520100
2025-11-26,88.8958969116211,89.32156797511583,85.73801140447223,85.80730634259548,7927600
2025-11-28,89.7076416015625,90.77676243402627,88.96519259293333,89.37106079030804,4059000
2025-12-01,90.440185546875,92.17256649750624,89.23246733287903,89.48985176026709,6570600
2025-12-02,89.55915069580078,90.8262624678658,88.46032555383586,90.8262624678658,5863800
2025-12-03,90.0046157836914,91.97458590497155,89.68783784524453,89.75713278326161,7308400
2025-12-04,90.6678695678711,91.2717287008231,89.26216792013244,90.25209993446927,6759400
2025-12-05,91.26183319091797,91.75679918925886,89.93532038802189,90.62827731724818,5898900
2025-12-08,92.1230697631836,92.76652707551605,89.98482056449109,91.67760338295902,7694700
2025-12-09,92.67743682861328,93.03381295385685,91.38062076908403,91.57861170120924,4650500
2025-12-10,93.66736602783203,94.43951175855388,92.00428001066899,92.92491704789462,8444700
2025-12-11,95.99370574951172,96.20159055995586,93.82575228653722,93.82575228653722,6812900
2025-12-12,96.11249542236328,97.21132055991868,95.28095615750075,96.27088816952674,5260200
2025-12-15,96.57776641845703,96.94404398844287,95.3403513811046,96.57776641845703,5730100
2025-12-16,96.68665313720703,97.52809379631654,96.0729001530145,96.90443937775852,5142500
2025-12-17,97.60729217529297,97.62709504443157,94.19202984930696,96.02340251038035,6830400
2025-12-18,98.05276489257812,100.96315975583673,97.56769278821704,97.60729097342498,9594200
2025-12-19,97.02323913574219,98.44873610497851,95.5779392967129,97.9042780269821,12620400
2025-12-22,94.24152374267578,97.3499096304655,93.82575411369082,96.96383675318206,11985200
2025-12-23,93.35059356689453,94.41971442067059,92.82592324616883,94.29102597553901,7975900
2025-12-24,95.55813598632812,95.62743092512024,93.23179726678502,93.65746833438854,3299500
2025-12-26,98.54773712158203,101.99269637450585,95.56803958101624,95.60763776873263,10644100
2025-12-29,97.1123275756836,99.23078144899456,96.72625470034255,98.45863569831248,8837000
2025-12-30,96.4490737915039,97.00343328737472,96.08279623739972,96.89454016460272,3686900
2025-12-31,96.76585388183594,97.44890938488685,96.22138825584146,96.42928062400797,4290100
2026-01-02,99.4980697631836,99.9831343398122,96.09270118666474,96.92424801346719,7064400
2026-01-05,101.07205200195312,102.2203767052967,98.8942047024428,99.38917068438438,7421200
2026-01-06,103.24990844726562,103.79436650425383,100.56718613747421,101.07205356156791,7699800
2026-01-07,102.62625122070312,103.60628936332716,101.45813112908195,103.24991323011514,4686200
2026-01-08,105.25946807861328,107.5462085102255,101.64621488117064,102.09168124619742,8568600
2026-01-09,104.4576187133789,106.21970397362966,103.09151530635688,104.5665118348714,6490400
2026-01-12,105.07138061523438,105.77423142049234,102.12138752007175,104.5170211187113,5893400
2026-01-13,107.53630828857422,108.84301820031524,106.87305567446982,107.40761985007956,7742300
2026-01-14,108.7143325805664,109.52607652326179,107.09084469517563,107.47691757325137,5886200
2026-01-15,110.01113891601562,110.73379258913366,107.3086288229256,108.96181342738831,5827200
2026-01-16,110.15962982177734,110.6248990620397,109.07070615136979,109.72405733258165,5253200
2026-01-20,108.2391586303711,109.54587608916665,106.34839248355753,108.91231267615292,9556600
2026-01-21,104.9723892211914,109.14000199656448,103.83396592114174,107.5165141356974,6547300
2026-01-22,105.4277572631836,105.73463376421272,103.74487589597769,105.50695363524973,4904300
2026-01-23,107.01165008544922,107.23933777368308,105.03178604112053,105.2891704816062,4594100
2026-01-26,102.913330078125,107.39772084123452,102.56685538775109,106.94235302637426,6709800
2026-01-27,103.05191802978516,103.76467026671904,102.15108385163603,103.29940102579933,4578900
2026-01-28,100.71568298339844,103.13111956220048,99.86434083029877,102.9529314940498,4644400
2026-01-29,101.80460357666016,102.23027464010937,100.2999102550384,101.37894006579275,6015200
2026-01-30,104.40812683105469,104.44772501644769,101.32943777812895,101.80460089768171,6181800
2026-02-02,108.42725372314453,108.80343272710644,102.63615287494996,103.87356790886257,10561600
2026-02-03,110.17943572998047,111.82271893917746,108.48664534667068,108.7836279706925,8373400
2026-02-04,112.9809341430664,113.72338312796518,111.13966005631093,111.4168473548417,9816200
2026-02-05,109.73396301269531,113.61449472223163,109.22909556728371,112.98093883302496,6081500
2026-02-06,114.38664245605469,114.65392076552335,110.44670988193319,110.44670988193319,7804400
2026-02-09,114.35694122314453,115.03009528469613,112.5849695908687,114.10945822334735,4507500
2026-02-10,112.09000396728516,115.9903309214169,112.01080759446477,114.33714628984569,4955200
2026-02-11,114.61000061035156,114.77999877929688,112.30999755859375,112.94000244140625,6612000
2026-02-12,112.69000244140625,116.37000274658203,111.86000061035156,114.9800033569336,5588400
2026-02-13,115.76000213623047,116.1500015258789,112.62000274658203,113.41000366210938,6597100
2026-02-17,116.54000091552734,118.37999725341797,114.19000244140625,116.9000015258789,6258900
2026-02-18,115.66000366210938,116.83000183105469,114.75,115.75,5608100
2026-02-19,115.66000366210938,116.26000213623047,114.62000274658203,115.19999694824219,3631500
2026-02-20,116.69000244140625,118.9800033569336,114.44999694824219,115.2699966430664,6285900
2026-02-23,113.33999633789062,116.72000122070312,112.80999755859375,116.08000183105469,7924800
2026-02-24,115.5199966430664,115.58000183105469,113.4000015258789,113.4000015258789,4977600
2026-02-25,116.44000244140625,116.4800033569336,114.61000061035156,115.75,4522100
2026-02-26,114.79000091552734,118.69999694824219,113.95999908447266,117.4800033569336,5930300
2026-02-27,113.79000091552734,113.87999725341797,111.11000061035156,113.0,6417000
2026-03-02,113.16999816894531,114.37999725341797,111.25,111.83999633789062,6301900
2026-03-03,120.80000305175781,122.43000030517578,115.0,116.01000213623047,15692200
2026-03-04,120.08000183105469,126.0,119.88999938964844,123.95999908447266,9496000
2026-03-05,120.36000061035156,120.87999725341797,118.08999633789062,119.7699966430664,7129700
2026-03-06,120.79000091552734,120.79000091552734,117.0,119.16999816894531,5979700
2026-03-09,120.13999938964844,120.15499877929688,115.75,118.66000366210938,5955097
