Price,Close,High,Low,Open,Volume
Ticker,WDC,WDC,WDC,WDC,WDC
Date,,,,,
2018-01-02,56.18204879760742,56.465099596055616,54.939390324793436,55.581429490495175,5151762
2018-01-03,57.07262420654297,57.22450632089747,56.47891049915742,56.61007919889829,4304116
2018-01-04,56.72745132446289,57.300455179422215,55.01534190927983,56.610086906253464,6844011
2018-01-05,57.08643341064453,57.27973887486884,56.34083757032654,56.87932364856587,3608350
2018-01-08,56.223480224609375,57.30045244957294,55.65047639694851,57.30045244957294,6450022
2018-01-09,55.657379150390625,56.67912373899201,55.526210437616754,56.278708482880646,5041556
2018-01-10,55.85759735107422,55.88520943823894,54.40092299926537,54.677068260137766,6537075
2018-01-11,56.782676696777344,57.23831959942418,55.85068095905522,55.864488742065646,5056638
2018-01-12,57.383296966552734,57.51446916505747,56.920751907460776,57.079536188231494,3956564
2018-01-16,57.90797424316406,58.6673779170895,57.50756247383908,57.78370768064181,7374799
2018-01-17,58.79164505004883,59.01256261130424,58.12889236628257,58.36361771063825,5818554
2018-01-18,59.64769744873047,59.765058374334785,58.729513007318964,58.79854843600688,6091092
2018-01-19,59.09540939331055,60.11024486878103,58.94352726316769,59.454397817726466,5210636
2018-01-22,59.5372428894043,59.64079254953662,58.750223662307064,59.33012963244246,5999144
2018-01-23,60.296653747558594,60.441630257395715,59.37846221690739,59.66841523658163,4076692
2018-01-24,60.04121017456055,60.676347300821085,59.49581841341872,60.545175101660085,6213602
2018-01-25,60.745384216308594,62.022564133746336,60.51066234718285,60.876556418672415,9636732
2018-01-26,61.85688400268555,61.87759393814857,59.86172003838466,59.889335608451944,10833386
2018-01-29,60.37259292602539,61.99495720773551,60.18619653152381,61.2631689627552,6621218
2018-01-30,60.11715316772461,60.24141973713733,58.75712653813794,59.3715537512483,6258981
2018-01-31,61.4288330078125,62.954545718161796,61.21482112029419,61.56691081294325,11277649
2018-02-01,60.51066970825195,61.525505344415905,59.785780142642096,60.35878755405942,4703530
2018-02-02,58.85377883911133,60.151668574792694,58.68808545028938,60.055010613805685,6628759
2018-02-05,56.230384826660156,59.30251735838941,56.223482676993015,58.128894086063006,6886480
2018-02-06,58.163414001464844,58.405044995740894,55.401947783856706,55.62976750992739,6397763
2018-02-07,57.790611267089844,58.90210465684724,57.36948609614581,57.95629768846749,4944977
2018-02-08,55.291481018066406,58.27386438150465,55.291481018066406,57.74918608491267,5016287
2018-02-09,55.63666534423828,56.59627658436112,53.77957614133307,55.78164182997465,6123902
2018-02-12,56.84481430053711,57.341877105835955,56.09231271638403,56.09231271638403,4361666
2018-02-13,57.27973937988281,57.61801784795313,56.32012813592435,56.513430117678816,3894118
2018-02-14,57.52827453613281,57.707772237165955,56.54105111714844,56.54105111714844,4330576
2018-02-15,58.363616943359375,58.41884459085998,57.27283693452252,57.901071894366204,4144562
2018-02-16,58.619049072265625,59.59246461616091,58.14960189908403,58.19102176144391,3965693
2018-02-20,59.68911361694336,60.303540740419365,58.066753269822904,58.080561051540506,4976729
2018-02-21,59.14372634887695,60.43471033191201,59.109205153976944,59.57175014288953,3421675
2018-02-22,59.04708480834961,60.241417998687126,58.867587109189174,59.330132172074826,3004004
2018-02-23,61.539310455322266,61.66357702646649,59.71673872410636,60.0481185699407,5635848
2018-02-26,61.59453582763672,61.80164211459877,60.904167601066156,61.539304697107426,3647643
2018-02-27,60.193092346191406,62.084699427103345,60.04811584782013,61.73260966343088,4513150
2018-02-28,60.08953857421875,61.1596052469538,60.06882864037247,60.84894230256119,4103020
2018-03-01,60.248321533203125,61.31838812042958,59.58556886133643,60.35187119415991,4702604
2018-03-02,60.92488098144531,61.0284376149622,59.39226928512134,59.56486135153317,3314644
2018-03-05,62.0984992980957,62.347032411395126,60.7453784414368,60.75228407468078,4512224
2018-03-06,64.75640869140625,64.99113750708935,62.609369962400265,62.9131342056319,8723333
2018-03-07,65.77124786376953,66.92416104936305,64.03152312017046,64.03152312017046,7944615
2018-03-08,67.11747741699219,67.59383379213746,65.84720304107087,65.93004278050513,5445203
2018-03-09,68.72602844238281,69.03669836181446,67.34529879552312,67.58692630951484,6007346
2018-03-12,71.01114654541016,71.18373862531229,68.87100614829366,69.03669956221133,7623258
2018-03-13,71.04566192626953,71.18373279153602,69.03669390439302,69.03669390439302,9119439
2018-03-14,71.24585723876953,72.21237412808172,69.98939434151659,71.41844929156284,5260645
2018-03-15,70.5761947631836,71.39082243389092,70.18959085595337,71.19062181646618,3567470
2018-03-16,73.48956298828125,73.84164580218984,71.40465379948719,71.7153167454887,9644538
2018-03-19,71.21825408935547,73.44813967971511,70.70737655680371,73.17199098045585,5866314
2018-03-20,71.57034301757812,72.14335039816457,71.19064462087648,71.48059764417945,3306442
2018-03-21,70.9973373413086,72.21238048268498,70.94210620715086,71.58414897877488,3150989
2018-03-22,69.60969543457031,70.9282952155381,69.30593813221829,70.12747164052946,4279640
2018-03-23,63.74847412109375,68.42225653232263,63.73466285561171,67.93900160740849,11330701
2018-03-26,65.08088684082031,65.24657327072562,63.24451090780204,65.03946697543118,5795269
2018-03-27,63.63801193237305,66.06810479313152,63.22379242942361,65.53652437521019,4400827
2018-03-28,63.02717590332031,64.46403145319036,62.624576936060706,63.73518873681871,3715249
2018-03-29,64.04755401611328,64.73474398502537,62.86753027100349,63.36035704084961,4462479
2018-04-02,62.464927673339844,64.8388546083265,61.70832582325399,64.21414031265425,4504418
2018-04-03,63.31177520751953,63.71437422765086,61.985984166790175,62.874473724078356,3092645
2018-04-04,64.21414947509766,64.40156238927025,61.14608187293124,61.14608187293124,3062877
2018-04-05,62.83977127075195,64.82498618455992,62.52047077394781,64.60980709040662,3069889
2018-04-06,60.9239501953125,62.90222846021883,60.493592085331784,62.1109171542563,4882796
2018-04-09,61.47233200073242,63.1590764278063,61.35433100531911,61.51397776232468,3125984
2018-04-10,62.97164535522461,64.06837760498854,62.56211008836117,62.83282150355773,3940556
2018-04-11,62.21504592895508,63.05494637957588,62.06927877699793,62.40245883679941,3494969
2018-04-12,62.818946838378906,63.31871694731249,62.437170706882206,62.742591612079565,3072403
2018-04-13,62.42329788208008,63.79767809157542,62.11093364802899,63.31178050739137,3795158
2018-04-16,62.83281326293945,62.88834559886371,61.80550008009428,62.86057943090158,3340707
2018-04-17,63.422828674316406,63.776838578043275,63.02717301945149,63.35341675363594,2845905
2018-04-18,63.65190124511719,63.901782785489694,61.854099373999155,62.61070130254946,3996122
2018-04-19,62.13174819946289,63.54778098747261,61.52785670602558,62.90223673126748,3149005
2018-04-20,62.16646194458008,63.513075889411056,61.6319823438463,61.895750496547684,4707896
2018-04-23,60.38948059082031,62.569058686108214,60.13959203155844,62.5274059219964,4448852
2018-04-24,59.99382019042969,62.31916526273123,59.6051077980741,61.132198202058234,4569774
2018-04-25,59.63982391357422,60.35478014623148,58.20990794508345,60.00077017438136,3451972
2018-04-26,61.021141052246094,61.35432110392111,60.0701759339848,60.59771918988062,5735073
2018-04-27,56.14139175415039,60.535246838091396,55.94703554572842,59.84111351866885,12079387
2018-04-30,54.69065856933594,56.91882226588209,53.239923239359264,56.01644961678835,10008892
2018-05-01,55.38479232788086,55.82903711208719,54.29500324688213,54.29500324688213,5987501
2018-05-02,53.28851318359375,55.37090975304353,53.23298433664204,55.16961023859404,7173174
2018-05-03,53.43428039550781,53.78134707458794,52.726267452979464,53.184395329238185,5989750
2018-05-04,53.64251708984375,53.97570066515295,52.78873702444451,53.19827232276482,6321426
2018-05-07,54.503238677978516,54.95442672540828,53.75357653370367,53.95487603198317,5981283
2018-05-08,53.954872131347656,54.76700635419731,53.468981657767046,54.48935515546206,3674103
2018-05-09,54.45463943481445,54.6212329374586,53.54532722170676,54.18393156147145,4594911
2018-05-10,54.864192962646484,54.9960770397731,54.21170886603276,54.864192962646484,4341821
2018-05-11,54.697601318359375,55.41255753652711,54.544890862759985,54.836425183621174,4009219
2018-05-14,56.307987213134766,57.59213249660417,55.96786033361695,56.183042931122195,8304339
2018-05-15,57.59907531738281,57.821197718601475,56.231634941726,57.13400763457386,7810992
2018-05-16,60.40336227416992,60.48665378292295,57.85589484200746,57.96001623430042,9424787
2018-05-17,60.05630111694336,60.89620161372921,59.48711206100781,60.222891156000706,5325737
2018-05-18,58.82768630981445,60.188179759295245,58.584737547802554,59.5634653812465,4541727
2018-05-21,60.063232421875,60.708776651803284,59.66064044475496,60.13265135487835,5340686
2018-05-22,60.99338912963867,61.513982206209135,60.563023872134394,61.1877453729137,5621295
2018-05-23,61.43067932128906,61.451502199740276,59.97994405476537,60.361713174525875,5850968
2018-05-24,60.70877456665039,61.51396549958646,60.2992393090259,61.11831683062638,6356089
2018-05-25,59.93830871582031,61.02809092409912,59.75088876447946,60.45890178664195,3726362
2018-05-29,60.03548049926758,60.56996010595412,59.431581951202666,59.50793718163682,3921769
2018-05-30,60.063232421875,60.56300950392938,59.73005237140657,60.49359757727777,4036870
2018-05-31,57.966957092285156,60.327008163652984,57.91142825103608,59.90358629852815,6477540
2018-06-01,59.605106353759766,59.68146157274395,58.029426938912074,58.452848787332904,4959530
2018-06-04,58.8970947265625,59.33439616638031,58.14742911000196,59.29275041202195,5607271
2018-06-05,59.62594223022461,59.76477311607825,59.08451929127805,59.34828746487038,3772005
2018-06-06,58.80685043334961,60.5005377904145,58.70273254867516,60.042406486414436,6355692
2018-06-07,57.33530044555664,58.88321387193972,55.97480344156543,58.78603576473864,11674284
2018-06-08,57.349185943603516,57.50883619831327,56.32881227192151,56.73835110032525,3802037
2018-06-11,57.612953186035156,57.953076549448824,57.13400245864249,57.217297475759466,5181662
2018-06-12,57.00211715698242,57.84201410811186,56.48151718070082,57.84201410811186,5297557
2018-06-13,57.51577377319336,57.93225235247559,57.071529021112056,57.22423596515502,5577636
2018-06-14,57.300594329833984,58.050256514271716,57.189533135725576,57.682366965633136,5440308
2018-06-15,55.94703674316406,56.918821309249104,55.544441230933785,56.918821309249104,7303357
2018-06-18,55.71797561645508,55.88456565804863,54.73924773677029,55.56526515901415,5183382
2018-06-19,55.88455581665039,56.148327423094976,54.7670042668331,55.09324450049223,4127892
2018-06-20,55.68326187133789,56.34268565669722,55.55831760600806,56.224684685650004,3787881
2018-06-21,56.14833068847656,58.15437176212835,56.03726950612134,57.446355410922884,5005306
2018-06-22,55.30842971801758,56.48845345490418,55.21125162233758,56.405158444775005,4732503
2018-06-25,54.23253631591797,55.16267167265144,53.455107919078465,54.88501692219202,6042538
2018-06-26,54.49629592895508,54.70453520755426,53.947933312718256,54.35746857549703,4646905
2018-06-27,53.65639877319336,54.7808937483449,53.64251568668828,54.48241614642566,4475444
2018-06-28,53.747222900390625,54.20134836458046,53.376938261763364,53.75421139884571,4199996
2018-06-29,54.082576751708984,54.88602490188681,53.94284556550927,54.215319439307976,3453692
2018-07-02,54.52272415161133,54.61354994974526,53.13939636609571,53.44680214887884,3289640
2018-07-03,53.70530700683594,55.06068787405106,53.53064390599158,54.84410788563327,2466469
2018-07-05,54.11750793457031,54.29915953196719,53.48173792163053,53.94983333418576,3423395
2018-07-06,54.44586944580078,54.515733266952935,53.43981138090314,54.005717499790634,2959683
2018-07-09,55.66851043701172,55.68248390718298,54.57861502348228,54.77423655391415,3588241
2018-07-10,55.94797897338867,55.97592239083739,55.28425845978694,55.808247782212,3684423
2018-07-11,54.627525329589844,55.43097349197927,54.41793031009622,55.36809463353287,4233997
2018-07-12,55.0886344909668,55.144524849395566,54.725334820238885,55.04671407765788,2710827
2018-07-13,55.55673599243164,55.934009175594156,55.039735134897974,55.06069358085694,2237590
2018-07-16,54.79520797729492,55.66852004283765,54.655476777454034,55.66852004283765,2877128
2018-07-17,55.18644714355469,55.27028444704672,54.25724125439461,54.38299897262428,2173028
2018-07-18,55.039730072021484,55.37508280643485,54.85807847047476,55.19343120488812,3307500
2018-07-19,54.11750793457031,55.08164922772233,53.92887136465036,54.78122841555165,3449723
2018-07-20,53.544612884521484,54.26422371869406,53.446802113971785,54.21531833341921,4372515
2018-07-23,53.362972259521484,53.467771543150874,52.266091661047305,53.265161475325286,5045790
2018-07-24,52.47568130493164,53.78215681030338,52.37787053079578,53.44680407355906,4323961
2018-07-25,52.8389778137207,53.19529252301984,52.43376124300818,52.51759854626194,3978790
2018-07-26,53.8590087890625,54.17340307957998,52.66431401107928,52.76911328324616,7130705
2018-07-27,49.69504928588867,52.39882965933303,48.87762764052021,52.0425184737583,14851733
2018-07-30,48.926536560058594,50.233015702787,48.57721032208966,49.63916250863323,8544728
2018-07-31,49.010372161865234,50.10725262388522,48.989410192156924,49.63216870890491,6554804
2018-08-01,48.367610931396484,49.20599453226368,48.339667514621354,49.045304900378135,6217439
2018-08-02,47.87156677246094,48.318703735924295,47.794717971726904,48.20691949505846,6260568
2018-08-03,47.480323791503906,48.10212385299165,47.040171799558564,48.02527152611419,6208839
2018-08-06,47.71786880493164,47.829653053199934,47.24278486829555,47.24977336717792,4739515
2018-08-07,47.33361053466797,48.59118067955327,47.312648564064915,47.885543275527084,5377598
2018-08-08,46.84455108642578,47.333608472115,46.82359264271927,47.298676557276444,4167847
2018-08-09,46.18781661987305,46.809616658965396,45.621910462308655,46.669885481128446,7814829
2018-08-10,45.265602111816406,46.09000870754592,45.188749782947454,45.7686294468059,6163592
2018-08-13,44.867366790771484,45.677799847853215,44.74160908598708,45.391356052045566,4743087
2018-08-14,45.405330657958984,45.96425188883977,44.96518217200593,45.209709108646514,4310202
2018-08-15,44.67873764038086,44.8464157832185,42.99498886871253,44.196668709445746,13458482
2018-08-16,45.45423126220703,45.75465205331448,44.96517744038825,44.99312438048728,5596158
2018-08-17,45.153812408447266,45.37039237163774,44.46913355600701,45.209702760696096,4500581
2018-08-20,44.72764205932617,45.307521758495355,44.231599666763174,45.307521758495355,4629309
2018-08-21,45.33546447753906,45.57999140151085,44.965179842386625,45.02805869797695,4072856
2018-08-22,44.72764205932617,45.31451025753616,44.67175169691651,45.293551812380464,3680454
2018-08-23,44.25953674316406,45.02805285534171,44.14076401980128,44.60187439230439,4166656
2018-08-24,44.58092498779297,44.888330789774656,44.343383018903346,44.51804612761679,3462291
2018-08-27,45.042030334472656,45.56601607507573,44.71366259909758,44.748594511673396,4185840
2018-08-28,45.18175506591797,45.3634066411497,44.83243243674403,45.24463744086814,2821827
2018-08-29,44.28749084472656,45.314507484252296,44.26652887487038,45.25861359928001,4781851
2018-08-30,44.210636138916016,44.36434078834277,43.93816227928346,44.24556805215401,4271702
2018-08-31,44.182701110839844,44.24557998201535,43.7355640384735,44.140780688061525,4394345
2018-09-04,42.08673858642578,43.14170218612981,41.164521202765556,43.14170218612981,11718869
2018-09-05,41.92605209350586,42.51990528286542,41.4300096858306,42.00290442939595,7534485
2018-09-06,40.37504196166992,41.82125214820184,40.193393889025806,41.82125214820184,7901750
2018-09-07,40.30517578125,40.76628619751126,39.55063306645108,40.17243310229004,6333730
2018-09-10,39.85803985595703,40.563677205735864,39.76022908727314,40.521760319718766,4799844
2018-09-11,38.411834716796875,39.040619765030286,37.8109930849862,38.90088857898403,9754744
2018-09-12,39.52268600463867,40.29120218738985,37.45467939894179,37.622357516151226,9539756
2018-09-13,39.892967224121094,40.32613066150098,39.229250361968035,39.85105034288012,6790562
2018-09-14,39.795162200927734,40.486826100896224,39.24322948585668,40.06763607218702,4007235
2018-09-17,39.94887161254883,40.59861517660061,39.61351884446343,39.71132962774039,4632352
2018-09-18,40.59162902832031,41.297266462953914,40.00476081966147,40.144492017148515,6529534
2018-09-19,40.79423904418945,41.17849719237503,40.507791676343835,40.89903479770365,4700222
2018-09-20,41.95399856567383,42.38716210510061,41.31822496590841,41.41603574649025,8575951
2018-09-21,42.42209243774414,42.68059285190526,41.297264977103445,42.03084933003722,13125748
2018-09-24,41.86317443847656,42.35223188699771,41.58371555788133,42.107704925728925,7802922
2018-09-25,41.69549560546875,42.219484920411,41.1994532335594,41.86317021169967,5922277
2018-09-26,41.17849349975586,41.52781617279496,40.479841101711436,41.27630427132478,6615529
2018-09-27,41.06575012207031,41.71400790612222,40.924823434534964,41.37578598972768,3887900
2018-09-28,41.24895095825195,41.73514428016289,40.6077379295794,40.953008124780176,5709671
2018-10-01,40.88254928588867,41.96767673147246,40.41749720646055,40.875504550931055,5862478
2018-10-02,40.67116165161133,41.770382140677825,40.63593086396322,40.93187374758851,5579620
2018-10-03,41.12211990356445,41.74219521373005,40.69934338435871,40.81208402655695,5652914
2018-10-04,39.88902282714844,40.79094800311157,39.501477075361194,40.69230038150945,7193151
2018-10-05,39.56488800048828,40.43862699512667,39.46624039362429,40.02994354438296,5238419
2018-10-08,39.21258544921875,39.78333351348479,38.98710411782823,39.38874296162705,3351291
2018-10-09,38.34588623046875,39.2055359239725,37.75400047498854,39.142119085006634,5345978
2018-10-10,38.155635833740234,39.00823360323513,38.01470914249002,38.06403295100501,7184816
2018-10-11,38.14154815673828,39.395784860652036,37.873787761435864,38.444539340755234,6004171
2018-10-12,38.33884048461914,39.21962791583656,37.9724324864946,38.87435767809298,5847131
2018-10-15,38.402252197265625,39.08574073449863,37.916058880328706,38.064030295550765,3877713
2018-10-16,39.50148010253906,39.62831378464756,38.59955485745729,38.965962877309515,4274216
2018-10-17,39.29009246826172,40.065184044068054,39.008239046431555,39.607173122631814,3979584
2018-10-18,39.339412689208984,40.072225117938245,39.02937679844471,39.05051455849773,6484817
2018-10-19,39.83969497680664,40.71343401339059,39.508517804021395,39.53670385195,8306720
2018-10-22,39.00823974609375,40.24838700085772,38.93777816744793,39.97358186552742,5899257
2018-10-23,39.219627380371094,39.494428930024135,37.7680919894791,37.909015131629225,5163801
2018-10-24,36.8802604675293,39.261903573251246,36.81684363001489,39.09279437731335,7693907
2018-10-25,38.05699157714844,38.64183259667511,37.08460123342537,37.267807015072925,9612124
2018-10-26,31.13753890991211,33.51918582174112,29.59440399945976,33.39939686890823,39381476
2018-10-29,29.277318954467773,31.658962243103545,28.967283034003206,31.46166698063983,18153545
2018-10-30,29.150484085083008,30.017178525022224,28.59382910916009,29.284364277796737,13557310
2018-10-31,30.348352432250977,31.137537012378875,29.686003310809422,29.84102126595853,10184322
2018-11-01,33.173912048339844,33.39939334691152,30.47518475639493,30.50337080775409,12809418
2018-11-02,33.63896560668945,33.815123082646956,32.11696871281326,32.28607789828813,10257351
2018-11-05,34.07583236694336,34.68181460370535,33.09640100578547,33.65305588165143,7873570
2018-11-06,34.45634078979492,34.66068078672991,33.730573029149134,33.871496183959174,4852367
2018-11-07,34.19563293457031,34.93549025769806,33.46986508375322,34.808656557690014,5260248
2018-11-08,33.51213836669922,34.470432232529795,33.34302914879141,34.19563064246742,5290677
2018-11-09,32.2226676940918,33.300750530785024,31.6096405473595,33.11049999087128,7575895
2018-11-12,30.62315559387207,31.933767838823844,30.432908641289423,31.91262652264186,6698746
2018-11-13,31.489849090576172,31.595545000031343,30.623154723955956,30.778174442850037,8349982
2018-11-14,31.743515014648438,32.72999471564431,31.44756861504434,32.18742927982886,5790506
2018-11-15,32.92729568481445,33.20210081768532,31.26437186075598,31.62373159847532,6785535
2018-11-16,32.83568572998047,33.15981816516648,32.124011142867346,32.4410952880763,5143824
2018-11-19,31.785789489746094,32.96251964702696,31.72942095023851,32.504512372482765,5879941
2018-11-20,32.18743133544922,32.82159969213681,30.017176565887105,30.397677579899653,11210705
2018-11-21,33.04708480834961,33.61078816454392,32.532708829714345,32.80046570131195,8193736
2018-11-23,33.357120513916016,33.88558946065449,32.772275903765696,33.00480551198964,4311657
2018-11-26,33.765804290771484,34.174487846516506,33.223238757470284,34.15335008422916,5551837
2018-11-27,34.30131530761719,34.48452106803015,33.32892863275017,33.46985532011003,4615153
2018-11-28,33.9278678894043,34.79456235075736,31.391204902870808,34.61135656183009,13915843
2018-11-29,32.07469177246094,33.822170067339265,31.870351789428916,33.58964403280254,9852249
2018-11-30,31.983095169067383,32.20857648804827,30.58792817431644,32.00423293142461,12463322
2018-12-03,32.67362976074219,32.793418716053026,31.644874317876905,32.59611988780304,9976611
2018-12-04,30.32721519470215,32.67362765807916,29.960807172847563,32.38472950417569,13386511
2018-12-06,30.7218017578125,30.764080832019598,29.686000001244405,30.32721128981524,8935277
2018-12-07,29.61553955078125,30.84159370498665,29.432335545533473,30.58088161226611,6260304
2018-12-10,29.354827880859375,29.62258649049315,28.706570007211763,29.242087226479313,6538001
2018-12-11,29.31254768371582,30.059454889703325,28.91795543237388,29.735324206830246,5688900
2018-12-12,28.868633270263672,29.791696228162348,28.81930945829126,29.763511954781862,8066728
2018-12-13,28.15696144104004,29.044793702718604,28.00194169846474,29.037747189140127,6514849
2018-12-14,27.325498580932617,28.178100079287567,27.311407331413395,27.670768866628705,7560680
2018-12-17,26.952045440673828,28.269700742669365,26.740655377711946,27.29026562964672,8369960
2018-12-18,27.28321647644043,28.051261452183958,26.91681026996312,26.952042832752028,6907912
2018-12-19,25.77531623840332,27.60030457375229,25.45823379669101,27.07183205948952,10515336
2018-12-20,25.852819442749023,27.029549645040372,25.47232022902987,25.73303229104433,12195811
2018-12-21,25.296167373657227,26.501081981960688,25.267981321587907,26.014888586443995,14356138
2018-12-24,24.70427894592285,25.613250708512734,24.485844146862572,25.14114854404341,4942596
2018-12-26,26.021934509277344,26.071258324574814,23.837586497208502,25.17638135780581,9869051
2018-12-27,26.35051155090332,26.364796200318022,25.279061905953064,25.657640263791386,5839325
2018-12-28,26.24336814880371,26.836236106360506,25.8576465447037,26.62908975290372,6998405
2018-12-31,26.407655715942383,27.207669989667387,25.58620996176697,27.171955662195188,9208742
2019-01-02,27.3291015625,27.764825735910193,25.72907119290143,25.821929526958304,8447620
2019-01-03,25.464778900146484,26.543371708653375,25.3790619962194,26.42908190259082,10233934
2019-01-04,26.543373107910156,26.72908977166364,25.907645829155573,26.143363271802645,8378427
2019-01-07,27.48624610900879,27.657678121085393,26.543372746306552,26.657658951878236,7895135
2019-01-08,27.22195816040039,28.16483340850473,26.53623005178649,28.043402163961076,10188555
2019-01-09,28.42198371887207,29.707723083186227,27.393391506428888,27.400534733214144,12517829
2019-01-10,28.436264038085938,28.75055695636071,27.771965678009707,28.229117702788024,6408480
2019-01-11,28.593412399291992,28.95056107929148,27.736252322830264,28.257689792174986,6663157
2019-01-14,27.186241149902344,27.264813028050185,25.829071519384506,27.064809917332735,17789852
2019-01-15,26.91480827331543,27.31481450499051,26.40051222940251,27.18624184587184,8318495
2019-01-16,27.021955490112305,27.671967477588435,26.900524243500826,27.014812263549327,6493019
2019-01-17,26.050500869750977,26.7076559210824,25.014767521672457,26.60765437891964,13073357
2019-01-18,28.000545501708984,28.014831955047754,25.90050535513464,26.1076517186284,12372696
2019-01-22,26.82909393310547,27.836256439587473,26.736235592217202,27.836256439587473,8664062
2019-01-23,26.8719482421875,27.393387498910332,26.56480035023361,27.09338103021731,6226832
2019-01-24,28.67198371887207,29.529143778566095,27.536248667566795,27.621963772296503,20798751
2019-01-25,30.82917022705078,34.25066572732051,29.664863976385558,32.50063113315742,49852228
2019-01-28,31.429183959960938,31.536326951227256,29.714865457546924,30.022013385623953,15724384
2019-01-29,30.393449783325195,31.807761755257538,30.329162547786535,31.429183370951588,8760377
2019-01-30,31.307750701904297,31.422038708308996,30.34344587317457,30.836312224865072,8902864
2019-01-31,32.1363410949707,32.1934869096331,31.07203454399678,31.29346916837464,9827906
2019-02-01,33.57208251953125,33.77208564837972,31.950622402151325,31.950622402151325,12145272
2019-02-04,34.179237365722656,34.207810271620865,32.92921418970584,33.614942301508165,8037622
2019-02-05,33.86494445800781,34.46495382097288,33.67208276064379,33.88637233383973,7871982
2019-02-06,34.286376953125,34.772101885359035,33.86494285526183,33.87208427854818,6947867
2019-02-07,32.75777816772461,33.92923118158782,32.464914914258806,33.779225238137435,9321329
2019-02-08,33.364933013916016,33.379219466107905,31.464896156696597,31.750617990616508,9419363
2019-02-11,32.807777404785156,33.48636401529056,32.5792013935562,33.41493175868233,5521805
2019-02-12,33.75779342651367,34.16494464349385,33.10778336884075,33.18635343820451,6130782
2019-02-13,34.06494140625,34.82209800133884,33.95779483658809,34.77209723015215,8083795
2019-02-14,34.2720947265625,34.57924082268941,33.907799218317194,33.97208644889232,7003433
2019-02-15,34.036373138427734,34.6149582044067,33.84351144976808,34.6149582044067,5873194
2019-02-19,34.286376953125,34.993532871699514,34.04351448700798,34.586385225367785,6351988
2019-02-20,34.614959716796875,35.13639539434835,34.22209489901057,34.25066419842565,6255409
2019-02-21,33.70779800415039,34.64353000700988,33.607796440940284,34.55781489639536,5007687
2019-02-22,35.350685119628906,35.39354447637467,33.88637243109422,34.329238030964724,6380432
2019-02-25,36.68642807006836,37.315010358480734,36.257848909336374,36.35785047317657,10260130
2019-02-26,36.4078483581543,36.857858964587244,36.07212575915335,36.56499572023283,5315153
2019-02-27,34.67210006713867,36.69356625179888,34.64352716429208,36.30784648320474,9120630
2019-02-28,35.92926788330078,36.08641163792632,33.32921665673143,34.39352303311911,14631454
2019-03-01,36.90072250366211,37.1078706874092,36.136420616694096,36.44357037743371,10237506
2019-03-04,37.57930374145508,38.143602445580086,36.84357480124104,37.336444841155505,11006169
2019-03-05,36.243560791015625,37.31500864360537,36.05784412455577,37.14357842917456,8393906
2019-03-06,34.37209701538086,35.97212557550671,34.357810563287025,35.97212557550671,10472603
2019-03-07,33.56493377685547,34.1863745762743,32.43634018256563,34.1863745762743,11745197
2019-03-08,33.914939880371094,33.972082075215184,32.66491336175528,32.88634792855223,7039551
2019-03-11,35.47211456298828,35.71497701666056,34.04351274255335,34.10780357362983,8347998
2019-03-12,35.10782241821289,36.114982944810286,34.822100614313364,35.493542167031144,6387973
2019-03-13,34.993534088134766,35.33639812193167,34.336378924597085,35.10068067586581,7951495
2019-03-14,33.98637390136719,34.80067644265563,33.67922419123784,34.7149613343513,10354063
2019-03-15,34.35781478881836,35.093543729902315,34.02923716512643,34.0363785895722,15912779
2019-03-18,34.4935302734375,34.764965683383984,34.16495265374187,34.42210161001125,6486801
2019-03-19,34.20065689086914,34.88638483521675,34.086368900144535,34.80066974341286,6284382
2019-03-20,33.69350814819336,34.40780907606763,33.25778761035532,34.17208803948897,7164707
2019-03-21,36.98643112182617,37.336440184708536,34.193521672067256,34.193521672067256,19324003
2019-03-22,34.56495666503906,36.75071160682564,34.55067021379096,36.60785069930326,11471468
2019-03-25,34.20780563354492,34.893530047413975,33.6363656178552,34.46495093688634,5856260
2019-03-26,33.62922286987305,34.95067822105785,33.479220531514336,34.42209752256747,8443254
2019-03-27,32.414913177490234,33.89351224818797,32.10062205779548,33.73636849081998,11806981
2019-03-28,33.04328155517578,33.426081279731676,32.32824723151072,32.44380851842232,7555124
2019-03-29,34.71169662475586,35.10171732621218,33.426080526322835,33.426080526322835,11015695
2019-04-01,35.6145133972168,35.809520065041134,34.92114582571488,35.34005403324369,8704679
2019-04-02,36.3873291015625,36.71956729883232,35.275053239175676,35.55673360838796,8611407
2019-04-03,37.564605712890625,38.590211460083374,37.1240309064266,37.19625532843821,10901785
2019-04-04,37.12403869628906,37.46349792511842,36.65456891934094,37.13125968195714,5648152
2019-04-05,37.58627700805664,37.81017490963453,37.04458289243917,37.39126668901985,5579620
2019-04-08,37.26126480102539,37.38404706735475,36.37288676982383,37.138482534696024,5791962
2019-04-09,36.19232177734375,37.47072048957159,36.112876358890006,37.47072048957159,6262156
2019-04-10,36.61123275756836,36.77012723552365,35.82397041751307,36.170654249126244,5790639
2019-04-11,36.712345123291016,37.26848485900492,36.42344013365856,36.755678320151276,4461421
2019-04-12,37.434600830078125,37.759618036674794,37.03013821308754,37.29015197836487,5447320
2019-04-15,37.456275939941406,38.091861176388285,37.18181652481307,37.9185210737651,6155787
2019-04-16,39.21135711669922,39.4858128539726,38.18575130398921,38.395203599251325,11122593
2019-04-17,39.32691955566406,40.1141782226997,38.525211628728584,39.72416120415684,8806417
2019-04-18,40.0058479309082,40.04196015102784,38.929684087686226,39.34137141631768,7477728
2019-04-22,39.1535758972168,39.883055751632924,38.655218589454556,39.695270049397045,6044787
2019-04-23,39.32691955566406,39.54359648710366,38.58299408784371,39.26913709654894,5036793
2019-04-24,38.958560943603516,39.3702481588149,38.13519015830138,39.3702481588149,5033486
2019-04-25,38.243534088134766,39.47137133901257,37.940187090658036,39.36303468782288,5190923
2019-04-26,36.777347564697266,36.82068076038044,35.246159909527904,36.07675535319773,13543154
2019-04-29,36.452335357666016,37.22515209776244,36.336774078169015,36.55345102158573,12548258
2019-04-30,36.92180252075195,37.22514949127086,34.5311280350917,35.60729169159468,25146923
2019-05-01,36.690677642822266,38.308535500262366,36.56789538231062,37.261263035499226,9857805
2019-05-02,35.93952560424805,37.03013474522501,35.80229774992344,36.791791246122216,7601561
2019-05-03,36.690677642822266,36.79179694839327,35.881752359223356,36.19232032555316,5044996
2019-05-06,35.795074462890625,36.01897600266534,34.870588012385426,35.2750506066614,6040818
2019-05-07,34.097774505615234,35.73729892030343,33.69331187437771,35.18115915723079,8920592
2019-05-08,33.72942352294922,34.63224344330208,33.67164106510082,33.90276360625245,6498179
2019-05-09,33.52719497680664,33.64275625691657,32.19101744771547,33.20217773739705,8133407
2019-05-10,33.12273025512695,33.317740608082424,31.93822616617208,33.238291540753735,6152876
2019-05-13,31.049850463867188,31.909337262445117,30.941510168320143,31.800996966898072,9649301
2019-05-14,32.23434829711914,32.581032112148236,31.3026371389689,31.3026371389689,6989541
2019-05-15,32.85549545288086,33.18773369328931,31.772110678749286,31.851556100925816,5767486
2019-05-16,32.566593170166016,32.79049110447268,32.03211996077582,32.37158282262316,4439856
2019-05-17,32.23434829711914,33.086614042652705,31.36764058210692,32.03211698296576,5909973
2019-05-20,30.2987003326416,31.894889745939363,30.08924620702497,31.475981494706097,12102407
2019-05-21,31.382083892822266,31.577094207919835,30.732053154284458,30.732053154284458,5753066
2019-05-22,30.472043991088867,31.13652044326168,30.240921429887777,31.035404778376368,4201054
2019-05-23,29.966461181640625,30.04591023845485,29.056416633407153,29.822010505004428,5707687
2019-05-24,29.598112106323242,30.41426202011617,29.446436793070653,30.13980444633799,5008217
2019-05-28,28.586952209472656,30.024243541419686,28.57250477165053,29.785898179846775,6509028
2019-05-29,28.644729614257812,28.854185557549716,27.98747602296383,28.218598565520068,6945353
2019-05-30,28.500280380249023,29.547554682081373,28.22582280269975,28.832518596364494,5166977
2019-05-31,26.88242530822754,28.651954923151692,26.846311268699672,27.944143441694163,9421480
2019-06-03,26.78130531311035,27.42411510836558,26.600740600055694,26.969092833394456,7521255
2019-06-04,28.26915740966797,28.298046817245318,27.026874610070024,27.09910086285425,7154784
2019-06-05,27.37355613708496,28.88307357586196,27.30132989036747,28.49305475968418,6689882
2019-06-06,27.438562393188477,27.785244403383203,26.997983883294868,27.575792093781022,6533239
2019-06-07,26.680192947387695,27.575793815882655,26.58630008694643,27.27966779575774,7702109
2019-06-10,27.431337356567383,27.973029662131633,27.062985130735328,27.062985130735328,6291527
2019-06-11,27.741907119750977,28.233043420754328,27.503563598890448,28.175262786669254,5784685
2019-06-12,26.174610137939453,27.34466666144241,25.97960162863589,27.23632819570476,10526185
2019-06-13,26.969093322753906,26.983538937474915,26.04460314157771,26.311839723674282,9752627
2019-06-14,26.239614486694336,26.557407087474907,25.929044693553408,26.36239857144702,7290656
2019-06-17,26.196277618408203,26.47795798371237,25.71958692825017,26.152942598183053,5436869
2019-06-18,27.525230407714844,28.08136833156937,26.542961443329865,26.644077098110603,9340248
2019-06-19,28.052478790283203,28.449720422914805,27.676905578954592,27.79968965455062,7069318
2019-06-20,28.630287170410156,29.482549308016928,28.36305240145616,28.82529568577422,7200428
2019-06-21,28.919187545776367,29.106975069632227,28.02358859325853,28.384718026236605,12180464
2019-06-24,29.63422203063965,30.139802116423795,29.070861311549876,29.106973523905733,9264837
2019-06-25,29.684782028198242,30.29147781100273,29.5331067155767,29.843678325770778,7594682
2019-06-26,31.85155487060547,32.76159950377256,31.345976543913373,31.642102554599308,17958402
2019-06-27,32.545570373535156,32.9473675841581,31.72006088039521,32.004971562711056,10490067
2019-06-28,34.7371940612793,34.773720412394376,33.10078256116649,33.1519201901123,19590984
2019-07-01,36.271324157714844,37.30138783610275,35.460425945006996,36.81923044806848,14372014
2019-07-02,35.307010650634766,35.906054525443146,34.62760660217012,35.29970316925347,10244651
2019-07-03,35.02210235595703,35.570004958894046,34.83946692600361,35.50425974355713,5298880
2019-07-05,35.4458122253418,35.504257328674804,34.53994261906411,34.70796676076202,6196535
2019-07-08,36.43204116821289,36.461263719208006,34.912516446464736,34.91982392767497,8965310
2019-07-09,37.608211517333984,37.652045345440065,36.1398243623184,36.17635439586832,13339941
2019-07-10,39.478397369384766,39.5806726186219,38.21456065666853,38.2437832098572,12454987
2019-07-11,39.63911437988281,39.79252724079212,38.550605704310655,39.59528055379892,9342100
2019-07-12,40.39887619018555,40.67647937021441,39.2884560962241,39.78522103987896,8702297
2019-07-15,39.916717529296875,40.60342534936756,39.49300529174093,40.42809741897299,7170263
2019-07-16,37.615516662597656,39.89480184409157,36.89958630286814,39.89480184409157,15011420
2019-07-17,37.615516662597656,38.338750816429716,37.25754963927149,37.77623331515877,8325374
2019-07-18,38.63096618652344,38.660188737481434,37.476712292911806,37.52054611934879,6659056
2019-07-19,38.32414245605469,38.92318634724438,37.900430192811704,38.92318634724438,5711788
2019-07-22,40.40618133544922,40.479237717048875,38.587138267849156,38.68210603354403,9924352
2019-07-23,40.8956413269043,40.93947515460563,39.945941575682546,40.52306669567352,5782568
2019-07-24,41.90378952026367,42.09372873154427,40.6399528780744,40.6399528780744,7074346
2019-07-25,41.618873596191406,42.26905132112569,41.195157712959215,41.845339124816014,5120936
2019-07-26,41.2755241394043,41.91839816838617,41.04905857641506,41.53851973622555,3798201
2019-07-29,40.756839752197266,40.917560100242085,39.967856661725364,40.74953595770569,5729119
2019-07-30,41.34127426147461,41.509298411764284,40.11396758487711,40.325821877984765,4999749
2019-07-31,39.368812561035156,40.96139000885798,38.95971158567343,40.80797714309734,11326071
2019-08-01,40.55228805541992,42.73660184332858,39.17887240422657,41.3558823978612,17693273
2019-08-02,39.73408126831055,40.42809655468237,38.52868979011793,39.55144586068232,8102184
2019-08-05,38.53599548339844,38.77707229308418,37.805453886775666,38.38988642668936,7743122
2019-08-06,39.14234924316406,39.81444584796355,38.36066990687966,39.171571796483136,8092130
2019-08-07,38.594444274902344,39.81444720485831,37.57168805618758,38.42642011797613,10845557
2019-08-08,40.32582473754883,40.37696236574484,38.68941694835311,39.025465272762155,6341668
2019-08-09,39.63911437988281,40.13587930755252,39.105819420348425,40.048215342307614,4883590
2019-08-12,39.573360443115234,39.682943161113656,38.56521565998985,39.31036855637997,5484100
2019-08-13,40.618038177490234,41.43624382009711,39.31767517748178,39.646419668192635,6066617
2019-08-14,39.763309478759766,40.02630140616656,38.91588121420901,39.60989659937497,5638229
2019-08-15,39.49300765991211,39.96055375156422,39.047376639142726,39.8509710233044,3764067
2019-08-16,40.318511962890625,40.78605799479777,39.945937370877935,39.945937370877935,4711600
2019-08-19,41.82343292236328,42.1302586791827,41.0709761204195,41.37780187723892,6741743
2019-08-20,41.04905700683594,41.845343874541825,40.661871107944386,41.72845735674874,4712129
2019-08-21,41.16593933105469,42.0279750076363,41.05635661875807,41.575040258193916,3116459
2019-08-22,41.58235168457031,41.85265106378284,40.99791541275968,41.363186239179875,3246642
2019-08-23,39.90941619873047,41.5969614589129,39.792529675610936,40.997917567059915,4907933
2019-08-26,39.916717529296875,40.73492314062493,39.69755577284222,40.537676453738875,2863369
2019-08-27,38.470252990722656,40.398878849751824,38.42641916034256,40.281992322328136,4627722
2019-08-28,39.040069580078125,39.17887116226771,37.871204448684786,38.462940808423944,4387200
2019-08-29,40.238162994384766,40.72032043482372,39.6975641271563,39.74139796244117,4237569
2019-08-30,41.83803939819336,41.940314638729724,40.61073282483412,40.61073282483412,6337038
2019-09-03,41.98414611816406,42.25444919040833,40.99061254486259,41.37049465535565,5977843
2019-09-04,43.342960357666016,44.80404021657711,42.99960454457936,42.99960454457936,8333842
2019-09-05,45.25696563720703,45.44690483627421,44.007740351124085,44.20498703107235,7726320
2019-09-06,45.46882629394531,45.90714981748445,45.05972163489861,45.36654736399141,5891848
2019-09-09,45.841400146484375,46.148225870398136,45.3007977021164,45.38115787369083,4724830
2019-09-10,45.49073791503906,45.92906140534549,45.08894076777106,45.563790601115905,4847604
2019-09-11,46.97373580932617,47.39744805476193,45.80487062854862,45.95828717915056,6622673
2019-09-12,47.265953063964844,47.6020013362879,46.783795725046545,47.13445527272141,4555221
2019-09-13,47.192901611328125,47.71158534928414,46.98104731392909,46.98835110890564,3885783
2019-09-16,46.016727447509766,46.55002240337692,45.70259424670923,46.54271860920793,6074951
2019-09-17,46.688819885253906,46.76918004866546,45.76833912009096,45.980197062371865,3725303
2019-09-18,46.433135986328125,46.74726918779243,45.37385355344735,46.710742843024626,4264558
2019-09-19,45.76834487915039,46.66691068987639,45.34463262819513,46.52810910001437,5435016
2019-09-20,44.32917785644531,46.3089447861702,44.263428962358525,46.3089447861702,11409155
2019-09-23,44.55564880371094,45.096247565301276,44.299960698488874,44.62139770032846,4131994
2019-09-24,43.52559280395508,44.86978603412236,43.37217624014402,44.70906567533138,5199655
2019-09-25,44.5994873046875,45.33002535144655,43.437925800655606,43.60594995697175,8315717
2019-09-26,45.14738082885742,45.658760676867644,44.475284338900764,44.83324765166211,5873591
2019-09-27,44.19038009643555,45.65876727548367,43.96391453148861,44.88439544139707,7619819
2019-09-30,43.56941604614258,44.15384859427477,42.97767970418741,44.08079590835425,5026606
2019-10-01,42.80234909057617,44.64331073822706,42.64163244043308,43.87624277055206,4203303
2019-10-02,41.50929641723633,42.32750205796082,41.019835266466366,42.23253060821329,7396496
2019-10-03,42.58535385131836,42.61483583567555,40.8901955456028,41.6935517219248,5401941
2019-10-04,43.167606353759766,43.292902938391556,42.72539142840618,42.85805664994329,3195442
2019-10-07,42.74012756347656,43.300266653228796,42.69590458810609,42.961235001019425,3251008
2019-10-08,40.919681549072266,42.231585345963516,40.83123558731358,42.084179129354254,5826889
2019-10-09,41.6640739440918,41.98836836545286,41.22185901270609,41.47244846573272,2967224
2019-10-10,42.26106643676758,42.61483911733239,41.36926423869867,41.56826206895172,3124397
2019-10-11,43.005462646484375,43.69089466140397,42.75487319814892,43.145496504215444,3463349
2019-10-14,43.690887451171875,44.391064063588615,43.337114827137576,43.93410822250113,4954767
2019-10-15,44.82591247558594,44.91435843301059,43.67615222561581,43.7130065677036,4728005
2019-10-16,43.82355499267578,45.02490676361698,43.73511276185327,44.91435490500253,3594062
2019-10-17,43.94148254394531,44.28788657715058,43.270787826660765,44.28788657715058,4083704
2019-10-18,42.84331130981445,43.639298838625116,42.202098617209366,43.543487970300596,4398181
2019-10-21,43.189720153808594,43.528751848089286,42.953871695208534,43.18234779717128,2894195
2019-10-22,43.381343841552734,44.14784944054784,43.27078825379653,43.27078825379653,4090848
2019-10-23,42.48954391479492,42.84331660685645,41.92203611187589,42.84331660685645,4409427
2019-10-24,43.8677864074707,44.39107497668826,42.92439251145534,43.35923883283532,4954106
2019-10-25,45.12809371948242,45.19442632800046,43.69089340101658,43.87515023360503,4491056
2019-10-28,46.23363494873047,46.32944954366423,45.37131475329182,45.806157309529894,4103946
2019-10-29,46.27785110473633,46.52844053030469,45.86511820590948,46.32207408089127,3739460
2019-10-30,45.81352996826172,46.49896569105221,45.2017992111587,46.381041465607346,6281869
2019-10-31,38.0673828125,42.74750088528186,37.99368157153833,42.23894967581992,29478425
2019-11-01,39.674102783203125,40.07946704968988,37.96419976410436,38.18531092732883,12718131
2019-11-04,40.50694274902344,40.588016349863196,39.67410455049055,40.23424368046201,6922862
2019-11-05,39.902584075927734,40.66909345211728,39.71095859170802,40.551169218830836,6002451
2019-11-06,39.5930290222168,39.76991348847894,38.89285235409661,39.75517249634796,7696949
2019-11-07,39.2392578125,40.29320345188825,39.12133359077198,40.21213357166991,5115776
2019-11-08,38.340084075927734,39.13607158162417,38.01578970130852,39.06973897951158,7623258
2019-11-11,38.317970275878906,38.48011746127198,37.56620575369475,37.802054176273046,5790639
2019-11-12,38.72333526611328,38.93707406558683,38.1484551899545,38.42852659203519,5561231
2019-11-13,37.60306167602539,38.3032384066603,37.30088060949729,38.25901542631893,6902753
2019-11-14,37.13136291503906,37.499876573898085,36.445930931643865,37.45565359575921,6120727
2019-11-15,37.10187911987305,37.90523520559057,36.961841569797606,37.58094457320035,7113903
2019-11-18,36.490150451660156,37.14610417398578,36.06267653854049,37.0355485876737,7579599
2019-11-19,35.023468017578125,36.63018787267091,34.83184255103582,36.63018787267091,11011594
2019-11-20,35.745758056640625,36.05530777773468,34.99399338551067,35.00873437979925,14662809
2019-11-21,35.25931930541992,36.10689855992685,35.09717581131942,35.65731498300855,5635319
2019-11-22,35.71627426147461,36.018451578841926,35.347760620244955,35.53938607703626,3891208
2019-11-25,36.674407958984375,36.799704540426546,35.81208776060003,35.878420369679986,5065899
2019-11-26,35.90052795410156,36.71125649030628,35.723643486402835,36.65229624095833,5089581
2019-11-27,37.15347671508789,37.21243696700069,36.17323230484044,36.239561193371706,5065899
2019-11-29,37.094512939453125,37.38195300322699,36.84392349827629,37.138735918362585,2470438
2019-12-02,35.745758056640625,37.39669734178636,35.70890743074686,37.10188861498088,6823637
2019-12-03,35.16350555419922,35.21509716897327,34.38225897638922,35.00873070987705,5628042
2019-12-04,34.964508056640625,35.87841985798011,34.912916441387026,35.51727855120492,6323940
2019-12-05,34.92765808105469,35.509906852506624,34.81710249223256,35.229839141559395,5001205
2019-12-06,36.17323684692383,36.60071081584615,35.38461780593902,35.509910681770485,5326001
2019-12-09,35.42146301269531,36.1732313116133,35.082431344454335,35.90790088615343,5731633
2019-12-10,36.29115295410156,36.83655103911404,35.51727508124865,35.75312350498183,6864386
2019-12-11,37.63990783691406,37.94946122329007,36.482779044893036,36.63018524223139,6146526
2019-12-12,39.60039520263672,39.74780139515034,37.75046217922648,37.76520317044331,9660943
2019-12-13,40.0205078125,40.83123644132502,39.61514349808749,39.84362332459341,8974174
2019-12-16,41.641963958740234,42.99809072868052,41.310300903198225,41.509298736523434,12236559
2019-12-17,42.18735885620117,42.445320643725516,41.51666787974062,41.85569954598472,6364688
2019-12-18,42.17998504638672,42.53375766164043,41.87043540291014,42.13576207460958,5093021
2019-12-19,43.31501770019531,43.77934603058313,42.4084743920657,43.41083230924643,7564517
2019-12-20,45.039649963378906,45.15757418347493,43.602449693350806,43.941481361170005,12851754
2019-12-23,46.21152114868164,46.48422393778329,44.88487642386214,44.9806910178615,7085723
2019-12-24,45.86511993408203,46.27048421198436,45.57031124090532,46.241002226770206,2557227
2019-12-26,46.28522491455078,46.58003360588011,45.710344804751884,45.784046047670486,3073726
2019-12-27,45.791419982910156,46.874847633382124,45.614531786288474,46.50633396677076,4205420
2019-12-30,45.975677490234375,46.04937873677511,44.656397651707394,45.69560605800038,4299882
2019-12-31,46.779029846191406,46.80851183022558,45.474494828709766,45.62926966540694,5093947
2020-01-02,48.747657775878906,49.01509499446226,47.692770690566746,47.692770690566746,8823749
2020-01-03,47.99735641479492,48.51736912015208,47.20990271224062,47.4624819187814,5236434
2020-01-06,47.07618713378906,47.95278157365616,46.61560285198967,46.77160666126506,5405646
2020-01-07,50.263126373291016,50.5008474993195,47.93791637500055,48.443074705108515,14672467
2020-01-08,50.991153717041016,51.25858720301421,49.497967486299046,49.92883567135879,8731932
2020-01-09,50.976295471191406,51.756318237819485,49.98826763324655,51.54830941731253,6867296
2020-01-10,50.47113800048828,51.28087686319899,50.26313292539607,51.17687432565289,5932729
2020-01-13,51.35516357421875,51.76374658054908,50.686574222730094,50.93172252685219,5505003
2020-01-14,51.414588928222656,52.37290439907935,51.18429867884704,51.407161782741845,5926246
2020-01-15,49.527687072753906,50.94658320014543,49.059671878097724,50.80543742679409,7727775
2020-01-16,51.0134391784668,51.184301024255184,50.26313248616213,50.545424014408916,6918629
2020-01-17,50.7088623046875,51.85289403788781,50.411712714569305,51.82317795411884,5579223
2020-01-21,51.10258865356445,51.251165327176096,50.12198785659442,50.196278067995536,6673477
2020-01-22,51.0134391784668,51.86032126158758,50.723716755208656,51.28830356089244,4003927
2020-01-23,52.692344665527344,53.487221721509634,50.991153374073946,52.26890362909678,9186251
2020-01-24,51.64488983154297,53.308938062346066,51.176878375549286,53.27179483159601,5880206
2020-01-27,49.5202522277832,50.14427118782617,48.52479724902839,49.230529808690065,6056562
2020-01-28,50.82029342651367,51.13230104428692,49.34196519130941,50.129415130941126,4539081
2020-01-29,49.59454345703125,50.97629627289661,49.49053717054697,50.649430620088175,4125776
2020-01-30,49.74311828613281,49.75054918147765,47.92306631492095,48.57680139493772,11573207
2020-01-31,48.65851593017578,51.63002657896674,48.41336388342287,51.37744738648958,18592384
2020-02-03,49.95112609863281,51.295735711190964,48.05678395858034,48.73280421245602,7644956
2020-02-04,50.835147857666016,51.912323979994376,50.77571944186621,51.25858891105456,6277635
2020-02-05,50.5974235534668,52.35804696868693,50.0774108880529,51.58545136694329,6443936
2020-02-06,51.03572463989258,51.355163146535546,50.248274715862216,51.095156803542544,4935055
2020-02-07,49.79511642456055,50.693999759797826,49.691113889797904,50.55285399821855,5346905
2020-02-10,50.53056335449219,50.53056335449219,49.22310081928308,49.32710335052971,4081058
2020-02-11,51.19915771484375,51.852888999091846,50.69399933662197,51.36258866131072,5121333
2020-02-12,52.261474609375,52.967210945145254,51.778605142198735,51.778605142198735,5267789
2020-02-13,51.689456939697266,52.81119960231816,51.288301104007246,51.37744559554168,4856072
2020-02-14,51.444305419921875,52.202042978575804,50.76828895735061,52.10546759141273,4239421
2020-02-18,50.74599838256836,50.83514287212058,49.78025953890438,50.3076993309175,3508331
2020-02-19,51.67460632324219,52.209477098479326,51.11001571430391,51.24373434541084,3531616
2020-02-20,51.30316162109375,51.77860393115227,50.092270659285404,51.70431747615196,3140802
2020-02-21,49.75797653198242,51.087728135940445,49.14138842777682,50.872295906291974,5426152
2020-02-24,47.21732711791992,48.242498095457,46.9053195375886,47.24704319676763,6706816
2020-02-25,44.22353744506836,47.6259204903431,43.90410264979559,47.2693387137959,7797630
2020-02-26,44.29039001464844,45.85786266362002,44.07495780170853,44.47610989596257,6383872
2020-02-27,40.98458480834961,43.37665444301987,40.81372295938675,42.41833891044577,8459791
2020-02-28,41.2743034362793,41.385736859736994,38.46622390591064,38.81537846683415,10411349
2020-03-02,44.60240173339844,44.624690670663156,41.883470068291956,42.60406072486741,9993016
2020-03-03,42.292049407958984,45.28584896119792,41.853750335837475,44.27553220178629,7171586
2020-03-04,43.93381118774414,44.037813728263586,42.158333354434426,43.339508278211326,6804454
2020-03-05,42.87150192260742,44.24582404877981,42.18062353684149,42.25491375257432,5936830
2020-03-06,40.657718658447266,42.40348035507994,39.64740561803146,40.89543981492042,7950172
2020-03-09,35.21242141723633,37.62677623860661,35.15299300200148,36.81703736805099,8923900
2020-03-10,37.10675811767578,37.51534110744541,34.49182923266425,37.12161615810978,9852381
2020-03-11,33.53351974487305,35.62843610133812,32.82778339740691,35.52443356050549,10134974
2020-03-12,29.0539608001709,31.980902913433862,27.345342386406433,30.190565277200793,12741152
2020-03-13,31.067161560058594,32.04033134182074,28.51166108378253,31.8026101929025,11080125
2020-03-16,24.71555519104004,28.05850765750859,24.611552650324814,26.25331186343133,11738714
2020-03-17,25.294998168945312,27.486487879193522,23.029220131771478,25.428716782492437,13591841
2020-03-18,21.68461036682129,23.77209752168992,20.756012851316097,23.06636310997077,11728660
2020-03-19,23.28179931640625,24.165822720899726,20.354859106514866,21.692039618077192,9052495
2020-03-20,23.066364288330078,25.874444038514735,23.029221060666593,24.032106953531844,12262887
2020-03-23,25.532718658447266,26.00073191922468,22.43491668828224,23.83895647061448,13896527
2020-03-24,30.06427574157715,30.71800890206328,27.19676765907709,27.92478727276307,13713292
2020-03-25,30.926015853881836,33.73409382008714,28.927674898712358,30.30942775703824,12476287
2020-03-26,32.902076721191406,34.313542051442965,31.72089793278105,32.30777375357409,11572281
2020-03-27,31.386598587036133,32.44891475063908,30.1385644137166,31.468317810598787,8651362
2020-03-30,32.32262420654297,33.117501192863806,31.06715924793027,31.75803370798838,7611351
2020-03-31,30.9185848236084,32.78321078351936,30.51000183430099,32.01804607176965,8992828
2020-04-01,28.727096557617188,30.666009069028483,28.162509739002044,29.492261308279772,8753762
2020-04-02,28.900196075439453,30.62367184378831,28.170166214875834,29.020615545282578,7177407
2020-04-03,28.757200241088867,29.63775297919233,28.222847530019145,29.058244155716245,4528497
2020-04-06,32.59550857543945,32.87397349109518,30.586041583150077,30.586041583150077,8554253
2020-04-07,32.256832122802734,35.50810639423476,32.10631301451843,34.28134983326464,9600482
2020-04-08,34.1233024597168,34.55981850859177,32.746030590010186,32.934183273497275,6580999
2020-04-09,33.90504837036133,36.245660773507765,32.79871316983933,35.15437824352169,8593943
2020-04-13,32.93418502807617,33.72442178285977,32.219204033074,33.31801485158565,7526018
2020-04-14,33.69432067871094,34.544768129711315,33.26533283576677,33.68679244382298,7647602
2020-04-15,32.09878158569336,32.806234238451324,31.45906404424319,32.47508691555853,6699804
2020-04-16,30.91718864440918,32.362197556614554,30.405414931629295,32.204150211304075,8037622
2020-04-17,31.850425720214844,32.48261703785157,31.35370464891138,32.467568164527606,7748414
2020-04-20,29.765695571899414,31.293492184507013,29.720537562327088,31.293492184507013,10294792
2020-04-21,28.471210479736328,29.34423692804669,28.365843679766115,29.020615889937712,8160396
2020-04-22,30.051687240600586,30.36778191729987,29.27649942062699,29.5098082102078,6120330
2020-04-23,29.64527702331543,30.578512136959702,29.359285801310005,30.149524354376158,6836603
2020-04-24,30.623668670654297,30.789244237562745,29.38186331374599,29.856007211822813,5560966
2020-04-27,32.429931640625,32.550349204394294,31.015028115062197,31.075236896946844,6436130
2020-04-28,33.64163589477539,33.89752372437078,32.59551126565321,33.3556465192235,7991317
2020-04-29,35.92204284667969,36.74991316559696,34.08567395470393,34.620026684156024,11623349
2020-04-30,34.68023681640625,35.53820866544167,34.02546652738064,35.485526216801794,12249128
2020-05-01,30.46562385559082,31.18812736544184,28.915248140228403,30.480676526399446,33259029
2020-05-04,29.856008529663086,30.578513910843032,29.238869940935075,30.066740215416033,11762528
2020-05-05,30.360260009765625,31.571960169656432,30.209737094767984,30.495728354282228,8210406
2020-05-06,30.578514099121094,31.413910713860243,30.32262630025658,30.69140532823169,5199655
2020-05-07,31.49669647216797,31.669796482698946,30.902134988428685,31.180601791624934,5864198
2020-05-08,33.26533126831055,33.340590823830894,32.07620826093756,32.098785367933274,6423694
2020-05-11,31.903106689453125,32.6105593910857,31.49669599352935,32.6105593910857,6846525
2020-05-12,30.841928482055664,32.399830494996394,30.83440214683409,32.31704270671005,6825225
2020-05-13,29.539915084838867,30.834402997334003,29.231344827997923,30.706459093340122,8413089
2020-05-14,30.360260009765625,30.405416124604493,28.3357402870199,29.058245721046024,7599180
2020-05-15,29.509807586669922,29.961372486213627,29.050716352247044,29.381863692025643,7305209
2020-05-18,31.89558219909668,32.00094710337727,30.631199549427308,30.713987345162703,8042252
2020-05-19,31.413911819458008,32.32456801955371,31.240811802119527,31.835373309241138,5539004
2020-05-20,32.34714889526367,33.30296511842143,31.903112145773182,32.437464930894485,7591242
2020-05-21,32.12889099121094,32.62561393758631,31.571959260400707,32.143943662107404,5684534
2020-05-22,31.92568588256836,32.27941035735935,31.541856065747734,32.27188592100297,4538287
2020-05-26,33.92010498046875,34.46198219118739,33.01697123153453,33.38575220674102,7425470
2020-05-27,34.62755584716797,34.85333832217103,32.48261663718566,34.24372222119083,11777478
2020-05-28,32.828819274902344,34.28887897294023,32.72345057869875,34.213619416811106,5707819
2020-05-29,33.39326858520508,33.5212143695933,32.181568640913184,32.904073946383264,7095646
2020-06-01,32.42240905761719,32.949233555277694,32.19662658743382,32.66324419891973,6162137
2020-06-02,33.11480712890625,33.15243690526865,32.27188418552072,32.48261397179164,5859302
2020-06-03,34.19856643676758,34.47703134989041,33.63410837599585,33.905048852894595,6487992
2020-06-04,34.604976654052734,35.13180498734312,33.46853978620642,33.86741850676712,9225279
2020-06-05,36.4714469909668,37.540148614759175,35.681206477709445,36.26824163642029,10197949
2020-06-08,36.52412796020508,37.26921043174753,35.79409436027003,37.21652798621631,7113374
2020-06-09,35.9973030090332,36.21556104528682,35.282325811716106,35.66615563555684,5456052
2020-06-10,35.259742736816406,36.125242795496035,34.875912936584896,36.034930571612485,6475424
2020-06-11,31.873003005981445,33.619055845767384,31.85795033516838,33.581426067885715,10800840
2020-06-12,32.32456970214844,33.619057681431826,31.43649056295159,33.06965225911525,7492678
2020-06-15,32.309513092041016,32.49766576708939,30.68387792985689,31.203177945601773,7642706
2020-06-16,33.468536376953125,34.70281358912643,32.83634320106312,33.98783642210129,7494663
2020-06-17,32.896549224853516,33.7695775117407,32.74603011887099,33.7695775117407,5275595
2020-06-18,32.22672653198242,32.75355480179892,31.963314296225118,32.57293035393731,5260116
2020-06-19,33.4083251953125,33.88247101972302,32.51271979213876,32.67829536853968,18907258
2020-06-22,33.9502067565918,34.27382971713681,32.926659219059026,34.25125260770887,7841024
2020-06-23,32.746028900146484,34.236193822365934,32.587977767464125,34.13835336847718,7491884
2020-06-24,31.797740936279297,32.67829557370487,31.556907703681546,32.655714668770855,7571926
2020-06-25,32.038578033447266,32.12889025846435,31.135444388370605,31.526802427847223,5563480
2020-06-26,30.759140014648438,31.963313741343473,30.638722452063845,31.88805418909128,7595740
2020-06-29,31.602062225341797,31.7751603310281,30.55593586143661,30.92471297660658,4933599
2020-06-30,33.227699279785156,33.34811685335215,32.226728911691154,32.527774744759725,9161510
2020-07-01,31.94826316833496,33.21264955761916,31.647221141263813,33.12233353102595,8000975
2020-07-02,31.940738677978516,32.65571586500346,31.752585987013624,32.377250945899995,5159965
2020-07-06,32.32456970214844,32.92665757603632,32.0235276643556,32.56540485170359,5746980
2020-07-07,31.39885711669922,32.24177814256671,31.233283445501186,31.910630800170647,6197726
2020-07-08,32.2116813659668,32.2116813659668,31.301023190943887,31.556911020106774,4927778
2020-07-09,31.850425720214844,32.36219946314447,31.165551951037646,32.22672921681121,4916533
2020-07-10,31.842899322509766,31.978367661349118,31.203179809305944,31.699902749169855,4312715
2020-07-13,31.49669647216797,32.46003698235839,31.48164570105944,32.136414067534695,5993587
2020-07-14,31.647220611572266,31.745059173775275,30.533359052768834,31.142971331408283,5131256
2020-07-15,33.16748809814453,33.25027588143543,32.12135985103593,32.35467053137376,6404246
2020-07-16,32.96428680419922,33.3104868511021,32.505197419376955,32.738504330058305,4327533
2020-07-17,32.67076873779297,33.227698579438496,32.392303816970205,33.227698579438496,3023187
2020-07-20,32.7987174987793,33.016971754601656,32.1891013539729,32.43746475314298,4091642
2020-07-21,33.24274826049805,33.83731162573099,32.97181159877963,33.0847009249202,5447585
2020-07-22,33.0847053527832,33.29543516175651,32.723452623842284,33.19007025726985,4306233
2020-07-23,34.74044418334961,35.66615496296939,33.05460200517893,33.06965087788315,14633438
2020-07-24,32.24931335449219,34.206096290807935,32.143948440854636,34.138361160854856,10627394
2020-07-27,32.91160202026367,32.934182924888404,32.02352485804266,32.54282489158155,5236699
2020-07-28,32.24931335449219,32.98687154825764,32.18910266195497,32.66324857162654,4142313
2020-07-29,31.92568588256836,32.324568370403796,31.48917171719588,31.677324407428,7129250
2020-07-30,32.18157196044922,32.21920173680912,31.150496337018446,31.526801697221106,4654711
2020-07-31,32.43745803833008,32.46756337714333,31.632164914036196,32.29445957811794,5138929
2020-08-03,33.039546966552734,33.10728208207598,31.918159140814492,32.47508893662628,5376804
2020-08-04,33.686790466308594,33.7018431368987,32.64066214586253,32.685820157632854,4902244
2020-08-05,33.468536376953125,34.13835553202114,33.15996612433431,33.882471525836614,8596854
2020-08-06,28.07232666015625,29.509809223017236,27.771280844899348,29.427023333057463,44770849
2020-08-07,27.839019775390625,28.52389354462003,27.47024071542813,28.140061813030226,13560750
2020-08-10,28.117483139038086,28.433577830703484,27.635812866994435,27.99706557102717,10399971
2020-08-11,27.83148956298828,28.69698957373846,27.756228114485836,28.23037201149481,8132084
2020-08-12,27.67344093322754,28.08737606026949,27.477763821675588,28.079849725340438,8305662
2020-08-13,26.89825439453125,27.537973902197425,26.815468504704548,27.394977330095347,11044933
2020-08-14,26.89825439453125,27.1466158623133,26.65742116118459,26.868150952544532,6497782
2020-08-17,26.792888641357422,27.131562323411504,26.687523749049607,27.02619743110369,4385613
2020-08-18,26.12306785583496,26.838046901826512,26.017702962544842,26.838046901826512,8252345
2020-08-19,25.92738914489746,26.54452774081114,25.844601356825056,26.26606283408732,6811333
2020-08-20,25.66397476196289,25.867180113007972,25.28767129954186,25.438192304680086,6456769
2020-08-21,25.370458602905273,25.536032275144485,25.23498837145915,25.370458602905273,6711314
2020-08-24,25.99512481689453,26.062859936007097,25.385510644032408,25.55861065991964,7479581
2020-08-25,25.822025299072266,26.672472724186957,25.74676384314541,26.190804344047738,6444862
2020-08-26,25.81450080871582,26.047809629529443,25.618821768979792,26.047809629529443,5559643
2020-08-27,26.52195167541504,26.59721123208852,25.498402333315276,26.0327550612823,8901012
2020-08-28,28.478736877441406,28.493787649626178,26.61226450548049,26.687525963008614,15537709
2020-08-31,28.915246963500977,28.998034750428303,27.966961026715772,28.358317157756506,12248069
2020-09-01,28.102428436279297,28.85503723235399,27.71859675381616,28.636781118297026,7882831
2020-09-02,29.24639892578125,29.547440962729794,28.35831978907509,28.36584422572037,9814279
2020-09-03,28.38089370727539,29.20876396370827,27.62075856624533,29.020613186551522,9743498
2020-09-04,28.719568252563477,28.885143828171685,27.9142769766594,28.36584189411575,9928983
2020-09-08,27.432607650756836,28.23790085317879,27.40250420817382,27.86912181184308,7567957
2020-09-09,27.50786781311035,27.73365216805094,26.81546777558178,27.605708269996548,7921463
2020-09-10,27.282087326049805,27.989540084789116,27.12403997542221,27.696022491251554,6854463
2020-09-11,28.125009536743164,28.456156899931326,27.289612894210524,27.47023924662707,8401315
2020-09-14,29.30660629272461,29.351762406163395,28.599153551963283,28.599153551963283,8000446
2020-09-15,28.433578491210938,29.41949806438466,28.283057477276216,29.41949806438466,6597140
2020-09-16,29.186187744140625,29.645280925871514,28.606680788315412,28.666887675362574,7950965
2020-09-17,28.80988121032715,29.133502214975067,28.147584632133785,28.441102196439257,5401015
2020-09-18,28.00459098815918,28.892672007708818,27.613234827991576,28.85504032941795,8890825
2020-09-21,27.161666870117188,27.447658097662757,26.770308854190958,27.41002832269521,6400145
2020-09-22,27.447660446166992,27.560551679879794,27.086407738625613,27.387451661576762,4433902
2020-09-23,29.291553497314453,30.94729410900514,29.02061491868276,29.103400809776694,18030638
2020-09-24,28.245426177978516,29.080820893941688,28.15511205515894,28.937826223274524,7120386
2020-09-25,28.9528751373291,28.98298047605489,27.80891024876532,28.13253124516269,5095667
2020-09-28,29.065771102905273,29.53238870561379,28.90019552201109,29.238871120066467,6911087
2020-09-29,29.59259796142578,30.142001464186265,28.937827660284942,28.937827660284942,8805888
2020-09-30,27.50786781311035,28.614202985970294,27.447659031623047,28.433576641508374,18704574
2020-10-01,27.34229278564453,27.86911912279823,27.161666450121764,27.703545456690065,10313447
2020-10-02,27.06382942199707,27.530447006932285,26.55958016140519,26.717627501710396,7100012
2020-10-05,27.52292251586914,27.801387438631295,27.244457593106986,27.26703470086275,6880129
2020-10-06,27.28961181640625,27.93685574554819,27.221876699531375,27.568076719868817,6271417
2020-10-07,28.260478973388672,28.46368433992464,27.628287664973,27.839019367212273,6958451
2020-10-08,29.125978469848633,29.2162906921682,28.51636432216335,28.584099438478486,6102999
2020-10-09,28.68946647644043,29.765698284614828,28.576575240522953,29.60765093416057,6250381
2020-10-12,28.839988708496094,28.945353606307528,28.298109649414556,28.659362355468915,6957392
2020-10-13,28.48625946044922,29.344235082651377,28.40347357179085,28.945352612263118,5628042
2020-10-14,28.395950317382812,28.8550416198541,28.320688856586344,28.67441525343326,4606421
2020-10-15,28.599153518676758,28.62173062579437,27.726125197737662,27.966962233816552,4861760
2020-10-16,28.553998947143555,29.284028833619093,28.28305845389399,28.6668882871294,23054201
2020-10-19,30.796772003173828,31.579486216202845,28.62925762009068,28.787306869306327,22682967
2020-10-20,31.165550231933594,31.489171259138423,30.70645896586809,30.781720420696352,9838357
2020-10-21,31.65474510192871,32.00094321717205,31.376280203246548,31.444013419807728,9090730
2020-10-22,32.317039489746094,32.94170436029455,31.346172729222346,31.677320051102125,8076650
2020-10-23,31.39885711669922,32.1665185914818,31.090286879968275,31.9934185853451,8858808
2020-10-26,30.4731502532959,31.21070643546344,29.983953644223437,31.112867873309348,6465369
2020-10-27,30.345205307006836,30.676352659191625,30.104370178453923,30.35273164216798,5298086
2020-10-28,29.208765029907227,29.803326521183994,29.050717687632083,29.073296693307512,7450739
2020-10-29,28.68194007873535,29.14103135702606,28.13253467241554,28.636783964296324,8518003
2020-10-30,28.395950317382812,28.779780159057626,27.8239677732924,28.584103019798413,6705361
2020-11-02,27.869123458862305,28.666888473846345,27.537976075123858,28.666888473846345,7145523
2020-11-03,28.207796096801758,28.666887374564393,28.079852190079144,28.320687332344995,5710597
2020-11-04,28.23037338256836,28.546468063158986,27.620759228477826,28.456155839890503,5530008
2020-11-05,29.46465301513672,29.532388133435454,28.395947591203278,28.411000261747656,6015284
2020-11-06,29.961376190185547,30.157055223782354,29.427025339213557,29.57754635795265,4033166
2020-11-09,31.218231201171875,32.33209460256224,30.977396076455136,31.233283871254397,7881905
2020-11-10,31.0601863861084,31.534330339020386,30.789247798366286,31.158024951291452,5241329
2020-11-11,30.555936813354492,31.556907098301075,30.375310468008053,31.361228082721368,4818895
2020-11-12,29.585071563720703,30.450571661501513,29.321657417049877,30.31510142040503,5381170
2020-11-13,31.21070671081543,31.285968166525407,29.840959231969737,29.953848566808176,6594097
2020-11-16,32.7987174987793,32.80624193588941,31.752589044025765,32.09126468002932,7356277
2020-11-17,32.15146255493164,32.490138095953554,31.7300011365549,32.377244982845795,4844826
2020-11-18,31.97836685180664,32.685819566945256,31.963314181488556,32.22672641630031,5168961
2020-11-19,32.06868362426758,32.11384164162737,31.45907128057373,31.71495911567436,3456602
2020-11-20,31.92568588256836,32.48261571860628,31.91063321155354,32.046103452384834,3419029
2020-11-23,33.4760627746582,33.67173990800088,32.06868166666806,32.19662747555926,7659641
2020-11-24,34.499610900878906,34.58239869671858,33.604005415063504,33.9351565984222,5992793
2020-11-25,34.06309509277344,34.34155999685847,33.453482837838685,34.251247773590705,4243787
2020-11-27,34.507137298583984,34.78560221660673,34.08567390506958,34.08567390506958,2802776
2020-11-30,33.777103424072266,35.02643712712623,33.67173852595839,34.59744930006145,6395514
2020-12-01,35.575843811035156,36.21556145748489,34.13835736694155,34.22114516082844,8898366
2020-12-02,35.914512634277344,36.06503553805572,35.31995305172063,35.49305306166011,5974536
2020-12-03,36.48649597167969,36.88538224585055,35.85430659783546,36.215559296447275,6224186
2020-12-04,38.94752883911133,39.00021128570825,36.8101180382034,36.87785315501399,8539171
2020-12-07,38.48843765258789,39.504460658210014,38.3454429757254,39.09052550030108,6245618
2020-12-08,39.451778411865234,39.481883753981265,38.20997293175069,38.24007827386672,4765181
2020-12-09,38.45833206176758,40.04633740602804,38.08202672175956,39.587244283489994,6173515
2020-12-10,38.8421630859375,39.10557531309007,37.56272792742302,37.62293480864285,4948682
2020-12-11,38.4508056640625,38.9174232444304,38.05192320006266,38.14223542245281,4147076
2020-12-14,38.48843765258789,39.42920110160913,38.41317809598701,38.985160601739025,4758037
2020-12-15,40.324806213378906,40.33233064965766,39.045370971641425,39.27115343793027,6471719
2020-12-16,39.903343200683594,40.595743276942066,39.78292942927538,40.4151188215277,3949420
2020-12-17,40.234493255615234,40.27212683478415,39.78293208691347,40.15170925702959,3965693
2020-12-18,40.031288146972656,41.08494090977679,39.85818813161845,40.36995994319065,9231894
2020-12-21,39.29372787475586,39.48188055026047,38.721745412474604,38.8496874086329,5050420
2020-12-22,37.41973876953125,39.429204024094815,37.38963342533868,39.29373377353056,5440970
2020-12-23,37.577781677246094,38.08202904037301,37.186423644013836,37.592830549257215,3552917
2020-12-24,37.570255279541016,37.916455318758096,37.14126744870636,37.8637728692382,1620014
2020-12-28,37.67562484741211,38.36050057434392,37.352005673815846,38.07450738557934,3655978
2020-12-29,36.343502044677734,38.11213579677824,36.29834403206123,38.11213579677824,6115435
2020-12-30,37.276737213134766,37.848719714165554,36.335977570180724,36.335977570180724,5246224
2020-12-31,41.68702697753906,42.10848654546648,37.48746497679646,37.5552000928279,20479775
2021-01-04,39.308780670166016,41.63434410046246,39.16578600371434,41.355879203350554,9920119
2021-01-05,39.933448791503906,40.648429777870604,39.62487852980485,39.63240676450355,5120010
2021-01-06,40.19685745239258,41.092462815367305,39.61735055760417,39.92592079176367,5981415
2021-01-07,41.19783020019531,41.6870287027008,40.57316525832263,40.71615993217254,5827154
2021-01-08,39.00020980834961,41.73218008854817,38.58627468721033,41.68702587791948,9981241
2021-01-11,38.804534912109375,39.28620517495682,38.08955395393811,38.27018220165686,4683023
2021-01-12,37.55520248413086,38.93247820006504,37.44231314909149,38.751853744681235,6517892
2021-01-13,37.23157501220703,37.442308582187316,36.59185746343862,37.24662768137002,8513770
2021-01-14,37.9089241027832,38.48090650883585,36.832694399132954,37.29930812668779,6094664
2021-01-15,38.54112243652344,39.22599811696563,37.61541540070949,37.77346275812639,7761776
2021-01-19,39.128150939941406,39.2560967299383,38.157286054913776,38.744321166553966,4772458
2021-01-20,39.00020980834961,39.82808005062817,38.66906247109853,39.5721922632927,3886313
2021-01-21,40.27212142944336,40.520480988469984,39.00773513357567,39.03784047354914,5755712
2021-01-22,38.16481399536133,39.40661932184731,37.75087888653267,39.19588575140784,6928948
2021-01-25,38.59379959106445,38.65401027036872,37.7584049029808,38.15728735931548,4314303
2021-01-26,39.18083572387695,39.58724642465969,38.75185171523097,38.97763417178743,4837814
2021-01-27,40.031288146972656,41.72465852296852,38.21750020384769,38.38307198471148,11497135
2021-01-28,39.6248779296875,40.5505887007648,39.188365667742225,40.302225328906445,8917417
2021-01-29,42.46974182128906,45.66832994664665,41.483824159080065,44.14805955777302,20501737
2021-02-01,43.342769622802734,43.62123453639921,42.46974130592292,42.89120469273807,6086197
2021-02-02,43.5836067199707,44.41147706177927,43.26750821605871,44.10290679274493,5325075
2021-02-03,43.42555618286133,44.18568754824077,43.06430348938191,43.636285971148844,4019936
2021-02-04,44.5996208190918,44.712513942828494,43.69649102240511,43.83196125156846,4364974
2021-02-05,44.96087646484375,45.37481541366378,44.584574890256214,44.78778024741278,3974689
2021-02-08,46.75209045410156,46.91013780976828,45.00603750845147,45.03614285190291,6090166
2021-02-09,46.428466796875,47.12086683919813,46.195156105239064,46.93271415835356,2681192
2021-02-10,45.4500732421875,47.22623134417274,45.01356100133661,46.92518553797764,4796272
2021-02-11,48.13688659667969,48.72392175275746,46.71445671783811,47.233756756037536,9520573
2021-02-12,49.34858703613281,50.680704597495634,48.04657101526681,48.50566413788752,7345296
2021-02-16,50.1689338684082,51.38816222428706,49.1830162132607,51.17743242898262,8385042
2021-02-17,50.65060806274414,51.7644716071831,49.43890784765677,49.52169564459181,7955331
2021-02-18,51.71178436279297,52.53212642436892,49.98078041761355,50.033462865635826,8333445
2021-02-19,51.839725494384766,53.45783628186377,50.989278105859825,53.021324034400806,5975991
2021-02-22,51.07206726074219,52.298820046395804,50.98927947065349,50.98927947065349,4815852
2021-02-23,50.537715911865234,50.74844571177047,47.33912394128133,49.446429536937835,5838928
2021-02-24,53.0815315246582,53.49546667045431,50.65813133204195,51.26774359825555,8155369
2021-02-25,51.019386291503906,53.329893456632256,50.4775053212493,52.86327584241419,4993002
2021-02-26,51.57631301879883,52.923483329992315,50.75596717652365,51.32794965633574,6378183
2021-03-01,54.34591293334961,54.92542364467821,52.69017238475571,53.119160192129826,8703091
2021-03-02,52.33645248413086,54.714698620758305,52.29129446952319,54.157764967138995,5975991
2021-03-03,52.434288024902344,54.29323011299195,51.674149074400276,52.479442236966584,8525147
2021-03-04,47.783164978027344,52.396658712802875,47.15850000780831,52.26871670381062,12236692
2021-03-05,51.2301139831543,52.170873609321085,48.61103286353154,50.89143839068517,12171468
2021-03-08,51.824676513671875,53.57072942613575,51.77199406278427,52.65254685473602,9178313
2021-03-09,52.178401947021484,53.232054705530366,51.802096576489326,52.742860002819725,6501751
2021-03-10,50.108726501464844,52.60739007429594,50.040991382439465,52.31387249128663,6799955
2021-03-11,51.69673156738281,52.223556046333854,50.89896661451298,51.493526211943724,5747509
2021-03-12,51.531158447265625,52.30634633038562,50.808653014553656,51.177433965712,3884196
2021-03-15,51.62900161743164,51.64405428952314,50.10120287892331,51.50858403900196,4560646
2021-03-16,52.50954818725586,54.06744828590986,52.178400835629645,52.48697108096144,7431291
2021-03-17,53.661041259765625,53.84166570631628,51.96767093057034,52.07303582410853,4375558
2021-03-18,52.05799102783203,54.33839685069054,51.802103191262965,53.08153857580588,5975330
2021-03-19,53.119163513183594,54.58675147316464,52.20098095842916,52.599863450290464,9086893
2021-03-22,52.931007385253906,53.78145476370576,52.50954781315085,53.435258542551,4327401
2021-03-23,49.26580810546875,53.05143169475682,48.69382555703478,52.68265452227108,9298441
2021-03-24,47.91110610961914,50.349562857057784,47.828318317880424,49.90552235452453,6382020
2021-03-25,48.20462417602539,48.46804022491506,46.451046852625765,46.94024157490298,4654049
2021-03-26,50.63555145263672,50.67318123059816,48.80671081865323,49.27332842163946,4659209
2021-03-29,49.183013916015625,51.12474759221674,48.95723146040645,50.4850300016071,4810428
2021-03-30,49.26580810546875,49.58190282474224,48.48309574418578,49.0851798385251,3513227
2021-03-31,50.23666763305664,50.64307834015486,48.633609507783525,49.13785687531872,6718326
2021-04-01,53.713722229003906,53.87929400073723,52.14076570857594,52.991216866071895,9422671
2021-04-05,54.21797180175781,54.61685427506561,53.15679081942986,53.95455956434736,6208442
2021-04-06,54.80500793457031,54.94800260909686,53.20947421461936,53.34494445292955,5832975
2021-04-07,54.35344314575195,56.18980820728241,54.074978232197886,54.940478314406995,4767034
2021-04-08,54.895320892333984,55.504933174552924,54.037345237135455,55.09852625250764,3732448
2021-04-09,54.887794494628906,55.09099604923923,54.31581201103675,54.895318930676666,3113019
2021-04-12,53.75888442993164,54.74480596429342,53.570731726310854,54.6996479480356,3661138
2021-04-13,52.53212356567383,53.75887627235151,52.44933578091484,53.578251831333496,4753142
2021-04-14,51.69673156738281,53.00627212692103,51.628996448903116,52.21603161019253,3934602
2021-04-15,51.72683334350586,52.389131860704794,51.38816154788211,52.389131860704794,4556412
2021-04-16,51.84725570678711,53.05895583546573,51.81715036490264,52.170874837988066,4046792
2021-04-19,51.410736083984375,52.55470101335014,50.8161765136027,51.96766967706924,4654976
2021-04-20,51.16238021850586,51.779516939121756,50.74844506044657,51.43332069965072,3566147
2021-04-21,52.27623748779297,52.29129015808777,50.349560261190994,50.57534271900918,3889752
2021-04-22,49.86789321899414,52.32892330731846,49.62705807535912,52.298821763090665,6610237
2021-04-23,51.2301139831543,51.50105065882766,49.67973829054308,50.36461391162423,4113339
2021-04-26,53.743831634521484,54.18034389995271,51.8547802992637,51.90746274856916,7288804
2021-04-27,54.52654266357422,54.66201290099457,53.359996773167374,54.202919740659155,4610920
2021-04-28,53.134212493896484,54.8050057011299,52.82564225216538,54.51148812952005,6775877
2021-04-29,53.5330924987793,54.06744517117773,52.441810048988636,53.84166272633489,7638605
2021-04-30,53.15679168701172,56.21991332025668,52.48697252927889,55.00821321009032,14572845
2021-05-03,52.7729606628418,54.05239586260416,52.1558201693582,53.623408051238776,6270094
2021-05-04,50.63555145263672,52.283767633084516,49.60447958362492,52.2310851842781,8663930
2021-05-05,51.61394119262695,51.98271830941814,50.98174805125459,51.478470962454175,4445545
2021-05-06,52.38913345336914,52.44181590310339,51.0720684117108,51.61394558016339,4300941
2021-05-07,53.92445755004883,54.05992779430342,52.1181939571578,52.6826520421179,5564141
2021-05-10,51.64405059814453,54.044873759936934,51.61394525611338,53.99219131053344,5824640
2021-05-11,51.290321350097656,51.59136716808275,49.84531433799594,50.38719149274633,6354898
2021-05-12,48.45298767089844,50.70328795677937,48.2347296351396,50.40977036304264,5688106
2021-05-13,49.950679779052734,50.710814970209505,48.79918653957198,48.88197433033501,4267733
2021-05-14,54.09002685546875,54.35344289533774,50.43987385623382,51.07206703429664,9531554
2021-05-17,57.514400482177734,58.35732344313439,53.5857788206537,53.5857788206537,22438080
2021-05-18,55.09852600097656,58.304642341406755,55.0307908812279,58.11648965302735,9614638
2021-05-19,53.63093948364258,54.14271131508389,51.04948802548369,52.795544715795806,9475988
2021-05-20,54.90284729003906,55.21141373983197,53.34494337913335,55.00821218475896,6912940
2021-05-21,54.443756103515625,55.50493332343215,54.19539272986986,54.4362316671788,6400806
2021-05-24,55.62535095214844,56.219914363961784,54.541596623765756,54.805008870365576,4697841
2021-05-25,54.97810745239258,56.07691822135016,54.5265425276517,56.07691822135016,5375614
2021-05-26,56.26507568359375,56.490858165134384,55.02327013596915,55.39957173966869,4872344
2021-05-27,57.09293746948242,57.71007797322262,56.13712517094237,56.25001830141028,5577239
2021-05-28,56.61879348754883,57.28108818202589,56.36290569249575,57.01015151517717,3261460
2021-06-01,56.85962677001953,57.49181990211785,56.52095119955584,57.123038992434786,2687410
2021-06-02,57.649871826171875,58.605684136932936,56.94241908799303,57.288619121678295,5036000
2021-06-03,57.78533935546875,58.44763789200179,56.9499445971341,56.95747283183108,3883931
2021-06-04,58.078861236572266,58.84652088065096,57.845550530123504,58.23690858692364,3456205
2021-06-07,57.296142578125,58.05627775198308,57.025205903114525,57.9057586430779,2806480
2021-06-08,56.9725227355957,58.30464038204964,56.242489113760115,58.063805252881544,5472457
2021-06-09,56.34033203125,57.15314967809691,55.881238859264236,56.9725252224874,2949099
2021-06-10,55.361934661865234,56.709104936751295,55.26409800501826,56.45321714518658,3688127
2021-06-11,56.280120849609375,57.46171943019085,55.926396377875484,56.927366706142315,4291812
2021-06-14,56.22743606567383,56.829523884549346,55.78339558707154,56.611269661539495,3382779
2021-06-15,56.38549041748047,56.987574472365,56.00918503445108,56.22743926989855,2598504
2021-06-16,55.143680572509766,56.29517381739477,54.64696142220435,56.054338678573096,4411676
2021-06-17,53.26215362548828,55.286675051861984,52.84069406216092,54.714692588074094,6506382
2021-06-18,52.28376770019531,52.73533263291619,51.46342182705417,52.645020406032415,6488257
2021-06-21,52.080562591552734,52.53965576106558,51.45589763834003,52.30634505899947,4157528
2021-06-22,51.52363204956055,51.802096962303764,50.831228187507435,51.58383893417709,4409162
2021-06-23,52.11066818237305,53.0815331768623,51.62146966864973,51.62146966864973,3871627
2021-06-24,52.524600982666016,52.96864146342575,51.877355149866894,52.818118558400066,4227647
2021-06-25,53.247108459472656,53.60836116673706,52.4944977030963,52.652545050342844,3852576
2021-06-28,52.67511749267578,53.84919153603578,52.16334571810016,53.804033527263655,3927458
2021-06-29,53.171844482421875,53.653514753135966,52.24613751701359,52.94606201781239,4003530
2021-06-30,53.563201904296875,54.29323173810443,52.900907188914964,53.43525990188285,4038325
2021-07-01,53.329891204833984,54.12765995532363,53.13421408400547,53.84919504550162,3852973
2021-07-02,52.840694427490234,53.683617358274496,52.26118372560674,53.683617358274496,3576863
2021-07-06,52.04293441772461,53.02132767235673,51.36558699450336,52.84069941384978,4018613
2021-07-07,52.178401947021484,52.810591323145644,51.373108757946824,52.31387218427722,3381720
2021-07-08,51.041961669921875,51.61394416491089,49.86789133854917,50.25172114727441,3735623
2021-07-09,52.81059265136719,52.953591126679164,51.335480271675486,51.35805737901862,4008425
2021-07-12,53.352474212646484,53.5180459988573,52.471921436759665,52.9535917208313,4005383
2021-07-13,52.742862701416016,53.42021012404931,52.298822189536594,52.908434490076345,3337003
2021-07-14,52.6901741027832,54.30076049151718,52.39665651956746,53.721249761292924,4292474
2021-07-15,50.35708236694336,52.6224350745957,50.168929694417876,52.464387741266705,6231462
2021-07-16,48.3175163269043,50.65060435237902,48.11431096703182,50.30440431628606,5320312
2021-07-19,47.406856536865234,47.64769166629861,46.7445618300744,47.33912141931823,5393077
2021-07-20,48.64866256713867,48.79918547448599,46.93271509726624,47.263862454788786,4712791
2021-07-21,48.50566864013672,49.05507403184644,46.28546996625423,48.50566864013672,8825601
2021-07-22,47.4520149230957,48.46803789603034,46.8649797652492,48.46803789603034,5594041
2021-07-23,47.97883605957031,48.06162384238692,47.02302383514664,47.753053614444234,3585065
2021-07-26,48.37019729614258,49.258274466424204,47.82831635306058,47.956262152755784,2915627
2021-07-27,46.932716369628906,47.89605692548514,45.82637733868012,47.56490576068303,5195024
2021-07-28,47.80574035644531,48.29493886345234,47.03055249910685,47.03055249910685,3537834
2021-07-29,48.51319122314453,49.07012482812818,47.79821407659102,48.144414096777204,3454750
2021-07-30,48.866920471191406,49.20559226400211,47.850897496155454,47.926157050490744,3211583
2021-08-02,48.6862907409668,50.251719050238066,48.59597851885352,49.37869457264006,3493249
2021-08-03,49.7775764465332,49.852839801731726,48.09173426461714,48.91960458368649,3899807
2021-08-04,48.87444305419922,49.82273087505772,48.79918350271745,49.07012396533467,6621615
2021-08-05,50.477500915527344,50.635548251956386,48.63360772725163,48.821760403467664,8582301
2021-08-06,51.74941635131836,51.80962323807261,50.30440548959095,50.86133533485176,5919499
2021-08-09,50.8839111328125,51.77198826182553,50.25171799469524,51.76446382609989,5243049
2021-08-10,49.29590606689453,50.78607100406966,49.14538316670154,50.67317787934949,9484984
2021-08-11,50.214088439941406,50.357083105770144,48.97228306203479,49.41632352764184,6695703
2021-08-12,46.94776916503906,49.160439636197346,45.68338278297543,49.160439636197346,15553188
2021-08-13,47.52727508544922,48.23472781801708,46.86498036494815,46.91013457871297,6567372
2021-08-16,46.54888153076172,47.82079231234256,46.42093952831066,46.849927345696585,4653123
2021-08-17,46.01453399658203,46.92518830824394,45.419970583312185,45.991953090888124,4881341
2021-08-18,45.91669464111328,47.158500148740266,45.886589298330264,46.165054223317824,4032107
2021-08-19,44.83293151855469,45.871531544781895,44.63725440874864,45.66080176525203,5944239
2021-08-20,45.18666076660156,45.32965924502841,44.426529352006014,45.006036307317935,4054466
2021-08-23,46.87250900268555,47.04560903367157,45.34471406788779,45.70596680189805,3496557
2021-08-24,45.728538513183594,46.72950880000465,44.59209799231129,46.63166834245611,7857826
2021-08-25,49.29590606689453,52.67511839819972,45.81132504664301,45.93174260713705,23522940
2021-08-26,47.090763092041016,49.89046869659239,46.78219283694716,49.81520914102882,9548753
2021-08-27,47.59501266479492,48.28741276246707,46.60909496927036,46.65425298367156,4500317
2021-08-30,46.714454650878906,48.03151957658995,46.48867220070849,47.90357758087068,3865012
2021-08-31,47.56490707397461,48.325042290136004,46.51878249633585,46.87250697991093,5120407
2021-09-01,45.93927001953125,47.873475548535964,45.901640241620235,47.86595111227456,6910161
2021-09-02,46.390830993652344,46.646718779241304,45.269443196734294,45.94679433455851,5805986
2021-09-03,46.217735290527344,47.07571094604519,45.766170355508066,46.68435289648753,3486370
2021-09-07,45.45759582519531,46.47361873266115,45.35975917072641,45.69090650540156,3559928
2021-09-08,43.7115478515625,45.10387625252837,43.139565339346284,45.10387625252837,6976179
2021-09-09,44.20826721191406,44.75014433777083,43.07182671630578,43.42555496383168,6355824
2021-09-10,43.62875747680664,44.975927784575475,43.5459696895294,44.704991114807044,3282760
2021-09-13,44.03517150878906,44.52436623686209,43.62876077595143,43.94485927870364,3216742
2021-09-14,43.305137634277344,44.178165983162344,43.1470902827909,44.04269573951621,3502113
2021-09-15,43.847015380859375,44.26847495379551,43.09440465969987,43.09440465969987,5131256
2021-09-16,43.8620719909668,44.25342625861731,43.485766596585606,43.68897196534771,3080870
2021-09-17,43.59112548828125,43.87711861209851,43.222348379689464,43.55349571369253,4798124
2021-09-20,42.612735748291016,42.93635867244866,41.8450761310308,42.462216637958875,4528761
2021-09-21,41.74723434448242,43.08688021233512,41.74723434448242,42.78583820293212,3714984
2021-09-22,42.58263397216797,42.93635843747507,41.95044079800603,42.289116391003844,2922110
2021-09-23,43.26750946044922,43.49329194213586,41.94291991410152,42.69552692028957,3145829
2021-09-24,43.60618209838867,43.7567050086477,42.61273620830191,42.96646447766532,2435775
2021-09-27,44.44910430908203,45.03613947080214,43.35782177476685,43.500816447972475,3348778
2021-09-28,43.89217758178711,44.47168454989829,43.39545461033309,44.17816694835304,3642219
2021-09-29,42.67294692993164,43.99001195054677,42.59768357558374,43.688969928061205,4843371
2021-09-30,42.47726821899414,43.275033157176715,42.45468731438201,43.094404911789,3698314
2021-10-01,42.96646499633789,43.139565015819656,41.80744730944684,42.92130698322445,2837570
2021-10-04,42.86109924316406,43.53844663655394,42.567581659531584,42.838522136208326,3460571
2021-10-05,42.86862564086914,43.36534860473712,42.31169578959706,43.05677833624796,3075446
2021-10-06,42.46974182128906,42.72562963097808,41.476299722751875,42.0257013220729,4751819
2021-10-07,43.19224548339844,43.598652389562936,42.70305078947576,42.70305078947576,2589773
2021-10-08,42.59015655517578,43.56102148179014,42.53747410947972,43.500814600266835,2109127
2021-10-11,42.27406311035156,43.06430361707484,42.24395776956354,42.59015779372012,2019163
2021-10-12,40.79142379760742,42.409534637167205,40.34738330151758,42.28911706864972,6024545
2021-10-13,40.79894256591797,41.890228765546354,40.68605324766078,41.0999883445401,3894251
2021-10-14,42.560054779052734,42.94388839932372,41.032259927634506,41.280619506955055,4547680
2021-10-15,41.70207977294922,42.364374466912444,41.50639886013595,41.95043933360998,4496083
2021-10-18,41.694549560546875,42.07085489993191,41.062360236749576,41.51392512469097,2087165
2021-10-19,41.88270950317383,41.9805499719284,41.09246891290026,41.45372164564525,5134828
2021-10-20,42.454689025878906,42.733153942038236,41.06236444508226,41.295671348498715,4802622
2021-10-21,42.748207092285156,42.80841777661746,41.7246596433546,41.96549478407968,2604722
2021-10-22,42.93635559082031,44.34373651918945,42.560050245394216,43.244925822137645,4688977
2021-10-25,42.770782470703125,43.50081609805853,42.6202633625614,43.410503873513115,2713738
2021-10-26,42.3869514465332,43.04924993682391,42.3718987764923,42.91377970475759,2656319
2021-10-27,41.754764556884766,42.462217300714535,41.333301165791404,42.45468906609924,3218991
2021-10-28,43.109458923339844,43.15461693566722,42.02570081220073,42.04075348297653,5440970
2021-10-29,39.353939056396484,40.264593307567786,37.25415805767377,37.570252733371156,24132314
2021-11-01,40.7763671875,41.24298474563928,39.23351605294957,39.24856872234782,5580017
2021-11-02,41.41608428955078,41.671972069896,40.61831940835221,40.934414067324866,3961856
2021-11-03,41.973018646240234,42.10848888583249,41.039783438273595,41.50640104225691,5419008
2021-11-04,41.42361831665039,42.138595516216036,40.859160233855114,42.138595516216036,4452160
2021-11-05,42.28158950805664,42.67294756155235,41.52145430685483,41.75476501133364,3710486
2021-11-08,41.98054504394531,43.4631855816947,41.82249390580196,42.575104626915994,4404532
2021-11-09,42.33427047729492,42.823465178330814,41.882705553523024,41.98054601305098,3585595
2021-11-10,41.58918762207031,42.53747547330491,41.303194480335286,42.131064766360694,4840328
2021-11-11,44.26847839355469,44.358794421888916,41.69455514867636,41.69455514867636,7061777
2021-11-12,45.5780143737793,46.977867090538666,44.52436166874638,44.945825029740604,11352002
2021-11-15,44.351261138916016,45.6833787247476,44.20826647444924,45.47264894589093,4317214
2021-11-16,44.01259231567383,44.65983436530773,43.69649382789731,44.3362114413398,3323773
2021-11-17,42.514896392822266,43.95237887421949,41.94291393421137,43.83948954862217,6936621
2021-11-18,41.92033386230469,42.74067969045147,41.25051093624298,42.59768122423484,5370454
2021-11-19,42.161170959472656,43.32018862367591,41.42361668117184,41.92033582418611,5893436
2021-11-22,42.846046447753906,43.37287093053466,41.67197611664026,42.319218166671185,5070927
2021-11-23,45.55543899536133,46.07473903264001,44.4566282391069,44.70499160365446,11069541
2021-11-24,45.05872344970703,45.45760598727045,44.48674087134624,45.23182349050441,3137891
2021-11-26,43.47071075439453,43.9975390277634,42.793363372893324,43.80185810990832,3115004
2021-11-29,44.39642333984375,44.47921113172616,43.455659883547376,44.01259352092774,4632088
2021-11-30,43.53092575073242,44.41900301027965,42.66542180168004,43.71907465454567,6341139
2021-12-01,43.44060516357422,45.72101066032257,43.395450950715016,44.215792999544036,6610502
2021-12-02,42.86109924316406,43.440606175909124,42.37190073824194,43.335241279046386,4851838
2021-12-03,43.29008865356445,43.74165359906017,42.341800748702596,42.861100815852886,5397708
2021-12-06,42.943885803222656,43.922275188443336,42.070857513545356,43.508340049064785,4081852
2021-12-07,44.53189468383789,45.08129630181754,43.576078532782525,44.01259461049534,4994193
2021-12-08,44.40394592285156,44.72756884217389,43.72659854157142,44.52436348829927,3550006
2021-12-09,43.147090911865234,44.12548417600594,42.913783998641435,43.83196657659395,3218727
2021-12-10,43.55350112915039,43.62123625115296,42.77078500785449,42.868625472592015,3062613
2021-12-13,41.94291305541992,43.81690772680578,41.88270237772151,43.576072612615434,5400486
2021-12-14,41.867652893066406,42.59015829059667,41.4311406397551,41.58918798328323,4146017
2021-12-15,42.40953826904297,42.560057393853505,40.94195021402396,41.830027483954964,4380056
2021-12-16,42.68046569824219,43.77927634108119,42.424581722346794,42.77077791316418,3775313
2021-12-17,42.78583908081055,43.30513532323753,41.920335214627116,42.58263372618569,6754841
2021-12-20,42.070858001708984,42.55252826390589,41.52898085588842,42.116016013153164,4986255
2021-12-21,44.419002532958984,44.441579641513506,43.094409195552515,43.666391732584295,4208066
2021-12-22,44.99850845336914,45.21676267523624,44.19321528765795,44.44157484988666,3862102
2021-12-23,46.059688568115234,46.541358851552445,45.10387623596445,45.156558685821516,4840857
2021-12-27,46.72951126098633,47.0681868639506,46.24784098046028,46.33062877210733,2455753
2021-12-28,47.293968200683594,47.36922775585039,46.56393456269738,46.819822367887255,3029009
2021-12-29,49.770050048828125,50.605448569647,48.39277438344443,48.46050950130277,11905280
2021-12-30,49.19806671142578,50.131301876533634,49.062596478054985,49.19053847718194,2979528
2021-12-31,49.0776481628418,49.74747108200296,49.047542823074565,49.167960383841724,2457473
2022-01-03,49.619529724121094,49.95068089456863,48.94971054336647,49.48406327965868,3899013
2022-01-04,50.891441345214844,51.10217114907325,49.612006052300636,49.822735856159035,4965219
2022-01-05,50.46997833251953,52.200978459291136,50.46997833251953,50.883913475730296,7826736
2022-01-06,48.72392272949219,51.53868479930282,48.55835094781637,50.65813204753432,9940096
2022-01-07,49.54426956176758,49.845315386082696,48.55835189382458,48.66371679284425,5082172
2022-01-10,49.32600784301758,49.642106314757235,47.93368335408754,49.19053761202941,4073385
2022-01-11,49.68726348876953,49.76252684286255,48.34762136553773,49.29590924069381,4810163
2022-01-12,50.07862091064453,50.76349653368933,49.37869641527079,50.086145346809,2850668
2022-01-13,50.05604553222656,50.996805193574,49.78510504811916,50.38719290263444,3471817
2022-01-14,50.15388107299805,50.74844447776125,49.642109256858554,49.754998590504705,2859003
2022-01-18,48.25730514526367,49.58942662514628,48.039050915032476,49.55932128363094,4074311
2022-01-19,46.61661911010742,49.74747599953851,46.563936659457994,48.77660718333824,4983609
2022-01-20,45.09634780883789,47.10581672616076,44.98345847318386,47.01550449797712,5059152
2022-01-21,43.50834274291992,44.99098338115847,43.290088505713605,44.65983600881273,6729440
2022-01-24,42.913780212402344,43.25245199827263,40.55058695406148,43.162139775260684,6436263
2022-01-25,41.461246490478516,42.19880076934145,40.625847952559496,41.81497095915536,6899445
2022-01-26,41.077415466308594,42.55253171344295,40.75379631878104,42.545003478441025,6058414
2022-01-27,40.52048110961914,43.25997969445403,40.21191086972301,42.582632332836624,13506904
2022-01-28,37.55520248413086,39.16578890309634,36.59186192661178,36.94559019933296,26371227
2022-01-31,38.94001007080078,39.210946779175636,37.156323466245404,37.26168837477491,8642365
2022-02-01,39.56467056274414,39.72271790747383,38.04440020157956,38.66906514430727,5964878
2022-02-02,40.21944046020508,40.33985802621801,39.13568236608871,39.564670182403646,5569962
2022-02-03,39.353939056396484,40.33232842354605,39.316305482173824,39.55714060602949,6753254
2022-02-04,38.99269104003906,39.511991125858124,38.2777100187156,39.128157489916084,4457319
2022-02-07,39.022789001464844,39.39909436777944,38.638959199076794,39.10557678978236,4182929
2022-02-08,39.414146423339844,39.62487620973187,38.82711127650384,38.8572166169318,3655581
2022-02-09,41.00215148925781,41.03978126530725,39.752821653926524,39.82055297183441,4169038
2022-02-10,40.70863342285156,42.84604417877672,40.219438743560914,40.29469829474355,8255652
2022-02-11,40.43769454956055,41.79239311216807,40.24954186591223,40.603270126627685,5903358
2022-02-14,39.78293228149414,41.024734047677896,39.52704445272633,40.46780417220239,4687786
2022-02-15,42.048282623291016,42.10096507299014,39.97107858261983,40.02376103231896,4309276
2022-02-16,42.43963623046875,42.98151718858554,41.34835367625312,41.43866590317191,3507405
2022-02-17,42.48479461669922,43.32018937007323,41.875182331758786,42.01065257247934,5015890
2022-02-18,41.79239273071289,42.41705765960676,41.107517120416205,42.30416453112742,4592133
2022-02-22,40.20438766479492,41.551557993411045,39.56467005951974,41.22793507357483,4559455
2022-02-23,39.12063217163086,40.768844624633644,38.96258481841713,40.678532393983254,3819633
2022-02-24,39.00773239135742,39.06041863175807,37.028372897531014,37.457360667939085,5718403
2022-02-25,39.85066223144531,39.88829580949795,38.51854447880579,39.28620793858417,4116911
2022-02-28,38.33791732788086,39.42167541951707,37.690671487679346,39.173312053638945,6280413
2022-03-01,37.24663543701172,38.68412196092827,36.36608259488643,38.27018676681034,5661514
2022-03-02,39.01526641845703,39.29373133923124,37.63799068744763,37.82614337954141,4612904
2022-03-03,39.15073013305664,40.03880719723295,38.646482825503085,39.40661790357229,5935110
2022-03-04,37.83366775512695,38.87226397646512,37.577779968048645,38.51853953425518,4976068
2022-03-07,35.07911682128906,37.818611553711044,34.97375193144989,37.37457488890359,6277503
2022-03-08,34.446929931640625,36.667128851565415,34.40930014963048,35.28985300153789,6948925
2022-03-09,35.952144622802734,36.63702026874837,35.38016211121271,35.45542546688382,4514076
2022-03-10,35.06406784057617,35.319955656379214,34.46950821417385,35.18448541281865,3655978
2022-03-11,34.093204498291016,35.59842232599713,33.97278692014243,35.59089409081779,3843712
2022-03-14,33.468536376953125,34.16846087332589,33.001914981635345,34.09320131836596,4327665
2022-03-15,34.57487106323242,34.642602382691024,33.56637253118825,33.64916031937352,3154694
2022-03-16,36.31339645385742,36.32092468839288,34.97375433504735,35.01890854905213,4614889
2022-03-17,36.77248764038086,36.7950647461689,35.60594180240309,35.876882265066676,3251008
2022-03-18,37.1036376953125,37.14879570848953,36.1929795835078,36.35855516685486,5599994
2022-03-21,36.84022903442383,37.359529144161236,36.38113581648235,37.22405888974236,2557227
2022-03-22,37.4272575378418,37.562727767888255,36.91548195728889,36.91548195728889,2714664
2022-03-23,36.637020111083984,37.38210264005803,36.47144832592423,36.91548503011354,2259419
2022-03-24,38.006771087646484,38.05192910500014,36.667128819117025,36.727335710619485,2696142
2022-03-25,38.240074157714844,38.255126827152594,37.17889324791759,37.931503929995124,3601735
2022-03-28,38.157291412353516,38.164819647217065,37.41973710064598,38.01429673126971,2997124
2022-03-29,39.052894592285156,39.353940406584165,38.17234185265873,39.13568238113248,3774387
2022-03-30,38.097084045410156,39.22599640504982,37.848720667477956,38.98516126188641,3858662
2022-03-31,37.36705017089844,38.142238046200035,37.36705017089844,37.728302883610894,3867526
2022-04-01,36.418766021728516,38.01429598523056,35.83925527560062,37.72830283037347,4776956
2022-04-04,37.13374328613281,37.16384862845246,36.38113251795405,36.652073002226736,3721996
2022-04-05,36.21556091308594,36.99074879273379,36.11019601274182,36.72733274357138,7859546
2022-04-06,36.01987838745117,36.17792573095621,34.732918734408756,35.545736356936054,6190449
2022-04-07,35.944618225097656,36.16287624718168,35.04148839273955,35.99730067204182,4827892
2022-04-08,35.52315902709961,36.23813618559855,35.462948345208126,35.74141325320146,3300224
2022-04-11,35.38768768310547,36.35102817679031,35.19200677138711,35.29737166309617,3183403
2022-04-12,35.74894332885742,36.44134341646045,35.69626087863989,35.89946244473487,3934734
2022-04-13,36.01987838745117,36.44886620456595,35.81667303224386,35.81667303224386,3072403
2022-04-14,34.87591552734375,35.80915077283694,34.81570484141404,34.95117508645372,6276709
2022-04-18,35.58336639404297,35.666154183617365,34.63507852778614,34.717866317360546,4253577
2022-04-19,36.84022903442383,36.915488598744346,35.44790050637723,35.58337076079611,4112810
2022-04-20,37.25415802001953,38.12718249438757,37.17889466995208,37.209000009979064,4672175
2022-04-21,37.81108856201172,38.41317638287358,37.54767632735399,37.57025343366698,5981415
2022-04-22,37.22405242919922,37.86377000980262,37.118687538116475,37.397152435735414,5632805
2022-04-25,38.390602111816406,38.46586167061907,36.757438539720944,36.83270189682576,7217097
2022-04-26,37.314369201660156,38.4508098347683,37.15632184575876,37.81861661286049,8092394
2022-04-27,37.668094635009766,38.217500019784104,36.90795945834991,36.90795945834991,6498179
2022-04-28,39.59477233886719,39.67756012896583,37.728301935888965,38.1196599810722,7674855
2022-04-29,39.94097137451172,41.130090441458236,39.828078256422295,40.001178252071625,10828755
2022-05-02,40.5806884765625,40.63337091822146,39.04536563659906,39.95601981360414,7452856
2022-05-03,46.451045989990234,47.12086895616123,44.561994660695596,45.18665961404645,29063003
2022-05-04,47.309024810791016,47.61006685482789,45.73606807108858,46.706936924414975,8517871
2022-05-05,46.052162170410156,46.89508513052661,45.40491633024323,46.45856908081332,5920425
2022-05-06,44.742618560791016,46.28546590496933,44.40394299334379,45.7511132309424,6130782
2022-05-09,42.54500198364258,45.51028324712697,42.29664240504702,43.688970808054655,6629156
2022-05-10,43.16967010498047,44.52436491082233,42.35685246181495,43.380399901671154,7257581
2022-05-11,41.95796585083008,44.62972946179742,41.83755208077437,43.14708886357473,5589278
2022-05-12,41.80744934082031,42.26653873742096,40.829056062239964,41.18278055475842,5617987
2022-05-13,43.990013122558594,44.155588708233346,42.484795373423694,42.484795373423694,4296972
2022-05-16,43.56855010986328,44.43405015291132,43.16966764647165,43.734121884275794,3836303
2022-05-17,46.052162170410156,46.405886633199906,44.426526932193674,44.44157580439586,6561286
2022-05-18,44.47920608520508,46.12741830794267,44.268472512058686,45.15655341790676,3620390
2022-05-19,43.65886306762695,44.84798604193944,43.59865238624309,44.10290354877636,3192134
2022-05-20,42.755733489990234,44.283528262203276,41.58166317897457,44.170638931383564,4163746
2022-05-23,43.15461730957031,43.69649447068384,42.898729500768745,42.99656996250812,4132258
2022-05-24,42.597686767578125,42.93636239176681,41.807449974975036,42.70305547156084,2947379
2022-05-25,44.47920608520508,44.73509006991562,42.14611449761877,42.15364273146416,4970511
2022-05-26,45.668331146240234,46.059689206532965,44.01259427185283,44.02764314490451,3601735
2022-05-27,46.84992980957031,46.84992980957031,45.95432435040651,46.11989993715863,3372856
2022-05-31,45.67585372924805,46.81981862756503,44.870560600427964,46.51124839874893,4809502
2022-06-01,45.367286682128906,46.25536385798087,44.727569074546054,45.82637604145083,2666903
2022-06-02,46.609092712402344,46.91766296678049,45.52533460396978,45.600594159358806,3114077
2022-06-03,45.21676254272461,46.04463281212994,45.14150299034297,45.690908357974045,2347002
2022-06-06,44.94582748413086,45.98442757602583,44.8254061187265,45.803799326221245,3264503
2022-06-07,45.39739227294922,45.517809839684936,44.11795705074547,44.29858150169807,3185123
2022-06-08,43.515865325927734,47.41438132645695,43.42555310852705,47.30901643977255,9526526
2022-06-09,42.58263397216797,43.734123391756654,42.50737061911182,43.177193570650864,5799371
2022-06-10,40.66347885131836,42.116017938711295,40.505431501490634,41.59671407741721,6189259
2022-06-13,37.90140151977539,39.49693522554279,37.80356485832262,39.09052451422502,6113583
2022-06-14,37.0584831237793,38.20244813023376,36.68970218213791,38.097083232136804,5513206
2022-06-15,37.592830657958984,38.021818469063234,36.54670615204868,37.23157796430814,6010786
2022-06-16,34.883445739746094,36.4865002681189,34.65765945301223,36.4865002681189,8005208
2022-06-17,34.883445739746094,35.39521760764968,34.0706242234299,34.996335084810646,8229986
2022-06-21,34.99633026123047,35.997300548022814,34.8382829209425,35.38768829311154,6648737
2022-06-22,34.25877380371094,35.13180213139501,33.950203544744205,34.243721132748895,5204021
2022-06-23,34.559814453125,34.73291444582425,33.9878320336971,34.258768675551494,5422977
2022-06-24,35.42531967163086,35.92204261950024,34.68776158529766,34.845808932732915,3788014
2022-06-27,35.809146881103516,36.320922462677686,35.39521175438075,35.78656977548464,5578033
2022-06-28,35.17695617675781,36.471447890245656,35.10169662061169,35.98977761498563,2719823
2022-06-29,34.16846466064453,35.192012193741064,33.92010506310641,34.973757940844656,3432524
2022-06-30,33.739471435546875,34.26629968990399,32.971811857208586,33.49111187744961,5510692
2022-07-01,32.67829895019531,33.182546372426266,31.33112658059755,32.572934043956145,7969355
2022-07-05,32.95676040649414,33.08470240818307,31.58701107262452,31.857949645640605,4641481
2022-07-06,32.94171142578125,33.17501834871168,32.317046421251824,32.873976300152535,3574614
2022-07-07,33.76205062866211,34.00288576583492,33.25780324717592,33.430903264625,3308955
2022-07-08,34.04804611206055,34.446928623160666,33.325540651021825,33.430905555968856,4165862
2022-07-11,33.73194885253906,34.243720666774266,33.15996635527502,33.73194885253906,4806856
2022-07-12,34.64260482788086,35.252220930754085,33.709369582089685,33.73195048847162,4675614
2022-07-13,34.853336334228516,34.98880657116392,33.747001130325316,33.75452556646531,3230501
2022-07-14,34.62755584716797,34.88344366505201,33.76205192830372,34.258774892631315,2587523
2022-07-15,35.68120193481445,35.741408810920944,34.40929132011203,35.48552104129012,3010487
2022-07-18,35.29737091064453,36.23060604443203,35.139323576450124,35.82419915626094,3903776
2022-07-19,36.54670715332031,36.7198071697099,35.81667351168865,35.98977732638023,3180095
2022-07-20,37.321895599365234,37.35200094137932,36.10266723081522,36.283295484597694,4770870
2022-07-21,37.95408630371094,37.969138975238266,36.719809019793814,37.41973735515269,3372592
2022-07-22,35.5382080078125,36.65207144148973,35.39521333533636,36.31339585057052,5489127
2022-07-25,35.25221633911133,36.23813390753981,34.913540770516875,35.651098787510534,6179468
2022-07-26,35.33500671386719,36.12524343470834,35.27479603134484,35.49305405803542,3079812
2022-07-27,36.4488639831543,36.6821746652771,35.139323504921,35.59841663519075,2846567
2022-07-28,36.667118072509766,36.68217074054926,35.237160188373174,36.47144098459891,3539554
2022-07-29,36.9531135559082,36.998271567585654,36.185453945505046,36.66712421019014,3395876
2022-08-01,36.968170166015625,37.954087907138835,36.26824559938955,36.91548771259541,3840934
2022-08-02,36.478973388671875,37.01332612845297,36.08009089253981,36.727332969827,3148211
2022-08-03,37.1713752746582,37.442315775037855,36.19298197752236,36.73486297828167,3624094
2022-08-04,37.56272888183594,37.66809377537413,36.652070818196584,37.163846413926535,4256223
2022-08-05,35.440372467041016,36.200507663305444,33.89752116886921,34.416821225824,8000578
2022-08-08,35.809146881103516,36.63701713454905,35.05653997689051,35.199534642979685,7067334
2022-08-09,34.853336334228516,35.395213483668186,34.02546604033611,35.24469057615086,4784894
2022-08-10,35.88441467285156,36.38113384777166,35.46295125987721,35.68873373892331,3481475
2022-08-11,36.92300796508789,37.82613771320807,36.23060418678737,36.351025538058344,4768489
2022-08-12,38.13471603393555,38.34544584683803,36.98322270157222,37.13374562434642,3129689
2022-08-15,37.336944580078125,37.70572168924447,36.90042855892422,37.66056368068665,3089205
2022-08-16,37.0584831237793,37.51004805799543,36.938065554768194,37.04343045286515,2355337
2022-08-17,36.2757682800293,36.50907898981048,35.52316129642046,36.38113318176849,3178772
2022-08-18,36.667118072509766,37.050947813462386,36.12523721629309,36.35854787345333,2555507
2022-08-19,35.87688446044922,36.351030299124496,35.681207335608164,36.3284493936529,2418841
2022-08-22,34.665184020996094,35.1468542915732,34.5598191240951,35.041489394672205,5402471
2022-08-23,34.507137298583984,35.417795407727326,34.4243495071524,34.72539153254665,2576013
2022-08-24,34.778072357177734,35.169430390378544,34.15340742989892,34.19103720652745,3035491
2022-08-25,36.05751037597656,36.34349970926419,35.09416988847767,35.12427142998569,3325890
2022-08-26,34.2361946105957,36.05751071150924,34.2361946105957,36.02740537141931,3380530
2022-08-29,33.686790466308594,34.37166608749787,33.61153091165999,33.85989048064194,2842730
2022-08-30,32.633140563964844,33.64163539699233,32.46004053449137,33.61905828828343,5499446
2022-08-31,31.805267333984375,32.36219715288348,31.57195853703862,31.92568490009515,5684005
2022-09-01,31.602062225341797,31.737532454919013,30.390360292330737,30.698930526745126,9374910
2022-09-02,31.346176147460938,32.219202554196414,31.21070591048701,32.166520106295664,3772138
2022-09-06,30.834402084350586,31.519275798314407,30.49572649582089,31.218231885816312,4556015
2022-09-07,31.195655822753906,31.33865049900392,30.202209928706797,30.781720666617947,5406969
2022-09-08,31.91815948486328,31.963313696830983,30.58603996323247,30.984922426556857,5418876
2022-09-09,32.96428680419922,33.15996773387624,32.204151588320975,32.27188671039346,4663575
2022-09-12,32.56540298461914,33.483585515292326,32.42993274597356,33.182543494759244,6082228
2022-09-13,29.59259796142578,31.47412107308181,29.374341827429177,31.368754274701455,10977063
2022-09-14,28.847511291503906,29.750642998619057,28.403472722474927,29.592595662055487,7892224
2022-09-15,28.426054000854492,29.171136531847,28.09490473218479,28.72709602815271,6765557
2022-09-16,28.01211929321289,28.31316132538838,27.334769972940382,27.89922615720825,9608684
2022-09-19,27.5605525970459,27.929331652327242,27.236931556073266,27.515396481888263,5172269
2022-09-20,26.74773406982422,27.15414289151185,26.296169134427075,27.018674550383317,7064688
2022-09-21,26.175752639770508,27.334770367754913,26.160699968198998,26.40906145252454,5717477
2022-09-22,25.453245162963867,26.190803221297077,25.234989039198343,26.01017687430635,6076671
2022-09-23,25.468299865722656,25.536034988643358,24.858685658587433,24.98662956864308,9895775
2022-09-26,24.384540557861328,25.423142562195505,24.346910779842,25.159728418607173,6174573
2022-09-27,24.625375747680664,24.82858110738096,24.316805489980666,24.68558453213064,5065238
2022-09-28,24.94899559020996,25.227462392012736,24.482378007709205,24.625374576156627,4941670
2022-09-29,24.218965530395508,24.48237776020022,23.752347952612105,24.4221708783742,6012109
2022-09-30,24.4974308013916,25.558609870006094,24.173809785706805,24.173809785706805,8630723
2022-10-03,25.626344680786133,25.822023694375172,24.806000749531446,25.054362209250055,5490185
2022-10-04,27.440134048461914,27.470239390264254,26.296169042993206,26.326272485644537,13472374
2022-10-05,27.974483489990234,28.44110103995587,26.958460608969567,27.07887816374462,9325827
2022-10-06,27.891698837280273,28.109954952747383,26.49937056143789,27.786333946996212,11980823
2022-10-07,26.89825439453125,29.31413015564097,26.604738713344606,27.462712448504178,12858766
2022-10-10,26.08543586730957,27.078879804835122,25.88223241828095,26.777835899653,4845884
2022-10-11,26.205854415893555,27.334768628036407,25.60376848201488,26.05533340721163,7628815
2022-10-12,25.7994441986084,26.205852988986738,25.03930906297938,26.14564420896214,9953987
2022-10-13,26.41658592224121,26.93588596241508,24.670531218669154,24.99415413884041,7766804
2022-10-14,25.37798309326172,26.657420161460827,25.325300647397462,26.61226215144784,4063462
2022-10-17,25.50592803955078,26.20585443374287,25.06188944935833,26.010177312238184,5063783
2022-10-18,25.295196533203125,26.44668777486462,24.964049196828135,26.303693111082584,4769283
2022-10-19,25.107044219970703,25.596238896733283,24.88878810419739,24.994152994629275,5132446
2022-10-20,25.189834594726562,25.859655680733493,24.851158984730343,25.28767316030821,5390431
2022-10-21,26.235960006713867,26.258537113697905,24.9038404260689,25.076940442317824,8243348
2022-10-24,26.281116485595703,26.521951624450505,25.633872524711173,26.1606989161683,6040157
2022-10-25,26.559581756591797,26.725155441972806,26.17575193589724,26.29616950692907,7577615
2022-10-26,26.55205535888672,27.274558832558807,25.709132423926565,25.965020218255766,10236845
2022-10-27,25.844600677490234,27.884172892522496,25.64892356398227,27.763755330755643,8978540
2022-10-28,26.717626571655273,26.950935356001274,25.724182654467434,25.77686509940193,6388899
2022-10-31,25.86717987060547,26.58215891140154,25.505927182677922,26.544527236106433,5863933
2022-11-01,26.86815071105957,27.03372438837581,26.281115555660488,26.386480450393464,11588289
2022-11-02,26.02522850036621,27.101460282475994,25.995125057787764,26.747733912060976,5488598
2022-11-03,25.370458602905273,25.784393733078748,24.858683017064756,25.64139716664663,4247624
2022-11-04,26.67247200012207,26.755259789309314,25.949966600800217,26.138119285934156,4626134
2022-11-07,27.5605525970459,27.590657939918373,26.4767963375073,26.920834951667672,5127683
2022-11-08,27.485288619995117,27.891699316619604,26.98104126545503,27.76375541943977,3425115
2022-11-09,25.852128982543945,27.011148577660208,25.791920197072336,26.890731006716987,6918496
2022-11-10,28.411001205444336,28.448630983904224,26.8380483583859,27.13156404884486,5934184
2022-11-11,29.916217803955078,30.096844152223813,28.493786023520386,28.599152817707033,5188012
2022-11-14,29.803327560424805,30.35273295865941,29.31413094693987,29.645280212638557,4831464
2022-11-15,29.697961807250977,30.834402349302547,29.509809122929052,30.52583209894667,4674821
2022-11-16,27.410030364990234,29.14103052888616,27.161668893907038,29.1335041935017,9066122
2022-11-17,27.492816925048828,27.515395931751744,26.499372915688188,26.74020805724847,5857847
2022-11-18,27.741178512573242,28.192745354371304,27.25198379108932,27.95190831270157,2962726
2022-11-21,27.056304931640625,27.37240153295432,26.70257855125549,27.34229619037632,4485499
2022-11-22,27.267032623291016,27.613232641244366,26.98856772174609,27.086406279252195,3709692
2022-11-23,27.846542358398438,27.929330147686624,27.10898618672129,27.11651252203394,4301735
2022-11-25,28.102428436279297,28.20026699103224,27.515393309459913,27.568075754261567,1615912
2022-11-28,27.176721572875977,27.74117773537083,27.018674227207615,27.665916280654518,3572894
2022-11-29,27.116514205932617,27.500344036656315,26.875679057576143,27.43260891378717,2632770
2022-11-30,27.65839195251465,27.74870417920639,25.934916217596395,26.657421627734333,8743839
2022-12-01,26.9735164642334,28.185216590527244,26.868151566147155,27.55302720200977,8108667
2022-12-02,26.67999839782715,26.792889629341357,26.13811934706836,26.416586157344323,5784421
2022-12-05,26.183273315429688,26.853096213486236,26.02522598408409,26.574631325167573,4030387
2022-12-06,25.50592803955078,26.20585443374287,25.257566570863016,26.123068543614263,7444521
2022-12-07,25.694082260131836,25.731712039788608,24.851159242951024,25.24251730764623,5136018
2022-12-08,26.51442527770996,26.62731651160634,25.85212864614045,25.94996720907704,11956745
2022-12-09,26.87567710876465,27.372400041019237,26.303694622469212,26.499371741956573,7117079
2022-12-12,27.251981735229492,27.30466418128727,26.59720957914494,26.740206146409548,5366353
2022-12-13,27.319717407226562,28.636784374479202,27.003620803323628,28.33574044198857,7813109
2022-12-14,26.965991973876953,27.673442816388434,26.777837386148494,27.22187788312336,5108235
2022-12-15,24.241546630859375,25.460773126667583,24.173811509011518,25.40809067615282,14330736
2022-12-16,24.038341522216797,24.57269426789273,23.902871277073295,24.045867857963778,12789176
2022-12-19,23.752347946166992,24.188862082918934,23.353465484484722,24.09102162688868,6167297
2022-12-20,24.143705368041992,24.587745863628747,23.857714117924743,24.038340470496323,7377710
2022-12-21,23.616880416870117,24.52753857050605,23.579250636645092,24.520012234630823,6256599
2022-12-22,23.05994987487793,23.09757965399538,22.375074221052724,23.01479376010678,7199237
2022-12-23,23.02231788635254,23.172840799095955,22.75137930222584,23.052423228561636,3384499
2022-12-27,23.458829879760742,23.541615764859674,22.420229854540764,22.88684742231938,4513282
2022-12-28,22.736324310302734,23.59429798841851,22.706220870317495,23.42119988498939,3969397
2022-12-29,23.759876251220703,23.805032365897514,22.901900576606007,22.999739141597605,5727664
2022-12-30,23.744823455810547,23.75987612700781,23.225523391864396,23.413674185225997,3482004
2023-01-03,23.63945770263672,24.301754320753975,23.300784007826557,24.03081384558506,4598616
2023-01-04,24.873737335205078,25.250042714533986,24.331858272665812,24.41464416469548,8398933
2023-01-05,26.51442527770996,26.619790176126447,25.03178466694621,25.182305679091044,13285831
2023-01-06,27.974483489990234,28.185213261271183,26.46926595445285,27.01867128550788,11097324
2023-01-09,28.29058265686035,28.584100236317983,27.55302649016083,28.07985096698123,10223086
2023-01-10,28.727094650268555,28.772250762282287,28.087377049429335,28.177691172607748,8665915
2023-01-11,28.915246963500977,28.937825968795043,28.463682050826982,28.83998741082259,4026286
2023-01-12,28.569046020507812,29.073295262569957,28.290581126635935,28.915246028921683,5413584
2023-01-13,28.01211929321289,28.403475454361878,27.83149293441696,28.27553154615421,5469017
2023-01-17,28.087377548217773,28.275530233959067,27.718598512062954,28.057274106057676,8843594
2023-01-18,28.200267791748047,28.870090721789403,28.087376564088963,28.50883803361997,3679660
2023-01-19,28.260478973388672,28.696993150122747,27.560552542794344,27.748705237923705,5621162
2023-01-20,28.945354461669922,28.952878898177943,27.99706655504219,28.380896379598095,6769791
2023-01-23,31.451539993286133,31.602062895821216,30.119422371350417,30.36778193197677,10954043
2023-01-24,30.932241439819336,31.54938005196022,30.661302861173507,30.954818546868406,6340610
2023-01-25,31.090288162231445,31.248337404160146,30.35273199678435,30.57851445765283,4067564
2023-01-26,32.93418502807617,32.98686747839508,31.474121493819684,31.963316217966977,9100520
2023-01-27,33.8448371887207,33.9727829872368,32.55787755736501,32.59550733399849,7135204
2023-01-30,33.29542922973633,33.72441700631772,33.001911677159754,33.047069684595215,9002618
2023-01-31,33.077178955078125,33.137385840514526,31.842899820611716,32.33209643277831,8343632
2023-02-01,32.603031158447266,33.39327164613488,30.887083749392907,32.99438918435867,20475145
2023-02-02,33.55131912231445,34.04804204219151,32.60303129284073,33.14491222299818,7125810
2023-02-03,32.550350189208984,33.73194875641391,32.41487995108213,32.81376243095455,7671680
2023-02-06,31.797740936279297,32.12136195759727,31.64721992851183,31.895579496370598,4684478
2023-02-07,32.42240905761719,32.572931970506794,31.51927727773267,31.79774219768209,5168696
2023-02-08,32.16651916503906,32.80623675557279,32.061154272320735,32.08373137838843,3823735
2023-02-09,31.602062225341797,32.66324125901131,31.496695436142367,32.39982903388991,4379130
2023-02-10,32.369728088378906,32.74603348866335,31.84290166747136,32.02352803170976,4002737
2023-02-13,32.392303466796875,32.610561498896764,31.948262966246297,32.204150776704296,3679660
2023-02-14,32.84386444091797,32.926652222298266,31.745055674097696,32.06115223128061,2869190
2023-02-15,32.86643981933594,32.8814962860342,32.39229785719066,32.47508563422277,4279244
2023-02-16,32.038578033447266,32.550349840745376,31.8880551262175,32.362197156283656,2652218
2023-02-17,31.293493270874023,31.985895217693756,31.17307570613589,31.87300208899468,3883402
2023-02-21,30.142000198364258,30.95481781421457,30.081791415740128,30.7892460359369,3610335
2023-02-22,29.780750274658203,30.525832794501216,29.600123921491562,30.07426786116012,3308955
2023-02-23,29.94632339477539,30.44304443229575,29.427023351351437,30.284997088423495,6968770
2023-02-24,29.434547424316406,29.65280544790522,29.065770293164725,29.299079088019255,3481607
2023-02-27,28.98298454284668,29.901167116406473,28.892672312298636,29.81838122159595,3178904
2023-02-28,28.960403442382812,29.223817577552076,28.80235610077182,29.223817577552076,4828156
2023-03-01,28.68946647644043,29.231345548334946,28.59162791175223,29.06577186226605,4805004
2023-03-02,28.88514518737793,28.99051008652229,27.98201341081693,28.47873636271324,3427232
2023-03-03,29.04319190979004,29.201239255098354,28.757200661500764,28.900195336069906,2991568
2023-03-06,28.433578491210938,29.23887170817237,28.343266262680313,29.17113658719888,8188444
2023-03-07,28.079851150512695,28.426053079066122,27.884174029029293,28.328212619173446,5459889
2023-03-08,28.52389144897461,28.54646855560574,28.019644078866595,28.177691421888337,3259078
2023-03-09,27.891698837280273,28.85503741878568,27.876646167482303,28.52389007813552,3523546
2023-03-10,27.139089584350586,27.87664765397014,26.913307121944918,27.82396520601888,7101599
2023-03-13,26.58216094970703,26.958464437456453,25.97254675469055,26.54452927152635,10970581
2023-03-14,26.559581756591797,27.37240131063218,26.30369584251244,27.18424671935002,5285782
2023-03-15,25.882232666015625,26.30369413730466,25.49840097105294,25.852127325633806,5865653
2023-03-16,26.597211837768555,26.702578637982715,25.40056434857874,25.483350242635,6524110
2023-03-17,26.401533126831055,27.0111472880191,26.326271673797123,26.59721024590795,8356068
2023-03-20,26.491844177246094,26.67247051703306,26.198326612486138,26.439161732202088,7186404
2023-03-21,26.695049285888672,27.402501969017585,26.326270274687214,26.890728293717153,5236037
2023-03-22,26.115543365478516,27.018675155655778,26.09296435854244,26.529478531915878,3008767
2023-03-23,26.54452896118164,27.04125191415076,26.062860578459837,26.281116712751828,3347058
2023-03-24,26.537004470825195,26.634843034450036,26.25101321633248,26.296169330378483,2796822
2023-03-27,26.499372482299805,26.883204195065705,26.318746129083678,26.883204195065705,5246092
2023-03-28,26.047807693481445,26.431637509227787,25.76181644075552,26.363902389001723,4015702
2023-03-29,27.545495986938477,27.658389107416834,26.52947499499052,26.52947499499052,4900657
2023-03-30,28.057273864746094,28.147586089600622,27.756229949979403,27.756229949979403,2940103
2023-03-31,28.350793838500977,28.5765763188558,27.73365518547454,27.86912353419676,3393627
2023-04-03,27.9970645904541,28.3658417178143,27.703547016101577,28.335738276441415,3243731
2023-04-04,27.048776626586914,28.019643467622064,26.830520505391785,27.921803010518346,4776295
2023-04-05,26.3864803314209,26.777836466872074,26.145645202173736,26.777836466872074,8114885
2023-04-06,26.45421600341797,26.649895024820623,26.09296330197506,26.2284335398039,6178013
2023-04-10,28.629257202148438,28.922774790355543,27.462713184806233,27.470239520292445,12160619
2023-04-11,28.87761688232422,29.080820331222093,28.553995871430974,28.824934436345107,4242067
2023-04-12,28.599153518676758,29.26144824607745,28.275530591248284,29.20876579726835,3994534
2023-04-13,27.756229400634766,28.742147015013288,27.319715258074705,28.629255786603963,10243989
2023-04-14,26.68752670288086,27.84654444485115,26.60474080654076,27.778809321113087,6904737
2023-04-17,27.108985900878906,27.169194683594288,26.491845403258505,26.537003414658255,4891131
2023-04-18,26.883203506469727,27.289612316008363,26.657421045520593,27.206824527389898,3596046
2023-04-19,26.055334091186523,26.506899028237243,25.784395508786297,26.506899028237243,4858850
2023-04-20,25.076940536499023,25.84460205901026,24.89631418419338,25.423142469448088,6015946
2023-04-21,25.167253494262695,25.30272372699276,24.693109578858376,25.039309596589955,4690564
2023-04-24,24.760845184326172,25.024257420781268,24.587745172041128,24.93394519661122,4124188
2023-04-25,24.15123176574707,24.61784936963933,24.06091953880386,24.52001080725902,3847549
2023-04-26,24.595272064208984,24.828582781440677,24.27917734889728,24.27917734889728,4889940
2023-04-27,24.655481338500977,24.71568822440803,24.196388165463706,24.663005774876087,3575672
2023-04-28,25.919862747192383,26.002648635914216,24.723213435959337,24.903839782921892,5177561
2023-05-01,25.63387107849121,26.0703852178259,25.498400845740633,25.904809644841457,3611658
2023-05-02,25.189834594726562,25.74676444378511,25.009208235778935,25.66397665041913,3010883
2023-05-03,24.873737335205078,25.438193505047423,24.828581221447894,25.325302271078954,2741521
2023-05-04,24.866209030151367,24.941470479886146,24.56516513036312,24.843630025485673,3234735
2023-05-05,25.174779891967773,25.36293067226552,24.851156979451925,25.197356998045027,4011601
2023-05-08,25.724184036254883,25.791919154566482,24.813527854562537,25.09199276393158,5344259
2023-05-09,25.28767204284668,25.430666717058536,24.3092788336611,24.9941544599212,7824222
2023-05-10,24.745792388916016,25.96502070310961,24.32433091356584,25.55860999894445,5423109
2023-05-11,24.4974308013916,24.647953705689915,24.09102199842764,24.61032203003987,4871286
2023-05-12,24.858684539794922,24.866210875241947,24.3619615934994,24.632902072988234,4480075
2023-05-15,27.65839195251465,27.846542741314277,26.010177672606847,26.898254865295982,13815163
2023-05-16,27.553024291992188,27.914275061684176,26.97351361542094,27.6583891789503,5815247
2023-05-17,27.83148956298828,28.2002666724335,27.44765788486157,27.778805219630986,5151233
2023-05-18,29.156082153320312,29.25392261065606,27.778806507863823,27.861594294970853,7903999
2023-05-19,28.839988708496094,29.25392386345617,28.52389211591078,29.14103073105705,4145356
2023-05-22,28.87761688232422,29.125978341333532,28.28305540736594,28.78730466040314,4343409
2023-05-23,28.44862937927246,29.148555753544098,28.410999602935068,28.855038180489835,3347984
2023-05-24,28.019643783569336,28.486259472456236,27.944382330906507,28.12500867780673,3760628
2023-05-25,28.48625946044922,28.689464812807923,27.78633497783842,28.516364801162037,4402812
2023-05-26,29.8861141204834,30.09684390885075,28.591626251267257,28.621729692826477,7025130
2023-05-30,30.066740036010742,30.62366983965061,29.758169793912483,30.247366380227948,7266181
2023-05-31,29.148557662963867,29.524863047591953,28.900196185075373,29.23887179090107,10079276
2023-06-01,29.32918357849121,29.6979626219811,28.982983541433725,28.982983541433725,4052349
2023-06-02,30.284997940063477,30.38283650342842,29.547439849616918,29.8635364454013,4638570
2023-06-05,29.351762771606445,30.24736821185625,29.306606657605442,30.202210198704222,2942484
2023-06-06,29.713014602661133,29.946323400438523,28.998035538723723,29.050717986691104,3236720
2023-06-07,30.119422912597656,30.661301952989927,29.750643883825717,30.142000018978,5704247
2023-06-08,30.17963218688965,30.292523418084663,29.344235556725753,30.104370733042646,4791641
2023-06-09,29.938796997070312,30.631197053525693,29.728065306528915,30.503253151973944,2986011
2023-06-12,30.337678909301758,30.39036135617023,29.87858765862583,29.976426217217146,4615153
2023-06-13,30.540884017944336,30.84192792562119,30.315099662823506,30.71398402746466,5651062
2023-06-14,30.450571060180664,30.834402769323997,30.209735924832138,30.495727173270765,3357113
2023-06-15,30.91718864440918,30.984923763585382,30.194685137881986,30.254893921688502,3802302
2023-06-16,30.45809555053711,31.210704353336038,30.044160424125067,31.1730745778989,7331008
2023-06-20,29.44207191467285,30.300047486548454,29.21628946917427,30.119421150319422,5792491
2023-06-21,28.915246963500977,29.42702255695915,28.855038181867716,29.21629087166728,3940556
2023-06-22,28.862565994262695,28.937827449944173,28.606680083587307,28.787306437732237,3069889
2023-06-23,28.493785858154297,28.70451754615363,28.245426292483245,28.448629746136916,6414036
2023-06-26,28.26800537109375,28.802358114840647,28.245428263085394,28.486261510363963,2463691
2023-06-27,28.757200241088867,28.877617806939817,27.83901772583859,28.328212425350987,8564441
2023-06-28,28.48625946044922,28.74967359508262,28.14005943715745,28.614203360176816,3496028
2023-06-29,28.29810905456543,28.74214764278715,28.207794930374813,28.629256411912102,3394289
2023-06-30,28.54646873474121,28.794830203298876,28.32821260741525,28.4937862867367,4305174
2023-07-03,28.98298454284668,28.998037214321712,28.471210805055243,28.50131424885423,1759590
2023-07-05,28.343265533447266,28.74214801430507,28.16263918188224,28.659362123473805,2706726
2023-07-06,28.117483139038086,28.1325339106762,27.432607508794398,27.90675144544349,3467715
2023-07-07,28.350793838500977,28.817411471007908,28.215323590627637,28.260479706868377,5243975
2023-07-10,28.501312255859375,28.689464938687216,28.109956118932185,28.2228473487987,5937095
2023-07-11,28.87009048461914,29.18618515980747,28.456155353552706,28.674411472013823,3853370
2023-07-12,28.915246963500977,29.419496221861127,28.508838162264198,29.268973318202516,3851650
2023-07-13,29.622699737548828,29.64527874289217,28.915247026601893,28.915247026601893,2617952
2023-07-14,29.848482131958008,30.834401643473985,28.85503818449424,29.502282112322977,10417302
2023-07-17,29.45712661743164,29.848482756699248,29.1109265905505,29.743117861413847,4079867
2023-07-18,28.945354461669922,29.276501835763295,28.471210508356055,29.171136934838227,5213943
2023-07-19,29.2990779876709,29.856007780662154,29.23134287249069,29.2990779876709,4267204
2023-07-20,28.80988121032715,29.253921673797453,28.666884646035644,29.005558320430218,5369660
2023-07-21,28.824935913085938,29.15608327596289,28.53141832807878,29.020614936141044,3608350
2023-07-24,29.291553497314453,29.35928861676013,28.704518327653286,28.877618344391784,4673762
2023-07-25,29.080820083618164,29.45712543643743,28.892669306359412,29.3818639860434,3518915
2023-07-26,29.26144790649414,29.464653263100445,28.92277421130128,28.92277421130128,3324302
2023-07-27,31.36875343322754,31.639693908721796,30.33015334156884,30.33015334156884,7570868
2023-07-28,31.632169723510742,32.15146980463834,31.511752148250622,31.842901429791503,5230084
2023-07-31,32.03104782104492,32.196623388603264,31.714953153853564,31.83537071254099,7875025
2023-08-01,32.26435852050781,32.37724784529467,30.999974153594295,31.6095882821786,7294890
2023-08-02,31.92568588256836,32.392303490819444,31.745059527843647,31.835373654781513,5032031
2023-08-03,32.55788040161133,32.8664468759433,31.421439777510475,31.632169583708784,5044996
2023-08-04,32.700870513916016,33.31801097292449,32.249305621378674,32.45251096251098,5168167
2023-08-07,32.73849868774414,33.10727957731509,32.51271625251568,32.9642811229726,2818916
2023-08-08,32.48261260986328,32.693346185600426,31.797738934047192,32.41487749593021,4616079
2023-08-09,32.046104431152344,32.452515166059,31.948263965718777,32.32456935767632,3628989
2023-08-10,31.72248077392578,32.490144211981935,31.39133340386908,32.4374617621616,3856413
2023-08-11,31.519275665283203,31.85042301805798,31.459066883037703,31.526802000457756,2463955
2023-08-14,32.061153411865234,32.158993866035765,31.6773217283557,31.692374398097453,2667830
2023-08-15,30.894611358642578,31.812793882014535,30.879558687990322,31.79021677518713,3952595
2023-08-16,30.42046546936035,30.759139142343415,30.17963035102106,30.67635135823271,3131144
2023-08-17,30.3226261138916,31.067710500423313,30.20220855036027,30.586040246297987,2981777
2023-08-18,29.90869140625,30.066740647624393,29.52486160394994,29.735593292732148,3182873
2023-08-21,30.405414581298828,30.44304435856271,29.765696972907033,29.871061868566677,1934491
2023-08-22,30.42046546936035,30.751612807501456,30.23231279576392,30.67635135823271,2429293
2023-08-23,30.894611358642578,31.030079697059946,30.239841075930208,30.35273230752017,1981854
2023-08-24,30.00653076171875,31.075238106119016,29.96890288290923,31.0526590998521,2543864
2023-08-25,29.72054100036621,30.119425402825676,29.231346265767726,30.05169027978254,3518651
2023-08-28,31.165550231933594,31.248338022159782,30.119423796339845,30.217262358210885,5647226
2023-08-29,31.27091407775879,31.398857976919587,30.82687549741936,31.120393072314336,3056924
2023-08-30,32.00094223022461,32.39230024245754,31.353700231306505,31.36875100166098,4642142
2023-08-31,33.86741256713867,34.34155836377511,32.941705675637,32.97181101472858,9219326
2023-09-01,34.58992385864258,34.85333992350054,34.002888637002975,34.100729106710354,4268395
2023-09-05,34.461978912353516,34.86838583214992,33.92010175319098,34.168461326494224,5823846
2023-09-06,34.19856643676758,34.53723823458903,33.87494351139429,34.18351376601743,4494893
2023-09-07,32.685821533203125,33.370697183215135,32.45251462499266,33.370697183215135,5799635
2023-09-08,32.71592330932617,33.016965306075534,32.48261262824653,32.66324086493749,3584007
2023-09-11,32.28693771362305,33.15243778616287,32.19662548829323,33.099755338195315,3136965
2023-09-12,31.83537483215332,32.76861008316945,31.77516414586728,32.13641686867696,4603908
2023-09-13,32.527774810791016,32.93418554676796,32.12136407481408,32.15899765275067,4254107
2023-09-14,32.881500244140625,33.00944224346297,32.467565107454064,32.85139490372295,3298636
2023-09-15,32.81376266479492,32.99439091635193,32.57293132655558,32.8363435701783,5930612
2023-09-18,32.85139846801758,33.18254585363512,32.42241061457807,32.82882135940569,2921052
2023-09-19,33.054603576660156,33.32554027274761,32.68582261522927,32.81376462741205,4179357
2023-09-20,34.35661315917969,35.28984834235019,34.23619559366408,34.43187271326373,11214410
2023-09-21,33.445953369140625,34.22866560574286,33.40832359402638,33.98783428535132,5099768
2023-09-22,33.97278594970703,35.00385787224319,33.739475236951435,33.747003471915725,6718723
2023-09-25,33.581424713134766,33.995359849738065,33.40832470322073,33.709366712431375,3553446
2023-09-26,33.31800842285156,33.822255720981104,32.919126005029604,33.29542752114181,4724565
2023-09-27,33.5362663269043,34.032989244925226,33.325536542986875,33.611529677090374,3370739
2023-09-28,34.469505310058594,34.620024413953615,33.55884725930544,33.58142436522933,4342086
2023-09-29,34.34156036376953,34.74797107026943,34.27382524601955,34.657655047734856,3323376
2023-10-02,34.22114562988281,35.01138620347637,34.04804560315677,34.514663231648804,3414002
2023-10-03,33.73194885253906,34.6952893945846,33.60400305025377,34.04804354353451,2839423
2023-10-04,34.085670471191406,34.123300245787014,33.52874069125245,33.84483535581754,3235264
2023-10-05,34.70281219482422,35.47800001331308,34.33403507271472,35.00385420087049,5315549
2023-10-06,34.92107009887695,35.05654033056045,34.25877161045784,34.50713496797818,4228308
2023-10-09,34.16846466064453,34.62755787237219,33.73195235654933,34.52971740143784,2872630
2023-10-10,34.130828857421875,34.64260063452902,34.01793573408398,34.16845863243394,2900942
2023-10-11,34.913543701171875,34.92107193571794,34.13083140819893,34.13083140819893,3309749
2023-10-12,34.33403778076172,35.09417298915755,34.153409524245724,34.99633252528213,3966883
2023-10-13,34.39424133300781,35.109222256686536,34.311453548393196,34.672706228101006,4115985
2023-10-16,34.4318733215332,34.61250157214853,34.138355737797525,34.46197866301942,2965637
2023-10-17,33.22017288208008,34.6275539022429,32.79871329862705,33.950202716976335,10392430
2023-10-18,33.45348358154297,33.844837823837445,32.9868659862673,32.99439042241445,5039969
2023-10-19,32.407352447509766,33.5437928950073,32.23425244813208,33.40832266970274,4507593
2023-10-20,32.256832122802734,32.67829550158377,32.09878478012306,32.36972525231788,4985726
2023-10-23,31.466594696044922,32.121363097171205,31.346177125898496,31.948263077479595,5377201
2023-10-24,32.33209228515625,32.362193824861954,31.760107955375577,31.835369401242914,5707819
2023-10-25,31.745058059692383,32.73097757914942,31.63216683060433,32.31704243944291,3657301
2023-10-26,28.794830322265625,31.865474485584304,26.807942363897368,31.68485003405172,23644921
2023-10-27,29.32918357849121,29.660332843744772,28.659362510808652,29.103401110771202,8643556
2023-10-30,31.45906639099121,33.24274892578329,30.713983909326213,32.47508933809869,22438212
2023-10-31,30.217262268066406,31.270915035914815,28.922774364806823,29.351762187151856,25795325
2023-11-01,31.413911819458008,31.504224046264603,29.923744883941122,29.968902896495425,27729948
2023-11-02,31.730005264282227,32.30951407775651,31.481645700758197,31.51927547725555,10131005
2023-11-03,32.369728088378906,32.89655261013533,31.82784899566371,31.88805778374318,5926643
2023-11-06,32.49014663696289,32.88902915774617,31.444018200590033,32.15147100690993,5855598
2023-11-07,32.429931640625,32.550349204394294,31.94073694956931,32.22672628958272,7568089
2023-11-08,32.55788040161133,32.708399521294574,32.098787210991695,32.437462826883404,4127495
2023-11-09,33.250274658203125,34.085669299392315,32.798709781976456,32.889021997561485,8198499
2023-11-10,33.86741256713867,34.01041102867281,33.144911017052614,33.38574613318186,5324149
2023-11-13,34.00288391113281,34.01041214530371,33.21264722129648,33.62658235334009,4574934
2023-11-14,34.52219009399414,34.98127946924728,34.394244289056466,34.74797256342892,5627777
2023-11-15,34.64260482788086,34.8157048525308,34.0405207582045,34.26630323390868,4796669
2023-11-16,34.62755584716797,34.87591543018069,34.04052065249958,34.38672070072442,4679848
2023-11-17,35.08664321899414,35.22963789201452,34.70281341335947,34.845808086379854,4590545
2023-11-20,35.63604736328125,35.688729809314516,35.07158932866613,35.14685267892923,4970511
2023-11-21,34.80065155029297,35.402739341644235,34.702811097229116,35.07911644161136,5769074
2023-11-22,35.304901123046875,35.5532606909411,34.928595754848054,34.928595754848054,4556544
2023-11-24,35.071590423583984,35.21458889439731,34.657655278270404,35.041488880840795,2992758
2023-11-27,35.53068161010742,35.77151672850895,34.83828159427847,34.928593814103614,5640875
2023-11-28,35.289852142333984,35.470480409208264,34.936127642087925,35.319957486530086,5568242
2023-11-29,35.61347198486328,36.29834381651697,35.47047730987983,35.83925445000104,6305153
2023-11-30,36.35855484008789,36.44886706732822,35.34253183830353,35.801625007420114,22154429
2023-12-01,36.418766021728516,36.77249049921541,35.83925527560062,36.0123552961372,15168327
2023-12-04,35.72636032104492,36.14782369629249,35.29737250976699,35.884411460701436,5085612
2023-12-05,35.19953536987305,35.748940738258185,34.97375291411642,35.523158282501555,4084895
2023-12-06,35.23716735839844,36.61444308379419,35.19953757979347,35.96719721790136,4536699
2023-12-07,35.60594177246094,35.92204024473657,35.18448220716246,35.65862421812325,5037058
2023-12-08,36.01987838745117,36.20803107209105,35.395213449563755,35.470476802400874,11186627
2023-12-11,37.0584831237793,37.389630488984324,36.418765500589444,36.4488670441157,8014469
2023-12-12,37.3444709777832,37.73582901094143,36.98321828524527,37.0810587431103,6465633
2023-12-13,37.95408630371094,38.1422390003493,37.29931598293405,37.29931598293405,9104754
2023-12-14,38.49596405029297,39.30878165634453,38.30781136946692,38.37554648649637,10736145
2023-12-15,38.142234802246094,38.62390504489719,37.82614012986947,38.38306992357165,9642156
2023-12-18,38.02181625366211,38.3078093771684,37.841191816511994,38.05944982651157,4167979
2023-12-19,38.33791732788086,38.458334893618215,37.848718830528014,38.0218188438816,5025812
2023-12-20,37.186424255371094,38.28523502156771,37.1487944781209,38.262654116576044,6881981
2023-12-21,39.42167663574219,39.45177817937877,38.27018339045933,38.57122541493942,9720081
2023-12-22,39.632408142089844,39.79797993328944,39.30878519804663,39.51199056744368,3884990
2023-12-26,39.70766830444336,40.04634392524452,39.64746141535774,39.69261563259639,2660288
2023-12-27,39.451778411865234,40.023760920559475,39.346413512761195,39.790454014915404,2867206
2023-12-28,39.835609436035156,39.8506583078119,39.39909339866249,39.511986525100745,5556600
2023-12-29,39.414146423339844,39.89581667697983,39.24104641333184,39.752822007399786,4601526
2024-01-02,38.277706146240234,39.09805198908774,38.1422359117662,38.95505352030855,9513164
2024-01-03,37.886348724365234,38.31533269971034,37.6304609472513,37.69819605879033,7829514
2024-01-04,37.645511627197266,38.22502232081486,37.58530474643662,37.85624520561386,6140043
2024-01-05,37.668094635009766,37.893877097501665,37.38210149009232,37.397154160698705,6305286
2024-01-08,37.773460388183594,38.12718486140429,37.668095489849684,37.73583060996463,4485235
2024-01-09,37.20147705078125,37.6455137414465,37.1337419321828,37.269212169379706,6349077
2024-01-10,38.0142936706543,38.13471123405667,36.84774781301224,37.16384629088212,5691414
2024-01-11,38.082035064697266,38.46586492434142,37.38963491057763,37.98419459133602,4105137
2024-01-12,37.63798522949219,38.51853787761548,37.630460794152484,38.3002798748442,3729934
2024-01-16,39.308780670166016,39.52703868604102,38.30028217430753,38.84216309694844,10667084
2024-01-17,39.376522064208984,39.715193896560095,38.947534198148695,39.2636289212237,7151212
2024-01-18,40.302223205566406,40.347381215789305,39.70766362829154,39.87323540250521,7468070
2024-01-19,41.22041320800781,41.23546208113696,40.37749019597018,40.64090245026252,6346960
2024-01-22,42.89872741699219,44.20073970666193,42.52242205752172,43.523392338596196,21794308
2024-01-23,43.4481315612793,44.516836928865175,43.04924910694115,43.899696460594114,14448351
2024-01-24,43.673919677734375,44.44910758151797,43.43308452707729,44.40394956640643,12864587
2024-01-25,45.40491485595703,45.57049042782407,44.35879037375736,44.40394458550161,31551830
2024-01-26,43.82443618774414,44.70499274100387,43.0567765646896,44.298582024114765,25991393
2024-01-29,44.968406677246094,45.49523118382173,44.43405393583244,44.70499442395827,12410137
2024-01-30,43.74164962768555,44.96840234428085,43.50833894132421,44.84798478319475,12855723
2024-01-31,43.08687973022461,43.78680799675013,43.05677439013061,43.41802707635317,7670754
2024-02-01,43.199771881103516,43.41050547723052,42.5901595950236,43.079354311160394,9621914
2024-02-02,43.771751403808594,43.839490317978175,42.89872692998209,43.08687960758131,7315396
2024-02-05,44.00506591796875,44.042695697100406,43.10946046210596,43.70402388661336,6400939
2024-02-06,43.990013122558594,44.58457654538872,43.847018442940836,44.44157806746885,6862666
2024-02-07,43.60618209838867,44.193217270266665,43.39545230300724,44.005064582018385,6544749
2024-02-08,42.98904037475586,43.63628621183978,42.91378082089573,43.32771596373023,9880693
2024-02-09,42.76325988769531,43.162142378499276,42.319219383510834,42.52242474627005,8623711
2024-02-12,43.139564514160156,43.70402257915495,42.52995223487907,42.57510644916537,5900448
2024-02-13,41.64939880371094,42.100963729089685,41.23545985742815,42.08591105847014,8694888
2024-02-14,42.20632553100586,42.56757820448605,42.05580263414703,42.09343240878632,5244637
2024-02-15,42.153648376464844,42.575107982594055,42.025702568674085,42.28159038595346,5802281
2024-02-16,40.64090347290039,42.37190375652416,40.58069658396238,42.17622661959781,7983776
2024-02-20,40.73874282836914,40.746267264917634,40.10654962111617,40.610797020627565,6802072
2024-02-21,40.18181228637695,40.64090550548685,39.80551066551422,40.55059326841189,5616267
2024-02-22,41.92033386230469,42.14611631628141,40.96452160041331,41.137621608405524,6748888
2024-02-23,42.191280364990234,42.30416970898489,41.611769577916846,41.762292501545396,4185443
2024-02-26,42.95893478393555,43.41802793539603,42.484792760432114,42.70305078297921,8156295
2024-02-27,43.259979248046875,43.95237927255102,43.116984581673655,43.839489945930616,8340589
2024-02-28,43.244930267333984,43.50081808045881,42.62026530483351,42.77831265456593,5469150
2024-02-29,44.75767135620117,44.89314158356123,43.42555378433,43.734120215392544,10187497
2024-03-01,48.39277267456055,48.57340091523827,45.63822523936582,45.909161902929746,22594591
2024-03-04,48.40782928466797,48.94971025250617,47.60253606763179,48.91960491022581,8242952
2024-03-05,47.783164978027344,48.38525284037767,46.78972285387592,47.64017029768856,9441193
2024-03-06,48.69382095336914,49.612003478476424,47.85842241955279,48.866920968744296,12297550
2024-03-07,48.37772750854492,48.96475889038259,47.760586986269296,48.791662668856326,9030137
2024-03-08,47.41438293457031,49.46900589120422,47.271384470675855,48.82176008156041,8636015
2024-03-11,46.69940185546875,47.286436983993006,45.96184382780189,46.88755452982157,9612124
2024-03-12,47.39180374145508,47.68532131728375,46.42846702456502,47.150968612657095,7548377
2024-03-13,47.02302932739258,47.414387383862135,46.67682928454331,47.15097133519692,4572156
2024-03-14,45.75864791870117,46.955295428622286,45.26944938580212,46.91013741382628,4570436
2024-03-15,44.99850845336914,45.555438258549785,44.8555099858024,45.329655802441366,7619157
2024-03-18,44.63725662231445,45.51028112317487,44.396421491393944,45.17913376773465,5113263
2024-03-19,45.0135612487793,45.3522330347332,44.005062730274304,44.33621008026779,5728855
2024-03-20,45.69843292236328,45.7736924749565,44.7125153112037,45.307078690916356,5604493
2024-03-21,47.971317291259766,49.679740400135465,47.95626462003284,48.76908227817217,15355003
2024-03-22,48.1218376159668,48.47556207670959,47.48212001390484,47.873474251539186,7196326
2024-03-25,48.9045524597168,49.31848762388196,47.43696449570415,47.54985383231169,8280657
2024-03-26,51.290321350097656,52.14076875904688,49.326010491886755,49.52169141306766,15120435
2024-03-27,50.906490325927734,51.945090396761216,49.99583225578895,51.91498505602062,8312674
2024-03-28,51.358055114746094,52.073036064877776,51.21506044404051,51.47094824308863,10498799
2024-04-01,53.32236862182617,54.45128097091937,51.847256232457596,51.86983333994884,16538426
2024-04-02,51.802101135253906,52.47192414601959,50.98175520336844,52.30634855295759,8794113
2024-04-03,53.901878356933594,54.27817993404776,51.25269185650952,51.87735680458332,14459199
2024-04-04,53.08905792236328,56.34033232500493,52.93101057330539,55.045844392047194,12830851
2024-04-05,55.02326965332031,55.28668191309009,53.27721290721204,55.06089943352997,10933007
2024-04-08,54.90284729003906,57.89070551403022,53.864243416667954,56.445694732211194,9989179
2024-04-09,54.677059173583984,57.01015084346555,53.834140044472655,56.95746839789609,11014372
2024-04-10,54.37601852416992,55.00821168504819,53.44278335229839,53.85671849135279,10162360
2024-04-11,55.61782455444336,55.83608257867323,54.142708428900214,54.54911913643819,7843406
2024-04-12,54.233028411865234,55.18131633373108,53.98466502857764,55.128633882421994,7049870
2024-04-15,53.00626754760742,55.203885095364676,52.727798863302816,54.978102652705445,7445050
2024-04-16,53.48041534423828,53.623410020510796,52.07303809213576,52.67512213906279,5910767
2024-04-17,52.81059265136719,55.09099824038722,52.614915525021914,54.34591571504331,8631781
2024-04-18,51.418270111083984,53.2245299297304,51.35053498805453,52.652547400605556,5751346
2024-04-19,49.709842681884766,51.48600080277004,49.37869533018789,50.793600758776066,9300425
2024-04-22,50.46245193481445,51.32795202970164,49.5517938269454,49.935627441536184,9039662
2024-04-23,52.6224365234375,52.86327164703684,50.57534177114491,50.57534177114491,10201124
2024-04-24,52.34397506713867,54.285708853673114,51.29785051631029,53.47289120763374,9790729
2024-04-25,52.26118850708008,52.75791146866892,49.09270563963577,50.22914624325647,11395264
2024-04-26,53.706199645996094,54.02229814947792,50.41729918956837,53.43526295511443,18348819
2024-04-29,52.5772819519043,54.51901179912225,51.922511701493185,53.502988865784246,11905148
2024-04-30,53.307315826416016,54.308286166321764,52.359027936068365,52.44934016412479,10297306
2024-05-01,53.06648254394531,54.18034605664499,51.832205255156026,52.810594723574965,11433498
2024-05-02,52.471920013427734,53.29226208240229,51.10969699042038,53.17184451465078,8434787
2024-05-03,53.39762878417969,53.91692885047824,52.7428622730963,53.435262361494374,7942763
2024-05-06,54.639434814453125,55.56514561904348,54.127662977945654,54.18786986529271,8665782
2024-05-07,53.804039001464844,54.76737956687008,53.63846341742254,54.398598620130976,5202962
2024-05-08,54.21797180175781,54.353442037655164,52.8181190279884,53.06647859493226,5599068
2024-05-09,54.2556037902832,54.76737941379989,53.5556754757178,54.08250377031463,6042406
2024-05-10,53.8868293762207,55.1361593579208,53.871776704377034,54.80501197226675,4896555
2024-05-13,53.41267776489258,54.6394305060921,53.09658308506502,54.248076273439466,5064973
2024-05-14,55.34688186645508,55.43719788560375,53.10410622532965,53.45783447124091,9372000
2024-05-15,56.964996337890625,57.02520702127486,55.60277330679535,55.723190875261814,10549999
2024-05-16,55.768348693847656,57.08541370782424,55.730715117712386,56.82200146468932,6574252
2024-05-17,54.263126373291016,55.45224936498683,54.17281414819686,55.28667758536454,8196250
2024-05-20,54.97810745239258,55.873712865726176,54.466331845258544,54.488912750306945,7413034
2024-05-21,55.70061492919922,56.20486232069399,53.58578110153022,53.96208648561961,6326586
2024-05-22,55.34688186645508,55.97155057320885,54.63942917293432,55.91886432955458,4560249
2024-05-23,55.81350326538086,57.868126371595906,55.58019636233916,56.95747206831125,7134939
2024-05-24,56.30270004272461,56.806947409667764,55.693083982793034,56.257542031443855,3629783
2024-05-28,57.303672790527344,57.58966214596034,56.64890248962267,57.01015520040808,6322749
2024-05-29,58.274539947509766,58.4476399737789,56.52095877822528,56.62632368131934,9954914
2024-05-30,56.829524993896484,57.76276018179539,56.024235606550995,57.71007773400925,8315055
2024-05-31,56.66395568847656,57.303673324269255,54.75232721755276,56.829527475189934,10188158
2024-06-03,56.43064498901367,57.3488275465603,55.783399118386015,57.03273284600378,5505929
2024-06-04,55.64793014526367,56.370435540818924,55.13615454050322,56.25754241100632,5059284
2024-06-05,57.87565231323242,58.07132943044737,56.25754153373005,56.430641544655316,7278220
2024-06-06,56.633846282958984,57.86812345236126,56.520953156129195,57.725128783571776,5129933
2024-06-07,56.43064498901367,57.055309953671504,56.039286932394575,56.3553854312532,7462117
2024-06-10,58.02617263793945,58.16916730191948,55.95649703485301,56.03928102033511,8044105
2024-06-11,57.58966064453125,58.30464161107748,57.107990376041734,58.00359579412055,5197273
2024-06-12,59.59912872314453,60.08832342137937,58.25195839567458,58.44763551530813,7434731
2024-06-13,59.89264678955078,60.56246974069677,59.26045361575982,59.43355363023448,8985155
2024-06-14,58.7938346862793,59.45612938794585,57.8831766227614,58.82394002680101,4170625
2024-06-17,60.10337448120117,60.26142181955081,58.15411637828532,58.703521743716315,6181718
2024-06-18,60.381839752197266,61.37528559691921,59.9302748403425,60.48720464507659,7228343
2024-06-20,57.416561126708984,60.56247056982859,57.250989344419736,60.47968277953297,7808478
2024-06-21,57.025203704833984,57.80039151936003,56.21991055036666,57.0703579164441,8997988
2024-06-24,56.746742248535156,57.52945454637697,56.325278858695704,56.67900333040719,6777200
2024-06-25,57.84554672241211,57.99606962639655,56.558583300033774,57.00262377772185,3725568
2024-06-26,56.7994270324707,58.048756985860535,56.45322318451583,57.830498946526454,4846678
2024-06-27,57.66492462158203,58.50784380225309,55.550090838728934,56.2048611296445,5748303
2024-06-28,57.025203704833984,58.838991562617714,56.829522793517526,57.57460526810231,11355044
2024-07-01,57.48429489135742,57.657394904122135,55.97907722391201,57.35635288995381,4769415
2024-07-02,58.74114990234375,58.78630411302788,56.7918918530999,57.0252025354075,3574085
2024-07-03,58.545475006103516,59.18519260025535,58.30463987901328,58.733623888234774,2591757
2024-07-05,58.078861236572266,58.71105063797775,57.838026093664816,58.71105063797775,3061290
2024-07-08,59.079830169677734,59.546447773078235,58.199277411729916,58.48526676313235,4901450
2024-07-09,59.02714920043945,60.02059131727411,58.808891164975535,59.04972630814189,4124320
2024-07-10,60.389366149902344,60.49473103957737,59.26797834030195,59.57654477532067,5859038
2024-07-11,58.583106994628906,60.35926517441168,58.16917184170624,60.32915983281316,5464784
2024-07-12,59.28303146362305,59.66686507302771,57.845548881898125,58.35732449556967,6024810
2024-07-15,59.32066345214844,60.27647573620251,58.69599852171851,59.83243525382142,7151344
2024-07-16,57.99606704711914,59.53891439986308,57.93585636888239,58.8841441646977,5632011
2024-07-17,54.02981948852539,56.87468306695354,53.939507263409084,56.81447238467471,14155968
2024-07-18,52.86327362060547,54.631907337748906,51.7945719928246,54.59427756046325,11545689
2024-07-19,52.547176361083984,53.92445197077006,52.08808322508804,53.17184126869193,5709936
2024-07-22,54.985633850097656,55.05336897105536,53.2019511942495,53.60083368527708,7172115
2024-07-23,54.91037368774414,55.279150832438134,54.45128051723355,54.458808751869284,3690244
2024-07-24,54.19538879394531,55.971550663854515,54.059922361606425,54.872739947148574,8449869
2024-07-25,50.04098892211914,51.990247010707854,49.97325380642403,51.53868210494167,17994123
2024-07-26,51.373111724853516,51.40321706782721,50.45492915057337,51.02691167556261,5917911
2024-07-29,49.99583435058594,52.05798570658745,49.70984499647317,51.93003990223002,8406474
2024-07-30,47.54985046386719,50.153878835750675,47.48211914568203,50.07109484742376,12242381
2024-07-31,50.46245193481445,50.89143976408507,48.67124106106425,49.950680112530144,17911965
2024-08-01,45.55543899536133,47.55737959065661,43.734122848553454,45.41244432378364,35572692
2024-08-02,43.07182693481445,43.990009418594525,41.81496887171716,43.959904078588146,17530808
2024-08-05,42.891204833984375,43.39545221427373,39.715190045692964,40.66347792127239,14409190
2024-08-06,43.184715270996094,44.25342063197202,42.612732815514924,42.612732815514924,12626315
2024-08-07,42.33427047729492,44.80282868577628,41.942916235786974,44.14053397068442,10845293
2024-08-08,44.38889694213867,44.73509699679042,42.49232107826292,43.34277234147458,8026641
2024-08-09,44.91572189331055,45.09634634380995,43.74917600630361,44.40394628639234,7058205
2024-08-12,45.435020446777344,46.27794338417702,44.41899750069839,44.9157204207395,9080543
2024-08-13,46.34568405151367,46.63167342273281,45.76617327567129,45.901643524481315,6753518
2024-08-14,46.29299545288086,47.226230600445625,45.61564429875985,46.849925247778785,5970038
2024-08-15,47.79069137573242,47.97884026457603,46.59404013355439,47.188599738224944,7490032
2024-08-16,48.20462417602539,48.490617332593395,47.36922941060393,47.542329432176054,5949266
2024-08-19,48.9948616027832,49.09270206032238,47.55737907172478,48.0164722205988,6809613
2024-08-20,48.48309326171875,49.02497043819947,48.34009478320543,48.957235316351614,4900789
2024-08-21,48.942176818847656,48.994859263091,48.091729477032736,48.83681193036097,5700146
2024-08-22,48.19709777832031,49.288380313463904,48.05410310500613,48.76155583372642,4203833
2024-08-23,48.43041229248047,48.94971237699575,47.753061053284675,48.35514893351302,4029064
2024-08-26,47.18107604980469,48.38525174730167,46.985398923324695,48.0842059237764,4296046
2024-08-27,47.30149459838867,47.48964729240999,46.0295837541933,46.533834949287545,6675461
2024-08-28,46.98539733886719,47.19612712924735,45.99195147235798,46.81982176168168,6182511
2024-08-29,47.43696594238281,48.33257141931164,46.81230095885825,47.617590405784185,5716948
2024-08-30,49.363643646240234,49.43890320094272,47.753057269870766,48.25730464264168,8489030
2024-09-03,47.45954132080078,48.558352127730444,46.812299252519004,48.558352127730444,7794587
2024-09-04,47.37675476074219,48.02399679396339,46.26289134303113,46.63166847140003,4870228
2024-09-05,47.12086486816406,47.86594732609323,46.955289300490165,46.955289300490165,3064994
2024-09-06,45.73606491088867,47.053133733088714,45.156557971626434,46.774665018760395,5491905
2024-09-09,47.12086486816406,47.248806862601754,46.21773127822722,46.594036624175764,5518233
2024-09-10,47.2563362121582,47.66274693963514,46.699406369291665,47.08323619081849,4349230
2024-09-11,47.64768981933594,47.753054709591055,45.87153175818932,47.62511271379605,4786085
2024-09-12,47.602535247802734,48.24225666788355,46.91766341168314,47.64769326044555,5268715
2024-09-13,48.93465805053711,49.024970279942,47.858424339263216,47.858424339263216,4738325
2024-09-16,48.23472595214844,48.415354195126355,47.617585469285096,48.227201516246026,5943445
2024-09-17,49.58942413330078,49.86036079841838,48.490613407923746,48.671237851335476,6882775
2024-09-18,48.48309326171875,49.709846093193505,48.24978255350899,49.22064756892542,5873326
2024-09-19,49.649635314941406,50.108728495684105,49.19054213419871,49.96573001743841,6377125
2024-09-20,50.23666763305664,50.33450809179552,48.904549979182335,49.107755332731436,10165403
2024-09-23,49.89046859741211,50.68070912246667,49.8829441611915,50.44739842340021,3847549
2024-09-24,50.01841354370117,50.31945555850781,48.30999051896114,49.890467743724365,8797950
2024-09-25,49.67221450805664,49.9281023343786,49.11528463790444,49.604483181794215,5016022
2024-09-26,53.02885055541992,53.75888040800645,51.56126261561596,52.92348565700343,11688573
2024-09-27,52.24613571166992,53.02884797538303,51.80209523401738,53.02884797538303,5413451
2024-09-30,51.395687103271484,52.351503223252955,51.16238019883249,51.84725583777329,7047621
2024-10-01,50.244197845458984,51.38063842489718,50.0334642492404,51.245168183864536,4617402
2024-10-02,50.06356430053711,51.25268720378649,49.98830475160674,50.146352083341505,5065502
2024-10-03,50.108726501464844,50.936596802173256,49.53674400615208,49.672210445900866,5244769
2024-10-04,49.93562316894531,51.14732319811192,49.589423160612,51.06453541387967,6039230
2024-10-07,50.00336456298828,50.63555398022237,49.57437671654961,49.87541875357029,4314832
2024-10-08,49.80015563964844,50.23666789158027,49.43137850591488,50.0786205485516,5125831
2024-10-09,48.52824401855469,49.551791411532314,48.287408890995025,49.491584528793325,5869754
2024-10-10,48.20462417602539,48.84434561049849,47.75305923264611,47.873476804100726,4646111
2024-10-11,48.829288482666016,49.19806942681885,47.92615860808334,47.963788386473944,5353255
2024-10-14,50.296878814697266,50.34203302817789,49.22064515277941,49.250750493967786,5856656
2024-10-15,50.38719177246094,51.71930945893972,50.31193221669786,50.42482155034247,7904396
2024-10-16,51.019386291503906,51.22258785704728,50.06357015710575,50.42482287117479,5876105
2024-10-17,50.688236236572266,51.89994021154512,50.53771711779233,51.77951883923768,4825907
2024-10-18,50.44739532470703,51.32794802183147,50.168930428817475,51.117218240974694,3901659
2024-10-21,50.6204948425293,50.92154063939757,49.72488948421385,50.17645817951625,6713696
2024-10-22,50.99679946899414,51.305369697188944,49.642104797130834,50.28182235856101,8320744
2024-10-23,50.13130569458008,51.019386715069295,49.61953006249131,50.515135519495594,7245145
2024-10-24,49.91304397583008,50.83122647295107,49.822731752800536,50.658130261153865,11646501
2024-10-25,52.26871109008789,55.31677985368846,52.17087063599473,54.624376037624,23343541
2024-10-28,52.46439743041992,53.52557854751106,51.3806430022151,52.389137866831426,10454346
2024-10-29,51.40321350097656,52.682648707254906,50.99680279393897,52.577283812460394,8270205
2024-10-30,50.43987274169922,52.09561330633814,50.4022429649214,51.0118552243069,6203812
2024-10-31,49.15291213989258,50.771023021008865,48.91960523144302,50.056045826119075,6048888
2024-11-01,49.5818977355957,50.50760848769782,49.371167944376275,49.48406107441636,5059681
2024-11-04,49.085174560546875,50.04099064909677,49.002390570330796,49.40879748022526,3578583
2024-11-05,50.296878814697266,50.522661277006186,49.29590850575035,49.29590850575035,5521276
2024-11-06,52.61491775512695,52.82564756140021,51.37311222748533,51.82467718330006,7572984
2024-11-07,53.013797760009766,53.60836116916652,52.45686792731515,53.05895577278312,4984535
2024-11-08,52.38913345336914,53.01379841377614,52.06551052025756,52.68265104426056,4653520
2024-11-11,50.7108154296875,52.78801566237008,50.63555207453824,52.73533321291662,5891451
2024-11-12,48.13688659667969,50.05604320549711,47.45201478012355,49.822732510960144,11215071
2024-11-13,47.211181640625,47.97884127788619,46.88755870803553,47.97884127788619,5995836
2024-11-14,47.5799560546875,47.933684309126775,47.203650694067626,47.22623159855007,4804210
2024-11-15,47.26386260986328,47.5046977430884,46.88755723941129,47.000450369867664,4633014
2024-11-18,48.60350799560547,48.6787675495736,47.105814764205526,47.301491883503815,4801299
2024-11-19,49.13785934448242,49.228175371688316,47.933687429726874,48.15946990113742,3792512
2024-11-20,48.04657745361328,49.43138144259098,47.27891779949606,49.40880053631543,5063915
2024-11-21,49.5818977355957,50.05604356414135,48.09173272819896,48.52072054506819,5344259
2024-11-22,49.99583435058594,50.289351939350226,49.551793850113754,49.98078167958494,6854331
2024-11-25,52.253662109375,52.62996748428257,50.469979494139686,50.500081037422774,11667537
2024-11-26,54.955528259277344,55.121100032968755,52.20097700531087,52.20850144117338,14193276
2024-11-27,53.81155776977539,55.30172647428688,53.13421043043471,54.97057913938489,13606394
2024-11-29,54.93294906616211,55.429671999312085,53.939506998164084,54.18786656558811,3646585
2024-12-02,55.264102935791016,55.632880086997986,54.692116622058826,55.07595024280318,7134410
2024-12-03,53.954559326171875,55.775871671758054,52.825643230878704,55.0232647398645,7114697
2024-12-04,54.443756103515625,54.631908793258646,53.12669107361651,54.631908793258646,5517042
2024-12-05,54.270652770996094,55.5651406145416,54.14270697466612,54.45127721507137,4122600
2024-12-06,53.48794174194336,54.69964182709699,53.186895930516464,54.49643647412911,4975009
2024-12-09,53.23957824707031,54.037343188279905,53.16431869354929,53.41267825881017,4133846
2024-12-10,51.79457473754883,53.427734506065626,51.41074111330976,53.2847398254817,4366165
2024-12-11,52.60739517211914,52.98369678302253,52.05046149524163,52.45687224877638,3414398
2024-12-12,49.6646842956543,52.71275315169436,48.91207357614756,52.60738825869171,13066345
2024-12-13,49.009918212890625,49.87541833515418,48.69382350692537,49.84531679051618,10579502
2024-12-16,49.1453857421875,50.12377894726242,48.2046223145574,48.56587501497112,7134807
2024-12-17,48.64866256713867,49.67973821526959,48.5959801193124,49.070125948050766,5183646
2024-12-18,47.82079315185547,50.57534455484764,47.489645788255245,50.00336205439233,7343047
2024-12-19,44.87056350708008,46.89508501281896,44.71251616463656,46.60156363617853,17911965
2024-12-20,45.33718490600586,46.24784305843636,44.396425208416524,44.561997000847924,16844965
2024-12-23,46.33062744140625,46.368257218809916,45.164081552080944,45.164081552080944,5439118
2024-12-24,46.43598937988281,46.47361915488978,45.99947715285888,46.18010159221302,2000508
2024-12-26,46.44351577758789,46.81229670415959,46.262891330603196,46.292996671201266,2839158
2024-12-27,45.68338394165039,46.368259599446965,45.457601467334335,46.18763134101284,5506061
2024-12-30,44.87056350708008,45.26192154429874,44.26847567993673,44.90066884801273,5834562
2024-12-31,44.87809371948242,45.50275868070664,44.68241279309743,44.90819526343989,5206137
2025-01-02,46.563934326171875,47.301492396607486,45.05119220621034,45.05119220621034,6975650
2025-01-03,48.21967315673828,48.2573029327562,46.69940285784137,46.69940285784137,5484232
2025-01-06,49.4088020324707,50.778549593207465,49.122812661807004,49.145389770464064,8775194
2025-01-07,48.82175827026367,50.146351381695375,48.76155139162212,49.56684070847476,5982209
2025-01-08,48.21215057373047,48.80671017358785,47.7079031994473,48.242255915022525,6107762
2025-01-10,47.27891540527344,48.0014208068559,46.127422184107516,47.49716963400221,6156316
2025-01-13,46.67682647705078,47.354173850801835,46.180103550312595,46.48114935973653,5228231
2025-01-14,47.21870422363281,47.564904250111226,46.594039288752356,47.01550266770559,5924923
2025-01-15,48.64113998413086,49.49158741618485,48.16699413732855,48.21215215074375,6624129
2025-01-16,48.35514831542969,48.9647606246115,47.722955099695156,48.42288343848347,7025527
2025-01-17,48.949703216552734,49.92809251531366,48.01646812641988,49.16795742095864,9473342
2025-01-21,50.748443603515625,51.32042609305443,49.1378572321727,49.39374503498525,9321329
2025-01-22,51.65157699584961,53.05142987382976,51.38816473882968,51.55373652968412,12357482
2025-01-23,51.68920135498047,51.9149838085056,50.771018870871366,50.88391199678483,9339719
2025-01-24,50.73339080810547,52.261185588491,50.69576103096428,51.86230311385089,7999520
2025-01-27,48.46803665161133,49.37869470599252,47.369225918309965,49.37869470599252,10044348
2025-01-28,47.31654739379883,48.68629490770006,46.52630683649722,48.59598267785756,9649036
2025-01-29,47.26386260986328,48.27988559076288,46.95529235802472,47.9637871044662,14111912
2025-01-30,49.50663757324219,50.868860561616074,47.941209232272335,50.01088493841217,21901207
2025-01-31,49.01744079589844,51.14732329474245,48.791658346485,49.07012324081818,10873605
2025-02-03,48.48309326171875,49.88294611607088,47.82079471457329,48.18957186817662,8414015
2025-02-04,48.02400207519531,49.11528470830991,47.647696671141375,48.03905474715374,6841233
2025-02-05,48.7088737487793,49.11528066499116,47.72295230393319,48.02399812171426,7064291
2025-02-06,48.52824401855469,49.27332650747305,48.287408890995025,48.851866933394575,4065844
2025-02-07,48.51319122314453,49.333537061247696,47.84337208725516,48.72392100964015,5050420
2025-02-10,51.960140228271484,52.20097534443434,49.28837684530901,49.37116462867156,13865305
2025-02-11,51.86983108520508,53.2094731747888,51.23011348214332,51.77951506256194,12215656
2025-02-12,50.63555145263672,51.94509203482757,49.89799716934694,51.34300419253856,10940549
2025-02-13,50.846282958984375,51.388160095650065,50.176460024539416,50.69576005501541,7400465
2025-02-14,51.470947265625,51.832199951838085,50.77854343499023,51.07958923931871,7511862
2025-02-18,54.210445404052734,54.25560341698247,52.59986278578755,52.8406979248087,12388043
2025-02-19,53.81155776977539,54.38354401896264,53.57072265379182,53.93197532776718,6930271
2025-02-20,53.65351486206055,53.99971489505139,52.61491476308802,53.81156220777785,6119404
2025-02-21,51.71178436279297,53.93197921249182,51.00433163342105,53.93197921249182,11982940
2025-02-24,48.8093147277832,52.4436249149945,48.02270920022034,52.38388522317577,18354400
2025-02-25,48.85910415649414,50.91025195119778,48.50065077506028,48.50065077506028,11679700
2025-02-26,49.94441604614258,50.49205142900493,48.56039076640432,49.5560928437184,8546700
2025-02-27,47.99283981323242,51.25874133835084,47.903226476345544,50.272998430897076,9392100
2025-02-28,48.71969985961914,49.864758695292146,47.793696682530964,48.1222801704082,9268600
2025-03-03,46.807952880859375,49.61583622717885,46.30014649379322,49.32708171379713,8841500
2025-03-04,44.43818283081055,46.150787746054746,44.05981499445232,46.01139006905483,11765400
2025-03-05,44.010032653808594,44.49792454549551,43.064114919047725,44.46805469858055,7615500
2025-03-06,41.271854400634766,42.93467514875071,41.18224105623735,42.73553396138955,11790200
2025-03-07,41.520774841308594,42.29742119860229,40.23631832862921,41.31167832946825,12084700
2025-03-10,40.365760803222656,40.71425499090911,39.25057180602244,40.50515847829724,10563700
2025-03-11,41.62034606933594,42.655877141267084,40.136752101284465,40.226365440168934,9283700
2025-03-12,42.775360107421875,43.51218131205628,42.07836789726544,42.426865901494644,5998300
2025-03-13,41.84935760498047,42.85501884239462,41.53073324021413,42.387037644886924,5495100
2025-03-14,44.33860778808594,44.65723211662993,42.76540064068768,43.00436698794487,7882100
2025-03-17,44.55766677856445,45.244699826308945,44.229083278576724,44.36848475627878,5734100
2025-03-18,44.14942932128906,44.36848498909702,43.482306968556614,44.34857049217794,5205800
2025-03-19,44.707027435302734,45.234748352039134,43.96025083314268,44.179302720264126,3603100
2025-03-20,44.31869888305664,45.33431548276203,44.05981800782291,44.069773357588716,4910100
2025-03-21,43.47235107421875,43.92041775352566,42.99441454905866,43.70136208846409,7712800
2025-03-24,44.11956024169922,44.667195622433105,43.26325585080893,44.50788344261412,5619600
2025-03-25,43.203514099121094,44.08968837245051,42.35716882192611,43.900506338265146,8749500
2025-03-26,42.43682098388672,43.44248219746526,42.02858328881179,43.31303986537752,7243700
2025-03-27,41.72987365722656,42.72557572854984,41.68008931332079,42.01862816950279,4909700
2025-03-28,40.445411682128906,41.80952607277856,40.31597316488885,41.222061777076554,4640100
2025-03-31,40.25623321533203,40.33588740229567,38.931947697557696,39.618984526415765,8212200
2025-04-01,40.714256286621094,40.79391427394266,39.67872524125208,39.92765075417914,5292700
2025-04-02,41.60042953491211,42.048496207393576,40.08696199580904,40.14670548490717,5017500
2025-04-03,34.00322723388672,38.7328120697341,33.86382575341441,38.593410589261794,21307200
2025-04-04,30.408740997314453,32.957735770705426,29.63209272793371,32.569412585590506,22939100
2025-04-07,31.026077270507812,33.266406994528666,28.706091454487815,29.492697024736525,14472100
2025-04-08,31.41440200805664,34.63051949012808,30.58796930122696,32.50967664977932,17547200
2025-04-09,36.143985748291016,37.209386699619905,30.43861312721229,31.205304205904483,20134800
2025-04-10,34.720130920410156,35.96475853669689,33.56511664442815,35.64613417079165,15245500
2025-04-11,34.25215148925781,34.9192700288595,33.2763601534226,34.21232249630498,8654100
2025-04-14,35.66604995727539,36.46261090082298,35.128369896017446,36.30329871211346,9947400
2025-04-15,35.77557373046875,36.17385605609733,35.32750706371204,35.65609055210088,6199500
2025-04-16,35.4669075012207,36.09420088354903,34.84957326687492,35.63617883220545,7265300
2025-04-17,36.35308074951172,36.54226657291867,35.35737868375536,36.02450104292913,7393300
2025-04-21,35.805442810058594,36.1240671444294,35.35737615288038,35.93488513286601,6676600
2025-04-22,36.52235412597656,36.840978501040304,35.825361881161314,36.20372975091282,5086900
2025-04-23,37.53797149658203,38.931952215788755,37.30896045981883,38.16526490929129,5526000
2025-04-24,39.997352600097656,40.18653843505446,38.02586284533629,38.065691841990585,5943900
2025-04-25,40.6047248840332,40.89347936523941,39.72850989032698,40.02721971992236,4158500
2025-04-28,40.734169006347656,40.95322466362337,40.00730699610759,40.415544667565754,5916400
2025-04-29,40.445411682128906,41.072704966966995,40.41554183942758,40.53502500853435,6871700
2025-04-30,43.67149353027344,43.880590054014625,41.650219537504654,42.79527464249353,15906000
2025-05-01,43.7611083984375,44.95595168748433,43.67149505680143,44.507884979304,9378300
2025-05-02,44.4979248046875,45.18496167414929,44.288828278460876,44.796638468784984,8263300
2025-05-05,44.836456298828125,45.41396523634291,43.761100198985325,43.761100198985325,7522000
2025-05-06,44.09964370727539,44.716977900768796,43.92041703847056,44.388398206827816,4952400
2025-05-07,44.10960006713867,44.46805341296286,43.41260787229186,44.21912790039627,7564600
2025-05-08,44.10960006713867,44.93603459204465,43.98015773707952,44.756807919132555,5320500
2025-05-09,43.91046142578125,45.035605870892354,43.69140954495497,44.46805597342527,4960100
2025-05-12,46.36984634399414,47.285894248164894,46.20057881072356,46.678515361390104,6957400
2025-05-13,48.799354553222656,49.6556589020864,46.47937081107724,46.8477794966459,8113500
2025-05-14,48.9885368347168,49.625785476745385,48.37120268753929,48.620128175725554,8649600
2025-05-15,49.53617858886719,49.55609308630719,48.600219998998924,48.958669558013014,8249400
2025-05-16,49.775146484375,50.053941839185946,49.32707980821323,49.78510183348889,4955600
2025-05-19,50.50200653076172,50.58166071544816,48.80931237528082,48.84914136677489,5283200
2025-05-20,50.41239547729492,51.36826852654031,50.13359632253862,50.50200881305554,4930400
2025-05-21,49.27729415893555,51.03968337458719,49.11798198922629,49.91454283777257,7278800
2025-05-22,49.625789642333984,50.87041718773933,49.06819513460373,49.34699428761977,5802900
2025-05-23,49.964332580566406,50.1734291137349,48.78940377756894,49.00845945896573,5763200
2025-05-27,51.59728240966797,51.766553741429206,50.402439132519355,50.85050583623784,6374500
2025-05-28,52.125,52.5631113262045,51.41805246691779,51.547494794960194,6782100
2025-05-29,52.32413864135742,53.120699471056064,51.76654795971919,52.99126094756242,4570900
2025-05-30,51.32843780517578,52.18474214065884,51.02972796213097,51.80637431370782,7402800
2025-06-02,51.96569061279297,52.184746287641076,50.9500740270909,51.208958697057206,4214600
2025-06-03,53.53889846801758,53.68825149314349,51.65702224399771,52.115044265000066,5635300
2025-06-04,54.29704284667969,54.62623476902061,53.33938877484187,53.86809291349377,4739600
2025-06-05,54.915531158447266,55.47416464236987,54.08756053972943,54.74594823614069,10981500
2025-06-06,55.314552307128906,56.61137601872882,55.284623000870944,55.77342774570781,5952100
2025-06-09,56.88071823120117,57.319642077343325,55.943015730424186,56.39191347529222,6549900
2025-06-10,55.81333541870117,57.2498166565748,55.43426255391171,57.060282126869744,7168100
2025-06-11,55.53401565551758,56.701159729771184,55.045214686723455,56.27220976632696,4411400
2025-06-12,55.64374542236328,55.91308635216802,54.99533545539257,55.144966768364675,3608800
2025-06-13,55.56394577026367,56.132553161618546,54.46663038990668,54.71601973016336,10554500
2025-06-16,57.2697639465332,57.54907877040134,56.132549243208295,56.352013065035585,5552500
2025-06-17,58.42693328857422,60.44199957854514,57.73862009168178,57.938132321403714,9616500
2025-06-18,59.045413970947266,59.78360803173495,58.387026319057284,58.546635331473674,6647400
2025-06-20,59.14517593383789,59.79358592524948,58.82595788767665,59.7337349199563,9426300
2025-06-23,60.23250961303711,60.36218931952358,58.51670987425333,58.855879501562235,4627000
2025-06-24,61.91838455200195,62.16777389007361,60.42204852357198,60.64151235879642,6021000
2025-06-25,62.39720916748047,62.73637880611785,61.978236922599734,62.37725756457484,4530300
2025-06-26,63.354862213134766,63.60425153720776,62.37725651941415,62.49696613484213,5930300
2025-06-27,63.13540267944336,63.50449781639377,62.496966613784544,63.35486269865162,6642300
2025-06-30,63.83369445800781,64.18283419180334,62.95584295259535,63.444643907439925,6074400
2025-07-01,63.684059143066406,64.0531542841175,62.7862560373971,63.52445012487844,5360800
2025-07-02,65.61931610107422,65.76895121394973,62.85608200239372,63.484544148940294,7125000
2025-07-03,65.91859436035156,66.6667624051507,65.60934639318519,65.76895922923995,5162100
2025-07-07,65.0606918334961,65.96846506787271,64.80132479049193,65.6392769252905,6232200
2025-07-08,63.86361312866211,65.83877987360374,63.514469606029444,65.7689511690772,8355200
2025-07-09,64.48210144042969,64.96093227962822,64.00327821198914,64.18283121458585,8534200
2025-07-10,64.90107727050781,65.44973684475696,64.42225401548893,64.80132305994208,3916700
2025-07-11,65.97843933105469,66.46724027791596,64.07310884224378,64.59183529043723,5339200
2025-07-14,66.76651000976562,67.18548224677609,65.08063574701065,65.87868462672805,5100300
2025-07-15,67.36504364013672,67.8937477944673,67.00592240120307,67.78401588197322,6334700
2025-07-16,66.36747741699219,67.43486328630522,65.63926494365865,67.36503458871492,4780100
2025-07-17,66.85629272460938,67.51468425316018,66.18793110193546,66.34754393701161,6211300
2025-07-18,67.83390045166016,68.35262692990962,67.10568023043058,67.6942430301792,4275300
2025-07-21,68.57209014892578,68.60201565172227,67.53462959101537,68.02343817255338,4128000
2025-07-22,66.89619445800781,68.6020166387788,65.87868929449411,68.3626050022036,5096700
2025-07-23,69.15067291259766,69.42998774364678,67.41492531196504,67.44485081375481,7210600
2025-07-24,68.85139465332031,69.44993506243094,68.17305545231805,69.03095525390201,8054300
2025-07-25,68.65189361572266,69.54969671485975,66.34753867023602,69.08084356249047,7880400
2025-07-28,68.82147979736328,69.44994580196204,68.5022617481615,69.23048196611859,4508800
2025-07-29,70.4375228881836,71.13580996702889,69.2404571499464,69.28035274523039,8861400
2025-07-30,71.25552368164062,71.63459274469817,69.1307292103496,69.28035672816259,13984000
2025-07-31,78.49779510498047,78.60752702904831,73.07108035383945,74.06863776481337,24012700
2025-08-01,76.3630142211914,76.83185975830655,74.3080410115925,75.52506213311268,8789800
2025-08-04,77.10121154785156,77.82942418016258,75.86424251588237,77.58003483278723,5097400
2025-08-05,75.65474700927734,78.01896070735178,74.02873124203313,77.74962356717661,5898200
2025-08-06,73.59977722167969,76.27323112081854,73.33044009631956,75.74452696346691,7647000
2025-08-07,74.25816345214844,74.42774635652896,73.26060621119322,73.52994331751772,6938300
2025-08-08,74.78687286376953,75.61484725892855,74.30804200549736,74.746969658017,4983600
2025-08-11,74.45767974853516,76.48271994460684,74.18834261366098,75.13601904871884,7304300
2025-08-12,75.72457885742188,75.74452665483611,74.43772901759297,74.71704384594189,7694700
2025-08-13,75.8841781616211,76.99146729548916,75.48515374757498,76.09366426657482,5298600
2025-08-14,76.05376434326172,76.4228632740512,74.53748063741895,75.09611027471502,6621400
2025-08-15,74.87665557861328,76.39294707993172,74.35792908232577,76.31314066180782,4258400
2025-08-18,76.10364532470703,76.23332503041658,74.44769659718284,74.60730941414046,5191900
2025-08-19,75.67469024658203,76.27322304795588,74.92652234217535,75.71459344810796,3770800
2025-08-20,75.45523834228516,75.49514155010351,72.9613449343282,75.49514155010351,5478100
2025-08-21,74.4776382446289,75.8143614914454,74.23821899175164,75.56497214443407,5490400
2025-08-22,76.78199005126953,77.16105910244164,74.38785090146399,74.59733703059267,6521300
2025-08-25,79.02649688720703,79.64497759212398,76.51264802675867,76.78199278147183,5401400
2025-08-26,79.51528930664062,80.10385205522412,78.90677876133338,78.90677876133338,8724600
2025-08-27,80.47294616699219,80.60263348784854,79.35568685351151,80.05397392443693,5536600
2025-08-28,81.83960723876953,81.95931686259023,80.5028764104273,80.70239245012846,4557500
2025-08-29,80.14374542236328,82.11891211649804,79.60507120744795,81.3707441826339,5004400
2025-09-02,81.70992279052734,81.73984829206033,77.70971585252165,78.32819651289219,5777800
2025-09-03,85.78993225097656,86.06924709174673,83.13642604214269,83.89457176048931,12194800
2025-09-04,90.3740463256836,90.78352461972617,85.8099025100303,86.27930148334995,13542500
2025-09-05,91.92205810546875,92.98069735148675,91.31283916814421,92.3714784141622,20310400
2025-09-08,93.17045593261719,93.3801859171143,91.53255809401477,92.42141700814835,8499400
2025-09-09,94.41885375976562,95.24779199488066,92.58120764360241,92.88082626003033,7195000
2025-09-10,94.89823913574219,96.05675638278763,93.79965018674213,95.76712707102627,8398400
2025-09-11,96.02679443359375,97.65470300038832,94.28902621177924,96.74587304113581,6985100
2025-09-12,97.53485870361328,98.73331793362229,95.85701120982989,96.08671221276627,6753100
2025-09-15,102.25879669189453,103.64701493425432,99.8718598510245,100.32128017250683,12523300
2025-09-16,102.95789337158203,103.84675990588907,101.31001383241515,102.39861341257354,8734900
2025-09-17,100.81066131591797,102.26878960664949,99.59222336376216,102.09900926764246,8787600
2025-09-18,105.01526641845703,105.97403539757643,101.86930118157298,102.32871084117487,10389100
2025-09-19,106.49336242675781,107.04266070899884,105.18504348857064,105.74432347076639,11030700
2025-09-22,112.26596069335938,112.6854206736991,107.07261943813592,107.07261943813592,9686300
2025-09-23,110.10872650146484,113.61423094806582,109.25981720882392,112.33587234931926,7375500
2025-09-24,109.54944610595703,112.66544327373683,108.77044681401208,110.69796640480916,8412700
2025-09-25,107.07262420654297,108.56071284284866,106.15380488879842,106.483383867865,8499400
2025-09-26,106.74303436279297,107.92152253981673,105.28490621488523,107.33228226111372,5520000
2025-09-29,116.59040832519531,117.98861590224698,111.68670391535503,111.87645526979624,14023900
2025-09-30,119.9061508178711,122.43290761753993,117.29949470273318,117.65903400272587,13861700
2025-10-01,130.4226531982422,130.9519728163305,117.35942021380902,118.02855982084074,18540400
2025-10-02,131.091796875,137.2239284191507,128.26542143146622,135.83571018610272,15306200
2025-10-03,131.14173889160156,136.04545094845258,129.76350232640647,131.57119582043575,8465900
2025-10-06,125.11946868896484,136.02547429477505,124.77990801233992,134.8270149871808,13060300
2025-10-07,119.77632141113281,127.4764408647428,117.65903524652887,127.30666053228983,13674300
2025-10-08,121.02471923828125,123.14200539559542,119.25699068373146,120.61524095829701,7191700
2025-10-09,119.5466079711914,120.68514651418424,117.84878947574394,119.62650728429003,6234300
2025-10-10,115.27210235595703,121.79373378562994,114.88260270013039,119.84623550649675,7046200
2025-10-13,118.70768737792969,122.4029429624478,115.86134103638273,122.09334265044626,8388900
2025-10-14,112.98503112792969,117.12971479244041,112.37581217962334,115.96121587307964,7844200
2025-10-15,120.2856674194336,120.48540808626782,113.3545580817103,116.55045446876592,9943300
2025-10-16,125.75863647460938,130.232891257805,122.2431505735271,123.11203082502038,13878600
2025-10-17,126.03828430175781,128.95454078573445,123.2918081511127,124.70999435435567,6868400
2025-10-20,121.374267578125,131.8308523100373,119.69642006212163,128.77477589930967,10172200
2025-10-21,121.25442504882812,121.83367602759985,119.44673925865456,121.31434572465534,4594400
2025-10-22,120.31562805175781,124.95967095338274,117.07978199949768,121.01472800700542,9033800
2025-10-23,125.55889892578125,126.55761748851305,121.56402467485402,121.7937256772963,7263500
2025-10-24,129.26412963867188,133.36886333082572,128.86464832973482,129.23416930246336,6546400
2025-10-27,126.50767517089844,132.9294432840391,123.0620992683339,132.8295653347098,7249300
2025-10-28,124.75992584228516,126.65749270862705,121.6938600411625,126.53764373341176,7031900
2025-10-29,141.1988525390625,145.49333069247905,131.0818273850896,131.26158943352647,18267300
2025-10-30,137.9530029296875,141.8180389744786,134.83699058390565,137.58346669080578,13870700
2025-10-31,150.0175323486328,157.44798616631877,139.97041011439845,155.30074720420617,20139900
2025-11-03,157.81752014160156,160.004716351335,147.86029430994574,151.87514741768607,13275400
2025-11-04,151.9849853515625,154.9811410750425,149.8277648124763,151.14606540640474,8870900
2025-11-05,159.8948516845703,165.17806629826424,152.78396499089158,153.00368429890963,9749000
2025-11-06,163.39036560058594,167.28536196252642,159.59523195299184,159.78499092125696,8419200
2025-11-07,162.75119018554688,163.03083017513697,152.61418722557843,159.55527846582615,9652800
2025-11-10,173.9967498779297,176.0041687105062,169.10303499768517,169.75219597022758,11230700
2025-11-11,169.77218627929688,178.22133739889338,169.4226286612913,171.3301849118899,9244000
2025-11-12,165.8971405029297,175.39494851620793,164.81852263012513,169.51249681121539,9868300
2025-11-13,156.9586181640625,164.66872694232146,154.58166302964344,162.24183283026804,10238600
2025-11-14,157.6277618408203,161.4728193895841,149.88769252513973,150.3870518358288,9677800
2025-11-17,162.24183654785156,167.27538691969622,155.3107268963133,155.3107268963133,8774200
2025-11-18,152.66412353515625,161.11328947076473,150.5568267109264,158.15707575346534,9321300
2025-11-19,153.772705078125,156.4392819290522,149.88769030800066,152.66412681522388,6499100
2025-11-20,140.05030822753906,163.5701348455645,137.45364895144365,162.47153826463853,11373600
2025-11-21,139.0116424560547,141.30869825223792,132.26029506000813,140.35990340392755,11191100
2025-11-24,150.73658752441406,152.50432367283838,142.36733621113294,142.36733621113294,10818400
2025-11-25,155.2108612060547,155.81008322221413,147.51073409862863,149.807789925331,5467700
2025-11-26,157.5378875732422,161.10330527994694,156.15965094012338,156.77885163535652,4853800
2025-11-28,163.12069702148438,163.46025765945484,156.5890693938939,159.79496253501614,3232100
2025-12-01,163.33042907714844,165.0382445459437,157.02851730613781,159.99471269351545,7882200
2025-12-02,159.7849884033203,169.5025157557124,156.06975412929071,166.7860000448255,7657400
2025-12-03,155.390625,159.3455574041096,151.22597022159079,159.31559706492394,6756400
2025-12-04,160.9229736328125,161.4527188476337,152.9367907551574,154.835890899233,6303300
2025-12-05,168.8092041015625,169.38892846553685,161.9225008187742,161.9225008187742,5815300
2025-12-08,169.6987762451172,172.91723702135639,166.6702270133594,170.84821998599293,4272200
2025-12-09,169.45889282226562,171.76780063128197,166.80017684021422,169.61881994567185,3709900
2025-12-10,181.8629608154297,182.38271634284155,168.81920025786187,169.62882560404745,7966000
2025-12-11,187.11044311523438,188.67969937013675,173.36702092091778,176.73541913155583,7468900
2025-12-12,176.25563049316406,185.73110598470095,169.93866208362832,184.25180307583489,9677900
2025-12-15,171.9576873779297,180.89341281951616,171.73780665982574,178.20469730616531,5781900
2025-12-16,174.49649047851562,177.29515413263618,170.65833102505943,171.99768636795977,5857000
2025-12-17,166.18045043945312,181.5830814658704,165.39083511122516,179.8139240197283,6693100
2025-12-18,174.92626953125,181.4031804731312,174.34654517371493,174.71637853631702,9147100
2025-12-19,180.99337768554688,185.18137573454374,175.5959517596421,176.74541077928822,36269600
2025-12-22,176.67543029785156,187.09044340835516,171.76779089486138,186.38079162213677,8685200
2025-12-23,178.16473388671875,178.31465603343275,174.4165277039687,175.43604405609392,3721100
2025-12-24,179.47410583496094,182.4626810723388,177.69495851013775,179.1242824067933,3067000
2025-12-26,181.45314025878906,182.43268238467795,178.10475212893084,182.22277614299065,3351600
2025-12-29,179.5940399169922,184.68161662633418,176.61546971741618,178.91437252643368,3906300
2025-12-30,175.97576904296875,181.37319479052994,175.17614871909052,180.18376165584084,6008000
2025-12-31,172.18759155273438,176.9153244846472,171.1780649684507,176.6854387853949,3552200
2026-01-02,187.61019897460938,187.68017280646822,176.61546150911136,177.11522230299764,6808300
2026-01-05,187.79013061523438,195.76630903250813,182.7125588535431,193.07759338050425,9826700
2026-01-06,219.27505493164062,221.124160752917,188.2698904251624,189.52928215891498,17178400
2026-01-07,199.7843780517578,212.74817414896077,195.02664557569932,211.88858498113004,14305000
2026-01-08,187.5902099609375,200.8038869721023,180.61355333714135,200.41407415110984,11902300
2026-01-09,200.36410522460938,200.82387661651225,185.91101628053215,187.76013732800405,9887700
2026-01-12,212.03851318359375,213.32788934648332,193.40743103173338,193.40743103173338,7465400
2026-01-13,213.8976287841797,217.89571530351014,208.38026511708654,209.1598907682368,6485600
2026-01-14,214.8971405029297,218.41546074809224,210.03946499592018,213.89761891919514,5611900
2026-01-15,221.99375915527344,230.36974000712496,220.89427926647343,223.792885880234,7536200
2026-01-16,221.40402221679688,229.8799762928001,216.72626848983742,228.68053818194875,8972800
2026-01-20,222.86334228515625,230.15985334000538,219.89476178099363,220.69438214685889,7125400
2026-01-21,241.78427124023438,244.78283606876886,225.9918420111443,227.90091669417933,9447100
2026-01-22,243.17359924316406,247.82138375549962,228.24075960281363,246.59197647869635,8926900
2026-01-23,236.27691650390625,243.13363546669567,232.0889184517236,240.63483140228976,6115700
2026-01-26,240.7347869873047,250.32019561137128,234.20791206380662,235.98705931775157,7128300
2026-01-27,252.5391387939453,256.377298194274,243.58341827502204,243.9732311008134,7483000
2026-01-28,279.5661926269531,283.86412313520367,260.6752107342356,263.32396727150575,16090500
2026-01-29,278.2768249511719,285.2834814462536,268.2216396388669,284.86366893388197,15770500
2026-01-30,250.11029052734375,283.56429559696653,237.4663481437783,278.1068855934365,21695100
2026-02-02,270.1007385253906,275.5681230103857,241.25452869230233,243.6433847555615,16019300
2026-02-03,290.10113525390625,296.3581501409377,271.57002701836757,279.37628816194285,15378400
2026-02-04,269.2811279296875,294.8488779871243,254.20833981102092,285.2334847180485,14795800
2026-02-05,260.0655212402344,269.7508877496988,254.78804854027976,255.9474972285321,10663900
2026-02-06,282.4447937011719,283.7941539302102,261.87465307555493,270.36058150014196,9913300
2026-02-09,285.8531799316406,295.2886665171221,271.40010576694345,279.6561641549846,8044900
2026-02-10,262.43438720703125,283.68422605048335,260.6252555626353,279.8960306694485,9560700
2026-02-11,273.6090393066406,279.6561634273035,266.2125853973724,274.94839462104227,9362700
2026-02-12,283.964111328125,307.3529122050867,282.8646313952505,284.86367472666575,16651700
2026-02-13,281.4452819824219,289.5214336860879,266.3325200950015,272.95935326060754,9901700
2026-02-17,283.97406005859375,288.2020473023144,271.86986842563186,277.22728942670767,5524200
2026-02-18,296.4181213378906,309.7517357352626,284.6537631630801,288.86174053101985,12173000
2026-02-19,284.5338439941406,299.37671622296625,281.5452534926987,294.8888737365036,10399800
2026-02-20,285.3833923339844,297.3576719187073,277.9069903905057,277.9069903905057,10510500
2026-02-23,280.2858581542969,294.67896297358925,278.0469090469557,283.4843089458184,8617300
2026-02-24,270.4405822753906,283.86415081911446,267.72188214601795,281.8051386442565,8679700
2026-02-25,290.8108215332031,297.4176446635026,280.00599548442597,280.36580861876365,10801200
2026-02-26,282.114990234375,289.86128314603627,270.4305795183532,286.01311863126006,10841400
2026-02-27,279.5661926269531,287.6922772899776,273.9688657884804,275.6680341392639,9899000
2026-03-02,269.9507751464844,283.784180668675,261.37489340372593,270.37058763177004,7408700
2026-03-03,250.4901123046875,256.91704421374084,244.1231645037277,254.44822460694226,9983000
2026-03-04,261.17498779296875,272.62952755049486,253.97845041179434,256.8770570168359,9724800
2026-03-05,259.0299987792969,269.6099853515625,251.6699981689453,257.04998779296875,6296300
2026-03-06,245.25,259.1600036621094,244.1999969482422,249.97999572753906,6352700
2026-03-09,262.05999755859375,262.1600036621094,238.0,240.33999633789062,9314560
