Price,Close,High,Low,Open,Volume
Ticker,WM,WM,WM,WM,WM
Date,,,,,
2018-01-02,75.05437469482422,75.39434171968107,74.5749372587957,75.09796293929607,1885600
2018-01-03,76.14399719238281,76.30962450340412,75.55123311416175,76.28347422284935,2104800
2018-01-04,76.79777526855469,77.06801033293104,76.34448825350046,76.44037704237103,2539400
2018-01-05,76.70186614990234,77.01568271200546,76.23114130674767,76.98081346614637,1606400
2018-01-08,76.75419616699219,76.84136598224568,76.31834044009418,76.4490918376591,1529200
2018-01-09,76.44037628173828,76.9808331038523,76.38806907429185,76.84136273546589,1259000
2018-01-10,76.0742416381836,76.36190796111673,75.94349026469524,76.2747381619147,1079300
2018-01-11,76.86750793457031,76.8936582112504,76.04809712856843,76.07424740524851,1605000
2018-01-12,76.94596099853516,77.28593455713609,76.40550419644306,76.88494146763347,1986400
2018-01-16,76.85008239746094,77.34695764353803,76.83264444461311,77.09416053228753,1559900
2018-01-17,77.172607421875,77.27721518172157,76.62343164659809,76.797771262379,1497200
2018-01-18,76.67574310302734,77.07672959684007,76.61472356376521,77.0592982930356,1587800
2018-01-19,76.76290130615234,77.0767179321883,76.41422207778349,76.93724757096675,2069000
2018-01-22,77.28592681884766,77.33822736848961,76.78904499473147,76.91109069494503,1534100
2018-01-23,77.233642578125,77.34696933687754,76.7193359520774,77.12032247000384,1284700
2018-01-24,77.1464614868164,77.69563729300408,76.90238335073299,77.45155915692067,1035500
2018-01-25,77.19876861572266,77.39054621057862,76.80650109943072,77.28594508657062,1378300
2018-01-26,78.20124053955078,78.21867849450008,77.20748992763858,77.43413678756117,2162800
2018-01-29,76.90238952636719,77.91357140714847,76.90238952636719,77.81768261018244,1519900
2018-01-30,76.6670150756836,77.19004723691046,76.41422462188886,76.50139443188327,1538400
2018-01-31,77.08544158935547,77.49514702326256,76.60599764528752,76.75419364203694,1709400
2018-02-01,76.57984161376953,77.26849438595642,76.20500546310147,77.1203050509697,1628400
2018-02-02,75.42919921875,76.74548551900726,75.39432995873834,76.06555157535809,2057100
2018-02-05,71.26241302490234,75.15024540225252,71.03576617940494,75.05435660802787,4412400
2018-02-06,71.30598449707031,72.32588508611586,68.75187021170677,70.53016199935576,5892400
2018-02-07,71.24498748779297,72.7617637136749,71.1578110128018,71.37573889901714,2842200
2018-02-08,68.96984100341797,71.68086527250833,68.92625275253698,71.37576081760812,3974200
2018-02-09,69.82408905029297,70.17277497657605,68.33346319979793,69.65846838954744,4948500
2018-02-12,70.23377990722656,70.80911256352707,69.61486567584934,70.43427643459387,3791300
2018-02-13,70.42555236816406,70.66963045296335,69.73689968569236,69.85021975345518,2719900
2018-02-14,72.00334930419922,72.00334930419922,69.99841738103015,70.16403799928659,3196700
2018-02-15,73.2411880493164,76.71060230721544,72.16026778807299,75.952211003815,6370600
2018-02-16,74.22623443603516,74.74925999802343,72.9622487897134,73.33708499508731,3362800
2018-02-20,73.98214721679688,75.11536802044903,73.66833058793812,73.77293169713768,2650900
2018-02-21,73.30221557617188,74.57492019673715,73.27606529572466,74.03445668184821,2062100
2018-02-22,73.65961456298828,74.35698635519769,73.34579792155708,73.54629447327213,2473500
2018-02-23,74.5225830078125,74.5225830078125,73.51140155036903,74.01699560440485,1555800
2018-02-26,75.48148345947266,75.51635271194334,74.62721005114564,74.72309883278254,2189800
2018-02-27,75.79531860351562,76.37937041183945,75.54252809992997,75.54252809992997,3129400
2018-02-28,75.24609375,76.93721522934862,75.19379321785593,76.17010528789044,3692800
2018-03-01,74.40056610107422,76.00451852335512,74.15648797500825,75.39431655756005,3090800
2018-03-02,74.54876708984375,74.74054469046891,73.65962425587307,73.89498344260228,2396800
2018-03-05,74.69696807861328,74.88002671395546,73.84268779638481,74.41802063657306,2516200
2018-03-06,74.81027221679688,74.8800107250738,74.33954726187291,74.8800107250738,1983400
2018-03-07,74.35698699951172,74.68823494583484,74.0518826811324,74.32211774453607,2268500
2018-03-08,74.7119369506836,75.10636109984472,74.44022744067706,74.60676252723944,3401700
2018-03-09,76.43864440917969,76.48247155667211,75.11514346249784,75.15897060999026,3039900
2018-03-12,75.96533966064453,76.58764637288856,75.66733645495748,76.58764637288856,2256400
2018-03-13,75.95658111572266,76.55258753914102,75.79004597560046,76.15816995021204,1477900
2018-03-14,75.73743438720703,76.5788632101514,75.60595967082283,76.42985496513896,2236800
2018-03-15,75.59721374511719,75.93904408969362,74.86972590939452,75.78127572395961,1502100
2018-03-16,75.71990203857422,76.13185303569293,75.25536382891505,75.65854806158305,3659200
2018-03-19,75.2027816772461,76.11432462900646,75.09760055800494,75.6234927800459,2191400
2018-03-20,75.61473083496094,75.82509308685249,75.22031331505923,75.30796090980596,1629700
2018-03-21,75.30795288085938,76.00038017357633,75.26413243169934,75.73743741736975,1475900
2018-03-22,73.83545684814453,75.25537192319675,73.70398211557035,74.76454005447471,2174000
2018-03-23,72.66096496582031,74.58047200299735,72.65219820035772,74.12470050518384,2951300
2018-03-26,73.73905181884766,74.04582846269217,72.85380232749218,73.4761090075169,2150600
2018-03-27,73.0028076171875,74.22112742646962,72.50320889458321,74.03706544309792,2162000
2018-03-28,72.9063949584961,73.71276367237125,72.67850582211085,73.1079904805069,1958800
2018-03-29,73.73029327392578,74.20359836867196,73.16934057357854,73.29204855883677,1676200
2018-04-02,73.25700378417969,74.23866787535685,72.49445541013878,73.62512781837113,2054600
2018-04-03,74.43148040771484,74.49283440001581,73.43228299762288,73.48487022328553,1784400
2018-04-04,74.92230987548828,75.01871754839138,73.47610116278237,73.75657747717335,2770000
2018-04-05,75.3956298828125,75.66734619677959,74.92233139956087,75.20280779452855,2401200
2018-04-06,73.8091812133789,75.08009502165078,73.39723007163163,74.61554996181631,2135500
2018-04-09,73.26576232910156,74.46655548640184,73.16058785701551,74.2737267047975,1993300
2018-04-10,73.84423828125,74.35260378173622,73.51993476809486,74.25618940450317,2066600
2018-04-11,72.47692108154297,73.5024122225825,72.34544631515945,73.37970422384706,2549800
2018-04-12,72.76615142822266,73.35340444377498,72.6872705872719,72.7398578145724,2662500
2018-04-13,72.80997467041016,73.12551139145654,72.39802357976163,73.02033025541326,2495900
2018-04-16,73.0816879272461,73.25698982948103,72.59962274203862,73.18686906858706,2365300
2018-04-17,73.20439910888672,73.5812898562793,72.86256874347067,73.48487547761486,2379500
2018-04-18,73.31835174560547,73.50241374752734,72.92392743827185,73.18687697649426,2068400
2018-04-19,72.41555786132812,73.32710765521045,72.35420386977275,73.20439298501617,3652800
2018-04-20,72.2928466796875,73.71275518917028,71.93348282570322,73.25698365593608,3184100
2018-04-23,72.31039428710938,73.30082515908518,72.27533389955026,72.32792113734635,2317500
2018-04-24,71.34623718261719,72.64343772594509,71.04822731482565,72.64343772594509,2889100
2018-04-25,71.21475219726562,71.64423006121069,70.9167490594089,71.16216498166322,2306700
2018-04-26,71.65301513671875,72.15261387385839,71.06576878881646,71.36377200282631,2519300
2018-04-27,72.13507843017578,72.44184837482923,71.67053344303396,71.67053344303396,1897000
2018-04-30,71.24983215332031,72.48567886923037,71.22353853829222,72.20520249712365,3229000
2018-05-01,71.21475219726562,71.54781570788472,70.7063868228346,71.3023997856304,2211500
2018-05-02,70.85538482666016,71.4338709175093,70.75021040074724,71.29362943351605,2240200
2018-05-03,72.69603729248047,72.82750536062015,70.89923124095465,70.89923124095465,2773600
2018-05-04,73.6689453125,73.83547377065045,72.33667752479111,72.35421105959698,1494400
2018-05-07,72.94145202636719,73.6251127173809,72.77491689344917,73.47611111797201,2313500
2018-05-08,72.80997467041016,73.1518050036965,72.52073156160372,72.71356030080801,1486400
2018-05-09,72.75736999511719,73.01155266427696,72.47689372002397,72.86254441885097,1320300
2018-05-10,73.02909851074219,73.2569876332737,72.8625633803826,73.03786527736207,1097600
2018-05-11,72.72232818603516,73.36216171732903,72.59962020230527,73.23069365410672,2145500
2018-05-14,72.42432403564453,72.93268954393255,72.27532242748276,72.7486275537767,1839200
2018-05-15,72.0298843383789,72.28406701452747,71.7055809197586,71.92470322467128,2501400
2018-05-16,71.5390625,72.32789755811828,71.44264813741523,72.02989439164391,1369200
2018-05-17,71.41636657714844,71.83707778752024,71.2147710521607,71.54783465096206,1370800
2018-05-18,71.41636657714844,71.7143697939048,71.36377266053887,71.43389342462888,1710000
2018-05-21,72.17012786865234,72.25778215088901,71.42511327922067,71.58288162533067,1623600
2018-05-22,71.68807983398438,72.53827575243957,71.62672583404866,72.06497060132787,2266200
2018-05-23,72.59962463378906,72.69603901075962,71.52153963997466,71.52153963997466,2363700
2018-05-24,72.68728637695312,72.84505478021013,72.2490415553598,72.55581159305807,1376500
2018-05-25,72.71356201171875,73.01157189397834,72.52950003462473,72.5733271807782,1545700
2018-05-29,72.4418716430664,72.5908732801739,71.92473926704838,72.2402760792086,3621700
2018-05-30,73.49361419677734,73.64261574799957,72.48565033265474,72.57330459768575,1867100
2018-05-31,72.49444580078125,73.97571519683802,72.49444580078125,73.54623721387662,3413900
2018-06-01,73.30082702636719,73.34465418370384,72.67852017728161,72.90640935867863,1541200
2018-06-04,73.33586883544922,73.66893909782088,73.29204837629965,73.46734358706522,1949500
2018-06-05,73.17809295654297,73.72151875344768,73.08167859439725,73.37968844659757,1706600
2018-06-06,73.43228912353516,73.55499711837369,73.04663160428022,73.04663160428022,1559300
2018-06-07,73.43669128417969,73.84212588428953,73.27804237766664,73.70110836983672,1490900
2018-06-08,73.67469024658203,73.95673883518529,73.41909548087514,73.44553585495458,1775600
2018-06-11,73.64822387695312,73.92145666961768,73.21634889580773,73.80687278984006,2196000
2018-06-12,73.94789123535156,74.0712840774309,73.46312883832165,73.85093875594559,1912200
2018-06-13,73.26040649414062,74.1594123438099,73.18107869082596,74.03601951590245,2323600
2018-06-14,73.65703582763672,73.70110758291094,72.76683882146246,73.27804159525803,1682700
2018-06-15,74.32687377929688,74.41501054916213,73.26040339779684,73.51600473748925,3064200
2018-06-18,73.39260864257812,73.84211493176035,73.29566289824943,73.78923421223473,1486500
2018-06-19,72.87260437011719,73.41024748791598,72.41428906406856,73.11939005217457,2359000
2018-06-20,72.2027359008789,72.93428380547354,72.1762955445882,72.88140309289211,1918700
2018-06-21,71.6298599243164,72.30852733487065,71.4976581002919,72.20275915124495,3166000
2018-06-22,72.16751098632812,72.4495527824505,71.76207632467765,71.87666021724435,2316800
2018-06-25,72.00884246826172,72.1586823851359,71.64747966734168,72.02647385820222,2799600
2018-06-26,71.9118881225586,72.38783477247219,71.67391815980422,72.08816839534408,2593400
2018-06-27,70.51051330566406,72.20276401114243,70.47525724208245,71.89428186031147,2870300
2018-06-28,71.18916320800781,71.40069955731805,70.48406221685694,70.63389542098088,2398300
2018-06-29,71.69155883789062,72.03530376549993,71.15392237792179,71.31257129666211,2484400
2018-07-02,72.14988708496094,72.20276782092034,71.28613029265156,71.31257738503817,1270600
2018-07-03,71.9118881225586,72.44072221651025,71.72679887943744,72.29969799828186,658100
2018-07-05,72.52887725830078,72.54650192781597,72.07055515802729,72.27327584168798,1582300
2018-07-06,72.52887725830078,72.8373594078657,72.09700224890989,72.27327584168798,1566400
2018-07-09,72.66987609863281,73.04887027760306,72.51122721617074,72.66987609863281,1329500
2018-07-10,73.5160140991211,73.59533518477933,72.87260282080322,73.05769207841115,1693500
2018-07-11,73.78042602539062,74.10653951926176,73.22515824065324,73.23396721186735,2384800
2018-07-12,74.25636291503906,74.52077995345981,73.93024946424076,74.08889834241229,1819700
2018-07-13,74.36212921142578,74.61773054898471,74.17703997893231,74.29161710636033,1120000
2018-07-16,73.83332061767578,74.3709638365596,73.70111878057875,74.3709638365596,1399000
2018-07-17,73.77161407470703,74.10654328120012,73.5689001360036,73.87738225429524,1635500
2018-07-18,72.85499572753906,73.77162654124669,72.79329256904778,73.745186172983,1511800
2018-07-19,72.84618377685547,73.10178522389654,72.74923127196378,72.77567164158745,1140000
2018-07-20,72.88142395019531,73.03125716165808,72.53768577123678,72.61700686280912,1060800
2018-07-23,72.48480224609375,72.8197314715157,71.96479046364256,72.69633861722536,1511300
2018-07-24,71.82376098632812,72.58174945000741,71.40070172368269,72.44954090877856,2733700
2018-07-25,77.4205322265625,77.65850894956874,72.75803094284285,72.86379239804043,4727800
2018-07-26,78.01985931396484,78.56631806788518,77.62324047161293,77.74663329920706,3170300
2018-07-27,79.0158462524414,79.13923911423296,78.03751233080352,78.03751233080352,2488500
2018-07-30,78.3283462524414,79.20972741404438,78.25783414565606,78.97175073474499,2039200
2018-07-31,79.32431030273438,79.41244708041195,78.28428018756676,78.59276227164082,2171500
2018-08-01,79.20974731445312,79.9501044484904,79.08635445878024,79.46534872246303,2279200
2018-08-02,79.42127227783203,79.65924227847383,78.98058161231278,79.38601621766178,2159100
2018-08-03,78.9365005493164,79.3243104410601,78.0374946563893,79.3243104410601,1885400
2018-08-06,79.16566467285156,79.24499248311132,78.64565295605848,78.79548615672034,1779100
2018-08-07,79.24500274658203,79.58874094528127,79.03346637476231,79.4389010008074,1708200
2018-08-08,79.35076904296875,79.87078758320277,79.12160798840428,79.53585833628391,934000
2018-08-09,79.44772338867188,79.5623005564195,79.13924122596151,79.46535478334494,1139500
2018-08-10,79.27143859863281,79.72093823324337,79.05109326717066,79.4565278701323,2084500
2018-08-13,79.33311462402344,79.79142983688232,79.01581689035032,79.28904287930057,2755600
2018-08-14,79.45655059814453,79.9765625014263,79.20094913360666,79.47417527096434,2062200
2018-08-15,79.9060287475586,80.02060589127275,78.89243894748425,79.27143316057621,1597900
2018-08-16,80.07347106933594,80.33788808737788,79.60634016527874,80.1704235276577,1294700
2018-08-17,80.50535583496094,80.62875538980381,79.95008809799013,80.16161770382593,1654900
2018-08-20,80.35551452636719,80.7697647257325,80.32907416885949,80.7256929802835,1803100
2018-08-21,80.09992218017578,80.66400561828648,79.79144010064726,80.49654776048816,1527000
2018-08-22,79.8531494140625,80.15282257143843,79.79145298819188,80.15282257143843,1283900
2018-08-23,79.87957763671875,80.11755433205045,79.59753591498104,79.76500049877704,956500
2018-08-24,79.94127655029297,80.20569361460873,79.64161015351335,79.95890794093017,1151100
2018-08-27,79.91486358642578,80.2938579221951,79.73858996605253,80.18809643973418,1463600
2018-08-28,79.71211242675781,80.05585053329054,79.47413575337089,79.95889806997059,1263500
2018-08-29,79.87957763671875,80.02941755483336,79.50058344272072,79.86195297103735,1072400
2018-08-30,79.99417114257812,80.04705187040227,79.58873653897926,79.78263478246977,1309200
2018-08-31,80.1175765991211,80.20571340083403,79.77383836535579,80.02943979740816,1528900
2018-09-04,80.31146240234375,80.35552743046479,79.88839644106866,80.0294206696288,1359600
2018-09-05,80.6816635131836,80.76098462066109,79.90605021208354,80.22334136640072,1805300
2018-09-06,81.394775390625,81.43021145540618,80.66835295945633,80.66835295945633,1736600
2018-09-07,81.33277130126953,81.82000878752554,81.14673701344603,81.33277130126953,2015500
2018-09-10,81.44794464111328,81.74028039002556,81.37707250130578,81.51881002218154,2633400
2018-09-11,81.80229187011719,82.09463437793828,81.27076433873111,81.27076433873111,1699100
2018-09-12,81.27962493896484,81.86430995383779,81.2176135063637,81.82001317680587,2235200
2018-09-13,81.52766418457031,81.59853631868843,81.03157276322085,81.50994953041013,1065400
2018-09-14,81.52766418457031,81.6339723857475,81.04928741738102,81.46565275690162,1106300
2018-09-17,81.59854125976562,81.78457555403669,81.16446123979978,81.61625591499848,789700
2018-09-18,81.95286560058594,82.25406194195895,81.59851179523082,81.78454602232651,1697800
2018-09-19,80.8012466430664,81.71370345968084,80.66836307316139,81.60740201074813,1511900
2018-09-20,81.25303649902344,81.46564612533199,80.86324655184262,81.03156616698674,1163400
2018-09-21,80.98728942871094,81.5365384211605,80.96957477161119,81.5365384211605,2244900
2018-09-24,80.18114471435547,81.03159023088406,80.0216857575851,80.98729344782667,1204700
2018-09-25,80.06595611572266,80.53547892108801,79.92421861048555,80.4025953632955,1448700
2018-09-26,79.52558135986328,80.1634171379339,79.4281406103566,80.03939426539124,1601000
2018-09-27,79.59642791748047,80.22540278568798,79.4192543732977,79.63186397806452,1446100
2018-09-28,80.04825592041016,80.1191280651989,79.49015298736326,79.55216442436847,2213600
2018-10-01,79.87991333007812,80.45573751335407,79.80018725913757,80.41144074589523,910800
2018-10-02,79.66729736328125,80.04822655334563,79.49897777084387,79.89762836997389,1101200
2018-10-03,79.29524230957031,80.09253688414685,79.05605055782814,79.8356304790756,1167800
2018-10-04,78.87002563476562,79.24209422743616,78.37393417787159,79.02062386150286,1235500
2018-10-05,79.69389343261719,79.98623592955236,78.93203485446195,79.12692985241873,1833900
2018-10-08,80.5088882446289,80.65949319877868,79.61415301866052,79.64072837564642,2166900
2018-10-09,80.85438537597656,81.19988530998397,80.16339902543798,80.45574148412373,2248800
2018-10-10,79.99508666992188,80.9784154852913,79.88877847735232,80.43802733418781,4325200
2018-10-11,77.99299621582031,80.37601925138848,77.96642085625818,79.9862292878414,2726400
2018-10-12,78.44477844238281,78.84342225591237,77.77150687673996,78.68396337875319,2728100
2018-10-15,78.33848571777344,78.94974599386515,78.2321775257937,78.29418894809734,2259000
2018-10-16,79.95079040527344,80.01280182831303,78.49794555799855,78.65740446849155,1195900
2018-10-17,79.85335540771484,80.34059292119089,79.10921821484881,79.95080291041006,1160500
2018-10-18,79.8267822265625,80.35830977295596,79.43699220512887,80.039391893372,1482100
2018-10-19,80.11911010742188,80.4291672229522,79.78247087449907,79.78247087449907,1376100
2018-10-22,79.65846252441406,80.50005400113444,79.41041678685082,80.47347187890456,2180800
2018-10-23,78.29420471191406,79.10036012291151,77.58550356557313,78.86116833248259,1785300
2018-10-24,77.26659393310547,78.23220162915737,77.01854816746793,78.00187728034548,2050500
2018-10-25,75.15815734863281,77.88667305165743,73.72303413815223,77.24883750978287,2942400
2018-10-26,75.23788452148438,75.60995297339531,73.77617930756381,74.62662437996165,3062700
2018-10-29,76.54902648925781,77.39947194965055,75.81374319497648,76.00863821358017,3035200
2018-10-30,78.68396759033203,78.80799041712343,76.69073489852238,76.85019378421664,2636600
2018-10-31,79.25981903076172,79.84449730728213,78.19675717358177,78.94090114948169,2025000
2018-11-01,78.03731536865234,79.66734120409264,78.0196007085756,79.42815611998125,2732400
2018-11-02,77.07168579101562,78.18789830526347,76.51358291326123,78.18789830526347,2377800
2018-11-05,77.76264953613281,78.27646224683951,77.24883682542612,77.36400570536142,2522600
2018-11-06,77.80696105957031,78.12587888818342,76.7261847246857,77.90440854935423,2049800
2018-11-07,79.22437286376953,79.24208751769898,77.8246786474913,78.22332932765943,2581700
2018-11-08,79.63188171386719,79.98623563989273,79.04720348085318,79.27752778784165,2532100
2018-11-09,80.1368408203125,80.36717190604007,79.49015110099603,79.49015110099603,1709500
2018-11-12,80.49117279052734,81.34161799928769,80.13681893052609,80.26084176771587,1858600
2018-11-13,80.42029571533203,81.04927056770808,79.97735510728658,80.69491672952427,1612600
2018-11-14,80.62406921386719,81.18217207038714,80.11911707928091,80.53548242439814,2470500
2018-11-15,81.48335266113281,81.55421801780633,79.46353792435677,80.1013734455769,1994800
2018-11-16,82.05030822753906,82.19204568608087,81.26187460545442,81.29730390103768,2351800
2018-11-19,82.0769271850586,82.64389083791924,81.67827643121791,82.05035181988386,1930300
2018-11-20,81.01384735107422,82.21864653665261,80.90754591388331,81.88201405431744,1788400
2018-11-21,80.71265411376953,81.17330946346746,80.49118376591235,81.17330946346746,2296600
2018-11-23,80.4734878540039,81.05817300181916,79.9596816207993,80.56208142821164,431200
2018-11-26,81.00499725341797,81.38592652517792,80.42917299256148,80.88982834600345,1093900
2018-11-27,80.97842407226562,81.10244693071245,80.27857693746489,80.83667980047561,1600100
2018-11-28,82.2186508178711,82.3515343800175,80.97842226114119,81.19989261180564,1584600
2018-11-29,82.55253601074219,82.94428878156607,82.0183320095648,82.26762675726276,1118600
2018-11-30,83.46959686279297,83.76341147401557,82.70390188414976,82.88196764034778,2505000
2018-12-03,82.87303924560547,84.13732332025866,82.16966821435653,84.04829047424111,3700400
2018-12-04,82.46349334716797,85.01877100031325,82.31213001738341,83.91474862331937,4166700
2018-12-06,82.67716979980469,82.67716979980469,80.46021982316344,82.10735138647337,2898800
2018-12-07,81.20811462402344,83.27370834221324,80.92320537988596,82.54362797956269,1824600
2018-12-10,81.26152801513672,81.45740438214752,80.14860028691336,81.41289134868164,1721800
2018-12-11,81.43960571289062,82.33885327652976,81.16360179240397,82.08065321200874,1710500
2018-12-12,80.92322540283203,82.44571018972462,80.8519963759803,81.97382977418629,2229600
2018-12-13,81.35948944091797,81.52865667762154,80.65611810061343,80.86089984992688,1644300
2018-12-14,81.14579772949219,81.67110322553718,80.74514640641245,80.89650296910722,1823100
2018-12-17,79.28498077392578,81.21702184307976,78.90213333136221,81.15469815674487,3171700
2018-12-18,79.40961456298828,80.15749867107581,78.97334204049936,79.81026579335358,2340700
2018-12-19,78.27890014648438,79.8013847958448,77.77140526336424,79.22266768508061,2733600
2018-12-20,78.30558776855469,78.64392212598582,77.18376157337015,78.1542312364257,2975000
2018-12-21,78.35902404785156,79.3562030296828,77.94946742420339,78.34121339873465,4580000
2018-12-24,74.52164459228516,77.98507544711357,74.50384073586979,77.98507544711357,1441500
2018-12-26,77.40635681152344,77.40635681152344,74.33467199626341,74.78874844235393,1480300
2018-12-27,78.43916320800781,78.46587239286666,75.94620859143149,76.83655098151732,2007300
2018-12-28,78.30558776855469,79.5698787581177,77.90493652638469,78.79527865811481,1642600
2018-12-31,79.2315444946289,79.2493551412366,78.37681686228714,78.63501689592759,1281100
2019-01-02,78.99116516113281,79.02677966610962,77.84262284852682,78.43915052315072,1919100
2019-01-03,78.77749633789062,79.09801334357614,77.74469592224055,78.56380927706928,3343700
2019-01-04,80.86978912353516,80.89649830449734,79.2404611571178,79.2404611571178,2433700
2019-01-07,81.06564331054688,81.69778532706012,80.53143266648902,80.67389064964325,2859400
2019-01-08,82.21421813964844,82.32996700491432,81.00335866337497,81.41291537308598,2164000
2019-01-09,81.7957534790039,82.32105220072853,81.19032041418477,82.05395357355047,1938900
2019-01-10,82.97100830078125,83.02442666972311,81.64439326802324,82.40118972282377,1771500
2019-01-11,83.38054656982422,83.38945189360611,82.69497928682581,83.03331366281995,1785100
2019-01-14,82.89977264404297,83.43397666901728,82.41898698373426,82.87306346171016,1771200
2019-01-15,83.49626922607422,83.58530206491079,82.96206540028457,83.00658521608796,1087400
2019-01-16,82.53472137451172,83.5586162897583,82.33885179133395,83.54081243411382,1950600
2019-01-17,83.08672332763672,83.09562865048696,82.3477377648014,82.35664308765162,1741400
2019-01-18,84.11062622070312,84.38663012081206,82.8730511429111,83.30931690596721,2284200
2019-01-22,84.47566986083984,84.76057910786837,83.54971310980406,83.97708037673299,2202500
2019-01-23,84.50239562988281,84.71607589173149,84.110642822516,84.55581399715172,1297500
2019-01-24,84.05720520019531,84.65373280729457,83.87913269546841,84.49347094942611,1649200
2019-01-25,84.49346923828125,85.02767315610039,84.1729455290355,84.466760061306,1878900
2019-01-28,84.13733673095703,84.48456964071066,83.5586129504437,84.07501304953387,1332300
2019-01-29,84.36883544921875,85.16123952649183,83.99488653312534,84.19076291946655,1527300
2019-01-30,84.52908325195312,84.7872832825133,83.67435562980809,84.65373060563441,2596600
2019-01-31,85.17902374267578,85.60639092276718,84.11952130423097,84.67152903725088,3409700
2019-02-01,85.00098419189453,85.69545012947674,84.66264975569696,85.47286454472486,1937300
2019-02-04,85.47284698486328,85.47284698486328,84.4756613246421,84.89412322484895,1508500
2019-02-05,86.55018615722656,86.55909148343652,85.66874906010189,85.71326210560444,2099400
2019-02-06,86.06047058105469,86.39879813339967,85.6776232066351,86.39879813339967,1624700
2019-02-07,86.26525115966797,86.291960337569,85.46394185877924,85.49065103668026,1433600
2019-02-08,86.73713684082031,86.73713684082031,85.41052884419334,85.90911831024975,1862600
2019-02-11,86.692626953125,87.73432575085639,86.43442688660853,86.95972555130696,1722200
2019-02-12,87.8322525024414,87.86786700278184,86.7905538403766,86.96861954930736,1515400
2019-02-13,87.75212860107422,88.13497603424156,87.23573526673285,87.82335761021517,1968000
2019-02-14,88.00143432617188,89.03423470933117,86.55908407125546,86.8083788415979,2285000
2019-02-15,88.1972885131836,89.17667028250622,87.80554259822587,88.9451794285962,2412100
2019-02-19,88.215087890625,88.33973522847558,87.7699168860814,88.14385889963312,2185100
2019-02-20,88.30413818359375,88.36646186483541,87.90348691743621,88.34865800995428,1793800
2019-02-21,88.42878723144531,88.58904909951713,87.93909630323368,88.35755822501963,1635000
2019-02-22,88.7938461303711,88.87397368185985,88.17060240566396,88.4288025039718,1212100
2019-02-25,88.41098022460938,89.15886438710314,88.35755507530861,89.03421702668751,1295300
2019-02-26,88.52674102783203,88.98081753290235,88.3575738059332,88.60686857961161,1316900
2019-02-27,89.24789428710938,89.34583246601393,88.33084296897717,88.33084296897717,1284400
2019-02-28,90.14715576171875,90.23618863107706,89.22119897629284,89.29242798888849,2129800
2019-03-01,89.924560546875,90.61902636326481,89.52390928134913,90.38753549354428,1610300
2019-03-04,89.24789428710938,90.50327996610147,88.75821018535808,90.37863260981776,1641600
2019-03-05,88.77601623535156,89.58623086400893,88.77601623535156,89.21228199313619,1561700
2019-03-06,88.86505889892578,89.39036436517044,88.76712070679156,88.85616036711167,1539800
2019-03-07,89.22571563720703,89.34206246830371,88.5097661261563,88.84089029991596,1946800
2019-03-08,88.55450439453125,89.00197537545938,87.87435341958351,88.6976983858036,1306000
2019-03-11,89.3599624633789,89.38680963246135,88.50977024572705,88.52766608249335,1784500
2019-03-12,89.95063018798828,90.07592153270184,89.1004311170135,89.4942078163225,1693400
2019-03-13,90.46074676513672,90.4786426024123,89.91483155203828,90.27280974834538,1255200
2019-03-14,90.53231811523438,90.58601243971157,89.9416532345283,90.47861696289294,1196900
2019-03-15,90.36228942871094,90.74711473881266,89.79847163259377,90.41598376058298,5058700
2019-03-18,90.74710845947266,90.79185145698158,90.00430505660428,90.26383902246907,1623300
2019-03-19,90.621826171875,91.2393314908014,90.22804951851612,90.80976316701481,1176600
2019-03-20,90.21015930175781,90.88136582386058,90.09381246809254,90.65763031649298,1522800
2019-03-21,91.23934173583984,91.37358441254646,90.03117130121267,90.17436531046404,964700
2019-03-22,91.19459533691406,91.85685053540398,90.75607564865805,91.04245682864283,1531600
2019-03-25,91.44517517089844,92.30431868412327,91.20354383162439,91.40042533909754,1459300
2019-03-26,92.61756134033203,92.65335984573349,91.70472335012846,91.9105562213534,1490400
2019-03-27,92.13426208496094,93.02025944558821,91.82998512884902,92.54594135055225,1371200
2019-03-28,92.5638427734375,92.77862692177335,92.16112164182466,92.29535746711896,968600
2019-03-29,92.99341583251953,93.07395732590722,92.47434789336056,92.97551317096794,1977000
2019-04-01,93.09184265136719,93.78990298792074,92.1879563531226,93.59301470026698,1419100
2019-04-02,93.07395935058594,93.37823632493382,92.60859255809359,93.10080651563251,1150700
2019-04-03,93.09184265136719,93.5303690476375,92.54593443723272,93.13659247232997,1986600
2019-04-04,91.2840805053711,92.67124328341257,91.23038617234366,92.15217530459631,1670000
2019-04-05,91.46306610107422,91.65100992226466,91.2303861062138,91.41832309953891,2490100
2019-04-08,91.36461639404297,91.4988590462328,90.3264873280292,91.4541160474128,2834800
2019-04-09,90.9618911743164,91.40041077907343,90.69340588201193,91.24827229977103,1345800
2019-04-10,92.11637115478516,92.26850964093857,91.06033942689187,91.62415037268302,1882000
2019-04-11,90.00431060791016,90.21909476164879,87.30158895411479,89.63738796310103,3433500
2019-04-12,91.09615325927734,91.12300042866373,89.91483001121395,90.42494671315346,1232800
2019-04-15,93.30662536621094,94.57744096620836,92.30428818471053,94.22841424265785,2907600
2019-04-16,93.4677505493164,93.85257590665827,93.04712669037693,93.6825347310361,1373400
2019-04-17,94.10315704345703,94.51482956326507,93.52144335082133,93.88837286526717,1717700
2019-04-18,94.66696166992188,94.8728013298392,93.807818187395,94.2015948440027,2195400
2019-04-22,94.6401138305664,94.90859915413971,94.10315001128521,94.40742700532724,1292300
2019-04-23,95.06073760986328,95.10548061186245,94.03155297376661,94.56851679281453,1560500
2019-04-24,94.96229553222656,95.57085636127822,94.67591436725317,95.0249411986937,1703700
2019-04-25,94.43426513671875,95.98251760917384,94.29107798494765,95.75878213689138,1600400
2019-04-26,94.70276641845703,95.19498727170095,94.34478823681289,94.6580165853018,1067400
2019-04-29,95.26656341552734,95.4992502235074,94.77434946263924,94.77434946263924,1294700
2019-04-30,96.06307220458984,96.16151637205085,94.8996516867522,95.54401102727307,1410000
2019-05-01,94.90861511230469,95.99149426449489,94.83701810359793,95.98254293143991,964000
2019-05-02,95.0159912109375,95.168129713386,94.26424320269857,94.77435987339375,1323600
2019-05-03,95.22183227539062,95.41872061221154,94.70276426520196,95.28447794366403,1677400
2019-05-06,94.76541900634766,94.92650885845433,94.09421242721429,94.26425361217866,1377700
2019-05-07,93.71833038330078,94.47007841039718,93.11872086246925,94.21949573469838,1330000
2019-05-08,93.80781555175781,94.371626525988,93.34244873891365,93.60197589762379,1079800
2019-05-09,94.1657943725586,94.18369020754517,92.93077009466037,93.43194223653349,1011100
2019-05-10,95.74984741210938,95.96463841881439,93.6109364723666,94.0405116579107,1565500
2019-05-13,95.31132507324219,95.49031074598929,94.21949471703385,94.64906989063897,1543400
2019-05-14,95.09652709960938,96.18835729736723,95.06072860468201,95.66033803201961,1586400
2019-05-15,96.01834106445312,96.24207659489657,94.64012937757751,95.06075326726983,1277600
2019-05-16,96.65373992919922,97.32494645648534,96.04517907134519,96.4121085836372,1210000
2019-05-17,96.77008056640625,97.46814109473938,96.06307553371445,96.0899295303882,1362400
2019-05-20,97.01171112060547,97.47707794173785,96.3852476435493,96.5463374716077,1372600
2019-05-21,97.80821228027344,98.0856421161533,97.39653977843489,97.63817111486804,1338100
2019-05-22,97.9334945678711,98.13933421370889,97.40547528463976,97.78135608017554,1447500
2019-05-23,98.0766830444336,98.12143287217685,97.29808793347544,97.63816340958296,1412100
2019-05-24,97.03856658935547,98.43467400006075,96.95801825450233,98.19304265123328,1200100
2019-05-28,96.80587005615234,97.54867352073182,96.42999607209957,97.38758369501417,3224300
2019-05-29,95.97357940673828,96.60898741559437,95.48136539710562,96.39420324462493,2009600
2019-05-30,97.02067565917969,97.28915419058038,95.7588040296376,95.98253955307133,2161900
2019-05-31,97.86190795898438,98.02299779477318,96.47475193267624,96.5731961005397,2413100
2019-06-03,99.669677734375,100.08135017198661,98.66734038984376,99.00741583973216,2752100
2019-06-04,99.74127197265625,100.12609726257331,98.77473991032966,99.83077162490218,2366200
2019-06-05,101.52222442626953,101.5759187622841,99.63389622727887,99.70549322720879,2220000
2019-06-06,102.10027313232422,102.34300211952124,101.2462188208772,101.71369966465316,1974200
2019-06-07,102.81050872802734,103.76345458031712,102.53181856946341,102.7026253478331,1566400
2019-06-10,102.3250503540039,103.18809687413959,102.05534531569974,102.8374844396746,1458700
2019-06-11,101.71369934082031,102.91837285486683,101.19227338908553,102.69362099900346,1398100
2019-06-12,102.63069915771484,102.82847504560851,101.72269966518748,101.80360704765994,1259800
2019-06-13,102.17221069335938,103.0262651328725,101.83058343044743,102.85545836029989,1309500
2019-06-14,103.00830078125,103.21506870499012,101.68675840499607,102.28009990234186,1345600
2019-06-17,102.45989227294922,103.37687696232351,102.43292314368576,103.30496157058207,978700
2019-06-18,102.39697265625,103.08920552849943,102.3789886622838,102.65768569768744,1286300
2019-06-19,102.86443328857422,103.14313026890319,102.06431718729455,102.39695242109502,1413600
2019-06-20,104.33879852294922,104.54557324657078,103.13413187757838,103.22403124741643,2456900
2019-06-21,104.1410140991211,105.01305237601085,104.05111473074612,104.68042402713523,2675600
2019-06-24,105.15689849853516,105.30972811305307,104.21293796861679,104.46465894755974,1520400
2019-06-25,104.66244506835938,105.48953027137146,104.65345993230754,105.42660002459625,1447500
2019-06-26,103.01728057861328,104.68943531180633,102.76555954073629,104.36579201771195,1949800
2019-06-27,104.1410140991211,104.29385057012892,103.05321596635498,103.17907645385638,1055300
2019-06-28,103.71849822998047,104.58154461095674,103.70051423892181,104.17698711873219,2462500
2019-07-01,103.64657592773438,104.56356056362728,102.88242092134314,104.37476981091058,1939000
2019-07-02,104.18597412109375,104.38375685996252,103.64657101619513,103.9792062460092,1906900
2019-07-03,105.37267303466797,105.42661129227363,104.53659574736416,104.67144825026152,1311100
2019-07-05,104.71639251708984,105.37266412541504,104.29385791121554,105.19286537600934,1088800
2019-07-08,105.08499145507812,105.17489083786027,104.39275866288395,104.8242784437916,2160000
2019-07-09,105.19285583496094,105.3636625737393,104.65345277678533,105.04901136137703,1432300
2019-07-10,105.89408874511719,106.18177085581203,105.17488003893881,105.19286402897868,1616400
2019-07-11,105.40863037109375,106.10086313472675,105.13892537499191,105.73227362286275,1997600
2019-07-12,106.0019760131836,106.16379077620734,104.99508515922257,105.88510065026715,1323600
2019-07-15,106.10982513427734,106.21770847399729,105.61537525970988,106.04689490082762,1236000
2019-07-16,106.23571014404297,106.72117499661462,105.87610578744737,106.08288052162669,1433800
2019-07-17,106.25370025634766,106.88300277248693,106.25370025634766,106.53239039079747,1291400
2019-07-18,106.05592346191406,106.07390059529205,104.68942812315154,105.34570666302412,1548900
2019-07-19,104.99507904052734,106.10984633820667,104.87821054330435,106.06490008183584,1214600
2019-07-22,105.3007583618164,105.55248625281584,104.61751752004047,105.09399045352863,1183200
2019-07-23,105.35472869873047,106.05595370142855,104.79734138071862,105.89413201935321,1473900
2019-07-24,104.10506439208984,105.18387057753725,103.60161556118294,105.04002609474028,2279500
2019-07-25,104.93216705322266,105.84915177755957,103.8353766954682,104.10508171615272,2341600
2019-07-26,106.5323715209961,106.72116224239787,104.71637968259681,105.00406176171596,1845600
2019-07-29,106.04693603515625,106.65826147959969,105.61541622665717,106.44250157535015,1308500
2019-07-30,106.09188079833984,106.685222202989,105.69631528931832,105.83116779092867,1244000
2019-07-31,105.18387603759766,106.48743415092075,104.23093029568928,106.13682177950605,1438300
2019-08-01,104.5096435546875,106.19977553609398,104.37479102993684,105.17490732220392,1717000
2019-08-02,104.94114685058594,105.73227096900705,104.266891236138,104.64447273409698,1612600
2019-08-05,102.28008270263672,104.62649288245068,101.47098142039721,103.97921322843568,2909600
2019-08-06,104.37477111816406,104.48265448916034,102.04634494661269,102.48685670846888,1868800
2019-08-07,105.04902648925781,105.5974216207261,102.81949169869301,103.46677134638786,1523100
2019-08-08,106.50541687011719,106.68521562191768,104.79730129248158,105.25579702612039,1459100
2019-08-09,107.03583526611328,107.48533903505732,106.10985859950985,106.74815312834441,2242400
2019-08-12,105.84014892578125,107.17067609596525,105.43559146246449,107.035823608193,1044000
2019-08-13,106.9998779296875,107.3864514590207,105.3996455530144,105.3996455530144,1979800
2019-08-14,104.28486633300781,106.81107512433563,104.24890521120638,106.55935413060823,3009300
2019-08-15,106.26268768310547,106.56835381101966,104.329826973788,104.5545788570931,2133900
2019-08-16,107.08979034423828,107.440402767919,106.48745002507054,106.68523279922557,1613400
2019-08-19,107.8989028930664,108.40235187730575,107.20666997070356,107.46738303101502,2770600
2019-08-20,106.18177795410156,107.87190961005933,106.11884770252023,107.59321947575388,1566300
2019-08-21,106.72119140625,107.19766433697735,106.33461786377397,106.6582611485857,1479800
2019-08-22,106.14582061767578,106.99088990524739,105.90309159831119,106.65825464423057,1358400
2019-08-23,104.221923828125,106.47843422890142,103.70948990576115,105.957008312424,1987900
2019-08-26,105.22882080078125,105.26477506160978,104.11404666639316,104.64446460852467,1586700
2019-08-27,105.8581314086914,106.62228639952536,105.55247215591095,105.91206966297436,1148300
2019-08-28,106.3076400756836,106.51441482481759,105.00408190498956,105.64237642614123,1109800
2019-08-29,107.26958465576172,107.37746803504707,106.1458251756859,106.98190250321765,1132200
2019-08-30,107.29653930664062,108.32140726545742,106.94592694488134,107.96180290858356,1149600
2019-09-03,107.4583740234375,108.0966685767273,107.07180049297935,107.5302962753561,1204300
2019-09-04,108.46527862548828,108.54618602491742,107.58424807580431,107.88092225814646,1213800
2019-09-05,107.51996612548828,109.93959456523757,107.34843000675704,109.46108711248002,1671100
2019-09-06,107.73664855957031,108.05264338085722,107.29424892159815,107.51093698891246,941500
2019-09-09,106.19281005859375,107.89015903479664,105.97612193452099,107.7457002854148,1427900
2019-09-10,102.63556671142578,105.66913080245673,101.26324337889777,105.50661819443114,3654400
2019-09-11,101.31743621826172,103.26758109346878,100.3333299428049,102.75295885949461,2830500
2019-09-12,102.0848388671875,102.81614222329465,101.57924710377232,101.74175972603736,1726700
2019-09-13,101.0736312866211,103.24046358609998,100.92917947367984,102.45499178536001,1661200
2019-09-16,101.02850341796875,101.12781706307456,100.30622361504838,100.72153209086785,2077800
2019-09-17,102.79808807373047,103.08699863613842,101.29935979562153,101.51604788355586,2547500
2019-09-18,103.22241973876953,103.26755792113242,102.1028853607075,102.95156309190953,1017700
2019-09-19,103.58356475830078,104.54961007719938,103.36687667483437,103.77316166520562,1324700
2019-09-20,104.08012390136719,104.37806484366028,103.62870073601555,103.98081025393617,1984100
2019-09-23,103.78217315673828,104.61279693754187,103.53840770126749,104.14331303254373,1093000
2019-09-24,103.93567657470703,104.87463762591199,103.37590934567008,103.890531500947,1646600
2019-09-25,102.85226440429688,104.24264874324129,102.77101153132529,103.97179894516432,1470300
2019-09-26,103.90858459472656,104.4502979229768,102.66265909372747,103.08699798637696,2398000
2019-09-27,102.55430603027344,104.47737302244187,101.73271949418653,104.21554677366215,1693100
2019-09-30,103.82733917236328,104.0169360955757,102.50015382170474,102.55432240314498,1707400
2019-10-01,103.70996856689453,104.70309823040125,103.37591291876903,103.96276445707754,2576500
2019-10-02,103.61967468261719,103.89053134843739,102.48209321778309,103.05088395020013,2892900
2019-10-03,103.81829071044922,104.3058285230731,102.95155911739691,103.448127321413,2608800
2019-10-04,105.2809066772461,105.66913085839218,104.19749388194892,104.30583102857629,2890900
2019-10-07,104.46834564208984,105.14548037419168,104.27874874368182,105.06422751266139,1299900
2019-10-08,103.61967468261719,104.67601016877906,103.19534267548322,103.82733237816883,1390900
2019-10-09,104.36903381347656,104.68502864965632,103.4391032006458,103.91761065088525,1358800
2019-10-10,106.03028106689453,106.34627592224682,104.2426422037754,104.27875688555442,1918100
2019-10-11,105.03714752197266,106.80673253855284,104.9649250445344,106.55392975891893,1537500
2019-10-14,104.86561584472656,106.22891590380904,104.70310320928513,105.28092438237206,962400
2019-10-15,104.41417694091797,105.66913275850213,104.29680251240029,105.25382428323125,1853700
2019-10-16,103.73705291748047,104.17944572555945,102.38278331513261,104.13430065021262,2126700
2019-10-17,104.98297882080078,105.20869042194222,103.91761978788631,104.03499422890957,1681700
2019-10-18,105.67815399169922,105.8858047672533,103.47520698597353,103.86343114045519,2615000
2019-10-21,105.8768081665039,106.25600893918745,104.82950978716251,106.12058058381277,1931100
2019-10-22,105.56078338623047,106.78865485460852,105.32604831740109,105.90386937450013,1817100
2019-10-23,102.3556900024414,106.25598583786159,102.17511660514323,105.29896405260827,3138700
2019-10-24,102.17512512207031,102.61752481619948,100.31526374797839,102.48209647897977,2455400
2019-10-25,100.53194427490234,102.47306539347018,100.0714906867371,102.15707053420829,2380400
2019-10-28,100.46875,100.77572136918495,100.08052575813682,100.4326353160858,1519700
2019-10-29,101.14586639404297,101.95842941361703,100.08953791268189,100.27913480255411,1702200
2019-10-30,101.72370910644531,102.23833131368204,100.89309201549686,101.62439544468279,1164600
2019-10-31,101.30841064453125,102.37376985006361,100.8389334688841,101.66052024830977,1664200
2019-11-01,100.4236068725586,101.74176177383,100.05343654677108,101.58827265270006,1864900
2019-11-04,100.05342864990234,100.64028013402927,99.56589081177401,100.40553816274435,2181900
2019-11-05,97.78728485107422,100.0444007003792,97.39003714555278,99.87286457978826,3574600
2019-11-06,99.2499008178711,99.2499008178711,97.29974937026394,97.42615419802019,1884200
2019-11-07,99.62909698486328,99.80967039436322,98.71722020935954,99.4033853891168,2329400
2019-11-08,100.24302673339844,100.34234038056942,99.36726469280204,99.37629508477328,1222000
2019-11-11,99.73741912841797,100.47775272436375,99.3401646029257,100.16175793734477,1094300
2019-11-12,99.31309509277344,100.05342879884728,99.0241845462122,99.76451825228604,1603000
2019-11-13,100.16178131103516,100.52291435866219,99.03322331677225,99.3672720746444,1462700
2019-11-14,101.1639404296875,101.31742266233319,100.08955102482514,100.18886467845971,1378700
2019-11-15,101.26326751708984,101.57023202310369,100.77572957679828,101.38966547699816,2030800
2019-11-18,101.47992706298828,101.97648840274549,101.05558819333544,101.25421548450662,1927000
2019-11-19,101.59729766845703,101.95843758255462,100.99239227304187,101.48896051594741,1996500
2019-11-20,101.63343048095703,102.66267494245004,101.00144068466209,101.65148438020596,1876600
2019-11-21,100.4055404663086,101.88620791022244,100.24302784987069,101.66049632562374,1836900
2019-11-22,100.00828552246094,100.59513701799362,99.01515593134381,100.05343059449072,2007900
2019-11-25,99.59298706054688,100.94725669971959,99.55687237692167,100.08955535017884,1929500
2019-11-26,101.9133071899414,102.03970514485644,99.56590774244135,99.63813711329905,3499100
2019-11-27,101.96748352050781,102.36473128722528,101.75079540611065,102.12096576874347,1589200
2019-11-29,101.94038391113281,102.43694526696149,101.6695272529201,102.03066716781339,706900
2019-12-02,100.80281066894531,102.12096570054035,100.77572637670676,101.76885612509513,1495400
2019-12-03,101.14586639404297,101.87716966757442,100.40553272913559,100.65832858229854,1811700
2019-12-04,101.89524841308594,102.54529894334033,101.07365485730007,101.07365485730007,1845500
2019-12-05,101.099853515625,102.26077293493023,100.79148040258266,102.05216698319934,2525600
2019-12-06,101.23587799072266,102.024936558801,101.02727208490799,101.70749880614741,1212300
2019-12-09,101.3719253540039,101.45355616484066,100.90030450343166,101.20867065195495,2105600
2019-12-10,100.90936279296875,101.78912374218844,100.84587524609844,101.42633479451942,1419200
2019-12-11,101.03632354736328,101.49887956298467,100.54655957546227,100.99097234048214,1476500
2019-12-12,100.36517333984375,101.19051137110633,99.86633771902028,100.90028162434258,1826200
2019-12-13,101.59866333007812,101.62587821229327,99.91170737282441,100.16565758317176,1846100
2019-12-16,101.60772705078125,102.2153945667725,101.12703463008299,102.10656272487779,1537600
2019-12-17,102.45120239257812,103.11329271016513,102.14283629919741,102.43306605987121,1766500
2019-12-18,102.10657501220703,102.84121771189692,101.5351800950042,102.50563667988294,1833400
2019-12-19,102.01587677001953,102.62354434291572,101.9070379983089,102.160988212676,1677200
2019-12-20,102.63260650634766,102.9953885393476,101.81633309285031,102.90469303109762,2840700
2019-12-23,102.40586853027344,102.9319052678266,102.2335422137027,102.64167547759506,921200
2019-12-24,102.12468719482422,102.36957264988644,101.63492320432272,102.3060851096153,498800
2019-12-26,102.65074157714844,102.65981320374894,102.06121040134143,102.23353670863274,798200
2019-12-27,103.29468536376953,103.3309649493855,102.31515731100858,102.56910749069695,804600
2019-12-30,103.18585968017578,103.2584188606007,102.57819211327181,102.94098109577207,1058500
2019-12-31,103.35820007324219,103.53052642030292,102.65076526686164,103.11332145550479,1248600
2020-01-02,103.59400177001953,103.59400177001953,102.03401396054944,103.47609136977215,2071700
2020-01-03,104.60072326660156,104.72769835705166,102.57817960650605,102.62353081864828,1424900
2020-01-06,105.1449203491211,105.1630566851595,103.85702598203218,103.93864987364188,1840700
2020-01-07,105.21746063232422,105.38978001242141,104.19258137982634,104.78211252973358,2325500
2020-01-08,105.28094482421875,105.64373374488876,104.91815590354875,105.29908115642185,1824600
2020-01-09,105.32630920410156,106.22421351093809,105.2446853141843,105.37166042269412,1634200
2020-01-10,105.3897933959961,105.71630278449706,105.02701133732768,105.48049583028742,1289600
2020-01-13,106.71395111083984,107.02231717789964,105.52581729106379,105.62558441149436,1340900
2020-01-14,107.0858154296875,107.3125576497825,106.44186835497247,106.73209811990915,1622400
2020-01-15,107.22186279296875,108.07441575995236,106.8862818141378,107.21279116661563,1273000
2020-01-16,108.37371063232422,108.61859610739582,107.50302132905257,107.66627600589248,1725800
2020-01-17,108.51884460449219,109.02674504130735,108.31023868530053,108.58233215909408,1988000
2020-01-21,109.2081298828125,109.31696172356129,108.17417895833346,108.2558097585187,1642200
2020-01-22,109.12648010253906,110.01531252526252,109.05392094157747,109.5618281486862,1378200
2020-01-23,109.87019348144531,109.87926510641152,108.4553244501027,109.03578389473671,1740600
2020-01-24,109.74324035644531,110.58672173679632,109.27161955822562,110.03347013680137,1052900
2020-01-27,109.91556549072266,110.02439733242649,108.6820872075054,109.08114882645896,1191100
2020-01-28,109.78858947753906,110.53230370799861,109.32603339529481,109.97905211855172,1395800
2020-01-29,110.16951751708984,110.52323484777021,109.57091469924687,110.0153344590238,1641400
2020-01-30,111.33951568603516,111.41206794667009,109.36232300152929,109.78859953602183,1155800
2020-01-31,110.37810516357422,111.73855842484896,109.82485361708598,111.06740342011456,1657500
2020-02-03,111.27603149414062,111.76579559624652,110.7318445453844,110.7953390197472,1246300
2020-02-04,111.43021392822266,112.25555213508821,111.36672637384838,111.8383472178252,1145300
2020-02-05,112.11042022705078,112.22832368661787,111.06740466446338,111.44832992117847,1601300
2020-02-06,112.22833251953125,112.59112147241358,111.74764009780226,111.85647885955409,1171700
2020-02-07,112.38253021240234,112.79973511499757,112.12857308420922,112.58205757654633,1292400
2020-02-10,113.40737915039062,113.63412134952698,112.5638978928185,112.6818013453052,1233900
2020-02-11,113.35296630859375,113.79737909344962,113.14436043510135,113.72481992705026,1504600
2020-02-12,113.92436981201172,113.95157777324027,111.81113050802382,112.96298494394165,2028500
2020-02-13,112.67276000976562,113.56158573974933,111.47556122679069,113.37112308332425,2107100
2020-02-14,114.05134582519531,114.05134582519531,112.47322178467141,113.00833014545363,1299900
2020-02-18,114.47763061523438,114.69530124216627,113.61600589593719,114.04228244174614,2094300
2020-02-19,113.5797348022461,114.99460427639451,113.57066317444077,114.50484016927592,1431500
2020-02-20,112.50952911376953,113.62509732588501,111.72953506840189,113.13533314021517,2352800
2020-02-21,112.97206115722656,113.2350830085974,112.16485926698921,112.42788111836003,2058000
2020-02-24,112.45507049560547,112.99018573777717,110.34183824529177,110.57764517406379,2324900
2020-02-25,110.6048812866211,114.06043833511947,110.46884145448061,112.80881652242509,3080300
2020-02-26,109.67974853515625,111.87461159606455,109.66161220192598,110.29648765933797,2694700
2020-02-27,103.04979705810547,109.97903810365725,102.9590946428376,109.02671810032676,4280200
2020-02-28,100.501220703125,101.56237956562485,96.69195412476829,100.79145047176529,6444500
2020-03-02,106.142578125,106.29676119016789,101.41727059169217,101.43540692657257,4006600
2020-03-03,102.22447967529297,107.93838739554795,101.88889863940432,106.64142139147101,4321500
2020-03-04,109.09928894042969,109.33510279004182,105.31723031833101,106.09722411967432,3474800
2020-03-05,107.24520874023438,109.42272964266797,106.42522018989766,107.47298295137695,3226100
2020-03-06,106.71678161621094,107.15411120400306,103.89238250470396,104.2568226693444,2701800
2020-03-09,102.10662841796875,105.04036152266264,99.5555543396825,100.36643696866676,3516200
2020-03-10,103.37305450439453,104.93102938530433,99.646671481557,104.25681961867431,4783300
2020-03-11,100.19332885742188,103.59171645783724,99.07267659344991,100.71265382094113,2750400
2020-03-12,89.05060577392578,95.1185142405705,88.95949747751101,93.79741961364522,5118700
2020-03-13,95.95671081542969,95.95671081542969,88.70438141500182,92.1209942767615,5971400
2020-03-16,91.00946044921875,96.29382476566305,77.89877781513509,81.99871348961588,5165900
2020-03-17,99.24578094482422,100.99508524259127,91.76567658044311,91.76567658044311,5104000
2020-03-18,93.35096740722656,96.56713765842882,90.07102066482344,93.52407800525013,4560200
2020-03-19,90.97303009033203,93.51499144355235,89.21461267901267,92.80433692673944,4052100
2020-03-20,89.5699234008789,91.61078521984774,88.0210616348614,91.2007874927606,6880200
2020-03-23,80.0580825805664,90.65413642628127,79.33831523611312,89.91615020334949,6777400
2020-03-24,83.88469696044922,85.25134240258825,81.99872652834208,83.08293413679685,4782900
2020-03-25,82.85516357421875,85.36978629456867,77.7530148028641,83.69337114766873,6434400
2020-03-26,88.99594116210938,89.48793429842809,82.68203967269523,82.81870559130331,5056600
2020-03-27,86.82752227783203,89.60636316977521,85.25132185595697,86.82752227783203,4126100
2020-03-30,86.18977355957031,88.98684103095336,84.36757958600172,87.59286375335233,3812000
2020-03-31,84.33112335205078,85.40621792763396,82.74581675792557,85.2604460442437,4798600
2020-04-01,80.56830596923828,82.27205981894983,79.17432870634623,82.13539388215058,3437900
2020-04-02,83.03736114501953,83.71157082542197,79.5843034659524,79.81207766416699,3859600
2020-04-03,81.10585021972656,83.4200373864453,80.14008964387199,82.55449803462676,2702600
2020-04-06,83.17402648925781,84.23089514721451,82.49070389925515,83.83001728783907,5680000
2020-04-07,83.30160522460938,87.01888293118029,83.0647180405611,87.01888293118029,5158500
2020-04-08,87.11909484863281,87.63841984393416,82.82782895038106,84.02136375774839,3765200
2020-04-09,90.97303009033203,92.8954452325404,87.94818846036029,87.96641429219137,3557900
2020-04-13,88.14861297607422,91.69277887452678,87.53817980512808,90.78168209958027,1978000
2020-04-14,90.7725830078125,91.04591486236446,88.2944052415343,90.01637785230533,3052400
2020-04-15,88.03929138183594,89.22372013816536,87.29219219817024,88.74083989094602,2212900
2020-04-16,88.87748718261719,89.01414612874953,86.95507256103757,88.30349180439617,2083000
2020-04-17,91.35567474365234,91.72922777500133,89.6701470231351,91.07323695485867,2917200
2020-04-20,89.4697036743164,91.14612541391521,89.41504009024935,90.08014381790557,1427100
2020-04-21,88.13038635253906,89.43325490423706,87.20106383115429,87.61106151451209,2420200
2020-04-22,89.97994232177734,90.46282262311595,88.72262400390251,89.31483844844023,2369400
2020-04-23,89.09616088867188,90.96390524148862,88.98682676538262,89.75215172617294,1956700
2020-04-24,89.7248306274414,90.22592977889609,88.20329343922869,89.36039045749014,1559900
2020-04-27,92.13923645019531,92.68590020718972,90.23504707031833,90.41726368857086,1641300
2020-04-28,92.62212371826172,94.01610100647663,91.173475883663,93.74276912791282,2446500
2020-04-29,91.96611785888672,93.87941984524848,91.57434593706506,93.7609797576716,2322800
2020-04-30,91.1279296875,91.42859340142128,89.39685074312263,91.10971080383172,1823600
2020-05-01,89.47883605957031,89.88883388264104,88.44929894594726,89.88883388264104,1601800
2020-05-04,90.70880126953125,90.96390727846826,88.62238862341438,89.11438176255751,1680300
2020-05-05,90.2168197631836,91.5196887206365,89.8432736165362,91.04592135025285,3045000
2020-05-06,88.19418334960938,91.6654603398024,87.21930993747843,91.56523912397529,4564100
2020-05-07,92.4307861328125,93.25077480762891,89.3786126303854,89.69749518417002,2504000
2020-05-08,91.99343872070312,93.78830040620844,91.41033736464571,92.8954225447425,1761600
2020-05-11,91.56522369384766,92.23032738215497,90.43546566622626,91.11878823110573,1487400
2020-05-12,89.5699234008789,92.01166308158489,89.46059623454917,92.01166308158489,2141900
2020-05-13,87.9390869140625,90.01639409093687,87.53820892648525,89.51528791756648,2246500
2020-05-14,88.5404052734375,88.68617717644459,85.76155668895694,87.29219990168227,2324200
2020-05-15,87.40151977539062,88.6679438216291,86.6544206477455,87.79329169300436,3174000
2020-05-18,90.79991149902344,91.59256127568847,89.45148516057527,89.93436535811077,2943700
2020-05-19,89.58815002441406,91.14612471849125,89.56081823258907,90.5174657020486,1773000
2020-05-20,90.60858154296875,91.61989963147637,89.36948923544801,90.27148014754457,1601800
2020-05-21,90.13482666015625,91.20992140025386,89.86149477918694,90.2350478864371,1361800
2020-05-22,90.12570190429688,90.19859132312924,89.40593453334183,90.0892571948807,1079000
2020-05-26,92.56744384765625,93.41476424451227,91.57435156106983,91.62901515082902,2088000
2020-05-27,95.02741241455078,95.20962901978741,93.32365865600477,93.56054580370673,2842100
2020-05-28,97.03181457519531,97.7333560915666,95.74716467949443,95.98405180692983,2681400
2020-05-29,97.25959014892578,97.89735517273407,96.71293342121619,97.62403028443798,3078800
2020-06-01,96.58538055419922,97.58758571494899,96.53071001556809,97.48736450376227,1629000
2020-06-02,97.8791275024414,98.4257841810502,96.16626805583606,96.5944777041498,1773400
2020-06-03,100.41199493408203,100.84021161663624,98.17069725093273,98.7173540356563,2336100
2020-06-04,98.87831115722656,100.3799351331052,98.07256392172116,99.80309407667474,1728000
2020-06-05,102.73309326171875,103.28247369546783,99.56503249256772,100.6546281709977,2931700
2020-06-08,103.95087432861328,103.9875001560397,102.05553141968532,102.42178270828724,2422300
2020-06-09,101.86325073242188,102.91622056409172,100.94762600673718,102.59575330723453,2820200
2020-06-10,100.10526275634766,102.40347601360226,99.76647905977002,102.26613787980602,2109900
2020-06-11,94.4924545288086,98.5761463318194,94.41920987099401,98.11833403858745,2826000
2020-06-12,95.12425994873047,97.2576674100876,93.26554272174123,96.52516477554846,2581500
2020-06-15,95.67364501953125,96.58011871133716,92.98171253073556,93.06411541962864,2064200
2020-06-16,96.7815170288086,98.49373753862439,95.52711580277646,97.97183179819132,2094200
2020-06-17,96.7815170288086,97.6422063846903,96.36948875476295,97.60558056256114,1254700
2020-06-18,95.81095123291016,96.78151100915072,95.33482954616785,96.39695037920568,1200900
2020-06-19,93.18311309814453,97.72461729222304,93.14649426127899,97.3034238259942,3413300
2020-06-22,94.95027160644531,95.0326814559234,92.55133953985444,93.3387772827441,2161100
2020-06-23,95.09679412841797,96.0856706081268,94.30019802215313,95.72857748806467,1954000
2020-06-24,92.81689453125,94.81295700457785,92.72532645676058,94.69392130200693,2893400
2020-06-25,93.75082397460938,94.3551397038589,91.9745096032961,92.47810604433737,3195700
2020-06-26,94.13538360595703,94.73054112405926,93.48529083517741,93.81491632256748,5907700
2020-06-29,94.82208251953125,95.1059308993101,93.73249398223386,94.84955014016695,1952200
2020-06-30,96.97380828857422,97.33090133679171,94.63896267884915,94.79461718998775,1929300
2020-07-01,96.22298431396484,97.39498965107875,95.8842076882344,96.97380318012925,1255000
2020-07-02,96.11312103271484,97.20271660621235,95.91168249116119,96.75405549614766,1438600
2020-07-06,96.33289337158203,97.13864075603676,95.6095488737093,96.86395748176659,1868200
2020-07-07,95.79267120361328,96.37867052968488,95.51798096328966,95.88423228850016,1585000
2020-07-08,94.41923522949219,95.69195318764233,93.83323589562434,95.27076660302876,1728400
2020-07-09,93.46696472167969,94.30933771206361,92.4323044099375,94.19946024066769,2029500
2020-07-10,95.06015014648438,95.09677597047978,93.41202299499915,93.41202299499915,1189200
2020-07-13,95.52713012695312,96.55262535769582,94.96859848063977,95.52713012695312,2439500
2020-07-14,97.23934173583984,97.26681634518876,95.64615669104953,95.68278251785256,1811800
2020-07-15,97.77957153320312,98.32894500653555,97.30344273349569,97.89860024029862,2015600
2020-07-16,98.39303588867188,99.02481920859529,97.53234637870808,97.59643983249288,1637200
2020-07-17,99.52840423583984,100.1601875278366,98.32893808846025,98.81421807218902,3224700
2020-07-20,97.578125,99.24456169165877,97.32175119907744,99.12553299427677,1407600
2020-07-21,98.44796752929688,99.19877952567442,97.76124898435415,97.9077522937265,1266700
2020-07-22,99.07975006103516,99.32697264727653,97.59643550057352,98.00847081575509,1239700
2020-07-23,98.9149398803711,99.8580322480675,98.42965988422925,99.24456534674337,1497200
2020-07-24,98.22822570800781,99.76647562452604,98.01763591966281,99.51010180271679,1224000
2020-07-27,98.03594207763672,98.49375445438586,97.59643912226603,98.42966100106749,1214000
2020-07-28,98.44796752929688,98.90577989259202,97.76124898435415,97.76124898435415,1402000
2020-07-29,100.39826202392578,100.83775802167511,98.80507680717433,99.03398301015379,1466100
2020-07-30,100.15103149414062,100.40741228916335,98.24653734503708,99.3819100660596,1873100
2020-07-31,100.35247802734375,100.37079443556034,99.12554413202402,99.62913358737318,1467500
2020-08-03,99.7847900390625,100.68209839747193,99.48263218982434,100.68209839747193,1486100
2020-08-04,99.6382827758789,99.77562788242412,98.89662898046197,99.24456386280252,1276100
2020-08-05,99.9678955078125,100.6546139674323,99.53755082207827,100.05945657196285,1522000
2020-08-06,101.05751037597656,101.09413620577956,99.94960522067109,99.94960522067109,1437100
2020-08-07,103.20921325683594,103.67618379152029,100.8011159193879,100.8011159193879,1867400
2020-08-10,102.19286346435547,103.19089093792913,101.6068642717567,102.81548847969933,1770900
2020-08-11,102.17455291748047,102.90705544305158,101.50615082463402,102.6415234521736,1563300
2020-08-12,102.77886962890625,103.21837254599949,102.1745539911108,102.57743108297444,1506400
2020-08-13,101.94564819335938,102.29359004147473,101.19483623757738,101.95480639611554,891200
2020-08-14,102.064697265625,102.59576132458108,101.31388521131782,101.79916523614696,1057600
2020-08-17,101.51532745361328,102.70563554164546,101.23147900595986,102.0738591589681,1468200
2020-08-18,101.64350891113281,102.15625655316317,101.29556702347277,101.55194783015064,1193400
2020-08-19,101.2314682006836,102.40346674070376,100.92931734802944,102.22950279176041,935500
2020-08-20,100.8560562133789,101.3138685366483,100.51727257932136,100.8377398084776,1118700
2020-08-21,101.7808609008789,102.06470236679637,100.59054581071504,101.05751643663018,1495300
2020-08-24,103.01695251464844,103.07188776953505,101.77170217568889,102.08301126759721,1332100
2020-08-25,103.63957214355469,103.80438488506677,103.20922737484744,103.4656011981634,2106100
2020-08-26,104.28965759277344,105.29684339331618,103.23668776170783,103.69450012428746,2122400
2020-08-27,104.62843322753906,105.31515176456473,104.21640489958855,104.3812176279012,1289300
2020-08-28,104.39036560058594,104.65589758049266,103.65786310528037,104.59180413607804,1242300
2020-08-31,104.3812026977539,104.81154737044166,103.99664204858402,104.05157728827652,1504600
2020-09-01,104.05158996582031,104.21640269063963,103.30077799401279,103.74943213937456,1290000
2020-09-02,104.5185775756836,105.35179255305972,103.80439131345743,104.05160694820371,2806600
2020-09-03,102.3243179321289,104.99236931570015,101.72630532593931,104.4219561034744,2324200
2020-09-04,102.31513214111328,103.29955045842425,100.33709336730837,102.8395417677336,2224200
2020-09-08,101.6251220703125,102.747544431416,101.30311738126865,102.28753572730315,1490100
2020-09-09,103.55713653564453,104.33915679174908,101.72630422439872,101.88270546794988,1738000
2020-09-10,102.74752044677734,103.89754193860679,102.44391308833256,103.79633948579186,1123700
2020-09-11,104.0999526977539,104.52315978824309,102.66472102220958,102.95913327907984,1505900
2020-09-14,107.05319213867188,107.2647921445344,104.55994659755878,104.72554995914288,2111300
2020-09-15,107.70641326904297,108.36882677577756,106.86920126743478,107.18200374607379,1709100
2020-09-16,107.50401306152344,109.40844846704907,107.34761181536699,108.12962506532375,2050700
2020-09-17,106.31720733642578,108.05603964189625,106.03200419167764,106.86002124646731,2097400
2020-09-18,106.05036926269531,107.23719217780744,105.6731658972759,106.02276987244188,3063300
2020-09-21,105.15797424316406,105.2683718206409,104.2103505817157,105.111970573099,2109400
2020-09-22,105.77438354492188,106.24359430419476,104.8359620263761,104.95556876023116,1088400
2020-09-23,102.79352569580078,104.77155707684402,102.76591928346582,104.15514723234055,1580400
2020-09-24,102.3979263305664,103.45594058990157,101.43190537645405,102.87633222893906,1818500
2020-09-25,104.54154968261719,104.74395458537433,101.98390304415669,102.12190702505238,1174800
2020-09-28,104.91876983642578,105.99518835283337,104.7715637046907,105.43397725914913,1265500
2020-09-29,104.33916473388672,105.47998421364785,104.26556166572796,105.04757496218377,1029700
2020-09-30,104.11835479736328,105.17637608238815,103.53874643283177,104.69797018106965,2130500
2020-10-01,103.86074829101562,104.87276587679717,103.06953288305422,104.84516648196649,1510700
2020-10-02,104.78077697753906,105.39718692654112,102.65553911378619,102.72914218747536,1089700
2020-10-05,105.102783203125,105.85719717164164,104.73477484841982,105.64559710562965,1242600
2020-10-06,104.19195556640625,105.8479894559263,103.8699509265481,105.62718025787382,1404600
2020-10-07,104.77156066894531,105.24997356404764,104.26555539891052,104.74396127483836,1085800
2020-10-08,105.52598571777344,105.70079125789238,104.79917819861363,105.18558379544739,910500
2020-10-09,106.12397766113281,106.44598226226327,105.5075678505154,105.92157276351543,1097200
2020-10-12,107.4764175415039,107.81682645938645,106.42759841191146,106.5656024066841,1217300
2020-10-13,106.26199340820312,108.1940282481537,105.87558784404794,107.77082115133975,1614200
2020-10-14,105.41561126708984,106.55643104968932,105.13960319781374,105.97682252722163,1020700
2020-10-15,106.05036926269531,106.2527741501185,104.88195062053447,105.1763558151936,884000
2020-10-16,106.60238647460938,107.14519320749586,106.25277547590754,106.33558066687456,1910100
2020-10-19,104.60595703125,106.91520226131269,104.45875792331195,106.72199948385835,1456400
2020-10-20,105.16715240478516,106.34477316915664,104.93714812989468,105.57196217472789,832800
2020-10-21,105.03838348388672,105.94000361239686,104.5323781320859,104.78998187761005,1008000
2020-10-22,106.51039123535156,106.75879981727194,104.93716262016197,105.13956753308246,1324400
2020-10-23,107.36599731445312,107.48560403479523,106.26197955531416,106.95199240956944,1594000
2020-10-26,104.3299560546875,106.74039672277945,103.78714223501657,106.52879668905776,1392600
2020-10-27,101.78150177001953,103.60313894060307,101.52389807338989,103.06032513484121,2480800
2020-10-28,98.40503692626953,101.03628662783815,98.21183416038606,100.48427772257477,1884100
2020-10-29,98.94786834716797,99.92308448756714,97.62304112309717,98.79146006381077,2082600
2020-10-30,99.27906036376953,99.6654659068363,97.72422903487207,98.77304809129572,1930700
2020-11-02,101.81829833984375,102.94992254538582,100.1898710402504,100.35547441132547,2064400
2020-11-03,105.53516387939453,105.92156938843867,103.22591892342827,103.22591892342827,2357000
2020-11-04,106.76799774169922,108.71842969285856,105.0291658135708,105.0291658135708,1989200
2020-11-05,110.11687469482422,110.95408680162741,107.69722466374317,108.55284104758712,2682300
2020-11-06,109.73965454101562,110.73327483827016,109.39925265673034,110.40206807251866,1311800
2020-11-09,111.28529357910156,115.51737182422862,111.09209078525431,113.61293626296269,2398700
2020-11-10,113.51171875,113.84292550102725,110.5492692845272,111.23008004200581,1963400
2020-11-11,112.97811889648438,113.84293032151975,112.4813087489069,113.54852508804876,1025700
2020-11-12,111.40489959716797,113.0149299893651,111.03689826572042,112.65612377778092,1216800
2020-11-13,112.16851806640625,112.79413016993152,111.59811177910495,112.2513232811544,865100
2020-11-16,112.23289489746094,113.3369197355364,111.35888137576188,112.67450623652594,1678100
2020-11-17,111.59809112548828,111.93849300318864,110.9632770002157,111.66249204985114,1634100
2020-11-18,110.88966369628906,112.93210285054388,110.83446491455472,112.37089183899913,1204500
2020-11-19,110.93569946289062,111.40490328175727,109.37166567580807,110.54009170124233,1172700
2020-11-20,110.72407531738281,111.5152907188025,110.39286854380364,111.34968733201292,950900
2020-11-23,110.50325775146484,111.33127457009383,110.01564979693157,111.1748663238385,935800
2020-11-24,110.79767608642578,111.81889578060346,110.44807206341454,111.10128345911093,1433100
2020-11-25,110.07086181640625,110.49406890367612,109.17844397228683,110.40206858369127,1400600
2020-11-27,109.65686798095703,110.38368251509888,109.36246271566193,110.24567851154724,616100
2020-11-30,109.6016616821289,110.2916746776529,108.8288504963461,109.16005729573163,1566600
2020-12-01,110.07086181640625,110.95407752277484,109.73045291137038,110.55846982958296,1545200
2020-12-02,107.7616195678711,110.17206732561414,107.29241581720035,109.79485687830172,1621700
2020-12-03,108.2746353149414,109.00484755220347,107.40577393480885,107.77550263180069,1619500
2020-12-04,108.64434051513672,108.76449931857695,107.96034715742329,107.96034715742329,1638500
2020-12-07,107.9326171875,108.98634626786934,107.64608084440981,108.6443460456099,1173500
2020-12-08,107.91413116455078,108.39477344245223,107.01754153747814,107.14694549891264,1234700
2020-12-09,107.75701904296875,108.40403897174748,106.8511840906902,108.40403897174748,1611700
2020-12-10,106.24112701416016,107.82171015378702,106.02853074359612,107.35030593783205,1672900
2020-12-11,106.6755599975586,107.36879860304731,105.52016232174405,106.13945378350358,1426100
2020-12-14,106.09322357177734,107.997316478778,106.04701190093954,107.19316429672747,1227700
2020-12-15,107.9418716430664,107.97884521503585,106.81420237995569,107.24863303561189,1479400
2020-12-16,107.29483795166016,108.26536764596891,107.10997011561071,107.82169894342401,997200
2020-12-17,108.61663818359375,109.393062119,107.55367079889265,107.72004836390664,1890600
2020-12-18,108.5241928100586,109.65185498193993,108.071271858185,108.92164282792668,3232700
2020-12-21,107.69229125976562,107.87715203743498,105.52938349070365,107.67380095080671,1392300
2020-12-22,108.99559020996094,109.08802061087826,107.19317271011694,107.95111328081897,1695200
2020-12-23,107.45198822021484,109.35608141074978,107.43350495952481,108.89392232163058,957100
2020-12-24,108.14520263671875,108.16368589326977,107.4149905931897,107.6460700860032,466100
2020-12-28,109.1527099609375,109.33757779335893,107.8679084965522,108.60736572226445,1172200
2020-12-29,107.97884368896484,109.90142709227713,107.71079058496564,109.5316984297959,863900
2020-12-30,108.08051300048828,108.57040045286608,107.64608237608161,108.02505617251714,735900
2020-12-31,109.00484466552734,109.12500349177257,107.66458610791169,107.74777136023805,898500
2021-01-04,106.13944244384766,109.13423092504712,105.61258144204417,109.0695289441936,1731000
2021-01-05,106.49067687988281,106.68478281536895,105.41847165738983,105.84365709492901,1336100
2021-01-06,108.84770202636719,109.47623861988717,106.49068803767038,107.036039386689,1617800
2021-01-07,109.11576843261719,109.43003324171632,108.03431075827477,108.60739059202938,1827600
2021-01-08,109.62416076660156,109.94767079601769,108.35784907260275,109.43005474895189,1372700
2021-01-11,108.18219757080078,109.18046286941703,107.83095921106005,108.6998134803109,1541600
2021-01-12,107.59064483642578,108.73679748255863,106.77724026976045,108.33009519922597,1477600
2021-01-13,107.41499328613281,107.99731108390668,106.86040389987389,107.34104615410185,1444800
2021-01-14,105.96381378173828,107.92337045874116,105.76970785012742,107.80320460680115,1605700
2021-01-15,106.03776550292969,106.75873243782829,105.46468578576025,105.60333490062236,3799200
2021-01-19,106.3058090209961,107.52590842852017,106.09321279038818,106.81417966047246,1636900
2021-01-20,106.34281158447266,107.08226191226228,106.13946045243435,106.36129484557242,1916200
2021-01-21,105.90838623046875,106.48145902923618,104.42023329149586,106.22265104889107,2268400
2021-01-22,106.62932586669922,107.03602804647227,105.20587528948029,105.77895499261625,1978100
2021-01-25,105.54786682128906,107.2393632758904,105.32602544036908,106.62931710832586,1542500
2021-01-26,105.32603454589844,105.87138583949013,105.0579885284231,105.84365742747453,1709500
2021-01-27,102.56233978271484,104.66054590583414,101.81364434730466,104.44794963114393,2504800
2021-01-28,103.62530517578125,105.79745135112373,102.87660975392818,103.06147055745143,1952600
2021-01-29,102.89507293701172,104.11517233737209,102.0909137894159,103.25555636993731,1891900
2021-02-01,103.60681915283203,104.06897823275793,102.74721003407828,103.42195834165685,1229600
2021-02-02,104.44794464111328,105.28907749176116,104.06897083754998,104.36475939759202,1579500
2021-02-03,103.72697448730469,104.71599453577338,103.56984210857303,104.34626589900279,1343100
2021-02-04,104.52189636230469,104.91010828639403,103.4127103694938,103.69000863069346,1206400
2021-02-05,105.12269592285156,105.92684812067958,104.74372213381622,104.99328490680043,1423200
2021-02-08,105.72348022460938,106.065480390728,105.04873209803326,105.44618908223046,1618200
2021-02-09,104.9563217163086,106.08398386003266,104.8731294213527,105.72350036986096,1155700
2021-02-10,105.08572387695312,105.76047212049424,103.9303262867922,105.6033397407093,1733900
2021-02-11,104.65129089355469,105.51090696331894,104.34626424415738,105.37225784523044,1289800
2021-02-12,104.67903900146484,104.76222425677646,103.86564150202359,104.30006514418722,1123100
2021-02-16,104.07820892333984,105.17814963732155,103.63454021738865,103.73621576499974,2077700
2021-02-17,103.71772766113281,104.28156223642712,103.45891973515911,103.67151598977298,2088400
2021-02-18,104.84538269042969,105.03948860876645,102.68247507527435,102.71021053673915,3645300
2021-02-19,103.1816177368164,104.9563136896169,102.46989596633972,104.9563136896169,2934300
2021-02-22,102.1926040649414,102.82114063771077,100.9725044886229,102.73795539595571,3271800
2021-02-23,101.60103607177734,103.99502343431107,100.85234072480102,101.99849310639165,2892400
2021-02-24,103.40345764160156,103.4958880316001,101.67498043548312,101.98000706926639,3076400
2021-02-25,103.77317810058594,104.90084718176941,103.1538867369808,103.1538867369808,2567100
2021-02-26,102.49762725830078,105.12269416832966,102.3312497284258,104.170640660053,2607600
2021-03-01,103.9673080444336,104.60508276908256,103.21860555168979,103.21860555168979,1937100
2021-03-02,105.67729949951172,105.83443189806226,103.36650404322215,103.8379012388738,3244900
2021-03-03,105.34452819824219,106.11171386429139,104.76220331948791,105.67728325696264,2824000
2021-03-04,106.77723693847656,107.92339660083957,105.41849508807485,105.64957464148844,3803500
2021-03-05,109.69806671142578,110.0215766192814,106.8419202632442,106.8419202632442,3281200
2021-03-08,112.51724243164062,113.66339487068535,109.7350430498749,109.94763225812353,3121800
2021-03-09,110.54845428466797,112.99789890235593,110.54845428466797,112.00887871960502,2268600
2021-03-10,112.48026275634766,113.01636185151617,109.92914303194166,110.77951392274804,2625100
2021-03-11,111.44475555419922,112.42918196091195,110.77608588719934,112.42918196091195,1956200
2021-03-12,113.10714721679688,113.23716553895956,111.59335841706451,111.90911517504038,1768900
2021-03-15,113.87796020507812,113.88724216582057,112.03911875640517,112.47561181715142,1598100
2021-03-16,114.1473159790039,114.36091449989725,113.48792814806858,113.96157043315307,1544100
2021-03-17,110.50675964355469,114.53734863317669,110.02383548957174,114.53734863317669,3825700
2021-03-18,113.20931243896484,113.32075267311403,110.46034232429282,110.68322987805877,2105800
2021-03-19,112.90283966064453,113.98942447600423,112.20630984277788,113.48792215688412,3643800
2021-03-22,114.57450103759766,114.72309036408048,112.5034828302165,113.17215251305646,2098800
2021-03-23,115.25245666503906,115.91183732355266,114.00799355655437,114.47234673174427,1961400
2021-03-24,115.9211196899414,116.93341323795536,114.5744983936893,114.9645533378561,2078900
2021-03-25,118.34504699707031,118.46577626826544,115.55892802868802,116.48763435148211,2953300
2021-03-26,120.54607391357422,120.70395227533884,118.04785183726078,118.2614503065973,2239000
2021-03-29,121.04757690429688,122.01343940130202,119.75667570172808,119.79383188980795,2394400
2021-03-30,120.06314849853516,121.15902929382841,119.65451546201678,120.54607973905084,2069500
2021-03-31,119.82168579101562,120.67609385083,119.57093113262385,119.60807314786233,1814700
2021-04-01,120.06314849853516,120.80611636757463,118.81868546618077,120.03528844340286,1308200
2021-04-05,121.65125274658203,121.81841309146148,120.45321359120746,120.55537185894534,1593500
2021-04-06,122.2177505493164,123.09072253773938,121.40976645984165,122.01343403666145,1806800
2021-04-07,122.97002410888672,123.73155602691534,122.61711112415337,123.34150101949544,1698200
2021-04-08,123.36933898925781,123.5643735435136,122.68210541059119,122.87712579391373,1543700
2021-04-09,125.07817077636719,125.08746690973786,123.39721446473749,123.58296708093073,1599300
2021-04-12,124.88316345214844,125.8025879832631,124.51168652271394,125.24535841817485,1795400
2021-04-13,124.8738784790039,125.28249742315865,123.65726109691562,123.88943771495033,1387800
2021-04-14,124.33521270751953,124.90172415712821,124.195898250179,124.77170583283775,1193600
2021-04-15,124.92959594726562,125.28249476294846,124.48380664703069,124.48380664703069,1296400
2021-04-16,125.42178344726562,125.92327859325515,124.93885222343401,125.57966181120554,1349900
2021-04-19,124.84599304199219,125.3289243320209,124.27019961564616,124.95744744488182,1507300
2021-04-20,125.2546157836914,125.70040501659113,124.40950380955317,124.71596442213787,1392700
2021-04-21,125.89544677734375,126.62913282420186,125.23607311951729,125.3660914584504,1181000
2021-04-22,125.1431655883789,126.27618833257539,124.90170706800014,125.90471150569535,1612900
2021-04-23,125.83973693847656,126.17407186175576,124.82745020471967,125.22678721730848,1089600
2021-04-26,124.38162994384766,126.14618044459503,124.34448792646509,125.37535250276966,1483700
2021-04-27,125.4310531616211,126.30403922952716,124.30732663066829,124.87383796169682,1744400
2021-04-28,126.51768493652344,126.83345592244874,125.40323994948741,125.92331333204177,1383700
2021-04-29,127.39993286132812,128.0036005035681,127.04703407744348,127.11203615436912,1705700
2021-04-30,128.13363647460938,128.68156990660012,127.03775543969134,127.21421194140211,1725200
2021-05-03,130.3346710205078,130.65042783968616,128.58871238032714,128.83017097659229,1410700
2021-05-04,130.8361358642578,131.2354727339289,130.0188698618564,130.21390440185937,1558500
2021-05-05,131.54196166992188,131.78342020988217,130.1210421440213,131.0311703633388,1410100
2021-05-06,131.3933563232422,132.24776437299755,131.14261583873534,131.75555119401818,1437500
2021-05-07,131.30050659179688,132.01560026893344,130.72469902604263,131.15191017670327,1584100
2021-05-10,133.04647827148438,134.23522137009675,131.92275142512426,131.9320333879022,1807600
2021-05-11,131.13333129882812,133.23221667942005,130.63183611455023,132.70284726791127,1790000
2021-05-12,128.32864379882812,130.95688461643746,128.27292368206966,130.87330444129978,1447600
2021-05-13,131.337646484375,131.83915583446537,128.49580740364243,128.8115641524052,1272300
2021-05-14,131.82054138183594,132.72138740025778,131.43976849344526,131.73696123685164,977000
2021-05-17,131.42123413085938,132.44281681255836,130.57612209883715,131.6441287625759,1482200
2021-05-18,130.45538330078125,131.792722724254,130.42752324370343,130.97545659414632,1672600
2021-05-19,129.22950744628906,129.9724755014016,127.80858759494471,129.9724755014016,1311400
2021-05-20,130.41822814941406,130.98473959939886,129.09946681046827,129.43380166899922,1029500
2021-05-21,130.9197235107422,131.71841146669973,130.16747370229217,131.10546192983935,1573500
2021-05-24,131.04974365234375,131.87629167416844,130.96616348822212,131.5233787532995,1137400
2021-05-25,130.6597137451172,131.2262252509086,130.43681909382786,130.89189035944258,1561000
2021-05-26,129.80531311035156,130.72472348755048,129.56384034790597,130.186072010243,1259100
2021-05-27,130.52963256835938,130.78966911754216,129.285169915709,130.2881599363117,2207000
2021-05-28,130.650390625,131.45837471219784,130.6132486095915,131.21690201377717,925600
2021-06-01,130.0839080810547,131.39337329317766,129.9724536803908,131.33765317831302,1117600
2021-06-02,131.05902099609375,131.170475381929,129.83313611936762,130.30677120363615,1354700
2021-06-03,131.09165954589844,131.6698085554577,130.52283047139682,131.00773744365438,890600
2021-06-04,131.25021362304688,131.68849256173516,130.56948825762296,131.4553660721738,641900
2021-06-07,130.14984130859375,131.47399783684705,129.9633287655054,131.20356318671455,1087200
2021-06-08,129.9353790283203,130.56015632355638,129.48778014480575,130.35500387092222,1112100
2021-06-09,130.15914916992188,130.42956956605946,129.6276140834649,129.78613834725698,890300
2021-06-10,130.48553466796875,130.73731522752567,130.13119212631034,130.51352293361717,941500
2021-06-11,130.46690368652344,130.94247657239595,129.7954983012265,130.8399003543947,1262700
2021-06-14,130.78396606445312,130.80262016848647,129.87011417159195,130.46691744044796,813700
2021-06-15,131.352783203125,131.58590968089365,130.0099724145518,130.71867178456057,934100
2021-06-16,130.38299560546875,131.9495988538557,130.00066473095325,131.9495988538557,1395700
2021-06-17,129.8980712890625,130.438926404264,128.99353945161124,130.2057999354139,1215300
2021-06-18,127.81861877441406,129.23601781066185,127.72536247225204,128.75112488037843,2710800
2021-06-21,129.95401000976562,129.99130398137632,128.3407789455519,128.4993032254888,1461400
2021-06-22,130.24310302734375,130.5881256721438,129.72090197718865,129.8887462166336,1047500
2021-06-23,129.1707000732422,130.11252575541238,129.1520459742057,130.11252575541238,937800
2021-06-24,129.1893310546875,129.81412238370027,128.76038640872034,129.60896999513943,1072400
2021-06-25,129.7208709716797,130.0658935340134,128.9468895184405,128.9468895184405,1540400
2021-06-28,129.78616333007812,130.06591794370038,129.09611807590872,129.6742671761935,1014300
2021-06-29,130.04730224609375,130.3363768499743,129.4971128530907,129.77686751871857,1146500
2021-06-30,130.65338134765625,130.86785368630152,129.76750372994803,130.00063016770852,1206200
2021-07-01,131.6418914794922,132.13611860064697,131.1476643583374,132.13611860064697,1292000
2021-07-02,132.38787841796875,133.04062977445267,131.37145028937863,131.62321666543588,1470200
2021-07-06,133.1338653564453,133.21778746874307,131.54860824332147,132.77018864091156,1198600
2021-07-07,134.31809997558594,134.9708652768268,132.77015149802267,133.1338281118167,1630900
2021-07-08,132.5743408203125,133.60010283726496,132.24797234503384,133.33900236547862,1317300
2021-07-09,133.38560485839844,133.69333343715724,132.5743294782481,133.2923628286853,894800
2021-07-12,133.4508819580078,133.9824027707829,132.94733517596262,133.32965167224035,1087900
2021-07-13,132.90074157714844,134.0197457837917,132.62098696825998,133.81459335253422,1197400
2021-07-14,134.2715301513672,134.36477220435955,132.98466745143912,133.20847399066034,848200
2021-07-15,135.54908752441406,135.68895774811602,133.76799745506813,133.77733162259088,1217400
2021-07-16,135.95936584472656,137.00376792082218,135.88476366373243,136.0526078992859,1125700
2021-07-19,133.9358367919922,135.68893833689071,132.63965406509737,135.20404547814852,1951800
2021-07-20,135.37188720703125,136.50954560563,134.19693483111146,134.2342288084325,1669500
2021-07-21,135.07345581054688,136.10853770267227,134.8309952229901,135.7355268867802,976300
2021-07-22,135.1947021484375,135.48377670241658,134.50465688510965,135.30661253271813,1065900
2021-07-23,136.50953674316406,136.93849571352112,135.24132816290881,135.24132816290881,908200
2021-07-26,136.78929138183594,137.09702003323267,135.89407946605354,136.33235837299034,1249200
2021-07-27,137.04103088378906,139.8292135547997,136.8545183784224,138.20666289779857,1876300
2021-07-28,135.83815002441406,137.32083117907547,135.54907543526895,137.32083117907547,1224200
2021-07-29,136.34170532226562,137.32082521616644,136.27642307391915,136.75199600035418,943500
2021-07-30,138.25331115722656,138.60766793080865,136.26708338734628,136.26708338734628,1388200
2021-08-02,137.3301239013672,139.08322501164332,136.71466669987797,138.66360027568552,928500
2021-08-03,139.32568359375,139.38163166054701,137.33944184900707,137.48864617973786,1344600
2021-08-04,138.8128204345703,140.64985808460463,138.6915901216624,139.09257503340635,1553700
2021-08-05,138.31863403320312,139.65211095054877,137.76845883914783,139.10193575649348,1135900
2021-08-06,137.8616485595703,139.31635527293568,137.55391995037246,138.3185815057566,1201700
2021-08-09,137.29286193847656,138.29997018127438,137.01310727732496,137.83371715565946,1055600
2021-08-10,137.05970764160156,138.01086760513724,136.83591534117687,137.07836174294036,1273700
2021-08-11,139.06460571289062,139.129873725117,137.66584690018053,137.75908895034826,1224200
2021-08-12,139.95050048828125,140.15565294410342,138.80352210630258,138.94339231303942,1356900
2021-08-13,140.44473266601562,140.9482796576166,139.7733271912725,140.3141823919774,906300
2021-08-16,141.6755828857422,141.74086511402564,140.06235202347276,140.500630836809,1141300
2021-08-17,141.4611358642578,142.12322128439905,140.6778343581914,141.7129164301042,1295100
2021-08-18,139.46556091308594,141.4518027596912,139.35366477375342,141.05081787890157,1366200
2021-08-19,141.3865203857422,141.7035831617183,138.35587663127887,138.35587663127887,1345600
2021-08-20,142.617431640625,142.94380011568603,141.05081458204293,141.41449125528203,1404300
2021-08-23,141.51708984375,143.0557331115535,141.4704759320163,142.91584868962005,1337600
2021-08-24,142.10455322265625,142.2630774955311,141.06015131717072,141.51707003636625,1249700
2021-08-25,142.514892578125,142.85991524218738,141.66630870979148,142.16986991406264,1080300
2021-08-26,143.23287963867188,143.51261996247374,142.30037394891204,142.67337053325292,888900
2021-08-27,143.7457733154297,144.21202624766127,143.29817448458226,143.8017356195821,1061200
2021-08-30,144.65963745117188,144.91140378653088,143.68982339638492,143.7551056359366,658500
2021-08-31,144.64097595214844,145.1165487901906,143.9043026270742,144.8554483031585,1732600
2021-09-01,145.33103942871094,145.76931830752073,143.78307633457038,144.11877900283088,1533100
2021-09-02,145.831787109375,146.57120280633185,145.2889291100505,145.91602000195914,1710900
2021-09-03,145.44802856445312,146.18744420101035,145.37316440933986,146.009609699013,1419300
2021-09-07,143.44505310058594,145.40121801779912,143.28594180445265,145.1485051208349,1565100
2021-09-08,144.36231994628906,144.98004202647397,142.94901272933075,143.20172565580688,1811600
2021-09-09,143.95050048828125,144.66182420386374,143.71651073270263,144.49335843501578,1383700
2021-09-10,144.55885314941406,144.98003180945912,143.74457345455357,144.2780626155174,1249900
2021-09-13,145.1953582763672,146.70225319087294,144.31555432507005,145.53230416661705,1971000
2021-09-14,144.6805419921875,146.12191254893997,144.37167381254037,145.56034572543675,1051400
2021-09-15,145.66331481933594,146.32783776218335,144.29680829149436,144.65247730865903,1054500
2021-09-16,144.0347442626953,146.0938514111491,143.969234552613,145.90666244885372,850000
2021-09-17,142.9022216796875,143.76331657820225,142.4904116919827,143.3046914998196,3109000
2021-09-20,142.9490203857422,143.18301014607837,140.87119017142862,141.32046079402724,1453000
2021-09-21,142.9677734375,144.3810667438515,142.85546289918466,143.24856406489292,1127300
2021-09-22,143.59486389160156,144.29683331673547,142.89289446646765,143.81949924902204,1194200
2021-09-23,143.66970825195312,145.1017243968875,143.43571849909978,144.44655594521836,1110500
2021-09-24,144.31552124023438,144.33424441917933,143.34211587751165,143.34211587751165,1240200
2021-09-27,142.3125762939453,144.27808172839772,141.87267439827227,143.959859079239,2123900
2021-09-28,140.31895446777344,142.106639367521,139.71994135202965,141.86329519854982,1795000
2021-09-29,141.89137268066406,142.24702734548168,140.3470319514325,140.8618121945097,1557400
2021-09-30,139.79481506347656,142.68692449596878,139.74801426443713,142.29382349091534,1587100
2021-10-01,140.24412536621094,141.01161877778054,138.0820618643371,140.1318148305097,1241900
2021-10-04,139.2987823486328,141.06774432120972,138.42833303554826,139.82291711360355,1413600
2021-10-05,140.25347900390625,140.81504590357832,138.75593870824198,139.53278648697759,1123200
2021-10-06,141.5918731689453,141.76035321156,139.1396652146256,139.45788783983033,1493000
2021-10-07,144.12831115722656,144.27805372202127,142.4903831389933,142.4903831389933,1649600
2021-10-08,144.8115997314453,145.24213293947986,143.43573864885948,144.04410637910084,1563400
2021-10-11,144.2125701904297,145.76626562003392,144.20321574143262,144.78350577448418,1035000
2021-10-12,144.5682373046875,145.9066518554474,144.1751219463259,144.8022270609687,1603700
2021-10-13,145.04559326171875,145.68203864014944,142.26579339302413,144.7554482049869,1316900
2021-10-14,147.84410095214844,147.94705702109235,146.04704697029064,146.18744939972436,1346500
2021-10-15,148.04066467285156,149.31356975373092,147.95643177259433,148.8175125211886,1162500
2021-10-18,147.0953369140625,148.03129602252824,146.59927972910384,147.72242780294224,1554800
2021-10-19,148.6677703857422,148.723925658157,147.09536563170607,147.6007773650447,1960300
2021-10-20,150.22146606445312,150.2869900699322,148.44314912586498,148.44314912586498,1446800
2021-10-21,151.5130615234375,151.9342402561274,150.17463260303808,151.70025048445498,1489500
2021-10-22,153.8904266357422,154.04953800320132,151.70028529786157,151.84067348044152,1249000
2021-10-25,150.8297882080078,154.2647703301995,150.26822137298217,153.4317531039495,2778800
2021-10-26,149.07957458496094,149.9687329349506,144.14706578900078,147.6943590202948,3007400
2021-10-27,145.21400451660156,149.69725524067786,144.79282590593337,148.6396172090193,2572100
2021-10-28,147.41357421875,147.600763202707,145.44805418319172,146.02835859954357,1845200
2021-10-29,149.96873474121094,150.33375824851277,147.19830357851095,147.41357019009826,1609000
2021-11-01,149.07957458496094,151.2042058873094,148.38695966182613,150.61454704353784,1284900
2021-11-02,150.90469360351562,151.4569203701151,148.87366391001953,149.2106097838753,1168900
2021-11-03,149.49139404296875,151.44754520567906,148.4056780198136,150.7174982235996,1107900
2021-11-04,150.41799926757812,151.166755152276,149.38843850371396,149.38843850371396,1064500
2021-11-05,149.65054321289062,151.32590420256955,149.07025297315937,150.7830603353667,1136300
2021-11-08,149.80026245117188,151.48499175092098,149.28548207047032,150.38990699488178,1304000
2021-11-09,149.36033630371094,150.02485918431285,148.91107999047014,149.38841393068844,1196600
2021-11-10,151.7002410888672,152.06526453880426,148.48989419392197,148.7613303099478,1777500
2021-11-11,150.91404724121094,151.8967928501938,150.3711892608725,151.4381820410957,972100
2021-11-12,152.54261779785156,152.98251973952358,151.06380063161848,151.65345946441354,2196600
2021-11-15,152.5613250732422,153.50663857188997,152.03719029056217,152.5613250732422,1240400
2021-11-16,154.08692932128906,154.1618077524479,152.77657819841002,152.8889029859485,1450300
2021-11-17,154.8169708251953,155.28495029257218,153.68445423023934,154.4332242343623,1739000
2021-11-18,153.95590209960938,155.6967864227265,153.75934442436665,154.81698267168005,1684800
2021-11-19,152.92637634277344,154.9199740509424,152.17760611065705,154.27415990426206,1881500
2021-11-22,152.58006286621094,153.73128860854018,152.289917818125,153.0667513358247,1794400
2021-11-23,154.2834930419922,154.43324992404857,151.89679450502734,152.39286596203934,1067600
2021-11-24,155.10714721679688,155.2943361853306,153.3288305933222,153.87167431758917,1194300
2021-11-26,153.00123596191406,155.16329920834835,152.64556693207552,153.60024921755647,1120800
2021-11-29,156.14608764648438,157.27859037214793,153.7032333661491,154.28352354684927,2030100
2021-11-30,150.3805694580078,155.88401436228565,150.01554592547538,154.90125430343537,4340600
2021-12-01,150.23080444335938,154.06824283494566,150.09977072802542,151.60666559516787,1652300
2021-12-02,153.80491638183594,154.77241895181578,150.79906812599327,151.21237297781897,1332000
2021-12-03,153.3164825439453,154.8663615939148,151.8699153865552,154.33095430377838,1204000
2021-12-06,153.5607147216797,155.68359656629238,153.31649559189714,154.80062953353664,2162100
2021-12-07,154.28399658203125,156.6416951142297,153.57950344695348,155.0824278682992,1407300
2021-12-08,153.607666015625,154.50002102712594,152.339572771475,154.28398050144526,1248200
2021-12-09,152.91258239746094,153.77677328681082,152.3677869666687,152.75289900113216,1598100
2021-12-10,154.72544860839844,155.60841545129384,153.4197888370596,154.17125089481826,1490600
2021-12-13,154.2651824951172,155.6271994813993,153.89884669421446,154.72545643284516,2328400
2021-12-14,152.7152862548828,154.22759835545637,151.3626575024511,153.67340067667956,1971200
2021-12-15,152.6683349609375,153.6734185628042,151.42843468219297,153.10981840604472,3044800
2021-12-16,155.96539306640625,156.39748853040598,153.30711803651366,153.68284200550855,2269000
2021-12-17,151.5223846435547,156.10629133320268,151.3908798286689,155.8057007089209,2603800
2021-12-20,150.84603881835938,151.17480795393175,148.04685729120445,150.31063158759355,1397600
2021-12-21,150.32003784179688,152.63078148449088,149.35253514441547,151.81355975333335,1186900
2021-12-22,150.9118194580078,151.24057430655378,149.8503785954748,150.47033596649138,1495600
2021-12-23,152.1141357421875,152.7434811224609,150.92119021062138,150.95877119827944,1778800
2021-12-27,153.85186767578125,153.94580580653127,152.22684121102014,152.63075797370954,1295300
2021-12-28,155.1199951171875,155.24211184760787,153.89887081183255,154.0961351969001,1004000
2021-12-29,156.28472900390625,156.7356005028842,154.93210017402583,155.56144552318892,773100
2021-12-30,155.67417907714844,157.27102718053183,155.40178139465027,156.86712469735383,822300
2021-12-31,156.773193359375,157.4401198058109,155.26088091943623,155.26088091943623,844600
2022-01-03,152.8656005859375,156.51957055586303,151.23117158411145,156.36927526841862,2704000
2022-01-04,154.33094787597656,155.96536258795587,153.08164514042645,153.10982371594693,2111400
2022-01-05,152.02020263671875,155.01664868545527,151.6820454013421,154.37791520360366,1761300
2022-01-06,152.96893310546875,154.05853815195448,151.23117781356223,151.56933505776763,1171700
2022-01-07,151.945068359375,153.93644529087416,150.93999897852242,152.78106627413888,1560300
2022-01-10,149.73765563964844,150.99634647204283,148.69500533330427,150.29185340918727,2299900
2022-01-11,149.78460693359375,150.23547842708524,148.2535042721596,150.10397364427746,2161900
2022-01-12,149.75645446777344,151.15605272434198,149.00500655335165,150.28248807399902,1569300
2022-01-13,147.89657592773438,150.4421505323111,147.61477583257505,150.16035043715178,1392700
2022-01-14,147.14511108398438,147.86839463726224,145.70794639129522,146.25275607648328,2086300
2022-01-18,145.92401123046875,146.71304007004426,144.43047495126282,145.98036838573142,1955900
2022-01-19,145.67039489746094,147.74629329944804,145.5200995894308,146.0742974132238,1490300
2022-01-20,143.93260192871094,147.44567859038463,143.57566858134692,146.3090903274195,2424700
2022-01-21,142.21368408203125,144.79682573983726,141.9788530222307,143.6414609388447,2526500
2022-01-24,140.70135498046875,141.37766950000415,138.0242898125108,140.6356097445702,4117100
2022-01-25,139.0293426513672,140.05321672334242,136.69043502119703,139.7244475840834,3642900
2022-01-26,138.98240661621094,141.61250275236054,137.70492520738873,139.1139114230184,2401000
2022-01-27,137.3761444091797,140.97375729554133,136.46499892013767,139.25479253785224,2856800
2022-01-28,138.926025390625,138.95420396632665,135.30963629041645,137.47947261713117,3214500
2022-01-31,141.31190490722656,141.49976684070893,138.43757575940057,138.5596781330434,2040100
2022-02-01,140.6731719970703,142.07277006534403,138.93543101256898,141.36827699063983,3067400
2022-02-02,139.1326904296875,139.55539776937465,134.3045648054398,134.3045648054398,4096900
2022-02-03,137.5452117919922,139.367502716168,137.38552842573262,137.8645928574587,2224500
2022-02-04,136.23019409179688,137.80826627636992,135.49752232740778,136.2020155110858,1627700
2022-02-07,136.2865447998047,137.6203834444547,135.9953565909448,136.84074263814767,1670900
2022-02-08,136.34288024902344,136.98162805674036,135.55385148620917,136.3898493181559,1762500
2022-02-09,137.74249267578125,138.54092393584122,136.86892809677477,136.93467333409023,1559600
2022-02-10,135.0935821533203,137.70490168016775,134.58633917590592,136.45559906246862,1924300
2022-02-11,133.98519897460938,135.7886996602361,132.89557949799658,135.1687422684099,2289200
2022-02-14,133.16798400878906,134.4642415431478,132.0407979355842,133.85368660060516,2143300
2022-02-15,134.02273559570312,134.68966191311628,133.24310932269435,134.33271422213915,2092400
2022-02-16,133.91946411132812,134.4642595588934,132.73590639288173,133.59069489332623,2023300
2022-02-17,134.3796844482422,134.8211678594418,132.9331318453164,133.29946761918987,1915300
2022-02-18,133.69398498535156,135.25326624596107,133.44976590823487,134.10728983350796,1746100
2022-02-22,132.94248962402344,133.88181337708397,132.23799680922804,133.61880387286246,2407800
2022-02-23,132.0690155029297,133.88190470316653,132.00325591554562,133.34649725183002,2201100
2022-02-24,133.29946899414062,133.77851906247145,130.17151843128946,130.75389471039122,3067700
2022-02-25,136.352294921875,136.699840265397,133.38402721437967,133.5812915892928,1605500
2022-02-28,135.63841247558594,136.5401700388736,134.4736596086542,135.14057178253606,2230100
2022-03-01,137.68614196777344,138.34366603646438,135.3190409875363,135.5538720358509,3224800
2022-03-02,141.04891967773438,141.8379485343088,138.13700904087017,138.39063057796525,2150500
2022-03-03,143.53811645507812,145.05981694262871,141.97883497628385,142.0727731214444,2215700
2022-03-04,148.24411010742188,148.41318153568653,141.96003069722812,142.542406949623,2631200
2022-03-07,146.3936309814453,148.82647636664612,146.00850475455243,147.67111201891225,2972700
2022-03-08,138.98240661621094,146.78818795752764,138.88846846865604,145.59524228173544,3031000
2022-03-09,140.87982177734375,141.91308400051915,139.2641832099866,140.76710747406935,1959800
2022-03-10,142.26063537597656,142.60819504743776,139.89353457588223,139.89353457588223,1920500
2022-03-11,142.2794189453125,144.26139331908732,142.2042712992751,142.9651215076006,1415500
2022-03-14,145.07858276367188,145.26644468909333,141.9600346694263,142.98389434597752,1839000
2022-03-15,145.75489807128906,146.5721053350935,144.51499788941152,146.1494124170204,1965300
2022-03-16,145.73602294921875,146.83965324048063,143.5664870428482,146.13219681839703,2051600
2022-03-17,146.8019561767578,146.88684750899824,145.47193439869574,145.7360503611596,1339900
2022-03-18,146.83966064453125,147.57541420913785,145.36815351531808,146.83023307332704,2834700
2022-03-21,147.17926025390625,148.40552115874786,146.66045590263784,147.18868782638734,1509600
2022-03-22,146.0473175048828,148.15081740931222,145.4719189919034,147.3867667135872,1304900
2022-03-23,144.8399200439453,146.19823873056927,144.71728965346895,145.92468084308172,1318200
2022-03-24,146.2454376220703,146.29260427908417,144.64187203629896,145.22671267543376,1322100
2022-03-25,147.41505432128906,147.48109049727577,145.95297481106505,146.53781525109747,1106900
2022-03-28,149.1884307861328,149.19785835793863,147.43393808320883,147.68862645436022,1439100
2022-03-29,148.8017120361328,150.18832819040117,147.16040746348565,150.01853111373458,1278900
2022-03-30,150.4052734375,150.43357055063447,148.84887464213662,149.16015727985763,1166000
2022-03-31,149.5091552734375,152.03712651063026,149.5091552734375,150.73541620795612,1625900
2022-04-01,150.74485778808594,150.92408243890088,148.8488791840144,149.44313297121295,1605600
2022-04-04,150.3486785888672,150.924077208956,149.2356204282071,150.59392503276476,962900
2022-04-05,151.4805908203125,153.07472852595978,150.21660525714182,150.2826414429332,1291400
2022-04-06,151.96168518066406,152.97098245709097,150.71655464162356,151.04670681604108,1799900
2022-04-07,154.4896240234375,155.17821094691283,151.49944311657788,152.25406621832923,1968500
2022-04-08,155.7819366455078,156.38563236489045,154.02744371210807,154.8009364989765,1536100
2022-04-11,154.8480987548828,156.44223654182824,154.3764610377151,155.64044666534676,1381200
2022-04-12,152.6691436767578,155.21598461882337,152.40502769125422,154.02744829081553,1666800
2022-04-13,150.6788330078125,153.18793488989408,149.40540533011117,152.48047826744707,1802000
2022-04-14,150.13177490234375,152.00888447165053,150.0185720226158,151.00901445907076,1282700
2022-04-18,149.0469512939453,150.9523717665599,148.16971201877467,149.64121944373275,1098500
2022-04-19,150.05624389648438,150.67880907975132,149.3299178493396,149.3770844953276,1343100
2022-04-20,151.4805908203125,152.08428649177014,150.42412699357163,150.64107630229734,1546000
2022-04-21,152.0182647705078,153.43317785051647,151.6220908352942,152.33897494759879,1352000
2022-04-22,148.57530212402344,152.34840369993836,148.38664992387575,152.06543259633696,1599900
2022-04-25,147.11322021484375,148.69791578955582,144.4626045658678,148.50926361064802,2538400
2022-04-26,154.83865356445312,158.23445081464183,152.84834186372265,156.25356668649167,3388400
2022-04-27,157.95143127441406,158.8286847055225,155.2159389185775,155.6404098850711,3318300
2022-04-28,160.02667236328125,160.52660719416153,156.02719371623897,157.49870109718782,2162900
2022-04-29,155.11219787597656,159.99835718631948,154.80091528927002,159.40410351464277,2238000
2022-05-02,150.01852416992188,155.54611899079285,148.1414151993726,154.31987239639557,2388500
2022-05-03,150.29208374023438,153.01814929779852,149.48086625286712,150.13172863605314,1706500
2022-05-04,153.12188720703125,153.3294089326638,149.42424961258513,149.99964814397728,1698600
2022-05-05,149.64122009277344,152.83892336264532,148.47155332756466,152.60310449497558,1938400
2022-05-06,152.6031036376953,153.13133559538943,147.8961538838829,148.91489311368213,1933700
2022-05-09,150.20718383789062,151.84847386549063,149.5374519532069,151.63152454787792,2040700
2022-05-10,148.0470733642578,151.75415322615368,146.3020224841182,151.21647933136154,2149500
2022-05-11,148.8300018310547,150.32980636718378,148.14141477118105,148.18858142311572,1423700
2022-05-12,146.66046142578125,150.42413561409484,145.3021424888488,149.23561374089942,2337100
2022-05-13,148.94317626953125,149.6977994497718,147.26414724994706,148.55644430382748,2052500
2022-05-16,148.49984741210938,149.82986925302362,147.75466613849454,149.08468797940878,1810000
2022-05-17,148.31117248535156,149.93360716480527,146.35860008440045,149.93360716480527,1796600
2022-05-18,144.37771606445312,148.49982454672207,143.9909697345327,148.09422307380964,1954500
2022-05-19,144.1041717529297,145.35872963035305,141.76483864349544,143.23636020326427,1850200
2022-05-20,145.73602294921875,146.1416243891259,142.69867555894754,144.45316806144433,2706000
2022-05-23,147.22642517089844,147.52826581238727,144.66071494866213,146.25485266687957,1781700
2022-05-24,148.66021728515625,149.19787680936932,145.943579372211,147.41508677730928,1661000
2022-05-25,147.160400390625,149.3110673034218,146.79252353431085,148.81113245748824,1604700
2022-05-26,149.02809143066406,149.6034900227995,147.8301275959085,148.40552618804392,1585000
2022-05-27,151.86734008789062,151.8767676603668,149.29220226433372,149.29220226433372,1518500
2022-05-31,149.5186004638672,150.92408619815478,148.89604954716407,150.75430350993827,4298000
2022-06-01,149.53744506835938,150.42412622983218,148.84885807001478,150.04682183455188,1302400
2022-06-02,150.95819091796875,151.11920619753423,148.13564697500343,149.98261840192637,1064600
2022-06-03,150.71189880371094,151.04341015409076,149.31010787131103,150.0299433333551,1007800
2022-06-06,149.59426879882812,151.7253761788108,149.4332535310846,151.5454136876572,1230700
2022-06-07,151.35597229003906,151.3938522812287,148.59973683800666,148.988075397055,1287500
2022-06-08,148.76075744628906,151.03394721686263,148.61868940859532,150.3425108934298,1075400
2022-06-09,145.24681091308594,148.97860452597487,145.1805028584487,148.43873151355686,1046800
2022-06-10,143.40931701660156,144.97212325167996,142.49057182670816,143.82606919995482,1372800
2022-06-13,140.04690551757812,142.45268259244594,139.3270700079516,141.1266660082663,1683800
2022-06-14,137.9252471923828,140.80461777392884,137.50849504617258,139.47858690394224,1394600
2022-06-15,137.7263946533203,139.74383351019156,135.66158050310764,138.73984727534022,1291900
2022-06-16,134.81857299804688,136.78866493222426,134.13661754188948,136.15407030406305,1834300
2022-06-17,133.2178955078125,134.45868582557418,131.55090102163746,133.9661591434664,3307700
2022-06-21,136.3813934326172,136.9307472411804,133.71039882399904,134.48707593515599,1529000
2022-06-22,137.25279235839844,138.51251536261344,135.0553768902197,135.64262520464516,1400400
2022-06-23,139.41233825683594,139.7438352418383,137.42329853682313,137.88741165882604,1357800
2022-06-24,142.36744689941406,142.66106383560515,139.75329363098982,140.30264750781396,4927000
2022-06-27,141.62867736816406,142.61373077464657,141.2214059547617,141.8938807193327,1096000
2022-06-28,141.0130157470703,142.89785262947984,140.7099179745739,142.1590698746414,1153800
2022-06-29,143.25782775878906,143.6556328850421,140.7289144510003,141.87496897966932,1282000
2022-06-30,144.89630126953125,145.33200053257227,142.11165300583366,142.17796103710816,1841300
2022-07-01,147.42527770996094,147.76625549369365,144.73534988967944,144.8584851720684,1519300
2022-07-05,143.6840057373047,146.7338586257493,142.40534986267616,146.336053612365,1434900
2022-07-06,146.39288330078125,147.2169069529193,143.2862031370327,143.74083538105728,1608100
2022-07-07,145.4457244873047,146.98959818402082,145.10474669086733,146.23186814166021,1124000
2022-07-08,144.68797302246094,145.64461265964442,144.29964889852627,145.2468076981162,881100
2022-07-11,144.51751708984375,145.54045050971177,144.0628848318465,144.3849154124071,1121000
2022-07-12,143.0493927001953,145.48359775836911,142.64212135256108,144.11968677118185,1667900
2022-07-13,142.48110961914062,143.20095964905468,141.13614568495672,141.71391320515175,1170200
2022-07-14,143.08729553222656,143.2861907988927,140.85200005054378,141.14561698395386,1286400
2022-07-15,143.9776153564453,144.65957090250583,142.86944120722134,144.65957090250583,1075400
2022-07-18,141.38241577148438,144.3943741942693,140.93724992371455,144.14811807842779,1252400
2022-07-19,144.10073852539062,144.29016739393367,141.7991495902247,142.2916617579374,1438400
2022-07-20,144.6785430908203,145.16158899742157,143.8261057374063,144.5554077910494,1057500
2022-07-21,147.04641723632812,147.46316945909157,144.36595585127924,145.17104668639024,1371200
2022-07-22,146.74331665039062,148.25877662192818,146.1560827763561,147.48211386457578,1145200
2022-07-25,147.66207885742188,148.29668809074448,146.22240761697103,146.72440071900306,988100
2022-07-26,146.81912231445312,148.1451536846457,146.59181338713475,147.56738607354404,1764400
2022-07-27,150.88241577148438,151.39387521876154,148.7134137954901,149.17752685973073,2064400
2022-07-28,155.87393188476562,156.27173684960914,151.40334115724357,151.63065002144188,1563700
2022-07-29,155.86448669433594,158.08083534214194,155.56140332192217,156.28123897734213,2070000
2022-08-01,154.7278594970703,155.96863519142812,153.92276874985538,155.2487997186508,2016300
2022-08-02,154.69944763183594,155.69396725650782,153.58179273908675,154.8320492849591,1585500
2022-08-03,157.39886474609375,157.8440306013618,155.07832824783384,155.39089243041553,1400200
2022-08-04,160.1929931640625,160.34452760774195,156.91581693358714,156.92528331991141,2039000
2022-08-05,159.9088592529297,160.71393574929596,157.43677362997025,159.12271553118399,1468900
2022-08-08,160.54347229003906,162.12522630042542,160.08883995503314,160.534005901654,1483000
2022-08-09,160.92230224609375,161.90735566231933,160.4297899904798,161.00755753677592,1171800
2022-08-10,161.08331298828125,163.32807484399646,160.16456774511994,162.39986321520874,1351900
2022-08-11,160.77073669433594,161.83154990428687,160.42975895506655,161.01699277450425,1239000
2022-08-12,162.66505432128906,162.71240069836244,161.0264592236623,161.3485041932368,1396800
2022-08-15,163.57437133789062,163.75433387671455,161.111766384644,161.83160208743902,1522100
2022-08-16,165.57284545898438,166.23585380033634,162.9018648688242,163.14812098061267,1554600
2022-08-17,166.0274658203125,166.29268359039725,164.83405089116698,165.08030698535663,942800
2022-08-18,165.7433319091797,166.6810099185062,165.00454916440853,166.52947548682016,795400
2022-08-19,165.10874938964844,166.25480358610415,164.90037327165683,166.2263899747869,1207100
2022-08-22,165.03298950195312,165.9990812769676,163.49858209296067,164.0289888210077,1391600
2022-08-23,164.26577758789062,164.919319606929,163.56488918109528,164.2278975871852,1549500
2022-08-24,164.3131103515625,165.07084030868978,163.65010205876246,164.60672727748133,1689600
2022-08-25,165.40234375,165.5065317947652,163.58380061159502,164.27522248003896,1235000
2022-08-26,162.4472198486328,165.97065215865283,162.40933985123925,165.75280965551931,1235900
2022-08-29,162.6555938720703,163.74483527871482,161.32011080678996,161.68002136113955,924300
2022-08-30,161.7084197998047,163.29017328031014,161.28220122523678,162.41878890825006,1672300
2022-08-31,160.09825134277344,162.8544869285826,160.06983773487818,162.21989226476163,2098800
2022-09-01,161.0548858642578,161.2916755787711,159.87093729169138,160.26875673027126,1461700
2022-09-02,159.54891967773438,162.1441403620049,158.94273853755786,161.68002728105006,1803800
2022-09-06,160.22140502929688,161.2822183859824,159.2742461172568,160.06985613477093,1565900
2022-09-07,164.54994201660156,164.995107937953,160.5150495608955,160.5150495608955,2146100
2022-09-08,165.02528381347656,165.76684112750928,163.62773014315917,164.01752718193336,1503500
2022-09-09,164.8541259765625,165.96647630989145,164.08404844331392,165.60519963729664,2308200
2022-09-12,165.14886474609375,166.12810095884075,164.53089070937173,164.84462869599554,1577500
2022-09-13,162.77207946777344,164.94921254723198,162.34424569724635,163.8273747219777,1815200
2022-09-14,163.2664337158203,165.16786547238837,162.4583339233427,163.1903747047448,1706200
2022-09-15,162.60098266601562,164.02705689708523,162.03054717087687,162.92422267676486,1764700
2022-09-16,160.99424743652344,161.9069411992224,160.34776750580872,161.393546424337,3436900
2022-09-19,162.48684692382812,162.78156651174393,159.83434161904123,160.1100573351235,2175900
2022-09-20,161.33648681640625,161.65972674376138,159.64421365934285,161.57416579359798,1782300
2022-09-21,160.56640625,164.59744685026033,160.56640625,162.42029933608706,1534600
2022-09-22,158.64593505859375,160.7280049049643,158.3607319345194,160.61392365533456,1324300
2022-09-23,157.57167053222656,158.15160785582427,156.0410172359621,157.53363376952618,1750600
2022-09-26,157.07728576660156,158.39878031768532,156.3167101277765,157.34348506417427,1880700
2022-09-27,155.1758270263672,157.56211835412697,154.11103002063712,157.52409610682426,2513100
2022-09-28,156.55438232421875,157.61917946836846,154.1775926226181,155.8888841091252,2612100
2022-09-29,153.93040466308594,156.6684564092682,152.86559306095222,156.46881420727416,1845100
2022-09-30,152.31419372558594,154.80506462700288,152.2000979582209,154.377245393009,1993200
2022-10-03,156.9536895751953,157.36250496906862,153.39802127740865,153.6547041339146,1615000
2022-10-04,159.89138793945312,160.91816281913447,158.1610926008076,158.43679381993113,1637500
2022-10-05,158.41781616210938,159.90093084259232,158.22766135136004,158.76957644980013,1190500
2022-10-06,151.5441131591797,157.58116510623046,151.04975132137062,156.9917258728876,3011000
2022-10-07,147.58912658691406,150.9641560845878,147.10425224269932,150.21309698265418,1963100
2022-10-10,147.83633422851562,148.8060685856735,146.52434153981818,148.24513513483467,1415100
2022-10-11,148.56837463378906,149.62366984089047,147.2468801408218,147.48455911082866,1641100
2022-10-12,146.74302673339844,149.56665453575548,146.70498996796354,149.3574958461901,1353400
2022-10-13,149.62367248535156,150.03247335773747,143.7672590792501,144.02395643329086,1826200
2022-10-14,147.10426330566406,151.4680601979162,146.52432604152958,151.05924482806418,1413600
2022-10-17,150.04197692871094,150.79303603979227,148.7109660832737,148.9201247231742,1374100
2022-10-18,153.17935180664062,153.66422623365804,151.41101952953014,152.43779451366925,1335800
2022-10-19,153.54058837890625,153.66418606434996,151.7057140073494,152.11451480263156,1205900
2022-10-20,151.43002319335938,154.53886816206932,150.81206367820045,154.43428883569766,1302400
2022-10-21,151.95294189453125,152.76104180043092,149.5000928434724,150.75504494219905,1486200
2022-10-24,154.6719970703125,156.07905276764362,153.71176457190805,154.16811872248223,2086500
2022-10-25,156.91567993164062,157.08680184973034,155.0617866184603,155.48008947604905,2076300
2022-10-26,152.0860137939453,159.27342320949066,151.81981451979715,158.56988826680055,2923700
2022-10-27,150.4983367919922,153.96844418385507,149.93741786682403,152.29518934534917,2399700
2022-10-28,150.1275634765625,150.21312443290472,148.59691017263978,149.737766444193,2376200
2022-10-31,150.5648651123047,152.60891290187763,149.2718909709674,149.98492786126135,2788600
2022-11-01,148.80604553222656,152.16207124614343,147.97891289686248,151.2113554176849,2240400
2022-11-02,147.57012939453125,151.71525147396594,147.57012939453125,148.48280857330596,1721600
2022-11-03,149.38601684570312,151.02124960422188,146.28667325357367,146.8856290043031,1693000
2022-11-04,148.093017578125,150.96416910807667,146.35320576647254,150.2701505734087,1663100
2022-11-07,149.5951690673828,150.03249030553195,148.19761538063128,148.82507691827027,1195400
2022-11-08,151.77230834960938,152.23816443258252,148.6064221892492,149.21487987579803,1360100
2022-11-09,150.40325927734375,152.9892078027786,150.2796760693633,151.933912525805,1386100
2022-11-10,153.27444458007812,153.72128228948003,149.97545868646455,153.35050360580354,1785500
2022-11-11,150.365234375,153.73076237089248,148.37824157079393,153.37900212035302,2358000
2022-11-14,149.8233184814453,152.4948278978844,149.81381654467557,150.8691117970641,1781500
2022-11-15,149.34796142578125,151.6486922273067,146.95216773566145,151.02123074090795,2021900
2022-11-16,150.2891845703125,152.37125489744784,149.46206630596683,149.79480819647645,1960800
2022-11-17,151.24940490722656,151.93392158753707,148.97719424826596,149.9944673311739,1228900
2022-11-18,153.2363739013672,153.63568732474823,151.96241814264897,152.63743277984085,1497000
2022-11-21,154.77655029296875,155.96494515930485,153.57863898336706,154.08253175292498,1452900
2022-11-22,155.1949005126953,156.13610016205945,154.31072700114944,155.22342083499262,1002100
2022-11-23,155.92694091796875,156.32623993551772,154.84312515411403,155.20440191099104,1718200
2022-11-25,156.35475158691406,157.13433112272523,155.71775913418014,156.63995476661685,911100
2022-11-28,156.47836303710938,157.0202781898979,155.45158788454432,155.45158788454432,2245500
2022-11-29,156.9442138671875,157.0202728951954,155.40405844366214,155.91743874924518,2091700
2022-11-30,159.45408630371094,159.45408630371094,156.10756197169744,156.56390158299826,3260500
2022-12-01,160.16989135742188,162.9185959519769,160.0553516837059,160.96204278934903,1801200
2022-12-02,162.06918334960938,162.15507719093844,158.73828484354175,159.00551983648657,1374000
2022-12-05,160.1412353515625,161.22926752191373,159.47314797734902,160.5993648909196,1738200
2022-12-06,158.01290893554688,160.0553559859521,157.27800547590354,159.85493703718544,1917700
2022-12-07,157.67886352539062,159.22501072358796,157.31618126874167,157.91746720724643,1259000
2022-12-08,158.4423828125,159.24410224730536,157.57387648321466,157.6215855687612,1162500
2022-12-09,159.22503662109375,160.7616451646986,158.71919789834328,159.44454796640431,1609800
2022-12-12,159.1868133544922,161.25790596437608,157.99379503982775,160.6566200735574,1435500
2022-12-13,159.14866638183594,161.16248217315413,158.28014542694962,160.3989474277949,1421300
2022-12-14,158.94821166992188,161.72556183620006,158.30875559288813,159.1772764319448,1615800
2022-12-15,155.92274475097656,158.00337663502165,155.47416861974895,157.86975914252073,1873000
2022-12-16,154.41476440429688,154.99695801603235,152.20052963657798,154.45294915177593,2909300
2022-12-19,150.4062042236328,153.15492313114893,147.3902503737984,152.82087217164502,2411800
2022-12-20,150.59710693359375,151.3701951652142,149.02232831744894,149.69996924248485,1346700
2022-12-21,152.00962829589844,152.58226835894385,150.81660996053867,151.5992224156644,1382300
2022-12-22,150.53982543945312,151.91418492739822,149.03184847702516,151.3701761252939,1483100
2022-12-23,151.95236206054688,152.1336886100256,149.8335603832792,150.25349059404292,632900
2022-12-27,152.22918701171875,152.61094717266838,151.06479958864074,152.3723434312707,1288500
2022-12-28,150.19622802734375,152.6681730259992,150.0721640264745,152.03825586511195,806400
2022-12-29,151.62783813476562,152.02869050673658,150.34892610563776,151.017013392256,1350200
2022-12-30,149.7285919189453,151.3510940951592,148.45921854301895,151.2747391669215,946300
2023-01-03,149.8717498779297,150.3298648889431,148.26834005777604,150.234432150056,1119200
2023-01-04,149.75723266601562,150.41578122089498,148.74555528851988,150.00537527606846,1274200
2023-01-05,146.8653564453125,149.34682622727743,146.55993671405963,148.95552722102943,1475000
2023-01-06,152.21963500976562,152.58230276250342,148.2206343178494,148.48786932016793,1745600
2023-01-09,151.02658081054688,154.347939744576,150.77842367887015,153.7752851241656,1744200
2023-01-10,147.84840393066406,148.69783254178074,144.82291068515374,148.03928398288528,2415700
2023-01-11,149.83358764648438,150.5493987605859,148.2015318985186,149.59498394178388,1652400
2023-01-12,145.72006225585938,150.24399419646227,145.1951457030956,149.82404930367855,2173500
2023-01-13,147.16122436523438,147.27574948413678,144.88017351340315,145.25239471305045,2657900
2023-01-17,147.33303833007812,148.40199302900504,147.1230658658184,147.70525959613545,2036700
2023-01-18,144.0211944580078,148.07745755412444,143.69669690549003,147.32347623348434,1577800
2023-01-19,143.6298828125,144.8515325431122,143.40081802680513,144.11662909848636,1638800
2023-01-20,145.1282958984375,145.41462321900164,142.32231437069137,143.85892260906604,1459400
2023-01-23,145.7105255126953,146.18773297735856,144.24073292934753,145.8346041137369,1291000
2023-01-24,145.32875061035156,146.06363954580075,144.12617860104453,145.86322058639263,1252000
2023-01-25,146.1304473876953,146.26406487421988,144.250249108105,144.70836412430157,1816800
2023-01-26,145.54824829101562,146.55992558836692,145.3001057006205,146.43584701156274,953700
2023-01-27,145.65322875976562,146.05408118840998,144.36476308231315,145.08057411129505,1369200
2023-01-30,146.1208953857422,147.9342774779286,145.7391207704523,145.7391207704523,1742300
2023-01-31,147.67657470703125,147.67657470703125,145.60549666425368,146.3499389261475,1632300
2023-02-01,147.3711700439453,148.56418836002567,141.77829959563212,143.25764522021413,3565200
2023-02-02,143.4866943359375,146.32130699865567,142.20778220590088,146.30221462804283,3548000
2023-02-03,144.1739044189453,145.15695054603384,142.85680727021065,144.08801057790996,1880500
2023-02-06,144.8992919921875,145.2715132588929,143.2672359377302,143.6489961116578,1406900
2023-02-07,144.43157958984375,144.88015566791114,142.68499892564333,144.29796211317768,1929900
2023-02-08,143.98300170898438,144.937416405567,143.68713548315776,144.0688955365058,1414400
2023-02-09,145.33828735351562,145.84412604211516,144.06891389769703,145.04242108998164,1945500
2023-02-10,147.0467071533203,147.35211234122042,145.11878502324635,145.57690008670417,1721800
2023-02-13,145.81549072265625,147.95338509899412,145.08058725528792,147.47617770310555,2136600
2023-02-14,144.44113159179688,145.5864264332466,143.81121433187462,145.5864264332466,1540500
2023-02-15,145.20465087890625,145.51007057115214,143.99254014052565,143.99254014052565,1606900
2023-02-16,145.32875061035156,146.7317415790667,143.72532611901372,144.6988333257826,1552300
2023-02-17,147.85792541503906,148.09652909300613,145.15693003286646,145.55778246426559,1960300
2023-02-21,145.58641052246094,148.40194551080663,145.19511156728612,147.63841084554699,1640500
2023-02-22,145.2141876220703,146.58854709029924,144.8801512222614,146.244957223242,1336200
2023-02-23,144.09754943847656,145.4051076810915,143.14313459203217,145.2333054358598,1602400
2023-02-24,144.41249084472656,144.7274494540377,143.20038005674968,143.34355100455278,1215200
2023-02-27,144.18344116210938,145.98728443067398,143.6489566768346,145.1283024303208,1547600
2023-02-28,142.9331512451172,144.1643544584052,142.68500864674934,143.85893474052443,2609900
2023-03-01,142.04551696777344,143.6298485907777,141.549217331958,142.62771041655404,1654600
2023-03-02,143.16220092773438,143.4580671462044,142.03599860411137,142.1696160757821,1420200
2023-03-03,143.23855590820312,143.9829981882773,142.0073528243182,143.9829981882773,1518800
2023-03-06,143.89712524414062,144.12617547850172,142.7041067294623,143.12405157674337,1897400
2023-03-07,142.58956909179688,144.8324497568092,141.7115092000003,144.4793209316341,1404800
2023-03-08,143.06678771972656,143.14314265933115,141.7306126846858,142.48459404805547,1491400
2023-03-09,144.4283905029297,146.69137749528628,143.83388180688706,143.83388180688706,2173100
2023-03-10,143.19142150878906,146.26945829876865,142.71197524965493,144.7064734434376,2412000
2023-03-13,145.0229034423828,147.39136903033724,142.52977715036616,142.76950026953938,2377700
2023-03-14,148.01466369628906,148.60917243171917,144.91744466634768,144.98455954057042,2210300
2023-03-15,148.6858673095703,148.81052801548933,146.15439171865728,147.31465807061412,2914100
2023-03-16,149.21328735351562,150.18176367240818,148.4174046902206,148.68589346439953,2005000
2023-03-17,146.85440063476562,149.86532291186364,146.4229018769776,149.63519804453156,2902300
2023-03-20,148.50369262695312,149.70230837975424,147.37220637944807,147.37220637944807,1645100
2023-03-21,148.15847778320312,149.46257219377537,147.58315105095983,149.30916051076704,1845400
2023-03-22,145.83798217773438,148.5612338397961,145.7900346180876,148.10096945657716,1428600
2023-03-23,144.50509643554688,146.64342260797252,144.32290451999012,145.80919081730556,1809500
2023-03-24,148.1105499267578,148.4653354886824,144.40922409310133,144.9366032911387,2018600
2023-03-27,147.26670837402344,149.99954315456137,147.17081327370784,149.10778017408612,1531000
2023-03-28,148.4557647705078,149.0215079135754,147.1708375196659,147.2379670272538,1308400
2023-03-29,150.58448791503906,150.66120107905255,149.20369485741622,149.20369485741622,1514500
2023-03-30,154.88990783691406,155.39811970281727,151.5337840114573,151.5337840114573,3074700
2023-03-31,156.46249389648438,156.71180068937173,155.52278330471307,155.71455888628327,3115600
2023-04-03,157.13372802734375,158.15015185748183,155.80086787869362,156.11730419720567,2043700
2023-04-04,156.80770874023438,158.06385572948264,155.70498808152306,157.24880578264305,2514700
2023-04-05,156.12686157226562,158.5240924798496,155.66658270330336,157.52683622863435,1650700
2023-04-06,156.93235778808594,157.98713081109432,155.87757013353843,156.37619835491898,3290500
2023-04-10,155.6090850830078,156.57756131131583,155.35977828217176,156.29948890390406,1363500
2023-04-11,156.43373107910156,156.93235930530284,154.88991347790508,155.49402047058086,1539800
2023-04-12,158.6967315673828,159.14741227770466,156.34744753091093,156.5392231321767,2022400
2023-04-13,159.99122619628906,160.57615123111395,158.09260843185083,158.90767294369402,2178600
2023-04-14,158.50494384765625,159.19534766466077,158.17892388727617,158.6391882214327,1229300
2023-04-17,158.600830078125,159.52137341136842,158.1309820686342,159.2337027052586,1244300
2023-04-18,158.58164978027344,160.00080661430067,157.86248038963592,159.24328796070617,1709200
2023-04-19,158.31317138671875,159.28164762868877,158.04468263386488,158.8405506024062,895400
2023-04-20,158.88848876953125,159.21450871708436,158.08302255856282,158.44740640085087,1255200
2023-04-21,158.3611297607422,159.67482276069214,158.19811975113655,159.34878810993882,1721700
2023-04-24,158.85972595214844,159.07068348227645,158.07344167474864,158.1980877559777,1476500
2023-04-25,158.7638702392578,160.02960098590418,158.313189502922,159.16660341462443,1276900
2023-04-26,156.88441467285156,158.2748059793351,156.29948961724324,157.64193336870193,1576500
2023-04-27,154.98580932617188,156.34743500709192,151.40912953871089,155.39812610428868,2750400
2023-04-28,159.22410583496094,159.34875191308538,155.85838372636562,156.15565269798842,2227100
2023-05-01,159.9336700439453,160.6816196381567,158.99395951188825,158.99395951188825,1458300
2023-05-02,159.85699462890625,160.76793968881066,158.21728181584618,160.1158851008051,1431000
2023-05-03,160.44192504882812,162.19668572068775,159.71315727142476,160.40356114920655,1515100
2023-05-04,160.9117889404297,161.7268536249949,160.00084376044288,160.71042965796485,1189100
2023-05-05,161.5062713623047,162.29257030657456,160.5473787755598,160.7487526566537,1095900
2023-05-08,162.0816192626953,163.12680871256566,161.18985614442252,161.50627783497458,889400
2023-05-09,162.4939422607422,163.65419408328248,162.28298472363676,163.0021541551672,1511400
2023-05-10,163.53915405273438,163.91312162308284,162.18711182472782,163.20353575277534,1240000
2023-05-11,163.1939239501953,163.8747294608786,162.34051017367216,163.8747294608786,1532800
2023-05-12,162.28297424316406,164.06651490343748,161.8226953020016,163.26103407217246,1174100
2023-05-15,161.6501007080078,162.49393079689784,160.9405149849377,162.13913061959352,1146600
2023-05-16,160.83506774902344,161.62136678261822,160.48028213371632,161.53506995157724,927300
2023-05-17,159.86659240722656,161.1035575546131,158.64879457916527,161.07479194408376,1877700
2023-05-18,158.21728515625,159.2816565689264,156.79812814986164,159.12823023538698,1899400
2023-05-19,158.56246948242188,159.54054396069387,158.27479879686672,158.58165142986925,1454800
2023-05-22,157.54608154296875,159.08030116201456,156.72143319379757,158.5816874673843,1019900
2023-05-23,156.08856201171875,157.1912828310491,155.90637004661113,156.99950720571456,1236900
2023-05-24,155.93511962890625,157.67071300181192,155.772109632552,156.6351218051544,1106500
2023-05-25,155.22552490234375,155.92551234097613,154.10362241635858,155.55154484564775,1132700
2023-05-26,154.6501922607422,156.01181795208294,154.26664108599866,155.37894534537062,1041900
2023-05-30,155.49403381347656,155.74334063220053,153.63377975322868,154.48719361646667,1061600
2023-05-31,155.26388549804688,156.433735621446,154.8419704198977,156.01182054329684,2957800
2023-06-01,156.7855224609375,156.8047876958911,155.0616439617713,155.83209171416055,1595700
2023-06-02,158.86573791503906,159.00056517885417,156.7855332489747,156.9107205471154,1722400
2023-06-05,158.65382385253906,160.54140506352397,158.5864028903281,159.01977507789644,1457300
2023-06-06,156.66990661621094,159.63612017026978,156.0824567000002,158.90420307059225,1336000
2023-06-07,155.5817108154297,156.6988593817799,154.33936025774406,155.66838233478373,1934700
2023-06-08,156.5736541748047,156.9492454460279,154.77274406599963,155.1386953718908,1231100
2023-06-09,156.66990661621094,156.9106705602573,155.19643245425246,156.16912819304127,1096700
2023-06-12,156.89144897460938,157.31519594553066,155.8320815473062,157.17072873540695,944000
2023-06-13,156.1113739013672,156.98774363935428,155.83207944926224,156.68919864887948,1402400
2023-06-14,156.41957092285156,157.59450054739963,155.15796977560814,156.10176064456527,1290400
2023-06-15,158.1337890625,158.68273802502952,156.40028535854896,156.5736430764781,1330900
2023-06-16,158.93312072753906,160.13694065348542,158.56715476762977,159.00054169702443,2418900
2023-06-20,158.7694091796875,159.85766713765233,158.29750646006823,158.75978391012842,1435700
2023-06-21,159.3665008544922,159.51096806980095,157.27667112295856,158.67309936720096,1231600
2023-06-22,160.74368286132812,160.77257336614943,159.16427158579972,159.65542486283047,1311800
2023-06-23,159.47244262695312,161.5237566494278,159.04869562746836,160.71479312044886,1600000
2023-06-26,160.57998657226562,160.64739286083818,158.32642402941698,159.4821031570606,990900
2023-06-27,162.5446014404297,162.69869393761348,160.3584600587265,161.12890784957605,955300
2023-06-28,161.28298950195312,162.74683873662988,160.5414322673048,162.74683873662988,890100
2023-06-29,163.34393310546875,163.49802559639602,160.46439029842412,160.9748088164355,1003300
2023-06-30,167.01318359375,167.29247808612803,163.2861612673855,163.70990829370416,1989000
2023-07-03,165.06776428222656,165.9441486191114,164.2491756393115,165.86710238888423,693300
2023-07-05,164.73074340820312,165.03891370859773,163.74842210399837,164.67296239532098,1082000
2023-07-06,165.02926635742188,165.68413734255785,163.38243423527774,163.815821164046,1137500
2023-07-07,163.72915649414062,165.10633430998786,163.57507869182987,163.68101544689503,1167500
2023-07-10,164.8077850341797,165.29893832497044,163.70990173500644,163.71952700519367,1079500
2023-07-11,163.931396484375,165.19299751616535,161.70673943502638,164.60553275765207,1596900
2023-07-12,162.92979431152344,164.98110813386327,162.0919403593304,164.65367264623234,1547500
2023-07-13,162.12086486816406,163.22838823109092,161.82231982004987,162.6409234059058,2109100
2023-07-14,162.3327178955078,162.47718511333795,160.92666435706573,161.60080062173444,1554000
2023-07-17,161.56227111816406,162.77573109689067,161.50449010871395,162.17862637741288,1147200
2023-07-18,160.4547576904297,162.20751193559641,159.8384024499767,161.10962870431868,1417300
2023-07-19,160.54141235351562,161.7741227050515,159.85765090754177,160.67623958899404,1483300
2023-07-20,165.54933166503906,165.6456431495491,160.19474229583452,160.37772529936197,1589100
2023-07-21,166.04046630859375,166.8012739811417,165.4626269077491,165.70339087558997,1601600
2023-07-24,165.45303344726562,166.40644953836525,164.96186545360172,166.31977802009607,1065500
2023-07-25,165.40487670898438,166.07901300546567,164.15290090405102,165.30856522588599,1524400
2023-07-26,158.846435546875,161.47557392421817,157.8737397255926,160.6377200302999,3338800
2023-07-27,157.9123077392578,159.85768514934952,155.76469678016295,158.75016183241016,2456200
2023-07-28,156.92034912109375,158.91386742671628,156.42918114958337,158.81757064245025,1826300
2023-07-31,157.7389373779297,158.20121484307896,156.50622686100198,156.9781295960245,1854200
2023-08-01,156.5062255859375,160.19473183679696,155.96691657605896,158.17232304975244,2072000
2023-08-02,157.38262939453125,158.77905782976157,156.39068276636328,156.50624479836105,1419900
2023-08-03,154.99423217773438,157.49816891524156,154.84976496331575,156.97812515051154,1412300
2023-08-04,154.50303649902344,155.87058868047703,154.29117774034626,155.0423600963191,1137100
2023-08-07,155.2927703857422,155.59131537604816,154.33933971454496,154.51269742524786,1054600
2023-08-08,153.89634704589844,155.9380210012151,153.2222108054701,155.71652224258892,1043900
2023-08-09,155.53355407714844,156.26547139434535,153.77115971955325,154.00229846475352,1140200
2023-08-10,153.9252471923828,156.14027900261377,153.4051887064237,155.0616462552873,1427500
2023-08-11,154.99423217773438,155.167575200955,153.8096774338557,153.8096774338557,932200
2023-08-14,154.7919921875,155.89951544333582,154.58011868447295,155.07128666652153,1024300
2023-08-15,153.09703063964844,154.965361840078,153.03924962438896,154.0889772551227,1173700
2023-08-16,154.1082305908203,155.14833287037843,152.76958329209688,153.25111130883292,1118800
2023-08-17,152.63475036621094,154.61864337026867,152.57695466249135,153.75188415529476,1229700
2023-08-18,153.00071716308594,153.7133839638573,152.69254685401577,152.89478040479656,1209400
2023-08-21,153.00071716308594,153.81932072214667,152.3073155988408,152.82737411955958,950600
2023-08-22,152.28802490234375,153.318487011203,152.1628229405412,152.51914889943654,857700
2023-08-23,152.52880859375,153.10663335629508,151.7776261158939,152.92365037154872,1245000
2023-08-24,151.4694366455078,153.24145604335368,151.4116556404796,152.40360208031004,994600
2023-08-25,152.4806365966797,153.12588226166997,151.9702181647461,152.16282639838903,1796800
2023-08-28,152.1050567626953,153.28961144841915,151.87391804801396,152.5095384920872,975400
2023-08-29,152.28802490234375,152.35543116980716,150.60267717990104,151.74871598237263,1218300
2023-08-30,152.75994873046875,153.88672256607998,152.34584167506068,153.15480524497602,1219000
2023-08-31,150.9879150390625,153.27999296887876,150.88197829369113,152.93329222903319,1839200
2023-09-01,151.2094268798828,152.05692091616714,150.7182735788922,151.60428339179433,1217700
2023-09-05,151.2286834716797,151.97024071104195,149.3988829380033,151.103481488457,1553700
2023-09-06,150.20785522460938,151.142020780721,149.62039043875637,150.81458524632933,1380100
2023-09-07,151.78469848632812,151.98785850534932,150.22718754489213,150.43034756391333,1008100
2023-09-08,151.34938049316406,152.74243566521102,151.15590388845058,152.30710961427602,928700
2023-09-11,152.34576416015625,152.3651162445937,151.06880705227604,151.32999376626256,1310200
2023-09-12,153.40992736816406,153.69046620313193,152.46188176564826,152.67471043823795,1118400
2023-09-13,155.1706085205078,155.41245798189345,153.25516491950293,153.79690535119565,1367300
2023-09-14,155.1222381591797,156.08963592815164,154.08711546094682,155.78973022026278,1592700
2023-09-15,155.24798583984375,156.67006170457478,155.14157149754013,155.2673379278948,3162800
2023-09-18,154.6191864013672,155.712350598379,153.39058710783945,155.63495700589584,1317200
2023-09-19,154.46437072753906,155.10285667677624,153.8258847783019,154.52241222086687,1040100
2023-09-20,154.83200073242188,155.86710856809447,153.6034015528251,154.66754489913995,1073800
2023-09-21,152.35546875,155.07385391917498,152.3264479999696,154.7255901574928,1669700
2023-09-22,151.3686981201172,152.92620878964013,151.32999395119498,151.88141764847114,1191900
2023-09-25,152.03622436523438,152.36513603681993,151.08816400174572,151.1462202625996,1298500
2023-09-26,150.60446166992188,151.82339217723504,150.40131642624763,151.50414917585857,1393400
2023-09-27,149.38552856445312,150.89466638735882,148.47617250159578,150.614127591589,1894800
2023-09-28,149.40489196777344,150.18848168431578,148.94054523969584,149.84988661013057,1469000
2023-09-29,147.47012329101562,149.9853487192933,147.15088024501398,149.94665930219568,1387300
2023-10-02,146.2801971435547,147.96345951516395,145.40953044942825,147.8377078652434,1337500
2023-10-03,147.586181640625,147.7313001434582,144.82910722259228,145.84486293584212,1519200
2023-10-04,148.94056701660156,149.2307745382592,147.13152315079748,147.97316924756012,1277700
2023-10-05,149.67578125,149.89827859961198,148.93088084838982,148.9405642731457,1103400
2023-10-06,150.372314453125,150.90438618852193,147.91511580649868,149.2597981406916,1252800
2023-10-09,152.34576416015625,152.42315773659072,149.5596692150924,149.79183518308045,1016600
2023-10-10,151.736328125,152.72306310517124,150.38196255090892,152.21034352881261,1337200
2023-10-11,151.57188415527344,152.26841177026955,149.9273108048235,151.9782042317873,1189000
2023-10-12,149.99502563476562,152.5586237941443,149.15337954589998,151.72666113012207,1149000
2023-10-13,153.63241577148438,153.83557576944196,150.10142031472057,150.69153346144367,2693400
2023-10-16,154.6288299560547,155.4607924885052,153.3712101147249,153.893613088828,1708000
2023-10-17,154.84169006347656,155.6059425945658,154.0097273620295,154.3483224977757,1177300
2023-10-18,153.86460876464844,155.75103134733715,153.34220573478535,155.2576638291932,1135000
2023-10-19,151.94915771484375,154.4160099416023,151.68795621317727,153.14872136736838,1168300
2023-10-20,151.47512817382812,153.34219858205273,151.23327875755135,152.12328283809185,1425300
2023-10-23,150.87533569335938,153.92263221878235,150.79794211425673,153.05198028618034,1998700
2023-10-24,149.58871459960938,152.5779700203336,148.93087647222265,150.6335059115875,2533200
2023-10-25,158.72096252441406,159.63998747284532,151.26231906695102,151.9298259040037,4085400
2023-10-26,157.51168823242188,159.46582080484484,157.27950748857725,158.7692933346272,2002200
2023-10-27,156.11863708496094,159.04016735240873,155.65427558598978,157.54071280776222,1586500
2023-10-30,157.44400024414062,158.21792147717454,156.3314986200617,156.62170616629462,1855200
2023-10-31,158.97247314453125,159.32073692304667,156.74745537964486,157.80191537856277,1540100
2023-11-01,158.69190979003906,159.39812072840488,157.71484344203165,158.7209453010078,1383300
2023-11-02,161.4103240966797,162.077816159579,157.04735069950112,157.04735069950112,1695100
2023-11-03,162.63890075683594,163.6062984815591,161.85531096162103,162.59054267965402,1533300
2023-11-06,163.70303344726562,163.80944778047507,162.30997845300274,162.63889011517125,1412900
2023-11-07,163.8385009765625,164.36088932220827,163.2387190313174,164.05132968513072,1299200
2023-11-08,164.7188262939453,164.7768677996955,163.44185412216572,164.1480503776578,1168300
2023-11-09,164.51565551757812,164.80587778869278,163.9061902243691,164.58338044407597,1360600
2023-11-10,166.16989135742188,166.39238867422475,164.2641168876316,164.96064434670805,1623000
2023-11-13,166.09251403808594,166.9438287405946,165.62816727368008,166.1699076257065,1276300
2023-11-14,166.52784729003906,166.88577973218804,165.02837783251948,165.81196764442296,1821200
2023-11-15,165.5894775390625,167.11796781489272,165.12513073416432,166.39241947416235,1655300
2023-11-16,165.8506622314453,166.36338182591854,165.14446605135683,166.2182780770364,1843700
2023-11-17,164.98968505859375,166.1892487911325,164.60271711155073,166.1892487911325,1966500
2023-11-20,165.59913635253906,166.32468465011166,163.37413338237073,164.0899982553989,1410900
2023-11-21,166.09251403808594,166.13120345123747,164.50598239515818,165.42500726101142,1050500
2023-11-22,166.16989135742188,166.4988030016202,165.46368047501744,166.09249777737827,1124900
2023-11-24,166.40208435058594,167.18568894024733,165.54110092963498,167.18568894024733,550600
2023-11-27,165.88938903808594,166.15059060626993,164.86394961798953,165.73461659149598,1344400
2023-11-28,164.14804077148438,165.81196605843587,163.9545641765333,165.7636079806866,1783500
2023-11-29,164.20608520507812,164.45760328426232,163.34510187245436,164.12869162040985,1305800
2023-11-30,166.100341796875,166.2946195932032,163.90495971327366,164.6723770190718,2514300
2023-12-01,168.82997131347656,168.95624371917032,165.9060365985133,166.34318013516315,1654100
2023-12-04,169.403076171875,169.48079023992636,167.81968353301932,167.91682982369426,1701900
2023-12-05,168.120849609375,169.80137390142983,167.87799867840113,169.47110019269203,1469300
2023-12-06,168.97567749023438,169.02425064168932,167.29515317149523,167.66429133561917,1443900
2023-12-07,167.89743041992188,168.75227051313942,166.56661194770928,168.74256181115132,1369200
2023-12-08,167.567138671875,168.2859827477647,166.2557377445957,167.45057497076368,1638500
2023-12-11,168.4219970703125,169.0339713904385,167.3825878803855,167.72258514235781,1118400
2023-12-12,171.54017639160156,171.7247454668016,168.54825120703654,169.82080250908837,1756000
2023-12-13,173.93955993652344,173.95899216257138,171.20020896158098,171.559623620018,2047000
2023-12-14,171.61788940429688,174.3669636460448,170.31621200744559,174.0075490212657,2357500
2023-12-15,169.55850219726562,170.49104135738787,168.06253234517393,168.14996993467008,3676700
2023-12-18,172.55047607421875,172.9681726281508,170.005387827487,170.45224013449157,1807800
2023-12-19,171.72476196289062,172.95844893475493,171.23906006463096,172.85159392423998,1322100
2023-12-20,170.73391723632812,172.55045232247733,170.60764482848086,171.71504450716105,1049700
2023-12-21,171.75389099121094,172.28816600676902,170.59791818185192,170.68535578253935,1061300
2023-12-22,171.889892578125,172.65730985003455,171.63733293629576,172.36588575718847,1291100
2023-12-26,172.44358825683594,172.7252888067885,170.72419956470506,171.27790678617455,631300
2023-12-27,172.66702270507812,173.0555782899229,171.77333300197876,172.0453248758592,772400
2023-12-28,173.0458526611328,173.46356395530438,172.69614674000192,173.2789948827014,774300
2023-12-29,173.9784393310547,174.65841907667954,172.9098891433251,173.19158974421012,1256400
2024-01-02,174.47384643554688,175.54239660163316,172.58932059123822,172.6378937483233,1299000
2024-01-03,173.42471313476562,176.29035127958963,173.07500718615503,174.8526778563884,1826100
2024-01-04,173.67727661132812,175.49381177286128,173.6578592077427,174.12412887536686,1376400
2024-01-05,172.6864471435547,174.01726552520097,172.16188082298018,173.8035555164402,1415600
2024-01-08,173.14300537109375,173.2498603737977,171.62760310844376,173.06529129435955,1536400
2024-01-09,173.13331604003906,173.75501395424888,172.3076316037551,172.9390382210574,1325000
2024-01-10,174.05613708496094,174.12414247015602,172.57961388513013,172.80303262337023,1196300
2024-01-11,174.094970703125,174.5515316237333,172.74472016540628,174.3863947749411,1176400
2024-01-12,176.212646484375,176.38750687911636,173.88128325242698,174.85268706947963,1035700
2024-01-16,175.6006622314453,176.3680646816562,175.0178140451862,175.82408094645177,1456100
2024-01-17,176.28062438964844,178.8645616976397,175.09551073177107,175.45492534487622,1751500
2024-01-18,178.26229858398438,178.38858581591188,176.3680642172973,176.7954842431026,1732100
2024-01-19,179.17539978027344,179.64166938069403,177.93200429752298,178.79655295072357,1571600
2024-01-22,179.6222686767578,179.8262551610845,177.69887860415224,179.21428088565975,1651600
2024-01-23,180.2342529296875,180.43825424775213,178.83544392096294,179.60284639427252,1355800
2024-01-24,178.5439910888672,181.06963164656224,178.4274125733984,180.66164389852943,1436700
2024-01-25,179.8068389892578,179.91369399402288,177.76688519735936,178.43715615248155,1427400
2024-01-26,180.4965362548828,180.79766905886984,179.90397934875023,180.14683029679728,1231000
2024-01-29,180.04966735839844,181.01134745830484,179.90394792155843,180.30222696416763,1400000
2024-01-30,181.7593536376953,181.86620864155418,179.8748280182451,180.53539026640303,1309600
2024-01-31,180.32167053222656,182.62389251920683,179.43768962275237,182.34219197283446,3423600
2024-02-01,183.03189086914062,183.05132309422058,179.56398722582597,180.21482595277982,1434800
2024-02-02,182.8279266357422,183.52732377685015,181.56509865585505,183.03191314535175,1696500
2024-02-05,182.8181610107422,183.4689996670299,181.84675737644233,182.56560140190376,1524700
2024-02-06,183.79933166503906,184.2364604394347,182.3325023437481,183.10962839958847,2009300
2024-02-07,184.5472869873047,184.9164251689138,183.65359728349165,184.41129105025587,1691700
2024-02-08,184.0712890625,184.99411959603276,183.1290263050404,184.7415451523154,1154400
2024-02-09,183.45933532714844,184.35302510810487,182.19650733271877,184.08103321052886,1678100
2024-02-12,182.87648010253906,183.68274706190854,182.1187862992658,182.6919258252873,2022500
2024-02-13,193.78536987304688,193.78536987304688,188.64663492752905,191.07514468412043,3263000
2024-02-14,193.46475219726562,194.20301362643164,190.36597221892026,193.3773294271887,3308700
2024-02-15,193.41619873046875,193.76590466880137,191.37624495312113,192.8333505590995,2449000
2024-02-16,195.77670288085938,196.89382607328992,193.3093439076326,194.27103894455973,2587800
2024-02-20,196.01956176757812,198.71035438191845,195.75729341977666,196.22356308275792,2548300
2024-02-21,198.3897705078125,198.52576643086311,196.262394065315,196.62182350815468,1848900
2024-02-22,201.31369018554688,202.22679713132922,197.99149160627255,198.19547806452712,2267600
2024-02-23,202.10055541992188,202.6639713799378,200.97372349989,201.6634266920055,1687000
2024-02-26,201.52743530273438,203.23710062439196,201.42058029372794,202.89710337143183,1664300
2024-02-27,201.83827209472656,201.99370025373472,199.71089548844316,200.5754442420641,1208100
2024-02-28,201.3331298828125,203.78107141007087,200.94457432338174,202.7610945385095,1705600
2024-02-29,199.76919555664062,201.61487176264276,198.65208705961157,201.12916983829163,3029900
2024-03-01,199.9051513671875,200.0120063619891,197.7972072174135,198.68118809964102,1492400
2024-03-04,200.8863067626953,201.77999647091843,199.9926170544722,200.09947206428396,1865200
2024-03-05,200.95428466796875,201.8576978435781,200.0411627911498,201.08057189591656,1208600
2024-03-06,201.97427368164062,202.14913407103055,200.29374927985543,200.39088076512053,1362800
2024-03-07,201.3331298828125,203.13994139681006,200.5268630156714,202.5959576846292,1661900
2024-03-08,201.80914306640625,202.86796966999339,200.13832731466968,200.9251620351784,1338200
2024-03-11,203.29534912109375,203.39249541241176,200.75998507110037,201.61482500288142,1218600
2024-03-12,203.790771484375,204.58732961666615,202.45995318609386,202.64452225686588,1036000
2024-03-13,204.9661865234375,205.0147596743064,203.26623000013885,204.45134373360548,1121200
2024-03-14,205.02468872070312,205.6388609259744,203.50389552224078,205.42438856461996,1028200
2024-03-15,205.23915100097656,205.6193492819173,203.69885633387022,203.72810121122575,2096000
2024-03-18,206.3505096435547,206.91593542173607,205.0831770286874,205.29764938852585,1273500
2024-03-19,206.75021362304688,207.64709129336006,206.0093185585238,207.44236226384552,1267900
2024-03-20,206.53573608398438,207.38386730932248,206.12629291053426,207.06215877118603,1040600
2024-03-21,207.09141540527344,207.37413574664802,205.48288749860197,206.54549114301696,1918100
2024-03-22,206.45773315429688,207.25713278742538,205.65834839648718,207.11089352815318,1453700
2024-03-25,206.44801330566406,206.90620292793255,205.76560797738773,206.2432842695209,1306800
2024-03-26,206.44801330566406,207.34489100501588,206.0678149888158,206.2627858147061,1577800
2024-03-27,208.59271240234375,208.6414588253706,207.19864205543928,207.4521175050509,1392600
2024-03-28,207.7932891845703,209.1483562894742,206.65269441644125,208.904639077259,2699100
2024-04-01,207.55934143066406,208.15401205571277,206.53572610881704,207.26687778509077,1205700
2024-04-02,205.8045654296875,207.9980203625567,205.23913970639856,206.9061720005192,1543800
2024-04-03,205.13192749023438,206.0288051602537,204.65423633840362,205.66810840038724,1700900
2024-04-04,201.88558959960938,206.2042664049459,201.3884118337788,206.03854048300238,2112200
2024-04-05,201.72964477539062,202.63628072435677,201.07648429887496,202.49005631742085,2761100
2024-04-08,201.50538635253906,202.17804823252243,200.8327244725557,201.56387610291708,2592800
2024-04-09,201.2909393310547,202.1195838997981,200.20883418702638,201.7978753569443,1782200
2024-04-10,202.96771240234375,203.18218476135604,200.3550707566593,200.9789862896078,1804100
2024-04-11,200.76451110839844,202.83122849311556,200.42330103058822,202.1000767909389,1749200
2024-04-12,200.20880126953125,201.63211626674894,199.5556409566979,200.66699079686944,1166900
2024-04-15,200.1990966796875,202.77275022210915,199.73116372888,202.1488346625924,1401500
2024-04-16,199.82862854003906,202.45102833435885,199.78964032809006,201.32993501816352,1457300
2024-04-17,200.96925354003906,201.12523616186704,199.23398777933716,200.98875508659793,1193300
2024-04-18,199.91639709472656,200.87176456934748,199.38021615860026,200.42331827495437,983100
2024-04-19,201.86610412597656,202.119564677156,200.62801649552787,201.2616753111357,1354300
2024-04-22,202.3145294189453,203.74758780549746,202.10005708386146,202.47051200360957,1420600
2024-04-23,203.5331268310547,204.85894912406854,202.03183527698783,202.04157861082896,1596500
2024-04-24,205.14166259765625,205.41463958441184,202.37303839576418,202.93846416240177,1875900
2024-04-25,207.3546142578125,208.63169015032878,202.97746237051498,204.43000752674232,2097400
2024-04-26,204.81997680664062,207.89080811590347,204.14731483643715,207.8030734785691,1650800
2024-04-29,206.81842041015625,207.28636816800696,205.1416447994865,205.46335330476458,1989200
2024-04-30,202.79222106933594,207.02314828170566,202.39252127326816,207.02314828170566,2244300
2024-05-01,201.56390380859375,203.72811412196737,200.48179865190696,202.41204993160994,1366400
2024-05-02,201.95384216308594,203.4063872842393,201.095952782585,201.93434062026037,1497300
2024-05-03,202.65576171875,203.35766855150322,199.76039975247284,201.95385488599678,2237900
2024-05-06,205.26840209960938,205.27816030923637,202.99695567913406,203.28941933687224,1592800
2024-05-07,205.20989990234375,206.9549086580358,204.82970163292933,206.3407513768702,1300200
2024-05-08,204.7224884033203,206.23353831659935,204.62499555395252,205.63886763622452,1151500
2024-05-09,205.20989990234375,205.6680894674481,204.32276564860393,204.98568422430927,1325700
2024-05-10,206.17503356933594,206.94517347220358,205.42438033466902,206.08728406115569,1082000
2024-05-13,205.52186584472656,206.94516608920267,204.91743701972504,205.81431461049652,1283800
2024-05-14,204.5859832763672,205.59984036407084,203.44538847445608,205.2098987631045,2091200
2024-05-15,203.74758911132812,205.19039084042453,203.23090981221958,204.595720248484,1808300
2024-05-16,206.86717224121094,207.33510513598893,202.98719828490158,204.30327721590538,1859900
2024-05-17,205.15142822265625,207.1986441324266,203.8645940433835,207.1499125842311,2054800
2024-05-20,203.23094177246094,204.9564640688449,203.06521582737508,204.90771764374423,1795500
2024-05-21,203.0944366455078,204.2252881224539,202.56799911730386,203.87433472875747,1472800
2024-05-22,204.64450073242188,205.11243369199096,202.80199889909056,203.39666959002398,1516200
2024-05-23,204.22528076171875,205.14164498554172,203.8548258385805,204.70295697806216,919200
2024-05-24,203.56239318847656,204.63475503691123,202.46078646011372,204.60551015698306,1270800
2024-05-28,201.27145385742188,203.01646276655305,200.26732513419452,202.77274552433627,1659500
2024-05-29,199.0292510986328,200.74501511876383,198.89277003879647,200.6767820265056,1372200
2024-05-30,201.0666961669922,201.15443079160696,198.4735415093804,198.92198771627451,1983100
2024-05-31,205.43411254882812,205.9215469832084,200.81324363110676,201.01795776336814,5501300
2024-06-03,196.24110412597656,203.49413081086,194.60331670907468,201.79785364251848,3913400
2024-06-04,198.51255798339844,198.7075287874667,195.94864802770994,196.9820066770588,2274700
2024-06-05,198.77577209472656,198.80501697307443,196.30935485192487,198.35658558819392,2069200
2024-06-06,197.4109649658203,199.4289508589578,196.30935827776054,198.9415163775607,1843200
2024-06-07,196.2367706298828,199.9746060591759,195.75730369342708,198.05676817458894,3232400
2024-06-10,197.371826171875,198.1839622088272,196.10956186264949,196.4226867839085,1715600
2024-06-11,197.7827911376953,198.09590112786867,195.83558472939623,197.20546893131348,1313200
2024-06-12,196.54986572265625,198.07631227078502,195.77686289453044,197.90019071397796,1311400
2024-06-13,196.89236450195312,196.99999933018782,194.6026944438168,196.61838765383177,1184700
2024-06-14,199.26031494140625,199.6908542525061,195.55183302192032,196.21720109862494,1412700
2024-06-17,201.94139099121094,202.00009818256592,197.7338680868894,198.42858975874788,1753500
2024-06-18,203.41891479492188,203.51677006987373,200.99225626842636,202.00010289183203,1511100
2024-06-20,204.27999877929688,204.4659148481967,202.44042706254393,202.9883807831208,1343600
2024-06-21,204.49525451660156,205.29761100119012,203.71245714168776,204.58331530199214,2178200
2024-06-24,207.8710479736328,208.13524525488305,204.70072539048323,205.4835227489839,1473700
2024-06-25,207.49923706054688,209.25074800876578,207.25461379419602,208.07654438578626,1706900
2024-06-26,208.09613037109375,208.57559737568278,206.65774428794677,206.78495317154838,1869000
2024-06-27,208.09613037109375,209.17247877706092,207.73409269391394,208.97678313887238,1762400
2024-06-28,208.75167846679688,209.7888785855064,207.5774899348732,208.00802921372258,2908200
2024-07-01,204.8572998046875,209.88675334352675,203.4286934222477,209.8573997472988,1931400
2024-07-02,204.9649200439453,205.77707098654832,203.23298333669263,204.77900399399047,1445600
2024-07-03,205.67921447753906,206.33480296036853,203.78093577142093,204.51480548168612,720800
2024-07-05,205.80642700195312,206.21739225534301,204.09406431418634,206.21739225534301,1647600
2024-07-08,206.09019470214844,206.9023456988761,205.30741223213394,205.8260123372969,1275500
2024-07-09,205.50311279296875,206.35439696142717,204.55397334809535,204.97471818931814,1100700
2024-07-10,206.63816833496094,207.38183265607182,204.79861143624774,205.13129551115523,1453100
2024-07-11,207.21546936035156,208.17438833167046,205.7085817605177,206.49137915634918,1161300
2024-07-12,209.1528778076172,209.7595386870859,207.18611226150145,207.9297615631282,1182000
2024-07-15,211.3544921875,211.94159397137938,208.93761323516568,209.1626624490514,1508800
2024-07-16,216.13931274414062,216.2078144191169,212.15685409808702,212.38190330186148,1948100
2024-07-17,218.51705932617188,219.39769703538417,216.45243854241443,216.66769326171377,1557700
2024-07-18,218.30177307128906,220.0141356549884,216.89274089923205,217.86143931955863,1284000
2024-07-19,218.0082550048828,220.1609367334864,217.35266645161738,219.671690207412,1220900
2024-07-22,218.64427185058594,218.72255308726778,216.5502972938588,216.93190899104582,1135000
2024-07-23,214.02577209472656,218.71276197810892,213.39953716497195,218.6051271496846,1533600
2024-07-24,212.70480346679688,214.85748498300015,212.31339732618508,213.74200361083734,1361100
2024-07-25,195.62030029296875,205.48351059311216,195.21911461751034,198.51664586889547,3348600
2024-07-26,192.7239990234375,196.4716142917768,192.3619464396256,195.76711302709927,2500100
2024-07-29,196.2269744873047,196.5890270405986,193.1838607401519,194.01558574051444,1911400
2024-07-30,196.7749481201172,198.2524671739523,196.32483477099314,196.34440881155112,1883600
2024-07-31,198.3013916015625,198.94720055396255,197.04892177724497,197.45009255317407,1698600
2024-08-01,201.6380615234375,201.7359018659626,198.2231155471385,198.84935047564923,1637900
2024-08-02,203.29168701171875,204.41696284650786,200.02352418877257,201.99028961514304,1793100
2024-08-05,197.20547485351562,204.04514637494435,195.94322543888705,202.6459085360102,2033000
2024-08-06,198.77105712890625,202.48933332246943,197.87084540720022,198.20352942662294,1988400
2024-08-07,200.4442901611328,203.19385300811763,198.8297678080262,199.54406349300305,1963600
2024-08-08,201.47171020507812,202.36214245147357,200.1018259264842,200.59107244464187,1259900
2024-08-09,200.845458984375,202.16643044860874,198.67320342532526,201.41298669112487,1002000
2024-08-12,198.74172973632812,201.59892773337015,198.3111903929649,201.31517131012774,2433900
2024-08-13,199.53427124023438,200.12137295502302,198.65363359866825,198.65363359866825,2330000
2024-08-14,201.91204833984375,202.87096735539467,198.74172545926714,198.97656916803476,1538300
2024-08-15,202.45999145507812,202.79267549377016,201.2270807119207,202.45999145507812,1093500
2024-08-16,200.98245239257812,203.3895516961176,200.95309879758773,202.83180353006384,1536900
2024-08-19,202.1468505859375,202.4012683030312,201.0607228376992,201.2759924764936,1886700
2024-08-20,203.6243896484375,203.70265594579433,202.28384414897468,202.3034181886227,1121400
2024-08-21,204.8768768310547,204.96493762102162,203.5950533416952,203.5950533416952,916700
2024-08-22,205.6009521484375,206.29568877415207,204.32892314488336,205.7770886590123,975900
2024-08-23,205.46397399902344,206.16849021532894,204.0158084124486,205.88473378988735,810800
2024-08-26,204.3289031982422,206.7653410668332,204.01577829028497,206.49136423767933,813300
2024-08-27,204.7007293701172,206.09998210186563,204.15277568769918,205.62051516444086,759900
2024-08-28,204.808349609375,205.8455497101718,203.86900477230571,205.3660977375112,866100
2024-08-29,205.36611938476562,206.41309915004854,203.79074502864427,205.21933647370224,826500
2024-08-30,207.47964477539062,207.52857241048252,204.18212821272343,205.04320681236365,1786800
2024-09-03,204.89642333984375,207.9493315798355,203.74180879408445,207.5187922812073,2197700
2024-09-04,204.81814575195312,206.18802987152438,203.48739477981945,204.96491371811538,1186700
2024-09-05,203.9179229736328,205.89448289542773,202.71438083653086,205.18996678331504,1507900
2024-09-06,200.3268585205078,205.09212936474702,200.2290181833667,203.99620710219614,2349500
2024-09-09,203.97665405273438,204.63224256046436,200.63019490787687,201.2564298205307,2290000
2024-09-10,203.77117919921875,205.47376249408146,202.26430646032722,204.45612135326036,2150600
2024-09-11,203.17428588867188,203.8690224880273,199.72020679370112,203.14493229312626,1372700
2024-09-12,203.38955688476562,203.81030171077373,200.71827515816574,202.7828959986634,1583000
2024-09-13,204.31268310546875,204.94118582388688,202.88873327300274,203.63507556840966,1397100
2024-09-16,204.57781982421875,207.2489449129138,204.40104548900982,204.8134989582499,946600
2024-09-17,199.47122192382812,204.5188882471233,199.39265721636338,204.05732995619653,1935900
2024-09-18,198.25350952148438,200.6103908435567,196.6920602863083,200.3354218554711,1507500
2024-09-19,200.9639434814453,201.10142798844618,198.14550359558365,199.47124384494478,1300400
2024-09-20,200.4336395263672,201.28800641756473,198.80345547113043,199.78549189216173,2240700
2024-09-23,203.37974548339844,203.50740002647052,200.2175870603055,200.73806515621646,1482500
2024-09-24,203.7921905517578,204.43050819479288,202.41733065068007,202.80032423343823,1269700
2024-09-25,203.95913696289062,204.8822535522234,203.16368989730816,204.31267065700348,1272200
2024-09-26,201.65135192871094,205.2456087695162,201.52369738557022,203.3109958517176,1628900
2024-09-27,201.81829833984375,203.37974762873387,201.3174651624633,201.3174651624633,1489900
2024-09-30,203.87075805664062,204.07697730458634,201.6317163136857,201.6317163136857,1530400
2024-10-01,204.19482421875,204.32249374757487,202.14237171133877,203.73328089042428,951900
2024-10-02,203.59579467773438,205.20633378255076,202.46644382116986,204.75459044298768,909300
2024-10-03,205.33399963378906,205.48131409346416,202.50574482121112,203.66454065028177,1019900
2024-10-04,204.35194396972656,205.3929001209779,203.32080278765628,204.45015360028023,985000
2024-10-07,201.7200927734375,203.01637297961813,200.85589597952662,201.8673922339061,2007400
2024-10-08,204.9313507080078,205.2161496581402,202.45662974545021,202.98692281323073,1172900
2024-10-09,208.41758728027344,208.74166110023802,204.56800627399792,205.2652587323496,1263700
2024-10-10,207.44537353515625,209.73352013433998,207.1212997265488,208.78094363213557,893500
2024-10-11,208.00514221191406,208.53545029688087,206.98383087687355,208.10335185274118,956400
2024-10-14,209.6647491455078,210.40127636733044,207.9952904396468,208.53541339925366,982100
2024-10-15,209.94956970214844,212.12969185782416,209.59603597461486,210.68609705245274,1180400
2024-10-16,209.31121826171875,210.35217435151444,208.7023605453518,209.38978296458623,718600
2024-10-17,209.25230407714844,210.63697890593664,208.32918752462297,210.2834452259202,847100
2024-10-18,208.92823791503906,209.66476519323544,208.19171063684269,209.55674059304587,816100
2024-10-21,208.01495361328125,209.10499961192613,206.59098887173243,208.74165094571117,1033000
2024-10-22,207.2587890625,207.8480019226207,205.72681464762493,206.8070457168562,896300
2024-10-23,207.99530029296875,208.5648831696565,206.04104257733422,206.51241582591925,1240000
2024-10-24,205.1572265625,207.150759242531,204.7054832282279,207.150759242531,1113000
2024-10-25,203.0851287841797,206.0115930354984,202.75124000735318,205.4616550537404,1069900
2024-10-28,204.51890563964844,205.11794847341037,203.28154510739512,204.2635815571893,2127200
2024-10-29,215.1739959716797,215.93016819457756,208.3488459959665,209.5469316014513,3231300
2024-10-30,210.9610595703125,214.9284799000829,210.64680074019543,213.60272481064092,1720700
2024-10-31,211.97256469726562,212.80728665339788,210.35219563297406,210.47005019154116,1785500
2024-11-01,210.14598083496094,213.42597891147682,209.93974659161,213.01352540946166,1267600
2024-11-04,210.3914794921875,212.84657044273013,208.66308587280648,211.80559929256384,1112800
2024-11-05,212.00201416015625,212.39482271022317,209.51746336850312,210.59769437352998,950000
2024-11-06,214.5552978515625,216.3426112037046,212.5323053652904,215.9596176260578,2905700
2024-11-07,216.4801025390625,216.92201591421605,213.56345328448882,215.07578272015968,1370000
2024-11-08,220.093994140625,222.29376108078415,216.4801073653846,217.90405715470828,1854100
2024-11-11,219.6029815673828,222.43125127941283,219.3673024145048,221.56705442636218,1084800
2024-11-12,220.7421417236328,222.36249579658795,219.7895652128429,220.95819093131834,2002200
2024-11-13,221.62596130371094,222.76512709188142,220.2118415147625,221.0367484711539,1087000
2024-11-14,217.73712158203125,221.49832296105183,217.58982210929278,220.62431112520073,1215800
2024-11-15,213.98570251464844,217.55049905773257,213.34738491728532,215.56678154771512,1796500
2024-11-18,214.3883819580078,215.52754787329414,213.18048128102856,213.4063454761446,986700
2024-11-19,215.11508178710938,215.76322942361458,212.11986769539905,213.1019041199148,1370700
2024-11-20,214.8499298095703,216.42119409768284,213.08226123161538,216.09712027633387,1059000
2024-11-21,217.55052185058594,218.2772341789263,213.4947067354671,214.96776133111575,1651800
2024-11-22,220.3787841796875,220.64392320915994,217.83531359165795,218.76824514110552,1624600
2024-11-25,221.5965118408203,222.882992136193,220.46717595341906,220.78143479998886,2930500
2024-11-26,223.3641815185547,224.42478265405157,221.8223921257629,222.89280823100717,1211000
2024-11-27,224.35604858398438,226.2513716944167,224.21856408366642,225.03364113111002,1366000
2024-11-29,224.12034606933594,226.13352366527698,223.95340168123943,225.08273753558663,1254600
2024-12-02,221.07603454589844,224.29711281158012,220.70287089509097,224.2480229782249,1397400
2024-12-03,220.968017578125,221.9500540341608,220.46718438003413,221.21352669213394,1944900
2024-12-04,221.2429656982422,221.77327372585694,220.17254965855213,220.3689539342782,1848900
2024-12-05,220.02525329589844,220.4377067761363,219.17087145819733,220.22165757438992,1185000
2024-12-06,218.93154907226562,221.86784266644256,218.59653883726227,221.04016501466378,1787800
2024-12-09,214.28074645996094,219.57198918648987,213.64028489491162,217.90677107534373,1652600
2024-12-10,212.9111328125,215.2463713393629,212.71406887114287,215.2463713393629,2098300
2024-12-11,211.3740234375,213.75853182596558,210.36897774152996,213.42352160564747,1676500
2024-12-12,211.30503845214844,212.90129100360556,210.861640812583,211.9159562334533,1425900
2024-12-13,210.07337951660156,211.59080355106212,209.09790767232158,211.20652357467569,1344400
2024-12-16,208.5362548828125,211.6597643708283,208.3687497722898,210.72369932495866,1480900
2024-12-17,205.93496704101562,208.82199070186456,205.01861292122902,208.20124002024042,3161600
2024-12-18,202.4173126220703,206.27983811384078,202.13157215694704,205.9349649336778,1945800
2024-12-19,202.51585388183594,204.83139660313006,201.55023001796272,202.00347559212108,2454300
2024-12-20,202.8114471435547,204.25989038419704,201.4516804192746,203.36323218093946,3685700
2024-12-23,200.8112335205078,202.72278542167558,199.03762788875338,202.19069621464138,1710100
2024-12-24,202.36805725097656,202.4370228657747,199.4613076891377,200.28900031182195,711500
2024-12-26,202.0133514404297,202.94941652370588,201.1068451993084,201.2546394100828,736700
2024-12-27,201.0279998779297,202.781894529894,200.03280215815306,200.99844103823486,878700
2024-12-30,199.30368041992188,200.101799227204,198.31834558919996,199.24456273568117,1209700
2024-12-31,198.8306884765625,199.5598415890938,197.91433439481403,199.50072391091837,1549000
2025-01-02,197.59902954101562,200.04267061290042,196.7615040016731,199.89486137535843,1818300
2025-01-03,198.6927490234375,199.54013752135288,197.41182585904372,197.55962005954598,1123500
2025-01-06,198.8011474609375,199.05734413601994,197.24431664434363,198.07200931805033,1335600
2025-01-07,200.40724182128906,200.84079153337657,199.06718590893482,199.23469101860212,2016800
2025-01-08,203.55044555664062,203.90516665252702,200.75209859743384,201.1659373701322,2005000
2025-01-10,204.21063232421875,206.60498861307042,203.22529754822733,203.9642986302209,2564700
2025-01-13,204.4865264892578,204.51608532997201,201.9936306889226,203.62929003851468,1459200
2025-01-14,204.13180541992188,204.67374255818567,202.09217023502177,203.77708429624155,1350000
2025-01-15,204.9496307373047,205.91525459539733,203.54060924279307,205.51127876911332,1655400
2025-01-16,207.9154815673828,208.26035474618203,204.66388889877416,204.76241335342021,1589300
2025-01-17,208.605224609375,210.1226334949401,207.7184143215644,208.7037490624551,1663700
2025-01-21,209.8073272705078,210.54632835473967,208.40815368856406,209.72851371900344,1864100
2025-01-22,208.3391876220703,209.73836120099077,206.65425853825562,209.31465942873862,2149300
2025-01-23,207.0188446044922,209.08803863460142,206.49661837058255,208.56581240069178,1296200
2025-01-24,206.358642578125,207.432668846337,205.86597521959249,207.077947746793,1185100
2025-01-27,210.4970703125,210.84192845867452,207.452374467038,208.4278612953917,1593200
2025-01-28,210.51675415039062,211.08825008468995,209.44274292809345,210.82222053899287,2430900
2025-01-29,206.47689819335938,210.77295826988532,206.35864780050903,209.82703030215754,2159000
2025-01-30,219.16799926757812,219.46360269694011,211.57107683255984,212.3297887930855,3163300
2025-01-31,217.02984619140625,219.18773189407958,216.4485022448916,218.35020630207114,1947600
2025-02-03,220.43910217285156,222.57727687993614,215.30550126076142,215.69964420090204,2118100
2025-02-04,218.88226318359375,220.8135259303527,218.4388655481945,218.8625522785716,2213800
2025-02-05,221.47369384765625,221.82841495566194,219.7296471470437,220.32085400539148,1394700
2025-02-06,221.62149047851562,222.35064360714992,220.2420278405752,221.3357500160191,1151200
2025-02-07,221.6116485595703,222.87287587278658,220.61645081124033,221.5820897190274,1308400
2025-02-10,222.7743377685547,222.8433184202615,220.3011528726276,221.46384070126575,1077800
2025-02-11,223.42465209960938,223.56259836168815,221.7692969546642,222.77432756337453,1297800
2025-02-12,224.0651092529297,225.06030694226786,222.19297929944577,222.4196020751799,1503500
2025-02-13,224.26220703125,225.10959556268062,221.9072574550091,223.98631448939034,1146500
2025-02-14,224.39028930664062,227.00143554197666,224.2424951009681,224.78443224679376,1206900
2025-02-18,225.00120544433594,226.2328739325685,220.6952821856641,220.6952821856641,1692900
2025-02-19,225.16871643066406,225.8485998595136,223.82866047909553,225.64167293268352,1256200
2025-02-20,225.7598876953125,226.16387854152887,223.02065835879753,224.90265129457296,1189700
2025-02-21,224.6858673095703,225.1391278806652,223.1783064423634,225.1391278806652,1709100
2025-02-24,226.3116912841797,227.24777137896336,223.12906406696314,223.30643215045436,1670300
2025-02-25,227.36599731445312,229.03121547503468,226.5777264944422,227.09010478270162,1931600
2025-02-26,225.33621215820312,227.56306333766923,224.4001471287159,225.60225675732576,1065400
2025-02-27,226.24270629882812,227.52364444544457,224.18336033662226,224.7647042146587,1209800
2025-02-28,229.3662109375,229.62239254764796,226.33137824837632,226.6269816662482,2399500
2025-03-03,230.3515625,232.35179089047742,228.8538494321742,230.16434648714485,1920100
2025-03-04,226.5875701904297,231.91821939584577,226.16386845877108,230.87376703805646,2205300
2025-03-05,227.0112762451172,227.67144873444877,224.3508753826572,224.76471418037184,1620700
2025-03-06,222.646240234375,226.57771614984705,220.6657078222058,225.67121001047715,1800600
2025-03-07,226.18360900878906,226.52846717183792,220.85294406965264,220.88250291119923,1906100
2025-03-10,224.42970275878906,228.83415034396708,222.97139648706406,224.6070557989902,2270400
2025-03-11,220.9219207763672,224.86325995233545,220.3504247916499,224.65633303019015,1797900
2025-03-12,219.59170532226562,222.06489015846822,219.41433724717106,221.70032110829501,1264200
2025-03-13,219.92672729492188,220.7839788062,217.9264988269664,218.9512554522833,1612600
2025-03-14,222.38436889648438,222.64150095270745,218.66577064340555,219.94156154458256,1219300
2025-03-17,225.67770385742188,226.19198304997838,221.78107957653333,222.40414830807688,1915900
2025-03-18,223.38323974609375,225.83594661601003,222.36458091921202,224.83705673024434,1306100
2025-03-19,224.85682678222656,225.5095639775475,222.52280915809214,223.38322585778278,1238700
2025-03-20,224.4019012451172,225.95462331651652,222.69095218893165,224.57992735284466,1008900
2025-03-21,222.43382263183594,223.90740859119614,221.40526421980422,223.66016100437247,2536500
2025-03-24,223.74917602539062,224.7876037915205,222.18656950473363,223.4524759104415,1519100
2025-03-25,224.57005310058594,225.06454829118135,222.61184128045525,224.38214251363237,1622500
2025-03-26,226.4095458984375,227.0128305950961,225.094202057475,226.11286087614195,1268200
2025-03-27,226.49856567382812,228.92158892214636,225.28209672365324,227.43810345287463,1354100
2025-03-28,225.41067504882812,227.7743613427689,225.18321149749687,226.1326337670156,1265700
2025-03-31,228.96115112304688,229.92047297243852,225.8853905224891,226.04363260071344,1914300
2025-04-01,231.21603393554688,231.48306554005043,228.14027352101732,228.6446682285012,1669600
2025-04-02,231.97756958007812,232.2940537295186,227.94248721948122,230.36551051180479,1411300
2025-04-03,234.2225799560547,236.6851712924753,230.53365027748936,231.3841825587162,2216100
2025-04-04,222.7206268310547,233.8665524525726,222.58216878380333,232.4918564510072,4183200
2025-04-07,218.1317138671875,224.253566679719,212.64281428862074,216.7273493509156,2931100
2025-04-08,214.08673095703125,223.30411268466847,211.30767063493505,223.30411268466847,2324700
2025-04-09,221.94921875,223.8184099601998,211.14944563653498,211.64394082537933,3277800
2025-04-10,223.9568634033203,225.80628563330205,218.29983735202552,220.15914405289445,2377300
2025-04-11,226.8546142578125,227.86337356253895,221.1876886133537,221.7217518601339,1920900
2025-04-14,229.74244689941406,230.5830795896602,227.42821324749767,228.72378811013135,1316800
2025-04-15,228.93145751953125,231.3149276300263,228.55565148844605,230.81054803813132,1323800
2025-04-16,227.04251098632812,230.56331404866725,225.9447311469319,230.05891933628865,1795200
2025-04-17,228.3677520751953,229.99958002159,226.76557753951943,227.32930924985584,1372300
2025-04-21,225.0645294189453,228.6842224415786,221.82062735711688,228.2391798255198,1447500
2025-04-22,227.42820739746094,229.34683583038517,225.08429021366817,225.73702740868862,1868900
2025-04-23,226.1128692626953,228.45677157053333,224.00631498149698,227.91282385815873,1797200
2025-04-24,224.96563720703125,227.1216289368504,222.84919845145305,227.1216289368504,1869900
2025-04-25,225.79638671875,227.14141421223007,222.522831041073,226.94361915835262,2115700
2025-04-28,226.5579071044922,226.88427572500382,223.97664173389563,226.69636514736425,2357000
2025-04-29,226.28099060058594,227.39853941213278,218.2701628884915,221.53383399678165,2250100
2025-04-30,230.79078674316406,231.28528191401494,224.36234952210236,226.4787882497124,1955000
2025-05-01,230.83033752441406,232.01713799581978,227.13152333969015,229.45564156613747,1546700
2025-05-02,231.36441040039062,233.39184368430597,229.94026184796627,233.2336016027487,1227900
2025-05-05,232.2050323486328,233.0456801633071,229.4952085094515,231.26549455568758,1031500
2025-05-06,231.49298095703125,233.14459304839352,230.10838539766738,230.10838539766738,1231700
2025-05-07,232.9171142578125,233.698425093081,231.05782264269823,231.0775915845262,1663700
2025-05-08,230.56332397460938,234.76653294114567,230.2765083236946,233.7775425960783,1845600
2025-05-09,230.1875,231.39406941349344,228.69413002989344,229.95013688739976,1484200
2025-05-12,223.0865478515625,229.53475370279315,219.5756292898547,229.45563266838124,2976300
2025-05-13,219.9316864013672,222.9382105284817,219.2196121176935,222.522836378138,2787500
2025-05-14,220.02069091796875,220.73276519841846,217.34052034977663,220.73276519841846,2175900
2025-05-15,225.50958251953125,225.64804056409338,221.25692102113075,221.75141619325186,1762600
2025-05-16,227.33920288085938,227.3787709450007,224.85684257920926,225.51946429102514,1639100
2025-05-19,229.39630126953125,229.66333288084584,226.88427250145875,226.88427250145875,1203700
2025-05-20,231.31494140625,231.73031552268867,229.6534449404953,229.6534449404953,1901900
2025-05-21,231.53253173828125,232.86767474880705,230.79078897483248,231.5127477058333,1864400
2025-05-22,230.75123596191406,232.24460595938675,229.15896089301347,230.92924698153016,1755200
2025-05-23,234.20278930664062,234.72695295564253,230.44462316808804,233.40170958234697,1503100
2025-05-27,235.40936279296875,235.5676048647029,233.89620882264816,234.20279340488645,1791400
2025-05-28,234.53904724121094,235.72584769222755,234.1929096853266,235.2709055072319,1855800
2025-05-29,235.142333984375,235.36981262425059,232.62042073099502,233.3028113782376,1257400
2025-05-30,238.31700134277344,239.01917602715764,234.94454069121926,235.73573597442535,2440000
2025-06-02,239.43455505371094,239.43455505371094,235.87418397624242,236.44780015487868,1774900
2025-06-03,237.54559326171875,239.90927958145923,236.28957129877196,238.48513107084162,1764400
2025-06-04,236.25990295410156,237.80272547804003,235.97310239395202,237.3576828408724,1193600
2025-06-05,236.0126495361328,236.6851708014446,234.85553267177036,236.2598971163161,1040600
2025-06-06,234.5388946533203,237.2978242677667,234.28087060314988,236.1863174139308,1181900
2025-06-09,232.21664428710938,234.24117689172027,228.75308881405388,234.24117689172027,1306800
2025-06-10,232.21664428710938,233.24875568211485,230.93641244655666,232.29603980105531,1321500
2025-06-11,232.5143585205078,233.119736064054,229.5867189809894,232.1868728473275,1408600
2025-06-12,235.35267639160156,235.35267639160156,232.5838279669519,233.04034837198301,1086100
2025-06-13,234.70761108398438,237.78412282564156,234.09231479291117,235.15419759018738,1414100
2025-06-16,232.88156127929688,236.116848923829,232.50443637934777,234.98548936712731,1024500
2025-06-17,232.5242919921875,233.4869417751059,231.10512179074402,232.5242919921875,872500
2025-06-18,231.4524688720703,233.2189773614844,230.82723868269895,233.2189773614844,1076400
2025-06-20,230.1821746826172,233.1296668469504,229.38823469698292,231.7303493258739,2583500
2025-06-23,232.93118286132812,233.06018731796553,229.97375682865209,230.1424666128283,1605700
2025-06-24,232.36549377441406,233.90374962737567,230.4699656920107,233.22889535258773,1576700
2025-06-25,226.84764099121094,232.50443883445155,225.98423938815327,232.22656210833767,2167000
2025-06-26,225.00173950195312,228.12786027785933,224.3268852000404,228.12786027785933,2111200
2025-06-27,226.53005981445312,227.7408149014174,224.73377984827633,225.2994672063652,2896000
2025-06-30,227.08583068847656,227.54233596923206,225.23992661469387,226.62931026457503,1752300
2025-07-01,227.06597900390625,228.46529656363344,225.19030349689928,226.78810227273087,1573800
2025-07-02,221.6969757080078,227.0163540524042,220.46636794379774,225.8552230422973,2283300
2025-07-03,225.3788604736328,225.5872604453754,221.37940425092336,222.80847805802387,1526000
2025-07-07,225.20022583007812,226.06362746255928,223.61236093290754,225.32924543700844,1516500
2025-07-08,223.16575622558594,225.11090849136266,222.7290884632802,224.08871584012243,2119900
2025-07-09,224.03909301757812,224.94219997262425,221.51834975247988,222.84819056837307,1860700
2025-07-10,223.93983459472656,225.35900476533925,222.45120281551993,224.10855952233806,1596400
2025-07-11,224.29710388183594,224.78339570818952,222.25271868814374,223.73143168760188,1696900
2025-07-14,227.5621795654297,227.76066077276815,223.61234750975606,223.61234750975606,1796600
2025-07-15,224.12840270996094,227.39347697507128,224.04900719588497,227.2644573718046,1188900
2025-07-16,224.14825439453125,224.19787848350506,221.6969728020544,223.60241970211106,1276500
2025-07-17,223.98947143554688,224.44599187014634,221.70689954884224,223.85053306730293,1403300
2025-07-18,225.59719848632812,226.619391129153,224.10856665971178,224.10856665971178,1996400
2025-07-21,223.59249877929688,225.94453217108048,223.49325060230905,224.52537712765792,1176900
2025-07-22,225.36892700195312,226.4705151412837,223.35431317446998,223.96960947355967,1130400
2025-07-23,226.39112854003906,226.6888579408223,224.08871913648483,225.0017448605793,1278100
2025-07-24,228.8622589111328,228.9317205223279,225.45824624077497,225.45824624077497,1558900
2025-07-25,227.9293670654297,229.92412815482152,227.20490385532398,229.0706604906515,1126300
2025-07-28,226.1727752685547,228.2171755690123,225.47808348837253,227.26444459680172,1722800
2025-07-29,233.7747344970703,238.56813069072712,227.78051713646533,227.78051713646533,3653600
2025-07-30,230.74783325195312,235.20380961131136,230.5394332932181,233.21896733611044,2138700
2025-07-31,227.42324829101562,231.43262331948242,226.85756093217512,230.708160075712,1798400
2025-08-01,227.14537048339844,230.2020296151678,226.07355376370174,229.1103602312695,1389500
2025-08-04,228.79278564453125,229.1004489486873,226.27204236190494,226.27204236190494,1408800
2025-08-05,228.03854370117188,229.75542814896133,227.73089554994817,228.05839636538994,1383300
2025-08-06,229.84475708007812,230.93641131942854,227.23468446574807,228.4950636358763,1069200
2025-08-07,231.4524688720703,231.521930480253,229.4477738478611,229.8844415900795,1045300
2025-08-08,233.30828857421875,233.66556080015422,231.01579810077675,231.60132295509882,1088500
2025-08-11,235.30307006835938,235.47177985338303,233.35791787411526,234.22131946310267,1705200
2025-08-12,231.21429443359375,235.43208467036564,230.559307929145,235.43208467036564,1137700
2025-08-13,228.15762329101562,231.96853213211313,227.29422170997137,230.9860297120954,2095900
2025-08-14,224.43605041503906,228.33627364183457,220.77402887314244,228.32635488127457,3253000
2025-08-15,225.09104919433594,225.86513651628866,223.48333170153347,224.09862799766367,3371200
2025-08-18,222.50082397460938,225.92467399308634,222.17332317031745,225.7063401235584,3443800
2025-08-19,226.75831604003906,227.4827792459281,222.75885998127455,222.75885998127455,1530400
2025-08-20,228.28663635253906,230.8173133184292,227.84004986282787,228.50497021740145,1868300
2025-08-21,227.86984252929688,228.52484418494706,227.02627841430981,228.52484418494706,958900
2025-08-22,225.29945373535156,229.64624807544266,225.06126720779582,227.92936372585353,1331600
2025-08-25,222.342041015625,226.25218300223892,221.8557643147972,225.6666581232464,1101700
2025-08-26,223.54287719726562,223.87037801322268,221.97484987077988,222.7787086266991,1466800
2025-08-27,224.1184844970703,224.44598531475424,223.17568737272646,223.44363019734845,1026100
2025-08-28,222.87794494628906,223.9894517947769,221.62749974174025,223.9894517947769,1000900
2025-08-29,224.67422485351562,225.10097382494067,222.94740659090922,222.94740659090922,1527600
2025-09-02,224.01922607421875,225.13074808002347,222.03438373767244,224.70399910323047,2548900
2025-09-03,222.70924377441406,224.55514780093446,221.2503834078183,223.28484988409735,1636400
2025-09-04,223.24514770507812,224.52537954352601,222.41151752473513,222.8779567039345,1517300
2025-09-05,218.39219665527344,223.14590246154785,217.00281309738355,222.8382391836661,2113100
2025-09-08,217.38986206054688,218.93803667525964,216.21879719611965,218.3425779112261,1509200
2025-09-09,217.4990234375,217.70742339938414,215.45463828605352,217.0822083705867,1520200
2025-09-10,216.0401611328125,217.68758386523538,215.1866783437502,216.70508148172283,1183400
2025-09-11,218.82887268066406,219.1166681631557,213.81714263599252,215.9310046192586,1840900
2025-09-12,217.31971740722656,219.82004417548293,216.7220223454838,218.9135455718459,1087200
2025-09-15,215.2975311279297,218.23616549355532,215.17798299914722,217.76797458919958,1299500
2025-09-16,213.0561981201172,215.69598497132765,212.8868547372109,215.30748775171523,2126500
2025-09-17,214.829345703125,216.3135969398835,213.17573587960626,213.67381002885767,1375500
2025-09-18,215.0883331298828,216.12433584507852,213.43472334986959,214.03241839325298,1142500
2025-09-19,215.5664825439453,216.83159512043247,215.1680293104141,216.1143671400631,2837700
2025-09-22,216.1542205810547,216.66225073145355,214.8392975564697,215.6959856846039,1423900
2025-09-23,217.38943481445312,217.51893895481436,214.3711067430811,215.58640886026905,1480300
2025-09-24,218.57485961914062,219.52119747044608,216.06456163040087,217.0806371591793,1557900
2025-09-25,216.3235626220703,220.76637540783392,216.30363540060486,219.61085496311622,1900900
2025-09-26,217.84767150878906,219.83996808455188,216.72201907947775,217.3097429213238,1413700
2025-09-29,218.58480834960938,218.9633495575299,216.75189917444447,218.01701173774495,1073300
2025-09-30,219.97943115234375,220.72654237815664,217.95725131714494,218.0070617722025,1814700
2025-10-01,219.0231170654297,220.397806553361,217.33962404325675,219.53116241532592,1582900
2025-10-02,216.07452392578125,218.2062806060312,215.74579317415186,218.1365429314358,1810400
2025-10-03,218.91354370117188,220.1587290691482,215.20787083007306,215.6661057334957,1176600
2025-10-06,216.8515167236328,219.15261676769097,216.1840992147513,218.42543279532998,1116700
2025-10-07,216.72201538085938,217.41931613047277,215.3174426709133,216.8017090665318,1062100
2025-10-08,219.1326904296875,219.72042945630915,216.24386654974987,216.74194068077472,1268900
2025-10-09,216.692138671875,219.11278694699365,215.61629668293526,218.57485835251538,1318500
2025-10-10,218.405517578125,219.39170987978832,215.60634325120168,217.01091602023268,1566600
2025-10-13,216.2538299560547,217.9472790194504,215.68603333127666,216.63237117258453,1177600
2025-10-14,217.2698974609375,218.35569541565565,215.96494567315492,216.62240717234826,1379300
2025-10-15,212.86692810058594,216.93121490155372,212.17958335630235,216.76187151818212,1709600
2025-10-16,212.4684600830078,213.31519220153174,210.8945591756607,212.6776579099429,1195200
2025-10-17,214.6500244140625,215.28755869722968,212.81711524995893,213.30523337301514,1152500
2025-10-20,214.57032775878906,215.4568990965476,213.3849241049448,215.01860663294983,941200
2025-10-21,214.0623016357422,215.58640727642535,213.77342532477,214.32129471454542,1036200
2025-10-22,215.6262664794922,218.2461261575786,213.85310853156273,214.6201469742044,1469900
2025-10-23,215.27760314941406,217.04078984259556,213.18568570326545,217.04078984259556,1498100
2025-10-24,213.83319091796875,216.41321128482184,213.44469370133842,216.2139846711682,1850400
2025-10-27,212.94662475585938,214.45080320561405,212.14970308181066,214.45080320561405,2753000
2025-10-28,203.443359375,207.9957643197064,196.49024862270804,198.21358089454768,3979400
2025-10-29,196.7691650390625,203.00504768914797,196.26113489728772,203.00504768914797,3665300
2025-10-30,199.79747009277344,200.64418702041388,196.67952107683175,197.23736168798703,2693100
2025-10-31,199.00054931640625,200.2258074642875,197.9844737986425,199.3292800780362,2420900
2025-11-03,196.01210021972656,198.5821645918121,193.362342161683,198.2335066157477,2259700
2025-11-04,199.9070281982422,200.02657632705436,196.69944474209638,198.14385669843884,2506800
2025-11-05,199.767578125,201.42118799016575,199.49862902164267,199.54843947782567,2054000
2025-11-06,198.8511199951172,200.89322706257875,197.85497168904,199.399004603463,1811100
2025-11-07,201.1422576904297,201.5207988986083,199.09019467770307,200.02657648739768,1668200
2025-11-10,199.69784545898438,200.38519019920096,196.70940064066266,199.77753914480823,2175300
2025-11-11,202.487060546875,202.92536821215342,200.24572696762345,200.86333402323427,1510300
2025-11-12,203.01502990722656,205.12685947383207,202.56676620488332,203.1744172858428,1666400
2025-11-13,203.72227478027344,206.64099708034647,202.77593697513626,203.21424464067755,2631600
2025-11-14,208.3643341064453,210.10759359814242,204.12074790152002,205.31612279868045,3446100
2025-11-17,207.16896057128906,208.8325263874435,206.69081364928468,208.2647297675664,1876800
2025-11-18,210.4861297607422,210.804889298999,206.70076334383972,207.95590467575315,2459600
2025-11-19,214.829345703125,216.233918452018,210.78498604320617,211.06390635078563,4459000
2025-11-20,215.96495056152344,216.83159470279364,213.1757323321278,213.1757323321278,2880300
2025-11-21,215.78564453125,217.54883131624382,213.79334788832455,216.04465282284124,2475100
2025-11-24,211.0240478515625,215.36725495757162,210.89455891125695,215.36725495757162,2599200
2025-11-25,215.3971405029297,215.81552096075146,211.6715556261287,212.67765992707987,1632100
2025-11-26,216.51283264160156,217.28982707647694,214.99868301465784,215.9749040636009,1811300
2025-11-28,217.03082275390625,217.47910164374954,215.16803031839584,215.8155206259214,779700
2025-12-01,215.09829711914062,218.63462665696173,214.60022296451842,217.10056494873277,2809900
2025-12-02,213.71365356445312,215.9350752587357,212.68762201239244,215.31745296524983,1886400
2025-12-03,215.31744384765625,216.68217732223275,213.7933382008802,214.1320401668432,1615500
2025-12-04,213.36500549316406,215.88525946062012,212.43857967586868,215.4668790012023,2403100
2025-12-05,213.5800018310547,215.38999938964844,212.91000366210938,213.07000732421875,1277300
2025-12-08,210.22999572753906,213.25,210.0,212.82000732421875,1709900
2025-12-09,209.30999755859375,212.25,209.05999755859375,210.80999755859375,1808400
2025-12-10,209.14999389648438,209.97000122070312,207.74000549316406,208.47999572753906,2474900
2025-12-11,212.0500030517578,213.27000427246094,209.91000366210938,210.27000427246094,2512300
2025-12-12,215.61000061035156,216.7899932861328,212.66000366210938,213.47000122070312,2572700
2025-12-15,218.32000732421875,218.61000061035156,214.5399932861328,215.22000122070312,2013300
2025-12-16,218.89999389648438,220.58999633789062,218.39999389648438,219.94000244140625,1591500
2025-12-17,219.77000427246094,220.57000732421875,217.82000732421875,218.0,1628700
2025-12-18,218.32000732421875,220.52999877929688,217.9199981689453,218.5500030517578,1476800
2025-12-19,216.33999633789062,218.42999267578125,216.27999877929688,218.30999755859375,4209800
2025-12-22,219.66000366210938,219.8000030517578,214.0,215.4600067138672,1575500
2025-12-23,220.33999633789062,220.5399932861328,219.0500030517578,219.6199951171875,915200
2025-12-24,221.36000061035156,221.82000732421875,220.63999938964844,221.11000061035156,460900
2025-12-26,221.10000610351562,222.1699981689453,220.1199951171875,221.2899932861328,503300
2025-12-29,222.2899932861328,223.0,221.27999877929688,221.38999938964844,1187500
2025-12-30,222.1199951171875,222.8000030517578,221.08999633789062,221.42999267578125,995200
2025-12-31,219.7100067138672,222.5,219.55999755859375,222.0800018310547,1035600
2026-01-02,218.39999389648438,219.3800048828125,217.07000732421875,219.33999633789062,1827700
2026-01-05,219.44000244140625,219.69000244140625,215.07000732421875,217.80999755859375,2180300
2026-01-06,219.0800018310547,220.89999389648438,216.50999450683594,218.5800018310547,1818700
2026-01-07,215.97000122070312,220.3300018310547,215.89999389648438,219.9499969482422,1804000
2026-01-08,217.86000061035156,219.1699981689453,215.10000610351562,215.10000610351562,1800300
2026-01-09,220.91000366210938,222.27000427246094,218.92999267578125,219.60000610351562,1992300
2026-01-12,218.57000732421875,221.44000244140625,218.30999755859375,221.44000244140625,2019100
2026-01-13,216.17999267578125,218.77999877929688,214.83999633789062,218.3300018310547,1765100
2026-01-14,218.7899932861328,218.8000030517578,215.4499969482422,215.4499969482422,1839500
2026-01-15,219.86000061035156,219.94000244140625,216.0399932861328,218.4600067138672,1650200
2026-01-16,221.22999572753906,221.4199981689453,218.74000549316406,219.0,1885500
2026-01-20,221.3000030517578,222.39999389648438,218.4499969482422,221.17999267578125,1900300
2026-01-21,226.49000549316406,226.57000732421875,221.05999755859375,221.5,3847400
2026-01-22,229.0,229.61000061035156,226.4199981689453,226.47999572753906,2766000
2026-01-23,229.22999572753906,229.8699951171875,227.49000549316406,229.08999633789062,1659300
2026-01-26,230.25,231.16000366210938,228.14999389648438,229.4499969482422,2106000
2026-01-27,231.33999633789062,231.4499969482422,228.0399932861328,229.27999877929688,2310000
2026-01-28,231.60000610351562,232.72000122070312,228.5,229.8800048828125,3086700
2026-01-29,223.1300048828125,231.97999572753906,220.83999633789062,228.6199951171875,4107000
2026-01-30,222.24000549316406,222.8699951171875,218.1300048828125,222.6999969482422,2878000
2026-02-02,223.16000366210938,223.27999877929688,220.66000366210938,222.77999877929688,2157700
2026-02-03,225.08999633789062,227.07000732421875,221.22999572753906,221.6699981689453,2683600
2026-02-04,226.42999267578125,229.77000427246094,223.5800018310547,225.5,2357500
2026-02-05,226.60000610351562,229.75999450683594,225.58999633789062,228.27000427246094,2178900
2026-02-06,226.7899932861328,230.1199951171875,225.5800018310547,227.13999938964844,2239300
2026-02-09,230.5,230.69000244140625,225.36000061035156,226.0,2276400
2026-02-10,231.72000122070312,233.5,229.0,229.44000244140625,2042100
2026-02-11,234.66000366210938,236.10000610351562,231.22000122070312,231.4199981689453,1946800
2026-02-12,231.00999450683594,236.4499969482422,230.2899932861328,234.97999572753906,2803900
2026-02-13,234.52000427246094,236.50999450683594,230.11000061035156,231.02999877929688,3085100
2026-02-17,235.22000122070312,238.55999755859375,232.92999267578125,233.47999572753906,3053500
2026-02-18,234.05999755859375,235.24000549316406,231.1300048828125,235.22000122070312,1694300
2026-02-19,233.4199981689453,238.4600067138672,233.02000427246094,235.5,2343300
2026-02-20,230.30999755859375,234.0500030517578,229.72000122070312,233.67999267578125,2389000
2026-02-23,230.55999755859375,231.8300018310547,229.39999389648438,229.52999877929688,2157100
2026-02-24,229.5800018310547,234.22999572753906,229.36000061035156,230.72999572753906,2641500
2026-02-25,228.10000610351562,229.88999938964844,227.07000732421875,229.22000122070312,2229900
2026-02-26,233.89999389648438,233.97999572753906,227.5500030517578,229.6699981689453,2455400
2026-02-27,240.83999633789062,241.22999572753906,235.19000244140625,235.88999938964844,2612800
2026-03-02,243.07000732421875,244.61000061035156,240.3300018310547,241.8300018310547,2501400
2026-03-03,243.44000244140625,244.8800048828125,238.22000122070312,242.52000427246094,2151800
2026-03-04,243.9499969482422,244.50999450683594,240.5,241.75999450683594,2412800
2026-03-05,246.08999633789062,246.4499969482422,240.5500030517578,242.6300048828125,3800100
2026-03-06,246.0500030517578,248.1300048828125,244.49000549316406,245.07000732421875,3527900
2026-03-09,246.50999450683594,247.97999572753906,242.74000549316406,243.3699951171875,2733393
